v -1.05385401 -9.80054634 0.00000000
v -1.05385401 -9.80054634 0.34200001
v -1.05385401 -9.81654709 0.34200001
v -1.05385401 -9.81654709 0.00000000
v -0.99685403 -9.96554630 0.34200001
v -0.99085399 -9.97554653 0.34200001
v -0.99085399 -9.97554653 0.00000000
v -0.99685403 -9.96554630 0.00000000
v -1.00385400 -9.95454663 0.34200001
v -1.00385400 -9.95454663 0.00000000
v -1.01185402 -9.94354695 0.00000000
v -1.01185402 -9.94354695 0.34200001
v -1.01885399 -9.93454712 0.34200001
v -1.03685399 -9.91654652 0.00000000
v -1.04585400 -9.90554684 0.34200001
v -1.03685399 -9.91654652 0.34200001
v -1.01885399 -9.93454712 0.00000000
v -1.02885404 -9.92654675 0.34200001
v -1.02885404 -9.92654675 0.00000000
v -1.05185404 -9.89454716 0.34200001
v -1.05185404 -9.89454716 0.00000000
v -1.05585399 -9.88154667 0.34200001
v -1.05885401 -9.86854714 0.34200001
v -1.05985400 -9.85654705 0.00000000
v -1.05985400 -9.85654705 0.34200001
v -1.05885401 -9.84354656 0.34200001
v -1.05885401 -9.84354656 0.00000000
v -0.86885395 -10.03654640 0.00000000
v -0.87485399 -10.03354710 0.34200001
v -0.86885395 -10.03654640 0.34200001
v -0.96085402 -10.03954666 0.00000000
v -0.96785399 -10.03754681 0.34200001
v -0.96085402 -10.03954666 0.34200001
v -0.98385402 -9.99654644 0.00000000
v -0.98685398 -9.98654717 0.34200001
v -0.98385402 -9.99654644 0.34200001
v -0.98385402 -10.00654667 0.34200001
v -0.94985398 -10.04054707 0.34200001
v -0.86585405 -10.03954666 0.34200001
v -0.88185396 -10.03154724 0.34200001
v -0.90185400 -10.03154724 0.00000000
v -0.90185400 -10.03154724 0.34200001
v -0.91285398 -10.03354710 0.34200001
v -0.96785399 -10.03754681 0.00000000
v -0.97485402 -10.03154724 0.00000000
v -0.97485402 -10.03154724 0.34200001
v -0.86185398 -10.05054634 0.34200001
v -0.86185398 -10.05054634 0.00000000
v -0.86485400 -10.04454678 0.34200001
v -0.86485400 -10.04454678 0.00000000
v -0.86585405 -10.03954666 0.00000000
v -0.93785402 -10.03954666 0.34200001
v -0.93785402 -10.03954666 0.00000000
v -1.10685399 6.38945324 0.00000000
v -1.10685399 6.38945324 0.34200001
v -1.06585404 6.34745342 0.34200001
v -1.06585404 6.34745342 0.00000000
v -1.14685401 6.42745334 0.00000000
v -1.14685401 6.42745334 0.34200001
v -1.18285402 6.45945341 0.00000000
v -1.18285402 6.45945341 0.34200001
v -1.21385398 6.48645336 0.00000000
v -1.21385398 6.48645336 0.34200001
v -1.23985400 6.50645334 0.00000000
v -1.23985400 6.50645334 0.34200001
v -1.25885400 6.51945335 0.00000000
v -1.25885400 6.51945335 0.34200001
v -1.26985403 6.52345306 0.00000000
v -1.26985403 6.52345306 0.34200001
v -1.30985400 6.55245334 0.00000000
v -1.30985400 6.55245334 0.34200001
v -1.38185402 6.62545330 0.34200001
v -1.38185402 6.62545330 0.00000000
v 7.46014640 -3.97954672 0.34200001
v 7.42514560 -4.00054663 0.34200001
v 7.42514560 -4.00054663 0.00000000
v 7.46014640 -3.97954672 0.00000000
v 7.49314639 -3.96054667 0.34200001
v 7.49314639 -3.96054667 0.00000000
v -1.04585400 -9.90554684 0.00000000
v 7.21614597 -3.44554680 0.00000000
v 7.15114639 -3.48654669 0.00000000
v 7.15114639 -3.48654669 0.34200001
v 7.08514640 -3.52754658 0.00000000
v 7.08514640 -3.52754658 0.34200001
v 7.01514575 -3.57054680 0.00000000
v 7.01514575 -3.57054680 0.34200001
v 6.93914554 -3.61654680 0.00000000
v 6.93914554 -3.61654680 0.34200001
v 6.85414646 -3.66754692 0.00000000
v 6.85414646 -3.66754692 0.34200001
v 6.76814601 -3.71954697 0.00000000
v 6.76814601 -3.71954697 0.34200001
v 6.68614623 -3.76854675 0.00000000
v 6.68614623 -3.76854675 0.34200001
v -1.05585399 -9.88154667 0.00000000
v 6.60814617 -3.81854695 0.00000000
v 6.53314636 -3.86654680 0.00000000
v 6.53314636 -3.86654680 0.34200001
v 6.60814617 -3.81854695 0.34200001
v -1.05885401 -9.86854714 0.00000000
v 6.38914630 -3.96454685 0.34200001
v 7.21514556 -4.15154665 0.00000000
v 7.21514556 -4.15154665 0.34200001
v 7.19114635 -4.16554659 0.34200001
v 7.19114635 -4.16554659 0.00000000
v -0.87485399 -10.03354710 0.00000000
v 7.24314639 -4.13454693 0.00000000
v 7.24314639 -4.13454693 0.34200001
v 7.27214572 -4.11454695 0.00000000
v 7.27214572 -4.11454695 0.34200001
v 7.30114601 -4.09254664 0.00000000
v 7.30114601 -4.09254664 0.34200001
v -0.92485401 -10.03654640 0.34200001
v -0.91285398 -10.03354710 0.00000000
v -0.92485401 -10.03654640 0.00000000
v -0.98685398 -9.98654717 0.00000000
v -0.98385402 -10.00654667 0.00000000
v -0.97985401 -10.02554672 0.34200001
v -0.98285403 -10.01654690 0.00000000
v -0.98285403 -10.01654690 0.34200001
v -0.97985401 -10.02554672 0.00000000
v -0.17785397 -2.29954665 0.00000000
v -0.19285395 -2.33454674 0.00000000
v -0.19285395 -2.33454674 0.34200001
v -0.88185396 -10.03154724 0.00000000
v -0.19685402 -2.34754675 0.00000000
v -1.47585400 -1.88054674 0.00000000
v -1.51785400 -1.84254687 0.00000000
v -1.51785400 -1.84254687 0.34200001
v -1.47585400 -1.88054674 0.34200001
v -1.55585402 -1.81354683 0.00000000
v -1.55585402 -1.81354683 0.34200001
v -1.58685401 -1.79654687 0.00000000
v -1.58685401 -1.79654687 0.34200001
v -1.59885400 -1.79254668 0.00000000
v -1.59885400 -1.79254668 0.34200001
v -1.61285400 -1.79054683 0.00000000
v -1.61285400 -1.79054683 0.34200001
v -1.62685400 -1.79054683 0.00000000
v -1.62685400 -1.79054683 0.34200001
v -1.85485401 -1.75754684 0.00000000
v -1.88185401 -1.73554676 0.00000000
v -1.88185401 -1.73554676 0.34200001
v -1.85485401 -1.75754684 0.34200001
v -1.79985401 -1.79954665 0.34200001
v -1.79985401 -1.79954665 0.00000000
v -1.82485401 -1.78154677 0.00000000
v -1.82485401 -1.78154677 0.34200001
v -1.64085401 -1.79154676 0.00000000
v -1.64085401 -1.79154676 0.34200001
v -1.65585401 -1.79354685 0.00000000
v -1.65585401 -1.79354685 0.34200001
v -1.74285401 -1.82454675 0.34200001
v -1.72585400 -1.82454675 0.34200001
v -1.74285401 -1.82454675 0.00000000
v -0.94985398 -10.04054707 0.00000000
v -1.66885401 -1.79854673 0.00000000
v -1.66885401 -1.79854673 0.34200001
v -1.72585400 -1.82454675 0.00000000
v -1.68285401 -1.80454677 0.00000000
v -1.68285401 -1.80454677 0.34200001
v -1.69485402 -1.81054681 0.34200001
v -1.69485402 -1.81054681 0.00000000
v -1.71085400 -1.81954687 0.00000000
v -1.71085400 -1.81954687 0.34200001
v -1.86485401 -9.64054650 0.34200001
v -1.86485401 -9.64054650 0.00000000
v -1.85185401 -9.67054718 0.00000000
v -1.85185401 -9.67054718 0.34200001
v -1.75985401 -1.82154673 0.00000000
v -1.75985401 -1.82154673 0.34200001
v -1.77885401 -1.81254667 0.00000000
v -1.77885401 -1.81254667 0.34200001
v 2.68214605 -10.15554684 0.34200001
v 2.69114587 -10.14254635 0.34200001
v 2.36214588 -9.55754631 0.34200001
v 2.60414598 -10.28754681 0.34200001
v 2.62114618 -10.26754635 0.34200001
v 2.21314618 -10.35954636 0.34200001
v 2.63614604 -10.24854630 0.34200001
v 2.65014598 -10.23054665 0.34200001
v 2.58614585 -10.30654686 0.34200001
v 2.55114601 -10.34654682 0.34200001
v 2.70214603 -10.12954682 0.34200001
v 2.37514589 -9.55354660 0.34200001
v 2.71514604 -10.11354702 0.34200001
v 2.49914596 -10.42154663 0.34200001
v 2.49714610 -10.42854660 0.34200001
v 2.49314592 -10.43654698 0.34200001
v 2.50414607 -10.41154640 0.34200001
v 2.48614595 -10.44654720 0.34200001
v 2.52314613 -10.38254708 0.34200001
v 2.51214597 -10.39754646 0.34200001
v 2.23714588 -10.59354656 0.34200001
v 1.77414605 -10.20254677 0.34200001
v 2.21814582 -10.60954636 0.34200001
v 2.25914619 -10.57754677 0.34200001
v 2.36514613 -10.51754635 0.34200001
v 2.33814618 -10.53154724 0.34200001
v 2.31014583 -10.54554718 0.34200001
v 2.28414581 -10.56154698 0.34200001
v 4.61714599 2.82045323 0.34200001
v 4.63814590 2.92445320 0.34200001
v 4.06214616 3.03245324 0.34200001
v 4.03614614 2.95445318 0.34200001
v 4.07514617 3.07745320 0.34200001
v 4.65214584 2.99345321 0.34200001
v 4.08714578 3.12545318 0.34200001
v 4.11114595 3.22645325 0.34200001
v 4.66714618 3.07045323 0.34200001
v 4.02214620 2.91145319 0.34200001
v 4.59014604 2.71245319 0.34200001
v 4.16814611 3.56245322 0.34200001
v 4.15814588 3.50845320 0.34200001
v 4.73814580 3.40245325 0.34200001
v 4.15014598 3.45745320 0.34200001
v 4.17814586 3.61545319 0.34200001
v 4.77214620 3.54845328 0.34200001
v 4.18714616 3.66645319 0.34200001
v 4.13514612 3.36445326 0.34200001
v 4.72014615 3.32045323 0.34200001
v 4.14114616 3.40845317 0.34200001
v 4.00714586 2.86645324 0.34200001
v 3.99214599 2.82045323 0.34200001
v 4.55814597 2.60245324 0.34200001
v 3.97714612 2.77345318 0.34200001
v 3.96314618 2.72845322 0.34200001
v -1.47485402 6.73045332 0.00000000
v -1.47485402 6.73045332 0.34200001
v 4.52314613 2.49645323 0.34200001
v -1.57785400 6.85345346 0.00000000
v 4.36114595 2.14045322 0.34200001
v 4.36814592 2.15145323 0.34200001
v 3.85814617 2.47045321 0.34200001
v 3.93914602 2.64845324 0.34200001
v 3.90814588 2.57245321 0.34200001
v 4.48514602 2.39545322 0.34200001
v -1.76685401 6.18645317 0.00000000
v -1.76685401 6.18645317 0.34200001
v -1.88785401 6.32345325 0.34200001
v -1.36185398 5.83445341 0.34200001
v -1.39385402 5.86245329 0.34200001
v -1.36185398 5.83445341 0.00000000
v -1.32885399 5.80445320 0.34200001
v -1.32885399 5.80445320 0.00000000
v 3.95014617 2.68645329 0.34200001
v 4.40614602 2.21945322 0.34200001
v 4.44514606 2.30145324 0.34200001
v -0.89185401 6.17745334 0.34200001
v -0.89185401 6.17745334 0.00000000
v -0.93385401 6.21645338 0.00000000
v -0.93385401 6.21645338 0.34200001
v -0.97785404 6.25945312 0.00000000
v -0.97785404 6.25945312 0.34200001
v 3.79314611 2.35245324 0.34200001
v 4.35314605 2.12545324 0.34200001
v 3.72114608 2.22945321 0.34200001
v 4.30314586 2.02345324 0.34200001
v 4.34414623 2.10845322 0.34200001
v -1.65585401 6.07045299 0.34200001
v -1.65585401 6.07045299 0.00000000
v 4.29314611 2.00245324 0.34200001
v 4.26014612 1.94145322 0.34200001
v 4.21114585 1.86445323 0.34200001
v 4.33414600 2.08845324 0.34200001
v 4.32314584 2.06845323 0.34200001
v 4.14714620 1.77545323 0.34200001
v -1.56885400 5.98945314 0.34200001
v -1.56885400 5.98945314 0.00000000
v -1.51885402 5.95845300 0.00000000
v -1.51885402 5.95845300 0.34200001
v 3.37414596 1.76345323 0.34200001
v 3.80814597 1.36945323 0.34200001
v 3.39314601 1.78845323 0.34200001
v -1.50985401 5.95545322 0.34200001
v -1.50985401 5.95545322 0.00000000
v 3.43114612 1.83245323 0.34200001
v 3.41314599 1.81145323 0.34200001
v 3.89914605 1.47245323 0.34200001
v -1.49585402 5.94645340 0.34200001
v -1.49585402 5.94645340 0.00000000
v -1.47585400 5.93245346 0.34200001
v -1.47585400 5.93245346 0.00000000
v 3.44614599 1.85045323 0.34200001
v 3.35214612 1.73745323 0.34200001
v 3.33214614 1.71045323 0.34200001
v -1.45085400 5.91245300 0.34200001
v -1.45085400 5.91245300 0.00000000
v 3.71614597 1.27345324 0.34200001
v 3.64614580 2.11145324 0.34200001
v 3.98814580 1.57545323 0.34200001
v 4.07114599 1.67845323 0.34200001
v 3.57514617 2.00545323 0.34200001
v -1.42385402 5.88945324 0.34200001
v -1.42385402 5.88945324 0.00000000
v -1.39385402 5.86245329 0.00000000
v 3.51514575 1.92345322 0.34200001
v 3.46914623 1.87445324 0.34200001
v 3.45914600 1.86445323 0.34200001
v 1.96114609 1.52245322 0.34200001
v 1.97214601 1.49745323 0.34200001
v 2.47414586 1.78645323 0.34200001
v 2.34614608 1.93445322 0.34200001
v 1.94914601 1.54345324 0.34200001
v 5.52614591 5.56445319 0.34200001
v 5.48914621 5.51745326 0.34200001
v 5.48914621 5.51745326 0.00000000
v 5.52614591 5.56445319 0.00000000
v 5.55914590 5.60045320 0.34200001
v 5.55914590 5.60045320 0.00000000
v 5.58514593 5.62345321 0.34200001
v 5.58514593 5.62345321 0.00000000
v 0.24814603 5.01545317 0.34200001
v 0.19914601 5.07545335 0.34200001
v -0.25685396 4.72145325 0.34200001
v -0.28485396 4.76945311 0.34200001
v -0.31385400 4.81645328 0.34200001
v -0.22885397 4.67645318 0.34200001
v 0.14114592 5.14645321 0.34200001
v 0.11814592 5.17245323 0.34200001
v 5.60514591 5.63145334 0.34200001
v 5.60514591 5.63145334 0.00000000
v -0.01585403 4.36945326 0.34200001
v -0.00185397 4.33645326 0.34200001
v 0.47114608 4.60845334 0.34200001
v 0.45714590 4.62945325 0.34200001
v 0.49014590 4.57445318 0.34200001
v 0.47814605 4.59645325 0.34200001
v 0.50514600 4.54445321 0.34200001
v 5.61514613 5.63345320 0.00000000
v 5.61514613 5.63345320 0.34200001
v 5.62614581 5.63945324 0.00000000
v 5.62614581 5.63945324 0.34200001
v 5.64014575 5.64845330 0.00000000
v 5.64014575 5.64845330 0.34200001
v -0.06185403 4.50445325 0.34200001
v -0.06085398 4.49845321 0.34200001
v 0.43114588 4.68245322 0.34200001
v -0.05585399 4.47445328 0.34200001
v 0.44114587 4.66245324 0.34200001
v 0.44914601 4.64445311 0.34200001
v -0.02885404 4.40045316 0.34200001
v 5.65414617 5.66045315 0.00000000
v 5.65414617 5.66045315 0.34200001
v 5.67014596 5.67545301 0.00000000
v 5.67014596 5.67545301 0.34200001
v 0.41314599 4.72345335 0.34200001
v 0.42214606 4.70245320 0.34200001
v 5.68514583 5.69245321 0.00000000
v 5.68514583 5.69245321 0.34200001
v 5.70014617 5.71045334 0.00000000
v 5.70014617 5.71045334 0.34200001
v 0.58514593 4.36245329 0.34200001
v 0.56414602 4.41445333 0.34200001
v 0.06014595 4.18545324 0.34200001
v 5.71514604 5.72945339 0.00000000
v 5.71514604 5.72945339 0.34200001
v 5.36214588 5.32545335 0.34200001
v 5.30614612 5.22545320 0.00000000
v 5.36214588 5.32545335 0.00000000
v 0.02814600 4.26645333 0.34200001
v 0.04514596 4.22645313 0.34200001
v 0.54214594 4.46345312 0.34200001
v 0.52314589 4.50645334 0.34200001
v 0.01314602 4.30245334 0.34200001
v 5.40614602 5.39645321 0.34200001
v 5.40614602 5.39645321 0.00000000
v 5.44914577 5.46145326 0.34200001
v 5.44914577 5.46145326 0.00000000
v 5.30614612 5.22545320 0.34200001
v 5.29114578 5.19745333 0.34200001
v 5.29114578 5.19745333 0.00000000
v 0.67914603 4.11845333 0.34200001
v 0.64614603 4.21145326 0.34200001
v 0.11214599 4.02045328 0.34200001
v 0.12814591 3.95245320 0.34200001
v 0.13814590 3.91545326 0.34200001
v 0.71014593 4.02445323 0.34200001
v 0.20914600 3.72945315 0.34200001
v 0.22414610 3.70045335 0.34200001
v 0.73714588 3.92845327 0.34200001
v 0.24014590 3.67045326 0.34200001
v 4.77814576 5.51445324 0.00000000
v 4.62114618 5.23345334 0.00000000
v 4.62114618 5.23345334 0.34200001
v 4.77814576 5.51445324 0.34200001
v 0.03014598 5.30145318 0.34200001
v 0.02714596 5.31045324 0.34200001
v -0.44485405 4.99745328 0.34200001
v 5.20414588 5.03845317 0.34200001
v 5.18814609 5.00945312 0.34200001
v 5.18814609 5.00945312 0.00000000
v 5.20414588 5.03845317 0.00000000
v 5.22114608 5.06845314 0.00000000
v 5.22114608 5.06845314 0.34200001
v -0.08885398 5.44945318 0.34200001
v -0.02785399 5.38545329 0.34200001
v -0.58685401 5.12145311 0.34200001
v -0.55685403 5.09145314 0.34200001
v -0.16385403 5.52345330 0.34200001
v -0.24785402 5.60345322 0.34200001
v -0.61985400 5.15545327 0.34200001
v -0.33385399 5.68145305 0.34200001
v -0.71985402 5.26745326 0.34200001
v 0.01314602 5.33645326 0.34200001
v 5.25614593 5.13445312 0.34200001
v 5.23914621 5.10245330 0.34200001
v 5.23914621 5.10245330 0.00000000
v 5.25614593 5.13445312 0.00000000
v 5.27414605 5.16745312 0.34200001
v 5.27414605 5.16745312 0.00000000
v -0.83185401 5.38845331 0.34200001
v -0.80885401 5.36445314 0.34200001
v -0.41685405 5.75445301 0.34200001
v -0.78185406 5.33645326 0.34200001
v -0.75085404 5.30345327 0.34200001
v 5.09814594 4.77145321 0.00000000
v 5.09814594 4.77145321 0.34200001
v 5.09014604 4.75745327 0.34200001
v 5.09014604 4.75745327 0.00000000
v 5.10514591 4.78645331 0.00000000
v 5.10514591 4.78645331 0.34200001
v 5.11014602 4.79945332 0.00000000
v 5.11014602 4.79945332 0.34200001
v -0.85185399 5.40645320 0.34200001
v -0.49285402 5.81545336 0.34200001
v -0.51985397 5.83645326 0.34200001
v -0.63485398 5.94645340 0.34200001
v -1.04185399 5.54145319 0.34200001
v -0.61585405 5.92645342 0.34200001
v 5.11314580 4.81345326 0.00000000
v 5.11314580 4.81345326 0.34200001
v -0.20085397 4.63545329 0.34200001
v -0.17485407 4.60045320 0.34200001
v 0.28914592 4.96145326 0.34200001
v 5.11614606 4.83945329 0.34200001
v 5.11614606 4.83945329 0.00000000
v 5.12014577 4.85745317 0.00000000
v 0.09714601 5.19945318 0.34200001
v -0.34285405 4.86245329 0.34200001
v 5.11414621 4.82545335 0.34200001
v 5.11414621 4.82545335 0.00000000
v -0.37185397 4.90445334 0.34200001
v 5.13514612 4.90245325 0.34200001
v 5.12714622 4.87745315 0.34200001
v 5.12714622 4.87745315 0.00000000
v 5.13514612 4.90245325 0.00000000
v 0.06114600 5.24845321 0.34200001
v 0.07814596 5.22545320 0.34200001
v 5.07014606 4.72945315 0.00000000
v 5.12014577 4.85745317 0.34200001
v 0.04714594 5.26945311 0.34200001
v -0.42285397 4.97245318 0.34200001
v -0.15185406 4.57145316 0.34200001
v -0.13085404 4.54945332 0.34200001
v 0.03714595 5.28745324 0.34200001
v -0.52985397 5.06545312 0.34200001
v -0.50685396 5.04445321 0.34200001
v -0.47585406 5.02145321 0.34200001
v -0.46285405 5.01345331 0.34200001
v -0.48785403 5.02945334 0.34200001
v -0.65285399 5.19145328 0.34200001
v -0.68585398 5.23045332 0.34200001
v -0.93185403 5.45545322 0.34200001
v -0.89585402 5.43145329 0.34200001
v -0.57085397 5.88145334 0.34200001
v -0.87285402 5.42345316 0.34200001
v -0.98285403 5.49345333 0.34200001
v -0.59485402 5.90445310 0.34200001
v -0.76685395 6.07345325 0.34200001
v -1.10885402 5.59945328 0.34200001
v -0.78985396 6.08945305 0.34200001
v -1.18085399 5.66345317 0.34200001
v 0.38914606 4.78745324 0.34200001
v 0.37214610 4.82845313 0.34200001
v -0.06785395 4.51645333 0.34200001
v 0.40614602 4.74545318 0.34200001
v -0.06085398 4.48945314 0.34200001
v -0.04885402 4.45445329 0.34200001
v -0.09485402 4.53045327 0.34200001
v -0.08685401 4.52845318 0.34200001
v -0.07285407 4.52145321 0.34200001
v 0.32214591 4.91345317 0.34200001
v 0.34914610 4.86945326 0.34200001
v -0.10285404 4.53045327 0.34200001
v -0.11485400 4.53645331 0.34200001
v -0.03985396 4.42945320 0.34200001
v 0.60714600 4.30845315 0.34200001
v 0.07514593 4.14145333 0.34200001
v 0.16414592 3.83845312 0.34200001
v 0.17914603 3.79945332 0.34200001
v 0.19414589 3.76345331 0.34200001
v 0.08914599 4.09945328 0.34200001
v 0.10214600 4.05845315 0.34200001
v 0.15014598 3.87645323 0.34200001
v 1.35314605 2.81145329 0.34200001
v 1.09314606 2.28645325 0.34200001
v 1.36414597 2.80645317 0.34200001
v 1.18414590 2.20245320 0.34200001
v 1.37214610 2.80545325 0.34200001
v 1.45314596 2.76445324 0.34200001
v 1.34014604 2.81845326 0.34200001
v 1.23714588 2.89245326 0.34200001
v 1.21414587 2.90945322 0.34200001
v 1.03014610 2.29945320 0.34200001
v 1.18914602 2.92745323 0.34200001
v 1.00314591 2.29845322 0.34200001
v 1.13214609 2.96345324 0.34200001
v 1.10314605 2.98045320 0.34200001
v 0.97714589 2.29545326 0.34200001
v 1.07414601 2.99645323 0.34200001
v 1.04814598 3.01045329 0.34200001
v 0.83314607 3.47445328 0.34200001
v 0.29414604 3.39645321 0.34200001
v 0.85414598 3.35545320 0.34200001
v 0.29614589 3.44245321 0.34200001
v 0.29414604 3.47245318 0.34200001
v 0.29014609 3.50545317 0.34200001
v 0.81014607 3.60445327 0.34200001
v 0.28414605 3.53745324 0.34200001
v 0.27614591 3.57145328 0.34200001
v 0.78714607 3.72145325 0.34200001
v 0.25414607 3.63745326 0.34200001
v 0.76314590 3.82845313 0.34200001
v 0.26714609 3.60545320 0.34200001
v 0.29014609 3.36145324 0.34200001
v 0.87314603 3.26145322 0.34200001
v 0.27314589 3.31745321 0.34200001
v 0.28214595 3.33445317 0.34200001
v 0.20114610 3.39045328 0.34200001
v 0.19314597 3.39045328 0.34200001
v 0.20714590 3.38745326 0.34200001
v 0.17314598 3.38045317 0.34200001
v 0.21314595 3.38145322 0.34200001
v 0.21914599 3.37145323 0.34200001
v 0.22414610 3.35845322 0.34200001
v 0.16114590 3.37045318 0.34200001
v 0.25014589 3.31545324 0.34200001
v 0.15314600 3.23945326 0.34200001
v 0.26214597 3.31145329 0.34200001
v 0.23714588 3.33145327 0.34200001
v 0.95614598 2.28845323 0.34200001
v 1.00214598 3.03545327 0.34200001
v 0.94114587 2.27945322 0.34200001
v 0.96514604 3.06245322 0.34200001
v 0.08914599 2.38545323 0.34200001
v 0.89214609 3.18945319 0.34200001
v 0.91214607 3.13445324 0.34200001
v 1.27214596 2.16645322 0.34200001
v 1.28614590 2.16945324 0.34200001
v 1.24814603 2.17245323 0.34200001
v 1.21814606 2.18545324 0.34200001
v 1.32514593 2.82645327 0.34200001
v 1.07814596 2.29245323 0.34200001
v 1.30914590 2.83745319 0.34200001
v 1.09814594 2.27545322 0.34200001
v 1.82114599 1.70145323 0.34200001
v 1.80814597 1.73045323 0.34200001
v 7.33014629 -4.06954687 0.34200001
v 7.33014629 -4.06954687 0.00000000
v 1.74714610 1.81145323 0.34200001
v 1.76314590 1.79545323 0.34200001
v 2.17214582 2.11545322 0.34200001
v -10.38285401 4.41945321 0.00000000
v -10.38285401 4.41945321 0.34200001
v -10.38285401 4.53345329 0.34200001
v -10.38285401 4.53345329 0.00000000
v 0.44414589 -11.33754700 0.00000000
v 0.44414589 -11.33754700 0.34200001
v 0.37214610 -11.33754700 0.34200001
v 0.37214610 -11.33754700 0.00000000
v 1.77914593 1.77745323 0.34200001
v 1.79314611 1.75545323 0.34200001
v 7.10914562 -4.19054669 0.34200001
v 7.09114597 -4.19754666 0.34200001
v 7.09114597 -4.19754666 0.00000000
v 7.10914562 -4.19054669 0.00000000
v 9.54714630 5.72245342 0.00000000
v 9.55214641 5.71045334 0.00000000
v 8.98614642 5.44945318 0.00000000
v 9.55814597 5.69645340 0.00000000
v 9.54614589 5.73245317 0.00000000
v 7.07014606 -4.20554655 0.34200001
v 7.07014606 -4.20554655 0.00000000
v 1.53014610 1.95745323 0.34200001
v 1.56414602 1.92745323 0.34200001
v 1.97514603 2.30945325 0.34200001
v 1.71414587 1.83245323 0.34200001
v 1.73114607 1.82445323 0.34200001
v 1.83214590 1.67845323 0.34200001
v 1.91614601 1.58345323 0.34200001
v 1.92614601 1.57445323 0.34200001
v 7.12514636 -4.18654698 0.34200001
v 7.12514636 -4.18654698 0.00000000
v 7.13714645 -4.18454664 0.34200001
v 7.13714645 -4.18454664 0.00000000
v 7.15014598 -4.18254679 0.00000000
v 7.15014598 -4.18254679 0.34200001
v 1.29214594 2.16945324 0.34200001
v 1.30514595 2.16245324 0.34200001
v 1.32314608 2.15045322 0.34200001
v 1.59314606 2.65445322 0.34200001
v 7.16814563 -4.17654675 0.00000000
v 7.16814563 -4.17654675 0.34200001
v 0.59814594 -2.30754679 0.00000000
v 0.67714593 -2.42354696 0.00000000
v 0.57914588 -2.30954688 0.00000000
v 0.53514597 -2.31754678 0.00000000
v 0.55814597 -2.31254667 0.00000000
v 0.60914609 -2.91454666 0.00000000
v 0.51114604 -2.32454675 0.00000000
v 0.48614595 -2.33154696 0.00000000
v 6.82214591 -4.34554690 0.34200001
v 6.79114578 -4.36754673 0.00000000
v 6.82214591 -4.34554690 0.00000000
v 1.77414605 2.49645323 0.34200001
v 1.34514592 2.13345323 0.34200001
v 1.37114594 2.11145324 0.34200001
v 0.46114609 -2.34054678 0.00000000
v 0.64614603 -2.30654686 0.00000000
v 0.62914607 -2.30754679 0.00000000
v 0.43814609 -2.34954661 0.00000000
v 0.55114601 -2.92654675 0.00000000
v 0.37414596 -2.37254685 0.00000000
v 6.83514640 -4.34054678 0.00000000
v 6.83514640 -4.34054678 0.34200001
v 1.39914605 2.08445323 0.34200001
v 6.85114620 -4.33354681 0.00000000
v 6.85114620 -4.33354681 0.34200001
v 1.42914603 2.05545322 0.34200001
v 1.46114609 2.02345324 0.34200001
v 6.87014625 -4.32354658 0.00000000
v 6.87014625 -4.32354658 0.34200001
v 6.89014575 -4.31154698 0.34200001
v 6.89014575 -4.31154698 0.00000000
v 1.49514601 1.98845324 0.34200001
v 0.10314593 -1.34454673 0.00000000
v 0.09214601 -1.34854668 0.00000000
v 0.16514609 1.16045321 0.00000000
v 0.05714605 -1.34354680 0.00000000
v 0.06514594 -1.34854668 0.00000000
v 0.08214602 -1.34954684 0.00000000
v 6.91214607 -4.29954689 0.00000000
v 6.91214607 -4.29954689 0.34200001
v 7.04814575 -4.21754664 0.34200001
v 7.04814575 -4.21754664 0.00000000
v 0.05014596 -1.34054678 0.00000000
v 0.11314604 -1.34054678 0.00000000
v 1.69614599 1.83845322 0.34200001
v 1.67814610 1.84645322 0.34200001
v 1.65514610 1.85945324 0.34200001
v 1.62814591 1.87745323 0.34200001
v 1.59714601 1.90045323 0.34200001
v 6.93414638 -4.28554695 0.00000000
v 6.93414638 -4.28554695 0.34200001
v 0.12214610 -1.33554667 0.00000000
v 0.13214609 -1.32954686 0.00000000
v 7.00214622 -4.24154680 0.34200001
v 6.97914646 -4.25654667 0.34200001
v 6.97914646 -4.25654667 0.00000000
v 7.00214622 -4.24154680 0.00000000
v 1.27414605 2.86245329 0.34200001
v 1.25614593 2.87645323 0.34200001
v 1.05514595 2.29845322 0.34200001
v 0.10414598 2.33545322 0.34200001
v 6.95714614 -4.27054661 0.34200001
v 6.95714614 -4.27054661 0.00000000
v 0.93714592 2.27445323 0.34200001
v 0.93314597 2.26845325 0.34200001
v 6.38914630 -3.96454685 0.00000000
v 6.31914565 -4.01454657 0.00000000
v 6.31914565 -4.01454657 0.34200001
v 0.14114592 -1.32254666 0.00000000
v 0.04014597 -1.33954685 0.00000000
v 0.15214608 -1.31654685 0.00000000
v 0.16414592 -1.31254667 0.00000000
v 6.24714610 -4.06554669 0.34200001
v 1.29214594 2.84945328 0.34200001
v 6.70314643 -4.47054690 0.34200001
v 6.65314624 -4.54054659 0.00000000
v 6.70314643 -4.47054690 0.00000000
v 0.01914594 -1.34254687 0.00000000
v 0.03014598 -1.34054678 0.00000000
v 6.75114581 -4.41054695 0.34200001
v 6.75114581 -4.41054695 0.00000000
v 6.79114578 -4.36754673 0.34200001
v 10.11514613 -4.50854700 0.00000000
v 10.11514613 -4.50854700 0.34200001
v 10.07614562 -4.63254660 0.34200001
v 10.07614562 -4.63254660 0.00000000
v -0.02585402 -1.36754673 0.00000000
v -0.03685405 -1.37654679 0.00000000
v -0.04885402 -1.38454669 0.00000000
v 1.12514589 2.24245322 0.34200001
v 1.10614607 2.26145322 0.34200001
v 1.15214608 2.22245324 0.34200001
v 9.97314594 -4.90154665 0.00000000
v 9.97314594 -4.90154665 0.34200001
v 9.91614578 -5.03454655 0.00000000
v -0.00385406 -1.35254687 0.00000000
v 0.00814602 -1.34754675 0.00000000
v 10.02814624 -4.76454657 0.00000000
v 10.02814624 -4.76454657 0.34200001
v 0.92114589 2.23145325 0.34200001
v 0.11614594 2.25345320 0.34200001
v 0.92014596 2.21045322 0.34200001
v 0.87814591 2.12445322 0.34200001
v 0.88714597 2.13245324 0.34200001
v -0.08985403 -1.41054671 0.00000000
v 0.92614601 2.25145323 0.34200001
v 0.92914603 2.26045323 0.34200001
v 0.11414597 2.29145325 0.34200001
v 0.91914604 2.19845325 0.34200001
v 9.45214603 -4.47254675 0.00000000
v 9.44614646 -4.48554676 0.00000000
v 9.44614646 -4.48554676 0.34200001
v 9.45214603 -4.47254675 0.34200001
v -0.76185396 -1.11354678 0.00000000
v -0.75485399 -1.12854689 0.00000000
v 9.44114635 -4.50254696 0.34200001
v 9.44114635 -4.50254696 0.00000000
v 9.43614623 -4.52154654 0.00000000
v 9.43614623 -4.52154654 0.34200001
v 0.00714598 2.56445325 0.34200001
v 0.93614600 3.09345323 0.34200001
v 9.00314567 6.30045301 0.00000000
v 8.72214553 5.73645336 0.00000000
v 8.97614620 6.31545336 0.00000000
v 9.03214595 6.28245336 0.00000000
v 8.62014625 5.83145315 0.00000000
v 8.95114562 6.32745344 0.00000000
v 0.05614600 2.46245325 0.34200001
v 8.90514610 6.34745342 0.00000000
v 9.38814590 -4.78954666 0.34200001
v 9.38814590 -4.78954666 0.00000000
v 9.37614581 -4.80354660 0.00000000
v 9.37614581 -4.80354660 0.34200001
v 9.43314597 -4.54454678 0.00000000
v 9.42914626 -4.56954687 0.00000000
v 9.42914626 -4.56954687 0.34200001
v 9.43314597 -4.54454678 0.34200001
v 8.86314628 6.37145311 0.00000000
v 8.52114627 5.91045315 0.00000000
v 0.84314606 2.07545323 0.34200001
v 0.83414600 2.05845324 0.34200001
v 9.39914558 -4.77254694 0.00000000
v 9.39914558 -4.77254694 0.34200001
v 8.78614566 6.43745310 0.00000000
v 8.81114623 6.41345341 0.00000000
v 8.42514560 5.97745306 0.00000000
v 8.81914565 6.40545303 0.00000000
v 8.83114574 6.39445335 0.00000000
v 8.84514568 6.38345320 0.00000000
v 8.73414562 6.47245342 0.00000000
v 9.35314605 5.98445303 0.00000000
v 9.39714572 5.93545324 0.00000000
v 8.91414592 5.53645331 0.00000000
v 0.89514611 2.14045322 0.34200001
v 0.90214608 2.15145323 0.34200001
v 0.91314599 2.17545325 0.34200001
v 0.90814588 2.16345323 0.34200001
v 9.23514602 6.10745317 0.00000000
v 9.25414607 6.08745319 0.00000000
v 8.83314559 5.62545330 0.00000000
v 9.42614601 -4.65254658 0.00000000
v 9.42414615 -4.68054693 0.00000000
v 9.42414615 -4.68054693 0.34200001
v 9.42614601 -4.65254658 0.34200001
v 9.27114627 6.06945307 0.00000000
v 9.28614566 6.05445320 0.00000000
v 9.29814575 6.04145319 0.00000000
v 9.42014644 -4.70754688 0.00000000
v 9.42014644 -4.70754688 0.34200001
v 0.85114596 2.09045324 0.34200001
v 0.86014602 2.10345322 0.34200001
v 0.86914608 2.11545322 0.34200001
v 0.91714594 2.18645323 0.34200001
v 0.92314598 2.24145324 0.34200001
v 9.41414592 -4.73154658 0.00000000
v 9.41414592 -4.73154658 0.34200001
v 9.40714595 -4.75254696 0.00000000
v 9.40714595 -4.75254696 0.34200001
v 0.81014607 1.99145324 0.34200001
v 0.11214599 2.22245324 0.34200001
v 0.80414603 1.97345323 0.34200001
v 0.78914592 1.93745322 0.34200001
v 0.82114599 2.02545322 0.34200001
v 0.78114602 1.92045323 0.34200001
v 9.21414611 6.12845308 0.00000000
v 9.30614612 6.03245336 0.00000000
v 9.43814609 5.88845331 0.00000000
v 9.47414634 5.84445316 0.00000000
v 0.82814596 2.04245323 0.34200001
v 9.42714641 -4.62154692 0.34200001
v 9.42714641 -4.62154692 0.00000000
v 8.57114646 6.56345302 0.00000000
v 8.66014621 6.51645309 0.00000000
v 8.32914588 6.03145344 0.00000000
v 0.71614597 1.77745323 0.34200001
v -0.07385399 1.79145323 0.34200001
v 0.71014593 1.73645323 0.34200001
v 9.74514625 -5.35954683 0.00000000
v 9.74514625 -5.35954683 0.34200001
v 9.66614578 -5.47454661 0.34200001
v 9.66614578 -5.47454661 0.00000000
v 9.06214568 6.26245338 0.00000000
v 9.09214637 6.24145300 0.00000000
v 8.23114631 6.07545311 0.00000000
v 0.72414610 1.81345323 0.34200001
v -0.07685402 1.87145323 0.34200001
v 9.79914615 -5.26954668 0.00000000
v 9.79914615 -5.26954668 0.34200001
v 9.85714576 -5.15854662 0.00000000
v 9.85714576 -5.15854662 0.34200001
v 0.73314593 1.84245323 0.34200001
v 0.10314593 2.19945324 0.34200001
v 9.91614578 -5.03454655 0.34200001
v 0.74314592 1.86545323 0.34200001
v 7.12314556 6.90345318 0.00000000
v 7.11314628 6.32145340 0.00000000
v 6.95714614 6.89245302 0.00000000
v 6.94714591 6.30245334 0.00000000
v 6.81014583 6.86845333 0.00000000
v 7.30214641 6.90345318 0.00000000
v 7.28414581 6.32745344 0.00000000
v 7.48814628 6.89145309 0.00000000
v 6.67514560 6.83745319 0.00000000
v 6.79914615 6.27145321 0.00000000
v 7.67614601 6.86945326 0.00000000
v 7.45214603 6.31945307 0.00000000
v 7.85914562 6.83645326 0.00000000
v 7.60414646 6.29945309 0.00000000
v 0.75314591 1.88045323 0.34200001
v 9.36514613 -4.81554669 0.34200001
v 9.36514613 -4.81554669 0.00000000
v 9.35314605 -4.82954663 0.00000000
v 9.35314605 -4.82954663 0.34200001
v 0.77114603 1.90545323 0.34200001
v 0.76314590 1.89145323 0.34200001
v 8.27814624 6.70545322 0.00000000
v 8.02114627 6.13745338 0.00000000
v 8.19314620 6.74045307 0.00000000
v 8.37414596 6.66245300 0.00000000
v 8.12914607 6.11045343 0.00000000
v 9.34014556 -4.84654682 0.00000000
v 9.34014556 -4.84654682 0.34200001
v 9.32714603 -4.86454695 0.00000000
v 9.32714603 -4.86454695 0.34200001
v 0.08214602 3.20345325 0.34200001
v 0.00414595 2.56645322 0.34200001
v 0.11714599 3.21245319 0.34200001
v 9.30314586 -4.90254658 0.00000000
v 9.30314586 -4.90254658 0.34200001
v -0.74385395 -1.17854684 0.00000000
v -0.74885407 -1.14954680 0.00000000
v -0.14185395 -1.43454688 0.00000000
v 9.28414581 -4.94054669 0.00000000
v 9.28414581 -4.94054669 0.34200001
v -0.15385404 -1.44554680 0.00000000
v -0.73985400 -1.21354669 0.00000000
v 0.15514610 3.25845320 0.34200001
v 9.27514598 -4.96054667 0.00000000
v 9.27514598 -4.96054667 0.34200001
v 9.26314590 -4.98354691 0.00000000
v 9.26314590 -4.98354691 0.34200001
v 0.14114592 3.22445328 0.34200001
v 9.23214576 -5.03554695 0.00000000
v 9.21514556 -5.06154698 0.00000000
v 9.21514556 -5.06154698 0.34200001
v 9.23214576 -5.03554695 0.34200001
v -0.73885396 -1.24354666 0.00000000
v -0.73785403 -1.27954667 0.00000000
v 9.19714591 -5.08754700 0.00000000
v 9.19714591 -5.08754700 0.34200001
v 9.17914626 -5.11154669 0.00000000
v 9.17914626 -5.11154669 0.34200001
v 9.16214607 -5.13454693 0.00000000
v 9.16214607 -5.13454693 0.34200001
v 9.14614627 -5.15654677 0.00000000
v 9.14614627 -5.15654677 0.34200001
v 0.13814590 3.34045321 0.34200001
v 0.14414594 3.35045320 0.34200001
v 0.13414595 3.32045323 0.34200001
v 0.13514588 3.33045322 0.34200001
v 0.13614604 3.30845327 0.34200001
v 0.15114591 3.36145324 0.34200001
v 0.14014599 3.29545326 0.34200001
v 0.14714596 3.28145320 0.34200001
v 9.12914607 -5.18054693 0.00000000
v 9.12914607 -5.18054693 0.34200001
v 9.09814594 -5.22454661 0.00000000
v 9.09814594 -5.22454661 0.34200001
v -0.84985402 -1.08654683 0.00000000
v -0.83485403 -1.09054678 0.00000000
v 0.03514597 3.19745321 0.34200001
v -0.79985407 -1.09154671 0.00000000
v -0.78485396 -1.09554666 0.00000000
v 9.24814556 -5.00854700 0.34200001
v 9.24814556 -5.00854700 0.00000000
v -0.77185407 -1.10254687 0.00000000
v -1.22285398 -0.87254685 0.00000000
v -1.37085399 -0.11954683 0.00000000
v -1.20585402 -0.87854689 0.00000000
v -0.28685405 3.17445320 0.34200001
v -0.18685403 2.65445322 0.34200001
v -0.17785397 3.18745322 0.34200001
v -0.15885403 2.65445322 0.34200001
v -0.09685400 3.19245321 0.34200001
v -0.69985404 2.52745325 0.34200001
v -0.68985405 2.53145326 0.34200001
v -0.83285406 3.07445318 0.34200001
v -0.95885399 3.04345328 0.34200001
v -0.70885399 2.52445323 0.34200001
v -0.71785405 2.51945323 0.34200001
v -0.55285397 3.13245327 0.34200001
v -0.34885397 2.63345326 0.34200001
v -0.41385403 3.15645320 0.34200001
v -0.27485397 2.64745325 0.34200001
v -0.02485397 3.19345326 0.34200001
v -1.29385402 -0.83554667 0.00000000
v -1.27685400 -0.84654682 0.00000000
v -1.32685402 -0.81154674 0.00000000
v -1.14885398 -0.88654679 0.00000000
v -1.34085401 -0.80054682 0.00000000
v -1.35485401 -0.79054683 0.00000000
v -1.30285403 2.95145327 0.34200001
v -1.31285402 2.94745321 0.34200001
v -1.29285404 2.95345325 0.34200001
v -1.27385398 2.95545322 0.34200001
v -1.37985399 2.90645320 0.34200001
v -1.25685402 2.95845324 0.34200001
v -1.23385402 2.96445329 0.34200001
v -1.24085399 -0.86554688 0.00000000
v -1.18985399 -0.88154667 0.00000000
v -1.25885400 -0.85754674 0.00000000
v -1.36785402 -0.78154677 0.00000000
v -1.38785401 -0.76954668 0.00000000
v -1.37885400 -0.77454680 0.00000000
v -1.17685404 -0.88254684 0.00000000
v -1.01485404 -0.95454686 0.00000000
v -1.04885402 -0.93154686 0.00000000
v -1.11785402 -0.89654678 0.00000000
v 2.43914602 -10.48054665 0.34200001
v 2.41714618 -10.49354714 0.34200001
v 2.45814607 -10.46754711 0.34200001
v 2.39214609 -10.50554722 0.34200001
v 2.47414586 -10.45654648 0.34200001
v 2.18414590 -6.86454647 0.34200001
v 2.70314596 -6.52854698 0.34200001
v 2.17614601 -6.84954708 0.34200001
v 2.22614620 -6.93954724 0.34200001
v 2.77914617 -6.63654679 0.34200001
v 2.21114585 -6.91554707 0.34200001
v 2.19914577 -6.89454716 0.34200001
v 2.18914602 -6.87754696 0.34200001
v 2.00514600 -6.66554707 0.34200001
v 2.44614599 -6.22154682 0.34200001
v 1.95314596 -6.61554688 0.34200001
v 2.09414599 -6.75454682 0.34200001
v 2.51014612 -6.29054659 0.34200001
v 2.15714595 -6.82454651 0.34200001
v 2.63514612 -6.43554657 0.34200001
v 2.58014581 -6.36754673 0.34200001
v 1.48614595 -8.20754688 0.34200001
v 1.61114595 -8.55154675 0.34200001
v 1.51514599 -8.24154633 0.34200001
v 1.45814607 -8.17954701 0.34200001
v 1.36714599 -8.14054650 0.34200001
v 1.37814591 -8.14154690 0.34200001
v 1.40314600 -8.14554661 0.34200001
v 1.42914603 -8.15854710 0.34200001
v 1.35614607 -8.13854664 0.34200001
v 1.60114596 -8.58154648 0.34200001
v 1.34514592 -8.13354653 0.34200001
v 1.06214592 -8.80654686 0.34200001
v 1.33314607 -8.12754696 0.34200001
v 0.96514604 -8.73554676 0.34200001
v 1.21114609 -8.05354660 0.34200001
v 0.88714597 -8.68854683 0.34200001
v 1.22914598 -8.05754631 0.34200001
v 1.19214604 -8.05054634 0.34200001
v 1.29514596 -8.09654682 0.34200001
v 1.28614590 -8.08754700 0.34200001
v 1.27514598 -8.07954663 0.34200001
v 1.26114604 -8.07154720 0.34200001
v 1.24614594 -8.06354683 0.34200001
v 1.32214591 -8.12054699 0.34200001
v 0.93214605 -8.71354645 0.34200001
v 1.62214610 -8.47554653 0.34200001
v 1.61814592 -8.45154637 0.34200001
v 1.62114594 -8.49954670 0.34200001
v 1.61714599 -8.52354687 0.34200001
v 1.61314604 -8.42754715 0.34200001
v 1.60414598 -8.40154713 0.34200001
v 1.59314606 -8.37254685 0.34200001
v 1.56914589 -8.32554691 0.34200001
v 1.54214594 -8.28054684 0.34200001
v 1.09314606 -7.91654652 0.34200001
v 1.09614608 -7.90554684 0.34200001
v 1.08514593 -7.92554634 0.34200001
v 1.09514592 -7.89254635 0.34200001
v 1.07314608 -7.93054646 0.34200001
v 1.08914587 -7.88054722 0.34200001
v 1.07914588 -7.86754673 0.34200001
v 1.05714605 -7.93354672 0.34200001
v 0.94714591 -7.90154713 0.34200001
v 1.00914595 -7.95954674 0.34200001
v 0.97714589 -7.89154690 0.34200001
v 1.06214592 -7.85554665 0.34200001
v 1.05514595 -7.85154694 0.34200001
v 1.04814598 -7.93354672 0.34200001
v 1.04814598 -7.85054653 0.34200001
v 1.03014610 -7.85254639 0.34200001
v 1.02114603 -7.85654705 0.34200001
v 1.01314590 -7.86154717 0.34200001
v 1.00414607 -7.86854714 0.34200001
v 1.03914592 -7.93654698 0.34200001
v 0.99714610 -7.87654656 0.34200001
v 1.02314589 -7.94554680 0.34200001
v 0.83414600 -8.66454666 0.34200001
v 1.05014608 -8.03554695 0.34200001
v 1.12314603 -8.04554718 0.34200001
v 1.08214590 -8.04154652 0.34200001
v 7.73114631 6.26645309 0.00000000
v -1.87585401 -9.61254662 0.34200001
v -1.87585401 -9.61254662 0.00000000
v -1.83885401 -9.70454663 0.00000000
v -1.83885401 -9.70454663 0.34200001
v 7.96814582 6.15045339 0.00000000
v 7.99514625 6.14245302 0.00000000
v 5.14614580 4.92745334 0.34200001
v 5.14614580 4.92745334 0.00000000
v -1.81485401 -9.77454632 0.00000000
v -1.81485401 -9.77454632 0.34200001
v 5.15914581 4.95545322 0.34200001
v 5.15914581 4.95545322 0.00000000
v -1.80485401 -9.80954712 0.00000000
v -1.80485401 -9.80954712 0.34200001
v 9.04514644 -5.32154673 0.34200001
v 9.03814552 -5.32954663 0.00000000
v 9.03814552 -5.32954663 0.34200001
v 7.94114635 6.16045315 0.00000000
v 7.91514633 6.17145330 0.00000000
v 7.88814590 6.18345339 0.00000000
v 7.86414573 6.19545299 0.00000000
v 7.84214637 6.20745308 0.00000000
v 5.17314622 4.98245317 0.34200001
v 5.17314622 4.98245317 0.00000000
v 9.03214595 -5.33554667 0.34200001
v -1.78285401 -9.87854641 0.34200001
v -1.78285401 -9.87854641 0.00000000
v 7.82414577 6.22045309 0.00000000
v 8.03314636 6.79345304 0.00000000
v -1.76985401 -9.90954655 0.00000000
v -1.76985401 -9.90954655 0.34200001
v 4.49014613 4.93345315 0.00000000
v 4.49014613 4.93345315 0.34200001
v -1.75685401 -9.93954724 0.00000000
v -1.75685401 -9.93954724 0.34200001
v 8.47414634 6.61445314 0.00000000
v 4.38514612 4.61645324 0.00000000
v -1.74485401 -9.96554630 0.00000000
v -1.74485401 -9.96554630 0.34200001
v 4.94714591 4.36045319 0.34200001
v 4.92714593 4.26245314 0.34200001
v 4.92714593 4.26245314 0.00000000
v 4.94714591 4.36045319 0.00000000
v 4.96514604 4.44645316 0.34200001
v 4.96514604 4.44645316 0.00000000
v -1.73285400 -9.98754662 0.00000000
v -1.73285400 -9.98754662 0.34200001
v 4.98214576 4.51845319 0.00000000
v 4.98214576 4.51845319 0.34200001
v 4.99914596 4.58145315 0.34200001
v 4.99914596 4.58145315 0.00000000
v 1.00014589 -7.97454708 0.34200001
v 0.91014597 -7.90654724 0.34200001
v 0.99714610 -7.99154633 0.34200001
v 5.01514575 4.63145334 0.34200001
v 5.01514575 4.63145334 0.00000000
v 6.64614627 6.21345312 0.00000000
v 6.60714576 6.19845325 0.00000000
v 6.42014644 6.76745302 0.00000000
v 6.56314609 6.18345339 0.00000000
v 1.00414607 -7.96754711 0.34200001
v 5.02914617 4.67045314 0.34200001
v 5.02914617 4.67045314 0.00000000
v 5.04414604 4.69945318 0.34200001
v 5.04414604 4.69945318 0.00000000
v 5.05814597 4.71745331 0.34200001
v 5.05814597 4.71745331 0.00000000
v 1.02514598 -8.02754658 0.34200001
v 5.07014606 4.72945315 0.34200001
v 1.31214592 -8.11354702 0.34200001
v 1.30214593 -8.10554665 0.34200001
v 6.54414604 6.80345327 0.00000000
v 6.67614601 6.22645313 0.00000000
v 6.51414630 6.16745312 0.00000000
v 6.30414626 6.73245317 0.00000000
v 6.40814636 6.13745338 0.00000000
v 6.35414646 6.12445337 0.00000000
v 6.20314643 6.69745333 0.00000000
v 0.87114594 -7.90854710 0.34200001
v 0.99914596 -8.00554722 0.34200001
v 1.00914595 -8.01754635 0.34200001
v 0.71914599 -8.61954659 0.34200001
v 4.38514612 4.61645324 0.34200001
v 4.30814597 4.28445322 0.00000000
v 4.30814597 4.28445322 0.34200001
v 4.29514596 4.21245319 0.00000000
v 9.67414615 5.53845317 0.00000000
v 9.68214557 5.52345330 0.00000000
v 9.16714618 5.17045314 0.00000000
v 9.69314620 5.50345332 0.00000000
v 9.69514606 5.49745328 0.00000000
v 9.68914554 5.51245314 0.00000000
v 4.90914581 4.17645318 0.00000000
v 4.90914581 4.17645318 0.34200001
v 9.66314552 5.55345327 0.00000000
v 9.01814601 -5.34454697 0.00000000
v 9.01814601 -5.34454697 0.34200001
v 9.02514598 -5.34054678 0.00000000
v 9.02514598 -5.34054678 0.34200001
v 4.26714609 4.06445319 0.00000000
v 4.26714609 4.06445319 0.34200001
v 4.29514596 4.21245319 0.34200001
v 9.01114604 -5.34554690 0.00000000
v 9.01114604 -5.34554690 0.34200001
v 1.03114602 -7.94054669 0.34200001
v 9.00214622 -5.34754675 0.34200001
v 9.00214622 -5.34754675 0.00000000
v 9.11214588 5.26845319 0.00000000
v 9.62114570 5.60745317 0.00000000
v 9.63614604 5.58845312 0.00000000
v 9.60514591 5.62545330 0.00000000
v 9.08514640 -5.24554699 0.34200001
v 9.08514640 -5.24554699 0.00000000
v 4.84814594 3.88745314 0.00000000
v 4.84814594 3.88745314 0.34200001
v 4.82814596 3.79345328 0.34200001
v 4.82814596 3.79345328 0.00000000
v 9.59214637 5.64445311 0.00000000
v 4.88914583 4.08245332 0.34200001
v 4.88914583 4.08245332 0.00000000
v 4.86914585 3.98645312 0.34200001
v 4.86914585 3.98645312 0.00000000
v 0.35914609 -8.47854679 0.34200001
v 0.37614605 -8.48554676 0.34200001
v 0.78014610 -7.88854664 0.34200001
v 9.07414577 -5.26354664 0.00000000
v 9.07414577 -5.26354664 0.34200001
v 9.56814620 5.68045313 0.00000000
v 9.57914588 5.66245324 0.00000000
v 9.05114601 5.36045319 0.00000000
v 9.54114578 5.74845344 0.00000000
v 4.21614597 3.80345327 0.00000000
v 4.21614597 3.80345327 0.34200001
v 4.22714612 3.85845334 0.34200001
v 0.34314606 -8.47254723 0.34200001
v 4.20714614 3.75745327 0.00000000
v 4.20714614 3.75745327 0.34200001
v 0.32914588 -8.46954697 0.34200001
v 4.19814584 3.71445329 0.34200001
v 9.27314613 4.94545323 0.00000000
v 9.22114608 5.06345326 0.00000000
v 9.82114646 5.19545323 0.00000000
v 9.77214572 5.31045324 0.00000000
v 4.25314615 3.99245316 0.34200001
v 4.25314615 3.99245316 0.00000000
v 9.04514644 -5.32154673 0.00000000
v 9.74314639 5.37545330 0.00000000
v 4.24014613 3.92245323 0.00000000
v 4.24014613 3.92245323 0.34200001
v 4.22714612 3.85845334 0.00000000
v 9.06714580 -5.27954691 0.34200001
v 9.06714580 -5.27954691 0.00000000
v 9.06114623 -5.29154700 0.34200001
v 9.06114623 -5.29154700 0.00000000
v 0.75814602 -7.84954708 0.34200001
v 0.16514609 -8.05554646 0.34200001
v 0.76514599 -7.85854691 0.34200001
v 0.76914594 -7.86754673 0.34200001
v 0.75014589 -7.83954685 0.34200001
v 0.73914597 -7.82854717 0.34200001
v 0.72614596 -7.81754654 0.34200001
v 0.77114603 -7.87354630 0.34200001
v 0.71214602 -7.80654686 0.34200001
v 0.67714593 -7.78454655 0.34200001
v 0.58114598 -7.78154724 0.34200001
v 0.69714591 -7.79654663 0.34200001
v 9.69714591 5.48845321 0.00000000
v 9.65014598 5.57045323 0.00000000
v 9.70114562 5.47445328 0.00000000
v 9.70914600 5.45545322 0.00000000
v 9.71814582 5.43145329 0.00000000
v 4.61714599 2.82045323 0.00000000
v 4.59014604 2.71245319 0.00000000
v 9.05614612 -5.30254667 0.34200001
v 4.63814590 2.92445320 0.00000000
v 4.65214584 2.99345321 0.00000000
v 9.90214584 4.94845325 0.00000000
v 9.32614562 4.81345326 0.00000000
v 9.86514613 5.07445318 0.00000000
v 9.95814559 4.68345315 0.00000000
v 9.39014575 4.58245332 0.00000000
v 9.93314597 4.81745321 0.00000000
v 9.36214588 4.70445329 0.00000000
v 9.05114601 -5.31254690 0.34200001
v 4.80714605 3.70245320 0.00000000
v 4.80714605 3.70245320 0.34200001
v 0.47314594 -7.78954666 0.34200001
v 0.50514600 -7.79554718 0.34200001
v 4.78914592 3.62045318 0.34200001
v 4.78914592 3.62045318 0.00000000
v 0.65914605 -7.77554672 0.34200001
v 0.64414594 -7.76854675 0.34200001
v 8.99014613 -5.35454672 0.34200001
v 8.99014613 -5.35454672 0.00000000
v 4.55814597 2.60245324 0.00000000
v 8.97314594 -5.36554688 0.00000000
v 4.68414590 3.15245325 0.34200001
v 4.66714618 3.07045323 0.00000000
v 4.68414590 3.15245325 0.00000000
v 0.56114600 -7.79154652 0.34200001
v 0.59314606 -7.77254646 0.34200001
v 0.60514591 -7.76754635 0.34200001
v 0.63014600 -7.76454704 0.34200001
v 0.61714599 -7.76454704 0.34200001
v 4.70214603 3.23745329 0.34200001
v 4.70214603 3.23745329 0.00000000
v 0.53514597 -7.79554718 0.34200001
v 8.93214557 -5.39754694 0.34200001
v 8.95414588 -5.38054674 0.34200001
v 8.93214557 -5.39754694 0.00000000
v 8.95414588 -5.38054674 0.00000000
v 9.14814613 6.19545299 0.00000000
v 4.72014615 3.32045323 0.00000000
v 4.73814580 3.40245325 0.00000000
v 9.17214630 6.17245323 0.00000000
v 8.90914581 -5.41754692 0.00000000
v 0.39514611 -7.75254696 0.34200001
v 0.41614601 -7.76754635 0.34200001
v 4.75514600 3.47945327 0.00000000
v 8.97314594 -5.36554688 0.34200001
v 9.72914646 5.40545327 0.00000000
v 9.52714584 5.77445347 0.00000000
v 9.50414607 5.80645305 0.00000000
v 8.90914581 -5.41754692 0.34200001
v 4.77214620 3.54845328 0.00000000
v 0.35414598 -7.71254700 0.34200001
v 0.38214609 -7.73354691 0.34200001
v 0.29414604 -7.68554657 0.34200001
v 0.20814607 -7.65454643 0.34200001
v 4.75514600 3.47945327 0.34200001
v 8.88414619 -5.43954676 0.34200001
v 0.44214604 -7.78054684 0.34200001
v 9.97714565 4.54545314 0.00000000
v 8.88414619 -5.43954676 0.00000000
v 8.85914562 -5.46354693 0.00000000
v 4.52314613 2.49645323 0.00000000
v 4.48514602 2.39545322 0.00000000
v 9.42314575 4.32545335 0.00000000
v 9.41114566 4.45445329 0.00000000
v 9.98814628 4.40545327 0.00000000
v 9.99214599 4.26245314 0.00000000
v 1.17214606 -8.04954689 0.34200001
v 0.61614606 -8.59154671 0.34200001
v 9.99114559 4.18545324 0.00000000
v 9.98914573 4.11045319 0.00000000
v 9.42714641 4.20245320 0.00000000
v 4.26014612 1.94145322 0.00000000
v 4.29314611 2.00245324 0.00000000
v 9.98314617 4.03645331 0.00000000
v 9.42314575 4.09145314 0.00000000
v 4.30314586 2.02345324 0.00000000
v 0.09614596 -8.38554638 0.34200001
v 0.12114594 -8.39654701 0.34200001
v 0.47814605 -8.55154675 0.34200001
v 0.49614594 -8.56154698 0.34200001
v 0.80214593 -7.89854687 0.34200001
v 0.51414606 -8.57054680 0.34200001
v 0.53214595 -8.57654637 0.34200001
v 0.54914591 -8.58254688 0.34200001
v 4.33414600 2.08845324 0.00000000
v 4.34414623 2.10845322 0.00000000
v 0.30314610 -8.46754711 0.34200001
v 0.17214606 -8.42054718 0.34200001
v 0.19614599 -8.43154686 0.34200001
v 4.32314584 2.06845323 0.00000000
v 9.97314594 3.95845324 0.00000000
v 9.96114585 3.87345321 0.00000000
v 9.40914581 3.99645311 0.00000000
v 9.94314620 3.77645332 0.00000000
v 9.38614604 3.92345316 0.00000000
v 0.26714609 -8.45854634 0.34200001
v 0.28614590 -8.46354645 0.34200001
v 0.22114608 -8.44254654 0.34200001
v 4.35314605 2.12545324 0.00000000
v 4.36114595 2.14045322 0.00000000
v 9.03214595 -5.33554667 0.00000000
v 9.33814571 3.78145320 0.00000000
v 9.33914611 3.79245312 0.00000000
v 0.41114590 -8.50554722 0.34200001
v 0.42814610 -8.51654690 0.34200001
v 4.36814592 2.15145323 0.00000000
v 0.39314601 -8.49454659 0.34200001
v 4.40614602 2.21945322 0.00000000
v 4.44514606 2.30145324 0.00000000
v 9.34614608 3.82245333 0.00000000
v 9.35914562 3.86045319 0.00000000
v 9.34114597 3.80545313 0.00000000
v 9.36714599 3.88145334 0.00000000
v 9.37614581 3.90245325 0.00000000
v 0.46014593 -8.54054707 0.34200001
v 4.19814584 3.71445329 0.00000000
v -0.75185397 -7.54154652 0.34200001
v -0.64785400 -8.22054642 0.34200001
v -0.64185395 -7.52554672 0.34200001
v -0.56785395 -8.22154682 0.34200001
v -0.52885404 -7.51754635 0.34200001
v -0.42185404 -7.51554650 0.34200001
v -0.44785407 -8.22554653 0.34200001
v 9.05614612 -5.30254667 0.00000000
v 7.38414619 5.13445312 0.00000000
v 7.40114639 5.10245330 0.00000000
v 6.79114578 4.95145327 0.00000000
v 9.05114601 -5.31254690 0.00000000
v 7.39314601 4.85145313 0.00000000
v 7.36814639 4.69345314 0.00000000
v 6.79814575 4.75845320 0.00000000
v -0.94785401 -7.58754700 0.34200001
v -0.80285397 -8.22954720 0.34200001
v -0.85585406 -7.56254643 0.34200001
v -0.19185403 -8.24954670 0.34200001
v -0.16485396 -8.26154679 0.34200001
v 0.10314593 -7.62154644 0.34200001
v -0.00885406 -7.58854645 0.34200001
v -0.76185396 -8.22354668 0.34200001
v -0.32385399 -7.52254646 0.34200001
v -1.03085401 -2.01754683 0.34200001
v -1.03085401 -2.01754683 0.00000000
v -1.04385402 -2.01454681 0.00000000
v -1.04385402 -2.01454681 0.34200001
v 7.41814563 4.95645315 0.00000000
v 7.40714595 4.91045315 0.00000000
v 6.79414604 4.80445320 0.00000000
v 6.79014633 4.87945325 0.00000000
v 7.42414615 4.99445326 0.00000000
v 7.42514560 5.02445323 0.00000000
v 6.79914615 4.68945319 0.00000000
v 6.79914615 4.60245330 0.00000000
v -1.66785401 -10.08954685 0.00000000
v -1.64485400 -10.13654679 0.00000000
v -1.64485400 -10.13654679 0.34200001
v -1.66785401 -10.08954685 0.34200001
v -1.72185401 -10.00454682 0.00000000
v -1.72185401 -10.00454682 0.34200001
v 7.13314578 5.29145319 0.00000000
v 7.17914626 5.28845317 0.00000000
v 7.22014568 5.28045327 0.00000000
v 7.25314567 5.26845319 0.00000000
v 7.26914642 5.25945312 0.00000000
v 7.28614566 5.24545318 0.00000000
v 7.30414626 5.23045332 0.00000000
v 7.32114646 5.21345312 0.00000000
v -1.01285401 -2.02754682 0.34200001
v -0.99585399 -2.04354685 0.34200001
v -1.01285401 -2.02754682 0.00000000
v -1.67185401 -10.07254666 0.00000000
v -1.66885401 -10.08154648 0.00000000
v -1.66885401 -10.08154648 0.34200001
v -1.67185401 -10.07254666 0.34200001
v 6.89614627 5.24445326 0.00000000
v 6.93614623 5.26145322 0.00000000
v 6.86914585 5.22145325 0.00000000
v 6.84514568 5.18645317 0.00000000
v -1.05585399 -2.01654666 0.34200001
v -1.71285401 -10.01554650 0.00000000
v -1.71285401 -10.01554650 0.34200001
v -1.05585399 -2.01654666 0.00000000
v -1.06485399 -2.02454680 0.34200001
v -1.70285400 -10.02354687 0.34200001
v -1.70285400 -10.02354687 0.00000000
v 6.82414577 5.13945324 0.00000000
v 6.98214576 5.27545316 0.00000000
v 6.80814597 5.08445317 0.00000000
v 7.03314636 5.28445322 0.00000000
v 6.79714630 5.02045328 0.00000000
v 7.08314559 5.28945333 0.00000000
v 7.33914611 5.19345314 0.00000000
v 7.35514591 5.17345316 0.00000000
v 7.37114570 5.15445334 0.00000000
v 7.42214630 5.05045325 0.00000000
v 7.41414592 5.07645327 0.00000000
v -0.12385407 -7.56054657 0.34200001
v -0.22985401 -8.24054688 0.34200001
v -1.06885400 -2.03754681 0.34200001
v -1.06885400 -2.03754681 0.00000000
v -1.06485399 -2.02454680 0.00000000
v 8.83314559 -5.48754662 0.00000000
v 8.83314559 -5.48754662 0.34200001
v 8.85914562 -5.46354693 0.34200001
v 7.34914634 4.46945316 0.00000000
v 7.33714626 4.20245320 0.00000000
v 6.79114578 4.38645322 0.00000000
v -0.91585400 -1.99854677 0.00000000
v -0.93385401 -2.01854675 0.00000000
v -0.93385401 -2.01854675 0.34200001
v -0.91585400 -1.99854677 0.34200001
v -0.14385405 -8.27754658 0.34200001
v -0.94985398 -2.03354686 0.00000000
v -0.94985398 -2.03354686 0.34200001
v 9.57414577 -5.59254664 0.00000000
v 9.57414577 -5.59254664 0.34200001
v 9.47314594 -5.71054667 0.34200001
v 9.47314594 -5.71054667 0.00000000
v -0.12685397 -8.29654663 0.34200001
v -0.96485403 -2.04354685 0.34200001
v -0.96485403 -2.04354685 0.00000000
v -0.11885395 -8.30754631 0.34200001
v -0.10685399 -8.31654709 0.34200001
v -0.09585407 -8.32554691 0.34200001
v 0.07114599 -8.37554711 0.34200001
v 9.36814639 -5.82154673 0.00000000
v 9.36814639 -5.82154673 0.34200001
v 9.26314590 -5.92354696 0.34200001
v 9.26314590 -5.92354696 0.00000000
v -0.87285402 -1.94254678 0.34200001
v -0.87285402 -1.94254678 0.00000000
v -0.89585402 -1.97354668 0.34200001
v 8.80814597 -5.50954693 0.34200001
v 8.80814597 -5.50954693 0.00000000
v 7.33214614 3.91745312 0.00000000
v 6.77714584 4.13745314 0.00000000
v 6.76814601 4.00745327 0.00000000
v -0.02885404 -8.34954708 0.34200001
v -0.04185405 -8.34854668 0.34200001
v -0.01385405 -8.35054653 0.34200001
v -0.05485406 -8.34554642 0.34200001
v 8.78214595 -5.53054684 0.00000000
v 8.78214595 -5.53054684 0.34200001
v 6.79614589 4.50045330 0.00000000
v 6.78514621 4.26445324 0.00000000
v 8.75914619 -5.54854696 0.00000000
v 8.75914619 -5.54854696 0.34200001
v -0.06885400 -8.34054630 0.34200001
v -0.99585399 -2.04354685 0.00000000
v 8.73814628 -5.56254690 0.00000000
v 8.73814628 -5.56254690 0.34200001
v 0.00314603 -8.35454720 0.34200001
v -0.08285406 -8.33354634 0.34200001
v 8.71914623 -5.57354658 0.00000000
v 8.71914623 -5.57354658 0.34200001
v 8.70414588 -5.58054655 0.00000000
v 8.70414588 -5.58054655 0.34200001
v -0.97685399 -2.04954665 0.34200001
v 0.04614601 -8.36654633 0.34200001
v 0.02414594 -8.36054676 0.34200001
v 9.24414585 3.49845321 0.00000000
v 9.27314613 3.56845326 0.00000000
v 9.83014629 3.33145327 0.00000000
v 9.78014610 3.21945328 0.00000000
v 9.29914615 3.63545329 0.00000000
v 9.72114608 3.10645325 0.00000000
v 9.21314571 3.42945320 0.00000000
v 9.65714595 2.99645323 0.00000000
v 9.18214557 3.36445326 0.00000000
v 9.06114623 3.11345321 0.00000000
v 9.06514594 3.11845321 0.00000000
v 9.51914642 2.80345327 0.00000000
v 9.45114562 2.72845322 0.00000000
v 9.58914611 2.89445323 0.00000000
v 9.07714603 3.16245324 0.00000000
v 9.89414642 3.53445322 0.00000000
v 9.86914585 3.43745322 0.00000000
v 9.31814620 3.69445330 0.00000000
v 8.69314620 -5.58354681 0.00000000
v 8.69314620 -5.58354681 0.34200001
v 8.68114612 -5.58454674 0.00000000
v 8.68114612 -5.58454674 0.34200001
v -0.98685398 -2.04854673 0.34200001
v 9.92114589 3.66545326 0.00000000
v 8.66614578 -5.59054678 0.00000000
v 8.66614578 -5.59054678 0.34200001
v 8.64714572 -5.59954661 0.00000000
v 8.64714572 -5.59954661 0.34200001
v 9.33214614 3.74545318 0.00000000
v 8.62614581 -5.61154669 0.00000000
v 8.62614581 -5.61154669 0.34200001
v -1.11285403 -2.14854687 0.00000000
v -1.11285403 -2.14854687 0.34200001
v -1.09085401 -2.14454668 0.00000000
v -1.09085401 -2.14454668 0.34200001
v 0.14714596 -8.40854710 0.34200001
v 8.60214565 -5.62554663 0.34200001
v 8.60214565 -5.62554663 0.00000000
v -1.07085403 -2.05554670 0.34200001
v -1.06685403 -2.07854670 0.00000000
v -1.06385400 -2.09954684 0.00000000
v -1.06385400 -2.09954684 0.34200001
v -1.06685403 -2.07854670 0.34200001
v 8.55214641 -5.65954655 0.00000000
v 8.55214641 -5.65954655 0.34200001
v -0.35385397 -8.22954720 0.34200001
v 8.52614639 -5.67854660 0.00000000
v 8.52614639 -5.67854660 0.34200001
v -0.22985401 -7.53754681 0.34200001
v -1.06385400 -2.11554688 0.00000000
v -1.06385400 -2.11554688 0.34200001
v 8.46014640 -5.72554653 0.00000000
v 8.46014640 -5.72554653 0.34200001
v -1.06785401 -2.12854689 0.00000000
v -1.07685402 -2.13754671 0.34200001
v -1.06785401 -2.12854689 0.34200001
v 9.15014598 3.30845327 0.00000000
v 9.11914585 3.25245327 0.00000000
v 9.10614631 3.22745318 0.00000000
v 9.13414619 3.27945322 0.00000000
v -0.28285399 -8.23454636 0.34200001
v -0.71185401 -8.22054642 0.34200001
v 8.39014575 -5.76754683 0.34200001
v 8.39014575 -5.76754683 0.00000000
v -1.07085403 -2.05554670 0.00000000
v 9.16414592 -6.00954693 0.00000000
v 9.16414592 -6.00954693 0.34200001
v 9.07414577 -6.07554691 0.34200001
v 9.07414577 -6.07554691 0.00000000
v 9.07014606 3.13145322 0.00000000
v 9.07014606 3.13945324 0.00000000
v 9.07214591 3.14845318 0.00000000
v 9.08414600 3.18045325 0.00000000
v 9.09414623 3.20245320 0.00000000
v 8.87414596 -6.19054669 0.34200001
v 8.85914562 -6.20454663 0.00000000
v 8.87414596 -6.19054669 0.00000000
v -1.08185401 -7.65754669 0.34200001
v -1.06985399 -7.64754646 0.34200001
v -1.09385404 -7.66554707 0.34200001
v -1.10685399 -7.67454689 0.34200001
v 8.99914596 -6.11854666 0.34200001
v 8.99914596 -6.11854666 0.00000000
v -1.01985403 -7.61654633 0.34200001
v -1.11985400 -7.68154686 0.34200001
v -0.83785405 -8.24054688 0.34200001
v -1.25285401 -7.73554676 0.34200001
v -0.90285399 -8.27754658 0.34200001
v -1.22985401 -7.72354668 0.34200001
v 8.89414642 -6.17654675 0.00000000
v 8.89414642 -6.17654675 0.34200001
v 9.02914569 3.10045320 0.00000000
v 9.03714607 3.10345322 0.00000000
v 9.34614608 2.62545324 0.00000000
v 9.01714561 3.09445328 0.00000000
v 9.04414604 3.10445327 0.00000000
v 8.94714591 3.03745324 0.00000000
v 8.96714637 3.05645317 0.00000000
v 8.94314620 -6.14654654 0.34200001
v 8.91714618 -6.16254681 0.34200001
v 8.91714618 -6.16254681 0.00000000
v 8.94314620 -6.14654654 0.00000000
v -1.13185402 -7.68754643 0.34200001
v -1.14385399 -7.69154709 0.34200001
v -0.86985400 -8.25554722 0.34200001
v -1.15485402 -7.69454640 0.34200001
v 8.97014568 -6.13254660 0.34200001
v 8.97014568 -6.13254660 0.00000000
v 9.06714580 3.12445325 0.00000000
v 8.84114597 -6.22554653 0.34200001
v 8.83714626 -6.23354691 0.34200001
v 8.83714626 -6.23354691 0.00000000
v 8.84114597 -6.22554653 0.00000000
v -1.17685404 -7.69754666 0.34200001
v -1.16485402 -7.69454640 0.34200001
v -1.19085404 -7.70354717 0.34200001
v -1.20885399 -7.71154659 0.34200001
v -1.27585402 -7.75054711 0.34200001
v -1.30085399 -7.76654690 0.34200001
v -0.94185403 -8.30454701 0.34200001
v 8.81014583 -6.25554674 0.00000000
v 8.81014583 -6.25554674 0.34200001
v 8.79914615 -6.26054686 0.34200001
v 8.79914615 -6.26054686 0.00000000
v -1.37585398 -7.82054680 0.34200001
v -1.45085400 -7.86954659 0.34200001
v -1.09485402 -8.42454689 0.34200001
v -1.42785400 -7.85454720 0.34200001
v 9.05014560 3.10545320 0.00000000
v 9.05514572 3.10945327 0.00000000
v 8.82114646 -6.24954670 0.00000000
v 8.82114646 -6.24954670 0.34200001
v 8.83014629 -6.24254673 0.00000000
v 8.83014629 -6.24254673 0.34200001
v -1.40285402 -7.83854645 0.34200001
v -1.02285400 -8.36654633 0.34200001
v 8.98514602 3.07145328 0.00000000
v 9.00214622 3.08445317 0.00000000
v 8.85914562 -6.20454663 0.34200001
v -1.47185400 -7.88354653 0.34200001
v -0.84785404 -1.90354675 0.00000000
v 8.84714553 -6.21554678 0.34200001
v 8.84714553 -6.21554678 0.00000000
v 8.92614601 3.01745326 0.00000000
v 8.90714595 2.99545318 0.00000000
v 8.88514564 2.97445328 0.00000000
v -0.89585402 -1.97354668 0.00000000
v -1.58585402 -7.98054665 0.34200001
v -1.53985402 -7.93154686 0.34200001
v -1.50385400 -7.90354698 0.34200001
v -1.48985400 -7.89454716 0.34200001
v 8.78614566 -6.26354664 0.00000000
v 8.78614566 -6.26354664 0.34200001
v -1.63685400 -8.04654663 0.34200001
v -1.15885403 -8.48054665 0.34200001
v 8.45814559 -6.38954704 0.00000000
v 8.45814559 -6.38954704 0.34200001
v 8.38114593 -6.42754715 0.34200001
v 8.38114593 -6.42754715 0.00000000
v -0.97685399 -2.04954665 0.00000000
v 8.86114642 2.95145327 0.00000000
v 8.80914638 2.90545327 0.00000000
v 8.50614593 -6.36454647 0.34200001
v 8.50614593 -6.36454647 0.00000000
v -0.98685398 -2.04854673 0.00000000
v 8.55314586 -6.34154671 0.34200001
v 8.55314586 -6.34154671 0.00000000
v 8.86914585 2.69645328 0.00000000
v 8.78214595 2.88445324 0.00000000
v 8.75614593 2.86445326 0.00000000
v 8.73214576 2.84845323 0.00000000
v -1.21185401 -8.53054684 0.34200001
v 8.71014640 2.83545322 0.00000000
v 8.57614562 2.76345319 0.00000000
v 8.90014598 2.29345322 0.00000000
v 8.59914634 -6.32054680 0.34200001
v 8.59914634 -6.32054680 0.00000000
v 8.64114616 -6.30254667 0.34200001
v 8.64114616 -6.30254667 0.00000000
v -1.84285401 -8.43254631 0.34200001
v -1.29785403 -8.64354675 0.34200001
v -1.83685401 -8.41254681 0.34200001
v -1.28185400 -8.61254662 0.34200001
v -1.83085401 -8.39454716 0.34200001
v 9.20114562 2.48545325 0.00000000
v 9.26314590 2.54445321 0.00000000
v 9.15514610 2.44245321 0.00000000
v 8.68014572 -6.28754681 0.00000000
v 8.68014572 -6.28754681 0.34200001
v 8.71314571 -6.27654665 0.34200001
v 8.71314571 -6.27654665 0.00000000
v -1.85785401 -8.47354668 0.34200001
v -1.86585401 -8.49454659 0.34200001
v -1.87485401 -8.51254719 0.34200001
v -1.73785401 -8.19854706 0.34200001
v -1.78185401 -8.27454632 0.34200001
v -1.81385401 -8.34154671 0.34200001
v 8.73914573 -6.26954668 0.34200001
v 8.73914573 -6.26954668 0.00000000
v 8.75814578 -6.26754683 0.34200001
v 8.75814578 -6.26754683 0.00000000
v -1.68885400 -8.12054699 0.34200001
v -1.25285401 -8.57554691 0.34200001
v -1.88285401 -8.52954643 0.34200001
v -1.29885402 -8.66454666 0.34200001
v 9.02714584 2.36145324 0.00000000
v 9.01914642 2.35345322 0.00000000
v 9.01114604 2.34445322 0.00000000
v 9.00214622 2.33545322 0.00000000
v -1.07685402 -2.13754671 0.00000000
v 8.77214572 -6.26654690 0.00000000
v 8.77214572 -6.26654690 0.34200001
v 9.03714607 2.36845321 0.00000000
v 1.34314606 -8.85954636 0.34200001
v 1.25414607 -8.86754673 0.34200001
v 1.42514608 -8.82654637 0.34200001
v 1.49714610 -8.76954716 0.34200001
v 1.55614588 -8.68754643 0.34200001
v 6.64814613 -5.45654696 0.00000000
v 6.64814613 -5.45654696 0.34200001
v 6.68214557 -5.50254696 0.34200001
v 9.04614589 2.37545324 0.00000000
v 9.05514572 2.38145322 0.00000000
v 0.83314607 -7.90554684 0.34200001
v 6.63114593 -5.43454664 0.34200001
v 6.63114593 -5.43454664 0.00000000
v 0.56514594 -8.58654659 0.34200001
v 0.57814596 -8.58754700 0.34200001
v 6.59914634 -5.38054674 0.34200001
v 6.59914634 -5.38054674 0.00000000
v 9.10214565 2.39845324 0.00000000
v 9.08714626 2.39145321 0.00000000
v 9.07614562 2.38945324 0.00000000
v 9.12414596 2.41445321 0.00000000
v 9.07014606 2.38845325 0.00000000
v -1.24585399 -2.15754669 0.34200001
v -1.24585399 -2.15754669 0.00000000
v -1.26885399 -2.15454667 0.00000000
v -1.26885399 -2.15454667 0.34200001
v 0.66414592 -8.60254639 0.34200001
v 6.56814620 -5.30654686 0.34200001
v 6.56814620 -5.30654686 0.00000000
v -1.28585401 -2.14954680 0.00000000
v -1.28585401 -2.14954680 0.34200001
v 6.54214618 -5.22154682 0.34200001
v 6.54214618 -5.22154682 0.00000000
v -1.29885402 -2.14254683 0.00000000
v -1.29885402 -2.14254683 0.34200001
v 8.98114631 2.32045323 0.00000000
v 8.99214599 2.32745320 0.00000000
v 8.96914623 2.31345320 0.00000000
v 8.95714614 2.30745322 0.00000000
v 0.77714608 -8.64054650 0.34200001
v 6.52014587 -5.12854689 0.34200001
v 6.52014587 -5.12854689 0.00000000
v -1.30985400 -2.13154667 0.34200001
v -1.30985400 -2.13154667 0.00000000
v 6.50514552 -5.03554695 0.34200001
v 6.50514552 -5.03554695 0.00000000
v -1.31685403 -2.11554688 0.34200001
v -1.31685403 -2.11554688 0.00000000
v 6.49714610 -4.94654673 0.34200001
v 6.49714610 -4.94654673 0.00000000
v -1.32285401 -2.09654682 0.00000000
v -1.32285401 -2.09654682 0.34200001
v 6.49614570 -4.86754673 0.34200001
v 6.49614570 -4.86754673 0.00000000
v -1.33685401 -2.06154674 0.00000000
v -1.33685401 -2.06154674 0.34200001
v 6.50614593 -4.80654686 0.34200001
v 6.50614593 -4.80654686 0.00000000
v 1.16014597 -8.85054653 0.34200001
v 8.87614581 2.27845324 0.00000000
v 8.88814590 2.28645325 0.00000000
v -1.36285403 -2.01854675 0.00000000
v -1.36285403 -2.01854675 0.34200001
v 6.52614639 -4.75354689 0.34200001
v 6.52614639 -4.75354689 0.00000000
v -1.39585402 -1.97254675 0.00000000
v 6.56014583 -4.68754690 0.34200001
v 6.56014583 -4.68754690 0.00000000
v 8.94514606 2.30345321 0.00000000
v 8.93314597 2.30045325 0.00000000
v 8.92114589 2.29945320 0.00000000
v 8.91114566 2.29845322 0.00000000
v -1.14185401 -2.15354675 0.00000000
v -1.17985400 -2.15554684 0.00000000
v -1.17985400 -2.15554684 0.34200001
v -1.14185401 -2.15354675 0.34200001
v 6.60414646 -4.61454695 0.34200001
v 6.60414646 -4.61454695 0.00000000
v -1.21685400 -2.15754669 0.00000000
v -1.21685400 -2.15754669 0.34200001
v 2.19614599 -9.63854664 0.34200001
v 2.11914585 -9.75754708 0.34200001
v 2.20714614 -9.63754719 0.34200001
v 6.65314624 -4.54054659 0.34200001
v 8.81614635 2.18845320 0.00000000
v 8.46114585 2.70945317 0.00000000
v 8.82814643 2.20445324 0.00000000
v 8.84614608 2.24045325 0.00000000
v 2.17214582 -9.62854641 0.34200001
v 2.16014621 -9.62354630 0.34200001
v 2.09514592 -9.73054665 0.34200001
v 7.67214630 -5.90654677 0.00000000
v 7.54214618 -5.90554684 0.00000000
v 7.54214618 -5.90554684 0.34200001
v 7.67214630 -5.90654677 0.34200001
v 7.42414615 -5.89754694 0.00000000
v 7.42414615 -5.89754694 0.34200001
v 8.85514591 2.25445325 0.00000000
v 8.86514613 2.26745326 0.00000000
v 4.18714616 3.66645319 0.00000000
v -1.68785402 -10.04254692 0.00000000
v -1.68785402 -10.04254692 0.34200001
v 4.17814586 3.61545319 0.00000000
v 4.16814611 3.56245322 0.00000000
v -1.68085400 -10.05254715 0.00000000
v -1.68085400 -10.05254715 0.34200001
v 4.15814588 3.50845320 0.00000000
v 8.31514594 -5.80254667 0.34200001
v 8.31514594 -5.80254667 0.00000000
v -1.67585401 -10.06254643 0.00000000
v -1.67585401 -10.06254643 0.34200001
v 4.15014598 3.45745320 0.00000000
v 4.14114616 3.40845317 0.00000000
v 8.23214576 -5.83154696 0.00000000
v 8.23214576 -5.83154696 0.34200001
v 8.14914558 2.65245325 0.00000000
v 8.25414607 2.65445322 0.00000000
v 8.23714588 2.07045323 0.00000000
v 8.14214561 -5.85654658 0.00000000
v 8.14214561 -5.85654658 0.34200001
v 8.40414569 2.10345322 0.00000000
v 8.32114646 2.08445323 0.00000000
v 8.04314563 -5.87554663 0.00000000
v 8.04314563 -5.87554663 0.34200001
v 8.44314620 2.11345324 0.00000000
v -1.58485400 -10.22054642 0.00000000
v -1.58485400 -10.22054642 0.34200001
v 7.93314597 -5.89054697 0.00000000
v 7.93314597 -5.89054697 0.34200001
v 8.52514598 2.13045323 0.00000000
v 8.35614631 2.67445320 0.00000000
v -1.49785402 -10.32954663 0.00000000
v -1.49785402 -10.32954663 0.34200001
v 8.56514594 2.13745323 0.00000000
v 7.81214568 -5.90054672 0.00000000
v 7.81214568 -5.90054672 0.34200001
v -1.39685401 -10.44754666 0.00000000
v -1.39685401 -10.44754666 0.34200001
v 4.13514612 3.36445326 0.00000000
v -1.29385402 -10.56354683 0.00000000
v -1.29385402 -10.56354683 0.34200001
v 4.12914607 3.32145328 0.00000000
v 8.06314609 -6.51854675 0.00000000
v 8.06314609 -6.51854675 0.34200001
v 7.96914623 -6.52654713 0.00000000
v 8.75114581 2.15445322 0.00000000
v 8.72514579 2.15145323 0.00000000
v 8.69514606 2.15145323 0.00000000
v 8.67014644 2.15045322 0.00000000
v 8.63914630 2.14745322 0.00000000
v 8.60414646 2.14345322 0.00000000
v 8.80414626 2.17545325 0.00000000
v 4.12014577 3.27545327 0.34200001
v 4.12014577 3.27545327 0.00000000
v 4.11114595 3.22645325 0.00000000
v 8.13814590 -6.50854653 0.00000000
v 8.13814590 -6.50854653 0.34200001
v 2.14214609 -10.69154709 0.00000000
v 2.14214609 -10.69154709 0.34200001
v 2.11614606 -10.71454685 0.34200001
v 2.11614606 -10.71454685 0.00000000
v 4.12914607 3.32145328 0.34200001
v 8.20214603 -6.49654644 0.00000000
v 8.20214603 -6.49654644 0.34200001
v 2.16514585 -10.67054718 0.00000000
v 2.16514585 -10.67054718 0.34200001
v 8.26014564 -6.47954720 0.00000000
v 8.26014564 -6.47954720 0.34200001
v 7.73214576 2.73445327 0.00000000
v 7.46814582 2.18745322 0.00000000
v 7.70014617 2.74945325 0.00000000
v 2.18214605 -10.65154713 0.00000000
v 2.18214605 -10.65154713 0.34200001
v 8.31714580 -6.45754688 0.00000000
v 8.31714580 -6.45754688 0.34200001
v 4.08714578 3.12545318 0.00000000
v 7.36214588 2.25245321 0.00000000
v 7.65914581 2.78045327 0.00000000
v 2.19314620 -10.63754719 0.00000000
v 2.19314620 -10.63754719 0.34200001
v 4.07514617 3.07745320 0.00000000
v 2.20314596 -10.62354630 0.34200001
v 2.20314596 -10.62354630 0.00000000
v 7.61214588 2.82345325 0.00000000
v 7.25114581 2.33945323 0.00000000
v 4.00714586 2.86645324 0.00000000
v 3.99214599 2.82045323 0.00000000
v 2.08614609 -10.73854702 0.34200001
v 2.08614609 -10.73854702 0.00000000
v 6.88114593 -5.67354696 0.34200001
v 6.88114593 -5.67354696 0.00000000
v 6.86414573 -5.67254656 0.00000000
v 6.86414573 -5.67254656 0.34200001
v 7.56214568 2.87645323 0.00000000
v 7.14014575 2.44345326 0.00000000
v 7.46114585 2.99745328 0.00000000
v 6.94114635 2.67645318 0.00000000
v 7.41714618 3.05945319 0.00000000
v 6.84414623 -5.67154663 0.00000000
v 6.84414623 -5.67154663 0.34200001
v 4.02214620 2.91145319 0.00000000
v 6.86414573 2.79445321 0.00000000
v 6.81014583 2.90645320 0.00000000
v 7.38114593 3.11745328 0.00000000
v 6.78214595 2.99045319 0.00000000
v 6.92214630 -5.68654698 0.00000000
v 6.90214584 -5.67854660 0.00000000
v 6.90214584 -5.67854660 0.34200001
v 6.92214630 -5.68654698 0.34200001
v 3.97714612 2.77345318 0.00000000
v 7.51014564 2.93545324 0.00000000
v 7.03514621 2.55645323 0.00000000
v 4.03614614 2.95445318 0.00000000
v 6.82614562 -5.66754692 0.00000000
v 6.82614562 -5.66754692 0.34200001
v 1.95014593 -10.83154648 0.34200001
v 1.91814611 -10.85254639 0.34200001
v 1.91814611 -10.85254639 0.00000000
v 1.95014593 -10.83154648 0.00000000
v 4.06214616 3.03245324 0.00000000
v 1.98514602 -10.80954712 0.00000000
v 1.98514602 -10.80954712 0.34200001
v 6.94414565 -5.69654673 0.00000000
v 6.94414565 -5.69654673 0.34200001
v 3.96314618 2.72845322 0.00000000
v 2.02014611 -10.78654640 0.00000000
v 2.02014611 -10.78654640 0.34200001
v 6.80914638 -5.66254681 0.00000000
v 6.80914638 -5.66254681 0.34200001
v 3.95014617 2.68645329 0.00000000
v 2.05414603 -10.76254719 0.00000000
v 2.05414603 -10.76254719 0.34200001
v 7.31714580 -5.88254660 0.34200001
v 7.31714580 -5.88254660 0.00000000
v 3.79314611 2.35245324 0.00000000
v 3.72114608 2.22945321 0.00000000
v 6.76214645 3.08145327 0.00000000
v 7.35814617 3.21745319 0.00000000
v 6.74714610 3.18445319 0.00000000
v 6.74014613 3.30245323 0.00000000
v 7.34214637 3.40045327 0.00000000
v 6.73814628 3.43845326 0.00000000
v 7.33314559 3.64245326 0.00000000
v 6.74114559 3.60045320 0.00000000
v 6.75214622 3.78845317 0.00000000
v 7.22314594 -5.86054676 0.00000000
v 7.22314594 -5.86054676 0.34200001
v 3.64614580 2.11145324 0.00000000
v 7.14314601 -5.83354681 0.00000000
v 7.14314601 -5.83354681 0.34200001
v 8.78914592 2.16545323 0.00000000
v 8.77114627 2.15845323 0.00000000
v 1.80314610 -10.95554703 0.00000000
v 1.80314610 -10.95554703 0.34200001
v 1.79514596 -10.95954674 0.34200001
v 1.79514596 -10.95954674 0.00000000
v 7.07714603 -5.79954689 0.00000000
v 7.07714603 -5.79954689 0.34200001
v 3.93914602 2.64845324 0.00000000
v 1.80814597 -10.95054691 0.00000000
v 1.80814597 -10.95054691 0.34200001
v 7.02714584 -5.75854700 0.00000000
v 7.02714584 -5.75854700 0.34200001
v 3.90814588 2.57245321 0.00000000
v 7.00714633 -5.74054688 0.00000000
v 7.00714633 -5.74054688 0.34200001
v 6.96514556 -5.70854681 0.00000000
v 6.96514556 -5.70854681 0.34200001
v 3.85814617 2.47045321 0.00000000
v 1.81114600 -10.94554680 0.00000000
v 1.81114600 -10.94554680 0.34200001
v 7.68214557 2.12045324 0.00000000
v 7.65014598 2.12945322 0.00000000
v 7.89414642 2.69245321 0.00000000
v 7.91614578 2.06145323 0.00000000
v 7.85014579 2.07145322 0.00000000
v 8.03114555 2.66545320 0.00000000
v 1.81214592 -10.94054669 0.34200001
v 1.81214592 -10.94054669 0.00000000
v 1.81514594 -10.93354672 0.34200001
v 1.81514594 -10.93354672 0.00000000
v 6.79414604 -5.65454691 0.00000000
v 6.79414604 -5.65454691 0.34200001
v 4.07114599 1.67845323 0.00000000
v 3.98814580 1.57545323 0.00000000
v 6.78014610 -5.64454668 0.00000000
v 6.78014610 -5.64454668 0.34200001
v 4.14714620 1.77545323 0.00000000
v 1.82614610 -10.92254704 0.00000000
v 1.82614610 -10.92254704 0.34200001
v 6.76814601 -5.63354700 0.00000000
v 6.76814601 -5.63354700 0.34200001
v 4.21114585 1.86445323 0.00000000
v 8.07014606 2.05645323 0.00000000
v 7.99114559 2.05745322 0.00000000
v 7.79114578 2.08545322 0.00000000
v 7.76814601 2.09345323 0.00000000
v 8.15214584 2.06145323 0.00000000
v 6.75714633 -5.61954659 0.34200001
v 6.75714633 -5.61954659 0.00000000
v 6.73814628 -5.58854693 0.00000000
v 6.73814628 -5.58854693 0.34200001
v 6.74714610 -5.60354679 0.34200001
v 6.74714610 -5.60354679 0.00000000
v 2.13514612 -9.61954659 0.34200001
v 2.14814613 -9.62054699 0.34200001
v 2.12114618 -9.61954659 0.34200001
v 2.07414601 -9.71554630 0.34200001
v 2.10714600 -9.62154644 0.34200001
v 2.18514583 -9.63454693 0.34200001
v 2.10914609 -9.74454659 0.34200001
v 2.09414599 -9.62354630 0.34200001
v 7.56214568 2.15145323 0.00000000
v 7.58914611 2.14545322 0.00000000
v -1.43485400 -1.92554682 0.00000000
v -1.43485400 -1.92554682 0.34200001
v -1.39585402 -1.97254675 0.34200001
v 6.72614620 -5.57054680 0.00000000
v 6.72614620 -5.57054680 0.34200001
v 2.03814599 -9.65254658 0.34200001
v 2.03114602 -9.66054695 0.34200001
v 2.03214595 -9.67654675 0.34200001
v 2.04114601 -9.68654698 0.34200001
v 2.02914593 -9.66854637 0.34200001
v 2.05014608 -9.64454716 0.34200001
v 2.06814597 -9.63454693 0.34200001
v 2.05514595 -9.69854706 0.34200001
v 2.08114598 -9.62854641 0.34200001
v 2.10514591 -9.83854645 0.34200001
v 2.11514590 -9.81054657 0.34200001
v 2.12214610 -9.78854721 0.34200001
v 2.21814582 -9.63454693 0.34200001
v 2.02714608 -9.96454685 0.34200001
v 2.03914592 -9.95554703 0.34200001
v 1.96214602 -9.97254723 0.34200001
v 1.97714589 -9.96854656 0.34200001
v 1.94714591 -9.98054665 0.34200001
v 2.08914587 -9.87554711 0.34200001
v 2.07614610 -9.90254658 0.34200001
v 2.06314609 -9.92454689 0.34200001
v 2.05114601 -9.94254654 0.34200001
v 2.00314591 -9.97254723 0.34200001
v 2.01514599 -9.97054642 0.34200001
v 2.22714612 -9.62654656 0.34200001
v 1.93014595 -9.99454659 0.34200001
v 1.86914608 -10.06854695 0.34200001
v 1.89114592 -10.03754681 0.34200001
v 1.91214607 -10.01354664 0.34200001
v 1.81914589 -10.14454716 0.34200001
v 1.84514592 -10.10454720 0.34200001
v 1.79514596 -10.17754715 0.34200001
v 1.73314593 -10.23654717 0.34200001
v 1.71414587 -10.24654644 0.34200001
v 1.75314591 -10.22254723 0.34200001
v 1.29914591 -10.45254677 0.34200001
v 1.28614590 -10.44954651 0.34200001
v 1.39114592 -11.11354702 0.34200001
v 1.33614609 -11.14454716 0.34200001
v 1.45914600 -11.08054703 0.34200001
v 1.26614592 -10.44354695 0.34200001
v 1.25514600 -10.44354695 0.34200001
v 1.24614594 -10.44454640 0.34200001
v 1.53214595 -11.04754704 0.34200001
v 1.31414602 -10.45054691 0.34200001
v 1.33314607 -10.44454640 0.34200001
v 1.60514591 -11.01654690 0.34200001
v 1.21814606 -10.46154659 0.34200001
v 1.19714591 -10.48054665 0.34200001
v 1.23714588 -10.44654720 0.34200001
v 1.23014591 -10.45054691 0.34200001
v 1.22314594 -10.45554703 0.34200001
v 1.29814598 -11.16954678 0.34200001
v 1.07814596 -10.52254646 0.34200001
v 1.12414596 -10.51054638 0.34200001
v 1.27214596 -11.18254631 0.34200001
v 1.28814599 -11.17554634 0.34200001
v 1.25014589 -11.18854683 0.34200001
v 1.22514603 -11.19554680 0.34200001
v 1.19614599 -11.20254677 0.34200001
v 1.16514609 -11.20954674 0.34200001
v 1.03214595 -10.52854698 0.34200001
v 1.16514609 -10.49654644 0.34200001
v 1.13114593 -11.21554630 0.34200001
v 1.02214596 -11.23154705 0.34200001
v 1.06214592 -11.22554653 0.34200001
v 0.99014590 -10.53154724 0.34200001
v 0.95514605 -10.52854698 0.34200001
v 1.09814594 -11.21954697 0.34200001
v 0.86914608 -10.53454655 0.34200001
v 0.87814591 -10.52254646 0.34200001
v 0.86114595 -10.54754704 0.34200001
v 0.85014603 -10.56654709 0.34200001
v 0.89514611 -10.50954693 0.34200001
v 0.88614604 -10.51454704 0.34200001
v 0.83614609 -10.58054703 0.34200001
v 0.91314599 -10.50854653 0.34200001
v 0.90314600 -10.50754708 0.34200001
v 0.81814597 -10.59254711 0.34200001
v 0.92214606 -10.51154679 0.34200001
v 0.93214605 -10.51754635 0.34200001
v 0.79214594 -10.59954708 0.34200001
v 0.97914598 -11.23954647 0.34200001
v 0.75714609 -10.60554665 0.34200001
v 0.84714601 -11.26654690 0.34200001
v 0.71114609 -10.60854691 0.34200001
v 0.52114603 -11.33254688 0.34200001
v 0.60114596 -11.32254666 0.34200001
v 0.48214600 -10.60954636 0.34200001
v 0.20514605 -10.48254650 0.34200001
v 0.20314596 -10.47254723 0.34200001
v 0.18514607 -10.47454708 0.34200001
v 0.19114587 -10.46754711 0.34200001
v 0.20114610 -10.46554630 0.34200001
v 0.19714591 -10.46454685 0.34200001
v 0.17414591 -10.48654717 0.34200001
v 0.20614598 -10.49754685 0.34200001
v 0.16114590 -10.50354641 0.34200001
v 0.21114609 -10.52654713 0.34200001
v 0.25114605 -10.56954640 0.34200001
v 0.06714604 -11.27654713 0.34200001
v 0.28914592 -10.58554714 0.34200001
v 0.22614596 -10.55054634 0.34200001
v -0.07885399 -11.24854630 0.34200001
v 0.33914587 -10.59654682 0.34200001
v 0.14814589 -11.29754704 0.34200001
v -1.30285403 -8.75454682 0.34200001
v -1.29885402 -8.73654717 0.34200001
v -1.29585400 -8.71954697 0.34200001
v -1.29485401 -8.70354717 0.34200001
v -1.29485401 -8.68754643 0.34200001
v -1.29585400 -8.67554634 0.34200001
v -1.31385400 -8.78954666 0.34200001
v -1.30785402 -8.77254646 0.34200001
v -1.33285400 -8.86054676 0.34200001
v -1.32485398 -8.82154720 0.34200001
v -1.95185401 -8.75254696 0.34200001
v -1.89085401 -8.54254692 0.34200001
v -1.92585401 -8.62954682 0.34200001
v -1.96785401 -8.90054672 0.34200001
v -1.97385401 -9.05954712 0.34200001
v -1.34085401 -8.95954674 0.34200001
v -1.33885398 -8.90554684 0.34200001
v -1.25385400 -9.43854683 0.34200001
v -1.37085399 -9.59154671 0.34200001
v -1.24185404 -9.44754666 0.34200001
v -1.23085400 -9.45854634 0.34200001
v -1.13885399 2.99045319 0.34200001
v -0.94685402 2.42545325 0.34200001
v -1.10185399 3.00145323 0.34200001
v -1.06385400 3.01345319 0.34200001
v -1.39685401 2.89645321 0.34200001
v -1.41685402 2.88445324 0.34200001
v -1.20585402 2.97145325 0.34200001
v 1.77714608 -10.96554630 0.00000000
v 1.77714608 -10.96554630 0.34200001
v -1.08285400 -0.91154688 0.00000000
v 4.43014619 -2.51554697 0.00000000
v 4.43014619 -2.51554697 0.34200001
v 4.35114620 -2.52354687 0.34200001
v 4.35114620 -2.52354687 0.00000000
v 6.71314571 -5.54954689 0.00000000
v 6.71314571 -5.54954689 0.34200001
v 1.84214589 -10.90854710 0.34200001
v 1.84214589 -10.90854710 0.00000000
v 6.68214557 -5.50254696 0.00000000
v 6.69814632 -5.52654665 0.34200001
v 6.69814632 -5.52654665 0.00000000
v 3.51514575 1.92345322 0.00000000
v 3.46914623 1.87445324 0.00000000
v -1.59785401 -0.88154667 0.00000000
v -1.60885402 -0.88254684 0.00000000
v -2.00085401 -0.19854682 0.00000000
v 1.76714609 -10.96654671 0.00000000
v 1.86314604 -10.89154690 0.34200001
v 1.86314604 -10.89154690 0.00000000
v 3.45914600 1.86445323 0.00000000
v 1.76714609 -10.96654671 0.34200001
v 1.75614593 -10.96654671 0.34200001
v 1.75614593 -10.96654671 0.00000000
v -1.53885400 -0.85754674 0.00000000
v -1.55585402 -0.86554688 0.00000000
v 3.44614599 1.85045323 0.00000000
v -1.50485402 -0.83554667 0.00000000
v -1.48885402 -0.82354682 0.00000000
v 3.43114612 1.83245323 0.00000000
v 3.41314599 1.81145323 0.00000000
v 6.88514564 -6.33754700 0.34200001
v 6.86814639 -6.32654684 0.34200001
v 6.86814639 -6.32654684 0.00000000
v 6.88514564 -6.33754700 0.00000000
v 3.39314601 1.78845323 0.00000000
v 6.90014598 -6.34854668 0.34200001
v 6.90014598 -6.34854668 0.00000000
v 1.88814590 -10.87254685 0.00000000
v 1.88814590 -10.87254685 0.34200001
v -1.39485400 -0.76454681 0.00000000
v -1.39985400 -0.76354688 0.00000000
v 6.91414592 -6.35954636 0.00000000
v 6.91414592 -6.35954636 0.34200001
v 3.37414596 1.76345323 0.00000000
v 6.98314617 -6.41154640 0.00000000
v 6.98314617 -6.41154640 0.34200001
v -1.47385400 -0.81154674 0.00000000
v -1.97685401 -0.17454677 0.00000000
v 7.06414554 -6.45554703 0.00000000
v 7.06414554 -6.45554703 0.34200001
v 1.67014596 -10.99054688 0.00000000
v 1.72314594 -10.97354668 0.00000000
v 1.72314594 -10.97354668 0.34200001
v -1.40485402 -0.76454681 0.00000000
v -1.70885402 -0.06454676 0.00000000
v 3.35214612 1.73745323 0.00000000
v 3.33214614 1.71045323 0.00000000
v 1.19614599 -11.20254677 0.00000000
v 1.16514609 -11.20954674 0.00000000
v 6.85014579 -6.31554669 0.34200001
v 6.83214614 -6.30654686 0.34200001
v 6.83214614 -6.30654686 0.00000000
v 6.85014579 -6.31554669 0.00000000
v 1.22514603 -11.19554680 0.00000000
v 7.15714595 -6.48954647 0.34200001
v 7.15714595 -6.48954647 0.00000000
v 1.27214596 -11.18254631 0.00000000
v 1.25014589 -11.18854683 0.00000000
v 3.57514617 2.00545323 0.00000000
v -1.61885401 -0.88454669 0.00000000
v -1.63285401 -0.88654679 0.00000000
v -1.64785401 -0.89154666 0.00000000
v -1.66485402 -0.89654678 0.00000000
v -2.04185400 -0.23454672 0.00000000
v -1.68285401 -0.90354675 0.00000000
v -1.58585402 -0.87854689 0.00000000
v -1.57085400 -0.87254685 0.00000000
v 7.26514575 -6.51454704 0.00000000
v 7.26514575 -6.51454704 0.34200001
v 7.38714645 -6.53254669 0.34200001
v 2.53514621 1.69245323 0.00000000
v 2.53514621 1.69245323 0.34200001
v 2.54214618 1.67245323 0.34200001
v 2.54214618 1.67245323 0.00000000
v -1.70285400 -0.91054671 0.00000000
v -2.08185401 -0.26154679 0.00000000
v -1.72085401 -0.91854685 0.00000000
v 6.25614593 -5.92954701 0.00000000
v 6.38714645 -6.08054655 0.00000000
v 6.38714645 -6.08054655 0.34200001
v 2.34614608 1.93445322 0.00000000
v 2.17214582 2.11545322 0.00000000
v 1.28814599 -11.17554634 0.00000000
v 6.42414615 -6.11654680 0.00000000
v 6.42414615 -6.11654680 0.34200001
v 2.47414586 1.78645323 0.00000000
v 6.46314571 -6.15154665 0.00000000
v 6.46314571 -6.15154665 0.34200001
v 1.29814598 -11.16954678 0.00000000
v 0.19914601 5.07545335 0.00000000
v 0.24814603 5.01545317 0.00000000
v 1.33614609 -11.14454716 0.00000000
v 6.50714633 -6.18054693 0.00000000
v 6.50714633 -6.18054693 0.34200001
v 1.39114592 -11.11354702 0.00000000
v -0.98285403 -0.98054689 0.00000000
v 6.55414626 -6.20854681 0.00000000
v 6.55414626 -6.20854681 0.34200001
v 0.38914606 4.78745324 0.00000000
v 0.40614602 4.74545318 0.00000000
v 1.45914600 -11.08054703 0.00000000
v 6.60414646 -6.23254698 0.00000000
v 6.60414646 -6.23254698 0.34200001
v 0.37214610 4.82845313 0.00000000
v 1.53214595 -11.04754704 0.00000000
v 0.34914610 4.86945326 0.00000000
v 1.60514591 -11.01654690 0.00000000
v 0.32214591 4.91345317 0.00000000
v 1.67014596 -10.99054688 0.34200001
v -0.93085399 -1.03854674 0.00000000
v -0.92085400 -1.04854673 0.00000000
v -0.90885403 -1.05854672 0.00000000
v -0.81985405 -1.09154671 0.00000000
v -0.95485404 -1.00954669 0.00000000
v -0.89585402 -1.06754678 0.00000000
v -0.86685398 -1.08254688 0.00000000
v -0.88185396 -1.07554668 0.00000000
v 6.65914581 -6.25354689 0.00000000
v 6.65914581 -6.25354689 0.34200001
v 0.28914592 4.96145326 0.00000000
v -2.12085402 -0.27854675 0.00000000
v -1.86585401 -0.96454685 0.00000000
v 6.71814582 -6.27254694 0.00000000
v 6.71814582 -6.27254694 0.34200001
v -1.83685401 -0.95854681 0.00000000
v 0.47114608 4.60845334 0.00000000
v 0.47814605 4.59645325 0.00000000
v 0.77114603 -11.28554695 0.00000000
v 0.77114603 -11.28554695 0.34200001
v 0.68514607 -11.30554646 0.34200001
v 0.68514607 -11.30554646 0.00000000
v -2.15785402 -0.28554671 0.00000000
v -1.80785401 -0.95154684 0.00000000
v 6.78014610 -6.28754681 0.34200001
v 6.78014610 -6.28754681 0.00000000
v 0.84714601 -11.26654690 0.00000000
v 0.45714590 4.62945325 0.00000000
v 6.79614589 -6.29254692 0.34200001
v 6.79614589 -6.29254692 0.00000000
v -2.19085401 -0.28454679 0.00000000
v 0.97914598 -11.23954647 0.00000000
v 1.02214596 -11.23154705 0.00000000
v 6.81414554 -6.29854696 0.34200001
v 6.81414554 -6.29854696 0.00000000
v -1.78185401 -0.94554680 0.00000000
v 0.50514600 4.54445321 0.00000000
v 0.52314589 4.50645334 0.00000000
v 0.49014590 4.57445318 0.00000000
v -1.73885402 -0.92754667 0.00000000
v -1.75785401 -0.93654674 0.00000000
v 3.89914605 1.47245323 0.00000000
v 0.44914601 4.64445311 0.00000000
v -0.18085399 -1.66554683 0.00000000
v -0.18085399 -1.71054667 0.00000000
v -0.76185396 -1.64054673 0.00000000
v 1.13114593 -11.21554630 0.00000000
v 0.44114587 4.66245324 0.00000000
v -0.75485399 -1.57354682 0.00000000
v 1.06214592 -11.22554653 0.00000000
v 1.09814594 -11.21954697 0.00000000
v 3.66314599 1.22245324 0.00000000
v 3.66314599 1.22245324 0.34200001
v 3.59814594 1.16345323 0.34200001
v 3.59814594 1.16345323 0.00000000
v 0.43114588 4.68245322 0.00000000
v -0.73885396 -1.36954683 0.00000000
v -0.73785403 -1.32254666 0.00000000
v -0.16385403 -1.46154683 0.00000000
v 0.42214606 4.70245320 0.00000000
v 3.71614597 1.27345324 0.00000000
v 0.23814604 -11.32154720 0.00000000
v 0.23814604 -11.32154720 0.34200001
v 0.17914603 -11.30554646 0.34200001
v 0.17914603 -11.30554646 0.00000000
v 0.41314599 4.72345335 0.00000000
v 3.80814597 1.36945323 0.00000000
v -0.12685397 -1.42754667 0.00000000
v -0.11585405 -1.42354673 0.00000000
v 3.28914592 1.66245323 0.00000000
v 3.28914592 1.66245323 0.34200001
v 0.30214593 -11.33154648 0.34200001
v 0.30214593 -11.33154648 0.00000000
v -0.17985406 -1.60354679 0.00000000
v -0.77185407 -1.69854682 0.00000000
v -0.18285396 -1.75454682 0.00000000
v 0.56414602 4.41445333 0.00000000
v 0.58514593 4.36245329 0.00000000
v 0.52114603 -11.33254688 0.00000000
v 3.39114616 0.98645324 0.00000000
v 3.39114616 0.98645324 0.34200001
v 3.33414600 0.94245321 0.34200001
v 3.33414600 0.94245321 0.00000000
v 0.60114596 -11.32254666 0.00000000
v 3.52814576 1.10045320 0.00000000
v 3.52814576 1.10045320 0.34200001
v 3.45714614 1.04145325 0.34200001
v 3.45714614 1.04145325 0.00000000
v 0.60714600 4.30845315 0.00000000
v 0.54214594 4.46345312 0.00000000
v -0.27285400 -11.21854656 0.00000000
v -0.27285400 -11.21854656 0.34200001
v -0.31685403 -11.20954674 0.34200001
v -0.31685403 -11.20954674 0.00000000
v -0.22985401 -1.93554681 0.00000000
v -0.23285403 -1.94454687 0.00000000
v -0.78185406 -1.74754685 0.00000000
v -0.80885401 -1.83054679 0.00000000
v -0.79385402 -1.79154676 0.00000000
v -0.22385397 -1.92654675 0.00000000
v -0.23385396 -1.95354670 0.00000000
v -0.21585395 -1.91854685 0.00000000
v -0.20885399 -1.90654677 0.00000000
v -0.20185402 -1.88754671 0.00000000
v -0.22685399 -11.22754639 0.00000000
v -0.22685399 -11.22754639 0.34200001
v 3.24714610 0.89045322 0.34200001
v 3.23914621 0.88245321 0.34200001
v 3.23914621 0.88245321 0.00000000
v 3.24714610 0.89045322 0.00000000
v 0.64614603 4.21145326 0.00000000
v 0.02014599 -11.26754635 0.00000000
v 0.06714604 -11.27654713 0.00000000
v 0.02014599 -11.26754635 0.34200001
v 3.25514600 0.89645321 0.34200001
v 3.25514600 0.89645321 0.00000000
v 0.78714607 3.72145325 0.00000000
v 0.81014607 3.60445327 0.00000000
v 0.10914597 -11.28754681 0.34200001
v 0.10914597 -11.28754681 0.00000000
v 0.14814589 -11.29754704 0.00000000
v 0.76314590 3.82845313 0.00000000
v 3.26314590 0.90045322 0.34200001
v 3.26314590 0.90045322 0.00000000
v 0.73714588 3.92845327 0.00000000
v 3.27014587 0.90145320 0.00000000
v 3.27014587 0.90145320 0.34200001
v 0.71014593 4.02445323 0.00000000
v -0.17085400 -1.48354667 0.00000000
v 3.29214618 0.91345323 0.00000000
v 3.29214618 0.91345323 0.34200001
v -0.74185398 -1.41954678 0.00000000
v 0.67914603 4.11845333 0.00000000
v -0.17585399 -1.51454681 0.00000000
v 3.04214618 1.48645323 0.00000000
v 2.97214601 1.45345323 0.00000000
v 2.97214601 1.45345323 0.34200001
v 3.04214618 1.48645323 0.34200001
v -0.74985399 -1.52354687 0.00000000
v -0.74485400 -1.47054666 0.00000000
v 2.90214584 1.42645322 0.00000000
v 2.90214584 1.42645322 0.34200001
v -0.17785397 -1.55354684 0.00000000
v -0.17785397 -11.23554676 0.34200001
v -0.17785397 -11.23554676 0.00000000
v 0.17914603 3.79945332 0.00000000
v 0.19414589 3.76345331 0.00000000
v 2.83214614 1.40745324 0.00000000
v 2.83214614 1.40745324 0.34200001
v 0.20914600 3.72945315 0.00000000
v -0.07885399 -11.24854630 0.00000000
v 2.80314586 1.40145323 0.00000000
v 2.80314586 1.40145323 0.34200001
v -0.18585398 -1.79454678 0.00000000
v -0.12985399 -11.24154633 0.34200001
v -0.12985399 -11.24154633 0.00000000
v 0.22414610 3.70045335 0.00000000
v 2.77714584 1.39845324 0.00000000
v 2.77714584 1.39845324 0.34200001
v -0.19585397 -2.04354685 0.00000000
v -0.19585397 -2.03054684 0.00000000
v 0.06114600 5.24845321 0.00000000
v 0.04714594 5.26945311 0.00000000
v 4.55314586 -2.49754685 0.00000000
v 4.55314586 -2.49754685 0.34200001
v 4.49814603 -2.50554674 0.34200001
v 4.49814603 -2.50554674 0.00000000
v 2.75614593 1.39945323 0.00000000
v 2.75614593 1.39945323 0.34200001
v -0.19885399 -2.01754683 0.00000000
v -0.19885399 -2.06054681 0.00000000
v -0.20485404 -2.00454682 0.00000000
v 2.73614595 1.40545324 0.00000000
v 2.73614595 1.40545324 0.34200001
v -0.84885397 -10.95054691 0.00000000
v -0.84885397 -10.95054691 0.34200001
v -0.87085405 -10.93854683 0.00000000
v -0.82585397 -10.96054714 0.00000000
v -0.82585397 -10.96054714 0.34200001
v 3.23614595 1.61445323 0.34200001
v 3.23614595 1.61445323 0.00000000
v 4.59514615 -2.48754662 0.00000000
v 4.59514615 -2.48754662 0.34200001
v -0.69085398 -10.99554699 0.34200001
v -0.72685399 -10.97954720 0.00000000
v -0.69085398 -10.99554699 0.00000000
v 4.62314603 -2.47754687 0.00000000
v 4.62314603 -2.47754687 0.34200001
v 3.17714593 1.56845323 0.00000000
v 3.17714593 1.56845323 0.34200001
v -0.82585397 -1.86854666 0.00000000
v -0.23185399 -1.96154683 0.00000000
v -0.80585399 -10.96554630 0.00000000
v -0.80585399 -10.96554630 0.34200001
v 4.68414590 -2.44954699 0.34200001
v 4.68414590 -2.44954699 0.00000000
v 3.11214588 1.52645323 0.00000000
v 3.11214588 1.52645323 0.34200001
v -0.78685405 -10.96654671 0.34200001
v -0.78685405 -10.96654671 0.00000000
v 6.24714610 -4.06554669 0.00000000
v -0.19585397 -1.86254686 0.00000000
v -0.18985405 -1.83054679 0.00000000
v 2.71814582 1.41745323 0.34200001
v 2.71814582 1.41745323 0.00000000
v 6.17614601 -4.13154667 0.00000000
v 6.17614601 -4.13154667 0.34200001
v -0.75985398 -10.97054642 0.34200001
v -0.75985398 -10.97054642 0.00000000
v 6.11114595 -4.21754664 0.00000000
v 6.11114595 -4.21754664 0.34200001
v -0.72685399 -10.97954720 0.34200001
v 6.05414579 -4.32154673 0.00000000
v 6.05414579 -4.32154673 0.34200001
v 2.65114591 1.49345322 0.34200001
v 2.67714593 1.46145323 0.34200001
v 2.67714593 1.46145323 0.00000000
v 2.65114591 1.49345322 0.00000000
v 6.00514600 -4.43954676 0.00000000
v 6.00514600 -4.43954676 0.34200001
v 2.69814584 1.43545323 0.34200001
v 2.69814584 1.43545323 0.00000000
v -0.65085402 -11.01554650 0.34200001
v -0.65085402 -11.01554650 0.00000000
v -0.60685399 -11.04254692 0.34200001
v -0.60685399 -11.04254692 0.00000000
v -0.22885397 -1.97154682 0.00000000
v -0.21285405 -1.99254673 0.00000000
v -0.22185400 -1.98154681 0.00000000
v -0.20485404 -2.07754677 0.00000000
v -0.21285405 -2.09754675 0.00000000
v -0.22485402 -2.12054675 0.00000000
v -0.24185398 -2.15854686 0.00000000
v 2.63314578 1.51745323 0.34200001
v 2.63314578 1.51745323 0.00000000
v -0.56085398 -11.07354706 0.34200001
v -0.56085398 -11.07354706 0.00000000
v 3.38014600 -2.55754679 0.00000000
v 3.38014600 -2.55754679 0.34200001
v 3.25714586 -2.55054682 0.34200001
v 3.25714586 -2.55054682 0.00000000
v -0.51085403 -11.11054676 0.34200001
v -0.51085403 -11.11054676 0.00000000
v 2.61514613 1.54345324 0.34200001
v 2.61514613 1.54345324 0.00000000
v 4.25914619 -2.53154677 0.00000000
v 4.25914619 -2.53154677 0.34200001
v 0.05014596 -2.39354675 0.00000000
v -0.15885403 -3.03254669 0.00000000
v 0.00814602 -2.37754696 0.00000000
v 2.59814594 1.56945323 0.34200001
v 2.59814594 1.56945323 0.00000000
v 3.51514575 -2.56154698 0.00000000
v 3.51514575 -2.56154698 0.34200001
v -0.01985397 -2.35554665 0.00000000
v 3.66914604 -2.56054657 0.00000000
v 3.66914604 -2.56054657 0.34200001
v 2.58114622 1.59645323 0.34200001
v 2.58114622 1.59645323 0.00000000
v -0.45985403 -11.15154713 0.00000000
v -0.45985403 -11.15154713 0.34200001
v 3.84314582 -2.55554693 0.00000000
v 3.84314582 -2.55554693 0.34200001
v 2.56614587 1.62345323 0.34200001
v 2.56614587 1.62345323 0.00000000
v -0.44285395 -11.16454666 0.00000000
v -0.44285395 -11.16454666 0.34200001
v -0.20985403 -2.36854666 0.00000000
v -0.20285406 -2.35954683 0.00000000
v 4.04314611 -2.54654663 0.00000000
v 4.04314611 -2.54654663 0.34200001
v -0.41985395 -11.17654675 0.00000000
v -0.41985395 -11.17654675 0.34200001
v 2.55314586 1.64945323 0.34200001
v 2.55314586 1.64945323 0.00000000
v 4.15714595 -2.53954666 0.00000000
v 4.15714595 -2.53954666 0.34200001
v -0.02885404 -2.34354656 0.00000000
v -0.38985398 -11.18754643 0.00000000
v -0.38985398 -11.18754643 0.34200001
v -0.35585406 -11.19954651 0.00000000
v -0.35585406 -11.19954651 0.34200001
v 3.14014575 0.75945324 0.00000000
v 3.14014575 0.75945324 0.34200001
v 3.12114618 0.74545324 0.34200001
v 3.12114618 0.74545324 0.00000000
v 3.03214595 -2.52254694 0.34200001
v 3.03214595 -2.52254694 0.00000000
v 3.14214609 -2.53954666 0.34200001
v 3.14214609 -2.53954666 0.00000000
v 3.15714595 0.77345324 0.00000000
v 3.15714595 0.77345324 0.34200001
v -0.09585407 -2.22154682 0.00000000
v -0.07785406 -2.22454684 0.00000000
v -0.06585398 -2.23654669 0.00000000
v -0.06085398 -2.25954669 0.00000000
v -0.04885402 -2.30454677 0.00000000
v -0.06085398 -2.26954668 0.00000000
v -0.13785401 -2.24554675 0.00000000
v 3.18814609 0.80545325 0.00000000
v 3.18814609 0.80545325 0.34200001
v 3.17314622 0.79045320 0.34200001
v 3.17314622 0.79045320 0.00000000
v -1.19985398 -10.66254681 0.00000000
v -1.19985398 -10.66254681 0.34200001
v 0.10514603 -2.40254658 0.00000000
v 0.08514604 -3.01354664 0.00000000
v -1.12685403 -10.73254650 0.00000000
v -1.12685403 -10.73254650 0.34200001
v 0.03714595 5.28745324 0.00000000
v -1.08785399 -10.75854653 0.00000000
v -1.08785399 -10.75854653 0.34200001
v 3.19914577 0.82145322 0.34200001
v 3.19914577 0.82145322 0.00000000
v 0.03014598 5.30145318 0.00000000
v 3.21414611 0.84845323 0.34200001
v 3.20714614 0.83645320 0.34200001
v 3.20714614 0.83645320 0.00000000
v 3.21414611 0.84845323 0.00000000
v 0.02714596 5.31045324 0.00000000
v -1.04585400 -10.79054707 0.34200001
v -1.04585400 -10.79054707 0.00000000
v -1.02785399 -10.80554646 0.00000000
v 3.22214601 0.86145324 0.34200001
v 3.22214601 0.86145324 0.00000000
v 0.01314602 5.33645326 0.00000000
v -1.07285401 -10.76754635 0.34200001
v -1.07285401 -10.76754635 0.00000000
v -0.15985396 -2.26954668 0.00000000
v -0.11585405 -2.22954672 0.00000000
v 3.23014591 0.87245322 0.34200001
v 3.23014591 0.87245322 0.00000000
v -0.02785399 5.38545329 0.00000000
v -1.06085398 -10.77754658 0.34200001
v -1.06085398 -10.77754658 0.00000000
v -0.08885398 5.44945318 0.00000000
v -0.26885405 -2.27854675 0.00000000
v -0.26385405 -2.23854678 0.00000000
v -0.96585401 -10.86254662 0.34200001
v -0.98785403 -10.84254711 0.34200001
v -0.98785403 -10.84254711 0.00000000
v -0.96585401 -10.86254662 0.00000000
v -0.16385403 5.52345330 0.00000000
v -1.02785399 -10.80554646 0.34200001
v -0.25485399 -2.19854682 0.00000000
v -0.24785402 5.60345322 0.00000000
v 2.99714610 0.65945322 0.34200001
v 2.96714589 0.61045319 0.00000000
v 2.99714610 0.65945322 0.00000000
v -1.00885400 -10.82254666 0.34200001
v -1.00885400 -10.82254666 0.00000000
v 3.03514621 0.69645322 0.34200001
v 3.03514621 0.69645322 0.00000000
v -0.33385399 5.68145305 0.00000000
v 3.08314607 0.72345323 0.34200001
v 3.08314607 0.72345323 0.00000000
v -0.94285401 -10.88554638 0.00000000
v -0.94285401 -10.88554638 0.34200001
v -0.41685405 5.75445301 0.00000000
v 3.10114620 0.73345322 0.00000000
v 3.10114620 0.73345322 0.34200001
v -0.91885402 -10.90554684 0.00000000
v -0.91885402 -10.90554684 0.34200001
v -0.86585405 5.41845328 0.00000000
v -0.85185399 5.40645320 0.00000000
v -0.21685400 -2.37654656 0.00000000
v -0.89485403 -10.92354649 0.00000000
v -0.89485403 -10.92354649 0.34200001
v -0.83185401 5.38845331 0.00000000
v -0.87085405 -10.93854683 0.34200001
v -0.80885401 5.36445314 0.00000000
v -0.22385397 -2.38254660 0.00000000
v 2.92114589 0.34845323 0.34200001
v 2.91614578 0.21045322 0.34200001
v 2.91614578 0.21045322 0.00000000
v 2.92114589 0.34845323 0.00000000
v -0.78185406 5.33645326 0.00000000
v -0.22985401 -2.38654679 0.00000000
v 2.93114612 0.45945317 0.34200001
v 2.93114612 0.45945317 0.00000000
v -0.75085404 5.30345327 0.00000000
v -0.19085398 -3.02154654 0.00000000
v -0.88385400 2.44745321 0.34200001
v 2.94614599 0.54545326 0.34200001
v 2.94614599 0.54545326 0.00000000
v -0.23685398 -2.38754671 0.00000000
v -0.24285402 -2.38554686 0.00000000
v -0.21685400 -3.02054661 0.00000000
v -0.71985402 5.26745326 0.00000000
v 2.96714589 0.61045319 0.34200001
v -1.32485398 2.94245321 0.34200001
v -1.28385403 2.95445318 0.34200001
v -1.34685400 2.93045325 0.34200001
v -1.36785402 2.91545326 0.34200001
v -0.26885405 -2.31454676 0.00000000
v -0.26485398 -2.34654682 0.00000000
v -0.25585404 -2.37054699 0.00000000
v -0.05885401 -2.27954667 0.00000000
v -0.05485406 -2.29154676 0.00000000
v -0.34285405 4.86245329 0.00000000
v -0.31385400 4.81645328 0.00000000
v -1.65785402 2.76545328 0.34200001
v -1.14085403 2.31945324 0.34200001
v -1.61685401 2.78745324 0.34200001
v -1.11185398 2.33345324 0.34200001
v -1.57985401 2.80645317 0.34200001
v -1.52085402 2.83245320 0.34200001
v -1.54885402 2.82045323 0.34200001
v -1.09285399 2.35045320 0.34200001
v -1.70285400 2.73845321 0.34200001
v -1.21785399 2.30045325 0.34200001
v -1.74785400 2.71045322 0.34200001
v -1.23985400 2.29945320 0.34200001
v -0.28485396 4.76945311 0.00000000
v -0.25685396 4.72145325 0.00000000
v -0.04285398 -2.31854671 0.00000000
v -0.03685405 -2.33054655 0.00000000
v -1.46585401 2.85845322 0.34200001
v -1.43985402 2.87045318 0.34200001
v -1.10285404 2.34145326 0.34200001
v 0.14114592 5.14645321 0.00000000
v 0.11814592 5.17245323 0.00000000
v 2.37014577 0.29145319 0.00000000
v 2.37714622 0.28045327 0.00000000
v 2.37014577 0.29145319 0.34200001
v -0.23585405 -3.03054684 0.00000000
v 0.09714601 5.19945318 0.00000000
v -1.07685402 2.36245323 0.34200001
v 0.07814596 5.22545320 0.00000000
v 2.76114604 -2.47454661 0.34200001
v 2.73014591 -2.47054690 0.34200001
v 2.73014591 -2.47054690 0.00000000
v 2.76114604 -2.47454661 0.00000000
v -1.69885401 -2.54954689 0.00000000
v -1.74385401 -2.51854675 0.00000000
v 2.79714582 -2.47954672 0.34200001
v 2.79714582 -2.47954672 0.00000000
v 0.06614599 2.43945325 0.34200001
v 2.83614585 -2.48554676 0.00000000
v 2.92214582 -2.50154656 0.34200001
v 2.92214582 -2.50154656 0.00000000
v 0.03514597 2.50545323 0.34200001
v 0.02714596 2.52345324 0.34200001
v 0.04514596 2.48545325 0.34200001
v 2.87814615 -2.49354666 0.34200001
v 2.87814615 -2.49354666 0.00000000
v 2.83614585 -2.48554676 0.34200001
v 0.01914594 2.53845323 0.34200001
v 0.01314602 2.55145324 0.34200001
v 2.59514615 -2.44354695 0.00000000
v 2.59514615 -2.44354695 0.34200001
v 2.58014581 -2.43254679 0.34200001
v 2.58014581 -2.43254679 0.00000000
v -1.72085401 -2.53454655 0.00000000
v 2.61014602 -2.45254677 0.00000000
v 2.61014602 -2.45254677 0.34200001
v 0.00914595 2.56045324 0.34200001
v 2.62514589 -2.46054667 0.00000000
v 2.62514589 -2.46054667 0.34200001
v 2.63914583 -2.46654671 0.00000000
v 2.63914583 -2.46654671 0.34200001
v -0.01085403 2.56045324 0.34200001
v -0.09185400 2.60245324 0.34200001
v -0.01885405 2.55645323 0.34200001
v 2.65114591 -2.47054690 0.00000000
v 2.65114591 -2.47054690 0.34200001
v -0.02685406 2.55145324 0.34200001
v -0.00385406 2.56445325 0.34200001
v 0.00114593 2.56645322 0.34200001
v -0.09985402 2.63345326 0.34200001
v -1.88285401 -1.91154688 0.00000000
v -0.04685404 2.53745324 0.34200001
v -0.09085395 2.55645323 0.34200001
v -0.05985406 2.52745325 0.34200001
v -0.03685405 2.54545326 0.34200001
v -0.09085395 2.57945324 0.34200001
v -0.08985403 2.53945321 0.34200001
v 2.66214607 -2.47354668 0.00000000
v 2.66214607 -2.47354668 0.34200001
v 2.67114589 -2.47354668 0.00000000
v 2.67114589 -2.47354668 0.34200001
v 2.28014610 0.30545325 0.00000000
v 2.31814620 0.30445320 0.00000000
v 2.28014610 0.30545325 0.34200001
v 2.31814620 0.30445320 0.34200001
v 2.68814609 -2.46954697 0.34200001
v 2.68814609 -2.46954697 0.00000000
v -0.08385399 2.52045322 0.34200001
v -0.07785406 2.51845325 0.34200001
v -0.08785405 2.52745325 0.34200001
v -0.06985405 2.52045322 0.34200001
v 2.70514581 -2.46954697 0.34200001
v 2.70514581 -2.46954697 0.00000000
v 2.24014613 0.30245323 0.34200001
v 2.24014613 0.30245323 0.00000000
v 5.96414611 -4.56854695 0.34200001
v 5.96414611 -4.56854695 0.00000000
v 2.34814594 0.29945320 0.34200001
v 5.93414590 -4.70854681 0.00000000
v 5.93414590 -4.70854681 0.34200001
v -0.09485402 2.62045324 0.34200001
v 5.91514585 -4.85254687 0.00000000
v 5.91514585 -4.85254687 0.34200001
v 5.90814588 -5.00054663 0.00000000
v 5.90814588 -5.00054663 0.34200001
v 2.37714622 0.28045327 0.34200001
v 5.91314599 -5.15654677 0.00000000
v 5.91314599 -5.15654677 0.34200001
v 2.37314603 0.26645321 0.00000000
v 2.37314603 0.26645321 0.34200001
v -0.11985400 2.64945323 0.34200001
v -0.13685396 2.65345324 0.34200001
v -0.10685399 2.64345325 0.34200001
v 5.92914579 -5.29654663 0.00000000
v 5.92914579 -5.29654663 0.34200001
v 5.95814607 -5.42554682 0.00000000
v 5.95814607 -5.42554682 0.34200001
v 6.00414607 -5.54754656 0.00000000
v 6.00414607 -5.54754656 0.34200001
v -0.31185403 2.64145321 0.34200001
v 2.26814601 0.22445328 0.00000000
v 2.24714610 0.22645325 0.00000000
v 2.24714610 0.22645325 0.34200001
v 2.26814601 0.22445328 0.34200001
v 6.06714580 -5.66954678 0.00000000
v 6.06714580 -5.66954678 0.34200001
v -0.23285403 2.65145320 0.34200001
v 6.15114639 -5.79554671 0.00000000
v 6.15114639 -5.79554671 0.34200001
v 2.22914598 0.23245317 0.00000000
v 2.22914598 0.23245317 0.34200001
v 6.25614593 -5.92954701 0.34200001
v -0.90985402 -2.96954697 0.00000000
v 2.21514604 0.23945326 0.34200001
v -0.97785404 -2.91754692 0.00000000
v -1.05985400 -2.86854666 0.00000000
v 2.56114576 -6.34754723 0.34200001
v 2.58014581 -6.36754673 0.00000000
v 2.56114576 -6.34754723 0.00000000
v 2.63514612 -6.43554657 0.00000000
v 2.53814599 -6.32054680 0.00000000
v 2.53814599 -6.32054680 0.34200001
v 2.29314611 0.22745318 0.34200001
v 2.29314611 0.22745318 0.00000000
v 2.47914598 -6.25654667 0.00000000
v 2.47914598 -6.25654667 0.34200001
v 2.51014612 -6.29054659 0.00000000
v 2.35914609 0.25345320 0.34200001
v 2.37614581 -6.14554661 0.34200001
v 2.37614581 -6.14554661 0.00000000
v 2.34114597 -6.10954683 0.00000000
v 2.44614599 -6.22154682 0.00000000
v 0.08514604 2.18645323 0.34200001
v 2.34114597 0.24245328 0.34200001
v 2.34114597 0.24245328 0.00000000
v 2.35914609 0.25345320 0.00000000
v 2.31814620 0.23445327 0.00000000
v 2.31814620 0.23445327 0.34200001
v 2.27414605 -6.03654688 0.00000000
v 2.27414605 -6.03654688 0.34200001
v 2.30814597 -6.07254666 0.34200001
v 2.30814597 -6.07254666 0.00000000
v 2.23914621 -6.00354689 0.00000000
v 2.23914621 -6.00354689 0.34200001
v -1.15285399 -2.82654684 0.00000000
v -0.52885404 2.56345320 0.34200001
v -0.55085399 2.55545325 0.34200001
v -0.50785401 2.57345325 0.34200001
v 2.34114597 -6.10954683 0.34200001
v 2.70314596 -6.52854698 0.00000000
v -0.57185402 2.54845322 0.34200001
v -1.25185403 -2.79354685 0.00000000
v -0.38585403 2.62345321 0.34200001
v -0.42285397 2.61045325 0.34200001
v -0.46385398 2.59345323 0.34200001
v 2.20514581 -5.97154682 0.34200001
v 2.20014617 0.29645318 0.34200001
v -1.67685401 -2.56354683 0.00000000
v -1.56385400 -2.61454695 0.00000000
v 1.74114606 -2.48054665 0.34200001
v 1.70814607 -2.48154658 0.34200001
v 1.70814607 -2.48154658 0.00000000
v 1.74114606 -2.48054665 0.00000000
v 2.34814594 0.29945320 0.00000000
v -1.35185399 -2.77254694 0.00000000
v 1.75014589 -2.48254698 0.00000000
v 1.75014589 -2.48254698 0.34200001
v 1.75714609 -2.48354691 0.00000000
v 1.75714609 -2.48354691 0.34200001
v 1.76414606 -2.48354691 0.00000000
v 1.76414606 -2.48354691 0.34200001
v -0.69485405 3.10445327 0.34200001
v -0.66985395 2.53545321 0.34200001
v 1.77114603 -2.48154658 0.00000000
v 1.77114603 -2.48154658 0.34200001
v -0.65985396 2.53545321 0.34200001
v 1.77514598 -2.47954672 0.00000000
v 1.77514598 -2.47954672 0.34200001
v 1.78014610 -2.47554653 0.00000000
v 1.78014610 -2.47554653 0.34200001
v 1.82414601 -2.42354696 0.34200001
v 1.80714605 -2.43554657 0.34200001
v 1.80714605 -2.43554657 0.00000000
v 1.82414601 -2.42354696 0.00000000
v 4.45414588 -1.84754675 0.00000000
v -0.62685397 2.53445322 0.34200001
v -0.64085403 2.53345323 0.34200001
v -0.61085405 2.53745324 0.34200001
v -0.59185400 2.54245323 0.34200001
v 1.79314611 -2.44754666 0.34200001
v 1.78614590 -2.45854681 0.34200001
v 1.79314611 -2.44754666 0.00000000
v 2.21514604 0.23945326 0.00000000
v 2.20614622 0.24045319 0.00000000
v 1.78214595 -2.47054690 0.00000000
v 1.78214595 -2.47054690 0.34200001
v 1.78314588 -2.46554678 0.34200001
v 1.78314588 -2.46554678 0.00000000
v 1.78614590 -2.45854681 0.00000000
v 7.61914585 2.13745323 0.00000000
v -0.75085404 2.49945325 0.34200001
v -0.77185407 2.49045325 0.34200001
v -0.72485402 2.51445324 0.34200001
v -0.73585405 2.50745321 0.34200001
v -0.79585400 2.47945321 0.34200001
v -0.82285407 2.46845323 0.34200001
v -0.85185399 2.45745326 0.34200001
v 7.74114559 2.10245324 0.00000000
v 0.06314597 2.18145323 0.34200001
v 0.02514598 2.17645324 0.34200001
v 7.71214626 2.11145324 0.00000000
v -0.07785406 1.94745324 0.34200001
v -0.07485404 2.01245323 0.34200001
v 1.21214602 -2.74454659 0.00000000
v 1.21214602 -2.74454659 0.34200001
v 1.18614600 -2.75354689 0.00000000
v -0.06685403 2.06545324 0.34200001
v 2.27714584 10.03445370 0.00000000
v 1.79214594 9.77745277 0.00000000
v 2.25914619 10.07245285 0.00000000
v 1.23314593 -2.73654669 0.00000000
v 1.23314593 -2.73654669 0.34200001
v 1.25114605 -2.72754687 0.00000000
v 1.25114605 -2.72754687 0.34200001
v -0.00685396 2.16345323 0.34200001
v -0.03185406 2.14045322 0.34200001
v -0.05185404 2.10845322 0.34200001
v 1.75114605 9.86245281 0.00000000
v 2.24414585 10.10245354 0.00000000
v 2.32014606 9.94245369 0.00000000
v 2.29814622 9.99145347 0.00000000
v 2.34314582 9.89045364 0.00000000
v 1.83114598 9.68845302 0.00000000
v 2.22814605 0.14145321 0.34200001
v 2.21414611 0.17645318 0.34200001
v 2.22814605 0.14145321 0.00000000
v 2.21414611 0.17645318 0.00000000
v 1.26414606 -2.71854656 0.00000000
v 1.26414606 -2.71854656 0.34200001
v 1.51114604 10.93445331 0.00000000
v 1.12614605 10.50545341 0.00000000
v 1.47814605 10.95745308 0.00000000
v 1.27114603 -2.70954674 0.34200001
v 1.27114603 -2.70954674 0.00000000
v 2.91414592 -0.13254672 0.00000000
v 2.91414592 -0.13254672 0.34200001
v 2.90614602 -0.29454678 0.34200001
v 2.90614602 -0.29454678 0.00000000
v 2.91614578 0.03945321 0.00000000
v 2.91614578 0.03945321 0.34200001
v 1.30014608 -2.68054693 0.34200001
v 1.30014608 -2.68054693 0.00000000
v 1.41514609 10.99645359 0.00000000
v 1.38814590 11.01245338 0.00000000
v 1.35314605 -2.64454668 0.34200001
v 1.35314605 -2.64454668 0.00000000
v 1.42214606 -2.60454672 0.34200001
v 1.42214606 -2.60454672 0.00000000
v 1.32414601 11.04545337 0.00000000
v 1.33214590 11.04345352 0.00000000
v 1.34614608 11.03645355 0.00000000
v 1.36514590 11.02645332 0.00000000
v -2.12285400 1.40645323 0.34200001
v -2.13885402 1.39545322 0.34200001
v -2.13885402 1.39545322 0.00000000
v -2.12285400 1.40645323 0.00000000
v -1.03385403 2.38645322 0.34200001
v -1.05785402 2.37345321 0.34200001
v -2.10585401 1.41345323 0.34200001
v -2.10585401 1.41345323 0.00000000
v -1.00685402 2.39945323 0.34200001
v -2.08985401 1.41645322 0.34200001
v -0.97785404 2.41245324 0.34200001
v -1.99685401 1.39345322 0.00000000
v -1.99685401 1.39345322 0.34200001
v -2.01785402 1.39845324 0.34200001
v -2.01785402 1.39845324 0.00000000
v -1.97385401 1.38945324 0.00000000
v -1.97385401 1.38945324 0.34200001
v -1.94785401 1.38545323 0.00000000
v -1.94785401 1.38545323 0.34200001
v -1.89485401 1.38045323 0.00000000
v -1.89485401 1.38045323 0.34200001
v -1.79385401 2.68045325 0.34200001
v -1.83885401 2.65045322 0.34200001
v -1.33585402 2.27245325 0.34200001
v -2.08985401 1.41645322 0.00000000
v -2.07285401 1.41545323 0.34200001
v -2.07285401 1.41545323 0.00000000
v -1.32485398 2.28445322 0.34200001
v -1.31085398 2.29245323 0.34200001
v -2.05385401 1.41145322 0.34200001
v -2.05385401 1.41145322 0.00000000
v -1.29385402 2.29745323 0.34200001
v -2.03385400 1.40445322 0.34200001
v -2.03385400 1.40445322 0.00000000
v -1.26985403 2.29945320 0.34200001
v -2.25085401 1.19645322 0.34200001
v -2.25685402 1.06145323 0.00000000
v -2.25085401 1.19645322 0.00000000
v -2.24885401 1.21545324 0.34200001
v -2.24885401 1.21545324 0.00000000
v -1.17685404 2.30745322 0.34200001
v -1.19685402 2.30345321 0.34200001
v -1.15785399 2.31245322 0.34200001
v -1.12485399 2.32645321 0.34200001
v -1.17285403 2.98045320 0.34200001
v -2.24485400 1.23545322 0.34200001
v -2.24485400 1.23545322 0.00000000
v -2.23785400 1.25745324 0.34200001
v -2.23785400 1.25745324 0.00000000
v -2.22885400 1.28045324 0.34200001
v -2.22885400 1.28045324 0.00000000
v -2.21685400 1.30245323 0.34200001
v -2.21685400 1.30245323 0.00000000
v -2.20485401 1.32345322 0.34200001
v -2.20485401 1.32345322 0.00000000
v -2.19085401 1.34245322 0.34200001
v -2.19085401 1.34245322 0.00000000
v -2.17585402 1.35945324 0.34200001
v -2.17585402 1.35945324 0.00000000
v -2.15685400 1.38045323 0.34200001
v -2.15685400 1.38045323 0.00000000
v -2.83385399 1.48145323 0.00000000
v -2.86485400 1.41545323 0.00000000
v -2.86485400 1.41545323 0.34200001
v -2.83385399 1.48145323 0.34200001
v -2.89485397 1.35145322 0.00000000
v -2.89485397 1.35145322 0.34200001
v -2.74885401 1.67145323 0.34200001
v -2.74885401 1.67145323 0.00000000
v -2.78385403 1.58845323 0.00000000
v -2.78385403 1.58845323 0.34200001
v -2.44985398 0.75545323 0.34200001
v -2.47085401 0.64345319 0.00000000
v -2.44985398 0.75545323 0.00000000
v -2.42585399 0.84545321 0.34200001
v -2.42585399 0.84545321 0.00000000
v -2.39885398 0.91145325 0.34200001
v -2.39885398 0.91145325 0.00000000
v -2.37185400 0.95145321 0.34200001
v -2.37185400 0.95145321 0.00000000
v -2.34485402 0.96445323 0.34200001
v -2.34485402 0.96445323 0.00000000
v -2.32085400 0.94845325 0.34200001
v -2.32085400 0.94845325 0.00000000
v -2.29985401 0.90345324 0.00000000
v -2.29985401 0.90345324 0.34200001
v -2.28385400 0.82745320 0.00000000
v -2.28385400 0.82745320 0.34200001
v -2.27985402 0.80345321 0.00000000
v -2.27985402 0.80345321 0.34200001
v -2.27585402 0.79445321 0.00000000
v -2.27585402 0.79445321 0.34200001
v -2.27285400 0.80245323 0.00000000
v -2.27285400 0.80245323 0.34200001
v -2.26885402 0.83145321 0.00000000
v -2.26885402 0.83145321 0.34200001
v -2.26585400 0.88245321 0.00000000
v -2.26585400 0.88245321 0.34200001
v -2.26185402 0.95845324 0.00000000
v -2.26185402 0.95845324 0.34200001
v -2.25685402 1.06145323 0.34200001
v -2.92385402 1.29245323 0.34200001
v -2.92385402 1.29245323 0.00000000
v -2.94885399 1.23945323 0.00000000
v -2.94885399 1.23945323 0.34200001
v -2.99085405 1.15545321 0.34200001
v -2.99085405 1.15545321 0.00000000
v -3.00585404 1.12845320 0.00000000
v -3.00585404 1.12845320 0.34200001
v -3.01585403 1.11245323 0.00000000
v -3.01585403 1.11245323 0.34200001
v -3.02285400 1.10145325 0.00000000
v -3.02285400 1.10145325 0.34200001
v -3.03085401 1.08445323 0.00000000
v -3.03085401 1.08445323 0.34200001
v -3.03885403 1.06245322 0.00000000
v -3.03885403 1.06245322 0.34200001
v -3.04685404 1.03545321 0.00000000
v -3.04685404 1.03545321 0.34200001
v -3.05285397 1.00545323 0.00000000
v -3.05285397 1.00545323 0.34200001
v -3.05885401 0.97345323 0.00000000
v -3.05885401 0.97345323 0.34200001
v -3.06485405 0.93945325 0.00000000
v -3.06485405 0.93945325 0.34200001
v -3.06885400 0.90445322 0.00000000
v -3.06885400 0.90445322 0.34200001
v -3.07385399 0.86645324 0.00000000
v -3.07385399 0.86645324 0.34200001
v -3.07985404 0.82545323 0.00000000
v -3.07985404 0.82545323 0.34200001
v -3.08685401 0.77845324 0.00000000
v -3.08685401 0.77845324 0.34200001
v -3.09285405 0.73045326 0.00000000
v -3.09285405 0.73045326 0.34200001
v -3.10085406 0.68145323 0.00000000
v -3.10085406 0.68145323 0.34200001
v -2.49885401 0.49145324 0.00000000
v -2.49885401 0.49145324 0.34200001
v -2.50885400 0.44845325 0.00000000
v -2.50885400 0.44845325 0.34200001
v -2.48885402 0.53945321 0.00000000
v -2.48885402 0.53945321 0.34200001
v -2.47985401 0.59045321 0.00000000
v -2.47985401 0.59045321 0.34200001
v -2.47085401 0.64345319 0.34200001
v -2.53085401 0.37945325 0.34200001
v -2.52085402 0.41045327 0.00000000
v -2.52085402 0.41045327 0.34200001
v -2.57285401 0.28745324 0.34200001
v -2.56785401 0.27445323 0.34200001
v -2.56785401 0.27445323 0.00000000
v -2.57285401 0.28745324 0.00000000
v -2.57485398 0.29845328 0.00000000
v -2.57485398 0.29845328 0.34200001
v -2.57285401 0.30945319 0.34200001
v -2.57285401 0.30945319 0.00000000
v -2.56785401 0.32045323 0.00000000
v -2.56785401 0.32045323 0.34200001
v -2.55985400 0.33045322 0.34200001
v -2.55985400 0.33045322 0.00000000
v -2.54885402 0.34245319 0.00000000
v -2.54885402 0.34245319 0.34200001
v -2.53985402 0.35645325 0.00000000
v -2.53985402 0.35645325 0.34200001
v -2.53085401 0.37945325 0.00000000
v -2.52385398 0.19445319 0.00000000
v -2.52385398 0.19445319 0.34200001
v -2.52085402 0.18045325 0.34200001
v -2.52085402 0.18045325 0.00000000
v -2.52885404 0.20945317 0.34200001
v -2.55985400 0.25845320 0.34200001
v -2.52685400 0.13745326 0.34200001
v -2.53285399 0.12245328 0.34200001
v -2.52685400 0.13745326 0.00000000
v -2.52185401 0.15245325 0.34200001
v -2.52085402 0.16645319 0.34200001
v -2.53785398 0.22445328 0.00000000
v -2.53785398 0.22445328 0.34200001
v -2.52885404 0.20945317 0.00000000
v -2.55985400 0.25845320 0.00000000
v -2.52185401 0.15245325 0.00000000
v -2.52085402 0.16645319 0.00000000
v -1.89985401 -0.13454681 0.00000000
v -1.91085401 -0.13254672 0.00000000
v -1.91085401 -0.13254672 0.34200001
v -1.89985401 -0.13454681 0.34200001
v -1.92385401 -0.13654679 0.00000000
v -1.92385401 -0.13654679 0.34200001
v -1.93785401 -0.14454680 0.00000000
v -1.93785401 -0.14454680 0.34200001
v -1.95485401 -0.15654677 0.00000000
v -1.95485401 -0.15654677 0.34200001
v -1.97685401 -0.17454677 0.34200001
v -2.00085401 -0.19854682 0.34200001
v -2.04185400 -0.23454672 0.34200001
v -2.08185401 -0.26154679 0.34200001
v -1.88985401 -0.14054673 0.00000000
v -1.88985401 -0.14054673 0.34200001
v -1.87885401 -0.15054672 0.34200001
v -2.12085402 -0.27854675 0.34200001
v -2.15785402 -0.28554671 0.34200001
v 1.31814597 11.04645283 0.00000000
v 1.44614599 10.97745354 0.00000000
v 1.30914590 11.05145294 0.00000000
v 1.29514596 11.05745346 0.00000000
v 0.99114606 10.58145363 0.00000000
v -0.46285405 5.01345331 0.00000000
v -0.44485405 4.99745328 0.00000000
v 1.27914593 11.06645328 0.00000000
v -0.42285397 4.97245318 0.00000000
v -0.37185397 4.90445334 0.00000000
v 1.23914597 11.08745319 0.00000000
v 1.26014588 11.07645351 0.00000000
v 1.21714589 11.10045368 0.00000000
v -0.47585406 5.02145321 0.00000000
v -0.48785403 5.02945334 0.00000000
v -0.68585398 5.23045332 0.00000000
v -0.65285399 5.19145328 0.00000000
v -0.61985400 5.15545327 0.00000000
v 1.68114588 10.80445320 0.00000000
v 1.25314591 10.42445309 0.00000000
v 1.59314606 10.87645370 0.00000000
v 1.77414605 10.72045357 0.00000000
v 1.36514590 10.33945305 0.00000000
v 1.86414597 10.63145286 0.00000000
v 1.45514605 10.25645286 0.00000000
v 1.94914601 10.54245312 0.00000000
v 1.53014610 10.17645294 0.00000000
v 2.02414605 10.45545322 0.00000000
v 2.08414600 10.37645370 0.00000000
v 1.59614608 10.09845287 0.00000000
v -0.58685401 5.12145311 0.00000000
v 2.23214576 10.12245304 0.00000000
v -0.55685403 5.09145314 0.00000000
v 2.22114608 10.14045364 0.00000000
v -0.52985397 5.06545312 0.00000000
v 2.20814607 10.16145355 0.00000000
v -0.50685396 5.04445321 0.00000000
v 2.17914579 10.20945293 0.00000000
v 2.19414613 10.18445331 0.00000000
v 1.70514605 9.94245369 0.00000000
v -2.28685402 -0.17354673 0.34200001
v -2.28785401 -0.17954677 0.00000000
v -2.28785401 -0.17954677 0.34200001
v -0.89585402 5.43145329 0.00000000
v -0.87285402 5.42345316 0.00000000
v -2.28885400 -0.18954676 0.34200001
v -2.28885400 -0.18954676 0.00000000
v 2.12514589 10.31045276 0.00000000
v 1.65414593 10.02145321 0.00000000
v -0.98285403 5.49345333 0.00000000
v -1.04185399 5.54145319 0.00000000
v -2.28885400 -0.20754677 0.34200001
v -2.28885400 -0.20754677 0.00000000
v -0.93185403 5.45545322 0.00000000
v -0.86585405 5.41845328 0.34200001
v 2.13614604 10.28545315 0.00000000
v 2.15014598 10.26145298 0.00000000
v 2.16514585 10.23445350 0.00000000
v -2.28985402 -0.23154681 0.00000000
v -2.28985402 -0.23154681 0.34200001
v -1.25485399 5.73345310 0.34200001
v -1.25485399 5.73345310 0.00000000
v -1.18085399 5.66345317 0.00000000
v -1.10885402 5.59945328 0.00000000
v -2.27785402 -0.18554681 0.00000000
v -2.27785402 -0.18554681 0.34200001
v -2.26285401 -0.22054678 0.34200001
v 0.89214609 11.23845321 0.00000000
v 1.01214597 11.19845325 0.00000000
v 0.72014592 10.70245296 0.00000000
v 0.85314605 10.64845306 0.00000000
v 1.11414597 11.15645344 0.00000000
v 1.19414589 11.11445362 0.00000000
v 0.61614606 11.30845291 0.00000000
v 0.75914595 11.27545292 0.00000000
v 0.59614608 10.74145347 0.00000000
v -2.28285402 -0.17654675 0.34200001
v -2.28285402 -0.17654675 0.00000000
v -0.08685401 4.52845318 0.00000000
v -0.07285407 4.52145321 0.00000000
v 0.34514592 10.77445347 0.00000000
v 0.19514606 10.78045303 0.00000000
v 0.31514594 11.35745365 0.00000000
v 0.46614597 11.33645279 0.00000000
v -0.05585399 4.47445328 0.00000000
v -0.06085398 4.48945314 0.00000000
v -2.24485400 -0.25154679 0.00000000
v -2.26285401 -0.22054678 0.00000000
v -2.24485400 -0.25154679 0.34200001
v -0.06085398 4.49845321 0.00000000
v 0.48914597 10.76245338 0.00000000
v -0.06785395 4.51645333 0.00000000
v -0.06185403 4.50445325 0.00000000
v -2.19085401 -0.28454679 0.34200001
v -2.22085401 -0.27354675 0.00000000
v -2.22085401 -0.27354675 0.34200001
v -0.22885397 4.67645318 0.00000000
v -0.20085397 4.63545329 0.00000000
v -2.31185400 -0.30254679 0.00000000
v -2.32785400 -0.31854683 0.00000000
v -2.32785400 -0.31854683 0.34200001
v -2.31185400 -0.30254679 0.34200001
v -0.31085398 11.36645347 0.00000000
v -0.29985407 11.37245304 0.00000000
v -0.09885397 10.77645332 0.00000000
v -0.28285399 11.38445312 0.00000000
v -0.17485407 4.60045320 0.00000000
v -0.21285405 11.39945347 0.00000000
v -0.24485400 11.39745361 0.00000000
v -0.15185406 4.57145316 0.00000000
v -2.34685400 -0.33154672 0.00000000
v -2.34685400 -0.33154672 0.34200001
v -0.13085404 4.54945332 0.00000000
v -2.37185400 -0.34054678 0.00000000
v -2.37185400 -0.34054678 0.34200001
v -0.10285404 4.53045327 0.00000000
v -0.11485400 4.53645331 0.00000000
v -0.09485402 4.53045327 0.00000000
v 2.24714610 0.09845323 0.34200001
v -1.93185401 -9.48754662 0.34200001
v -1.89685401 -9.57154720 0.34200001
v -1.31485399 -9.35154694 0.34200001
v -1.30585399 -9.37454670 0.34200001
v -1.88685401 -9.58954685 0.34200001
v -1.32085403 -9.32554691 0.34200001
v -1.95585401 -9.36554688 0.34200001
v -1.32585403 -9.29754704 0.34200001
v -1.32885399 -9.26654690 0.34200001
v -0.08585396 11.39245350 0.00000000
v -0.16185405 11.39745361 0.00000000
v 0.04514596 10.78045303 0.00000000
v 0.02114603 11.38445312 0.00000000
v 0.16414592 11.37245304 0.00000000
v -0.26585403 11.39245350 0.00000000
v -0.04885402 4.45445329 0.00000000
v -1.18585398 -9.55354660 0.34200001
v -1.17785403 -9.57054680 0.34200001
v -0.32385399 11.36145336 0.00000000
v -1.18985399 -9.53954666 0.34200001
v -0.22985401 10.76645309 0.00000000
v -0.03985396 4.42945320 0.00000000
v -0.34085395 11.35645325 0.00000000
v -0.02885404 4.40045316 0.00000000
v -0.01585403 4.36945326 0.00000000
v -0.56885400 11.32245285 0.00000000
v -0.55885401 10.70045311 0.00000000
v -0.58585396 11.31645328 0.00000000
v -0.52885404 11.33245308 0.00000000
v -0.54985407 11.32845337 0.00000000
v -1.21085402 -9.48254650 0.34200001
v -1.20285400 -9.49454659 0.34200001
v -1.19685402 -9.50654667 0.34200001
v -1.19385400 -9.51754635 0.34200001
v -1.21985402 -9.47054642 0.34200001
v -1.19185403 -9.52754658 0.34200001
v -1.26985403 -9.42554634 0.34200001
v -1.28385403 -9.41154640 0.34200001
v -0.00185397 4.33645326 0.00000000
v -0.50685396 11.33745319 0.00000000
v -0.48485401 11.34045345 0.00000000
v -0.46385398 11.34245331 0.00000000
v -0.41985395 10.73545296 0.00000000
v -0.44185403 11.34345276 0.00000000
v -0.42185404 11.34345276 0.00000000
v -0.59985402 11.30945331 0.00000000
v 0.02814600 4.26645333 0.00000000
v 0.01314602 4.30245334 0.00000000
v -0.63985398 11.29445297 0.00000000
v -0.56885400 10.70045311 0.00000000
v -0.67085400 11.28445370 0.00000000
v -0.57985404 10.69945366 0.00000000
v -0.70585396 11.27245361 0.00000000
v -0.85585406 -10.05954712 0.34200001
v 0.07514593 4.14145333 0.00000000
v 0.08914599 4.09945328 0.00000000
v 0.10214600 4.05845315 0.00000000
v -0.74585405 11.25945312 0.00000000
v -0.78885403 11.24645359 0.00000000
v 0.11214599 4.02045328 0.00000000
v 0.12814591 3.95245320 0.00000000
v -0.33785405 10.75345356 0.00000000
v -0.37985399 11.34845287 0.00000000
v 2.29714582 -0.10254675 0.00000000
v 2.29414604 -0.10454672 0.00000000
v 2.29714582 -0.10254675 0.34200001
v 0.13814590 3.91545326 0.00000000
v 0.15014598 3.87645323 0.00000000
v 0.16414592 3.83845312 0.00000000
v -0.40085402 11.34545357 0.00000000
v -0.35985401 11.35245354 0.00000000
v -1.34385404 2.25445325 0.34200001
v -2.39485403 2.18445325 0.34200001
v -2.07785400 2.47545320 0.34200001
v 1.50014589 -2.56354683 0.00000000
v 1.50014589 -2.56354683 0.34200001
v 1.58014605 -2.52754658 0.34200001
v 1.58014605 -2.52754658 0.00000000
v 1.65114591 -2.49954670 0.34200001
v 1.65114591 -2.49954670 0.00000000
v -0.53985396 10.69445354 0.00000000
v -0.51885405 10.69445354 0.00000000
v -0.50785401 10.69545299 0.00000000
v 0.02514598 -10.52454632 0.34200001
v 0.00914595 -10.52154701 0.34200001
v 0.05414603 -10.53154724 0.34200001
v 0.04014597 -10.52854698 0.34200001
v -1.29785403 1.88145324 0.34200001
v -1.73685401 1.36045322 0.34200001
v -1.25585404 1.81445323 0.34200001
v -1.34985402 2.01045323 0.34200001
v -1.79885401 1.37545324 0.34200001
v -1.32885399 1.94645322 0.34200001
v -1.36185398 2.07345322 0.34200001
v -1.74785400 1.36545322 0.34200001
v -1.36385402 2.13745323 0.34200001
v 0.09214601 -10.54254692 0.34200001
v 0.08014605 -10.53954666 0.34200001
v -0.48585405 10.70345337 0.00000000
v -0.47585406 10.70845348 0.00000000
v -0.46585395 10.71545345 0.00000000
v -1.34985402 2.23145325 0.34200001
v -1.35585400 2.20145321 0.34200001
v 0.06614599 -10.53554695 0.34200001
v -0.59085395 10.69545299 0.00000000
v -0.66385403 10.64145309 0.00000000
v -0.68385401 10.63145286 0.00000000
v -1.02485403 11.17445309 0.00000000
v -0.70085397 10.62945301 0.00000000
v -0.73585405 10.62445289 0.00000000
v -2.20485401 10.24045307 0.34200001
v -1.70185402 9.90345318 0.34200001
v -2.20385402 10.24845344 0.34200001
v -1.66085401 9.95445282 0.34200001
v -2.17585402 10.29145366 0.34200001
v -2.21685400 10.21845276 0.34200001
v -1.72085401 9.88145286 0.34200001
v -2.20985400 10.23145325 0.34200001
v 1.18614600 -2.75354689 0.34200001
v -0.78085401 10.60945350 0.00000000
v -0.83485403 10.58845360 0.00000000
v -1.11785402 11.13645298 0.00000000
v -1.07185402 11.15645344 0.00000000
v -2.23785400 10.18745357 0.34200001
v -1.78285401 9.82045299 0.34200001
v -2.22685402 10.20445282 0.34200001
v -0.60085406 10.69145328 0.00000000
v -0.69285395 10.63045341 0.00000000
v 0.95114610 -2.80754679 0.34200001
v 0.93914602 -2.81454676 0.34200001
v 0.93914602 -2.81454676 0.00000000
v 0.95114610 -2.80754679 0.00000000
v 0.96814606 -2.80154675 0.34200001
v 0.96814606 -2.80154675 0.00000000
v -2.26485401 10.15245277 0.34200001
v -1.80985401 9.79145366 0.34200001
v -2.25085401 10.17045337 0.34200001
v -1.87185401 10.60145313 0.34200001
v -1.99585401 10.48145325 0.34200001
v -1.48685401 10.17345363 0.34200001
v 0.99014590 -2.79454678 0.34200001
v 0.99014590 -2.79454678 0.00000000
v -2.28085401 10.13445312 0.34200001
v -1.83585401 9.75745327 0.34200001
v 1.01414606 -2.78854674 0.34200001
v 1.01414606 -2.78854674 0.00000000
v -1.25585404 11.05945331 0.00000000
v -1.22785404 11.07845337 0.00000000
v -0.89285400 10.56045276 0.00000000
v -0.95285400 10.53045303 0.00000000
v 1.04014609 -2.78254669 0.34200001
v 1.04014609 -2.78254669 0.00000000
v -1.15985402 11.11545307 0.00000000
v -1.19685402 11.09645302 0.00000000
v 2.27314613 0.04545326 0.34200001
v 2.28614614 0.02745325 0.00000000
v 2.28614614 0.02745325 0.34200001
v 1.06814597 -2.77654665 0.34200001
v 1.06814597 -2.77654665 0.00000000
v -1.88385401 9.66245300 0.34200001
v -1.87185401 9.68745357 0.34200001
v -2.40385404 9.93745357 0.34200001
v -2.42485401 9.89645321 0.34200001
v 2.29814622 0.01345319 0.34200001
v 1.09814594 -2.77254694 0.00000000
v 1.09814594 -2.77254694 0.34200001
v -1.89785401 9.63145334 0.34200001
v -2.46185401 9.81445343 0.34200001
v -2.48185399 9.77345306 0.34200001
v -1.93185401 9.56045324 0.34200001
v -1.91385401 9.59745342 0.34200001
v -0.65385404 10.64745361 0.00000000
v -0.64485397 10.65445358 0.00000000
v -0.63485398 10.66145355 0.00000000
v 0.15014598 -10.51654690 0.34200001
v 0.13914606 -10.52654713 0.34200001
v 0.12714598 -10.53454655 0.34200001
v 2.24714610 0.09845323 0.00000000
v -0.62685397 10.67045337 0.00000000
v -0.97585400 11.19245369 0.00000000
v -0.61885395 10.67845280 0.00000000
v -0.06485405 -10.51854675 0.34200001
v -0.07785406 -10.51754635 0.34200001
v 2.26014612 0.06945319 0.34200001
v -0.02285400 -10.51754635 0.34200001
v -0.05285397 -10.51754635 0.34200001
v -0.00785401 -10.51954716 0.34200001
v -0.92585399 11.20845348 0.00000000
v -0.87885406 11.22045357 0.00000000
v -0.60985401 10.68645317 0.00000000
v -1.28585401 11.04045326 0.00000000
v -2.44485399 9.85545284 0.34200001
v -1.86385401 9.70745308 0.34200001
v -2.38185402 9.97845299 0.34200001
v -2.35985401 10.01745350 0.34200001
v -1.85585401 9.72345287 0.34200001
v 2.40414617 -0.02154678 0.00000000
v 2.40514610 -0.04454678 0.00000000
v 2.40514610 -0.04454678 0.34200001
v 2.40414617 -0.02154678 0.34200001
v -1.00985398 10.49645359 0.00000000
v -1.06185403 10.46145279 0.00000000
v -1.34985402 11.00445301 0.00000000
v -1.31685403 11.02245361 0.00000000
v -1.98885401 9.43845302 0.34200001
v -1.96985401 9.47945339 0.34200001
v -2.50085398 9.73245365 0.34200001
v -0.08985403 -10.51554650 0.34200001
v -0.11285403 -10.50854653 0.34200001
v -0.12285402 -10.50354641 0.34200001
v -0.10185399 -10.51254719 0.34200001
v -2.53785398 9.65745336 0.34200001
v -2.56685403 9.59945328 0.34200001
v -2.03685401 9.33145315 0.34200001
v -2.52085402 9.69345314 0.34200001
v 2.40414617 -0.07454675 0.00000000
v 2.40414617 -0.07454675 0.34200001
v 2.40114591 -0.11254674 0.00000000
v 2.40114591 -0.11254674 0.34200001
v -1.24385401 10.33445293 0.00000000
v -1.26385399 10.32545311 0.00000000
v -1.52385401 10.90745289 0.00000000
v -2.57785400 9.57845337 0.34200001
v -2.62585398 9.46245319 0.34200001
v 2.35314605 0.00345320 0.34200001
v 2.33814618 0.00045318 0.34200001
v 2.35314605 0.00345320 0.00000000
v -1.12785401 10.40845329 0.00000000
v -1.15085402 10.39145309 0.00000000
v -1.17485401 10.37445289 0.00000000
v -0.33185401 -10.42254704 0.34200001
v -0.35085406 -10.40354698 0.34200001
v -2.13785401 9.02145321 0.34200001
v -2.70485404 9.12145311 0.34200001
v -2.15785402 8.91645319 0.34200001
v 2.37014577 0.00645322 0.00000000
v 2.37014577 0.00645322 0.34200001
v -2.11185401 9.12445337 0.34200001
v -2.66885402 9.30645305 0.34200001
v -2.07785400 9.22745306 0.34200001
v 2.38414619 0.00645322 0.00000000
v 2.38414619 0.00645322 0.34200001
v -0.17885401 -10.47954720 0.34200001
v -0.17085400 -10.47554653 0.34200001
v -0.18885400 -10.48554676 0.34200001
v -0.16185405 -10.47354668 0.34200001
v -0.14785400 -10.47754639 0.34200001
v -0.15385404 -10.47454708 0.34200001
v 2.39414594 0.00245327 0.34200001
v 2.39414594 0.00245327 0.00000000
v -1.40985402 10.97045357 0.00000000
v -1.38085404 10.98645336 0.00000000
v -1.10585400 10.42645294 0.00000000
v -1.43885400 10.95745308 0.00000000
v -1.46285402 10.94645340 0.00000000
v 2.39914605 -0.00654679 0.34200001
v -1.35785403 10.28445370 0.00000000
v -1.39885401 10.25445301 0.00000000
v -1.74285401 10.72145302 0.00000000
v -0.13085404 -10.49754685 0.34200001
v -0.13585403 -10.49154633 0.34200001
v -2.17985400 8.57645304 0.34200001
v -2.17785400 8.69545299 0.34200001
v -2.74985399 8.69745333 0.34200001
v -2.75785401 8.47845346 0.34200001
v -0.14185395 -10.48354691 0.34200001
v -2.73185399 8.91545326 0.34200001
v -2.16985401 8.80745346 0.34200001
v -1.28185400 10.31945354 0.00000000
v -1.62185400 10.82845337 0.00000000
v -1.31685403 10.30645305 0.00000000
v -1.19885399 10.35945350 0.00000000
v -1.22285398 10.34545357 0.00000000
v -2.17585402 8.33645326 0.34200001
v -2.17585402 8.39745313 0.34200001
v -2.75385400 8.26645309 0.34200001
v 2.30014608 -0.10354679 0.34200001
v -0.26085403 -10.49954670 0.34200001
v -0.24785402 -10.50754708 0.34200001
v -2.17485401 8.22345335 0.34200001
v -2.17485401 8.29045326 0.34200001
v 2.29414604 -0.10454672 0.34200001
v -0.27585402 -10.48754662 0.34200001
v -0.31185403 -10.44654720 0.34200001
v -0.29185405 -10.46954697 0.34200001
v -1.76885401 9.83145363 0.00000000
v -1.78285401 9.82045299 0.00000000
v -2.21685400 10.21845276 0.00000000
v -1.75485400 9.84445316 0.00000000
v -1.72085401 9.88145286 0.00000000
v -1.73885402 9.86045296 0.00000000
v 2.29314611 -0.11254674 0.34200001
v -1.70185402 9.90345318 0.00000000
v -2.20985400 10.23145325 0.00000000
v -1.63985401 9.98145325 0.00000000
v -1.66085401 9.95445282 0.00000000
v -2.20485401 10.24045307 0.00000000
v 2.31114576 0.00545317 0.34200001
v 2.31114576 0.00545317 0.00000000
v 2.32314584 0.00145323 0.34200001
v 2.32314584 0.00145323 0.00000000
v -1.44285401 10.21645290 0.00000000
v -1.57685402 10.06745369 0.00000000
v -1.62085402 10.00745327 0.00000000
v 2.51314590 9.29945309 0.00000000
v 1.92014596 9.34045345 0.00000000
v 2.46814582 9.54345304 0.00000000
v 2.52614591 9.05445320 0.00000000
v 1.93114588 9.20445329 0.00000000
v 2.50814578 8.81345302 0.00000000
v 1.91814611 8.92345316 0.00000000
v 2.45914600 8.58445341 0.00000000
v 1.89614603 8.78245336 0.00000000
v 1.89914605 9.47045309 0.00000000
v 2.38914583 9.78145344 0.00000000
v 2.38114593 8.36945326 0.00000000
v 1.86214588 8.64445335 0.00000000
v 2.27314613 0.04545326 0.00000000
v 2.29814622 0.01345319 0.00000000
v 2.26014612 0.06945319 0.00000000
v 6.23314617 6.09745342 0.00000000
v 6.17614601 6.08345300 0.00000000
v 5.97914598 6.58845312 0.00000000
v 5.96414611 6.57945329 0.00000000
v 5.93614576 6.56345302 0.00000000
v 5.95014617 6.57045299 0.00000000
v 5.99414585 6.59845335 0.00000000
v 6.01014612 6.61045343 0.00000000
v 6.05214593 6.63445312 0.00000000
v 6.30114601 6.11345321 0.00000000
v 6.11814639 6.66445333 0.00000000
v 5.90514610 6.55345327 0.00000000
v 5.91314599 6.55445320 0.00000000
v 6.09514615 6.05545313 0.00000000
v 5.89414594 6.55045301 0.00000000
v 5.92314622 6.55745346 0.00000000
v 6.13114593 6.06945307 0.00000000
v 5.68014619 6.42945320 0.00000000
v 5.89914605 5.91345341 0.00000000
v 5.63114593 6.39945347 0.00000000
v 5.72714612 6.45845300 0.00000000
v 5.92414615 5.92445309 0.00000000
v 5.77114580 6.48445303 0.00000000
v 6.04714582 6.02745325 0.00000000
v 6.06814620 6.04245312 0.00000000
v 2.39914605 -0.00654679 0.00000000
v 5.81114576 6.50745327 0.00000000
v 5.84614608 6.52645332 0.00000000
v 2.30314586 -0.10954672 0.34200001
v 2.30314586 -0.10954672 0.00000000
v 2.30014608 -0.10354679 0.00000000
v 5.87314603 6.54045326 0.00000000
v 2.29314611 -0.11254674 0.00000000
v 6.00714586 5.96845323 0.00000000
v 5.99814603 5.95745308 0.00000000
v 6.01514575 5.98145325 0.00000000
v 5.98714588 5.94845325 0.00000000
v 5.97714612 5.94045336 0.00000000
v 5.96614597 5.93345339 0.00000000
v 5.95714614 5.93045313 0.00000000
v 5.94714591 5.92845327 0.00000000
v 2.30614612 -0.12054675 0.00000000
v 5.84214589 5.87445337 0.00000000
v 5.87114618 5.89745313 0.00000000
v 5.81214616 5.84545309 0.00000000
v 5.38714597 6.21845323 0.00000000
v 2.33814618 0.00045318 0.00000000
v 6.02214620 5.99445326 0.00000000
v 6.03214595 6.01245338 0.00000000
v 5.74814603 5.77345306 0.00000000
v 5.78014610 5.81145317 0.00000000
v 5.16214607 6.00845320 0.00000000
v 4.95914600 5.77345306 0.00000000
v 1.93014595 9.06445343 0.00000000
v 2.36714599 9.83545334 0.00000000
v 1.86614606 9.59045345 0.00000000
v 1.79814598 8.48045332 0.00000000
v 2.27414605 8.17845327 0.00000000
v 1.78414605 8.46445305 0.00000000
v 1.76814601 8.44845325 0.00000000
v 2.14014575 8.01345331 0.00000000
v 1.65114591 8.37645323 0.00000000
v 1.71214602 8.40745336 0.00000000
v 2.01914594 7.90645344 0.00000000
v 1.73214600 8.41945345 0.00000000
v 1.62814591 8.36345321 0.00000000
v 1.56514594 8.32245333 0.00000000
v 1.58514593 8.33645326 0.00000000
v 1.60614607 8.35045320 0.00000000
v 1.12914607 -2.76754683 0.00000000
v 1.12914607 -2.76754683 0.34200001
v 1.15914605 -2.76054686 0.00000000
v 1.15914605 -2.76054686 0.34200001
v 1.75114605 8.43345339 0.00000000
v 1.80914590 8.49745304 0.00000000
v 1.81814597 8.51445324 0.00000000
v 1.54714606 8.30745346 0.00000000
v 1.53314588 8.29345304 0.00000000
v 1.88514588 7.80945331 0.00000000
v 1.51714609 8.28145344 0.00000000
v 1.49514601 8.26745302 0.00000000
v 1.47014592 8.25245315 0.00000000
v 1.74114606 7.72545320 0.00000000
v 1.59314606 7.65445310 0.00000000
v 1.43914602 8.23845321 0.00000000
v 1.37114594 8.21245319 0.00000000
v 1.40614602 8.22545320 0.00000000
v 0.92114589 -2.83054655 0.00000000
v 0.92714593 -2.82554691 0.00000000
v 0.92114589 -2.83054655 0.34200001
v 0.50514600 8.39545328 0.00000000
v 0.29814598 7.83245308 0.00000000
v 0.48214600 8.40445310 0.00000000
v 0.44214604 8.41645319 0.00000000
v 0.23614595 7.86145336 0.00000000
v 0.53014610 8.38445312 0.00000000
v 0.55814597 8.37145311 0.00000000
v 0.58614609 8.35745317 0.00000000
v 0.61414597 8.34145338 0.00000000
v 0.42114589 8.42345316 0.00000000
v 0.10414598 7.92445309 0.00000000
v 0.03714595 7.95845300 0.00000000
v 0.37414596 8.44545299 0.00000000
v 0.32714603 8.47445328 0.00000000
v 0.35014603 8.45945341 0.00000000
v 0.17014596 7.89245302 0.00000000
v 0.39814589 8.43345339 0.00000000
v 0.28614590 8.50445301 0.00000000
v 0.30614588 8.48945314 0.00000000
v -0.02985397 7.99345333 0.00000000
v 0.66714594 8.30845339 0.00000000
v 0.35614607 7.80445320 0.00000000
v 0.64114592 8.32545311 0.00000000
v 0.73814604 8.26545317 0.00000000
v 0.40914605 7.77845318 0.00000000
v 0.04514596 4.22645313 0.00000000
v 0.06014595 4.18545324 0.00000000
v 0.84514592 -2.84654682 0.34200001
v 0.83214590 -2.84854668 0.34200001
v 0.83214590 -2.84854668 0.00000000
v 1.45314596 2.76445324 0.00000000
v 0.81714604 -2.85054653 0.00000000
v 0.81714604 -2.85054653 0.34200001
v 1.30914590 2.83745319 0.00000000
v 0.84514592 -2.84654682 0.00000000
v 0.85714600 -2.84654682 0.34200001
v 1.37214610 2.80545325 0.00000000
v 0.85714600 -2.84654682 0.00000000
v 0.88114593 -2.84454697 0.00000000
v 0.88114593 -2.84454697 0.34200001
v 1.36414597 2.80645317 0.00000000
v 0.89314601 -2.84154671 0.00000000
v 0.89314601 -2.84154671 0.34200001
v 1.35314605 2.81145329 0.00000000
v 1.34014604 2.81845326 0.00000000
v 1.32514593 2.82645327 0.00000000
v 0.90314600 -2.83854693 0.34200001
v 0.90314600 -2.83854693 0.00000000
v 0.91314599 -2.83454674 0.34200001
v 1.29214594 2.84945328 0.00000000
v 1.27414605 2.86245329 0.00000000
v 1.25614593 2.87645323 0.00000000
v 0.92714593 -2.82554691 0.34200001
v 1.23714588 2.89245326 0.00000000
v 1.21414587 2.90945322 0.00000000
v 0.93214605 -2.81954687 0.34200001
v 1.18914602 2.92745323 0.00000000
v 0.87314603 3.26145322 0.00000000
v 0.85414598 3.35545320 0.00000000
v 0.83314607 3.47445328 0.00000000
v 0.74714610 -2.87654656 0.34200001
v 0.74714610 -2.87654656 0.00000000
v 0.75914595 -2.86954659 0.00000000
v 0.75914595 -2.86954659 0.34200001
v 0.73014591 -2.88254660 0.34200001
v 0.73014591 -2.88254660 0.00000000
v 0.29014609 3.50545317 0.00000000
v 0.29414604 3.47245318 0.00000000
v 0.77314589 -2.86354654 0.34200001
v 0.24014590 3.67045326 0.00000000
v 0.25414607 3.63745326 0.00000000
v 0.70014593 -2.89154690 0.34200001
v 0.26714609 3.60545320 0.00000000
v 0.27614591 3.57145328 0.00000000
v 0.28414605 3.53745324 0.00000000
v 0.80314610 -2.85454672 0.00000000
v 0.80314610 -2.85454672 0.34200001
v 0.78714607 -2.85854691 0.34200001
v 0.78714607 -2.85854691 0.00000000
v 0.29414604 3.39645321 0.00000000
v 0.29014609 3.36145324 0.00000000
v 0.29614589 3.44245321 0.00000000
v 0.91314599 -2.83454674 0.00000000
v 0.93214605 -2.81954687 0.00000000
v 0.28214595 3.33445317 0.00000000
v 0.27314589 3.31745321 0.00000000
v 0.26214597 3.31145329 0.00000000
v 0.21314595 3.38145322 0.00000000
v 0.20714590 3.38745326 0.00000000
v 0.20114610 3.39045328 0.00000000
v 2.37714622 -0.22654682 0.00000000
v 2.36414621 -0.23854678 0.00000000
v 2.36414621 -0.23854678 0.34200001
v 2.37714622 -0.22654682 0.34200001
v 1.05414603 8.17445309 0.00000000
v 0.89514611 7.56545336 0.00000000
v 0.97214601 8.18445331 0.00000000
v 0.17314598 3.38045317 0.00000000
v 0.81214592 8.23045332 0.00000000
v 0.51814601 7.72245342 0.00000000
v 0.89114592 8.20345337 0.00000000
v 0.58314607 7.68345339 0.00000000
v 0.15414593 8.57945329 0.00000000
v 0.16414592 8.57645304 0.00000000
v 0.76414606 7.60345346 0.00000000
v 1.44114587 7.59945328 0.00000000
v 1.33614609 8.20145304 0.00000000
v 1.13714597 8.17145330 0.00000000
v 1.01814601 7.54445345 0.00000000
v 0.45414588 7.75545341 0.00000000
v 0.49114606 7.73645336 0.00000000
v -0.31885400 8.85045320 0.00000000
v -0.65885403 8.35445339 0.00000000
v -0.32485404 8.85645325 0.00000000
v -0.31385400 8.84345323 0.00000000
v 0.25014589 3.31545324 0.00000000
v -0.33285406 8.86145336 0.00000000
v -0.34185400 8.86545307 0.00000000
v 0.22414610 3.35845322 0.00000000
v 4.48114583 -1.84454673 0.00000000
v 4.43014619 -1.85054677 0.00000000
v 4.30814597 -1.86354678 0.00000000
v -0.35285404 8.86945326 0.00000000
v -0.37485399 8.87345344 0.00000000
v -0.38585403 8.87345344 0.00000000
v 0.21914599 3.37145323 0.00000000
v 4.00114581 -1.90954679 0.00000000
v 4.15914581 -1.88854688 0.00000000
v 3.81014583 -1.91854685 0.00000000
v 2.99014613 -1.87154668 0.00000000
v 3.60014579 -1.91954678 0.00000000
v -0.41185405 8.87945301 0.00000000
v -0.42885401 8.88645346 0.00000000
v -0.39785400 8.87545330 0.00000000
v -0.71485403 8.37845308 0.00000000
v -0.44485405 8.89545328 0.00000000
v 2.53414581 -1.91154688 0.00000000
v 2.69714591 -1.78554671 0.00000000
v 2.84214589 -1.84254687 0.00000000
v -0.46185401 8.90545303 0.00000000
v -0.76185396 8.39245302 0.00000000
v -0.47885397 8.91845304 0.00000000
v 0.19314597 3.39045328 0.00000000
v -0.79685404 8.39845306 0.00000000
v -0.59385398 9.00245315 0.00000000
v -0.54985407 8.97745306 0.00000000
v -0.51085403 8.94545299 0.00000000
v -0.49485400 8.93045313 0.00000000
v 3.17614601 -1.89454668 0.00000000
v -0.69385400 9.03345329 0.00000000
v -0.74585405 9.03945333 0.00000000
v -0.79685404 9.03745300 0.00000000
v -0.64285400 9.02145321 0.00000000
v -0.84385398 9.02845318 0.00000000
v 2.74414585 -1.80854672 0.00000000
v -0.20085397 -10.49354714 0.34200001
v -0.21385398 -10.50354641 0.34200001
v -0.23685398 -10.51054638 0.34200001
v 2.15714595 -6.82454651 0.00000000
v 2.00514600 -6.66554707 0.00000000
v 1.95314596 -6.61554688 0.00000000
v 1.89814589 -6.56454724 0.00000000
v 2.09414599 -6.75454682 0.00000000
v -0.78085401 -10.12254685 0.34200001
v -0.85885396 -10.61554688 0.34200001
v -0.76085403 -10.13654679 0.34200001
v 2.17614601 -6.84954708 0.00000000
v 2.12914607 -6.79354637 0.00000000
v -0.60185399 -10.33354634 0.34200001
v -0.58985403 -10.34754723 0.34200001
v -0.61285403 -10.31554669 0.34200001
v 1.12714598 -2.13454669 0.00000000
v 1.15514610 -2.08654683 0.00000000
v -0.62385407 -10.29154652 0.34200001
v -0.63285401 -10.27354687 0.34200001
v -0.64485397 -10.25354641 0.34200001
v -0.65985396 -10.23254650 0.34200001
v -0.67785397 -10.21154659 0.34200001
v -0.69785407 -10.19054669 0.34200001
v -0.71785405 -10.17154663 0.34200001
v -0.73885396 -10.15354698 0.34200001
v -0.80085399 -10.10754650 0.34200001
v -0.81885400 -10.09454697 0.34200001
v -0.84685400 -10.06954640 0.34200001
v -0.83385399 -10.08154648 0.34200001
v -0.57585397 -10.35754650 0.34200001
v 0.84314606 -2.23654669 0.00000000
v 0.87014601 -2.22854679 0.00000000
v 0.77114603 -2.26554673 0.00000000
v 0.79214594 -2.25654667 0.00000000
v -0.53985396 -10.36654633 0.34200001
v -0.55985406 -10.36354702 0.34200001
v -0.48385396 -10.36654633 0.34200001
v -0.51485398 -10.36754673 0.34200001
v 0.81714604 -2.24654668 0.00000000
v 0.89814589 -2.22154682 0.00000000
v 0.92414591 -2.21454685 0.00000000
v -0.36885395 -10.38754719 0.34200001
v -0.38785401 -10.37754696 0.34200001
v -0.40785399 -10.37054699 0.34200001
v -0.42985406 -10.36654633 0.34200001
v -0.45485404 -10.36454647 0.34200001
v 0.97414610 -2.20754688 0.00000000
v -1.12985399 -9.65254658 0.34200001
v -1.11485400 -9.67354649 0.34200001
v -1.09785398 -9.69754666 0.34200001
v 1.08714602 -2.17054671 0.00000000
v -1.15785399 -9.61054676 0.34200001
v -1.08385399 -9.72054642 0.34200001
v -1.05785402 -9.78254669 0.34200001
v -1.06385400 -9.76254719 0.34200001
v -1.07185402 -9.74254673 0.34200001
v -1.05485400 -9.83154648 0.34200001
v -1.16885402 -9.59054630 0.34200001
v 0.73014591 -2.28454679 0.00000000
v 0.75214598 -2.27654665 0.00000000
v 0.70914600 -2.29154676 0.00000000
v 0.95014593 -2.20954674 0.00000000
v 0.70014593 -2.89154690 0.00000000
v 0.77314589 -2.86354654 0.00000000
v 0.65914605 -2.90254658 0.00000000
v 0.48714588 -2.93954676 0.00000000
v 0.41814611 -2.95254677 0.00000000
v 0.30614588 -2.39054697 0.00000000
v 0.16714594 -2.40554684 0.00000000
v 0.23614595 -2.40054672 0.00000000
v 0.27314589 -2.97754687 0.00000000
v 0.20514605 -2.98954695 0.00000000
v 0.19414589 -4.26154679 0.00000000
v -0.29985407 -4.59554690 0.00000000
v 0.18114588 -4.24354666 0.00000000
v 0.20614598 -4.28054684 0.00000000
v -0.25185397 -3.05054682 0.00000000
v -0.85985401 -3.02354687 0.00000000
v 0.03714595 -3.02554672 0.00000000
v -0.11085405 -3.05954664 0.00000000
v -0.10085406 -3.06254690 0.00000000
v -0.08985403 -3.06554669 0.00000000
v -0.05185404 -3.05754679 0.00000000
v -0.06085398 -3.06154698 0.00000000
v -0.00185397 -3.03654688 0.00000000
v -0.02885404 -3.04454678 0.00000000
v -0.04285398 -3.05154675 0.00000000
v 0.14214609 -3.00154656 0.00000000
v -0.26785400 -3.21354693 0.00000000
v -0.26485398 -3.24754685 0.00000000
v -0.80585399 -3.29454678 0.00000000
v -0.81285396 -3.25154656 0.00000000
v -0.26985397 -3.17954701 0.00000000
v -0.07085397 -3.06454676 0.00000000
v -0.07985404 -3.06554669 0.00000000
v -0.12085405 -3.05454701 0.00000000
v -0.20085397 -3.43754690 0.00000000
v -0.19385400 -3.45254677 0.00000000
v -0.72685399 -3.64454668 0.00000000
v -0.18885400 -3.46954697 0.00000000
v -0.22485402 -3.39354675 0.00000000
v -0.21685400 -3.40654677 0.00000000
v -0.23385396 -3.37854689 0.00000000
v -0.24185398 -3.35954683 0.00000000
v -0.75985398 -3.51454657 0.00000000
v 1.69414589 -10.25154656 0.34200001
v -0.79685404 -3.34054678 0.00000000
v -0.78685405 -3.39054697 0.00000000
v -0.25985398 -3.27954691 0.00000000
v -0.82385399 -3.17854660 0.00000000
v -0.82685402 -3.15254658 0.00000000
v -0.26785400 -3.12454670 0.00000000
v -0.81985405 -3.21254700 0.00000000
v -0.82885399 -3.13354700 0.00000000
v -0.82885399 -3.12354677 0.00000000
v -0.83185401 -3.07554691 0.00000000
v -0.26185396 -3.08254688 0.00000000
v 2.35214612 -0.23854678 0.34200001
v 2.38814590 -0.20054680 0.34200001
v 2.38814590 -0.20054680 0.00000000
v -1.43985402 -2.75054663 0.00000000
v -1.46085402 -2.74054688 0.00000000
v 2.39614580 -0.16254681 0.34200001
v 2.39614580 -0.16254681 0.00000000
v -1.38685402 -2.76654690 0.00000000
v -1.41585400 -2.75854700 0.00000000
v -1.59985402 -2.60254687 0.00000000
v -1.61585402 -2.59554690 0.00000000
v 2.30614612 -0.12054675 0.34200001
v -1.58685401 -2.60654658 0.00000000
v -1.57885402 -2.60854691 0.00000000
v -1.55585402 -2.62154692 0.00000000
v -1.57185402 -2.61054676 0.00000000
v -1.54685401 -2.62954682 0.00000000
v -1.87885401 -2.45954674 0.00000000
v -1.86685401 -2.46154659 0.00000000
v -1.85185401 -2.46554678 0.00000000
v -1.81285401 -2.48154658 0.00000000
v -1.83285401 -2.47254675 0.00000000
v 2.25314615 -0.23254674 0.00000000
v 2.25314615 -0.23254674 0.34200001
v 2.26114604 -0.21854680 0.00000000
v -1.65485401 -2.57554691 0.00000000
v -1.63385401 -2.58754700 0.00000000
v -1.78985401 -2.49254673 0.00000000
v 2.29114578 -0.12454682 0.00000000
v 2.29114578 -0.12454682 0.34200001
v 2.28714607 -0.15254682 0.00000000
v 2.28314588 -0.16854673 0.00000000
v 2.28714607 -0.15254682 0.34200001
v 2.29014585 -0.13854676 0.34200001
v -1.52285400 -2.66554659 0.00000000
v -1.53085401 -2.65154665 0.00000000
v -1.51585400 -2.68054693 0.00000000
v -1.50485402 -2.69854658 0.00000000
v -1.49285402 -2.71454685 0.00000000
v -1.53885400 -2.63954657 0.00000000
v -1.47885400 -2.72854679 0.00000000
v 2.31514594 -0.15454679 0.00000000
v 2.31114576 -0.13554674 0.00000000
v 2.31514594 -0.15454679 0.34200001
v 0.00514600 -3.94454687 0.00000000
v -0.56485405 -4.11654680 0.00000000
v -0.01985397 -3.89354675 0.00000000
v -0.04685404 -3.83954685 0.00000000
v -0.07385399 -3.78454655 0.00000000
v -0.60485401 -4.01654690 0.00000000
v -0.09885397 -3.73254698 0.00000000
v -0.64685407 -3.90054672 0.00000000
v -0.12185397 -3.68154686 0.00000000
v -0.14185395 -3.63454693 0.00000000
v -0.68785396 -3.77454680 0.00000000
v -0.16985395 -3.55854672 0.00000000
v -0.15785399 -3.59354656 0.00000000
v -0.18185403 -3.49954670 0.00000000
v -0.18085399 -3.51254671 0.00000000
v -0.17785397 -3.53154677 0.00000000
v -0.18385401 -3.48454683 0.00000000
v -0.24885407 -3.33554667 0.00000000
v -0.20785406 -3.42154663 0.00000000
v -0.25485399 -3.30854672 0.00000000
v -1.86385401 9.70745308 0.00000000
v -1.87185401 9.68745357 0.00000000
v -2.40385404 9.93745357 0.00000000
v -1.85585401 9.72345287 0.00000000
v -2.38185402 9.97845299 0.00000000
v -1.84685401 9.74045307 0.00000000
v -2.33785402 10.05345280 0.00000000
v -1.83585401 9.75745327 0.00000000
v 0.06414602 -4.07654684 0.00000000
v -0.09085395 -4.21554678 0.00000000
v 0.04814598 -4.03654688 0.00000000
v 0.02814600 -3.99354666 0.00000000
v -2.31685400 10.08645279 0.00000000
v -2.29785400 10.11345321 0.00000000
v 2.24314592 -0.24654680 0.00000000
v -2.28085401 10.13445312 0.00000000
v -2.26485401 10.15245277 0.00000000
v -1.80985401 9.79145366 0.00000000
v 0.08714602 -4.14354675 0.00000000
v 0.08514604 -4.12954682 0.00000000
v 0.07714603 -4.10654658 0.00000000
v 2.28314588 -0.16854673 0.34200001
v 2.27714584 -0.18554681 0.34200001
v -2.23785400 10.18745357 0.00000000
v -2.22685402 10.20445282 0.00000000
v -1.79585401 9.80645305 0.00000000
v 2.27714584 -0.18554681 0.00000000
v 2.26914594 -0.20254677 0.34200001
v -0.95785400 8.95445329 0.00000000
v -0.92385402 8.98745329 0.00000000
v -0.88885399 9.01045305 0.00000000
v -0.98885402 8.91645319 0.00000000
v -1.01685401 8.87245304 0.00000000
v 2.26114604 -0.21854680 0.34200001
v 2.23614595 -0.26054674 0.00000000
v 2.22914598 -0.27354675 0.00000000
v 2.22914598 -0.27354675 0.34200001
v 2.23614595 -0.26054674 0.34200001
v 2.22414586 -0.28454679 0.34200001
v 2.22414586 -0.28454679 0.00000000
v 0.11714599 -4.18454664 0.00000000
v -0.32785406 -4.53854674 0.00000000
v 0.11114595 -4.18354672 0.00000000
v 0.12514589 -4.18754690 0.00000000
v 0.13314602 -4.19254654 0.00000000
v 0.14414594 -4.20154684 0.00000000
v 0.15614602 -4.21354693 0.00000000
v 2.24314592 -0.24654680 0.34200001
v 0.17314598 8.57445318 0.00000000
v 0.18514607 8.57045299 0.00000000
v 0.10614595 -4.18254679 0.00000000
v 0.10114596 -4.17754667 0.00000000
v 0.11514602 8.59745342 0.00000000
v 0.13714597 8.58545334 0.00000000
v -0.15485397 8.05945331 0.00000000
v -0.09485402 8.02745325 0.00000000
v 0.09214601 -4.16654700 0.00000000
v 0.09714601 -4.17254656 0.00000000
v 0.08814595 -4.15254658 0.00000000
v 2.22014615 -0.29654675 0.34200001
v -0.29085400 8.14145309 0.00000000
v -0.36985400 8.19345314 0.00000000
v -0.00685396 8.67145330 0.00000000
v -0.04085400 8.69545299 0.00000000
v 2.21814582 -0.30754679 0.00000000
v 2.21814582 -0.30754679 0.34200001
v 0.16814611 -4.22854679 0.00000000
v 0.26814601 -4.36954659 0.00000000
v -0.21985402 8.80545313 0.00000000
v -0.19685402 8.79445345 0.00000000
v -0.23885396 8.81245310 0.00000000
v -0.16985395 8.77945310 0.00000000
v -0.25185397 8.81445343 0.00000000
v -0.13985398 8.76145346 0.00000000
v -0.10685399 8.74145300 0.00000000
v -0.07385399 8.71945316 0.00000000
v -0.26085403 8.81445343 0.00000000
v -0.52785399 -4.19554680 0.00000000
v -0.49585405 -4.24754685 0.00000000
v 2.22314594 -0.32954686 0.34200001
v 2.21914623 -0.32454675 0.34200001
v 2.22314594 -0.32954686 0.00000000
v -0.48085406 -4.26854675 0.00000000
v 2.22614620 -0.33854669 0.34200001
v -0.46085396 -4.29854696 0.00000000
v 2.22914598 -0.35454672 0.00000000
v 2.22914598 -0.35454672 0.34200001
v -0.43785396 -4.33554667 0.00000000
v -0.41185405 -4.38054674 0.00000000
v -0.38485398 -4.42954701 0.00000000
v 2.35214612 -0.23854678 0.00000000
v 1.56714604 -5.49354666 0.00000000
v 1.09314606 -5.90354698 0.00000000
v 1.53314588 -5.46654671 0.00000000
v 1.50414607 -5.44254654 0.00000000
v 1.08314607 -5.89154690 0.00000000
v 2.33914611 -0.22354680 0.34200001
v 1.34214589 -5.34454697 0.00000000
v 1.05514595 -5.86854666 0.00000000
v 1.33414600 -5.34254664 0.00000000
v 1.35114596 -5.34554690 0.00000000
v 1.37314603 -5.35054653 0.00000000
v 1.36114595 -5.34554690 0.00000000
v 1.40214608 -5.36254662 0.00000000
v 1.38714597 -5.35554665 0.00000000
v 2.32614610 -0.19654673 0.34200001
v 1.03914592 -5.85854691 0.00000000
v 1.32014606 -5.33554667 0.00000000
v 2.31114576 -0.13554674 0.34200001
v 1.00514600 -5.84154671 0.00000000
v 1.31414602 -5.33054655 0.00000000
v 0.87314603 -5.77754658 0.00000000
v 1.31014607 -5.32554691 0.00000000
v 1.27714608 -5.28054684 0.00000000
v 0.68714592 -5.62754696 0.00000000
v 1.26214597 -5.26954668 0.00000000
v 1.24514601 -5.25954693 0.00000000
v 1.28914592 -5.28954666 0.00000000
v 1.29914591 -5.29854696 0.00000000
v 1.30514595 -5.30554693 0.00000000
v 1.30714605 -5.31254690 0.00000000
v 1.30714605 -5.31854695 0.00000000
v 0.77914593 -5.69654673 0.00000000
v 1.22614596 -5.25054663 0.00000000
v 0.71014593 -5.64254683 0.00000000
v 0.73314593 -5.65954655 0.00000000
v 1.43214605 -5.38254660 0.00000000
v 1.46114609 -5.40754669 0.00000000
v 1.44714591 -5.39454668 0.00000000
v 2.29014585 -0.13854676 0.00000000
v 0.46214602 -5.46154659 0.00000000
v 0.41214607 -5.41354674 0.00000000
v 0.83414600 -4.96554678 0.00000000
v 0.76114604 -4.90654677 0.00000000
v 0.56214592 -4.71254700 0.00000000
v -0.01385405 -5.00354689 0.00000000
v 0.45514605 -4.59554690 0.00000000
v 2.33914611 -0.22354680 0.00000000
v -0.06685403 -4.93354672 0.00000000
v 0.35414598 -4.47854679 0.00000000
v 2.32614610 -0.19654673 0.00000000
v 1.05414603 -5.11554688 0.00000000
v 0.58014605 -5.56854695 0.00000000
v 1.03614590 -5.10754698 0.00000000
v 0.99614594 -5.09654682 0.00000000
v 0.98514602 -5.08954685 0.00000000
v 0.95714590 -5.05954664 0.00000000
v 0.48514602 -5.48554676 0.00000000
v 0.94314597 -5.03554695 0.00000000
v 0.97514603 -5.08154696 0.00000000
v 0.93414590 -5.02454680 0.00000000
v 1.14814589 -5.20954674 0.00000000
v 1.13114593 -5.19754666 0.00000000
v 1.16614601 -5.22054690 0.00000000
v 1.18514607 -5.23154658 0.00000000
v 1.11614606 -5.18554657 0.00000000
v 1.10414598 -5.17354696 0.00000000
v 1.07114599 -5.12754696 0.00000000
v 1.06214592 -5.12054699 0.00000000
v 1.08514593 -5.14254683 0.00000000
v 1.09514592 -5.16254681 0.00000000
v 1.01714609 -5.10554665 0.00000000
v 1.00614593 -5.10254687 0.00000000
v 1.02714608 -5.10654658 0.00000000
v 0.89614603 -4.99254673 0.00000000
v 0.88614604 -4.98854654 0.00000000
v 0.90514610 -4.99854677 0.00000000
v 0.91514609 -5.00554674 0.00000000
v 0.92514608 -5.01454657 0.00000000
v 0.87814591 -4.98854654 0.00000000
v 0.38514588 -5.39154690 0.00000000
v 0.20214603 -5.28654688 0.00000000
v 0.22614596 -5.30454701 0.00000000
v 0.24914596 -5.31654661 0.00000000
v 0.17514608 -5.26154679 0.00000000
v 0.28914592 -5.33054655 0.00000000
v 0.27214596 -5.32454699 0.00000000
v 0.31014607 -5.34154671 0.00000000
v 0.66714594 -4.81954687 0.00000000
v 0.35914609 -5.37254685 0.00000000
v 0.33414600 -5.35554665 0.00000000
v 2.26914594 -0.20254677 0.00000000
v 1.80214593 -5.67554682 0.00000000
v 1.83914587 -5.70354670 0.00000000
v 1.70114610 -6.00754660 0.00000000
v 1.94914601 -5.79154700 0.00000000
v 1.76314590 -5.64554661 0.00000000
v 1.97214601 -5.81254690 0.00000000
v 1.96114609 -5.80354660 0.00000000
v 2.22014615 -0.29654675 0.00000000
v 2.17214582 -5.94354695 0.00000000
v 1.72414610 -6.40754669 0.00000000
v 2.14214609 -5.91954678 0.00000000
v 2.09514592 -5.88954657 0.00000000
v 2.11714599 -5.90154665 0.00000000
v 2.01914594 -5.84354656 0.00000000
v 2.05714605 -5.86754673 0.00000000
v 1.98514602 -5.82154673 0.00000000
v 2.07714603 -5.87854689 0.00000000
v 2.20514581 -5.97154682 0.00000000
v 1.80314610 -6.47854679 0.00000000
v 2.21814582 -0.31654673 0.00000000
v 2.21814582 -0.31654673 0.34200001
v 1.64214609 -5.55454701 0.00000000
v 1.22514603 -6.03254669 0.00000000
v 1.60414598 -5.52354687 0.00000000
v 1.16914604 -5.98654669 0.00000000
v 2.21914623 -0.32454675 0.00000000
v 2.22614620 -0.33854669 0.00000000
v 1.72314594 -5.61554688 0.00000000
v 1.65414593 -6.34654682 0.00000000
v 1.58914587 -6.29254692 0.00000000
v 1.28614590 -6.07654684 0.00000000
v 1.68314597 -5.58454674 0.00000000
v 1.19614599 -6.00954693 0.00000000
v 1.14614603 -5.96454685 0.00000000
v 1.47914598 -5.42254656 0.00000000
v 1.37714598 -6.13854664 0.00000000
v 1.25414607 -6.05454701 0.00000000
v 6.19714591 -1.21954673 0.00000000
v 6.19714591 -1.21954673 0.34200001
v 6.34114597 -1.17254680 0.34200001
v 5.96914623 -1.29954665 0.00000000
v 5.90114591 -1.32254666 0.00000000
v 5.90114591 -1.32254666 0.34200001
v 5.96914623 -1.29954665 0.34200001
v 1.45614598 -6.19254654 0.00000000
v 1.52414605 -6.24354666 0.00000000
v 6.09514615 -1.25554674 0.34200001
v 6.09514615 -1.25554674 0.00000000
v 6.03414581 -1.27754682 0.00000000
v 6.03414581 -1.27754682 0.34200001
v 6.15014598 -1.23654669 0.00000000
v 6.15014598 -1.23654669 0.34200001
v 5.83514593 -1.34554666 0.00000000
v 5.77014587 -1.36754673 0.00000000
v 5.77014587 -1.36754673 0.34200001
v 5.83514593 -1.34554666 0.34200001
v 5.70914600 -1.38954681 0.00000000
v 5.70914600 -1.38954681 0.34200001
v 5.99314592 -1.90154665 0.34200001
v 5.96614597 -1.91254681 0.00000000
v 5.99314592 -1.90154665 0.00000000
v 0.75614593 -5.67754667 0.00000000
v 0.66814611 -5.61454695 0.00000000
v 6.01914594 -1.89154666 0.34200001
v 6.01914594 -1.89154666 0.00000000
v 6.04514596 -1.88254684 0.34200001
v 6.04514596 -1.88254684 0.00000000
v 6.06914613 -1.87454670 0.34200001
v 6.06914613 -1.87454670 0.00000000
v 6.09114597 -1.86954683 0.34200001
v 6.09114597 -1.86954683 0.00000000
v 0.98814604 -5.83554667 0.00000000
v 0.96914599 -5.83054655 0.00000000
v 6.11014602 -1.86554688 0.34200001
v 6.11014602 -1.86554688 0.00000000
v 6.12614581 -1.86454671 0.00000000
v 6.12614581 -1.86454671 0.34200001
v 1.02214596 -5.84854668 0.00000000
v 6.16314552 -1.86054676 0.00000000
v 6.16314552 -1.86054676 0.34200001
v 1.06914589 -5.87954682 0.00000000
v 6.22014568 -1.84754675 0.00000000
v 6.22014568 -1.84754675 0.34200001
v 6.28914592 -1.82854670 0.00000000
v 6.28914592 -1.82854670 0.34200001
v 1.11114595 -5.92954701 0.00000000
v 1.12614605 -5.94654673 0.00000000
v 5.64714620 -1.41154688 0.34200001
v 5.64714620 -1.41154688 0.00000000
v 5.57914588 -1.43654674 0.00000000
v 5.57914588 -1.43654674 0.34200001
v 0.89814589 -5.79454678 0.00000000
v 0.92314598 -5.80954664 0.00000000
v 0.94714591 -5.82154673 0.00000000
v 0.84714601 -5.75854700 0.00000000
v 0.82314608 -5.73754662 0.00000000
v 5.50814578 -1.46554678 0.00000000
v 5.50814578 -1.46554678 0.34200001
v 5.43314597 -1.49654668 0.00000000
v 5.43314597 -1.49654668 0.34200001
v 0.60014603 -5.58354681 0.00000000
v 5.36014602 -1.52854675 0.00000000
v 5.36014602 -1.52854675 0.34200001
v 0.63514588 -5.60154694 0.00000000
v 0.61914608 -5.59454697 0.00000000
v 0.55714605 -5.55054682 0.00000000
v 0.53314588 -5.53154677 0.00000000
v 5.29014585 -1.55954688 0.00000000
v 5.29014585 -1.55954688 0.34200001
v 5.83714578 -1.96654671 0.00000000
v 5.83714578 -1.96654671 0.34200001
v 5.81414602 -1.97354668 0.00000000
v 0.65014598 -5.60654658 0.00000000
v 5.81414602 -1.97354668 0.34200001
v -0.27085402 -4.64954680 0.00000000
v -0.24485400 -4.70154684 0.00000000
v 5.86214588 -1.95754688 0.00000000
v 5.86214588 -1.95754688 0.34200001
v 5.88814590 -1.94754666 0.00000000
v 5.88814590 -1.94754666 0.34200001
v 5.91514585 -1.93654674 0.00000000
v 5.91514585 -1.93654674 0.34200001
v -0.08985403 -4.90654677 0.00000000
v 5.94114587 -1.92454665 0.00000000
v 5.94114587 -1.92454665 0.34200001
v -0.04185405 -4.96554678 0.00000000
v 5.96614597 -1.91254681 0.34200001
v -0.10885396 -4.88654679 0.00000000
v -0.12385407 -4.87354677 0.00000000
v -0.14185395 -4.86354654 0.00000000
v -0.13285401 -4.86954659 0.00000000
v -0.15585401 -4.84754675 0.00000000
v -0.17385402 -4.82154673 0.00000000
v -0.19485405 -4.78854674 0.00000000
v -0.21885398 -4.74754685 0.00000000
v -0.35685399 -4.48254698 0.00000000
v 0.04514596 -5.08854693 0.00000000
v 0.08314595 -5.14454668 0.00000000
v 0.01514599 -5.04454678 0.00000000
v 0.11614594 -5.19054669 0.00000000
v 0.14714596 -5.22954672 0.00000000
v 7.38714645 -6.53254669 0.00000000
v 7.52414558 -6.54154652 0.00000000
v 7.67914626 -6.54254692 0.00000000
v 7.85114620 -6.53554695 0.00000000
v 2.24314592 -6.96454685 0.00000000
v 2.22614620 -6.93954724 0.00000000
v 2.77914617 -6.63654679 0.00000000
v 2.85514591 -6.75354641 0.00000000
v 2.32314584 -7.07254666 0.00000000
v 2.92614601 -6.86654633 0.00000000
v 2.38914583 -7.16354721 0.00000000
v 2.98614595 -6.96854656 0.00000000
v 2.40514610 -7.19254654 0.00000000
v 2.26214597 -6.99254673 0.00000000
v 2.21114585 -6.91554707 0.00000000
v 2.19914577 -6.89454716 0.00000000
v 2.18914602 -6.87754696 0.00000000
v -2.29985401 -0.28254681 0.34200001
v 2.56214616 -8.01254719 0.00000000
v 2.55214593 -7.87354630 0.00000000
v 3.26714609 -8.02154701 0.00000000
v -2.29285401 -0.25854676 0.34200001
v 3.22914598 -7.73054665 0.00000000
v 2.53914592 -7.73454636 0.00000000
v 3.21214578 -7.62254685 0.00000000
v 3.18114612 -7.46054714 0.00000000
v 3.19714591 -7.53354710 0.00000000
v 2.52314613 -7.60254639 0.00000000
v 2.56914613 -8.17454689 0.00000000
v 2.56814620 -8.14754646 0.00000000
v 3.14514587 -7.34754723 0.00000000
v 3.16414592 -7.39954632 0.00000000
v 3.05414579 -7.11754673 0.00000000
v 2.47014615 -7.31654709 0.00000000
v 3.05014608 -7.09954708 0.00000000
v -2.28685402 -0.17354673 0.00000000
v 2.39914605 -7.18054646 0.00000000
v 2.37614581 -7.14454716 0.00000000
v 1.46414587 -10.36054676 0.34200001
v 1.49314592 -10.33754700 0.34200001
v 1.52214596 -10.31754654 0.34200001
v 1.43414590 -10.38454693 0.34200001
v 1.40614602 -10.40554684 0.34200001
v 1.60614607 -10.27154701 0.34200001
v 1.58014605 -10.28254669 0.34200001
v 1.55114601 -10.29954689 0.34200001
v 1.63214609 -10.26154679 0.34200001
v 1.65414593 -10.25554722 0.34200001
v 1.67314598 -10.25354641 0.34200001
v -2.29985401 -0.28254681 0.00000000
v -2.29285401 -0.25854676 0.00000000
v 1.35514591 -10.43454712 0.34200001
v 1.37914607 -10.42254704 0.34200001
v 0.65114591 -10.61054676 0.34200001
v -2.54585400 0.06645328 0.00000000
v -2.54585400 0.08145327 0.00000000
v -2.54585400 0.06645328 0.34200001
v -2.53285399 0.12245328 0.00000000
v 0.57514593 -10.61054676 0.34200001
v 0.40314600 -10.60454720 0.34200001
v -2.53785398 0.02445323 0.00000000
v -2.53785398 0.02445323 0.34200001
v -2.52385398 -0.00554674 0.34200001
v 0.10414598 -10.54254692 0.34200001
v 0.11614594 -10.53954666 0.34200001
v -0.22585406 -10.50954693 0.34200001
v -2.54185399 0.03845329 0.34200001
v -2.54185399 0.03845329 0.00000000
v -2.54485401 0.05245323 0.34200001
v -2.54585400 0.08145327 0.34200001
v -2.54385402 0.09545321 0.34200001
v -2.54385402 0.09545321 0.00000000
v -2.53885403 0.10845322 0.00000000
v -2.53885403 0.10845322 0.34200001
v -2.52385398 -0.00554674 0.00000000
v -2.51385399 -0.05054682 0.34200001
v -2.51485404 -0.03554671 0.00000000
v -2.51485404 -0.03554671 0.34200001
v -2.51885399 -0.02154678 0.34200001
v -2.51885399 -0.02154678 0.00000000
v -2.52285400 -0.09154683 0.34200001
v -2.51785400 -0.07854682 0.00000000
v -2.51785400 -0.07854682 0.34200001
v -2.51485404 -0.06354671 0.34200001
v -1.86885401 1.37845323 0.34200001
v -2.54485401 0.05245323 0.00000000
v -2.72285398 1.73445323 0.34200001
v -2.70785400 1.78345323 0.34200001
v -2.70085403 1.82345322 0.34200001
v -2.70185402 1.85945324 0.34200001
v -2.51385399 -0.05054682 0.00000000
v -2.52285400 -0.09154683 0.00000000
v -2.51485404 -0.06354671 0.00000000
v -2.53085401 -0.10654681 0.34200001
v -2.53085401 -0.10654681 0.00000000
v -2.46185401 -0.20654672 0.00000000
v -2.46585401 -0.19754677 0.00000000
v -2.46185401 -0.20654672 0.34200001
v -3.10785403 0.63245327 0.34200001
v -2.55285403 -0.15754681 0.34200001
v -2.55785402 -0.17454677 0.34200001
v -2.55285403 -0.15754681 0.00000000
v -2.54385402 -0.13454681 0.34200001
v -3.12285402 0.54545326 0.34200001
v -3.13785401 0.43145317 0.34200001
v -3.11585405 0.58645326 0.34200001
v -3.14785400 0.30645317 0.34200001
v -1.48885402 -0.82354682 0.34200001
v -1.66485402 -0.89654678 0.34200001
v -2.46185401 -0.23854678 0.34200001
v -2.13885402 -0.37554687 0.34200001
v -2.46585401 -0.19754677 0.34200001
v -2.47185400 -0.19154673 0.34200001
v -2.47985401 -0.18954676 0.00000000
v -2.47985401 -0.18954676 0.34200001
v -2.49185404 -0.18954676 0.34200001
v -2.49185404 -0.18954676 0.00000000
v -2.50685402 -0.19254678 0.34200001
v -2.50685402 -0.19254678 0.00000000
v -2.52685400 -0.19754677 0.34200001
v -2.52685400 -0.19754677 0.00000000
v -2.54285404 -0.19754677 0.00000000
v -2.54285404 -0.19754677 0.34200001
v -2.06985402 -0.98454683 0.34200001
v -2.55285403 -0.19454675 0.00000000
v -2.55285403 -0.19454675 0.34200001
v -2.44385400 -0.34654682 0.34200001
v -2.45185402 -0.34354680 0.34200001
v -3.07585397 -0.64354675 0.34200001
v -2.39985403 -0.34554666 0.34200001
v -2.55785402 -0.18654674 0.34200001
v -2.54385402 -0.13454681 0.00000000
v -3.15185406 0.17545325 0.34200001
v -2.39985403 -0.34554666 0.00000000
v -2.43285402 -0.34754675 0.00000000
v -2.43285402 -0.34754675 0.34200001
v -2.44385400 -0.34654682 0.00000000
v -0.44785407 8.24245340 0.00000000
v -0.27985397 8.81945307 0.00000000
v -2.45185402 -0.34354680 0.00000000
v -3.14685407 -0.09254676 0.34200001
v -0.52385404 8.28645307 0.00000000
v -2.45885399 -0.33754676 0.00000000
v -2.45885399 -0.33754676 0.34200001
v -0.30985406 8.83845312 0.00000000
v 0.26814601 8.51945335 0.00000000
v -2.46385398 -0.32754677 0.00000000
v -2.46385398 -0.32754677 0.34200001
v 0.23214600 8.54445345 0.00000000
v -2.46785399 -0.31554681 0.00000000
v -2.46785399 -0.31554681 0.34200001
v -2.46785399 -0.28354674 0.00000000
v -2.46785399 -0.28354674 0.34200001
v -0.28885403 8.82345325 0.00000000
v 0.05914602 8.62845308 0.00000000
v -0.25485399 8.11845333 0.00000000
v 0.02714596 8.64945347 0.00000000
v 0.20014593 8.56345302 0.00000000
v 0.21514604 8.55545313 0.00000000
v -2.46485403 -0.26154679 0.34200001
v -2.46485403 -0.26154679 0.00000000
v -2.46185401 -0.23854678 0.00000000
v -0.59485402 8.32345325 0.00000000
v -0.30485406 8.83345300 0.00000000
v -3.12285402 -0.34354680 0.34200001
v -2.47185400 -0.19154673 0.00000000
v -3.13785401 -0.22154682 0.34200001
v 0.08914599 8.61145336 0.00000000
v -0.20885399 8.09045345 0.00000000
v -3.08785405 -0.55154675 0.34200001
v -0.87885406 8.42845327 0.00000000
v -0.92485401 8.46245319 0.00000000
v -0.96885404 8.50445301 0.00000000
v -1.00985398 8.55045301 0.00000000
v -1.04185399 8.59845335 0.00000000
v -1.06485399 8.64345342 0.00000000
v -1.07285401 8.68345339 0.00000000
v -1.05785402 8.77845318 0.00000000
v -1.03985402 8.82545311 0.00000000
v -0.83485403 8.40645344 0.00000000
v -1.06885400 8.72945339 0.00000000
v -3.09485402 -0.50154679 0.34200001
v -3.10485401 -0.45154684 0.34200001
v 1.29314611 7.56145317 0.00000000
v 1.21914599 8.17745334 0.00000000
v 1.30114601 8.19245321 0.00000000
v -2.55785402 -0.18654674 0.00000000
v -2.55785402 -0.17454677 0.00000000
v -3.15185406 0.04145319 0.34200001
v 1.15014598 7.54245312 0.00000000
v 0.95814607 7.55245334 0.00000000
v 0.83014605 7.58245308 0.00000000
v 0.70114610 7.62745315 0.00000000
v 0.64014599 7.65445310 0.00000000
v 0.53314588 7.71445305 0.00000000
v -2.00585401 6.46245319 0.00000000
v -2.10585401 6.58945305 0.00000000
v -2.20485401 6.75645334 0.00000000
v -2.20685401 6.76645309 0.00000000
v -1.67785401 6.97945339 0.00000000
v -3.08185401 -0.59954684 0.34200001
v -2.05485402 -0.97754687 0.34200001
v -2.03185401 -0.97454684 0.34200001
v -2.21185401 6.77745325 0.00000000
v -2.20385402 6.74645311 0.00000000
v -2.17685401 6.69045336 0.00000000
v -3.07285407 -0.68454688 0.34200001
v -3.07185402 -0.71854680 0.34200001
v -2.07785400 -0.99554675 0.34200001
v -2.07585401 -1.09654682 0.34200001
v -2.39485403 -1.39954680 0.34200001
v -2.07085400 -1.11854666 0.34200001
v -0.72685399 6.05245334 0.00000000
v -0.73985400 6.06045324 0.00000000
v -0.71485403 6.04345304 0.00000000
v -0.70285406 6.03245336 0.00000000
v -3.10785403 0.63245327 0.00000000
v -3.11585405 0.58645326 0.00000000
v -3.07185402 -0.74654668 0.34200001
v -2.11185401 -1.27254670 0.34200001
v -2.06485401 -1.13654679 0.34200001
v -3.12285402 0.54545326 0.00000000
v -1.99985401 -0.97254675 0.34200001
v -0.76685395 6.07345325 0.00000000
v -0.78985396 6.08945305 0.00000000
v -0.75185397 6.06645328 0.00000000
v -3.13785401 0.43145317 0.00000000
v -1.95585401 -0.97254675 0.34200001
v -0.81885400 6.11345321 0.00000000
v -0.85385397 6.14245302 0.00000000
v -1.92785401 -0.97154682 0.34200001
v -3.14785400 0.30645317 0.00000000
v -1.89685401 -0.96854680 0.34200001
v -1.86585401 -0.96454685 0.34200001
v -1.83685401 -0.95854681 0.34200001
v -3.15185406 0.17545325 0.00000000
v -3.15185406 0.04145319 0.00000000
v -1.98285401 -1.18054670 0.34200001
v -2.04585401 -1.32954686 0.34200001
v -1.96485401 -1.18454688 0.34200001
v -1.93385401 -1.19254678 0.34200001
v -1.92085401 -1.19654673 0.34200001
v -1.94785401 -1.18854683 0.34200001
v -3.14685407 -0.09254676 0.00000000
v -3.13785401 -0.22154682 0.00000000
v -3.12285402 -0.34354680 0.00000000
v -0.54585400 5.85845310 0.00000000
v -0.57085397 5.88145334 0.00000000
v -2.05485402 -1.15054672 0.34200001
v -2.06485401 -1.13654679 0.00000000
v -0.59485402 5.90445310 0.00000000
v -2.07085400 -1.11854666 0.00000000
v -0.61585405 5.92645342 0.00000000
v -0.63485398 5.94645340 0.00000000
v -2.07585401 -1.09654682 0.00000000
v -0.64985397 5.96445305 0.00000000
v -1.90185401 -1.23154681 0.34200001
v -1.90085401 -1.22354668 0.34200001
v -1.90285401 -1.24354666 0.34200001
v -1.90385401 -1.25454682 0.34200001
v -2.08085401 -1.03654688 0.34200001
v -2.07785400 -1.06754678 0.34200001
v -2.07785400 -1.06754678 0.00000000
v -2.08085401 -1.03654688 0.00000000
v -0.68985405 6.02045328 0.00000000
v -0.67885401 6.00745327 0.00000000
v -0.66785398 5.99345333 0.00000000
v -0.65985396 5.97945339 0.00000000
v -1.89985401 -1.21654671 0.34200001
v -1.90085401 -1.21154683 0.34200001
v -1.90485401 -1.20754688 0.34200001
v -1.91185401 -1.20254677 0.34200001
v -2.00685401 -1.17554682 0.34200001
v 0.65914605 -2.90254658 0.34200001
v -2.04285401 -1.16154688 0.34200001
v -1.02285400 6.30345327 0.00000000
v -2.02685400 -1.16954678 0.34200001
v -1.90585401 -1.28354686 0.34200001
v -1.90485401 -1.26854675 0.34200001
v -1.88785401 6.32345325 0.00000000
v -2.17585402 8.16945345 0.34200001
v -2.73885402 8.07145340 0.34200001
v -2.17185401 8.10345346 0.34200001
v -2.17685401 8.47545320 0.34200001
v -2.17585402 8.19745333 0.34200001
v -2.73085400 8.01345331 0.34200001
v -2.72285398 7.95945341 0.34200001
v -2.71385398 7.90845329 0.34200001
v -2.15285402 8.00745327 0.34200001
v -2.70685401 7.86345321 0.34200001
v -2.69885399 7.82445318 0.34200001
v -2.69185403 7.79245312 0.34200001
v -2.64485403 7.66745312 0.34200001
v -2.12285400 7.89145309 0.34200001
v -2.65685400 7.70745308 0.34200001
v -1.92985401 7.37445337 0.34200001
v -2.39385399 7.05945331 0.34200001
v -1.91285401 7.35145313 0.34200001
v -1.96385401 7.43445331 0.34200001
v -2.00285401 7.52745325 0.34200001
v -2.51585403 7.31745321 0.34200001
v -2.56985399 7.44245321 0.34200001
v -2.04585401 7.64145309 0.34200001
v -2.08685401 7.76645309 0.34200001
v -2.61085400 7.54845316 0.34200001
v 5.70114610 -2.02754682 0.34200001
v 5.67814586 -2.04554671 0.34200001
v 5.70114610 -2.02754682 0.00000000
v -2.66285398 7.72445328 0.34200001
v -2.63485398 7.62445337 0.34200001
v -2.63885399 7.64545328 0.34200001
v 5.70914600 -2.01354688 0.00000000
v 5.70914600 -2.01354688 0.34200001
v 5.71014593 -2.00754684 0.34200001
v 5.71014593 -2.00754684 0.00000000
v -2.67385402 7.75045330 0.34200001
v -2.67885401 7.75845320 0.34200001
v -2.68485400 7.77045328 0.34200001
v 5.71314618 -2.00154679 0.34200001
v -2.66885402 7.73845321 0.34200001
v 5.79414604 -1.97954672 0.34200001
v 5.79414604 -1.97954672 0.00000000
v 5.71314618 -2.00154679 0.00000000
v 5.71814582 -1.99654668 0.00000000
v 5.71814582 -1.99654668 0.34200001
v 5.72414586 -1.99154680 0.00000000
v 5.72414586 -1.99154680 0.34200001
v 5.73214576 -1.98854678 0.00000000
v 5.73214576 -1.98854678 0.34200001
v 5.74214599 -1.98554676 0.34200001
v 5.74214599 -1.98554676 0.00000000
v -2.23585400 6.80945331 0.34200001
v -1.82385401 7.18445331 0.34200001
v -2.24585402 6.81945307 0.34200001
v -2.25685402 6.82645304 0.34200001
v -2.22685402 6.79845316 0.34200001
v 5.75214622 -1.98454683 0.00000000
v 5.75214622 -1.98454683 0.34200001
v 5.76314590 -1.98354667 0.34200001
v 5.76314590 -1.98354667 0.00000000
v 5.77614591 -1.98254674 0.34200001
v 5.77614591 -1.98254674 0.00000000
v -1.89785401 7.32845337 0.34200001
v -1.88385401 7.30545313 0.34200001
v -2.45585402 7.18545324 0.34200001
v -2.33585402 6.94945318 0.34200001
v -2.28885400 6.86745340 0.34200001
v -2.21885401 6.78845341 0.34200001
v -1.76385401 7.09545309 0.34200001
v -2.21185401 6.77745325 0.34200001
v 5.60514591 -2.08454674 0.34200001
v 5.60514591 -2.08454674 0.00000000
v 5.64514587 -2.06554669 0.00000000
v 5.64514587 -2.06554669 0.34200001
v -2.20685401 6.76645309 0.34200001
v -2.20485401 6.75645334 0.34200001
v -1.67785401 6.97945339 0.34200001
v 5.67814586 -2.04554671 0.00000000
v -2.20385402 6.74645311 0.34200001
v -2.17685401 6.69045336 0.34200001
v -2.10585401 6.58945305 0.34200001
v 5.56114576 -2.10354679 0.34200001
v -5.87685397 6.55245334 0.34200001
v -6.40085414 6.35345346 0.34200001
v -5.87285402 6.54345304 0.34200001
v -5.88985398 6.59745342 0.34200001
v -6.41385415 6.39145309 0.34200001
v -5.88385394 6.57345325 0.34200001
v -5.88085392 6.56245310 0.34200001
v -5.89185383 6.62245304 0.34200001
v -5.89385417 6.63545305 0.34200001
v -5.90085414 6.65145332 0.34200001
v -6.43585398 6.40845329 0.34200001
v -6.42685416 6.40545303 0.34200001
v -6.07085421 6.86345321 0.34200001
v -6.45185378 6.41845304 0.34200001
v -6.49885419 6.45745308 0.34200001
v -6.47285416 6.43545324 0.34200001
v -5.82585409 6.45245344 0.34200001
v -6.38885405 6.29645330 0.34200001
v -5.80785396 6.38845331 0.34200001
v -5.84585407 6.50145323 0.34200001
v -5.86785391 6.53545315 0.34200001
v -5.77385404 6.13145334 0.34200001
v -5.78085401 6.22745306 0.34200001
v -6.36785414 6.14145309 0.34200001
v -5.89185383 6.61045343 0.34200001
v -5.79285410 6.31345302 0.34200001
v -6.37685397 6.22445328 0.34200001
v -6.90585377 7.37045318 0.34200001
v -7.00185397 6.81745321 0.34200001
v -6.82085421 7.34745342 0.34200001
v -6.91485407 6.79045326 0.34200001
v -6.74785378 7.32545311 0.34200001
v -6.12585404 6.92245323 0.34200001
v -6.13785412 6.93645317 0.34200001
v -6.56085398 6.51445324 0.34200001
v -6.52885392 6.48345310 0.34200001
v -6.10985425 6.90545303 0.34200001
v -6.59585383 6.54745323 0.34200001
v -6.17485383 6.97345335 0.34200001
v -6.25985387 7.04445345 0.34200001
v -6.63285401 6.58345300 0.34200001
v -6.21285393 7.00745327 0.34200001
v -6.70485404 6.65345318 0.34200001
v -6.31185391 7.08445341 0.34200001
v -6.36685422 7.12545330 0.34200001
v -6.42385390 7.16545326 0.34200001
v -6.77185395 6.71045334 0.34200001
v -6.47985413 7.20245344 0.34200001
v 5.56114576 -2.10354679 0.00000000
v 5.39714620 -2.14754670 0.34200001
v 5.37414596 -2.15854686 0.34200001
v 5.37414596 -2.15854686 0.00000000
v 5.39714620 -2.14754670 0.00000000
v -6.62585404 7.28245336 0.34200001
v -6.68285420 7.30445320 0.34200001
v -6.84085419 6.75545341 0.34200001
v -7.00285390 7.39445335 0.34200001
v -7.10385420 6.83945305 0.34200001
v -6.57585385 7.25945312 0.34200001
v -6.53085377 7.23545343 0.34200001
v 5.34614608 -2.17154687 0.00000000
v 5.41914604 -2.13954681 0.34200001
v 5.41914604 -2.13954681 0.00000000
v 5.43614576 -2.13454669 0.34200001
v 5.43614576 -2.13454669 0.00000000
v 5.44714591 -2.13254684 0.34200001
v 5.44714591 -2.13254684 0.00000000
v -7.29985383 7.43845302 0.34200001
v -7.22785380 6.85845310 0.34200001
v -7.18885424 7.43045313 0.34200001
v -7.71785405 7.44645340 0.34200001
v -7.64185383 6.88745338 0.34200001
v -7.57485392 7.44645340 0.34200001
v -7.84785416 7.44445307 0.34200001
v -7.76285412 6.87945301 0.34200001
v -7.95385411 7.43745310 0.34200001
v -7.88185408 6.86145336 0.34200001
v -7.43285420 7.44445307 0.34200001
v -7.51485398 6.88545305 0.34200001
v -8.14085391 7.39845306 0.34200001
v -8.02485421 7.42845327 0.34200001
v 5.47914598 -2.12854689 0.00000000
v 5.47914598 -2.12854689 0.34200001
v 5.51814601 -2.11854666 0.00000000
v 5.51814601 -2.11854666 0.34200001
v 5.31714580 -2.18654674 0.34200001
v 5.28714607 -2.20354670 0.34200001
v 5.28714607 -2.20354670 0.00000000
v 5.31714580 -2.18654674 0.00000000
v 5.34614608 -2.17154687 0.34200001
v -7.37885382 6.87445337 0.34200001
v 4.89914605 -1.73554676 0.00000000
v 4.87514589 -1.74354666 0.00000000
v 4.87514589 -1.74354666 0.34200001
v 4.86114595 -1.74554675 0.00000000
v 4.86114595 -1.74554675 0.34200001
v -7.11085417 7.41945345 0.34200001
v 4.84914586 -1.74654668 0.00000000
v 4.84914586 -1.74654668 0.34200001
v -5.91085389 6.67245323 0.34200001
v -5.92485383 6.69445307 0.34200001
v -6.02585414 6.81545336 0.34200001
v -6.04885390 6.84045345 0.34200001
v -6.09085419 6.88545305 0.34200001
v -5.97985413 6.76845342 0.34200001
v -6.00185397 6.79145319 0.34200001
v -5.94085410 6.71845323 0.34200001
v -5.95985415 6.74345333 0.34200001
v -5.76985409 6.02945310 0.34200001
v -6.36185410 6.05245334 0.34200001
v -6.35885384 5.96145326 0.34200001
v -6.36285403 5.79845316 0.34200001
v -5.77585390 5.73645336 0.34200001
v -6.35885384 5.87245304 0.34200001
v -5.76985409 5.92045337 0.34200001
v -6.43785384 5.58245332 0.34200001
v -5.89885380 5.30445320 0.34200001
v -6.40685418 5.63145334 0.34200001
v -8.67885401 6.55145342 0.34200001
v -8.63285401 6.57545311 0.34200001
v -8.92185404 7.11245329 0.34200001
v -8.98485425 7.07745344 0.34200001
v -9.07885411 7.01045305 0.34200001
v -8.73685410 6.51645309 0.34200001
v -8.82585385 7.15745336 0.34200001
v -8.52085402 6.61045343 0.34200001
v -8.70285418 7.20645315 0.34200001
v -8.37785390 6.67545301 0.34200001
v -8.56485417 7.25945312 0.34200001
v -8.41985419 7.31145317 0.34200001
v -8.24585393 6.73945314 0.34200001
v -9.17585423 6.93845302 0.34200001
v -8.80185416 6.47345335 0.34200001
v -9.27285388 6.86245329 0.34200001
v -8.86785414 6.42445309 0.34200001
v -8.12085393 6.79145319 0.34200001
v -8.00085404 6.83245308 0.34200001
v -8.27485421 7.35845310 0.34200001
v 2.42114589 -7.23554676 0.00000000
v 3.03014610 -7.04954689 0.00000000
v 2.43414590 -7.25754708 0.00000000
v 2.41114614 -7.21554630 0.00000000
v 2.41514585 -7.22554653 0.00000000
v 2.40814588 -7.20754688 0.00000000
v 2.40714595 -7.20154637 0.00000000
v 2.45214603 -7.27854698 0.00000000
v 2.30314586 -7.04654663 0.00000000
v -8.48785403 6.62445337 0.34200001
v -8.45285418 6.63945324 0.34200001
v -8.41685393 6.65745336 0.34200001
v 2.34314582 -7.09754723 0.00000000
v 2.36114595 -7.12154644 0.00000000
v 3.06014583 -7.13954704 0.00000000
v 2.48714588 -7.38754719 0.00000000
v 2.57814596 -8.61754673 0.00000000
v 2.58914611 -8.55954712 0.00000000
v 3.27114580 -8.73454636 0.00000000
v -8.60385420 6.58345300 0.34200001
v 2.50614593 -7.48454636 0.00000000
v 3.08914611 -7.21754711 0.00000000
v -8.57385399 6.59045345 0.34200001
v -8.59185412 6.58545334 0.34200001
v -8.54885390 6.59845335 0.34200001
v -9.07785418 6.23745329 0.34200001
v -9.03585389 6.28345329 0.34200001
v -9.53285411 6.63945324 0.34200001
v 3.07814596 -7.18954724 0.00000000
v 3.06914613 -7.16354721 0.00000000
v 3.10014579 -7.24454659 0.00000000
v 3.11214588 -7.27354687 0.00000000
v 2.60414598 -8.37354630 0.00000000
v 2.60014579 -8.33054703 0.00000000
v 3.29414604 -8.32554691 0.00000000
v 2.57014606 -8.20254677 0.00000000
v -9.77185395 6.38245327 0.34200001
v -9.30985406 6.00645334 0.34200001
v -9.74885419 6.40945322 0.34200001
v 3.12414596 -7.29954689 0.00000000
v -9.70085385 6.46445305 0.34200001
v -9.25185397 6.06145317 0.34200001
v -9.65085414 6.52145321 0.34200001
v -9.59985402 6.57545311 0.34200001
v -9.11785414 6.19645340 0.34200001
v -9.18785384 6.12345344 0.34200001
v -9.72485402 6.43645317 0.34200001
v -9.28185418 6.03245336 0.34200001
v -9.82485392 6.32145340 0.34200001
v -9.34385398 5.96545345 0.34200001
v -9.80985406 6.33845312 0.34200001
v -9.79185393 6.35945303 0.34200001
v -9.32585385 5.98845321 0.34200001
v -9.36585381 6.78545315 0.34200001
v -9.45385411 6.71045334 0.34200001
v -8.98985388 6.32645304 0.34200001
v -8.93285420 6.37545330 0.34200001
v -9.15385392 6.15845329 0.34200001
v -9.22085383 6.09045345 0.34200001
v -9.97085431 6.10545332 0.34200001
v -10.02185395 6.00845320 0.34200001
v -9.43085387 5.81245310 0.34200001
v -9.41585400 5.84445316 0.34200001
v -9.38085415 5.90945322 0.34200001
v -9.91885426 6.19145328 0.34200001
v -9.39885380 5.87745315 0.34200001
v -9.36285403 5.93845302 0.34200001
v -9.86985400 6.26445324 0.34200001
v -9.60585406 5.49745328 0.34200001
v -9.57885411 5.54745323 0.34200001
v -10.11985448 5.79845316 0.34200001
v -6.37185385 5.73545343 0.34200001
v -5.79585412 5.57945329 0.34200001
v -6.38485387 5.68145305 0.34200001
v -5.83485391 5.43845326 0.34200001
v -2.83385399 2.76145322 0.34200001
v -2.94985404 2.18145323 0.34200001
v -2.78385403 2.74445326 0.34200001
v -2.73785403 2.72845322 0.34200001
v -2.91685405 2.17545325 0.34200001
v -2.93785396 2.79445321 0.34200001
v -2.69585403 2.71245319 0.34200001
v 1.99414608 1.44345323 0.00000000
v 1.98414609 1.47145322 0.00000000
v -3.08185401 2.83045322 0.34200001
v -3.17985406 2.23845321 0.34200001
v -3.03585401 2.82045323 0.34200001
v -2.98785403 2.80745322 0.34200001
v -3.13385406 2.22445322 0.34200001
v -3.12585404 2.84145326 0.34200001
v -3.22685399 2.25145323 0.34200001
v -3.20685401 2.86345321 0.34200001
v -3.34785404 2.28545321 0.34200001
v -3.16885402 2.85345322 0.34200001
v -3.26985397 2.88245327 0.34200001
v -3.48885396 2.31145323 0.34200001
v -3.24185398 2.87345321 0.34200001
v -2.66085401 2.69845325 0.34200001
v -3.29185405 2.89145321 0.34200001
v -3.32385399 2.90245325 0.34200001
v -3.30685403 2.89745325 0.34200001
v -3.65985396 2.94945318 0.34200001
v -3.73785403 2.95745320 0.34200001
v -3.80485406 2.34645325 0.34200001
v -2.12885402 -1.36154669 0.34200001
v 2.58314607 -8.28854721 0.00000000
v 2.57914588 -8.27154701 0.00000000
v 2.57514617 -8.25054711 0.00000000
v -3.45185402 2.92345328 0.34200001
v -3.39785400 2.91645319 0.34200001
v -3.64285400 2.33245326 0.34200001
v -3.58485403 2.94045324 0.34200001
v -3.51485398 2.93245322 0.34200001
v -3.88785412 2.96645326 0.34200001
v 2.57214591 -8.22754639 0.00000000
v -2.33885401 2.54845322 0.34200001
v -2.31085401 2.53745324 0.34200001
v 2.59214589 -8.30754631 0.00000000
v 2.58714578 -8.30054634 0.00000000
v -2.38485398 2.56745321 0.34200001
v -2.36285400 2.55845321 0.34200001
v 3.28414581 -8.18154686 0.00000000
v -2.22385400 2.51145322 0.34200001
v 2.60214612 -8.43054646 0.00000000
v 3.29614589 -8.45954674 0.00000000
v 2.59714601 -8.49454659 0.00000000
v 3.28814599 -8.59454697 0.00000000
v -2.25285401 2.51945323 0.34200001
v -1.88185401 2.62045324 0.34200001
v 3.24314592 -8.88654679 0.00000000
v -2.28285402 2.52845324 0.34200001
v 3.20514581 -9.05954712 0.00000000
v 2.56614587 -8.66354721 0.00000000
v -2.44385400 2.60845322 0.34200001
v -2.45385399 2.61445320 0.34200001
v -2.81785401 2.10845322 0.34200001
v 2.54414604 -8.72654694 0.00000000
v 2.54214618 -8.74554699 0.00000000
v -2.50685402 2.63245321 0.34200001
v -2.48585400 2.62645323 0.34200001
v -2.47185400 2.62445325 0.34200001
v -2.47985401 2.62545324 0.34200001
v -2.40185400 2.57745320 0.34200001
v -2.78785398 2.07245324 0.34200001
v 2.55114601 -8.93054646 0.00000000
v 2.55114601 -8.90254658 0.00000000
v 2.55014608 -8.87454670 0.00000000
v 2.54714582 -8.84554642 0.00000000
v 2.54314611 -8.79354637 0.00000000
v 2.54214618 -8.76954716 0.00000000
v 2.54514596 -8.70954674 0.00000000
v 2.54914615 -8.69654720 0.00000000
v 2.55314586 -8.68854683 0.00000000
v -2.43285402 2.60145325 0.34200001
v -2.42385402 2.59445322 0.34200001
v -2.52485403 2.63945324 0.34200001
v -2.54685398 2.64845324 0.34200001
v -2.84985402 2.13745323 0.34200001
v 2.53914592 -9.02654713 0.00000000
v 3.15314576 -9.26054638 0.00000000
v 2.53214595 -9.04254692 0.00000000
v 2.52614591 -9.06054657 0.00000000
v -2.57285401 2.65945322 0.34200001
v -2.60085400 2.67145324 0.34200001
v -2.88285401 2.16045324 0.34200001
v 2.54714582 -8.98354691 0.00000000
v 2.54314611 -9.00754708 0.00000000
v 2.55014608 -8.95754688 0.00000000
v -2.41485402 2.58545322 0.34200001
v -2.63085404 2.68345327 0.34200001
v -1.90785401 -1.34354680 0.34200001
v -1.90585401 -1.31454676 0.34200001
v -1.98885401 -1.37354677 0.34200001
v 3.14114616 -9.30654686 0.00000000
v 2.51714609 -9.08454674 0.00000000
v 3.01214597 -9.62254685 0.00000000
v 2.97614620 -9.69754666 0.00000000
v 2.41214607 -9.46454685 0.00000000
v 2.39914605 -9.51054638 0.00000000
v 2.93714616 -9.77454632 0.00000000
v -2.75985398 2.03245324 0.34200001
v -2.73785403 1.98845324 0.34200001
v -2.72085401 1.94045324 0.34200001
v -2.70785400 1.89645324 0.34200001
v 3.12314603 -9.35854691 0.00000000
v 2.49714610 -9.14954632 0.00000000
v -1.92785401 -1.37954682 0.34200001
v -1.91585401 -1.36554688 0.34200001
v -1.94385401 -1.38554686 0.34200001
v -1.96485401 -1.38354676 0.34200001
v -2.01585401 -1.35554689 0.34200001
v 2.48514602 -9.18854683 0.00000000
v 2.50714586 -9.11454647 0.00000000
v 3.10114620 -9.41754692 0.00000000
v 0.23714588 3.33145327 0.00000000
v 2.47414586 -9.22954720 0.00000000
v 3.07414577 -9.48154705 0.00000000
v -3.21285405 -0.96054667 0.34200001
v -2.76585403 -1.59254687 0.34200001
v -3.11785402 -0.84254687 0.34200001
v -3.14585402 -0.87954682 0.34200001
v 3.04514596 -9.54954689 0.00000000
v 2.45214603 -9.31654709 0.00000000
v 1.13214609 2.96345324 0.00000000
v 1.10314605 2.98045320 0.00000000
v -3.08185401 -0.78554671 0.34200001
v 1.07414601 2.99645323 0.00000000
v 1.04814598 3.01045329 0.00000000
v 1.00214598 3.03545327 0.00000000
v 2.43014619 -9.40054672 0.00000000
v 2.90314576 -9.83854645 0.00000000
v 2.89014575 -9.86754673 0.00000000
v 2.38714597 -9.53954666 0.00000000
v 2.29914615 -9.52254646 0.00000000
v 2.30814597 -9.52354687 0.00000000
v 2.28314588 -9.53254669 0.00000000
v 0.96514604 3.06245322 0.00000000
v 0.93614600 3.09345323 0.00000000
v 0.91214607 3.13445324 0.00000000
v 2.31814620 -9.52854698 0.00000000
v 2.27414605 -9.54354637 0.00000000
v 2.29014585 -9.52554672 0.00000000
v 2.32914588 -9.53654640 0.00000000
v 2.26514575 -9.55954712 0.00000000
v 2.34714601 -9.55054634 0.00000000
v 2.25514600 -9.58154648 0.00000000
v 2.36214588 -9.55754631 0.00000000
v 2.24614618 -9.59954708 0.00000000
v 0.89214609 3.18945319 0.00000000
v 2.91914604 -9.80654686 0.00000000
v 2.37514589 -9.55354660 0.00000000
v 0.60914609 -2.91454666 0.34200001
v 0.55114601 -2.92654675 0.34200001
v -2.08185401 -1.01254671 0.34200001
v -3.07485404 -0.76754683 0.34200001
v -3.09685400 -0.81054681 0.34200001
v 2.86014602 -9.94054669 0.00000000
v 2.85514591 -9.95654648 0.00000000
v 2.85414598 -9.96754711 0.00000000
v 0.41814611 -2.95254677 0.34200001
v 0.34614608 -2.96554678 0.34200001
v 0.34614608 -2.96554678 0.00000000
v 0.48714588 -2.93954676 0.34200001
v -3.17685404 -0.91854685 0.34200001
v 2.86714599 -9.92054718 0.00000000
v 2.87714622 -9.89554661 0.00000000
v -3.25085404 -1.00354689 0.34200001
v -2.89985397 -1.57954686 0.34200001
v 0.20514605 -2.98954695 0.34200001
v 0.27314589 -2.97754687 0.34200001
v 2.22714612 -9.62654656 0.00000000
v 2.23614595 -9.61554688 0.00000000
v 2.73014591 -10.09854668 0.00000000
v 0.20614598 -4.28054684 0.34200001
v 0.26814601 -4.36954659 0.34200001
v -2.83185401 -1.57654684 0.34200001
v -2.96385398 -1.59954684 0.34200001
v -3.29185405 -1.04654687 0.34200001
v -3.41985395 -1.17954677 0.34200001
v -3.01885405 -1.63754671 0.34200001
v -3.52085402 -1.28954666 0.34200001
v -3.60285404 -1.38154667 0.34200001
v -3.06285396 -1.69454687 0.34200001
v 0.19414589 -4.26154679 0.34200001
v 0.18114588 -4.24354666 0.34200001
v 0.16814611 -4.22854679 0.34200001
v 2.85214612 -9.97654694 0.00000000
v 2.84714601 -9.98754662 0.00000000
v 2.83814618 -9.99954670 0.00000000
v 2.82814596 -10.01254719 0.00000000
v 2.81414602 -10.02654713 0.00000000
v 2.79914615 -10.04054707 0.00000000
v 2.78314588 -10.05454701 0.00000000
v 2.76414583 -10.06854695 0.00000000
v -2.61685404 -1.73954671 0.34200001
v -2.13085401 -1.44654673 0.34200001
v -2.13485401 -1.42854684 0.34200001
v -2.13485401 -1.40854686 0.34200001
v -2.13385400 -1.38754671 0.34200001
v -0.07985404 -3.06554669 0.34200001
v -0.08985403 -3.06554669 0.34200001
v -0.07085397 -3.06454676 0.34200001
v 0.14214609 -3.00154656 0.34200001
v 0.08514604 -3.01354664 0.34200001
v -0.06085398 -3.06154698 0.34200001
v 2.74714610 -10.08454674 0.00000000
v 2.71514604 -10.11354702 0.00000000
v 2.12314603 -9.77154701 0.00000000
v 2.20714614 -9.63754719 0.00000000
v -2.12485401 -1.46254676 0.34200001
v -2.11585401 -1.47854679 0.34200001
v -0.00185397 -3.03654688 0.34200001
v -0.02885404 -3.04454678 0.34200001
v 1.96214602 -9.97254723 0.00000000
v 1.97714589 -9.96854656 0.00000000
v 2.50414607 -10.41154640 0.00000000
v 1.94714591 -9.98054665 0.00000000
v 1.91214607 -10.01354664 0.00000000
v 1.93014595 -9.99454659 0.00000000
v -0.05185404 -3.05754679 0.34200001
v -1.93085401 -1.51354688 0.34200001
v -1.93485401 -1.51754683 0.34200001
v -1.92585401 -1.51454681 0.34200001
v -1.92285401 -1.52054685 0.34200001
v -1.93885401 -1.52554672 0.34200001
v -0.04285398 -3.05154675 0.34200001
v -2.59285399 -1.79654687 0.34200001
v -2.10285401 -1.49454683 0.34200001
v -2.53085401 -1.90054672 0.34200001
v -2.08785401 -1.51054686 0.34200001
v 2.49914596 -10.42154663 0.00000000
v 1.86914608 -10.06854695 0.00000000
v 1.84514592 -10.10454720 0.00000000
v 2.55114601 -10.34654682 0.00000000
v 2.52314613 -10.38254708 0.00000000
v 2.05114601 -9.94254654 0.00000000
v 1.89114592 -10.03754681 0.00000000
v 2.58614585 -10.30654686 0.00000000
v 0.03714595 -3.02554672 0.34200001
v 2.60414598 -10.28754681 0.00000000
v 2.62114618 -10.26754635 0.00000000
v 2.63614604 -10.24854630 0.00000000
v -0.26985397 -3.17954701 0.34200001
v -0.26785400 -3.21354693 0.34200001
v 2.43914602 -10.48054665 0.00000000
v 2.41714618 -10.49354714 0.00000000
v 1.81914589 -10.14454716 0.00000000
v -0.26785400 -3.12454670 0.34200001
v -1.94985401 -1.55854672 0.34200001
v -1.95985401 -1.58154672 0.34200001
v -1.91185401 -1.57054680 0.34200001
v -0.26185396 -3.08254688 0.34200001
v 2.45814607 -10.46754711 0.00000000
v 2.47414586 -10.45654648 0.00000000
v -0.25185397 -3.05054682 0.34200001
v 2.48614595 -10.44654720 0.00000000
v 2.49314592 -10.43654698 0.00000000
v -0.23585405 -3.03054684 0.34200001
v -0.21685400 -3.02054661 0.34200001
v -0.19085398 -3.02154654 0.34200001
v -1.94385401 -1.53954666 0.34200001
v -1.91485401 -1.54654687 0.34200001
v -1.91885401 -1.53054684 0.34200001
v -1.91285401 -1.55854672 0.34200001
v -1.91185401 -1.58254688 0.34200001
v -0.15885403 -3.03254669 0.34200001
v -1.93285401 -1.63554686 0.34200001
v -1.92585401 -1.62854689 0.34200001
v -1.97085401 -1.60054677 0.34200001
v -0.12085405 -3.05454701 0.34200001
v -0.11085405 -3.05954664 0.34200001
v -0.10085406 -3.06254690 0.34200001
v -0.20785406 -3.42154663 0.34200001
v -0.20085397 -3.43754690 0.34200001
v -0.21685400 -3.40654677 0.34200001
v -0.25485399 -3.30854672 0.34200001
v -0.24885407 -3.33554667 0.34200001
v -0.19385400 -3.45254677 0.34200001
v -0.24185398 -3.35954683 0.34200001
v -0.23385396 -3.37854689 0.34200001
v -0.22485402 -3.39354675 0.34200001
v 4.83314607 -1.74954670 0.00000000
v 4.83314607 -1.74954670 0.34200001
v 4.81314609 -1.75354689 0.00000000
v 4.81314609 -1.75354689 0.34200001
v 4.78914592 -1.75954669 0.00000000
v 4.78914592 -1.75954669 0.34200001
v -0.25985398 -3.27954691 0.34200001
v -0.26485398 -3.24754685 0.34200001
v 5.22314594 -1.58954685 0.34200001
v 5.22314594 -1.58954685 0.00000000
v 5.16414592 -1.61754673 0.00000000
v 5.11114595 -1.64254683 0.00000000
v 5.11114595 -1.64254683 0.34200001
v 5.16414592 -1.61754673 0.34200001
v 5.06014583 -1.66654676 0.00000000
v 5.06014583 -1.66654676 0.34200001
v -0.83185401 -3.07554691 0.34200001
v -0.85985401 -3.02354687 0.34200001
v -0.82885399 -3.12354677 0.34200001
v 4.93014619 -1.72254675 0.34200001
v 4.93014619 -1.72254675 0.00000000
v 4.89914605 -1.73554676 0.34200001
v -0.82885399 -3.13354700 0.34200001
v 5.01214597 -1.68854683 0.34200001
v 5.01214597 -1.68854683 0.00000000
v -1.92085401 -1.61854666 0.34200001
v -1.91685401 -1.60754674 0.34200001
v -1.91285401 -1.59554666 0.34200001
v -1.98285401 -1.61554688 0.34200001
v -1.93785401 -1.64654678 0.34200001
v -1.99485401 -1.62454670 0.34200001
v -0.82685402 -3.15254658 0.34200001
v 4.96814582 -1.70754688 0.00000000
v 4.96814582 -1.70754688 0.34200001
v -0.82385399 -3.17854660 0.34200001
v -0.81985405 -3.21254700 0.34200001
v -0.80585399 -3.29454678 0.34200001
v -0.81285396 -3.25154656 0.34200001
v 4.76314590 -1.76754683 0.00000000
v 4.73514602 -1.77554672 0.00000000
v 4.73514602 -1.77554672 0.34200001
v 4.76314590 -1.76754683 0.34200001
v 4.57914588 -1.82454675 0.00000000
v 4.54514596 -1.83254688 0.00000000
v 4.54514596 -1.83254688 0.34200001
v -0.79685404 -3.34054678 0.34200001
v 4.51314590 -1.83954685 0.34200001
v -0.78685405 -3.39054697 0.34200001
v -0.97785404 -2.91754692 0.34200001
v -1.05985400 -2.86854666 0.34200001
v 4.64614580 -1.80554670 0.34200001
v 4.64614580 -1.80554670 0.00000000
v 4.61414621 -1.81554669 0.00000000
v 4.61414621 -1.81554669 0.34200001
v -0.90985402 -2.96954697 0.34200001
v -1.35185399 -2.77254694 0.34200001
v -1.38685402 -2.76654690 0.34200001
v 4.57914588 -1.82454675 0.34200001
v -1.25185403 -2.79354685 0.34200001
v -1.15285399 -2.82654684 0.34200001
v 4.70614622 -1.78554671 0.34200001
v 4.70614622 -1.78554671 0.00000000
v 4.67714593 -1.79654687 0.00000000
v 4.67714593 -1.79654687 0.34200001
v -1.53085401 -2.65154665 0.34200001
v -1.53885400 -2.63954657 0.34200001
v -1.52285400 -2.66554659 0.34200001
v 4.51314590 -1.83954685 0.00000000
v -1.51585400 -2.68054693 0.34200001
v 4.48114583 -1.84454673 0.34200001
v -2.02985401 -1.58154672 0.34200001
v -2.02585402 -1.59054678 0.34200001
v -2.03585401 -1.57154673 0.34200001
v -2.02485401 -1.59754675 0.34200001
v -2.04185400 -1.56054681 0.34200001
v -2.02285401 -1.61454671 0.34200001
v -2.06285402 -1.53554671 0.34200001
v -2.05185401 -1.54854673 0.34200001
v -1.59985402 -2.60254687 0.34200001
v -1.61585402 -2.59554690 0.34200001
v -1.56385400 -2.61454695 0.34200001
v -1.57185402 -2.61054676 0.34200001
v -1.58685401 -2.60654658 0.34200001
v -0.51985397 5.83645326 0.00000000
v -0.49285402 5.81545336 0.00000000
v -1.57885402 -2.60854691 0.34200001
v -1.55585402 -2.62154692 0.34200001
v -1.93985401 -1.65854686 0.34200001
v -1.54685401 -2.62954682 0.34200001
v -1.91885401 -1.69854682 0.34200001
v -1.93085401 -1.68454688 0.34200001
v -2.29185402 -2.08854669 0.34200001
v -2.31385400 -2.07754677 0.34200001
v -1.63385401 -2.58754700 0.34200001
v -1.86685401 -2.46154659 0.34200001
v -1.87885401 -2.45954674 0.34200001
v -1.88985401 -2.45854681 0.34200001
v -2.00685401 -1.62754672 0.34200001
v -1.85185401 -2.46554678 0.34200001
v -1.83285401 -2.47254675 0.34200001
v -1.93685401 -1.67054671 0.34200001
v -2.01585401 -1.62454670 0.34200001
v -2.49485400 -1.94654673 0.34200001
v -1.90285401 -1.71654671 0.34200001
v -2.27285400 -2.10154670 0.34200001
v -1.81285401 -2.48154658 0.34200001
v -1.78985401 -2.49254673 0.34200001
v -1.69885401 -2.54954689 0.34200001
v -1.72085401 -2.53454655 0.34200001
v -1.74385401 -2.51854675 0.34200001
v -1.67685401 -2.56354683 0.34200001
v -1.65485401 -2.57554691 0.34200001
v -2.70385399 -1.62454670 0.34200001
v -1.41585400 -2.75854700 0.34200001
v -2.65385404 -1.67454665 0.34200001
v -2.56385400 -1.85054677 0.34200001
v -1.50485402 -2.69854658 0.34200001
v -1.49285402 -2.71454685 0.34200001
v -1.47885400 -2.72854679 0.34200001
v -1.46085402 -2.74054688 0.34200001
v -1.43985402 -2.75054663 0.34200001
v 0.00514600 -3.94454687 0.34200001
v 0.02814600 -3.99354666 0.34200001
v -0.01985397 -3.89354675 0.34200001
v -0.04685404 -3.83954685 0.34200001
v -0.07385399 -3.78454655 0.34200001
v -0.09885397 -3.73254698 0.34200001
v -0.12185397 -3.68154686 0.34200001
v -0.14185395 -3.63454693 0.34200001
v -0.15785399 -3.59354656 0.34200001
v -1.88285401 -1.91154688 0.34200001
v -0.16985395 -3.55854672 0.34200001
v -2.25685402 -2.11454671 0.34200001
v -2.24385401 -2.13054674 0.34200001
v -2.45685401 -1.98754686 0.34200001
v -2.41785404 -2.02154678 0.34200001
v -0.18385401 -3.48454683 0.34200001
v -0.18185403 -3.49954670 0.34200001
v -0.18885400 -3.46954697 0.34200001
v -2.22485402 -2.16654676 0.34200001
v -2.23285400 -2.14754670 0.34200001
v -0.17785397 -3.53154677 0.34200001
v -0.18085399 -3.51254671 0.34200001
v 1.09314606 2.28645325 0.00000000
v 1.07814596 2.29245323 0.00000000
v -2.05785401 -2.33954685 0.34200001
v -2.07685402 -2.32854670 0.34200001
v -0.75985398 -3.51454657 0.34200001
v -0.72685399 -3.64454668 0.34200001
v 1.05514595 2.29845322 0.00000000
v -2.02085401 -2.36454695 0.34200001
v -2.03885401 -2.35154694 0.34200001
v -0.68785396 -3.77454680 0.34200001
v -0.64685407 -3.90054672 0.34200001
v -1.98885401 -2.39054697 0.34200001
v -1.97685401 -2.40354698 0.34200001
v 1.03014610 2.29945320 0.00000000
v 1.00314591 2.29845322 0.00000000
v -1.96585401 -2.41354674 0.34200001
v -1.95385401 -2.42454689 0.34200001
v -1.94185401 -2.43454664 0.34200001
v 0.04814598 -4.03654688 0.34200001
v -2.19485402 -2.24654668 0.34200001
v -2.18285402 -2.26254671 0.34200001
v -2.16885402 -2.27754682 0.34200001
v -2.15285402 -2.28954666 0.34200001
v -2.13485401 -2.30054682 0.34200001
v -2.09585401 -2.31854671 0.34200001
v -2.11385402 -2.31154674 0.34200001
v -2.20485401 -2.22854679 0.34200001
v -2.21185401 -2.20954674 0.34200001
v -2.21785402 -2.18954676 0.34200001
v 2.49714610 -10.42854660 0.00000000
v -2.33985400 -2.06654685 0.34200001
v -2.37885400 -2.04954665 0.34200001
v 2.21814582 -10.60954636 0.00000000
v 1.77414605 -10.20254677 0.00000000
v 1.79514596 -10.17754715 0.00000000
v 2.23714588 -10.59354656 0.00000000
v 2.25914619 -10.57754677 0.00000000
v 2.39214609 -10.50554722 0.00000000
v 2.36514613 -10.51754635 0.00000000
v 2.33814618 -10.53154724 0.00000000
v 2.31014583 -10.54554718 0.00000000
v 2.28414581 -10.56154698 0.00000000
v 2.18414590 -6.86454647 0.00000000
v 1.54214594 -8.28054684 0.00000000
v 0.96514604 -8.73554676 0.00000000
v 1.51514599 -8.24154633 0.00000000
v 1.48614595 -8.20754688 0.00000000
v 1.45814607 -8.17954701 0.00000000
v 1.42914603 -8.15854710 0.00000000
v 1.40314600 -8.14554661 0.00000000
v 1.37814591 -8.14154690 0.00000000
v 1.36714599 -8.14054650 0.00000000
v 1.35614607 -8.13854664 0.00000000
v 1.34514592 -8.13354653 0.00000000
v 1.33314607 -8.12754696 0.00000000
v 0.06414602 -4.07654684 0.34200001
v 0.93214605 -8.71354645 0.00000000
v 1.32214591 -8.12054699 0.00000000
v 1.31214592 -8.11354702 0.00000000
v 0.88714597 -8.68854683 0.00000000
v 1.30214593 -8.10554665 0.00000000
v 1.17214606 -8.04954689 0.00000000
v 1.19214604 -8.05054634 0.00000000
v 1.21114609 -8.05354660 0.00000000
v 1.08214590 -8.04154652 0.00000000
v 1.12314603 -8.04554718 0.00000000
v 1.28614590 -8.08754700 0.00000000
v 1.27514598 -8.07954663 0.00000000
v 1.29514596 -8.09654682 0.00000000
v 1.22914598 -8.05754631 0.00000000
v 1.24614594 -8.06354683 0.00000000
v 1.56914589 -8.32554691 0.00000000
v 1.60414598 -8.40154713 0.00000000
v 1.59314606 -8.37254685 0.00000000
v 1.61714599 -8.52354687 0.00000000
v 1.62114594 -8.49954670 0.00000000
v 1.62214610 -8.47554653 0.00000000
v 1.61814592 -8.45154637 0.00000000
v 1.61314604 -8.42754715 0.00000000
v 1.06214592 -8.80654686 0.00000000
v 1.60114596 -8.58154648 0.00000000
v 1.61114595 -8.55154675 0.00000000
v 0.13314602 -4.19254654 0.34200001
v 0.14414594 -4.20154684 0.34200001
v 1.09614608 -7.90554684 0.00000000
v 1.09314606 -7.91654652 0.00000000
v 1.08914587 -7.88054722 0.00000000
v 1.09514592 -7.89254635 0.00000000
v 1.08514593 -7.92554634 0.00000000
v 1.07314608 -7.93054646 0.00000000
v 1.05714605 -7.93354672 0.00000000
v 1.07914588 -7.86754673 0.00000000
v 1.03114602 -7.94054669 0.00000000
v 1.02314589 -7.94554680 0.00000000
v 0.99714610 -7.87654656 0.00000000
v -3.67085400 -1.46454685 0.34200001
v -3.17885401 -1.85254687 0.34200001
v 1.97514603 2.30945325 0.00000000
v 1.77414605 2.49645323 0.00000000
v 1.59314606 2.65445322 0.00000000
v -3.08785405 -1.73554676 0.34200001
v -3.10185399 -1.75754684 0.34200001
v -3.13385406 -1.80054682 0.34200001
v -3.11685398 -1.77954667 0.34200001
v -3.14985397 -1.82054680 0.34200001
v -3.07385399 -1.71554678 0.34200001
v -3.16485396 -1.83854669 0.34200001
v 1.79314611 1.75545323 0.00000000
v 1.82114599 1.70145323 0.00000000
v 1.83214590 1.67845323 0.00000000
v 1.80814597 1.73045323 0.00000000
v 1.71414587 1.83245323 0.00000000
v 1.73114607 1.82445323 0.00000000
v 1.74714610 1.81145323 0.00000000
v 1.76314590 1.79545323 0.00000000
v 1.77914593 1.77745323 0.00000000
v 1.21814606 2.18545324 0.00000000
v 1.24814603 2.17245323 0.00000000
v 4.45414588 -1.84754675 0.34200001
v 4.43014619 -1.85054677 0.34200001
v 4.40614602 -1.85154670 0.00000000
v 4.40614602 -1.85154670 0.34200001
v 4.37714622 -1.85454672 0.00000000
v 4.37714622 -1.85454672 0.34200001
v 4.34414623 -1.85854667 0.00000000
v 4.34414623 -1.85854667 0.34200001
v 4.30814597 -1.86354678 0.34200001
v 4.27014587 -1.86854666 0.00000000
v 4.27014587 -1.86854666 0.34200001
v 4.23314617 -1.87554687 0.00000000
v 5.17114589 -2.27154678 0.00000000
v 5.17114589 -2.27154678 0.34200001
v 5.14514587 -2.28354686 0.00000000
v 5.14514587 -2.28354686 0.34200001
v 5.19814584 -2.25554674 0.34200001
v 5.19814584 -2.25554674 0.00000000
v 0.14114592 3.22445328 0.00000000
v 0.15314600 3.23945326 0.00000000
v 5.22814605 -2.23954671 0.00000000
v 5.22814605 -2.23954671 0.34200001
v 5.25714586 -2.22154682 0.00000000
v 5.25714586 -2.22154682 0.34200001
v 0.15514610 3.25845320 0.00000000
v 0.14714596 3.28145320 0.00000000
v 0.14014599 3.29545326 0.00000000
v 4.75014589 -2.42154663 0.34200001
v 4.75014589 -2.42154663 0.00000000
v 4.81914613 -2.39354675 0.34200001
v 4.81914613 -2.39354675 0.00000000
v 4.88814590 -2.36754673 0.34200001
v 4.88814590 -2.36754673 0.00000000
v 4.95114610 -2.34454697 0.34200001
v 4.95114610 -2.34454697 0.00000000
v 5.00614593 -2.32654684 0.34200001
v 5.00614593 -2.32654684 0.00000000
v 5.04714582 -2.31554669 0.34200001
v 5.04714582 -2.31554669 0.00000000
v 0.97714589 2.29545326 0.00000000
v 5.07214591 -2.31154674 0.00000000
v 5.07214591 -2.31154674 0.34200001
v 5.08414600 -2.30854672 0.00000000
v 5.08414600 -2.30854672 0.34200001
v 5.10014579 -2.30354684 0.00000000
v 5.10014579 -2.30354684 0.34200001
v 5.12114618 -2.29454678 0.00000000
v 5.12114618 -2.29454678 0.34200001
v 2.23414609 -0.43954676 0.00000000
v 2.23414609 -0.51754683 0.00000000
v 2.23414609 -0.51754683 0.34200001
v 2.23414609 -0.43954676 0.34200001
v 2.23214576 -0.55954688 0.00000000
v 2.23214576 -0.55954688 0.34200001
v 2.22914598 -0.61654680 0.00000000
v 2.22914598 -0.61654680 0.34200001
v 2.22414586 -0.66554683 0.00000000
v 2.22414586 -0.66554683 0.34200001
v 1.37114594 2.11145324 0.00000000
v 1.34514592 2.13345323 0.00000000
v 1.46114609 2.02345324 0.00000000
v 1.32314608 2.15045322 0.00000000
v 1.30514595 2.16245324 0.00000000
v 1.29214594 2.16945324 0.00000000
v 1.28614590 2.16945324 0.00000000
v 1.27214596 2.16645322 0.00000000
v 2.23114583 -0.37854689 0.34200001
v 2.23114583 -0.37854689 0.00000000
v 2.23314617 -0.40654677 0.00000000
v 2.23314617 -0.40654677 0.34200001
v 2.21814582 -0.70854681 0.00000000
v 2.21814582 -0.70854681 0.34200001
v -3.20985403 -1.88754671 0.34200001
v 2.85314605 -0.71554678 0.00000000
v 2.85314605 -0.71554678 0.34200001
v 2.82614610 -0.82954686 0.34200001
v 2.82614610 -0.82954686 0.00000000
v 2.87514589 -0.58654683 0.00000000
v 2.87514589 -0.58654683 0.34200001
v -3.72985401 -1.54454678 0.34200001
v -3.47685399 -2.32354682 0.34200001
v -3.46185401 -2.29754680 0.34200001
v -3.99585393 -1.98554676 0.34200001
v -3.49385395 -2.35054653 0.34200001
v 2.89314601 -0.44654673 0.00000000
v 2.89314601 -0.44654673 0.34200001
v 2.67514608 -1.26654666 0.00000000
v 2.67514608 -1.26654666 0.34200001
v 2.65614602 -1.30754679 0.00000000
v 2.65614602 -1.30754679 0.34200001
v 2.69114587 -1.22954672 0.00000000
v 2.69114587 -1.22954672 0.34200001
v -3.78785398 -1.63054674 0.34200001
v -3.24885407 -1.93354672 0.34200001
v -3.32885399 -2.04654687 0.34200001
v -3.28885403 -1.98854678 0.34200001
v 2.75014589 -1.03854674 0.34200001
v 2.73014591 -1.08654683 0.34200001
v 2.75014589 -1.03854674 0.00000000
v 2.76214597 -1.01454681 0.00000000
v 2.76214597 -1.01454681 0.34200001
v 2.79614589 -0.92954677 0.00000000
v 2.79614589 -0.92954677 0.34200001
v -3.42285397 -2.21554678 0.34200001
v -3.41485396 -2.19154685 0.34200001
v -3.51185396 -2.37954682 0.34200001
v -4.06185391 -2.11554688 0.34200001
v -3.53085401 -2.41154688 0.34200001
v 2.70114610 -1.19654673 0.00000000
v 2.70114610 -1.19654673 0.34200001
v -3.39485397 -2.15254682 0.34200001
v -3.36485400 -2.10254687 0.34200001
v -3.91985395 -1.85054677 0.34200001
v 2.73014591 -1.08654683 0.00000000
v 2.70414588 -1.17154687 0.34200001
v 2.70414588 -1.17154687 0.00000000
v 2.70614622 -1.16154688 0.34200001
v 2.70614622 -1.16154688 0.00000000
v -3.42485407 -2.22454684 0.34200001
v -3.42985406 -2.23654669 0.34200001
v -3.84785404 -1.72954672 0.34200001
v -3.43785396 -2.25354689 0.34200001
v -3.44885399 -2.27454680 0.34200001
v 2.70914600 -1.14754670 0.34200001
v 2.72114608 -1.10954683 0.34200001
v 2.71514604 -1.12954682 0.34200001
v 2.71514604 -1.12954682 0.00000000
v 2.72114608 -1.10954683 0.00000000
v -4.17285397 -2.37154692 0.34200001
v -3.60585406 -2.56654661 0.34200001
v -4.12085393 -2.24254673 0.34200001
v 2.70914600 -1.14754670 0.00000000
v -7.11785414 1.67045323 0.34200001
v -7.25185397 2.22345323 0.34200001
v -7.40385392 1.66245323 0.34200001
v 2.63414619 -1.34754675 0.00000000
v 2.63414619 -1.34754675 0.34200001
v -1.92785401 -2.44254654 0.34200001
v -1.91485401 -2.44954699 0.34200001
v -1.90185401 -2.45454663 0.34200001
v 2.58914611 -1.41754668 0.34200001
v 2.61214588 -1.38454669 0.00000000
v 2.61214588 -1.38454669 0.34200001
v -3.62185397 -2.60754698 0.34200001
v -3.63585403 -2.64654654 0.34200001
v -3.58785405 -2.52554672 0.34200001
v 4.19514606 -1.88154667 0.00000000
v 4.19514606 -1.88154667 0.34200001
v 4.23314617 -1.87554687 0.34200001
v 4.15914581 -1.88854688 0.34200001
v -3.54885402 -2.44654673 0.34200001
v -3.56885400 -2.48554676 0.34200001
v 4.00114581 -1.90954679 0.34200001
v 3.81014583 -1.91854685 0.34200001
v 3.60014579 -1.91954678 0.34200001
v -3.66785398 -2.74754685 0.34200001
v -3.65585401 -2.71554678 0.34200001
v -4.22085407 -2.50854700 0.34200001
v 3.38314578 -1.91054671 0.00000000
v 3.38314578 -1.91054671 0.34200001
v -3.74785402 -2.87854689 0.34200001
v -3.73185399 -2.86754673 0.34200001
v 3.17614601 -1.89454668 0.34200001
v 2.84214589 -1.84254687 0.34200001
v 2.99014613 -1.87154668 0.34200001
v 2.74414585 -1.80854672 0.34200001
v 2.73114583 -1.80154675 0.00000000
v 2.73114583 -1.80154675 0.34200001
v -3.72385397 -2.85954683 0.34200001
v -3.71285405 -2.84554690 0.34200001
v -3.70285406 -2.82654684 0.34200001
v -3.69085398 -2.80354660 0.34200001
v -3.67885401 -2.77754658 0.34200001
v -3.64585402 -2.68254679 0.34200001
v -4.26685407 -2.65754669 0.34200001
v -4.31085398 -2.82254666 0.34200001
v -3.75985398 -2.90054672 0.34200001
v -4.35685399 -3.00954693 0.34200001
v -3.78085401 -3.02954691 0.34200001
v -3.76985397 -2.94654673 0.34200001
v -4.38585403 -3.13954657 0.34200001
v -3.79285398 -3.16054695 0.34200001
v 1.59714601 1.90045323 0.00000000
v 1.62814591 1.87745323 0.00000000
v 2.53314588 -1.50654667 0.00000000
v 2.53314588 -1.50654667 0.34200001
v 2.52914617 -1.52154678 0.34200001
v 1.39914605 2.08445323 0.00000000
v 1.49514601 1.98845324 0.00000000
v 2.53814599 -1.49054688 0.00000000
v 2.54514596 -1.47654670 0.00000000
v 2.55114601 -1.46254676 0.00000000
v 2.54514596 -1.47654670 0.34200001
v 2.55114601 -1.46254676 0.34200001
v 1.53014610 1.95745323 0.00000000
v 1.42914603 2.05545322 0.00000000
v 2.53814599 -1.49054688 0.34200001
v 1.65514610 1.85945324 0.00000000
v 1.67814610 1.84645322 0.00000000
v 1.56414602 1.92745323 0.00000000
v 1.69614599 1.83845322 0.00000000
v 2.55914590 -1.45154684 0.34200001
v 2.55914590 -1.45154684 0.00000000
v 2.56814620 -1.44154685 0.00000000
v 2.56814620 -1.44154685 0.34200001
v 0.92314598 2.24145324 0.00000000
v 0.92114589 2.23145325 0.00000000
v 0.11414597 2.29145325 0.00000000
v 0.93314597 2.26845325 0.00000000
v 0.92914603 2.26045323 0.00000000
v 0.10414598 2.33545322 0.00000000
v 2.52614591 -1.56754678 0.34200001
v 2.52614591 -1.56754678 0.00000000
v 2.52614591 -1.55254667 0.00000000
v 2.52614591 -1.55254667 0.34200001
v 0.94114587 2.27945322 0.00000000
v 0.95614598 2.28845323 0.00000000
v 2.52414605 -1.59854668 0.00000000
v 2.52414605 -1.59854668 0.34200001
v 2.52214620 -1.61254686 0.34200001
v 2.52714584 -1.53754681 0.34200001
v 2.51514575 -1.65254682 0.00000000
v 2.51714609 -1.64054673 0.00000000
v 2.51514575 -1.65254682 0.34200001
v 2.51714609 -1.64054673 0.34200001
v 1.12514589 2.24245322 0.00000000
v 1.10614607 2.26145322 0.00000000
v 1.09814594 2.27545322 0.00000000
v 1.15214608 2.22245324 0.00000000
v 1.18414590 2.20245320 0.00000000
v 0.90814588 2.16345323 0.00000000
v 0.90214608 2.15145323 0.00000000
v 0.11614594 2.25345320 0.00000000
v 0.92014596 2.21045322 0.00000000
v 0.91914604 2.19845325 0.00000000
v 0.08914599 2.38545323 0.00000000
v 0.82814596 2.04245323 0.00000000
v 0.82114599 2.02545322 0.00000000
v 0.11214599 2.22245324 0.00000000
v 0.86914608 2.11545322 0.00000000
v 0.86014602 2.10345322 0.00000000
v 0.87814591 2.12445322 0.00000000
v 0.85114596 2.09045324 0.00000000
v 0.88714597 2.13245324 0.00000000
v 0.84314606 2.07545323 0.00000000
v 0.89514611 2.14045322 0.00000000
v 0.83414600 2.05845324 0.00000000
v 0.91714594 2.18645323 0.00000000
v 0.91314599 2.17545325 0.00000000
v 0.78914592 1.93745322 0.00000000
v 0.78114602 1.92045323 0.00000000
v 0.77114603 1.90545323 0.00000000
v 0.81014607 1.99145324 0.00000000
v 0.80414603 1.97345323 0.00000000
v 0.70414588 1.68745323 0.00000000
v 0.69914601 1.63245323 0.00000000
v 0.08514604 2.18645323 0.00000000
v 0.71014593 1.73645323 0.00000000
v 0.71614597 1.77745323 0.00000000
v 0.76314590 1.89145323 0.00000000
v 0.75314591 1.88045323 0.00000000
v 0.74314592 1.86545323 0.00000000
v 0.73314593 1.84245323 0.00000000
v 0.10314593 2.19945324 0.00000000
v 0.72414610 1.81345323 0.00000000
v 0.13814590 3.34045321 0.00000000
v 0.14414594 3.35045320 0.00000000
v 0.13514588 3.33045322 0.00000000
v 0.15114591 3.36145324 0.00000000
v 0.13414595 3.32045323 0.00000000
v 0.13614604 3.30845327 0.00000000
v 0.16114590 3.37045318 0.00000000
v 0.11714599 3.21245319 0.00000000
v -0.10685399 2.64345325 0.00000000
v 0.08214602 3.20345325 0.00000000
v -0.28685405 3.17445320 0.00000000
v -0.17785397 3.18745322 0.00000000
v -0.18685403 2.65445322 0.00000000
v -0.09685400 3.19245321 0.00000000
v -0.15885403 2.65445322 0.00000000
v -0.13685396 2.65345324 0.00000000
v -0.02485397 3.19345326 0.00000000
v 0.03514597 3.19745321 0.00000000
v -0.11985400 2.64945323 0.00000000
v -1.27385398 2.95545322 0.00000000
v -1.11485400 2.44045324 0.00000000
v -1.28385403 2.95445318 0.00000000
v -1.20585402 2.97145325 0.00000000
v -1.23385402 2.96445329 0.00000000
v -0.83285406 3.07445318 0.00000000
v -0.70885399 2.52445323 0.00000000
v -0.95885399 3.04345328 0.00000000
v -0.71785405 2.51945323 0.00000000
v -0.72485402 2.51445324 0.00000000
v -1.06385400 3.01345319 0.00000000
v -1.17285403 2.98045320 0.00000000
v -1.13885399 2.99045319 0.00000000
v -1.10185399 3.00145323 0.00000000
v -0.94685402 2.42545325 0.00000000
v -0.82285407 2.46845323 0.00000000
v -0.85185399 2.45745326 0.00000000
v -1.36785402 2.91545326 0.00000000
v -1.34685400 2.93045325 0.00000000
v -1.32485398 2.94245321 0.00000000
v -1.31285402 2.94745321 0.00000000
v -1.30285403 2.95145327 0.00000000
v -1.29285404 2.95345325 0.00000000
v -1.25685402 2.95845324 0.00000000
v -1.54885402 2.82045323 0.00000000
v -1.57985401 2.80645317 0.00000000
v -1.14085403 2.31945324 0.00000000
v -1.61685401 2.78745324 0.00000000
v -1.52085402 2.83245320 0.00000000
v -1.26985403 2.29945320 0.00000000
v -1.29385402 2.29745323 0.00000000
v -1.31085398 2.29245323 0.00000000
v -1.46585401 2.85845322 0.00000000
v -1.37985399 2.90645320 0.00000000
v -1.39685401 2.89645321 0.00000000
v -1.41685402 2.88445324 0.00000000
v -1.43985402 2.87045318 0.00000000
v -0.09485402 2.62045324 0.00000000
v 0.00114593 2.56645322 0.00000000
v -0.09985402 2.63345326 0.00000000
v 0.04514596 2.48545325 0.00000000
v 0.05614600 2.46245325 0.00000000
v 0.03514597 2.50545323 0.00000000
v 0.02714596 2.52345324 0.00000000
v 0.01314602 2.55145324 0.00000000
v 0.01914594 2.53845323 0.00000000
v 0.00914595 2.56045324 0.00000000
v 0.00714598 2.56445325 0.00000000
v 0.00414595 2.56645322 0.00000000
v -0.01885405 2.55645323 0.00000000
v -0.02685406 2.55145324 0.00000000
v -0.09185400 2.60245324 0.00000000
v -0.00385406 2.56445325 0.00000000
v -0.01085403 2.56045324 0.00000000
v -0.08785405 2.52745325 0.00000000
v -0.08985403 2.53945321 0.00000000
v -0.06985405 2.52045322 0.00000000
v -0.07785406 2.51845325 0.00000000
v -0.08385399 2.52045322 0.00000000
v -0.03685405 2.54545326 0.00000000
v -0.09085395 2.57945324 0.00000000
v -0.04685404 2.53745324 0.00000000
v -0.05985406 2.52745325 0.00000000
v -0.09085395 2.55645323 0.00000000
v -0.23285403 2.65145320 0.00000000
v -0.31185403 2.64145321 0.00000000
v -0.34885397 2.63345326 0.00000000
v -0.41385403 3.15645320 0.00000000
v -0.55285397 3.13245327 0.00000000
v -0.27485397 2.64745325 0.00000000
v 0.92614601 2.25145323 0.00000000
v 0.06614599 2.43945325 0.00000000
v 0.93714592 2.27445323 0.00000000
v -0.55085399 2.55545325 0.00000000
v -0.57185402 2.54845322 0.00000000
v -0.69485405 3.10445327 0.00000000
v -0.59185400 2.54245323 0.00000000
v -0.62685397 2.53445322 0.00000000
v -0.64085403 2.53345323 0.00000000
v -0.50785401 2.57345325 0.00000000
v -0.52885404 2.56345320 0.00000000
v -0.42285397 2.61045325 0.00000000
v -0.46385398 2.59345323 0.00000000
v -0.38585403 2.62345321 0.00000000
v -0.61085405 2.53745324 0.00000000
v -0.66985395 2.53545321 0.00000000
v -0.68985405 2.53145326 0.00000000
v -0.73585405 2.50745321 0.00000000
v -0.75085404 2.49945325 0.00000000
v -0.65985396 2.53545321 0.00000000
v -0.79585400 2.47945321 0.00000000
v -0.69985404 2.52745325 0.00000000
v -0.77185407 2.49045325 0.00000000
v -0.88385400 2.44745321 0.00000000
v -0.03185406 2.14045322 0.00000000
v -0.00685396 2.16345323 0.00000000
v 0.02514598 2.17645324 0.00000000
v -0.05185404 2.10845322 0.00000000
v -0.06685403 2.06545324 0.00000000
v -0.07485404 2.01245323 0.00000000
v -0.07785406 1.94745324 0.00000000
v -0.07685402 1.87145323 0.00000000
v -0.07385399 1.79145323 0.00000000
v -0.07585397 1.72245323 0.00000000
v 0.06314597 2.18145323 0.00000000
v -0.08085396 1.66345323 0.00000000
v -0.97785404 2.41245324 0.00000000
v -1.10285404 2.34145326 0.00000000
v -1.09285399 2.35045320 0.00000000
v -1.07685402 2.36245323 0.00000000
v -1.03385403 2.38645322 0.00000000
v -1.00685402 2.39945323 0.00000000
v -1.35585400 2.20145321 0.00000000
v -2.07785400 2.47545320 0.00000000
v -1.34985402 2.23145325 0.00000000
v -1.34385404 2.25445325 0.00000000
v -1.33585402 2.27245325 0.00000000
v -1.83885401 2.65045322 0.00000000
v -1.79385401 2.68045325 0.00000000
v -1.74785400 2.71045322 0.00000000
v -1.05785402 2.37345321 0.00000000
v -1.12485399 2.32645321 0.00000000
v -1.11185398 2.33345324 0.00000000
v -1.15785399 2.31245322 0.00000000
v -1.17685404 2.30745322 0.00000000
v -1.19685402 2.30345321 0.00000000
v -1.21785399 2.30045325 0.00000000
v -1.23985400 2.29945320 0.00000000
v -1.32485398 2.28445322 0.00000000
v -1.70285400 2.73845321 0.00000000
v 1.03014610 -7.85254639 0.00000000
v 1.04814598 -7.85054653 0.00000000
v 1.04814598 -7.93354672 0.00000000
v 1.05514595 -7.85154694 0.00000000
v 1.06214592 -7.85554665 0.00000000
v 1.02114603 -7.85654705 0.00000000
v 1.01314590 -7.86154717 0.00000000
v 1.00414607 -7.86854714 0.00000000
v 1.26114604 -8.07154720 0.00000000
v 0.83414600 -8.66454666 0.00000000
v 1.05014608 -8.03554695 0.00000000
v 1.02514598 -8.02754658 0.00000000
v 0.87114594 -7.90854710 0.00000000
v 0.91014597 -7.90654724 0.00000000
v 0.99714610 -7.99154633 0.00000000
v 0.99914596 -8.00554722 0.00000000
v 1.00914595 -8.01754635 0.00000000
v 0.71914599 -8.61954659 0.00000000
v 1.00914595 -7.95954674 0.00000000
v 1.00414607 -7.96754711 0.00000000
v 0.94714591 -7.90154713 0.00000000
v 1.03914592 -7.93654698 0.00000000
v 0.97714589 -7.89154690 0.00000000
v 1.00014589 -7.97454708 0.00000000
v 0.83314607 -7.90554684 0.00000000
v 0.75014589 -7.83954685 0.00000000
v 0.75814602 -7.84954708 0.00000000
v 0.56114600 -7.79154652 0.00000000
v 0.76514599 -7.85854691 0.00000000
v 0.76914594 -7.86754673 0.00000000
v 0.73914597 -7.82854717 0.00000000
v 0.77114603 -7.87354630 0.00000000
v 0.72614596 -7.81754654 0.00000000
v 0.16514609 -8.05554646 0.00000000
v 0.53514597 -7.79554718 0.00000000
v 0.78014610 -7.88854664 0.00000000
v 0.58114598 -7.78154724 0.00000000
v 0.59314606 -7.77254646 0.00000000
v 0.60514591 -7.76754635 0.00000000
v 0.61714599 -7.76454704 0.00000000
v 0.63014600 -7.76454704 0.00000000
v 0.64414594 -7.76854675 0.00000000
v 0.65914605 -7.77554672 0.00000000
v 0.67714593 -7.78454655 0.00000000
v 0.69714591 -7.79654663 0.00000000
v 0.71214602 -7.80654686 0.00000000
v 0.44214604 -7.78054684 0.00000000
v 0.41614601 -7.76754635 0.00000000
v 0.35414598 -7.71254700 0.00000000
v 0.38214609 -7.73354691 0.00000000
v 0.39514611 -7.75254696 0.00000000
v 0.47314594 -7.78954666 0.00000000
v 0.50514600 -7.79554718 0.00000000
v 0.29414604 -7.68554657 0.00000000
v 0.77714608 -8.64054650 0.00000000
v 0.80214593 -7.89854687 0.00000000
v 0.66414592 -8.60254639 0.00000000
v 0.46014593 -8.54054707 0.00000000
v 0.42814610 -8.51654690 0.00000000
v 0.41114590 -8.50554722 0.00000000
v 0.47814605 -8.55154675 0.00000000
v 0.39314601 -8.49454659 0.00000000
v 0.37614605 -8.48554676 0.00000000
v 0.61614606 -8.59154671 0.00000000
v 0.57814596 -8.58754700 0.00000000
v 0.51414606 -8.57054680 0.00000000
v 0.49614594 -8.56154698 0.00000000
v 0.26714609 -8.45854634 0.00000000
v 0.22114608 -8.44254654 0.00000000
v 0.28614590 -8.46354645 0.00000000
v 0.30314610 -8.46754711 0.00000000
v 0.19614599 -8.43154686 0.00000000
v 0.17214606 -8.42054718 0.00000000
v 0.32914588 -8.46954697 0.00000000
v 0.35914609 -8.47854679 0.00000000
v 0.34314606 -8.47254723 0.00000000
v -0.32385399 -7.52254646 0.00000000
v -0.22985401 -7.53754681 0.00000000
v -0.35385397 -8.22954720 0.00000000
v -0.28285399 -8.23454636 0.00000000
v -0.44785407 -8.22554653 0.00000000
v -0.19185403 -8.24954670 0.00000000
v -0.22985401 -8.24054688 0.00000000
v -0.00885406 -7.58854645 0.00000000
v -0.12385407 -7.56054657 0.00000000
v 0.10314593 -7.62154644 0.00000000
v -0.16485396 -8.26154679 0.00000000
v 0.20814607 -7.65454643 0.00000000
v -0.42185404 -7.51554650 0.00000000
v -0.14385405 -8.27754658 0.00000000
v 0.12114594 -8.39654701 0.00000000
v 0.09614596 -8.38554638 0.00000000
v 0.07114599 -8.37554711 0.00000000
v 0.04614601 -8.36654633 0.00000000
v -0.12685397 -8.29654663 0.00000000
v -0.11885395 -8.30754631 0.00000000
v 0.02414594 -8.36054676 0.00000000
v 0.00314603 -8.35454720 0.00000000
v -0.09585407 -8.32554691 0.00000000
v -0.08285406 -8.33354634 0.00000000
v -0.04185405 -8.34854668 0.00000000
v -0.05485406 -8.34554642 0.00000000
v -0.06885400 -8.34054630 0.00000000
v -0.10685399 -8.31654709 0.00000000
v -0.02885404 -8.34954708 0.00000000
v -0.01385405 -8.35054653 0.00000000
v 0.14714596 -8.40854710 0.00000000
v -0.83785405 -8.24054688 0.00000000
v -1.10685399 -7.67454689 0.00000000
v -0.80285397 -8.22954720 0.00000000
v -0.85585406 -7.56254643 0.00000000
v -0.76185396 -8.22354668 0.00000000
v -0.71185401 -8.22054642 0.00000000
v -0.75185397 -7.54154652 0.00000000
v -0.64785400 -8.22054642 0.00000000
v -0.64185395 -7.52554672 0.00000000
v -0.56785395 -8.22154682 0.00000000
v -0.52885404 -7.51754635 0.00000000
v -1.08185401 -7.65754669 0.00000000
v -1.06985399 -7.64754646 0.00000000
v -1.01985403 -7.61654633 0.00000000
v -0.94785401 -7.58754700 0.00000000
v -1.13185402 -7.68754643 0.00000000
v -1.11985400 -7.68154686 0.00000000
v -1.09385404 -7.66554707 0.00000000
v -0.86985400 -8.25554722 0.00000000
v -1.19085404 -7.70354717 0.00000000
v -1.17685404 -7.69754666 0.00000000
v -0.90285399 -8.27754658 0.00000000
v -1.16485402 -7.69454640 0.00000000
v -1.20885399 -7.71154659 0.00000000
v -1.15485402 -7.69454640 0.00000000
v -1.14385399 -7.69154709 0.00000000
v -1.22985401 -7.72354668 0.00000000
v -1.25285401 -7.73554676 0.00000000
v -1.27585402 -7.75054711 0.00000000
v -1.37585398 -7.82054680 0.00000000
v -1.30085399 -7.76654690 0.00000000
v -0.94185403 -8.30454701 0.00000000
v -1.40285402 -7.83854645 0.00000000
v -1.02285400 -8.36654633 0.00000000
v -1.47185400 -7.88354653 0.00000000
v -1.45085400 -7.86954659 0.00000000
v -1.09485402 -8.42454689 0.00000000
v -1.42785400 -7.85454720 0.00000000
v -1.48985400 -7.89454716 0.00000000
v -1.84285401 -8.43254631 0.00000000
v -1.83685401 -8.41254681 0.00000000
v -1.29785403 -8.64354675 0.00000000
v -1.28185400 -8.61254662 0.00000000
v -1.83085401 -8.39454716 0.00000000
v -1.15885403 -8.48054665 0.00000000
v -1.58585402 -7.98054665 0.00000000
v -1.21185401 -8.53054684 0.00000000
v -1.63685400 -8.04654663 0.00000000
v -1.68885400 -8.12054699 0.00000000
v -1.53985402 -7.93154686 0.00000000
v -1.73785401 -8.19854706 0.00000000
v -1.25285401 -8.57554691 0.00000000
v -1.78185401 -8.27454632 0.00000000
v -1.50385400 -7.90354698 0.00000000
v -1.81385401 -8.34154671 0.00000000
v 1.34314606 -8.85954636 0.00000000
v 1.25414607 -8.86754673 0.00000000
v 1.42514608 -8.82654637 0.00000000
v 1.49714610 -8.76954716 0.00000000
v 1.55614588 -8.68754643 0.00000000
v 1.16014597 -8.85054653 0.00000000
v 0.54914591 -8.58254688 0.00000000
v 0.53214595 -8.57654637 0.00000000
v 0.56514594 -8.58654659 0.00000000
v 2.21814582 -9.63454693 0.00000000
v 2.12114618 -9.61954659 0.00000000
v 2.13514612 -9.61954659 0.00000000
v 2.09514592 -9.73054665 0.00000000
v 2.14814613 -9.62054699 0.00000000
v 2.16014621 -9.62354630 0.00000000
v 2.17214582 -9.62854641 0.00000000
v 2.10914609 -9.74454659 0.00000000
v 2.18514583 -9.63454693 0.00000000
v 2.19614599 -9.63854664 0.00000000
v 2.11914585 -9.75754708 0.00000000
v 2.03114602 -9.66054695 0.00000000
v 2.03814599 -9.65254658 0.00000000
v 2.03214595 -9.67654675 0.00000000
v 2.04114601 -9.68654698 0.00000000
v 2.02914593 -9.66854637 0.00000000
v 2.05014608 -9.64454716 0.00000000
v 2.05514595 -9.69854706 0.00000000
v 2.06814597 -9.63454693 0.00000000
v 2.07414601 -9.71554630 0.00000000
v 2.09414599 -9.62354630 0.00000000
v 2.08114598 -9.62854641 0.00000000
v 2.70214603 -10.12954682 0.00000000
v 2.11514590 -9.81054657 0.00000000
v 2.10714600 -9.62154644 0.00000000
v 2.12214610 -9.78854721 0.00000000
v 0.70414588 1.68745323 0.34200001
v 2.07614610 -9.90254658 0.00000000
v 2.08914587 -9.87554711 0.00000000
v 2.68214605 -10.15554684 0.00000000
v 2.67714593 -10.16654652 0.00000000
v 2.66014621 -10.21254700 0.00000000
v 2.65014598 -10.23054665 0.00000000
v 2.03914592 -9.95554703 0.00000000
v 2.06314609 -9.92454689 0.00000000
v 2.10514591 -9.83854645 0.00000000
v 2.69114587 -10.14254635 0.00000000
v 2.51214597 -10.39754646 0.00000000
v 2.02714608 -9.96454685 0.00000000
v 2.00314591 -9.97254723 0.00000000
v 2.01514599 -9.97054642 0.00000000
v 2.51114604 -1.66254681 0.00000000
v 2.51114604 -1.66254681 0.34200001
v 2.52014587 -1.62754672 0.00000000
v 2.52014587 -1.62754672 0.34200001
v 2.67414615 -10.18554657 0.00000000
v 2.66814611 -10.19854706 0.00000000
v 2.52714584 -1.53754681 0.00000000
v 2.52914617 -1.52154678 0.00000000
v 1.75314591 -10.22254723 0.00000000
v 1.71414587 -10.24654644 0.00000000
v 1.73314593 -10.23654717 0.00000000
v 1.37914607 -10.42254704 0.00000000
v 1.40614602 -10.40554684 0.00000000
v 2.58914611 -1.41754668 0.00000000
v 1.35514591 -10.43454712 0.00000000
v 1.33314607 -10.44454640 0.00000000
v 1.69414589 -10.25154656 0.00000000
v 2.52214620 -1.61254686 0.00000000
v 1.67314598 -10.25354641 0.00000000
v 1.23014591 -10.45054691 0.00000000
v 1.23714588 -10.44654720 0.00000000
v 1.24614594 -10.44454640 0.00000000
v 1.31414602 -10.45054691 0.00000000
v 1.29914591 -10.45254677 0.00000000
v 1.22314594 -10.45554703 0.00000000
v 1.25514600 -10.44354695 0.00000000
v 1.26614592 -10.44354695 0.00000000
v 1.28614590 -10.44954651 0.00000000
v 1.21814606 -10.46154659 0.00000000
v 2.65614602 -1.76654666 0.34200001
v 2.65614602 -1.76654666 0.00000000
v 2.63314578 -1.75754684 0.34200001
v 2.63314578 -1.75754684 0.00000000
v 2.69714591 -1.78554671 0.34200001
v 2.71514604 -1.79354685 0.34200001
v 2.71514604 -1.79354685 0.00000000
v 1.03214595 -10.52854698 0.00000000
v 0.99014590 -10.53154724 0.00000000
v 2.61214588 -1.74754685 0.00000000
v 2.61214588 -1.74754685 0.34200001
v 0.85014603 -10.56654709 0.00000000
v 1.07814596 -10.52254646 0.00000000
v 1.12414596 -10.51054638 0.00000000
v 1.16514609 -10.49654644 0.00000000
v 2.59214589 -1.73954671 0.00000000
v 2.59214589 -1.73954671 0.34200001
v 2.57114599 -1.73054689 0.00000000
v 2.57114599 -1.73054689 0.34200001
v 2.55214593 -1.72154682 0.00000000
v 2.55214593 -1.72154682 0.34200001
v 0.81814597 -10.59254711 0.00000000
v 2.53814599 -1.71054667 0.00000000
v 2.53814599 -1.71054667 0.34200001
v 0.92214606 -10.51154679 0.00000000
v 0.93214605 -10.51754635 0.00000000
v 0.87814591 -10.52254646 0.00000000
v 0.91314599 -10.50854653 0.00000000
v 0.88614604 -10.51454704 0.00000000
v 0.89514611 -10.50954693 0.00000000
v 0.90314600 -10.50754708 0.00000000
v 2.52614591 -1.70054668 0.00000000
v 2.52614591 -1.70054668 0.34200001
v 2.51714609 -1.69154685 0.34200001
v 2.51714609 -1.69154685 0.00000000
v 0.95514605 -10.52854698 0.00000000
v 0.86114595 -10.54754704 0.00000000
v 0.86914608 -10.53454655 0.00000000
v 2.51114604 -1.68154686 0.34200001
v 2.51114604 -1.68154686 0.00000000
v 2.51014612 -1.67154687 0.34200001
v 2.51014612 -1.67154687 0.00000000
v 0.83614609 -10.58054703 0.00000000
v 2.21814582 -2.32954663 0.34200001
v 2.16214607 -2.32254666 0.00000000
v 2.21814582 -2.32954663 0.00000000
v 2.28814599 -2.34054678 0.34200001
v 2.28814599 -2.34054678 0.00000000
v 0.57514593 -10.61054676 0.00000000
v 0.48214600 -10.60954636 0.00000000
v 2.33514593 -2.34954661 0.34200001
v 2.33514593 -2.34954661 0.00000000
v 0.28914592 -10.58554714 0.00000000
v 0.25114605 -10.56954640 0.00000000
v 2.38114593 -2.35954683 0.34200001
v 2.38114593 -2.35954683 0.00000000
v 2.42514608 -2.37054699 0.34200001
v 2.42514608 -2.37054699 0.00000000
v 0.18514607 -10.47454708 0.00000000
v 0.19114587 -10.46754711 0.00000000
v 0.20314596 -10.47254723 0.00000000
v 2.46614597 -2.38254660 0.34200001
v 2.46614597 -2.38254660 0.00000000
v 2.50414607 -2.39454668 0.34200001
v 2.50414607 -2.39454668 0.00000000
v 0.19714591 -10.46454685 0.00000000
v 0.20114610 -10.46554630 0.00000000
v 0.20514605 -10.48254650 0.00000000
v 0.17414591 -10.48654717 0.00000000
v 0.20614598 -10.49754685 0.00000000
v 0.22614596 -10.55054634 0.00000000
v 0.13914606 -10.52654713 0.00000000
v 0.21114609 -10.52654713 0.00000000
v 0.16114590 -10.50354641 0.00000000
v 2.56114576 -2.42054671 0.34200001
v 2.53514621 -2.40754669 0.34200001
v 2.53514621 -2.40754669 0.00000000
v 2.56114576 -2.42054671 0.00000000
v 0.40314600 -10.60454720 0.00000000
v 0.33914587 -10.59654682 0.00000000
v 1.84414599 1.65745323 0.00000000
v 1.84414599 1.65745323 0.34200001
v 1.85614607 1.63745323 0.00000000
v 1.85614607 1.63745323 0.34200001
v -2.08185401 -1.01254671 0.00000000
v -1.29485401 -8.68754643 0.00000000
v -1.29485401 -8.70354717 0.00000000
v -1.88285401 -8.52954643 0.00000000
v -1.29585400 -8.71954697 0.00000000
v -1.29885402 -8.73654717 0.00000000
v -1.30285403 -8.75454682 0.00000000
v -2.07785400 -0.99554675 0.00000000
v -2.06985402 -0.98454683 0.00000000
v 1.86814592 1.62045323 0.00000000
v 1.86814592 1.62045323 0.34200001
v -1.29585400 -8.67554634 0.00000000
v -1.34185400 -9.02154701 0.00000000
v -1.33985403 -9.09254711 0.00000000
v -1.97385401 -9.05954712 0.00000000
v -1.97085401 -9.21954697 0.00000000
v -2.05485402 -0.97754687 0.00000000
v -1.87485401 -8.51254719 0.00000000
v -1.29885402 -8.66454666 0.00000000
v -2.03185401 -0.97454684 0.00000000
v 1.98414609 1.47145322 0.34200001
v 1.99414608 1.44345323 0.34200001
v -1.99985401 -0.97254675 0.00000000
v -1.86585401 -8.49454659 0.00000000
v -1.85785401 -8.47354668 0.00000000
v 2.00414607 1.41445324 0.00000000
v -1.95585401 -0.97254675 0.00000000
v -1.32885399 -9.26654690 0.00000000
v -1.32585403 -9.29754704 0.00000000
v -1.95585401 -9.36554688 0.00000000
v 1.87914607 1.60645323 0.00000000
v 1.87914607 1.60645323 0.34200001
v -1.92785401 -0.97154682 0.00000000
v -1.33485403 -9.17354649 0.00000000
v 1.89114592 1.59545323 0.00000000
v 1.89114592 1.59545323 0.34200001
v -1.89685401 -0.96854680 0.00000000
v -1.95185401 -8.75254696 0.00000000
v -1.92585401 -8.62954682 0.00000000
v -1.32485398 -8.82154720 0.00000000
v -1.30785402 -8.77254646 0.00000000
v -1.31385400 -8.78954666 0.00000000
v 1.90014598 1.58845323 0.00000000
v 1.90014598 1.58845323 0.34200001
v -1.88685401 -9.58954685 0.00000000
v -1.31485399 -9.35154694 0.00000000
v -1.89685401 -9.57154720 0.00000000
v -1.93185401 -9.48754662 0.00000000
v 1.90814588 1.58545323 0.00000000
v 1.90814588 1.58545323 0.34200001
v -1.32085403 -9.32554691 0.00000000
v 1.91614601 1.58345323 0.00000000
v 1.92614601 1.57445323 0.00000000
v -1.23085400 -9.45854634 0.00000000
v -1.24185404 -9.44754666 0.00000000
v -1.25385400 -9.43854683 0.00000000
v -1.26985403 -9.42554634 0.00000000
v -1.28385403 -9.41154640 0.00000000
v 1.93714592 1.56145323 0.00000000
v 1.93714592 1.56145323 0.34200001
v -1.29585400 -9.39454716 0.00000000
v 1.94914601 1.54345324 0.00000000
v -1.30585399 -9.37454670 0.00000000
v 1.96114609 1.52245322 0.00000000
v 1.97214601 1.49745323 0.00000000
v -1.16885402 -9.59054630 0.00000000
v -1.17785403 -9.57054680 0.00000000
v -1.19685402 -9.50654667 0.00000000
v -1.19385400 -9.51754635 0.00000000
v -1.19185403 -9.52754658 0.00000000
v -1.18985399 -9.53954666 0.00000000
v -1.20285400 -9.49454659 0.00000000
v -1.21085402 -9.48254650 0.00000000
v -1.18585398 -9.55354660 0.00000000
v -0.81885400 -10.09454697 0.00000000
v -0.80085399 -10.10754650 0.00000000
v -0.84685400 -10.06954640 0.00000000
v -0.83385399 -10.08154648 0.00000000
v -0.85585406 -10.05954712 0.00000000
v 0.08014605 -10.53954666 0.00000000
v 0.09214601 -10.54254692 0.00000000
v 0.12714598 -10.53454655 0.00000000
v -3.85085406 -3.97754687 0.34200001
v -3.82685402 -3.62154692 0.34200001
v -4.46785405 -3.85654658 0.34200001
v -4.45585396 -3.66454666 0.34200001
v -4.47985389 -4.09654682 0.34200001
v -4.44285395 -3.50954693 0.34200001
v -4.42785409 -3.37754696 0.34200001
v -3.80685403 -3.35354679 0.34200001
v -4.49385407 -4.39654654 0.34200001
v -3.87685397 -4.34554690 0.34200001
v -4.50085404 -4.54954689 0.34200001
v -3.90285399 -4.65954655 0.34200001
v -4.50785401 -4.68754690 0.34200001
v -4.40885403 -3.25854700 0.34200001
v -3.95785406 -5.15154665 0.34200001
v -3.92885401 -4.92454689 0.34200001
v -4.53685405 -5.01654690 0.34200001
v -4.52685406 -4.92154663 0.34200001
v -4.51785400 -4.81254690 0.34200001
v -4.54785397 -5.09654682 0.34200001
v -3.98785403 -5.34554690 0.34200001
v -4.55885413 -5.16254681 0.34200001
v -4.57085397 -5.21454685 0.34200001
v -4.59285405 -5.29254692 0.34200001
v -4.58185389 -5.25154656 0.34200001
v -4.60485389 -5.33654659 0.34200001
v -4.02285411 -5.51854675 0.34200001
v -4.62685397 -5.42454689 0.34200001
v -4.63685396 -5.46654671 0.34200001
v -4.65385392 -5.53754681 0.34200001
v -4.66385391 -5.57254666 0.34200001
v -4.06285408 -5.67754667 0.34200001
v -4.71785405 -5.71154659 0.34200001
v -4.74285391 -5.76354664 0.34200001
v -4.15485408 -5.95954674 0.34200001
v 2.03314588 1.32845322 0.00000000
v 2.03314588 1.32845322 0.34200001
v 2.02414605 1.35645322 0.34200001
v -4.20085409 -6.08054655 0.34200001
v 2.04314611 1.30445323 0.34200001
v -4.76985409 -5.81754654 0.34200001
v -4.82685402 -5.91854685 0.34200001
v -4.24685409 -6.19054669 0.34200001
v -4.79785397 -5.86954659 0.34200001
v -1.65785402 2.76545328 0.00000000
v -4.64685395 -5.50454682 0.34200001
v -4.10985401 -5.83054655 0.34200001
v 2.00414607 1.41445324 0.34200001
v 2.01414606 1.38445324 0.34200001
v -4.67785409 -5.61354654 0.34200001
v -4.69585397 -5.66054695 0.34200001
v -1.29785403 1.88145324 0.00000000
v -1.25585404 1.81445323 0.00000000
v -1.37085399 1.67245323 0.00000000
v -1.20385399 1.74645323 0.00000000
v -1.32885399 1.94645322 0.00000000
v -1.76185401 1.36945323 0.00000000
v -1.77885401 1.37345324 0.00000000
v -1.36385402 2.13745323 0.00000000
v -1.36185398 2.07345322 0.00000000
v -1.34985402 2.01045323 0.00000000
v -1.87185401 10.60145313 0.00000000
v -4.85585406 -5.96654671 0.34200001
v -4.88285401 -6.01154679 0.34200001
v -4.29185393 -6.28954666 0.34200001
v -4.33785393 -6.37554711 0.34200001
v -4.38085392 -6.44854706 0.34200001
v -4.92785409 -6.09354656 0.34200001
v -4.90685394 -6.05454701 0.34200001
v -4.94585397 -6.12654656 0.34200001
v -4.95785406 -6.15254658 0.34200001
v -4.96685412 -6.17254656 0.34200001
v -4.96885398 -6.18354672 0.34200001
v -4.98985412 -6.21954697 0.34200001
v -4.49685409 -6.58554714 0.34200001
v -4.97885397 -6.20454663 0.34200001
v -4.46385410 -6.54954689 0.34200001
v -4.97185400 -6.19254654 0.34200001
v -4.47585395 -6.56054657 0.34200001
v -1.53285402 10.12245304 0.00000000
v -1.99585401 10.48145325 0.00000000
v -1.48685401 10.17345363 0.00000000
v -2.10185401 10.37345344 0.00000000
v -4.42385390 -6.50754708 0.34200001
v -2.20385402 10.24845344 0.00000000
v -2.17585402 10.29145366 0.00000000
v 2.03214595 1.17845324 0.00000000
v 2.03214595 1.17845324 0.34200001
v 2.04514596 1.18445322 0.34200001
v -2.25085401 10.17045337 0.00000000
v -5.00385406 -6.23654669 0.34200001
v -4.50585392 -6.59754723 0.34200001
v -5.04285410 -6.27554672 0.34200001
v -4.51885393 -6.62054699 0.34200001
v -5.02185395 -6.25554674 0.34200001
v -4.51285412 -6.60954636 0.34200001
v -5.11285403 -6.33854645 0.34200001
v -4.52185395 -6.63054722 0.34200001
v -5.06485393 -6.29654663 0.34200001
v -2.35985401 10.01745350 0.00000000
v -5.18685391 -6.41354721 0.34200001
v -5.19785407 -6.42754715 0.34200001
v -4.65885403 -6.81754654 0.34200001
v -5.17285397 -6.39654701 0.34200001
v -5.20485404 -6.43754643 0.34200001
v -5.20785406 -6.44554680 0.34200001
v -2.56685403 9.59945328 0.00000000
v -2.53785398 9.65745336 0.00000000
v -2.03685401 9.33145315 0.00000000
v -2.57785400 9.57845337 0.00000000
v -1.98885401 9.43845302 0.00000000
v -2.52085402 9.69345314 0.00000000
v -5.13485410 -6.35954636 0.34200001
v -4.52385404 -6.63854664 0.34200001
v -2.62585398 9.46245319 0.00000000
v -2.07785400 9.22745306 0.00000000
v -2.50085398 9.73245365 0.00000000
v -1.96985401 9.47945339 0.00000000
v -7.84785416 -3.60954683 0.34200001
v -7.79985383 -3.66754692 0.34200001
v -7.31885388 -3.32054680 0.34200001
v -1.88385401 9.66245300 0.00000000
v -7.33085396 -3.29854696 0.34200001
v -2.42485401 9.89645321 0.00000000
v -7.35385420 -3.26154679 0.34200001
v -7.38485387 -3.22154682 0.34200001
v -2.44485399 9.85545284 0.00000000
v -1.89785401 9.63145334 0.00000000
v 0.08814595 -4.15254658 0.34200001
v 0.09214601 -4.16654700 0.34200001
v -7.42085412 -3.18054693 0.34200001
v -7.49885419 -3.10754698 0.34200001
v -7.53585389 -3.07954663 0.34200001
v -7.89285424 -3.56254690 0.34200001
v -7.45985415 -3.14254683 0.34200001
v -7.59285405 -3.05454701 0.34200001
v -7.61385396 -3.04854696 0.34200001
v -7.67085412 -3.01554697 0.34200001
v -7.97085383 -3.50654667 0.34200001
v -7.64885380 -3.02954691 0.34200001
v -1.93185401 9.56045324 0.00000000
v -2.48185399 9.77345306 0.00000000
v -2.46185401 9.81445343 0.00000000
v -1.91385401 9.59745342 0.00000000
v -7.93385413 -3.52754658 0.34200001
v -7.56885388 -3.06054657 0.34200001
v -2.73185399 8.91545326 0.00000000
v -2.70485404 9.12145311 0.00000000
v -2.15785402 8.91645319 0.00000000
v -2.13785401 9.02145321 0.00000000
v -2.66885402 9.30645305 0.00000000
v -7.62985423 -3.03954666 0.34200001
v 0.08514604 -4.12954682 0.34200001
v 0.07714603 -4.10654658 0.34200001
v -2.11185401 9.12445337 0.00000000
v -8.04185393 -3.48054665 0.34200001
v -8.01385405 -3.49054688 0.34200001
v -7.84285405 -2.90954655 0.34200001
v -2.17585402 8.33645326 0.00000000
v -2.75385400 8.26645309 0.00000000
v -2.17585402 8.39745313 0.00000000
v -2.75785401 8.47845346 0.00000000
v -2.17685401 8.47545320 0.00000000
v -8.07285407 -3.46954697 0.34200001
v -7.95985415 -2.86354654 0.34200001
v -8.09185412 -2.82754677 0.34200001
v -8.17685416 -3.43654698 0.34200001
v -7.70585396 -3.80654686 0.34200001
v -7.66285422 -3.88354700 0.34200001
v -7.18085387 -3.52854698 0.34200001
v -2.17985400 8.57645304 0.00000000
v -2.74985399 8.69745333 0.00000000
v -7.00185397 -3.83154696 0.34200001
v -7.01485398 -3.79954689 0.34200001
v -7.56785395 -4.07954663 0.34200001
v -7.58085396 -4.05254667 0.34200001
v -7.59485390 -4.02254694 0.34200001
v -7.03185418 -3.76354664 0.34200001
v -2.17785400 8.69545299 0.00000000
v -2.16985401 8.80745346 0.00000000
v -7.05285409 -3.72554653 0.34200001
v -7.60985425 -3.99254673 0.34200001
v -6.90385392 -4.02054661 0.34200001
v -6.92585423 -3.99954670 0.34200001
v -7.37085393 -4.42854660 0.34200001
v -2.15285402 8.00745327 0.00000000
v -2.12285400 7.89145309 0.00000000
v -2.39485403 7.81645328 0.00000000
v -2.17185401 8.10345346 0.00000000
v -6.87385419 -4.06154698 0.34200001
v -6.89085391 -4.03854674 0.34200001
v -7.42485383 -4.32854670 0.34200001
v -2.68485400 7.77045328 0.00000000
v -2.69185403 7.79245312 0.00000000
v -2.66285398 7.72445328 0.00000000
v -2.66885402 7.73845321 0.00000000
v -2.17585402 8.16945345 0.00000000
v -2.73885402 8.07145340 0.00000000
v -6.93585398 -3.98554676 0.34200001
v 0.09714601 -4.17254656 0.34200001
v -6.83885386 -4.12054699 0.34200001
v -6.85685399 -4.08854693 0.34200001
v -6.81885388 -4.15354698 0.34200001
v -6.79885390 -4.18954676 0.34200001
v -6.73385384 -4.32154673 0.34200001
v -6.78085377 -4.22654694 0.34200001
v -7.31785395 -4.52854698 0.34200001
v -2.67385402 7.75045330 0.00000000
v -2.67885401 7.75845320 0.00000000
v -2.65685400 7.70745308 0.00000000
v -2.69885399 7.82445318 0.00000000
v -2.72285398 7.95945341 0.00000000
v -2.73085400 8.01345331 0.00000000
v -2.17585402 8.19745333 0.00000000
v -2.17485401 8.22345335 0.00000000
v -2.17485401 8.29045326 0.00000000
v 0.11714599 -4.18454664 0.34200001
v 0.12514589 -4.18754690 0.34200001
v -7.55485394 -4.10454672 0.34200001
v -1.82385401 7.18445331 0.00000000
v -1.76385401 7.09545309 0.00000000
v -2.22685402 6.79845316 0.00000000
v -7.20785382 -3.49054688 0.34200001
v -7.23485425 -3.45154684 0.34200001
v -2.21885401 6.78845341 0.00000000
v -1.85285401 7.25345308 0.00000000
v -1.84885401 7.24145300 0.00000000
v -2.33585402 6.94945318 0.00000000
v -1.86085401 7.26745302 0.00000000
v -1.87185401 7.28545315 0.00000000
v -2.08685401 7.76645309 0.00000000
v -7.28285411 -3.37954682 0.34200001
v -7.30285409 -3.34754675 0.34200001
v -7.75285390 -3.73354691 0.34200001
v -2.71385398 7.90845329 0.00000000
v -7.25985387 -3.41454666 0.34200001
v -7.71985390 -2.98454683 0.34200001
v -7.69385388 -3.00054663 0.34200001
v -2.70685401 7.86345321 0.00000000
v -2.64485403 7.66745312 0.00000000
v -7.98985388 -3.49854677 0.34200001
v -2.04585401 7.64145309 0.00000000
v -2.00285401 7.52745325 0.00000000
v -2.56985399 7.44245321 0.00000000
v -2.61085400 7.54845316 0.00000000
v -2.63485398 7.62445337 0.00000000
v -2.63885399 7.64545328 0.00000000
v -7.15285399 -3.56654661 0.34200001
v -2.39385399 7.05945331 0.00000000
v -2.45585402 7.18545324 0.00000000
v -1.92985401 7.37445337 0.00000000
v -7.12585404 -3.60354679 0.34200001
v -1.91285401 7.35145313 0.00000000
v -1.89785401 7.32845337 0.00000000
v 0.08714602 -4.14354675 0.34200001
v -7.10085395 -3.64454668 0.34200001
v -7.62285378 -3.96154659 0.34200001
v -7.07485392 -3.68554657 0.34200001
v -1.88385401 7.30545313 0.00000000
v -2.51585403 7.31745321 0.00000000
v -1.96385401 7.43445331 0.00000000
v -6.96785405 -3.92754667 0.34200001
v -6.97685387 -3.90454691 0.34200001
v -7.52785399 -4.15554684 0.34200001
v -6.94585421 -3.96854656 0.34200001
v -7.47885420 -4.23454683 0.34200001
v -1.84585401 7.23545343 0.00000000
v 0.15614602 -4.21354693 0.34200001
v -2.28885400 6.86745340 0.00000000
v -6.95685389 -3.94854658 0.34200001
v -2.24585402 6.81945307 0.00000000
v -2.25685402 6.82645304 0.00000000
v -2.23585400 6.80945331 0.00000000
v -7.54385378 -4.12654656 0.34200001
v -7.53385403 -4.14354675 0.34200001
v -6.98485425 -3.88154667 0.34200001
v -6.99185422 -3.85754698 0.34200001
v -6.37685397 6.22445328 0.00000000
v -6.38885405 6.29645330 0.00000000
v -5.80785396 6.38845331 0.00000000
v -5.82585409 6.45245344 0.00000000
v 0.10614595 -4.18254679 0.34200001
v -5.86785391 6.53545315 0.00000000
v -5.84585407 6.50145323 0.00000000
v -8.52285388 -3.39554661 0.34200001
v -8.67385390 -2.80254667 0.34200001
v -8.67385390 -3.42854660 0.34200001
v -8.23485425 -2.80354660 0.34200001
v -8.38185408 -2.79054659 0.34200001
v -8.36885407 -3.39454668 0.34200001
v -8.21185401 -3.42654675 0.34200001
v -5.89185383 6.61045343 0.00000000
v -5.88985398 6.59745342 0.00000000
v -6.41385415 6.39145309 0.00000000
v -5.90085414 6.65145332 0.00000000
v -5.89385417 6.63545305 0.00000000
v -6.00185397 6.79145319 0.00000000
v -5.97985413 6.76845342 0.00000000
v -6.42685416 6.40545303 0.00000000
v -6.45185378 6.41845304 0.00000000
v -6.47285416 6.43545324 0.00000000
v -6.10985425 6.90545303 0.00000000
v -5.91085389 6.67245323 0.00000000
v -5.87285402 6.54345304 0.00000000
v -5.95985415 6.74345333 0.00000000
v 0.10114596 -4.17754667 0.34200001
v -5.79285410 6.31345302 0.00000000
v -6.36785414 6.14145309 0.00000000
v -5.78085401 6.22745306 0.00000000
v -5.77385404 6.13145334 0.00000000
v -6.36185410 6.05245334 0.00000000
v -8.80685380 -2.82854670 0.34200001
v -8.52985385 -2.78954666 0.34200001
v -8.91485407 -2.86554688 0.34200001
v -9.02985385 -2.92054671 0.34200001
v -5.76985409 6.02945310 0.00000000
v -6.35885384 5.96145326 0.00000000
v -5.76985409 5.92045337 0.00000000
v -6.74785378 7.32545311 0.00000000
v -6.91485407 6.79045326 0.00000000
v -6.82085421 7.34745342 0.00000000
v -6.68285420 7.30445320 0.00000000
v -7.00185397 6.81745321 0.00000000
v -6.90585377 7.37045318 0.00000000
v -8.94985392 -3.58654659 0.34200001
v -8.81585410 -3.49254673 0.34200001
v -9.26785424 -3.07254666 0.34200001
v -9.37985423 -3.16354674 0.34200001
v -9.48085406 -3.25754660 0.34200001
v -9.07285407 -3.70654696 0.34200001
v -9.63685420 -3.44654673 0.34200001
v -9.64985421 -3.46954697 0.34200001
v -9.56785395 -3.35354679 0.34200001
v -9.14985421 -2.99054688 0.34200001
v 0.11114595 -4.18354672 0.34200001
v -5.89185383 6.62245304 0.00000000
v -6.04885390 6.84045345 0.00000000
v -6.02585414 6.81545336 0.00000000
v -8.10685399 -3.45854681 0.34200001
v -6.07085421 6.86345321 0.00000000
v -6.09085419 6.88545305 0.00000000
v -6.43585398 6.40845329 0.00000000
v -6.12585404 6.92245323 0.00000000
v -6.56085398 6.51445324 0.00000000
v -7.74485400 -2.96554678 0.34200001
v -6.17485383 6.97345335 0.00000000
v -6.13785412 6.93645317 0.00000000
v -6.57585385 7.25945312 0.00000000
v -6.53085377 7.23545343 0.00000000
v -6.84085419 6.75545341 0.00000000
v -6.62585404 7.28245336 0.00000000
v -9.18185380 -3.85454672 0.34200001
v -9.79585412 -3.71354693 0.34200001
v -9.27385380 -4.02754658 0.34200001
v -9.66385415 -3.49154680 0.34200001
v -7.51485398 6.88545305 0.00000000
v -7.64185383 6.88745338 0.00000000
v -7.57485392 7.44645340 0.00000000
v -7.43285420 7.44445307 0.00000000
v -7.37885382 6.87445337 0.00000000
v -7.29985383 7.43845302 0.00000000
v -7.22785380 6.85845310 0.00000000
v -7.18885424 7.43045313 0.00000000
v -7.11085417 7.41945345 0.00000000
v -7.10385420 6.83945305 0.00000000
v -7.00285390 7.39445335 0.00000000
v -7.71785405 7.44645340 0.00000000
v -9.70185378 -3.54054659 0.34200001
v -9.69085410 -3.52754658 0.34200001
v -9.67785409 -3.51054686 0.34200001
v -9.71385386 -3.55154675 0.34200001
v -8.27485421 7.35845310 0.00000000
v -8.14085391 7.39845306 0.00000000
v -8.00085404 6.83245308 0.00000000
v -9.72885420 -3.56054657 0.34200001
v -9.73385384 -3.56154698 0.34200001
v -9.72185424 -3.55754679 0.34200001
v -3.01685395 2.19245321 0.34200001
v -3.05185404 2.20245320 0.34200001
v -3.09085395 2.21245325 0.34200001
v -2.96485403 2.18245322 0.34200001
v -2.98685398 2.18645323 0.34200001
v -3.35485401 2.90945322 0.34200001
v -4.04385402 2.97045321 0.34200001
v -3.96985390 2.35245324 0.34200001
v -4.87185409 2.87045318 0.34200001
v -4.74685409 2.28745324 0.34200001
v -4.84085395 2.88145322 0.34200001
v -4.69285395 2.29145325 0.34200001
v -4.82085397 2.88845319 0.34200001
v -4.91085413 2.85845322 0.34200001
v -4.76485398 2.28645325 0.34200001
v -4.35285404 2.96245319 0.34200001
v -4.49585393 2.95045323 0.34200001
v -4.41985395 2.32745320 0.34200001
v -4.51885393 2.31345320 0.34200001
v -4.62585404 2.93445319 0.34200001
v -4.73485401 2.91345329 0.34200001
v -4.61285403 2.30045325 0.34200001
v -4.95485404 2.84645325 0.34200001
v -4.80585411 2.27945322 0.34200001
v -5.00385406 2.83145327 0.34200001
v -5.11285403 2.80245323 0.34200001
v -4.88285401 2.25645322 0.34200001
v -5.05685403 2.81745321 0.34200001
v -4.84685400 2.26845325 0.34200001
v -5.22585395 2.77245325 0.34200001
v -5.03985407 2.20445324 0.34200001
v -5.16885402 2.78845329 0.34200001
v -5.33885410 2.74045319 0.34200001
v -5.39185407 2.72445328 0.34200001
v -5.23985412 2.16345323 0.34200001
v -5.43985393 2.70745320 0.34200001
v -5.28385403 2.75645322 0.34200001
v -5.12285402 2.18645323 0.34200001
v -4.89885404 2.24945325 0.34200001
v -4.12985399 2.35245324 0.34200001
v -9.73885396 -3.56554669 0.34200001
v -9.74385407 -3.57154673 0.34200001
v -9.76685383 -3.62554663 0.34200001
v -9.76385405 -3.61254662 0.34200001
v -9.75985387 -3.60054653 0.34200001
v -9.77285388 -3.64554661 0.34200001
v -9.75485423 -3.58954685 0.34200001
v -9.74885419 -3.57954663 0.34200001
v -9.78285411 -3.67454689 0.34200001
v -9.83185389 -3.80854672 0.34200001
v -9.81285384 -3.75754660 0.34200001
v -9.85285380 -3.86154669 0.34200001
v -9.28985407 -4.06254690 0.34200001
v -9.87485411 -3.91954678 0.34200001
v -9.33485415 -4.15354698 0.34200001
v -4.28185394 2.34345323 0.34200001
v -4.56685403 2.30645323 0.34200001
v -4.65485408 2.29545326 0.34200001
v -4.20085409 2.96945328 0.34200001
v -4.91485407 2.24045325 0.34200001
v -4.86585405 2.26245320 0.34200001
v -4.78485396 2.28345323 0.34200001
v -4.72385409 2.28845323 0.34200001
v -5.51585391 2.67945320 0.34200001
v -5.31085398 2.14645324 0.34200001
v -5.48185399 2.69345326 0.34200001
v -5.16585400 2.17745323 0.34200001
v -5.08085396 2.19445324 0.34200001
v -5.00185397 2.21345324 0.34200001
v -4.96785405 2.22245324 0.34200001
v -4.93785408 2.23245323 0.34200001
v -5.58585408 2.64645321 0.34200001
v -5.37885406 2.12645323 0.34200001
v -5.56185391 2.65745324 0.34200001
v -5.61085394 2.63545323 0.34200001
v -5.54085400 2.66845322 0.34200001
v -5.63485410 2.62545324 0.34200001
v -5.66085413 2.61545325 0.34200001
v -5.44485405 2.10245324 0.34200001
v -5.70785406 2.59945322 0.34200001
v -5.50685408 2.07545323 0.34200001
v -5.68485406 2.60745323 0.34200001
v -5.68285396 1.97245324 0.34200001
v -5.62685397 2.01045323 0.34200001
v -5.92885401 2.54045320 0.34200001
v -5.83585408 2.56645322 0.34200001
v -5.70085409 1.96145323 0.34200001
v -5.72285392 1.95045323 0.34200001
v -6.00885394 2.51745326 0.34200001
v -5.74585393 1.93945322 0.34200001
v -5.56785395 2.04445324 0.34200001
v -5.77185395 1.92945323 0.34200001
v -5.79885390 1.91845324 0.34200001
v -5.82585409 1.91045324 0.34200001
v -5.72885397 2.59445322 0.34200001
v -5.85185411 1.90345324 0.34200001
v -6.48085406 5.53045327 0.34200001
v -5.99485400 5.16545326 0.34200001
v -6.53685382 5.47145325 0.34200001
v -6.12985423 5.01145322 0.34200001
v -6.60885384 5.40245325 0.34200001
v -6.68185380 5.33245332 0.34200001
v -6.30785420 4.83245332 0.34200001
v -6.64285424 5.37045318 0.34200001
v -6.72585395 5.29145319 0.34200001
v -6.81785395 5.20245320 0.34200001
v -6.77085402 5.24845321 0.34200001
v -6.90785411 5.11445314 0.34200001
v -6.53685382 4.61745316 0.34200001
v -6.86385396 5.15845329 0.34200001
v -6.98485425 5.03745324 0.34200001
v -6.94785407 5.07545335 0.34200001
v -7.14885380 4.89145333 0.34200001
v -7.16785386 4.88445312 0.34200001
v -6.79985383 4.34645325 0.34200001
v -7.18285420 4.87445313 0.34200001
v -7.22785380 4.83745319 0.34200001
v -7.20285418 4.85845334 0.34200001
v -7.25685408 4.81245333 0.34200001
v -7.28785422 4.78345329 0.34200001
v -6.84285405 4.30745322 0.34200001
v -7.32085421 4.75245315 0.34200001
v -6.85585406 4.29645330 0.34200001
v -7.35485413 4.71745331 0.34200001
v -6.89485409 4.25845320 0.34200001
v -7.08485415 4.94245321 0.34200001
v -6.64685395 4.50845320 0.34200001
v -7.05485394 4.96945316 0.34200001
v -6.72085383 4.43045313 0.34200001
v -7.13385394 4.90245325 0.34200001
v -6.59685424 4.55945331 0.34200001
v -7.02085402 5.00245315 0.34200001
v -6.69485381 4.45845324 0.34200001
v -7.11285403 4.91945321 0.34200001
v -6.56885388 4.58645326 0.34200001
v -6.74785378 4.40045316 0.34200001
v -6.75885394 4.38845331 0.34200001
v -6.87085393 4.28145320 0.34200001
v -6.82885411 4.31945330 0.34200001
v -6.77185395 4.37445313 0.34200001
v -7.50485423 4.56645328 0.34200001
v -6.96185401 4.19445330 0.34200001
v -6.92585423 4.22945315 0.34200001
v -7.26485398 3.89745313 0.34200001
v -7.20885422 3.95145327 0.34200001
v -7.69785407 4.35445315 0.34200001
v -7.61685422 4.44745333 0.34200001
v -7.09285405 4.06545312 0.34200001
v -7.75085404 4.27945334 0.34200001
v -7.77985385 4.21745331 0.34200001
v -7.00285390 4.15445334 0.34200001
v -7.14085391 4.01945311 0.34200001
v -7.04685404 4.11145312 0.34200001
v -7.31085398 3.85745317 0.34200001
v -7.76785424 4.03145320 0.34200001
v -7.34885409 3.82745320 0.34200001
v -7.78485396 4.09945328 0.34200001
v -7.78985407 4.15945322 0.34200001
v -7.38185408 3.80745322 0.34200001
v -7.69385388 3.88745314 0.34200001
v -7.65785411 3.85245330 0.34200001
v -7.72485402 3.92845327 0.34200001
v -7.74985411 3.97645313 0.34200001
v -7.61785414 3.82445318 0.34200001
v -7.57385399 3.80445320 0.34200001
v -7.52485421 3.79145319 0.34200001
v -7.47385409 3.78745324 0.34200001
v -7.44185403 3.78845317 0.34200001
v -7.41185382 3.79445321 0.34200001
v -10.07185414 5.90545303 0.34200001
v -9.63385394 5.43945319 0.34200001
v -10.20185425 5.58145315 0.34200001
v -9.65885403 5.37945325 0.34200001
v -9.53285411 5.60745317 0.34200001
v -9.52385380 5.61545331 0.34200001
v -9.55385401 5.58645326 0.34200001
v -7.88185408 6.86145336 0.00000000
v -8.02485421 7.42845327 0.00000000
v -7.95385411 7.43745310 0.00000000
v -7.76285412 6.87945301 0.00000000
v -7.84785416 7.44445307 0.00000000
v -0.60485401 -4.01654690 0.34200001
v -0.56485405 -4.11654680 0.34200001
v -6.59585383 6.54745323 0.00000000
v -6.63285401 6.58345300 0.00000000
v -6.21285393 7.00745327 0.00000000
v -0.52785399 -4.19554680 0.34200001
v -6.52885392 6.48345310 0.00000000
v -0.49585405 -4.24754685 0.34200001
v -0.48085406 -4.26854675 0.34200001
v -5.88385394 6.57345325 0.00000000
v -5.88085392 6.56245310 0.00000000
v -6.40085414 6.35345346 0.00000000
v -6.49885419 6.45745308 0.00000000
v -6.36685422 7.12545330 0.00000000
v -6.31185391 7.08445341 0.00000000
v -6.70485404 6.65345318 0.00000000
v -5.94085410 6.71845323 0.00000000
v -5.92485383 6.69445307 0.00000000
v -0.46085396 -4.29854696 0.34200001
v -0.43785396 -4.33554667 0.34200001
v -0.41185405 -4.38054674 0.34200001
v -6.47985413 7.20245344 0.00000000
v -0.38485398 -4.42954701 0.34200001
v -6.77185395 6.71045334 0.00000000
v -6.25985387 7.04445345 0.00000000
v -6.42385390 7.16545326 0.00000000
v 1.53314588 -5.46654671 0.34200001
v 1.56714604 -5.49354666 0.34200001
v 1.44714591 -5.39454668 0.34200001
v 1.46114609 -5.40754669 0.34200001
v 1.50414607 -5.44254654 0.34200001
v 1.47914598 -5.42254656 0.34200001
v -5.87685397 6.55245334 0.00000000
v -6.35885384 5.87245304 0.00000000
v -5.77585390 5.73645336 0.00000000
v -8.70285418 7.20645315 0.00000000
v -8.56485417 7.25945312 0.00000000
v -8.37785390 6.67545301 0.00000000
v -8.41685393 6.65745336 0.00000000
v -8.45285418 6.63945324 0.00000000
v -8.48785403 6.62445337 0.00000000
v -8.52085402 6.61045343 0.00000000
v -8.24585393 6.73945314 0.00000000
v -8.82585385 7.15745336 0.00000000
v -8.41985419 7.31145317 0.00000000
v -8.12085393 6.79145319 0.00000000
v -8.54885390 6.59845335 0.00000000
v -8.63285401 6.57545311 0.00000000
v -8.67885401 6.55145342 0.00000000
v -8.92185404 7.11245329 0.00000000
v -8.57385399 6.59045345 0.00000000
v -8.59185412 6.58545334 0.00000000
v -8.60385420 6.58345300 0.00000000
v -9.18785384 6.12345344 0.00000000
v -9.22085383 6.09045345 0.00000000
v -9.65085414 6.52145321 0.00000000
v -8.80185416 6.47345335 0.00000000
v -8.86785414 6.42445309 0.00000000
v -9.17585423 6.93845302 0.00000000
v -8.98485425 7.07745344 0.00000000
v -9.07885411 7.01045305 0.00000000
v -8.73685410 6.51645309 0.00000000
v -8.98985388 6.32645304 0.00000000
v -9.03585389 6.28345329 0.00000000
v -9.45385411 6.71045334 0.00000000
v -9.15385392 6.15845329 0.00000000
v -9.59985402 6.57545311 0.00000000
v -9.11785414 6.19645340 0.00000000
v -9.07785418 6.23745329 0.00000000
v -9.53285411 6.63945324 0.00000000
v -8.93285420 6.37545330 0.00000000
v -9.27285388 6.86245329 0.00000000
v -9.36585381 6.78545315 0.00000000
v -9.25185397 6.06145317 0.00000000
v -9.28185418 6.03245336 0.00000000
v -9.70085385 6.46445305 0.00000000
v -9.72485402 6.43645317 0.00000000
v -9.30985406 6.00645334 0.00000000
v -9.32585385 5.98845321 0.00000000
v -9.77185395 6.38245327 0.00000000
v -9.34385398 5.96545345 0.00000000
v -9.79185393 6.35945303 0.00000000
v -9.51385405 5.62845332 0.34200001
v -9.50385382 5.64645321 0.34200001
v -9.49185422 5.66845328 0.34200001
v -9.47985413 5.69345314 0.34200001
v -9.46685412 5.72145302 0.34200001
v -9.45485404 5.75045330 0.34200001
v -9.44385388 5.78045303 0.34200001
v -10.16385415 5.68845302 0.34200001
v -9.74885419 6.40945322 0.00000000
v -9.80985406 6.33845312 0.00000000
v -9.76085379 4.96845323 0.34200001
v -10.36085370 4.92145330 0.34200001
v -9.76385405 4.88645322 0.34200001
v -9.74285414 5.11445314 0.34200001
v -10.31685403 5.17345316 0.34200001
v -9.74985411 5.08345324 0.34200001
v -9.73485425 5.13245327 0.34200001
v -10.28585389 5.30345327 0.34200001
v -9.44385388 5.78045303 0.00000000
v -9.45485404 5.75045330 0.00000000
v -10.02185395 6.00845320 0.00000000
v -9.69885399 5.23645312 0.34200001
v -9.69985392 5.22045333 0.34200001
v -9.70185378 5.20645315 0.34200001
v -9.43085387 5.81245310 0.00000000
v -9.41585400 5.84445316 0.00000000
v -9.97085431 6.10545332 0.00000000
v -9.71985390 5.15145332 0.34200001
v -9.72685387 5.14045317 0.34200001
v -9.71385386 5.16345317 0.34200001
v -9.70885422 5.17745334 0.34200001
v -9.70485404 5.19145328 0.34200001
v -9.69385388 5.27245313 0.34200001
v -9.67985394 5.32245333 0.34200001
v -10.24685433 5.43845326 0.34200001
v -9.91885426 6.19145328 0.00000000
v -9.86985400 6.26445324 0.00000000
v -9.38085415 5.90945322 0.00000000
v -9.39885380 5.87745315 0.00000000
v -2.13385400 -1.38754671 0.00000000
v -2.12885402 -1.36154669 0.00000000
v -9.82485392 6.32145340 0.00000000
v -9.36285403 5.93845302 0.00000000
v -9.65585377 3.78345329 0.34200001
v -10.14385369 3.43445319 0.34200001
v -9.63785412 3.75345332 0.34200001
v -9.67485383 3.81345326 0.34200001
v -10.18385365 3.53045327 0.34200001
v -9.76685383 3.95145327 0.34200001
v -10.24385407 3.69845325 0.34200001
v -2.04585401 -1.32954686 0.00000000
v -2.01585401 -1.35554689 0.00000000
v -6.48085406 5.53045327 0.00000000
v -6.43785384 5.58245332 0.00000000
v -5.99485400 5.16545326 0.00000000
v -5.89885380 5.30445320 0.00000000
v -6.53685382 5.47145325 0.00000000
v -6.12985423 5.01145322 0.00000000
v -6.40685418 5.63145334 0.00000000
v -9.62185385 3.72245318 0.34200001
v -10.37985375 4.32345325 0.34200001
v -10.37385419 4.23845321 0.34200001
v -9.76685383 4.66445333 0.34200001
v -9.76585391 4.78445322 0.34200001
v -10.37385419 4.79545314 0.34200001
v -9.75485423 5.03445322 0.34200001
v -10.34185364 5.04745323 0.34200001
v 1.36114595 -5.34554690 0.34200001
v 1.35114596 -5.34554690 0.34200001
v 0.10414598 -10.54254692 0.00000000
v 0.02514598 -10.52454632 0.00000000
v 0.04014597 -10.52854698 0.00000000
v 0.15014598 -10.51654690 0.00000000
v -1.94385401 -1.38554686 0.00000000
v 0.11614594 -10.53954666 0.00000000
v 1.33414600 -5.34254664 0.34200001
v 1.34214589 -5.34454697 0.34200001
v 1.32014606 -5.33554667 0.34200001
v 0.00914595 -10.52154701 0.00000000
v 0.05414603 -10.53154724 0.00000000
v 0.06614599 -10.53554695 0.00000000
v -0.00785401 -10.51954716 0.00000000
v 1.38714597 -5.35554665 0.34200001
v 1.40214608 -5.36254662 0.34200001
v -1.94785401 -1.18854683 0.00000000
v -0.06485405 -10.51854675 0.00000000
v -0.05285397 -10.51754635 0.00000000
v -0.02285400 -10.51754635 0.00000000
v -1.96485401 -1.18454688 0.00000000
v 1.22614596 -5.25054663 0.34200001
v 1.24514601 -5.25954693 0.34200001
v 1.31014607 -5.32554691 0.34200001
v 1.31414602 -5.33054655 0.34200001
v -2.00685401 -1.17554682 0.00000000
v 1.30714605 -5.31854695 0.34200001
v -0.15385404 -10.47454708 0.00000000
v -0.14785400 -10.47754639 0.00000000
v -0.17085400 -10.47554653 0.00000000
v -0.16185405 -10.47354668 0.00000000
v -0.14185395 -10.48354691 0.00000000
v -0.17885401 -10.47954720 0.00000000
v -0.13585403 -10.49154633 0.00000000
v -9.30485394 -4.09554690 0.34200001
v -9.35885384 -4.19454687 0.34200001
v -9.36685422 -4.20754688 0.34200001
v -9.34785416 -4.17654675 0.34200001
v -9.32085421 -4.12554663 0.34200001
v -0.22585406 -10.50954693 0.00000000
v -0.21385398 -10.50354641 0.00000000
v 1.30714605 -5.31254690 0.34200001
v -0.08985403 -10.51554650 0.00000000
v -0.07785406 -10.51754635 0.00000000
v -9.38385394 -4.24454659 0.34200001
v -9.37685397 -4.22354668 0.34200001
v -9.95285370 -4.11254662 0.34200001
v -9.37185385 -4.21454685 0.34200001
v 1.30514595 -5.30554693 0.34200001
v -0.10185399 -10.51254719 0.00000000
v -0.11285403 -10.50854653 0.00000000
v -9.40985396 -4.36054676 0.34200001
v -9.99585393 -4.24454659 0.34200001
v -9.41885378 -4.41254681 0.34200001
v 1.28914592 -5.28954666 0.34200001
v 1.27714608 -5.28054684 0.34200001
v -9.39185383 -4.27554672 0.34200001
v -9.39985421 -4.31454676 0.34200001
v -0.12285402 -10.50354641 0.00000000
v 1.26214597 -5.26954668 0.34200001
v -9.89885380 -3.97754687 0.34200001
v -0.23685398 -10.51054638 0.00000000
v -0.26085403 -10.49954670 0.00000000
v 1.29914591 -5.29854696 0.34200001
v -0.13085404 -10.49754685 0.00000000
v -0.18885400 -10.48554676 0.00000000
v 1.43214605 -5.38254660 0.34200001
v -10.02985432 -4.37154692 0.34200001
v -6.59585383 -4.57854670 0.34200001
v -6.62385419 -4.52954691 0.34200001
v -7.20085385 -4.79754656 0.34200001
v -7.20985415 -4.76354664 0.34200001
v -0.20085397 -10.49354714 0.00000000
v -6.65685418 -4.47054690 0.34200001
v -6.69285395 -4.40154665 0.34200001
v -7.23485425 -4.70254677 0.34200001
v 1.37314603 -5.35054653 0.34200001
v -7.27185395 -4.62254685 0.34200001
v -0.69785407 -10.19054669 0.00000000
v -0.85885396 -10.61554688 0.00000000
v -0.71785405 -10.17154663 0.00000000
v -7.19985392 -4.81154698 0.34200001
v -6.56885388 -4.62054699 0.34200001
v -0.58985403 -10.34754723 0.00000000
v -0.60185399 -10.33354634 0.00000000
v -6.66985419 -5.32454699 0.34200001
v -6.57085421 -5.29254692 0.34200001
v -6.78385403 -5.31554669 0.34200001
v -6.49285414 -5.22754687 0.34200001
v -6.43685391 -5.13754671 0.34200001
v -6.40885403 -5.02954691 0.34200001
v -6.83285382 -5.29854696 0.34200001
v -6.95185378 -5.21254700 0.34200001
v -6.91585400 -5.24754685 0.34200001
v -6.41085389 -4.91254681 0.34200001
v -6.98485425 -5.17054671 0.34200001
v -6.87585404 -5.27554672 0.34200001
v -7.19585421 -4.82454699 0.34200001
v -7.19085410 -4.83654659 0.34200001
v -7.18485406 -4.84754675 0.34200001
v -7.16785386 -4.86554688 0.34200001
v -7.15785411 -4.87154692 0.34200001
v -7.17685416 -4.85754698 0.34200001
v 1.97614596 1.18145323 0.00000000
v 1.97114608 1.18745322 0.34200001
v 1.97614596 1.18145323 0.34200001
v -7.11085417 -4.90354698 0.34200001
v -7.09885409 -4.91954678 0.34200001
v -7.13585379 -4.88054674 0.34200001
v -7.12385419 -4.88954657 0.34200001
v -7.08685401 -4.93854683 0.34200001
v -6.54385378 -4.65554684 0.34200001
v -7.14685395 -4.87554663 0.34200001
v -7.07585385 -4.96054667 0.34200001
v -7.06685403 -4.98354691 0.34200001
v -6.51885417 -4.68454664 0.34200001
v -6.44685414 -4.79554671 0.34200001
v 2.05014608 1.28245324 0.00000000
v 2.06214592 1.25245324 0.00000000
v 2.05014608 1.28245324 0.34200001
v 2.06714604 1.23945323 0.00000000
v 2.06214592 1.25245324 0.34200001
v -6.57885411 2.32745320 0.34200001
v -6.71185401 2.29445321 0.34200001
v -6.58785393 1.71345323 0.34200001
v -6.87985423 2.25545323 0.34200001
v -6.83885386 1.68845323 0.34200001
v -6.38685420 1.74845323 0.34200001
v -6.26085379 1.78845323 0.34200001
v -6.47385409 2.35345322 0.34200001
v -6.22885420 1.80245323 0.34200001
v -6.18985417 1.81845323 0.34200001
v -6.39385417 2.37445325 0.34200001
v -6.33485415 2.39145321 0.34200001
v -6.09585383 1.84845323 0.34200001
v -6.04285386 1.86345323 0.34200001
v -6.29085400 2.40745324 0.34200001
v -6.14485409 1.83345323 0.34200001
v 2.02014611 1.17545322 0.34200001
v -6.17785409 2.46245325 0.34200001
v -6.21185401 2.44745321 0.34200001
v -5.98785403 1.87645323 0.34200001
v -6.13285401 2.47945321 0.34200001
v -5.93285420 1.88845324 0.34200001
v -1.90285401 -1.24354666 0.00000000
v -6.07685378 2.49645323 0.34200001
v -6.23685410 2.43345321 0.34200001
v -5.87685397 1.89845323 0.34200001
v -6.26085379 2.42045326 0.34200001
v -1.90485401 -1.20754688 0.00000000
v 2.02014611 1.17545322 0.00000000
v 2.00914595 1.17245323 0.34200001
v -1.91185401 -1.20254677 0.00000000
v -1.92085401 -1.19654673 0.00000000
v -8.12885382 2.33245326 0.34200001
v -8.20685389 1.73945323 0.34200001
v -7.92985394 2.28745324 0.34200001
v 2.00014589 1.17245323 0.34200001
v 2.00014589 1.17245323 0.00000000
v 2.00914595 1.17245323 0.00000000
v 1.99014590 1.17445323 0.34200001
v 1.99014590 1.17445323 0.00000000
v -1.93385401 -1.19254678 0.00000000
v -7.04785397 2.23045326 0.34200001
v -7.47585395 2.23245323 0.34200001
v -7.70785382 2.25445325 0.34200001
v -7.67485383 1.66545323 0.34200001
v -7.90685418 1.67845323 0.34200001
v 1.98314593 1.17645324 0.34200001
v 2.02414605 1.35645322 0.00000000
v -8.95785382 2.81045324 0.34200001
v -8.97785380 2.82345325 0.34200001
v -9.26385405 2.31045324 0.34200001
v -8.99385407 2.83245320 0.34200001
v -9.00285390 2.83545322 0.34200001
v -9.34485390 2.37845320 0.34200001
v -9.01285412 2.83845324 0.34200001
v -1.90085401 -1.21154683 0.00000000
v -8.93385413 2.79245323 0.34200001
v -9.41585400 2.44245321 0.34200001
v -9.04185393 2.85845322 0.34200001
v -8.90685418 2.77145321 0.34200001
v 2.01414606 1.38445324 0.00000000
v -9.56185391 3.52045328 0.34200001
v -9.87185385 2.97045321 0.34200001
v -9.55585387 3.51945323 0.34200001
v -9.54985383 3.51645321 0.34200001
v -9.54285386 3.50845320 0.34200001
v 2.04314611 1.30445323 0.00000000
v -1.90385401 -1.25454682 0.00000000
v -1.90485401 -1.26854675 0.00000000
v -9.53185418 3.49545318 0.34200001
v -9.51985409 3.47845322 0.34200001
v 2.06714604 1.23945323 0.34200001
v -9.41085389 3.28845329 0.34200001
v -9.39285424 3.26045329 0.34200001
v -9.84785416 2.92945320 0.34200001
v 2.07114599 1.22745324 0.34200001
v 2.07114599 1.22745324 0.00000000
v 2.07114599 1.21645323 0.00000000
v 2.07114599 1.21645323 0.34200001
v -9.42885401 3.31845326 0.34200001
v -7.05785420 -5.00854700 0.34200001
v 2.06414602 1.19845322 0.34200001
v 2.06414602 1.19845322 0.00000000
v 2.05614588 1.19045324 0.34200001
v 2.05614588 1.19045324 0.00000000
v -9.50685408 3.45745320 0.34200001
v -9.49185422 3.43445319 0.34200001
v 2.04514596 1.18445322 0.00000000
v -7.01285412 -5.12354677 0.34200001
v -7.03685382 -5.06954687 0.34200001
v -9.47685387 3.40845317 0.34200001
v -9.46185401 3.37945325 0.34200001
v -9.44585421 3.34945328 0.34200001
v -0.65985396 -10.23254650 0.00000000
v -0.67785397 -10.21154659 0.00000000
v -0.73885396 -10.15354698 0.00000000
v -0.64485397 -10.25354641 0.00000000
v -0.63285401 -10.27354687 0.00000000
v -0.62385407 -10.29154652 0.00000000
v -0.76085403 -10.13654679 0.00000000
v -0.61285403 -10.31554669 0.00000000
v -0.78085401 -10.12254685 0.00000000
v -9.46685412 -4.83254688 0.34200001
v -10.08185437 -4.91554659 0.34200001
v -9.46585419 -4.89954680 0.34200001
v -9.44985392 -4.61854666 0.34200001
v -10.07185414 -4.63154667 0.34200001
v -9.45785382 -4.69654673 0.34200001
v -9.46385386 -4.76654690 0.34200001
v -9.56985381 3.53245324 0.34200001
v -10.09985402 3.33845324 0.34200001
v -9.56685403 3.52545327 0.34200001
v -0.53985396 -10.36654633 0.00000000
v -0.51485398 -10.36754673 0.00000000
v -0.57585397 -10.35754650 0.00000000
v -9.57385399 3.54245323 0.34200001
v -10.05385354 3.24845321 0.34200001
v -10.00985387 3.16845328 0.34200001
v -9.57685378 3.55445320 0.34200001
v -0.45485404 -10.36454647 0.00000000
v -0.48385396 -10.36654633 0.00000000
v -0.42985406 -10.36654633 0.00000000
v -0.40785399 -10.37054699 0.00000000
v -9.42785409 -4.46954697 0.34200001
v -9.43785384 -4.52954691 0.34200001
v -10.05585435 -4.49954670 0.34200001
v -10.08185437 -4.76854675 0.34200001
v -9.57985404 3.59645325 0.34200001
v -9.57985404 3.58145327 0.34200001
v -9.58185389 3.61445326 0.34200001
v -9.58685401 3.63745326 0.34200001
v -9.39385417 -5.41654700 0.34200001
v -9.40485385 -5.37654656 0.34200001
v -10.00585415 -5.59054678 0.34200001
v -0.38785401 -10.37754696 0.00000000
v -0.36885395 -10.38754719 0.00000000
v -0.35085406 -10.40354698 0.00000000
v -0.33185401 -10.42254704 0.00000000
v -0.31185403 -10.44654720 0.00000000
v -0.29185405 -10.46954697 0.00000000
v -0.27585402 -10.48754662 0.00000000
v -9.91285374 3.02845318 0.34200001
v -9.89985421 3.01045329 0.34200001
v -9.97085431 3.10345322 0.34200001
v -9.57885411 3.56645328 0.34200001
v -9.59685424 3.66345329 0.34200001
v -9.60785391 3.69245321 0.34200001
v -1.05485400 -9.83154648 0.00000000
v -9.70685389 2.73245317 0.34200001
v -9.66785386 2.69145328 0.34200001
v -9.25085404 3.09145326 0.34200001
v -9.34185412 3.19045324 0.34200001
v -9.35785391 3.20945317 0.34200001
v -9.78385403 2.82545323 0.34200001
v -9.12885382 2.94645328 0.34200001
v -9.15185406 2.97545320 0.34200001
v -9.55385401 2.60045320 0.34200001
v -9.17585423 3.00445325 0.34200001
v -9.56385424 2.61145324 0.34200001
v -9.54285386 2.58645320 0.34200001
v -9.57385399 2.61945326 0.34200001
v -9.57985404 2.62545324 0.34200001
v -9.20085385 3.03445322 0.34200001
v -9.22585395 3.06345326 0.34200001
v -9.74585393 2.77845318 0.34200001
v -9.29485419 3.13945324 0.34200001
v -9.31285384 3.15945322 0.34200001
v -9.32785418 3.17445320 0.34200001
v -9.83885386 2.90945322 0.34200001
v -9.37485411 3.23345322 0.34200001
v -9.92485383 3.04445321 0.34200001
v -9.93685391 3.05845327 0.34200001
v -1.07185402 -9.74254673 0.00000000
v -1.06385400 -9.76254719 0.00000000
v -1.05785402 -9.78254669 0.00000000
v -9.81485417 2.87045318 0.34200001
v -9.27385380 3.11745328 0.34200001
v -9.63285401 2.65745324 0.34200001
v -9.60485413 2.63545323 0.34200001
v -9.58585408 2.62645323 0.34200001
v -8.28785422 2.38445324 0.34200001
v -8.34085419 1.78045323 0.34200001
v -8.89585402 2.03145323 0.34200001
v -8.88885405 2.01945323 0.34200001
v -8.48185399 2.48645324 0.34200001
v -8.90385392 2.04445324 0.34200001
v -8.50485423 2.49645323 0.34200001
v -8.55085423 2.51145322 0.34200001
v -8.91385415 2.05645323 0.34200001
v -8.57685378 2.52045322 0.34200001
v -8.60585406 2.53445322 0.34200001
v -8.63885405 2.55345321 0.34200001
v -8.92485383 2.06745324 0.34200001
v -8.95085385 2.08745322 0.34200001
v -8.67385390 2.57545323 0.34200001
v -8.96485379 2.09445322 0.34200001
v -8.70885422 2.60145325 0.34200001
v -9.02385380 2.13045323 0.34200001
v -8.74485400 2.62945325 0.34200001
v -8.78085377 2.65845323 0.34200001
v -9.09785416 2.18145323 0.34200001
v -8.81585410 2.68945319 0.34200001
v -9.17985394 2.24345321 0.34200001
v -8.84685424 2.71845323 0.34200001
v -8.88385394 2.00845323 0.34200001
v -8.43985417 2.46845323 0.34200001
v -8.45985415 2.47845322 0.34200001
v -8.87785390 2.74645323 0.34200001
v -9.06085398 2.87645323 0.34200001
v -8.07785418 1.70445323 0.34200001
v -1.21985402 -9.47054642 0.00000000
v -1.11485400 -9.67354649 0.00000000
v -1.09785398 -9.69754666 0.00000000
v -8.70885422 1.91345323 0.34200001
v -8.59885409 1.87045323 0.34200001
v -8.39285424 2.44245321 0.34200001
v -1.12985399 -9.65254658 0.00000000
v -8.85885384 1.98545322 0.34200001
v -8.79785397 1.95245323 0.34200001
v -8.40485385 2.45045323 0.34200001
v -8.42085412 2.45945323 0.34200001
v -8.47485402 1.82445323 0.34200001
v -9.51785424 2.55545325 0.34200001
v -9.50585415 2.53745324 0.34200001
v -9.08185389 2.89645321 0.34200001
v -9.10485413 2.92045326 0.34200001
v -9.53085377 2.57245321 0.34200001
v -1.15785399 -9.61054676 0.00000000
v -9.47185424 2.49645323 0.34200001
v -9.02485421 2.84645325 0.34200001
v -1.08385399 -9.72054642 0.00000000
v 1.60614607 -10.27154701 0.00000000
v 1.63214609 -10.26154679 0.00000000
v 1.65414593 -10.25554722 0.00000000
v 1.58014605 -10.28254669 0.00000000
v 1.55114601 -10.29954689 0.00000000
v 1.49314592 -10.33754700 0.00000000
v 1.52214596 -10.31754654 0.00000000
v 1.46414587 -10.36054676 0.00000000
v 1.43414590 -10.38454693 0.00000000
v -10.34485390 4.07045323 0.34200001
v -10.36285355 4.15645320 0.34200001
v -10.32085374 3.97045333 0.34200001
v -10.28685429 3.84845335 0.34200001
v -10.21785405 3.61845321 0.34200001
v -10.38085415 4.66645319 0.34200001
v 8.44914577 -1.26054686 0.34200001
v 8.41414592 -1.24554675 0.34200001
v 8.16314552 -1.85254687 0.34200001
v 8.47614620 -1.27254670 0.34200001
v 8.32414577 -1.21654671 0.34200001
v 8.37214610 -1.23154681 0.34200001
v 8.16014621 -1.17654675 0.34200001
v 8.00114581 -1.79554671 0.34200001
v 8.27214572 -1.20254677 0.34200001
v 8.10814617 -1.83454674 0.34200001
v 9.69114635 -2.30454677 0.34200001
v 9.19214580 -2.67154663 0.34200001
v 9.69814632 -2.31154674 0.34200001
v 9.68014572 -2.29154676 0.34200001
v 9.66514633 -2.27354687 0.34200001
v 9.72914646 -2.34554690 0.34200001
v 9.42314575 -1.97154682 0.34200001
v 9.06414554 -2.47654694 0.34200001
v 9.49314639 -2.05254667 0.34200001
v 2.06814597 1.20645324 0.34200001
v 9.81814620 -2.49654692 0.34200001
v 9.77014587 -2.40954655 0.34200001
v 9.23614642 -2.75654667 0.34200001
v 9.37514636 -3.01354664 0.34200001
v 9.38214633 -3.02854698 0.34200001
v 9.92014644 -2.71454685 0.34200001
v 9.55514572 -2.13254684 0.34200001
v 9.58014629 -2.16554683 0.34200001
v 9.10214565 -2.52354687 0.34200001
v 9.60414646 -2.19654673 0.34200001
v 1.97114608 1.18745322 0.00000000
v 1.96714589 1.19645322 0.34200001
v 1.96714589 1.19645322 0.00000000
v 8.96214626 -1.58754676 0.34200001
v 8.69314620 -2.13454669 0.34200001
v 8.98714588 -1.59954684 0.34200001
v 1.96314595 1.20045323 0.34200001
v 1.96314595 1.20045323 0.00000000
v 8.91314552 -1.55654686 0.34200001
v 8.61614559 -2.07154673 0.34200001
v 9.11914585 -1.68754667 0.34200001
v 9.04914615 -1.63754671 0.34200001
v 8.77314613 -2.20754688 0.34200001
v 9.19414565 -1.74754685 0.34200001
v 8.89014575 -1.54054683 0.34200001
v 8.53614566 -2.01554673 0.34200001
v 8.86914585 -1.52354687 0.34200001
v 8.83714626 -1.49454683 0.34200001
v 8.82714603 -1.48154681 0.34200001
v 8.45414588 -1.96754687 0.34200001
v 8.85114620 -1.50854676 0.34200001
v 8.81614635 -1.46954673 0.34200001
v 8.80414626 -1.45554679 0.34200001
v 8.78714607 -1.44154685 0.34200001
v 8.76914642 -1.42754667 0.34200001
v 8.74814556 -1.41354674 0.34200001
v 8.72714565 -1.40054672 0.34200001
v 8.70514629 -1.38854688 0.34200001
v 1.19714591 -10.48054665 0.00000000
v 9.34814594 -1.89154666 0.34200001
v 9.27114627 -1.81654685 0.34200001
v 8.85614631 -2.29354685 0.34200001
v 8.88814590 -2.32654684 0.34200001
v 8.91914604 -2.35854691 0.34200001
v 8.94814632 -2.38654679 0.34200001
v 8.97414634 -2.41154688 0.34200001
v 8.99714610 -2.43154686 0.34200001
v 0.65114591 -10.61054676 0.00000000
v 8.36514613 -1.92654675 0.34200001
v 8.63514564 -1.35354679 0.34200001
v 0.71114609 -10.60854691 0.00000000
v 0.75714609 -10.60554665 0.00000000
v 8.60814617 -1.34054678 0.34200001
v 8.58014629 -1.32554668 0.34200001
v 8.27014587 -1.88854688 0.34200001
v 8.49814556 -1.28454679 0.34200001
v 8.10314605 -1.16554683 0.34200001
v 0.79214594 -10.59954708 0.00000000
v 7.94514606 -1.13354676 0.34200001
v 7.78814552 -1.69454687 0.34200001
v 7.99614570 -1.14354675 0.34200001
v 8.04914615 -1.15554684 0.34200001
v 7.89914558 -1.12254685 0.34200001
v 7.75814578 -1.68154686 0.34200001
v 7.85814617 -1.11254686 0.34200001
v 7.72314594 -1.67254680 0.34200001
v 7.81514594 -1.71054667 0.34200001
v 7.83714626 -1.72354668 0.34200001
v 7.82414577 -1.10254687 0.34200001
v 7.67714641 -1.66354674 0.34200001
v 7.79914615 -1.09454673 0.34200001
v 7.76414630 -1.08154672 0.34200001
v 7.62014625 -1.65754669 0.34200001
v 7.78214595 -1.08854669 0.34200001
v 7.73314617 -1.07454675 0.34200001
v 7.69014594 -1.06854671 0.34200001
v 7.63814590 -1.06254667 0.34200001
v 7.51114604 -1.05154675 0.34200001
v 7.46114585 -1.65054672 0.34200001
v 7.57714603 -1.05654686 0.34200001
v 7.44014594 -1.04754680 0.34200001
v 7.36614559 -1.04454678 0.34200001
v 7.35414646 -1.64754670 0.34200001
v 6.36514613 -1.80554670 0.34200001
v 6.44314620 -1.78054684 0.34200001
v 8.05314586 -1.81554669 0.34200001
v 7.90614555 -1.75754684 0.34200001
v 7.54914615 -1.65354675 0.34200001
v -0.55985406 -10.36354702 0.00000000
v 7.06814620 -1.04554671 0.34200001
v 7.19614646 -1.64654678 0.34200001
v 7.21614597 -1.04154676 0.34200001
v -0.24785402 -10.50754708 0.00000000
v 7.86814639 -1.73954671 0.34200001
v 6.63114593 -1.70454686 0.34200001
v 6.67114589 -1.68754667 0.34200001
v 6.48514602 -1.13254684 0.34200001
v 6.72114608 -1.67354673 0.34200001
v 6.63014552 -1.10154670 0.34200001
v 6.77514598 -1.07554668 0.34200001
v 6.78214595 -1.66254681 0.34200001
v 6.85814617 -1.65454667 0.34200001
v 6.92114589 -1.05754679 0.34200001
v 6.95014617 -1.64954680 0.34200001
v 7.06214568 -1.64654678 0.34200001
v -2.70785400 1.78345323 0.00000000
v 9.64614627 -2.25154679 0.34200001
v 9.36714599 -3.00354689 0.34200001
v 9.86914585 -2.59954661 0.34200001
v 9.62614581 -2.22554677 0.34200001
v 9.14514587 -2.59154671 0.34200001
v -2.22385400 2.51145322 0.00000000
v 10.06514594 -3.10754698 0.34200001
v 10.05614612 -3.07754677 0.34200001
v 9.49314639 -3.33454674 0.34200001
v 10.04814575 -3.05454701 0.34200001
v 9.46614597 -3.28654688 0.34200001
v 10.15914581 -3.52654665 0.34200001
v 10.14514587 -3.40054672 0.34200001
v 9.53114555 -3.50054663 0.34200001
v 10.10614631 -3.24254673 0.34200001
v 9.51514575 -3.40754669 0.34200001
v 10.11614559 -3.27754658 0.34200001
v 10.08414600 -3.17254656 0.34200001
v 10.07414577 -3.13854664 0.34200001
v 10.12614581 -3.31054657 0.34200001
v 9.42314575 -3.19254654 0.34200001
v 9.41614578 -3.16754692 0.34200001
v 9.39614627 -3.06654661 0.34200001
v 9.40114639 -3.09054678 0.34200001
v 10.01314590 -2.94754666 0.34200001
v 9.45714614 -3.27454680 0.34200001
v 9.44714591 -3.25854700 0.34200001
v 9.43914554 -3.23854654 0.34200001
v 9.40614555 -3.11754673 0.34200001
v 9.43014572 -3.21654671 0.34200001
v 9.97014568 -2.83254688 0.34200001
v -2.72285398 1.73445323 0.00000000
v 9.03714607 -2.45954674 0.34200001
v 9.03014610 -2.45654696 0.34200001
v 9.01614616 -2.44654673 0.34200001
v 9.27314613 -2.83754700 0.34200001
v 9.29914615 -2.90554684 0.34200001
v 9.30814597 -2.95354670 0.34200001
v -1.90185401 -1.23154681 0.00000000
v -2.04285401 -1.16154688 0.00000000
v -2.02685400 -1.16954678 0.00000000
v -1.90785401 -1.34354680 0.00000000
v -1.90585401 -1.28354686 0.00000000
v -1.98885401 -1.37354677 0.00000000
v -1.96485401 -1.38354676 0.00000000
v -1.92785401 -1.37954682 0.00000000
v -1.87885401 -0.15054672 0.00000000
v -1.86885401 -0.16054671 0.00000000
v -1.98285401 -1.18054670 0.00000000
v -1.84285401 -0.16254681 0.00000000
v -1.82485401 -0.15654677 0.00000000
v -1.85685401 -0.16454678 0.00000000
v -9.42585423 -5.27154654 0.34200001
v -10.04385426 -5.40454691 0.34200001
v -9.41585400 -5.32754677 0.34200001
v -10.02685406 -5.50054663 0.34200001
v -10.06885388 -5.19354695 0.34200001
v -10.05885365 -5.30354660 0.34200001
v -9.44585421 -5.13454693 0.34200001
v 1.98314593 1.17645324 0.00000000
v -9.43585398 -5.20654696 0.34200001
v -9.45585396 -5.04654663 0.34200001
v -9.46285393 -4.96954697 0.34200001
v -10.07685425 -5.07454699 0.34200001
v -8.97185424 -6.30254667 0.34200001
v -8.99485400 -6.27154654 0.34200001
v -9.51085379 -6.62354630 0.34200001
v -1.89985401 -1.21654671 0.00000000
v -9.59385398 -6.49454659 0.34200001
v -9.04185393 -6.20654696 0.34200001
v -9.06285384 -6.17454689 0.34200001
v -9.08285382 -6.14354675 0.34200001
v -2.88285401 2.16045324 0.00000000
v -2.91685405 2.17545325 0.00000000
v -2.66085401 2.69845325 0.00000000
v -2.63085404 2.68345327 0.00000000
v -2.78385403 2.74445326 0.00000000
v -2.73785403 2.72845322 0.00000000
v -2.60085400 2.67145324 0.00000000
v -8.92485383 -6.35654705 0.34200001
v -9.37785390 -6.80554646 0.34200001
v -8.81085398 -6.47854679 0.34200001
v -9.43685391 -6.73154705 0.34200001
v -8.94785407 -6.33154648 0.34200001
v -2.94985404 2.18145323 0.00000000
v -2.83385399 2.76145322 0.00000000
v -2.93785396 2.79445321 0.00000000
v -2.96485403 2.18245322 0.00000000
v -2.98685398 2.18645323 0.00000000
v -3.05185404 2.20245320 0.00000000
v -3.09085395 2.21245325 0.00000000
v -3.01685395 2.19245321 0.00000000
v 2.06814597 1.20645324 0.00000000
v -9.29885390 -5.69054669 0.34200001
v -9.89485409 -5.89654654 0.34200001
v -9.29285386 -5.71954697 0.34200001
v -9.31185391 -5.59254664 0.34200001
v -9.31885388 -5.56854695 0.34200001
v -9.95285370 -5.75954693 0.34200001
v -9.32685378 -5.54654663 0.34200001
v -9.33585408 -5.52654665 0.34200001
v -9.34585383 -5.50854700 0.34200001
v -9.35685399 -5.49354666 0.34200001
v -9.36985400 -5.47554653 0.34200001
v -9.38185408 -5.45054691 0.34200001
v -9.98185399 -5.67654675 0.34200001
v -3.03585401 2.82045323 0.00000000
v -2.98785403 2.80745322 0.00000000
v -3.17985406 2.23845321 0.00000000
v -3.08185401 2.83045322 0.00000000
v -3.22685399 2.25145323 0.00000000
v -3.13385406 2.22445322 0.00000000
v -3.34785404 2.28545321 0.00000000
v -3.48885396 2.31145323 0.00000000
v -3.24185398 2.87345321 0.00000000
v -9.21485379 -5.90654677 0.34200001
v -9.22885420 -5.88354700 0.34200001
v -9.75385382 -6.22154682 0.34200001
v -9.25485423 -5.83454674 0.34200001
v -9.81785395 -6.10054653 0.34200001
v -9.24185422 -5.86054676 0.34200001
v -3.26985397 2.88245327 0.00000000
v -3.20685401 2.86345321 0.00000000
v -3.16885402 2.85345322 0.00000000
v -3.29185405 2.89145321 0.00000000
v -9.27685406 -5.77754658 0.34200001
v -9.28585389 -5.74754685 0.34200001
v -9.88385441 -5.92654675 0.34200001
v -9.26685383 -5.80654686 0.34200001
v -2.33885401 2.54845322 0.00000000
v -2.31085401 2.53745324 0.00000000
v -2.70785400 1.89645324 0.00000000
v -9.88885358 -5.91254681 0.34200001
v -2.72085401 1.94045324 0.00000000
v -9.87785390 -5.94654673 0.34200001
v -9.86085417 -6.00654667 0.34200001
v -9.87785390 -5.95254677 0.34200001
v -1.88185401 2.62045324 0.00000000
v -2.28285402 2.52845324 0.00000000
v -2.25285401 2.51945323 0.00000000
v -9.91085389 -5.86054676 0.34200001
v -9.91885426 -5.84154671 0.34200001
v -2.41485402 2.58545322 0.00000000
v -2.40185400 2.57745320 0.00000000
v -2.78785398 2.07245324 0.00000000
v -2.42385402 2.59445322 0.00000000
v -2.75985398 2.03245324 0.00000000
v -2.38485398 2.56745321 0.00000000
v -9.30285409 -5.64254683 0.34200001
v -9.30585387 -5.61754673 0.34200001
v -9.29985383 -5.66654700 0.34200001
v -9.88085415 -5.93754690 0.34200001
v -9.09885409 -6.11554688 0.34200001
v -9.11185410 -6.08754700 0.34200001
v -9.67685416 -6.35654705 0.34200001
v -2.36285400 2.55845321 0.00000000
v -9.12885382 -6.05754679 0.34200001
v -9.14585402 -6.02554672 0.34200001
v -9.16385415 -5.99354666 0.34200001
v -2.73785403 1.98845324 0.00000000
v -2.57285401 2.65945322 0.00000000
v -2.54685398 2.64845324 0.00000000
v -2.84985402 2.13745323 0.00000000
v -2.43285402 2.60145325 0.00000000
v -9.18185380 -5.96354693 0.34200001
v -9.19885399 -5.93354672 0.34200001
v -2.52485403 2.63945324 0.00000000
v -2.45385399 2.61445320 0.00000000
v -2.44385400 2.60845322 0.00000000
v -2.50685402 2.63245321 0.00000000
v -2.81785401 2.10845322 0.00000000
v -4.48685410 -6.57354706 0.34200001
v -2.69585403 2.71245319 0.00000000
v -2.48585400 2.62645323 0.00000000
v -2.47985401 2.62545324 0.00000000
v -2.47185400 2.62445325 0.00000000
v -4.52485397 -6.64854687 0.34200001
v -4.53185394 -6.66154640 0.34200001
v -4.54285410 -6.67854660 0.34200001
v -4.55585411 -6.69854706 0.34200001
v -4.57185390 -6.71954697 0.34200001
v -4.59085395 -6.74254673 0.34200001
v -4.61185410 -6.76654690 0.34200001
v -5.22085407 -6.47754639 0.34200001
v -4.68785408 -6.84754723 0.34200001
v -2.70085403 1.82345322 0.00000000
v -2.70185402 1.85945324 0.00000000
v -4.63385394 -6.79054707 0.34200001
v -4.20085409 2.96945328 0.00000000
v -4.04385402 2.97045321 0.00000000
v -4.12985399 2.35245324 0.00000000
v -3.96985390 2.35245324 0.00000000
v -4.75085404 -6.91554707 0.34200001
v -4.71785405 -6.88154667 0.34200001
v -4.78285411 -6.95054691 0.34200001
v -5.25885394 -6.52554672 0.34200001
v -4.81585410 -6.98454636 0.34200001
v -5.31385400 -6.58354634 0.34200001
v -4.84585407 -7.01654690 0.34200001
v -3.80485406 2.34645325 0.00000000
v -3.88785412 2.96645326 0.00000000
v -3.64285400 2.33245326 0.00000000
v -3.65985396 2.94945318 0.00000000
v -3.73785403 2.95745320 0.00000000
v -4.87485411 -7.04654663 0.34200001
v -5.37785390 -6.64654701 0.34200001
v -4.90185406 -7.07554691 0.34200001
v -3.45185402 2.92345328 0.00000000
v -3.58485403 2.94045324 0.00000000
v -3.51485398 2.93245322 0.00000000
v -3.32385399 2.90245325 0.00000000
v -3.30685403 2.89745325 0.00000000
v -3.07285407 -0.68454688 0.00000000
v -3.07585397 -0.64354675 0.00000000
v -3.12585404 2.84145326 0.00000000
v -4.62585404 2.93445319 0.00000000
v -4.49585393 2.95045323 0.00000000
v -4.51885393 2.31345320 0.00000000
v -5.12985399 -7.24354714 0.34200001
v -5.10185411 -7.22854679 0.34200001
v -5.44785407 -6.70754688 0.34200001
v -4.56685403 2.30645323 0.00000000
v -4.61285403 2.30045325 0.00000000
v -4.35285404 2.96245319 0.00000000
v -4.41985395 2.32745320 0.00000000
v -4.73485401 2.91345329 0.00000000
v -3.39785400 2.91645319 0.00000000
v -3.35485401 2.90945322 0.00000000
v -4.91085413 2.85845322 0.00000000
v -4.80585411 2.27945322 0.00000000
v -4.95485404 2.84645325 0.00000000
v -5.00385406 2.83145327 0.00000000
v -4.84685400 2.26845325 0.00000000
v -5.05685403 2.81745321 0.00000000
v -5.22585395 2.77245325 0.00000000
v -5.16885402 2.78845329 0.00000000
v -5.03985407 2.20445324 0.00000000
v -5.76785400 -6.90554684 0.34200001
v -5.32485392 -7.38654679 0.34200001
v -5.74585393 -6.88754719 0.34200001
v -5.78685405 -6.92154663 0.34200001
v -5.82585409 -6.95454663 0.34200001
v -2.76585403 -1.59254687 0.00000000
v -3.07485404 -0.76754683 0.00000000
v -3.07185402 -0.74654668 0.00000000
v -3.07185402 -0.71854680 0.00000000
v -5.08085396 2.19445324 0.00000000
v -5.12285402 2.18645323 0.00000000
v -5.00185397 2.21345324 0.00000000
v -5.11285403 2.80245323 0.00000000
v -4.88285401 2.25645322 0.00000000
v -5.72285392 -6.87254685 0.34200001
v -5.63085392 -6.82554691 0.34200001
v -5.30085399 -7.36254662 0.34200001
v -5.61185410 -6.82054680 0.34200001
v -5.65285399 -6.83454674 0.34200001
v -5.67585399 -6.84454697 0.34200001
v -5.69885399 -6.85854691 0.34200001
v -5.57085397 -6.80054634 0.34200001
v -5.21685412 -7.29454678 0.34200001
v -5.51385405 -6.76054638 0.34200001
v -5.24585393 -7.31554669 0.34200001
v -5.15785411 -7.25654667 0.34200001
v -3.10485401 -0.45154684 0.00000000
v -4.28185394 2.34345323 0.00000000
v -5.18685391 -7.27454632 0.34200001
v -5.06985405 -7.21054714 0.34200001
v -5.03585413 -7.18754643 0.34200001
v -5.00085404 -7.16254681 0.34200001
v -4.96685412 -7.13454693 0.34200001
v -4.93385413 -7.10554665 0.34200001
v -4.82085397 2.88845319 0.00000000
v -4.69285395 2.29145325 0.00000000
v -4.84085395 2.88145322 0.00000000
v -4.65485408 2.29545326 0.00000000
v -4.72385409 2.28845323 0.00000000
v -5.38085392 -7.45154637 0.34200001
v -5.39985397 -7.46954697 0.34200001
v -5.36285403 -7.43154686 0.34200001
v -5.41785410 -7.48554676 0.34200001
v -5.34385398 -7.40954655 0.34200001
v -5.86885407 -6.98754662 0.34200001
v -5.43385413 -7.49854630 0.34200001
v -5.44885399 -7.50754708 0.34200001
v -5.46185401 -7.51454704 0.34200001
v -2.11185401 -1.27254670 0.00000000
v -5.27385404 -7.33954685 0.34200001
v -5.48185399 -7.51854675 0.34200001
v -4.89885404 2.24945325 0.00000000
v -4.91485407 2.24045325 0.00000000
v 1.95714590 1.19945324 0.34200001
v 1.95714590 1.19945324 0.00000000
v -4.86585405 2.26245320 0.00000000
v -4.87185409 2.87045318 0.00000000
v -4.76485398 2.28645325 0.00000000
v -4.78485396 2.28345323 0.00000000
v 1.94914601 1.19345323 0.34200001
v 1.94914601 1.19345323 0.00000000
v 1.93914602 1.18345324 0.00000000
v 1.93914602 1.18345324 0.34200001
v -5.49285391 -7.52254646 0.34200001
v -5.91385415 -7.01654690 0.34200001
v -5.51985409 -7.53754681 0.34200001
v -5.50585392 -7.52954643 0.34200001
v -5.95885422 -7.04454678 0.34200001
v -5.55085399 -7.56054657 0.34200001
v 1.92714593 1.16945321 0.00000000
v 1.92714593 1.16945321 0.34200001
v -5.56485393 -7.57354706 0.34200001
v -5.57885411 -7.58854645 0.34200001
v 1.76914594 0.95445324 0.34200001
v 1.78014610 0.95845324 0.34200001
v 1.76914594 0.95445324 0.00000000
v 1.78014610 0.95845324 0.00000000
v -5.59585407 -7.60354679 0.34200001
v -5.61585405 -7.61854714 0.34200001
v -5.77585390 -7.68054646 0.34200001
v -5.74585393 -7.67454689 0.34200001
v 1.74014590 0.93945325 0.00000000
v 1.74014590 0.93945325 0.34200001
v -5.63785412 -7.63254708 0.34200001
v -5.66285398 -7.64554661 0.34200001
v 1.72214601 0.93045325 0.00000000
v 1.72214601 0.93045325 0.34200001
v 1.70414588 0.92045326 0.00000000
v 1.70414588 0.92045326 0.34200001
v 1.91414592 1.15145320 0.34200001
v 1.91414592 1.15145320 0.00000000
v -5.71785405 -7.66654652 0.34200001
v -5.68985393 -7.65654724 0.34200001
v -5.53585413 -7.54854649 0.34200001
v 1.82714603 1.01045323 0.34200001
v 1.82714603 1.01045323 0.00000000
v 1.81314609 0.99145324 0.00000000
v 1.81314609 0.99145324 0.34200001
v 1.84314606 1.03045321 0.34200001
v 1.80014608 0.97645325 0.00000000
v 1.80014608 0.97645325 0.34200001
v 1.78914592 0.96545321 0.00000000
v 1.78914592 0.96545321 0.34200001
v -1.33985403 -9.09254711 0.34200001
v -1.34185400 -9.02154701 0.34200001
v -1.97085401 -9.21954697 0.34200001
v -1.33485403 -9.17354649 0.34200001
v -1.29585400 -9.39454716 0.34200001
v -6.04185393 -7.08454674 0.34200001
v -6.00185397 -7.06754654 0.34200001
v -6.07585385 -7.09654682 0.34200001
v -5.85085395 -7.69654720 0.34200001
v 1.90114591 1.12945325 0.00000000
v 1.88614604 1.10445321 0.00000000
v 1.88614604 1.10445321 0.34200001
v 1.90114591 1.12945325 0.34200001
v -6.97085383 -7.28254669 0.34200001
v -7.04485419 -7.27954643 0.34200001
v -6.99085381 -7.94654720 0.34200001
v 1.85814593 1.05345321 0.00000000
v 1.84314606 1.03045321 0.00000000
v 1.85814593 1.05345321 0.34200001
v -1.90085401 -1.22354668 0.00000000
v -6.42385390 -7.22354668 0.34200001
v -6.52385380 -7.24054688 0.34200001
v -6.27885392 -7.82754677 0.34200001
v 1.87314603 1.07845325 0.00000000
v 1.87314603 1.07845325 0.34200001
v 1.59014604 0.86845321 0.00000000
v 1.59014604 0.86845321 0.34200001
v 1.61914608 0.87945325 0.34200001
v 1.55514595 0.85845322 0.00000000
v 1.55514595 0.85845322 0.34200001
v -2.05485402 -1.15054672 0.00000000
v -6.12085393 -7.10354679 0.34200001
v -6.11185410 -7.10054653 0.34200001
v -6.15485385 -7.11854714 0.34200001
v -6.14385417 -7.11154717 0.34200001
v -6.16685393 -7.12554711 0.34200001
v -6.17685416 -7.13354653 0.34200001
v -6.18585398 -7.14154690 0.34200001
v -6.05885413 -7.75454682 0.34200001
v -5.94885399 -7.72354668 0.34200001
v -6.21985390 -7.16454666 0.34200001
v -6.17185404 -7.79054707 0.34200001
v -6.33985379 -7.20554703 0.34200001
v 1.51714609 0.84845323 0.00000000
v 1.51714609 0.84845323 0.34200001
v 1.47614596 0.83845324 0.00000000
v 1.47614596 0.83845324 0.34200001
v -6.81385424 -7.94454640 0.34200001
v -6.65585377 -7.93754643 0.34200001
v -6.77085402 -7.26954716 0.34200001
v -6.37185385 -7.86154717 0.34200001
v -1.90585401 -1.31454676 0.00000000
v 1.43514607 0.82945324 0.00000000
v 1.43514607 0.82945324 0.34200001
v -7.16785386 -7.94554680 0.34200001
v 1.39214609 0.82145322 0.00000000
v 1.39214609 0.82145322 0.34200001
v 1.35114596 0.81545324 0.00000000
v 1.35114596 0.81545324 0.34200001
v -6.63985398 -7.25554722 0.34200001
v -7.13385394 -7.27354687 0.34200001
v 1.28714607 0.80845321 0.00000000
v 1.28714607 0.80845321 0.34200001
v 1.23814604 0.80445326 0.00000000
v 1.23814604 0.80445326 0.34200001
v 1.20114610 0.80445326 0.00000000
v 1.20114610 0.80445326 0.34200001
v -7.45785382 -7.23254650 0.34200001
v -7.54485419 -7.89354675 0.34200001
v -7.39785388 -7.24254673 0.34200001
v -7.51185420 -7.90854710 0.34200001
v -7.50085404 -7.91554707 0.34200001
v -7.31785395 -7.25354641 0.34200001
v 1.17414591 0.80745322 0.34200001
v -7.22685387 -7.26354664 0.34200001
v -7.32585385 -7.93954724 0.34200001
v -7.44285395 -7.92954701 0.34200001
v 1.68314597 0.91045321 0.34200001
v 1.68314597 0.91045321 0.00000000
v -7.49185422 -7.22154682 0.34200001
v -7.50385382 -7.21654671 0.34200001
v 1.61914608 0.87945325 0.00000000
v 1.66314599 0.90045322 0.34200001
v 1.66314599 0.90045322 0.00000000
v 1.64314601 0.88945324 0.00000000
v 1.64314601 0.88945324 0.34200001
v -7.52885392 -7.21054714 0.34200001
v -7.51685383 -7.21354645 0.34200001
v -7.80285409 -7.11954659 0.34200001
v -7.82685378 -7.11054676 0.34200001
v -8.05385401 -7.74354714 0.34200001
v -1.91585401 -1.36554688 0.00000000
v 0.74114606 1.20545322 0.34200001
v 0.76514599 1.16545320 0.34200001
v 0.76514599 1.16545320 0.00000000
v 0.74114606 1.20545322 0.00000000
v 0.72514603 1.23745323 0.34200001
v 0.72514603 1.23745323 0.00000000
v 0.71314595 1.26945323 0.34200001
v 0.71314595 1.26945323 0.00000000
v 0.70414588 1.30445323 0.34200001
v 0.70414588 1.30445323 0.00000000
v -7.75585415 -7.14154690 0.34200001
v -7.77985385 -7.12954682 0.34200001
v 0.69714591 1.34245322 0.34200001
v 0.69714591 1.34245322 0.00000000
v 0.69314597 1.38645322 0.34200001
v 0.69314597 1.38645322 0.00000000
v 0.69214604 1.43745323 0.34200001
v 0.69214604 1.43745323 0.00000000
v 0.69314597 1.49845324 0.34200001
v 0.69314597 1.49845324 0.00000000
v -3.08185401 -0.78554671 0.00000000
v 0.69914601 1.63245323 0.34200001
v -3.09685400 -0.81054681 0.00000000
v 0.69714591 1.57145323 0.00000000
v 0.69714591 1.57145323 0.34200001
v -7.55485394 -7.20954674 0.34200001
v -7.54185393 -7.20954674 0.34200001
v -7.57685378 -7.21454685 0.34200001
v -7.56685403 -7.21154659 0.34200001
v -3.11785402 -0.84254687 0.00000000
v -3.14585402 -0.87954682 0.00000000
v -7.62385419 -7.22454708 0.34200001
v -7.69985392 -7.85454720 0.34200001
v -7.60985425 -7.22654694 0.34200001
v -7.90185406 -7.79954689 0.34200001
v -7.85585406 -7.81454724 0.34200001
v -7.63885405 -7.22054642 0.34200001
v 1.07214591 0.92445320 0.00000000
v 1.07214591 0.92445320 0.34200001
v 1.09414599 0.89445323 0.00000000
v -7.59785416 -7.22454708 0.34200001
v 1.06114600 0.93645323 0.00000000
v 1.06114600 0.93645323 0.34200001
v 1.05114601 0.94645322 0.00000000
v 1.05114601 0.94645322 0.34200001
v -7.71585419 -7.17154663 0.34200001
v -7.73485425 -7.15554684 0.34200001
v -8.01885417 -7.75754708 0.34200001
v 1.04214594 0.95445324 0.00000000
v 1.04214594 0.95445324 0.34200001
v -3.08185401 -0.59954684 0.00000000
v -3.09485402 -0.50154679 0.00000000
v 1.03314588 0.95945323 0.00000000
v 1.03314588 0.95945323 0.34200001
v -3.08785405 -0.55154675 0.00000000
v 1.02714608 0.96045322 0.00000000
v 0.99814603 0.96745325 0.00000000
v 0.99814603 0.96745325 0.34200001
v 1.02714608 0.96045322 0.34200001
v 0.96214602 0.98445321 0.00000000
v 0.96214602 0.98445321 0.34200001
v -3.29185405 -1.04654687 0.00000000
v -3.41985395 -1.17954677 0.00000000
v -7.91985419 -7.09854668 0.34200001
v -7.93985417 -7.09654682 0.34200001
v -8.07985404 -7.73454636 0.34200001
v -8.10885384 -7.72454708 0.34200001
v -3.52085402 -1.28954666 0.00000000
v -7.95985415 -7.09254711 0.34200001
v -7.89985421 -7.09954708 0.34200001
v -3.17685404 -0.91854685 0.00000000
v 0.92114589 1.01245320 0.00000000
v 0.92114589 1.01245320 0.34200001
v -3.21285405 -0.96054667 0.00000000
v -8.14085391 -7.71354645 0.34200001
v -7.85085395 -7.10454720 0.34200001
v -7.87585404 -7.10154694 0.34200001
v -3.25085404 -1.00354689 0.00000000
v 0.87914607 1.04545326 0.00000000
v 0.87914607 1.04545326 0.34200001
v -7.63685420 -7.86654633 0.34200001
v -7.66185382 -7.86154717 0.34200001
v -7.99585393 -7.08054703 0.34200001
v -8.17385390 -7.70254677 0.34200001
v -8.01085379 -7.07254666 0.34200001
v -8.27585414 -7.66854637 0.34200001
v -8.02385380 -7.06354683 0.34200001
v -8.34785416 -7.64054650 0.34200001
v 0.83714602 1.08345324 0.00000000
v 0.83714602 1.08345324 0.34200001
v -3.60285404 -1.38154667 0.00000000
v -7.61185410 -7.87254685 0.34200001
v -7.52685406 -7.90054672 0.34200001
v 0.79814598 1.12445325 0.34200001
v 0.79814598 1.12445325 0.00000000
v -3.67085400 -1.46454685 0.00000000
v -6.27185395 -7.18554657 0.34200001
v -6.44185403 -7.89054650 0.34200001
v -6.48085406 -7.91254681 0.34200001
v 1.17414591 0.80745322 0.00000000
v 1.15414593 0.81645322 0.00000000
v 1.15414593 0.81645322 0.34200001
v -6.91785386 -7.28154724 0.34200001
v 1.13714597 0.83045322 0.00000000
v 1.13714597 0.83045322 0.34200001
v 1.12114594 0.85045320 0.00000000
v -2.12485401 -1.46254676 0.00000000
v -2.13085401 -1.44654673 0.00000000
v 1.09414599 0.89445323 0.34200001
v 1.10414598 0.87845320 0.34200001
v 1.10414598 0.87845320 0.00000000
v -6.53885415 -7.92754715 0.34200001
v 1.12114594 0.85045320 0.34200001
v 2.09814594 0.26245326 0.00000000
v 2.09814594 0.26245326 0.34200001
v 2.07214591 0.25545317 0.34200001
v 2.07214591 0.25545317 0.00000000
v 2.11914585 0.26845319 0.00000000
v 2.11914585 0.26845319 0.34200001
v 2.13414619 0.27445323 0.00000000
v 2.13414619 0.27445323 0.34200001
v 2.16314599 0.28745324 0.34200001
v 2.16314599 0.28745324 0.00000000
v -7.81385424 -7.82754677 0.34200001
v -7.73785403 -7.84654682 0.34200001
v -7.77385380 -7.83854645 0.34200001
v 2.20614622 0.24045319 0.34200001
v -7.58785393 -7.87954682 0.34200001
v 2.00814602 0.24245328 0.00000000
v 2.00814602 0.24245328 0.34200001
v 1.97114608 0.23645324 0.34200001
v 1.97114608 0.23645324 0.00000000
v -7.56585410 -7.88654679 0.34200001
v 2.20114610 0.23545319 0.00000000
v 2.20114610 0.23545319 0.34200001
v 0.56214592 -4.71254700 0.34200001
v 0.66714594 -4.81954687 0.34200001
v 2.20114610 0.22245318 0.00000000
v 2.20114610 0.22245318 0.34200001
v 0.45514605 -4.59554690 0.34200001
v 2.20514581 0.20245320 0.00000000
v 2.20514581 0.20245320 0.34200001
v 0.83414600 -4.96554678 0.34200001
v 0.76114604 -4.90654677 0.34200001
v 0.35414598 -4.47854679 0.34200001
v 2.20014617 0.29645318 0.00000000
v -8.12285378 -7.01054638 0.34200001
v -8.13385394 -7.01054638 0.34200001
v -8.47485402 -7.57354706 0.34200001
v -8.14585402 -7.00654667 0.34200001
v -8.15885403 -7.00154656 0.34200001
v -8.49785378 -7.55854672 0.34200001
v -8.17085412 -6.99554699 0.34200001
v -8.51585391 -7.54354637 0.34200001
v 1.83514593 0.22145325 0.34200001
v 1.77914593 0.21645326 0.34200001
v 1.77914593 0.21645326 0.00000000
v 1.83514593 0.22145325 0.00000000
v 1.89614603 0.22645325 0.00000000
v 1.89614603 0.22645325 0.34200001
v -8.18485406 -6.98754662 0.34200001
v -8.53585389 -7.53054684 0.34200001
v 1.72814605 0.21145326 0.34200001
v 1.72814605 0.21145326 0.00000000
v -8.19785407 -6.97854679 0.34200001
v -8.55485394 -7.51854675 0.34200001
v -8.20985415 -6.96854656 0.34200001
v -8.57285407 -7.50754708 0.34200001
v 1.68114588 0.20745320 0.34200001
v 1.47014592 0.14145321 0.34200001
v 1.42914603 0.09145326 0.00000000
v 1.47014592 0.14145321 0.00000000
v -8.22085383 -6.95754688 0.34200001
v -8.58885386 -7.49954670 0.34200001
v -8.23385384 -6.94554680 0.34200001
v 1.50414607 0.17645318 0.34200001
v 1.50414607 0.17645318 0.00000000
v 1.52714608 0.19045324 0.00000000
v 1.59914610 0.19945318 0.34200001
v 1.56114600 0.19445319 0.34200001
v 1.56114600 0.19445319 0.00000000
v 1.59914610 0.19945318 0.00000000
v 1.52714608 0.19045324 0.34200001
v 1.63814590 0.20345325 0.34200001
v 1.63814590 0.20345325 0.00000000
v 1.68114588 0.20745320 0.00000000
v 1.34514592 -0.02854675 0.34200001
v 1.31014607 -0.08654671 0.34200001
v 1.31014607 -0.08654671 0.00000000
v 1.34514592 -0.02854675 0.00000000
v 1.38614604 0.03245324 0.34200001
v 1.38614604 0.03245324 0.00000000
v 1.42914603 0.09145326 0.34200001
v 1.07114599 -5.12754696 0.34200001
v 1.08514593 -5.14254683 0.34200001
v 1.28614590 -0.13454681 0.34200001
v 0.99614594 -5.09654682 0.34200001
v 0.98514602 -5.08954685 0.34200001
v 1.03614590 -5.10754698 0.34200001
v 1.02714608 -5.10654658 0.34200001
v 1.05414603 -5.11554688 0.34200001
v 0.97514603 -5.08154696 0.34200001
v 0.94314597 -5.03554695 0.34200001
v 0.95714590 -5.05954664 0.34200001
v 0.93414590 -5.02454680 0.34200001
v 1.29314611 -0.20854681 0.34200001
v 1.30114601 -0.21954673 0.34200001
v 1.30114601 -0.21954673 0.00000000
v 1.29314611 -0.20854681 0.00000000
v 1.28614590 -0.19754677 0.00000000
v 1.28614590 -0.19754677 0.34200001
v 1.18514607 -5.23154658 0.34200001
v 1.28114602 -0.18554681 0.34200001
v 1.16614601 -5.22054690 0.34200001
v 1.14814589 -5.20954674 0.34200001
v 1.27714608 -0.16654676 0.34200001
v 1.28614590 -0.13454681 0.00000000
v 1.10414598 -5.17354696 0.34200001
v 1.11614606 -5.18554657 0.34200001
v 1.09514592 -5.16254681 0.34200001
v 1.33014605 -0.24954682 0.34200001
v 1.33014605 -0.24954682 0.00000000
v 1.31914589 -0.23954671 0.34200001
v 1.31914589 -0.23954671 0.00000000
v 1.31614587 -0.33554667 0.00000000
v 1.31614587 -0.33554667 0.34200001
v 1.28814599 -0.35954683 0.34200001
v 1.06214592 -5.12054699 0.34200001
v 1.33614609 -0.32054680 0.00000000
v 1.33614609 -0.32054680 0.34200001
v 1.35114596 -0.30854672 0.34200001
v 1.35114596 -0.30854672 0.00000000
v 1.36014602 -0.29854673 0.00000000
v 1.36014602 -0.29854673 0.34200001
v 1.36514590 -0.29054683 0.34200001
v 1.36514590 -0.29054683 0.00000000
v 1.00614593 -5.10254687 0.34200001
v 1.01714609 -5.10554665 0.34200001
v 1.36314604 -0.28154677 0.00000000
v 1.36314604 -0.28154677 0.34200001
v 1.35714600 -0.27354675 0.34200001
v 1.35714600 -0.27354675 0.00000000
v 1.34614608 -0.26254671 0.34200001
v 1.28114602 -0.18554681 0.00000000
v 1.27814600 -0.17554682 0.34200001
v 1.27814600 -0.17554682 0.00000000
v 1.27714608 -0.16654676 0.00000000
v 1.13114593 -5.19754666 0.34200001
v 1.28814599 -0.35954683 0.00000000
v 0.92514608 -5.01454657 0.34200001
v 0.91514609 -5.00554674 0.34200001
v 1.34614608 -0.26254671 0.00000000
v 0.90514610 -4.99854677 0.34200001
v 0.89614603 -4.99254673 0.34200001
v 0.88614604 -4.98854654 0.34200001
v 0.87814591 -4.98854654 0.34200001
v -0.08085396 1.66345323 0.34200001
v -0.07585397 1.72245323 0.34200001
v -0.08985403 1.61445323 0.00000000
v -0.08985403 1.61445323 0.34200001
v -0.10385397 1.57345323 0.00000000
v -0.10385397 1.57345323 0.34200001
v 0.17514608 -5.26154679 0.34200001
v 0.20214603 -5.28654688 0.34200001
v -0.12285402 1.54345324 0.00000000
v -0.12285402 1.54345324 0.34200001
v 0.22614596 -5.30454701 0.34200001
v -0.19685402 1.49945324 0.00000000
v -0.19685402 1.49945324 0.34200001
v -0.18285396 1.50445323 0.34200001
v -0.21185401 1.49445323 0.00000000
v -0.21185401 1.49445323 0.34200001
v 0.24914596 -5.31654661 0.34200001
v -0.22685399 1.48845323 0.00000000
v -0.22685399 1.48845323 0.34200001
v 0.27214596 -5.32454699 0.34200001
v -0.24185398 1.48345323 0.00000000
v -0.24185398 1.48345323 0.34200001
v 0.28914592 -5.33054655 0.34200001
v 0.31014607 -5.34154671 0.34200001
v 0.33414600 -5.35554665 0.34200001
v -0.28485396 1.46745323 0.00000000
v -0.29885402 1.46145323 0.00000000
v -0.28485396 1.46745323 0.34200001
v 0.14714596 -5.22954672 0.34200001
v -0.25785401 1.47745324 0.00000000
v -0.25785401 1.47745324 0.34200001
v -0.27085402 1.47145322 0.00000000
v -0.27085402 1.47145322 0.34200001
v 0.35914609 -5.37254685 0.34200001
v 0.38514588 -5.39154690 0.34200001
v -0.29885402 1.46145323 0.34200001
v 0.41214607 -5.41354674 0.34200001
v -0.31785395 1.45545324 0.00000000
v -0.31785395 1.45545324 0.34200001
v 0.46214602 -5.46154659 0.34200001
v 0.48514602 -5.48554676 0.34200001
v -0.33785405 1.44945323 0.00000000
v -0.33785405 1.44945323 0.34200001
v -0.14485397 1.52145324 0.00000000
v -0.14485397 1.52145324 0.34200001
v 1.83914587 -5.70354670 0.34200001
v 1.80214593 -5.67554682 0.34200001
v -0.17185404 1.50945323 0.00000000
v -0.17185404 1.50945323 0.34200001
v -0.18285396 1.50445323 0.00000000
v 1.76314590 -5.64554661 0.34200001
v 1.72314594 -5.61554688 0.34200001
v -0.76085403 1.39145324 0.00000000
v -0.79085400 1.39445323 0.00000000
v -0.79085400 1.39445323 0.34200001
v -0.76085403 1.39145324 0.34200001
v -0.81385400 1.40345324 0.00000000
v -0.81385400 1.40345324 0.34200001
v -0.83185401 1.41745323 0.00000000
v -0.83185401 1.41745323 0.34200001
v 1.98514602 -5.82154673 0.34200001
v 2.01914594 -5.84354656 0.34200001
v -0.84985402 1.43745323 0.00000000
v -0.84985402 1.43745323 0.34200001
v 1.97214601 -5.81254690 0.34200001
v 1.96114609 -5.80354660 0.34200001
v 1.94914601 -5.79154700 0.34200001
v -0.57285407 1.40945322 0.00000000
v -0.65585401 1.39845324 0.00000000
v -0.65585401 1.39845324 0.34200001
v -0.57285407 1.40945322 0.34200001
v -0.71585395 1.39245323 0.00000000
v -0.71585395 1.39245323 0.34200001
v 2.11714599 -5.90154665 0.34200001
v 2.09514592 -5.88954657 0.34200001
v -0.36185398 1.44445323 0.34200001
v -0.36185398 1.44445323 0.00000000
v 2.07714603 -5.87854689 0.34200001
v -0.38685396 1.43845323 0.00000000
v -0.38685396 1.43845323 0.34200001
v 2.05714605 -5.86754673 0.34200001
v -0.41185405 1.43345324 0.00000000
v -0.41185405 1.43345324 0.34200001
v 2.14214609 -5.91954678 0.34200001
v 2.17214582 -5.94354695 0.34200001
v -0.46385398 1.42545324 0.34200001
v -0.46385398 1.42545324 0.00000000
v -0.43785396 1.42845323 0.34200001
v -0.43785396 1.42845323 0.00000000
v -0.86085405 1.44945323 0.34200001
v -0.86085405 1.44945323 0.00000000
v -0.87285402 1.46045323 0.00000000
v -0.87285402 1.46045323 0.34200001
v -0.88485398 1.47045322 0.00000000
v -0.88485398 1.47045322 0.34200001
v -0.89785400 1.47945323 0.34200001
v -0.89785400 1.47945323 0.00000000
v -0.90885403 1.48645323 0.00000000
v -0.90885403 1.48645323 0.34200001
v 1.60414598 -5.52354687 0.34200001
v 1.68314597 -5.58454674 0.34200001
v -0.91985401 1.49145324 0.00000000
v -0.91985401 1.49145324 0.34200001
v 1.64214609 -5.55454701 0.34200001
v -0.93085399 1.49545323 0.00000000
v -0.93085399 1.49545323 0.34200001
v 1.19614599 -6.00954693 0.34200001
v -0.93885400 1.49745323 0.00000000
v -0.93885400 1.49745323 0.34200001
v -0.94885399 1.50045322 0.00000000
v -0.94885399 1.50045322 0.34200001
v 1.22514603 -6.03254669 0.34200001
v -0.96485403 1.51045323 0.00000000
v -0.96485403 1.51045323 0.34200001
v 1.25414607 -6.05454701 0.34200001
v 1.52414605 -6.24354666 0.34200001
v 1.45614598 -6.19254654 0.34200001
v -1.03985402 1.57545323 0.00000000
v -1.03985402 1.57545323 0.34200001
v -1.01085403 1.54945323 0.00000000
v -1.01085403 1.54945323 0.34200001
v 1.28614590 -6.07654684 0.34200001
v -0.98585400 1.52645323 0.00000000
v -0.98585400 1.52645323 0.34200001
v 1.37714598 -6.13854664 0.34200001
v -1.07185402 1.60545323 0.00000000
v -1.07185402 1.60545323 0.34200001
v -1.10685399 1.63945323 0.00000000
v -1.10685399 1.63945323 0.34200001
v -1.14185401 1.67545323 0.34200001
v 1.58914587 -6.29254692 0.34200001
v 1.65414593 -6.34654682 0.34200001
v 1.72414610 -6.40754669 0.34200001
v 1.80314610 -6.47854679 0.34200001
v -1.81985401 1.37745324 0.34200001
v -1.79885401 1.37545324 0.00000000
v 1.89814589 -6.56454724 0.34200001
v -1.84285401 1.37745324 0.00000000
v -1.84285401 1.37745324 0.34200001
v -1.86885401 1.37845323 0.00000000
v 0.71014593 -5.64254683 0.34200001
v 0.68714592 -5.62754696 0.34200001
v -1.81985401 1.37745324 0.00000000
v 0.73314593 -5.65954655 0.34200001
v 0.75614593 -5.67754667 0.34200001
v -1.77885401 1.37345324 0.34200001
v 0.82314608 -5.73754662 0.34200001
v 0.77914593 -5.69654673 0.34200001
v -1.76185401 1.36945323 0.34200001
v 0.84714601 -5.75854700 0.34200001
v -1.74785400 1.36545322 0.00000000
v -1.73685401 1.36045322 0.00000000
v 0.98814604 -5.83554667 0.34200001
v 0.96914599 -5.83054655 0.34200001
v -1.72985401 1.35445324 0.34200001
v -1.72985401 1.35445324 0.00000000
v 0.94714591 -5.82154673 0.34200001
v 0.92314598 -5.80954664 0.34200001
v -1.72685401 1.34745324 0.00000000
v -1.72685401 1.34745324 0.34200001
v -1.72485400 1.33645323 0.00000000
v -1.72485400 1.33645323 0.34200001
v 1.00514600 -5.84154671 0.34200001
v -1.71385401 1.31945324 0.00000000
v -1.71385401 1.31945324 0.34200001
v -1.69585400 1.29245323 0.00000000
v -1.69585400 1.29245323 0.34200001
v 1.02214596 -5.84854668 0.34200001
v -1.66585402 1.25745324 0.00000000
v -1.66585402 1.25745324 0.34200001
v -1.14185401 1.67545323 0.00000000
v 1.03914592 -5.85854691 0.34200001
v -1.62385401 1.20945323 0.00000000
v -1.62385401 1.20945323 0.34200001
v -1.20385399 1.74645323 0.34200001
v 1.05514595 -5.86854666 0.34200001
v 1.06914589 -5.87954682 0.34200001
v -1.34385404 0.89345325 0.34200001
v -1.34385404 0.89345325 0.00000000
v -1.32685402 0.85945321 0.00000000
v -1.32685402 0.85945321 0.34200001
v 1.08314607 -5.89154690 0.34200001
v -1.31685403 0.82245321 0.00000000
v -1.31685403 0.82245321 0.34200001
v 1.09314606 -5.90354698 0.34200001
v -1.31485399 0.78045321 0.00000000
v -1.31485399 0.78045321 0.34200001
v 1.11114595 -5.92954701 0.34200001
v -1.32085403 0.72845322 0.00000000
v -1.32085403 0.72845322 0.34200001
v 1.12614605 -5.94654673 0.34200001
v -1.33385399 0.66445321 0.00000000
v -1.33385399 0.66445321 0.34200001
v 1.16914604 -5.98654669 0.34200001
v 1.14614603 -5.96454685 0.34200001
v -1.56785401 1.14645321 0.00000000
v -1.56785401 1.14645321 0.34200001
v -2.10185401 10.37345344 0.34200001
v -1.49585402 1.06745321 0.34200001
v -1.49585402 1.06745321 0.00000000
v -1.40585401 0.97045321 0.00000000
v -1.40585401 0.97045321 0.34200001
v 0.87314603 -5.77754658 0.34200001
v -1.36985400 0.92945326 0.00000000
v -1.36985400 0.92945326 0.34200001
v 0.89814589 -5.79454678 0.34200001
v -1.35185399 0.58345324 0.00000000
v -1.36185398 0.54545326 0.00000000
v -1.36185398 0.54545326 0.34200001
v -1.35185399 0.58345324 0.34200001
v -1.37185403 0.50145323 0.00000000
v -1.37185403 0.50145323 0.34200001
v -1.38285401 0.45545322 0.00000000
v -1.38285401 0.45545322 0.34200001
v 0.53314588 -5.53154677 0.34200001
v 0.55714605 -5.55054682 0.34200001
v -1.39385402 0.40645320 0.00000000
v -1.40485402 0.35845322 0.00000000
v -1.40485402 0.35845322 0.34200001
v -1.39385402 0.40645320 0.34200001
v 0.58014605 -5.56854695 0.34200001
v 0.60014603 -5.58354681 0.34200001
v -1.44485402 0.17145318 0.00000000
v -1.44485402 0.17145318 0.34200001
v -1.43285402 0.22345323 0.34200001
v -2.29785400 10.11345321 0.34200001
v -1.45485401 0.13045317 0.34200001
v 0.61914608 -5.59454697 0.34200001
v -1.41485402 0.31045324 0.34200001
v -1.41485402 0.31045324 0.00000000
v 0.66814611 -5.61454695 0.34200001
v -1.43285402 0.22345323 0.00000000
v 0.63514588 -5.60154694 0.34200001
v -1.42385402 0.26445324 0.00000000
v -1.42385402 0.26445324 0.34200001
v 0.65014598 -5.60654658 0.34200001
v -2.31685400 10.08645279 0.34200001
v -2.33785402 10.05345280 0.34200001
v -1.45485401 0.13045317 0.00000000
v -1.46485400 0.09945328 0.00000000
v -1.46485400 0.09945328 0.34200001
v -0.32785406 -4.53854674 0.34200001
v -0.29985407 -4.59554690 0.34200001
v -1.47485402 0.07545323 0.00000000
v -1.47485402 0.07545323 0.34200001
v -0.24485400 -4.70154684 0.34200001
v -0.27085402 -4.64954680 0.34200001
v -1.48585400 0.06045324 0.00000000
v -1.48585400 0.06045324 0.34200001
v -0.21885398 -4.74754685 0.34200001
v -1.49685400 0.05045325 0.00000000
v -1.49685400 0.05045325 0.34200001
v -1.52185401 0.04845328 0.34200001
v -1.52185401 0.04845328 0.00000000
v -1.53485402 0.04845328 0.00000000
v -1.53485402 0.04845328 0.34200001
v -0.19485405 -4.78854674 0.34200001
v -1.55285400 0.04445321 0.00000000
v -1.55285400 0.04445321 0.34200001
v -0.17385402 -4.82154673 0.34200001
v -1.50885400 0.04745323 0.34200001
v -1.50885400 0.04745323 0.00000000
v -0.15585401 -4.84754675 0.34200001
v -1.57385402 0.03645319 0.00000000
v -1.57385402 0.03645319 0.34200001
v -0.14185395 -4.86354654 0.34200001
v -1.59685400 0.02445323 0.00000000
v -1.59685400 0.02445323 0.34200001
v -0.08985403 -4.90654677 0.34200001
v -0.10885396 -4.88654679 0.34200001
v -1.62285402 0.00745327 0.00000000
v -1.62285402 0.00745327 0.34200001
v -0.06685403 -4.93354672 0.34200001
v -1.64985401 -0.01354676 0.34200001
v -0.04185405 -4.96554678 0.34200001
v -1.64985401 -0.01354676 0.00000000
v -1.67885401 -0.03754681 0.00000000
v -1.67885401 -0.03754681 0.34200001
v -1.70885402 -0.06454676 0.34200001
v -0.13285401 -4.86954659 0.34200001
v -1.74685400 -0.09754675 0.00000000
v -1.74685400 -0.09754675 0.34200001
v -0.12385407 -4.87354677 0.34200001
v -0.35685399 -4.48254698 0.34200001
v -1.86885401 -0.16054671 0.34200001
v 0.08314595 -5.14454668 0.34200001
v 0.04514596 -5.08854693 0.34200001
v -1.77885401 -0.12454682 0.34200001
v -1.77885401 -0.12454682 0.00000000
v -1.80385401 -0.14354675 0.00000000
v -1.80385401 -0.14354675 0.34200001
v 0.01514599 -5.04454678 0.34200001
v -1.82485401 -0.15654677 0.34200001
v 0.11614594 -5.19054669 0.34200001
v -1.84285401 -0.16254681 0.34200001
v -4.74685409 2.28745324 0.00000000
v -5.16585400 2.17745323 0.00000000
v -5.28385403 2.75645322 0.00000000
v -5.33885410 2.74045319 0.00000000
v -5.37885406 2.12645323 0.00000000
v -5.56185391 2.65745324 0.00000000
v -5.31085398 2.14645324 0.00000000
v -5.23985412 2.16345323 0.00000000
v -5.66085413 2.61545325 0.00000000
v -5.63485410 2.62545324 0.00000000
v -5.44485405 2.10245324 0.00000000
v -5.58585408 2.64645321 0.00000000
v -5.61085394 2.63545323 0.00000000
v -4.96785405 2.22245324 0.00000000
v -5.48185399 2.69345326 0.00000000
v -5.43985393 2.70745320 0.00000000
v -4.93785408 2.23245323 0.00000000
v -5.72885397 2.59445322 0.00000000
v -5.56785395 2.04445324 0.00000000
v -5.83585408 2.56645322 0.00000000
v -5.39185407 2.72445328 0.00000000
v -5.50685408 2.07545323 0.00000000
v -5.68485406 2.60745323 0.00000000
v -5.70785406 2.59945322 0.00000000
v -5.51585391 2.67945320 0.00000000
v -5.54085400 2.66845322 0.00000000
v -6.07685378 2.49645323 0.00000000
v -6.00885394 2.51745326 0.00000000
v -5.87685397 1.89845323 0.00000000
v -5.85185411 1.90345324 0.00000000
v -5.79885390 1.91845324 0.00000000
v -5.82585409 1.91045324 0.00000000
v -5.93285420 1.88845324 0.00000000
v -5.98785403 1.87645323 0.00000000
v -6.13285401 2.47945321 0.00000000
v -2.13485401 -1.40854686 0.00000000
v -2.13485401 -1.42854684 0.00000000
v -2.70385399 -1.62454670 0.00000000
v -2.83185401 -1.57654684 0.00000000
v -3.01885405 -1.63754671 0.00000000
v -2.89985397 -1.57954686 0.00000000
v -3.06285396 -1.69454687 0.00000000
v -2.11585401 -1.47854679 0.00000000
v -2.10285401 -1.49454683 0.00000000
v -2.59285399 -1.79654687 0.00000000
v -2.61685404 -1.73954671 0.00000000
v -2.65385404 -1.67454665 0.00000000
v -2.53085401 -1.90054672 0.00000000
v -2.56385400 -1.85054677 0.00000000
v -1.93085401 -1.51354688 0.00000000
v -1.92585401 -1.51454681 0.00000000
v -1.93485401 -1.51754683 0.00000000
v -1.92285401 -1.52054685 0.00000000
v -1.93885401 -1.52554672 0.00000000
v -2.08785401 -1.51054686 0.00000000
v -1.91885401 -1.53054684 0.00000000
v -1.91485401 -1.54654687 0.00000000
v -1.91285401 -1.55854672 0.00000000
v -1.94985401 -1.55854672 0.00000000
v -1.91185401 -1.57054680 0.00000000
v -1.95985401 -1.58154672 0.00000000
v -1.91185401 -1.58254688 0.00000000
v -1.91285401 -1.59554666 0.00000000
v -1.94385401 -1.53954666 0.00000000
v -1.93785401 -1.64654678 0.00000000
v -1.93985401 -1.65854686 0.00000000
v -1.99485401 -1.62454670 0.00000000
v -1.97085401 -1.60054677 0.00000000
v -1.91685401 -1.60754674 0.00000000
v -1.92085401 -1.61854666 0.00000000
v -1.92585401 -1.62854689 0.00000000
v -1.93285401 -1.63554686 0.00000000
v -1.98285401 -1.61554688 0.00000000
v -2.00685401 -1.62754672 0.00000000
v -2.27285400 -2.10154670 0.00000000
v -2.03585401 -1.57154673 0.00000000
v -2.02985401 -1.58154672 0.00000000
v -2.04185400 -1.56054681 0.00000000
v -2.05185401 -1.54854673 0.00000000
v -2.02585402 -1.59054678 0.00000000
v -2.02485401 -1.59754675 0.00000000
v -2.06285402 -1.53554671 0.00000000
v -2.02285401 -1.61454671 0.00000000
v -2.01585401 -1.62454670 0.00000000
v -2.49485400 -1.94654673 0.00000000
v -2.25685402 -2.11454671 0.00000000
v -1.90285401 -1.71654671 0.00000000
v -1.93685401 -1.67054671 0.00000000
v -1.93085401 -1.68454688 0.00000000
v -1.91885401 -1.69854682 0.00000000
v -2.41785404 -2.02154678 0.00000000
v -2.37885400 -2.04954665 0.00000000
v -2.31385400 -2.07754677 0.00000000
v -2.33985400 -2.06654685 0.00000000
v -2.29185402 -2.08854669 0.00000000
v -2.23285400 -2.14754670 0.00000000
v -2.24385401 -2.13054674 0.00000000
v -2.22485402 -2.16654676 0.00000000
v -2.05785401 -2.33954685 0.00000000
v -2.07685402 -2.32854670 0.00000000
v -2.09585401 -2.31854671 0.00000000
v -1.90185401 -2.45454663 0.00000000
v -1.91485401 -2.44954699 0.00000000
v -1.97685401 -2.40354698 0.00000000
v -1.96585401 -2.41354674 0.00000000
v -1.98885401 -2.39054697 0.00000000
v -2.02085401 -2.36454695 0.00000000
v -2.21785402 -2.18954676 0.00000000
v -2.21185401 -2.20954674 0.00000000
v -2.03885401 -2.35154694 0.00000000
v -2.13485401 -2.30054682 0.00000000
v -2.11385402 -2.31154674 0.00000000
v -2.15285402 -2.28954666 0.00000000
v -2.16885402 -2.27754682 0.00000000
v -2.18285402 -2.26254671 0.00000000
v -2.19485402 -2.24654668 0.00000000
v -2.20485401 -2.22854679 0.00000000
v -2.45685401 -1.98754686 0.00000000
v -3.72985401 -1.54454678 0.00000000
v -3.20985403 -1.88754671 0.00000000
v -3.14985397 -1.82054680 0.00000000
v -3.16485396 -1.83854669 0.00000000
v -3.17885401 -1.85254687 0.00000000
v -3.24885407 -1.93354672 0.00000000
v -3.78785398 -1.63054674 0.00000000
v -3.28885403 -1.98854678 0.00000000
v -3.11685398 -1.77954667 0.00000000
v -3.13385406 -1.80054682 0.00000000
v -3.32885399 -2.04654687 0.00000000
v -3.10185399 -1.75754684 0.00000000
v -2.96385398 -1.59954684 0.00000000
v -3.07385399 -1.71554678 0.00000000
v -3.08785405 -1.73554676 0.00000000
v -8.93385413 -7.22154682 0.34200001
v -8.91885378 -7.22954720 0.34200001
v -8.58085396 -6.71054714 0.34200001
v -8.94285395 -7.21954697 0.34200001
v -8.90185406 -7.24154633 0.34200001
v -8.53085377 -6.75454682 0.34200001
v -8.48685410 -6.78854721 0.34200001
v -9.02785399 -7.16154640 0.34200001
v -8.98885396 -7.19354695 0.34200001
v -8.64285424 -6.65154713 0.34200001
v -8.96085408 -7.21254700 0.34200001
v -9.13685420 -7.05754631 0.34200001
v -9.07685378 -7.11554688 0.34200001
v -8.71785405 -6.57554691 0.34200001
v -3.99585393 -1.98554676 0.00000000
v -3.91985395 -1.85054677 0.00000000
v -3.41485396 -2.19154685 0.00000000
v -3.39485397 -2.15254682 0.00000000
v -9.20685389 -6.98754662 0.34200001
v -3.84785404 -1.72954672 0.00000000
v -3.36485400 -2.10254687 0.00000000
v -3.51185396 -2.37954682 0.00000000
v -3.53085401 -2.41154688 0.00000000
v -4.06185391 -2.11554688 0.00000000
v -3.42985406 -2.23654669 0.00000000
v -3.42485407 -2.22454684 0.00000000
v -8.09885409 -7.01454704 0.34200001
v -8.11085417 -7.01154679 0.34200001
v -8.08685401 -7.01854675 0.34200001
v -8.88085415 -7.25854653 0.34200001
v -8.06285384 -7.03054684 0.34200001
v -8.05185416 -7.03854721 0.34200001
v -8.04185393 -7.04654663 0.34200001
v -7.69285395 -7.18754643 0.34200001
v -8.03285411 -7.05554646 0.34200001
v -8.41785386 -7.60654705 0.34200001
v 9.31514594 -2.97754687 0.34200001
v 9.32014606 -2.98354691 0.34200001
v 9.30914638 -2.96154659 0.34200001
v 9.32614562 -2.98854654 0.34200001
v 9.33314559 -2.99154680 0.34200001
v 9.34114597 -2.99454659 0.34200001
v 9.35914562 -2.99654692 0.34200001
v 9.38914630 -3.04554671 0.34200001
v 9.54814575 -3.86254662 0.34200001
v 10.17414615 -3.84154671 0.34200001
v 9.54914615 -3.73254698 0.34200001
v 9.54114578 -3.99554699 0.34200001
v 10.17414615 -4.00654667 0.34200001
v -8.37585404 -6.85254639 0.34200001
v -8.40185406 -6.83854645 0.34200001
v -8.78285411 -7.35354679 0.34200001
v 9.54314563 -3.61054676 0.34200001
v 10.16914604 -3.67754667 0.34200001
v -8.80785420 -7.32654637 0.34200001
v -8.75785401 -7.37954682 0.34200001
v -8.44485381 -6.81554669 0.34200001
v 9.45714614 -4.46454685 0.34200001
v -8.83385422 -7.30054634 0.34200001
v -8.85885384 -7.27854698 0.34200001
v 9.52814624 -4.12554663 0.34200001
v 10.16914604 -4.16354674 0.34200001
v -8.73385384 -7.40554684 0.34200001
v -8.70985415 -7.42754715 0.34200001
v -8.29485419 -6.89954632 0.34200001
v 9.51114604 -4.24754685 0.34200001
v 10.15914581 -4.29754656 0.34200001
v 9.52014587 -4.18854683 0.34200001
v -8.25085404 -6.93154686 0.34200001
v 9.50114581 -4.30254667 0.34200001
v 10.14414642 -4.39854687 0.34200001
v 9.49214599 -4.35154694 0.34200001
v 9.48214576 -4.39354675 0.34200001
v 9.47314594 -4.42754667 0.34200001
v 9.46414611 -4.45154684 0.34200001
v -8.61585381 -7.48854702 0.34200001
v -8.62585404 -7.48654717 0.34200001
v -8.63485387 -7.48354691 0.34200001
v -8.60385420 -7.49254673 0.34200001
v -8.64985421 -7.47654694 0.34200001
v 8.29714630 -3.39654654 0.34200001
v 8.30914638 -3.33554667 0.34200001
v 8.27814624 -3.43254679 0.34200001
v 8.30314586 -3.27354687 0.34200001
v 8.28114555 -3.21154659 0.34200001
v 8.24514625 -3.15354698 0.34200001
v 8.25014636 -3.47254675 0.34200001
v 8.19814632 -3.10154694 0.34200001
v 8.14314601 -3.06054657 0.34200001
v 8.08214614 -3.03454655 0.34200001
v 8.01714561 -3.02554672 0.34200001
v 7.97514579 -3.02754658 0.34200001
v 8.21614597 -3.51454657 0.34200001
v 7.93314597 -3.03454655 0.34200001
v 7.89214561 -3.04654663 0.34200001
v 7.85414646 -3.06154698 0.34200001
v 8.17714641 -3.55554693 0.34200001
v 7.78314636 -3.10354679 0.34200001
v 7.81714580 -3.08154696 0.34200001
v 7.75214622 -3.13054674 0.34200001
v 7.72614620 -3.15854662 0.34200001
v -8.68685391 -7.44854706 0.34200001
v -8.66785386 -7.46454685 0.34200001
v 7.69814632 -3.18854683 0.34200001
v 8.01614616 -3.65654677 0.34200001
v -8.27085402 -6.91654652 0.34200001
v 7.66614578 -3.21154659 0.34200001
v 7.99714610 -3.66954678 0.34200001
v 7.68214557 -3.20054691 0.34200001
v 7.64914558 -3.22054690 0.34200001
v 7.97814605 -3.68554657 0.34200001
v 7.63314578 -3.22754687 0.34200001
v 7.96914623 -3.69454687 0.34200001
v 7.61814639 -3.23154658 0.34200001
v 7.84214637 -3.75154656 0.34200001
v 7.60414646 -3.23354691 0.34200001
v 7.80914638 -3.77154654 0.34200001
v -8.34685424 -6.86754673 0.34200001
v 7.58014629 -3.92354696 0.34200001
v 7.60314605 -3.91354674 0.34200001
v 7.35314605 -3.35754698 0.34200001
v 7.62814567 -3.90254658 0.34200001
v 7.55414626 -3.93154686 0.34200001
v -9.28685382 -6.90254658 0.34200001
v 7.58914611 -3.23454683 0.34200001
v 7.57114646 -3.23854654 0.34200001
v 7.55014560 -3.24554699 0.34200001
v 7.52714584 -3.25454682 0.34200001
v 7.50214622 -3.26554697 0.34200001
v -6.17785409 2.46245325 0.00000000
v -5.74585393 1.93945322 0.00000000
v -5.77185395 1.92945323 0.00000000
v -6.21185401 2.44745321 0.00000000
v -8.20785382 -7.69154709 0.34200001
v -8.24085381 -7.68054646 0.34200001
v -5.70085409 1.96145323 0.00000000
v -5.72285392 1.95045323 0.00000000
v -7.67385390 -7.20154637 0.34200001
v 7.21614597 -3.44554680 0.34200001
v 7.52514598 -3.94454687 0.34200001
v 7.28314636 -3.40254658 0.34200001
v -7.95585396 -7.78054684 0.34200001
v -6.30785420 4.83245332 0.00000000
v -6.64285424 5.37045318 0.00000000
v -6.36285403 5.79845316 0.00000000
v -7.65585377 -7.21254700 0.34200001
v -6.37185385 5.73545343 0.00000000
v -8.44885399 -7.58954685 0.34200001
v -8.38385394 -7.62454670 0.34200001
v -8.31185391 -7.65554684 0.34200001
v -5.79585412 5.57945329 0.00000000
v 9.39714572 5.93545324 0.34200001
v 9.43814609 5.88845331 0.34200001
v -5.83485391 5.43845326 0.00000000
v -6.38485387 5.68145305 0.00000000
v 9.35314605 5.98445303 0.34200001
v 9.52714584 5.77445347 0.34200001
v 9.54114578 5.74845344 0.34200001
v 9.50414607 5.80645305 0.34200001
v -6.60885384 5.40245325 0.00000000
v 9.47414634 5.84445316 0.34200001
v -6.77085402 5.24845321 0.00000000
v -6.72585395 5.29145319 0.00000000
v 8.95114562 6.32745344 0.34200001
v 8.90514610 6.34745342 0.34200001
v 9.03214595 6.28245336 0.34200001
v 9.06214568 6.26245338 0.34200001
v -6.86385396 5.15845329 0.00000000
v -6.81785395 5.20245320 0.00000000
v -6.68185380 5.33245332 0.00000000
v 9.00314567 6.30045301 0.34200001
v 8.97614620 6.31545336 0.34200001
v -6.94785407 5.07545335 0.00000000
v -6.90785411 5.11445314 0.00000000
v -6.53685382 4.61745316 0.00000000
v -7.02085402 5.00245315 0.00000000
v -6.98485425 5.03745324 0.00000000
v 8.86314628 6.37145311 0.34200001
v 8.84514568 6.38345320 0.34200001
v 8.83114574 6.39445335 0.34200001
v 8.81914565 6.40545303 0.34200001
v -7.22785380 4.83745319 0.00000000
v -7.20285418 4.85845334 0.00000000
v -7.00285390 4.74445326 0.00000000
v -7.18285420 4.87445313 0.00000000
v -7.25685408 4.81245333 0.00000000
v -7.14885380 4.89145333 0.00000000
v -7.16785386 4.88445312 0.00000000
v -7.28785422 4.78345329 0.00000000
v -7.13385394 4.90245325 0.00000000
v -6.79985383 4.34645325 0.00000000
v -6.82885411 4.31945330 0.00000000
v 8.81114623 6.41345341 0.34200001
v 8.78614566 6.43745310 0.34200001
v -7.11285403 4.91945321 0.00000000
v -7.08485415 4.94245321 0.00000000
v -7.05485394 4.96945316 0.00000000
v 8.73414562 6.47245342 0.34200001
v -6.74785378 4.40045316 0.00000000
v -6.75885394 4.38845331 0.00000000
v 8.66014621 6.51645309 0.34200001
v 8.57114646 6.56345302 0.34200001
v 8.47414634 6.61445314 0.34200001
v 8.37414596 6.66245300 0.34200001
v -6.56885388 4.58645326 0.00000000
v -6.59685424 4.55945331 0.00000000
v -6.64685395 4.50845320 0.00000000
v 9.30614612 6.03245336 0.34200001
v 9.29814575 6.04145319 0.34200001
v 9.28614566 6.05445320 0.34200001
v -6.85585406 4.29645330 0.00000000
v -7.32085421 4.75245315 0.00000000
v -6.87085393 4.28145320 0.00000000
v 9.23514602 6.10745317 0.34200001
v 9.25414607 6.08745319 0.34200001
v -7.50485423 4.56645328 0.00000000
v -7.35485413 4.71745331 0.00000000
v -6.96185401 4.19445330 0.00000000
v 9.17214630 6.17245323 0.34200001
v 9.21414611 6.12845308 0.34200001
v 9.14814613 6.19545299 0.34200001
v -6.77185395 4.37445313 0.00000000
v -6.84285405 4.30745322 0.00000000
v -6.89485409 4.25845320 0.00000000
v -6.92585423 4.22945315 0.00000000
v 9.27114627 6.06945307 0.34200001
v -7.00285390 4.15445334 0.00000000
v -7.04685404 4.11145312 0.00000000
v 9.09214637 6.24145300 0.34200001
v -7.09285405 4.06545312 0.00000000
v -7.61685422 4.44745333 0.00000000
v -6.72085383 4.43045313 0.00000000
v -6.69485381 4.45845324 0.00000000
v -7.31085398 3.85745317 0.00000000
v -7.34885409 3.82745320 0.00000000
v -7.52485421 3.79145319 0.00000000
v -7.57385399 3.80445320 0.00000000
v -7.61785414 3.82445318 0.00000000
v -7.65785411 3.85245330 0.00000000
v 8.62014625 5.83145315 0.34200001
v 8.52114627 5.91045315 0.34200001
v 8.72214553 5.73645336 0.34200001
v 8.42514560 5.97745306 0.34200001
v -7.41185382 3.79445321 0.00000000
v -7.44185403 3.78845317 0.00000000
v -7.38185408 3.80745322 0.00000000
v -7.47385409 3.78745324 0.00000000
v -7.72485402 3.92845327 0.00000000
v -7.74985411 3.97645313 0.00000000
v -7.69385388 3.88745314 0.00000000
v 8.03314636 6.79345304 0.34200001
v 7.85914562 6.83645326 0.34200001
v 7.67614601 6.86945326 0.34200001
v 7.48814628 6.89145309 0.34200001
v 7.30214641 6.90345318 0.34200001
v -7.76785424 4.03145320 0.00000000
v -7.78485396 4.09945328 0.00000000
v -7.26485398 3.89745313 0.00000000
v -7.20885422 3.95145327 0.00000000
v -7.78985407 4.15945322 0.00000000
v -7.77985385 4.21745331 0.00000000
v -7.75085404 4.27945334 0.00000000
v -7.69785407 4.35445315 0.00000000
v -7.14085391 4.01945311 0.00000000
v 7.12314556 6.90345318 0.34200001
v 6.95714614 6.89245302 0.34200001
v 6.81014583 6.86845333 0.34200001
v -9.67985394 5.32245333 0.00000000
v -9.69385388 5.27245313 0.00000000
v -10.24685433 5.43845326 0.00000000
v 6.67514560 6.83745319 0.34200001
v 6.54414604 6.80345327 0.34200001
v -10.20185425 5.58145315 0.00000000
v -10.16385415 5.68845302 0.00000000
v -9.63385394 5.43945319 0.00000000
v 8.19314620 6.74045307 0.34200001
v 8.27814624 6.70545322 0.34200001
v 7.45214603 6.31945307 0.34200001
v 7.28414581 6.32745344 0.34200001
v 7.60414646 6.29945309 0.34200001
v -9.49185422 5.66845328 0.00000000
v -9.50385382 5.64645321 0.00000000
v -10.07185414 5.90545303 0.00000000
v -9.47985413 5.69345314 0.00000000
v -9.51385405 5.62845332 0.00000000
v -9.52385380 5.61545331 0.00000000
v -9.53285411 5.60745317 0.00000000
v -10.11985448 5.79845316 0.00000000
v -9.60585406 5.49745328 0.00000000
v -9.55385401 5.58645326 0.00000000
v -9.46685412 5.72145302 0.00000000
v 7.73114631 6.26645309 0.34200001
v 7.82414577 6.22045309 0.34200001
v 7.84214637 6.20745308 0.34200001
v -9.76385405 4.88645322 0.00000000
v -10.36085370 4.92145330 0.00000000
v -9.76085379 4.96845323 0.00000000
v 7.86414573 6.19545299 0.34200001
v 7.88814590 6.18345339 0.34200001
v -9.74985411 5.08345324 0.00000000
v -10.31685403 5.17345316 0.00000000
v -9.74285414 5.11445314 0.00000000
v -9.75485423 5.03445322 0.00000000
v 7.91514633 6.17145330 0.34200001
v -9.70485404 5.19145328 0.00000000
v -9.70185378 5.20645315 0.00000000
v 7.94114635 6.16045315 0.34200001
v 7.96814582 6.15045339 0.34200001
v 7.99514625 6.14245302 0.34200001
v -9.65885403 5.37945325 0.00000000
v -9.69885399 5.23645312 0.00000000
v -9.69985392 5.22045333 0.00000000
v -9.70885422 5.17745334 0.00000000
v -9.71385386 5.16345317 0.00000000
v -9.71985390 5.15145332 0.00000000
v -9.72685387 5.14045317 0.00000000
v -9.73485425 5.13245327 0.00000000
v -10.28585389 5.30345327 0.00000000
v 8.02114627 6.13745338 0.34200001
v 8.12914607 6.11045343 0.34200001
v 8.23114631 6.07545311 0.34200001
v -10.14385369 3.43445319 0.00000000
v -10.18385365 3.53045327 0.00000000
v -9.65585377 3.78345329 0.00000000
v 8.32914588 6.03145344 0.34200001
v -9.63785412 3.75345332 0.00000000
v -9.62185385 3.72245318 0.00000000
v -10.38085415 4.66645319 0.00000000
v -9.76685383 4.66445333 0.00000000
v -9.76685383 3.95145327 0.00000000
v -10.37385419 4.23845321 0.00000000
v -10.28685429 3.84845335 0.00000000
v -10.32085374 3.97045333 0.00000000
v -10.24385407 3.69845325 0.00000000
v 6.94714591 6.30245334 0.34200001
v 7.11314628 6.32145340 0.34200001
v -6.71185401 2.29445321 0.00000000
v -6.58785393 1.71345323 0.00000000
v -6.87985423 2.25545323 0.00000000
v 6.51414630 6.16745312 0.34200001
v 6.40814636 6.13745338 0.34200001
v -5.92885401 2.54045320 0.00000000
v -5.68285396 1.97245324 0.00000000
v 6.56314609 6.18345339 0.34200001
v -6.09585383 1.84845323 0.00000000
v -6.14485409 1.83345323 0.00000000
v -6.29085400 2.40745324 0.00000000
v 6.79914615 6.27145321 0.34200001
v 6.60714576 6.19845325 0.34200001
v 6.67614601 6.22645313 0.34200001
v -6.04285386 1.86345323 0.00000000
v 6.64614627 6.21345312 0.34200001
v -6.26085379 2.42045326 0.00000000
v -6.23685410 2.43345321 0.00000000
v -6.22885420 1.80245323 0.00000000
v -6.26085379 1.78845323 0.00000000
v -6.47385409 2.35345322 0.00000000
v 6.35414646 6.12445337 0.34200001
v 6.42014644 6.76745302 0.34200001
v -5.62685397 2.01045323 0.00000000
v 9.67414615 5.53845317 0.34200001
v 9.68214557 5.52345330 0.34200001
v 9.66314552 5.55345327 0.34200001
v -6.57885411 2.32745320 0.00000000
v -6.38685420 1.74845323 0.00000000
v 9.68914554 5.51245314 0.34200001
v -6.83885386 1.68845323 0.00000000
v 9.65014598 5.57045323 0.34200001
v -6.39385417 2.37445325 0.00000000
v -6.33485415 2.39145321 0.00000000
v -6.18985417 1.81845323 0.00000000
v -7.04785397 2.23045326 0.00000000
v -7.11785414 1.67045323 0.00000000
v 9.63614604 5.58845312 0.34200001
v 9.62114570 5.60745317 0.34200001
v 9.60514591 5.62545330 0.34200001
v 9.57914588 5.66245324 0.34200001
v 9.59214637 5.64445311 0.34200001
v -7.47585395 2.23245323 0.00000000
v -7.67485383 1.66545323 0.00000000
v -7.70785382 2.25445325 0.00000000
v -7.90685418 1.67845323 0.00000000
v -7.92985394 2.28745324 0.00000000
v 9.55814597 5.69645340 0.34200001
v 9.56814620 5.68045313 0.34200001
v -8.07785418 1.70445323 0.00000000
v -7.25185397 2.22345323 0.00000000
v -7.40385392 1.66245323 0.00000000
v 9.55214641 5.71045334 0.34200001
v -8.90685418 2.77145321 0.00000000
v -8.87785390 2.74645323 0.00000000
v -9.26385405 2.31045324 0.00000000
v -8.84685424 2.71845323 0.00000000
v -8.97785380 2.82345325 0.00000000
v -8.95785382 2.81045324 0.00000000
v -8.93385413 2.79245323 0.00000000
v 9.54714630 5.72245342 0.34200001
v -8.81585410 2.68945319 0.00000000
v -9.17985394 2.24345321 0.00000000
v 9.54614589 5.73245317 0.34200001
v -8.99385407 2.83245320 0.00000000
v -9.01285412 2.83845324 0.00000000
v -9.00285390 2.83545322 0.00000000
v -9.34485390 2.37845320 0.00000000
v 9.77214572 5.31045324 0.34200001
v 9.74314639 5.37545330 0.34200001
v -9.54285386 3.50845320 0.00000000
v -9.53185418 3.49545318 0.00000000
v -9.87185385 2.97045321 0.00000000
v -9.54985383 3.51645321 0.00000000
v -9.51985409 3.47845322 0.00000000
v -9.50685408 3.45745320 0.00000000
v 9.72914646 5.40545327 0.34200001
v 9.70114562 5.47445328 0.34200001
v 9.70914600 5.45545322 0.34200001
v 9.71814582 5.43145329 0.34200001
v 9.69714591 5.48845321 0.34200001
v -9.39285424 3.26045329 0.00000000
v -9.37485411 3.23345322 0.00000000
v -9.84785416 2.92945320 0.00000000
v 9.69514606 5.49745328 0.34200001
v -9.41085389 3.28845329 0.00000000
v 9.69314620 5.50345332 0.34200001
v -9.46185401 3.37945325 0.00000000
v -9.44585421 3.34945328 0.00000000
v -9.47685387 3.40845317 0.00000000
v 9.82114646 5.19545323 0.34200001
v 9.86514613 5.07445318 0.34200001
v -9.49185422 3.43445319 0.00000000
v -9.42885401 3.31845326 0.00000000
v -9.55585387 3.51945323 0.00000000
v -9.58185389 3.61445326 0.00000000
v -9.57985404 3.59645325 0.00000000
v 9.93314597 4.81745321 0.34200001
v 9.90214584 4.94845325 0.34200001
v -9.92485383 3.04445321 0.00000000
v -9.93685391 3.05845327 0.00000000
v -9.56185391 3.52045328 0.00000000
v 9.27314613 4.94545323 0.34200001
v 9.22114608 5.06345326 0.34200001
v -10.05385354 3.24845321 0.00000000
v -10.09985402 3.33845324 0.00000000
v -9.56685403 3.52545327 0.00000000
v 9.32614562 4.81345326 0.34200001
v -9.57885411 3.56645328 0.00000000
v -9.57685378 3.55445320 0.00000000
v -9.57385399 3.54245323 0.00000000
v -9.57985404 3.58145327 0.00000000
v 8.83314559 5.62545330 0.34200001
v 8.91414592 5.53645331 0.34200001
v 8.98614642 5.44945318 0.34200001
v -9.58685401 3.63745326 0.00000000
v -9.56985381 3.53245324 0.00000000
v -9.59685424 3.66345329 0.00000000
v -9.60785391 3.69245321 0.00000000
v 9.05114601 5.36045319 0.34200001
v 9.11214588 5.26845319 0.34200001
v 9.16714618 5.17045314 0.34200001
v -9.29485419 3.13945324 0.00000000
v -9.27385380 3.11745328 0.00000000
v -9.70685389 2.73245317 0.00000000
v -9.74585393 2.77845318 0.00000000
v 9.39014575 4.58245332 0.34200001
v 9.41114566 4.45445329 0.34200001
v 9.42314575 4.32545335 0.34200001
v 9.42714641 4.20245320 0.34200001
v -9.41585400 2.44245321 0.00000000
v -9.04185393 2.85845322 0.00000000
v 9.99214599 4.26245314 0.34200001
v 9.99114559 4.18545324 0.34200001
v -9.47185424 2.49645323 0.00000000
v -9.06085398 2.87645323 0.00000000
v 9.98814628 4.40545327 0.34200001
v 9.97714565 4.54545314 0.34200001
v 9.95814559 4.68345315 0.34200001
v -9.78385403 2.82545323 0.00000000
v -9.32785418 3.17445320 0.00000000
v -9.31285384 3.15945322 0.00000000
v -9.25085404 3.09145326 0.00000000
v -9.66785386 2.69145328 0.00000000
v -9.22585395 3.06345326 0.00000000
v -9.63285401 2.65745324 0.00000000
v -9.20085385 3.03445322 0.00000000
v -9.57985404 2.62545324 0.00000000
v -9.17585423 3.00445325 0.00000000
v -9.15185406 2.97545320 0.00000000
v -9.56385424 2.61145324 0.00000000
v -9.12885382 2.94645328 0.00000000
v -9.55385401 2.60045320 0.00000000
v -9.10485413 2.92045326 0.00000000
v -9.53085377 2.57245321 0.00000000
v 9.42314575 4.09145314 0.34200001
v 9.40914581 3.99645311 0.34200001
v -10.00985387 3.16845328 0.00000000
v -9.97085431 3.10345322 0.00000000
v 9.38614604 3.92345316 0.34200001
v -9.91285374 3.02845318 0.00000000
v -9.89985421 3.01045329 0.00000000
v 9.98914573 4.11045319 0.34200001
v 9.94314620 3.77645332 0.34200001
v 9.92114589 3.66545326 0.34200001
v -9.83885386 2.90945322 0.00000000
v -9.35785391 3.20945317 0.00000000
v -9.81485417 2.87045318 0.00000000
v -9.34185412 3.19045324 0.00000000
v 9.96114585 3.87345321 0.34200001
v -8.20685389 1.73945323 0.00000000
v 9.97314594 3.95845324 0.34200001
v 9.98314617 4.03645331 0.34200001
v -8.12885382 2.33245326 0.00000000
v -8.39285424 2.44245321 0.00000000
v -8.28785422 2.38445324 0.00000000
v -8.59885409 1.87045323 0.00000000
v 9.37614581 3.90245325 0.34200001
v -8.47485402 1.82445323 0.00000000
v 9.36714599 3.88145334 0.34200001
v 9.35914562 3.86045319 0.34200001
v 9.34614608 3.82245333 0.34200001
v -8.43985417 2.46845323 0.00000000
v -8.42085412 2.45945323 0.00000000
v -8.70885422 1.91345323 0.00000000
v -8.40485385 2.45045323 0.00000000
v -8.34085419 1.78045323 0.00000000
v 9.34114597 3.80545313 0.34200001
v 9.31814620 3.69445330 0.34200001
v 9.33214614 3.74545318 0.34200001
v 9.33914611 3.79245312 0.34200001
v -8.45985415 2.47845322 0.00000000
v 9.33814571 3.78145320 0.34200001
v -8.48185399 2.48645324 0.00000000
v -8.50485423 2.49645323 0.00000000
v -8.55085423 2.51145322 0.00000000
v 9.36214588 4.70445329 0.34200001
v -8.79785397 1.95245323 0.00000000
v 7.42214630 5.05045325 0.34200001
v 7.42514560 5.02445323 0.34200001
v 8.09914634 -3.62154692 0.34200001
v 8.06614635 -3.64254683 0.34200001
v -1.85685401 -0.16454678 0.34200001
v 7.41414592 5.07645327 0.34200001
v -8.67385390 2.57545323 0.00000000
v -8.63885405 2.55345321 0.00000000
v -8.95085385 2.08745322 0.00000000
v -8.96485379 2.09445322 0.00000000
v -9.02385380 2.13045323 0.00000000
v -9.09785416 2.18145323 0.00000000
v -8.70885422 2.60145325 0.00000000
v 7.40114639 5.10245330 0.34200001
v 8.03314636 -3.65054672 0.34200001
v 8.04114578 -3.64954680 0.34200001
v 8.00714633 -3.66254681 0.34200001
v 8.02614639 -3.65354698 0.34200001
v 7.38414619 5.13445312 0.34200001
v -8.85885384 1.98545322 0.00000000
v -8.57685378 2.52045322 0.00000000
v -8.88385394 2.00845323 0.00000000
v -8.88885405 2.01945323 0.00000000
v 2.18714616 -0.81254667 0.00000000
v 2.17114589 -0.84354680 0.00000000
v 2.17114589 -0.84354680 0.34200001
v 2.18714616 -0.81254667 0.34200001
v 7.37114570 5.15445334 0.34200001
v 2.15114591 -0.87454670 0.00000000
v 2.15114591 -0.87454670 0.34200001
v 7.33914611 5.19345314 0.34200001
v 7.35514591 5.17345316 0.34200001
v 8.13714645 -3.59254664 0.34200001
v 7.32114646 5.21345312 0.34200001
v 7.96114585 -3.70354670 0.34200001
v 2.21114585 -0.74654668 0.34200001
v 2.21114585 -0.74654668 0.00000000
v -8.78085377 2.65845323 0.00000000
v -8.74485400 2.62945325 0.00000000
v 2.20014617 -0.78154677 0.00000000
v 2.20014617 -0.78154677 0.34200001
v 7.39314601 4.85145313 0.34200001
v 7.36814639 4.69345314 0.34200001
v 7.41814563 4.95645315 0.34200001
v 7.40714595 4.91045315 0.34200001
v 1.40614602 -0.58454674 0.00000000
v 1.40614602 -0.58454674 0.34200001
v 1.41514609 -0.62654679 0.34200001
v 1.41514609 -0.62654679 0.00000000
v 1.39314601 -0.54654687 0.00000000
v 1.39314601 -0.54654687 0.34200001
v -8.92485383 2.06745324 0.00000000
v 7.90514610 -3.73554676 0.34200001
v 7.89414642 -3.73854654 0.34200001
v 7.91714618 -3.73154658 0.34200001
v 7.92914626 -3.72554653 0.34200001
v 7.94014594 -3.71854656 0.34200001
v 7.88314578 -3.73854654 0.34200001
v 7.95114562 -3.71054667 0.34200001
v 7.87114570 -3.74054688 0.34200001
v 1.37414596 -0.51354688 0.00000000
v 1.37414596 -0.51354688 0.34200001
v 7.42414615 4.99445326 0.34200001
v 1.35214589 -0.48954671 0.00000000
v 1.35214589 -0.48954671 0.34200001
v -8.91385415 2.05645323 0.00000000
v -8.90385392 2.04445324 0.00000000
v -8.60585406 2.53445322 0.00000000
v -8.89585402 2.03145323 0.00000000
v 7.79314563 -3.78454655 0.34200001
v 7.45314643 -3.29254692 0.34200001
v 7.77614639 -3.79754656 0.34200001
v 1.32714603 -0.47654670 0.00000000
v 1.32714603 -0.47654670 0.34200001
v 7.25314567 5.26845319 0.34200001
v 7.26914642 5.25945312 0.34200001
v -9.54285386 2.58645320 0.00000000
v 7.42814586 -3.30754679 0.34200001
v 7.72514579 -3.84454697 0.34200001
v 7.74514625 -3.82854670 0.34200001
v 7.22014568 5.28045327 0.34200001
v 1.30114601 -0.47554677 0.00000000
v 1.30114601 -0.47554677 0.34200001
v 7.17914626 5.28845317 0.34200001
v 1.27614591 -0.47754687 0.00000000
v 1.27614591 -0.47754687 0.34200001
v 7.13314578 5.29145319 0.34200001
v 7.76214645 -3.81354683 0.34200001
v 7.47714565 -3.27754658 0.34200001
v -9.51785424 2.55545325 0.00000000
v -9.08185389 2.89645321 0.00000000
v -9.50585415 2.53745324 0.00000000
v -9.02485421 2.84645325 0.00000000
v 7.08314559 5.28945333 0.34200001
v 7.82614562 -3.76054686 0.34200001
v 1.25914595 -0.47154682 0.00000000
v 1.25914595 -0.47154682 0.34200001
v 7.03314636 5.28445322 0.34200001
v 6.98214576 5.27545316 0.34200001
v 7.85714576 -3.74454659 0.34200001
v 6.93614623 5.26145322 0.34200001
v 1.24914596 -0.45554679 0.34200001
v 1.24914596 -0.45554679 0.00000000
v -9.58585408 2.62645323 0.00000000
v -9.60485413 2.63545323 0.00000000
v 7.65314624 -3.89054697 0.34200001
v 1.24814603 -0.43654674 0.34200001
v 1.24814603 -0.43654674 0.00000000
v -9.57385399 2.61945326 0.00000000
v 6.89614627 5.24445326 0.34200001
v 6.86914585 5.22145325 0.34200001
v 7.67814586 -3.87654656 0.34200001
v 7.70314643 -3.86054676 0.34200001
v 6.84514568 5.18645317 0.34200001
v 1.25414607 -0.41154688 0.34200001
v 1.25414607 -0.41154688 0.00000000
v 6.82414577 5.13945324 0.34200001
v 1.26714609 -0.38554686 0.34200001
v 1.26714609 -0.38554686 0.00000000
v 6.80814597 5.08445317 0.34200001
v 6.79714630 5.02045328 0.34200001
v -10.34185364 5.04745323 0.00000000
v -9.57885411 5.54745323 0.00000000
v 6.79114578 4.95145327 0.34200001
v 6.79014633 4.87945325 0.34200001
v -9.76585391 4.78445322 0.00000000
v -10.37385419 4.79545314 0.00000000
v -10.34485390 4.07045323 0.00000000
v -10.36285355 4.15645320 0.00000000
v -10.37985375 4.32345325 0.00000000
v 6.79414604 4.80445320 0.34200001
v 6.79814575 4.75845320 0.34200001
v -9.67485383 3.81345326 0.00000000
v -10.21785405 3.61845321 0.00000000
v 6.79914615 4.68945319 0.34200001
v 8.27014587 -1.88854688 0.00000000
v 8.16314552 -1.85254687 0.00000000
v 8.49814556 -1.28454679 0.00000000
v 8.60814617 -1.34054678 0.00000000
v 8.58014629 -1.32554668 0.00000000
v 8.47614620 -1.27254670 0.00000000
v 8.27214572 -1.20254677 0.00000000
v 8.32414577 -1.21654671 0.00000000
v 8.10814617 -1.83454674 0.00000000
v 7.30414626 5.23045332 0.34200001
v 7.28614566 5.24545318 0.34200001
v 8.44914577 -1.26054686 0.00000000
v 8.41414592 -1.24554675 0.00000000
v 8.63514564 -1.35354679 0.00000000
v 8.36514613 -1.92654675 0.00000000
v 8.70514629 -1.38854688 0.00000000
v 6.77714584 4.13745314 0.34200001
v 6.78514621 4.26445324 0.34200001
v 9.77014587 -2.40954655 0.00000000
v 9.81814620 -2.49654692 0.00000000
v 9.23614642 -2.75654667 0.00000000
v 9.27314613 -2.83754700 0.00000000
v 6.76814601 4.00745327 0.34200001
v 9.29914615 -2.90554684 0.00000000
v 9.86914585 -2.59954661 0.00000000
v 6.75214622 3.78845317 0.34200001
v 9.58014629 -2.16554683 0.00000000
v 9.10214565 -2.52354687 0.00000000
v 9.55514572 -2.13254684 0.00000000
v 6.74114559 3.60045320 0.34200001
v 9.72914646 -2.34554690 0.00000000
v 9.19214580 -2.67154663 0.00000000
v 6.79914615 4.60245330 0.34200001
v 6.79614589 4.50045330 0.34200001
v 9.06414554 -2.47654694 0.00000000
v 9.49314639 -2.05254667 0.00000000
v 9.42314575 -1.97154682 0.00000000
v 9.60414646 -2.19654673 0.00000000
v 6.79114578 4.38645322 0.34200001
v 8.77314613 -2.20754688 0.00000000
v 8.69314620 -2.13454669 0.00000000
v 9.11914585 -1.68754667 0.00000000
v 7.33214614 3.91745312 0.34200001
v 7.33314559 3.64245326 0.34200001
v 9.19414565 -1.74754685 0.00000000
v 9.27114627 -1.81654685 0.00000000
v 8.85614631 -2.29354685 0.00000000
v 7.33714626 4.20245320 0.34200001
v 7.34914634 4.46945316 0.34200001
v 9.34814594 -1.89154666 0.00000000
v 8.94814632 -2.38654679 0.00000000
v 9.04914615 -1.63754671 0.00000000
v -2.00585401 6.46245319 0.34200001
v 8.96214626 -1.58754676 0.00000000
v 8.61614559 -2.07154673 0.00000000
v 8.91314552 -1.55654686 0.00000000
v 8.53614566 -2.01554673 0.00000000
v 8.89014575 -1.54054683 0.00000000
v 8.86914585 -1.52354687 0.00000000
v 9.83014629 3.33145327 0.34200001
v 9.78014610 3.21945328 0.34200001
v 8.45414588 -1.96754687 0.00000000
v 8.85114620 -1.50854676 0.00000000
v 8.81614635 -1.46954673 0.00000000
v 8.80414626 -1.45554679 0.00000000
v 9.51914642 2.80345327 0.34200001
v 9.45114562 2.72845322 0.34200001
v 9.86914585 3.43745322 0.34200001
v 9.89414642 3.53445322 0.34200001
v 8.76914642 -1.42754667 0.00000000
v 8.78714607 -1.44154685 0.00000000
v 8.82714603 -1.48154681 0.00000000
v 8.74814556 -1.41354674 0.00000000
v 8.83714626 -1.49454683 0.00000000
v 8.72714565 -1.40054672 0.00000000
v 9.58914611 2.89445323 0.34200001
v 9.65714595 2.99645323 0.34200001
v 9.72114608 3.10645325 0.34200001
v 8.88814590 -2.32654684 0.00000000
v 8.91914604 -2.35854691 0.00000000
v 8.98714588 -1.59954684 0.00000000
v 8.97414634 -2.41154688 0.00000000
v 8.99714610 -2.43154686 0.00000000
v 9.01614616 -2.44654673 0.00000000
v 9.29914615 3.63545329 0.34200001
v 9.27314613 3.56845326 0.34200001
v 9.24414585 3.49845321 0.34200001
v 9.21314571 3.42945320 0.34200001
v 9.62614581 -2.22554677 0.00000000
v 9.14514587 -2.59154671 0.00000000
v 9.11914585 3.25245327 0.34200001
v 9.10614631 3.22745318 0.34200001
v 8.37214610 -1.23154681 0.00000000
v 9.09414623 3.20245320 0.34200001
v 8.05314586 -1.81554669 0.00000000
v 9.18214557 3.36445326 0.34200001
v 8.10314605 -1.16554683 0.00000000
v 8.16014621 -1.17654675 0.00000000
v 8.00114581 -1.79554671 0.00000000
v 9.15014598 3.30845327 0.34200001
v 9.13414619 3.27945322 0.34200001
v 8.04914615 -1.15554684 0.00000000
v 7.86814639 -1.73954671 0.00000000
v 7.90614555 -1.75754684 0.00000000
v -0.01385405 -5.00354689 0.34200001
v 7.96914623 -6.52654713 0.34200001
v 7.85114620 -6.53554695 0.34200001
v 7.52414558 -6.54154652 0.34200001
v 7.67914626 -6.54254692 0.34200001
v 3.03014610 -7.04954689 0.34200001
v 2.98614595 -6.96854656 0.34200001
v 2.92614601 -6.86654633 0.34200001
v 2.85514591 -6.75354641 0.34200001
v 2.26214597 -6.99254673 0.34200001
v 2.24314592 -6.96454685 0.34200001
v 2.30314586 -7.04654663 0.34200001
v 3.16414592 -7.39954632 0.34200001
v 3.14514587 -7.34754723 0.34200001
v 3.12414596 -7.29954689 0.34200001
v 3.11214588 -7.27354687 0.34200001
v 3.10014579 -7.24454659 0.34200001
v 3.08914611 -7.21754711 0.34200001
v 3.19714591 -7.53354710 0.34200001
v 3.18114612 -7.46054714 0.34200001
v 3.06014583 -7.13954704 0.34200001
v 3.06914613 -7.16354721 0.34200001
v 3.07814596 -7.18954724 0.34200001
v 3.05414579 -7.11754673 0.34200001
v 3.05014608 -7.09954708 0.34200001
v 2.37614581 -7.14454716 0.34200001
v 2.38914583 -7.16354721 0.34200001
v 2.40514610 -7.19254654 0.34200001
v 2.39914605 -7.18054646 0.34200001
v 2.40714595 -7.20154637 0.34200001
v 9.07714603 3.16245324 0.34200001
v 9.07214591 3.14845318 0.34200001
v 9.08414600 3.18045325 0.34200001
v 2.40814588 -7.20754688 0.34200001
v 2.41114614 -7.21554630 0.34200001
v 2.41514585 -7.22554653 0.34200001
v 2.43414590 -7.25754708 0.34200001
v 2.42114589 -7.23554676 0.34200001
v 2.45214603 -7.27854698 0.34200001
v 9.01714561 3.09445328 0.34200001
v 9.02914569 3.10045320 0.34200001
v 2.32314584 -7.07254666 0.34200001
v 2.34314582 -7.09754723 0.34200001
v 2.36114595 -7.12154644 0.34200001
v 2.47014615 -7.31654709 0.34200001
v 2.48714588 -7.38754719 0.34200001
v 2.50614593 -7.48454636 0.34200001
v 3.26714609 -8.02154701 0.34200001
v 3.28414581 -8.18154686 0.34200001
v 3.22914598 -7.73054665 0.34200001
v 3.29614589 -8.45954674 0.34200001
v 3.29414604 -8.32554691 0.34200001
v 2.53914592 -7.73454636 0.34200001
v 2.52314613 -7.60254639 0.34200001
v 2.55214593 -7.87354630 0.34200001
v 2.56214616 -8.01254719 0.34200001
v 9.05014560 3.10545320 0.34200001
v 9.05514572 3.10945327 0.34200001
v 3.21214578 -7.62254685 0.34200001
v 2.57014606 -8.20254677 0.34200001
v 2.56914613 -8.17454689 0.34200001
v 2.56814620 -8.14754646 0.34200001
v 2.57214591 -8.22754639 0.34200001
v 2.57514617 -8.25054711 0.34200001
v 2.57914588 -8.27154701 0.34200001
v 2.58314607 -8.28854721 0.34200001
v 2.58714578 -8.30054634 0.34200001
v 2.59214589 -8.30754631 0.34200001
v 2.60014579 -8.33054703 0.34200001
v 2.60414598 -8.37354630 0.34200001
v 2.60214612 -8.43054646 0.34200001
v 2.59714601 -8.49454659 0.34200001
v 9.07014606 3.13145322 0.34200001
v 9.06714580 3.12445325 0.34200001
v 2.58914611 -8.55954712 0.34200001
v 3.28814599 -8.59454697 0.34200001
v 9.06114623 3.11345321 0.34200001
v 3.27114580 -8.73454636 0.34200001
v 3.24314592 -8.88654679 0.34200001
v 3.20514581 -9.05954712 0.34200001
v 3.15314576 -9.26054638 0.34200001
v 2.57814596 -8.61754673 0.34200001
v 2.55314586 -8.68854683 0.34200001
v 2.54914615 -8.69654720 0.34200001
v 8.96714637 3.05645317 0.34200001
v 8.98514602 3.07145328 0.34200001
v 2.54514596 -8.70954674 0.34200001
v 2.56614587 -8.66354721 0.34200001
v 8.94714591 3.03745324 0.34200001
v 8.92614601 3.01745326 0.34200001
v 2.54214618 -8.74554699 0.34200001
v 2.54414604 -8.72654694 0.34200001
v 8.90714595 2.99545318 0.34200001
v 2.54214618 -8.76954716 0.34200001
v 2.54314611 -8.79354637 0.34200001
v 2.54314611 -9.00754708 0.34200001
v 2.54714582 -8.98354691 0.34200001
v 2.53914592 -9.02654713 0.34200001
v 2.53214595 -9.04254692 0.34200001
v 9.07014606 3.13945324 0.34200001
v 2.52614591 -9.06054657 0.34200001
v 2.54714582 -8.84554642 0.34200001
v 2.55014608 -8.87454670 0.34200001
v 9.03714607 3.10345322 0.34200001
v 2.55114601 -8.90254658 0.34200001
v 2.55114601 -8.93054646 0.34200001
v 2.55014608 -8.95754688 0.34200001
v 3.12314603 -9.35854691 0.34200001
v 3.10114620 -9.41754692 0.34200001
v 3.14114616 -9.30654686 0.34200001
v 3.04514596 -9.54954689 0.34200001
v 3.07414577 -9.48154705 0.34200001
v 2.51714609 -9.08454674 0.34200001
v 2.50714586 -9.11454647 0.34200001
v 2.48514602 -9.18854683 0.34200001
v 2.49714610 -9.14954632 0.34200001
v 2.47414586 -9.22954720 0.34200001
v 9.06514594 3.11845321 0.34200001
v 2.45214603 -9.31654709 0.34200001
v 2.38714597 -9.53954666 0.34200001
v 9.04414604 3.10445327 0.34200001
v 7.39214561 -4.02254694 0.34200001
v 9.00214622 3.08445317 0.34200001
v 2.29914615 -9.52254646 0.34200001
v 2.30814597 -9.52354687 0.34200001
v 2.43014619 -9.40054672 0.34200001
v 7.36014602 -4.04554671 0.34200001
v 2.39914605 -9.51054638 0.34200001
v 2.34714601 -9.55054634 0.34200001
v 2.31814620 -9.52854698 0.34200001
v 2.32914588 -9.53654640 0.34200001
v 2.29014585 -9.52554672 0.34200001
v 2.28314588 -9.53254669 0.34200001
v 2.27414605 -9.54354637 0.34200001
v 2.26514575 -9.55954712 0.34200001
v 2.25514600 -9.58154648 0.34200001
v 2.41214607 -9.46454685 0.34200001
v 2.91914604 -9.80654686 0.34200001
v 2.90314576 -9.83854645 0.34200001
v 2.93714616 -9.77454632 0.34200001
v 2.97614620 -9.69754666 0.34200001
v 3.01214597 -9.62254685 0.34200001
v 2.86714599 -9.92054718 0.34200001
v 2.86014602 -9.94054669 0.34200001
v 2.87714622 -9.89554661 0.34200001
v 2.79914615 -10.04054707 0.34200001
v 2.81414602 -10.02654713 0.34200001
v 2.82814596 -10.01254719 0.34200001
v 2.83814618 -9.99954670 0.34200001
v 2.84714601 -9.98754662 0.34200001
v 2.85214612 -9.97654694 0.34200001
v 2.74714610 -10.08454674 0.34200001
v 2.73014591 -10.09854668 0.34200001
v 2.76414583 -10.06854695 0.34200001
v 2.85414598 -9.96754711 0.34200001
v 2.85514591 -9.95654648 0.34200001
v 2.89014575 -9.86754673 0.34200001
v 2.78314588 -10.05454701 0.34200001
v 1.41514609 -0.79854673 0.34200001
v 1.43014595 -0.85154670 0.34200001
v 1.43014595 -0.85154670 0.00000000
v 1.41514609 -0.79854673 0.00000000
v 1.40714595 -0.75054687 0.34200001
v 1.40714595 -0.75054687 0.00000000
v 1.41114590 -0.71054667 0.34200001
v 1.41114590 -0.71054667 0.00000000
v 1.41714594 -0.66954678 0.00000000
v 1.41714594 -0.66954678 0.34200001
v 1.96914599 -1.04754680 0.00000000
v 1.96914599 -1.04754680 0.34200001
v 1.97914598 -1.07254666 0.34200001
v 1.97914598 -1.07254666 0.00000000
v 1.95814607 -1.03254669 0.00000000
v 1.95814607 -1.03254669 0.34200001
v 1.98514602 -1.10654681 0.34200001
v 1.98514602 -1.10654681 0.00000000
v 2.08214590 -1.02154678 0.34200001
v 2.08214590 -1.02154678 0.00000000
v 2.08014605 -1.03454679 0.00000000
v 2.08014605 -1.03454679 0.34200001
v 2.05514595 -1.15254682 0.00000000
v 2.06714604 -1.12254685 0.34200001
v 2.06714604 -1.12254685 0.00000000
v 2.07714603 -1.08354681 0.00000000
v 2.07714603 -1.08354681 0.34200001
v 2.12414596 -0.92054671 0.34200001
v 2.12414596 -0.92054671 0.00000000
v 2.11214588 -0.94354671 0.00000000
v 2.11214588 -0.94354671 0.34200001
v 2.10114596 -0.96554678 0.00000000
v 2.10114596 -0.96554678 0.34200001
v 2.09214589 -0.98654669 0.00000000
v 2.09214589 -0.98654669 0.34200001
v 2.08614609 -1.00554674 0.00000000
v 2.08614609 -1.00554674 0.34200001
v 1.94514606 -1.02754682 0.34200001
v 1.94514606 -1.02754682 0.00000000
v 1.76914594 -1.05154675 0.00000000
v 1.76914594 -1.05154675 0.34200001
v 1.78914592 -1.08054679 0.34200001
v 1.78914592 -1.08054679 0.00000000
v 1.74414608 -1.02054685 0.00000000
v 1.74414608 -1.02054685 0.34200001
v 1.72214601 -0.99654668 0.00000000
v 1.72214601 -0.99654668 0.34200001
v 1.70514605 -0.97954672 0.00000000
v 1.70514605 -0.97954672 0.34200001
v 1.93214605 -1.03254669 0.00000000
v 1.93214605 -1.03254669 0.34200001
v 1.80314610 -1.10754674 0.00000000
v 1.80314610 -1.10754674 0.34200001
v 1.80914590 -1.13054674 0.34200001
v 1.80914590 -1.13054674 0.00000000
v 1.92014596 -1.04654687 0.00000000
v 1.92014596 -1.04654687 0.34200001
v 1.90914605 -1.06954687 0.00000000
v 1.90914605 -1.06954687 0.34200001
v 1.90214608 -1.10254687 0.00000000
v 1.89314601 -1.13754671 0.00000000
v 1.89314601 -1.13754671 0.34200001
v 1.90214608 -1.10254687 0.34200001
v 2.05514595 -1.15254682 0.34200001
v 2.03914592 -1.17054671 0.00000000
v 2.03914592 -1.17054671 0.34200001
v 2.02314589 -1.17654675 0.00000000
v 2.02314589 -1.17654675 0.34200001
v 2.00814602 -1.16854685 0.00000000
v 2.00814602 -1.16854685 0.34200001
v 1.99414608 -1.14554685 0.34200001
v 1.99414608 -1.14554685 0.00000000
v 2.72514579 1.16045321 0.34200001
v 1.84014604 -1.21554678 0.00000000
v 1.81914589 -1.23154681 0.00000000
v 1.84014604 -1.21554678 0.34200001
v 1.86114595 -1.19454687 0.34200001
v 1.86114595 -1.19454687 0.00000000
v 1.87914607 -1.16754668 0.34200001
v 1.75714609 -1.20554679 0.34200001
v 1.75614593 -1.21054667 0.34200001
v 1.75714609 -1.20554679 0.00000000
v 1.76014588 -1.20054668 0.34200001
v 1.77714608 -1.18954676 0.00000000
v 1.77714608 -1.18954676 0.34200001
v 1.76914594 -1.19154685 0.34200001
v 1.79414604 -1.17954677 0.00000000
v 1.79414604 -1.17954677 0.34200001
v 1.81014607 -1.14954680 0.00000000
v 1.81014607 -1.14954680 0.34200001
v 1.80514595 -1.16754668 0.34200001
v 1.81914589 -1.23154681 0.34200001
v 1.76214597 -1.22854679 0.34200001
v 1.77814600 -1.23854678 0.34200001
v 1.76214597 -1.22854679 0.00000000
v 1.75814602 -1.22254675 0.34200001
v 1.76914594 -1.19154685 0.00000000
v 1.80514595 -1.16754668 0.00000000
v 1.79814598 -1.23854678 0.00000000
v -3.42285397 -2.21554678 0.00000000
v -3.43785396 -2.25354689 0.00000000
v -3.44885399 -2.27454680 0.00000000
v -3.46185401 -2.29754680 0.00000000
v -3.47685399 -2.32354682 0.00000000
v -3.49385395 -2.35054653 0.00000000
v -3.54885402 -2.44654673 0.00000000
v 1.77814600 -1.23854678 0.00000000
v -4.12085393 -2.24254673 0.00000000
v -4.17285397 -2.37154692 0.00000000
v -3.60585406 -2.56654661 0.00000000
v 1.75814602 -1.22254675 0.00000000
v -1.92785401 -2.44254654 0.00000000
v -1.94185401 -2.43454664 0.00000000
v -1.95385401 -2.42454689 0.00000000
v -1.88985401 -2.45854681 0.00000000
v 1.87914607 -1.16754668 0.00000000
v -3.64585402 -2.68254679 0.00000000
v -3.65585401 -2.71554678 0.00000000
v -4.22085407 -2.50854700 0.00000000
v -3.63585403 -2.64654654 0.00000000
v -3.62185397 -2.60754698 0.00000000
v -3.56885400 -2.48554676 0.00000000
v 1.79814598 -1.23854678 0.34200001
v -3.76985397 -2.94654673 0.00000000
v -4.31085398 -2.82254666 0.00000000
v -3.75985398 -2.90054672 0.00000000
v 1.75614593 -1.21054667 0.00000000
v -3.66785398 -2.74754685 0.00000000
v -3.67885401 -2.77754658 0.00000000
v -3.69085398 -2.80354660 0.00000000
v -3.70285406 -2.82654684 0.00000000
v -3.71285405 -2.84554690 0.00000000
v -3.72385397 -2.85954683 0.00000000
v -3.73185399 -2.86754673 0.00000000
v -3.74785402 -2.87854689 0.00000000
v -4.26685407 -2.65754669 0.00000000
v 1.76014588 -1.20054668 0.00000000
v -4.44285395 -3.50954693 0.00000000
v -4.42785409 -3.37754696 0.00000000
v -3.82685402 -3.62154692 0.00000000
v -3.78085401 -3.02954691 0.00000000
v -3.79285398 -3.16054695 0.00000000
v -4.35685399 -3.00954693 0.00000000
v -4.49385407 -4.39654654 0.00000000
v -4.47985389 -4.09654682 0.00000000
v -3.87685397 -4.34554690 0.00000000
v -4.45585396 -3.66454666 0.00000000
v -3.80685403 -3.35354679 0.00000000
v -4.38585403 -3.13954657 0.00000000
v -3.85085406 -3.97754687 0.00000000
v -4.46785405 -3.85654658 0.00000000
v -4.40885403 -3.25854700 0.00000000
v -3.58785405 -2.52554672 0.00000000
v -3.92885401 -4.92454689 0.00000000
v -4.50785401 -4.68754690 0.00000000
v -3.90285399 -4.65954655 0.00000000
v -4.51785400 -4.81254690 0.00000000
v -4.52685406 -4.92154663 0.00000000
v -4.54785397 -5.09654682 0.00000000
v -4.53685405 -5.01654690 0.00000000
v -3.95785406 -5.15154665 0.00000000
v -4.50085404 -4.54954689 0.00000000
v -4.62685397 -5.42454689 0.00000000
v -4.60485389 -5.33654659 0.00000000
v -4.02285411 -5.51854675 0.00000000
v -4.59285405 -5.29254692 0.00000000
v -3.98785403 -5.34554690 0.00000000
v -4.58185389 -5.25154656 0.00000000
v -4.57085397 -5.21454685 0.00000000
v -4.55885413 -5.16254681 0.00000000
v 1.63414595 -0.98454683 0.00000000
v 1.62514589 -0.99354666 0.00000000
v 1.63414595 -0.98454683 0.34200001
v -4.67785409 -5.61354654 0.00000000
v -4.66385391 -5.57254666 0.00000000
v -4.10985401 -5.83054655 0.00000000
v -4.24685409 -6.19054669 0.00000000
v -4.29185393 -6.28954666 0.00000000
v -4.82685402 -5.91854685 0.00000000
v 1.69114587 -0.96754687 0.34200001
v 1.69114587 -0.96754687 0.00000000
v 1.67914603 -0.96054667 0.00000000
v 1.67914603 -0.96054667 0.34200001
v 1.45214603 -0.90454667 0.34200001
v 1.47614596 -0.95354670 0.34200001
v 1.45214603 -0.90454667 0.00000000
v 1.66814611 -0.95954674 0.34200001
v 1.66814611 -0.95954674 0.00000000
v 1.50414607 -0.99454683 0.00000000
v 1.50414607 -0.99454683 0.34200001
v 1.65714595 -0.96354669 0.00000000
v 1.65714595 -0.96354669 0.34200001
v 1.53114602 -1.02154678 0.00000000
v 1.64614603 -0.97154682 0.34200001
v 1.61614606 -1.00354689 0.34200001
v 1.62514589 -0.99354666 0.34200001
v 1.61614606 -1.00354689 0.00000000
v 1.60514591 -1.01054686 0.00000000
v 1.60514591 -1.01054686 0.34200001
v 1.59514592 -1.01754683 0.34200001
v 1.59514592 -1.01754683 0.00000000
v 1.58514593 -1.02354687 0.00000000
v 1.58514593 -1.02354687 0.34200001
v 1.57514593 -1.02754682 0.00000000
v 1.57514593 -1.02754682 0.34200001
v 1.56514594 -1.03054684 0.00000000
v 1.56514594 -1.03054684 0.34200001
v 1.55714605 -1.03254669 0.34200001
v 1.53114602 -1.02154678 0.34200001
v 1.47614596 -0.95354670 0.00000000
v 1.64614603 -0.97154682 0.00000000
v 1.55714605 -1.03254669 0.00000000
v 0.75214598 -1.25954669 0.34200001
v 0.75214598 -1.25954669 0.00000000
v 0.78114602 -1.29854673 0.00000000
v 0.78114602 -1.29854673 0.34200001
v 0.81114600 -1.33554667 0.00000000
v 0.81114600 -1.33554667 0.34200001
v 0.84214589 -1.36854666 0.00000000
v 0.84214589 -1.36854666 0.34200001
v 0.87114594 -1.39454668 0.00000000
v 0.87114594 -1.39454668 0.34200001
v 0.70914600 -1.18354672 0.34200001
v 0.70914600 -1.18354672 0.00000000
v 0.72714589 -1.21954673 0.00000000
v 0.72714589 -1.21954673 0.34200001
v 0.69214604 -1.14854687 0.34200001
v 0.67714593 -1.12154668 0.34200001
v 0.69214604 -1.14854687 0.00000000
v 0.67714593 -1.12154668 0.00000000
v 0.62314603 -1.10754674 0.34200001
v 0.60914609 -1.12454670 0.34200001
v 0.60914609 -1.12454670 0.00000000
v 0.62314603 -1.10754674 0.00000000
v 0.63614604 -1.09754675 0.34200001
v 0.63614604 -1.09754675 0.00000000
v 0.66314599 -1.10454672 0.34200001
v 0.65014598 -1.09654682 0.34200001
v 0.65014598 -1.09654682 0.00000000
v 0.66314599 -1.10454672 0.00000000
v 0.59314606 -1.15054672 0.00000000
v 0.56814597 -1.18454688 0.00000000
v 0.56814597 -1.18454688 0.34200001
v 0.55814597 -1.19254678 0.34200001
v 0.55814597 -1.19254678 0.00000000
v 0.54714606 -1.20054668 0.34200001
v 0.54714606 -1.20054668 0.00000000
v 0.57714603 -1.17354673 0.00000000
v 0.57714603 -1.17354673 0.34200001
v 0.58514593 -1.16254681 0.00000000
v 0.58514593 -1.16254681 0.34200001
v 0.59314606 -1.15054672 0.34200001
v 0.53714607 -1.20554679 0.34200001
v 0.53714607 -1.20554679 0.00000000
v 0.52814600 -1.20854681 0.34200001
v 0.52814600 -1.20854681 0.00000000
v 0.41814611 -1.24654668 0.34200001
v 0.41814611 -1.24654668 0.00000000
v 0.43914602 -1.23654669 0.34200001
v 0.45914600 -1.22754687 0.34200001
v 0.43914602 -1.23654669 0.00000000
v 0.45914600 -1.22754687 0.00000000
v 0.47714589 -1.22054666 0.34200001
v 0.47714589 -1.22054666 0.00000000
v 0.49414608 -1.21454685 0.34200001
v 0.49414608 -1.21454685 0.00000000
v 0.50814602 -1.21154683 0.34200001
v 0.50814602 -1.21154683 0.00000000
v 0.51814601 -1.21054667 0.00000000
v 0.51814601 -1.21054667 0.34200001
v 0.33114598 -1.29154676 0.00000000
v 0.33114598 -1.29154676 0.34200001
v 0.31014607 -1.30054682 0.34200001
v 0.31014607 -1.30054682 0.00000000
v 0.35414598 -1.28154677 0.00000000
v 0.35414598 -1.28154677 0.34200001
v 0.37614605 -1.26954668 0.00000000
v 0.37614605 -1.26954668 0.34200001
v 0.39714596 -1.25754684 0.34200001
v 0.39714596 -1.25754684 0.00000000
v -4.63685396 -5.46654671 0.00000000
v -4.15485408 -5.95954674 0.00000000
v -4.06285408 -5.67754667 0.00000000
v -4.85585406 -5.96654671 0.00000000
v 0.18914602 -1.30754679 0.34200001
v 0.17714593 -1.30854672 0.34200001
v 0.17714593 -1.30854672 0.00000000
v 0.18914602 -1.30754679 0.00000000
v 0.20214603 -1.30754679 0.34200001
v 0.20214603 -1.30754679 0.00000000
v -4.69585397 -5.66054695 0.00000000
v -4.71785405 -5.71154659 0.00000000
v 0.23614595 -1.31454676 0.00000000
v 0.23614595 -1.31454676 0.34200001
v 0.22414610 -1.31154674 0.34200001
v 0.22414610 -1.31154674 0.00000000
v -4.74285391 -5.76354664 0.00000000
v 0.21414587 -1.30854672 0.34200001
v 0.21414587 -1.30854672 0.00000000
v -4.76985409 -5.81754654 0.00000000
v -4.79785397 -5.86954659 0.00000000
v 0.25114605 -1.31454676 0.00000000
v 0.25114605 -1.31454676 0.34200001
v 0.26914594 -1.31254667 0.00000000
v 0.26914594 -1.31254667 0.34200001
v 0.28914592 -1.30754679 0.00000000
v 0.28914592 -1.30754679 0.34200001
v 1.84414599 -2.40954655 0.34200001
v 1.84414599 -2.40954655 0.00000000
v 1.86914608 -2.39454668 0.34200001
v 7.78814552 -1.69454687 0.00000000
v 7.75814578 -1.68154686 0.00000000
v 7.94514606 -1.13354676 0.00000000
v 7.81514594 -1.71054667 0.00000000
v 7.83714626 -1.72354668 0.00000000
v 7.99614570 -1.14354675 0.00000000
v 7.89914558 -1.12254685 0.00000000
v 7.72314594 -1.67254680 0.00000000
v 1.92614601 -2.36754673 0.34200001
v 1.89714596 -2.38154667 0.34200001
v 1.89714596 -2.38154667 0.00000000
v 1.92614601 -2.36754673 0.00000000
v 1.86914608 -2.39454668 0.00000000
v 6.63014552 -1.10154670 0.00000000
v 6.72114608 -1.67354673 0.00000000
v 6.48514602 -1.13254684 0.00000000
v 6.67114589 -1.68754667 0.00000000
v 6.77514598 -1.07554668 0.00000000
v 6.78214595 -1.66254681 0.00000000
v 6.92114589 -1.05754679 0.00000000
v 6.85814617 -1.65454667 0.00000000
v 7.46114585 -1.65054672 0.00000000
v 7.35414646 -1.64754670 0.00000000
v 7.44014594 -1.04754680 0.00000000
v 1.97014592 -2.34754675 0.34200001
v 1.97014592 -2.34754675 0.00000000
v 2.00814602 -2.33354681 0.34200001
v 2.00814602 -2.33354681 0.00000000
v 2.04314611 -2.32454675 0.34200001
v 2.04314611 -2.32454675 0.00000000
v 7.82414577 -1.10254687 0.00000000
v 7.85814617 -1.11254686 0.00000000
v 7.67714641 -1.66354674 0.00000000
v 7.79914615 -1.09454673 0.00000000
v 7.76414630 -1.08154672 0.00000000
v 7.78214595 -1.08854669 0.00000000
v 7.62014625 -1.65754669 0.00000000
v 2.07814596 -2.31954687 0.34200001
v 2.07814596 -2.31954687 0.00000000
v 2.11714599 -2.31854671 0.34200001
v 2.11714599 -2.31854671 0.00000000
v 2.16214607 -2.32254666 0.34200001
v 1.06014607 -1.53354686 0.00000000
v 1.08314607 -1.55854672 0.00000000
v 1.08314607 -1.55854672 0.34200001
v 1.06014607 -1.53354686 0.34200001
v 7.19614646 -1.64654678 0.00000000
v 7.21614597 -1.04154676 0.00000000
v 1.10214589 -1.58554667 0.00000000
v 1.10214589 -1.58554667 0.34200001
v 1.11914608 -1.61454671 0.00000000
v 1.11914608 -1.61454671 0.34200001
v 7.36614559 -1.04454678 0.00000000
v 8.88514564 2.97445328 0.34200001
v 1.13214609 -1.64654678 0.00000000
v 1.13214609 -1.64654678 0.34200001
v 7.51114604 -1.05154675 0.00000000
v 7.57714603 -1.05654686 0.00000000
v 7.54914615 -1.65354675 0.00000000
v 8.57614562 2.76345319 0.34200001
v 8.71014640 2.83545322 0.34200001
v 7.63814590 -1.06254667 0.00000000
v 8.46114585 2.70945317 0.34200001
v 0.89614603 -1.41254681 0.00000000
v 0.89614603 -1.41254681 0.34200001
v 7.73314617 -1.07454675 0.00000000
v 7.69014594 -1.06854671 0.00000000
v 0.92114589 -1.42054671 0.34200001
v 0.91414592 -1.41854685 0.34200001
v 0.91414592 -1.41854685 0.00000000
v 0.92114589 -1.42054671 0.00000000
v 8.86114642 2.95145327 0.34200001
v 8.80914638 2.90545327 0.34200001
v 0.93014595 -1.42454665 0.34200001
v 0.93014595 -1.42454665 0.00000000
v 8.78214595 2.88445324 0.34200001
v 8.75614593 2.86445326 0.34200001
v 8.73214576 2.84845323 0.34200001
v 9.34614608 2.62545324 0.34200001
v 6.34114597 -1.17254680 0.00000000
v 6.51714561 -1.75254672 0.00000000
v 9.20114562 2.48545325 0.34200001
v 9.15514610 2.44245321 0.34200001
v 9.26314590 2.54445321 0.34200001
v 6.95014617 -1.64954680 0.00000000
v 7.06214568 -1.64654678 0.00000000
v 7.06814620 -1.04554671 0.00000000
v 9.92014644 -2.71454685 0.00000000
v 9.97014568 -2.83254688 0.00000000
v 9.69814632 -2.31154674 0.00000000
v 10.07414577 -3.13854664 0.00000000
v 10.08414600 -3.17254656 0.00000000
v 9.49314639 -3.33454674 0.00000000
v 9.51514575 -3.40754669 0.00000000
v 10.06514594 -3.10754698 0.00000000
v 10.10614631 -3.24254673 0.00000000
v 10.11614559 -3.27754658 0.00000000
v 10.12614581 -3.31054657 0.00000000
v 9.53114555 -3.50054663 0.00000000
v 10.15914581 -3.52654665 0.00000000
v 10.14514587 -3.40054672 0.00000000
v 10.05614612 -3.07754677 0.00000000
v 9.40614555 -3.11754673 0.00000000
v 9.40114639 -3.09054678 0.00000000
v 10.01314590 -2.94754666 0.00000000
v 9.43914554 -3.23854654 0.00000000
v 9.43014572 -3.21654671 0.00000000
v 9.44714591 -3.25854700 0.00000000
v 9.42314575 -3.19254654 0.00000000
v 9.41614578 -3.16754692 0.00000000
v 9.45714614 -3.27454680 0.00000000
v 9.39614627 -3.06654661 0.00000000
v 9.07014606 2.38845325 0.34200001
v 9.38914630 -3.04554671 0.00000000
v 9.38214633 -3.02854698 0.00000000
v 9.37514636 -3.01354664 0.00000000
v 9.46614597 -3.28654688 0.00000000
v 10.04814575 -3.05454701 0.00000000
v 8.96914623 2.31345320 0.34200001
v 8.95714614 2.30745322 0.34200001
v 9.03014610 -2.45654696 0.00000000
v 9.03714607 -2.45954674 0.00000000
v 9.64614627 -2.25154679 0.00000000
v 9.68014572 -2.29154676 0.00000000
v 9.69114635 -2.30454677 0.00000000
v 9.66514633 -2.27354687 0.00000000
v 9.35914562 -2.99654692 0.00000000
v 9.36714599 -3.00354689 0.00000000
v 9.01914642 2.35345322 0.34200001
v 9.01114604 2.34445322 0.34200001
v 9.34114597 -2.99454659 0.00000000
v 9.33314559 -2.99154680 0.00000000
v 9.32014606 -2.98354691 0.00000000
v 9.32614562 -2.98854654 0.00000000
v 9.31514594 -2.97754687 0.00000000
v 9.30914638 -2.96154659 0.00000000
v 9.30814597 -2.95354670 0.00000000
v 10.16914604 -3.67754667 0.00000000
v 9.54314563 -3.61054676 0.00000000
v 9.02714584 2.36145324 0.34200001
v 9.10214565 2.39845324 0.34200001
v 9.08714626 2.39145321 0.34200001
v 6.51714561 -1.75254672 0.34200001
v 6.58214614 -1.72754687 0.34200001
v 9.12414596 2.41445321 0.34200001
v 9.54914615 -3.73254698 0.00000000
v 10.17414615 -3.84154671 0.00000000
v 9.54814575 -3.86254662 0.00000000
v 9.51114604 -4.24754685 0.00000000
v 9.52014587 -4.18854683 0.00000000
v 10.15914581 -4.29754656 0.00000000
v 9.48214576 -4.39354675 0.00000000
v 9.49214599 -4.35154694 0.00000000
v 9.05514572 2.38145322 0.34200001
v 9.07614562 2.38945324 0.34200001
v 9.52814624 -4.12554663 0.00000000
v 9.54114578 -3.99554699 0.00000000
v 10.16914604 -4.16354674 0.00000000
v 10.17414615 -4.00654667 0.00000000
v 10.14414642 -4.39854687 0.00000000
v 9.50114581 -4.30254667 0.00000000
v 9.47314594 -4.42754667 0.00000000
v 8.98114631 2.32045323 0.34200001
v 8.14314601 -3.06054657 0.00000000
v 8.19814632 -3.10154694 0.00000000
v 7.89214561 -3.04654663 0.00000000
v 7.93314597 -3.03454655 0.00000000
v 7.97514579 -3.02754658 0.00000000
v 8.01714561 -3.02554672 0.00000000
v 8.08214614 -3.03454655 0.00000000
v 7.81714580 -3.08154696 0.00000000
v 7.85414646 -3.06154698 0.00000000
v 8.24514625 -3.15354698 0.00000000
v 8.28114555 -3.21154659 0.00000000
v 8.30314586 -3.27354687 0.00000000
v 8.30914638 -3.33554667 0.00000000
v 8.29714630 -3.39654654 0.00000000
v 8.27814624 -3.43254679 0.00000000
v 8.25014636 -3.47254675 0.00000000
v 8.03314636 -3.65054672 0.00000000
v 7.78314636 -3.10354679 0.00000000
v 7.75214622 -3.13054674 0.00000000
v 8.92114589 2.29945320 0.34200001
v 8.91114566 2.29845322 0.34200001
v 7.72614620 -3.15854662 0.00000000
v 8.01614616 -3.65654677 0.00000000
v 7.69814632 -3.18854683 0.00000000
v 8.93314597 2.30045325 0.34200001
v 7.68214557 -3.20054691 0.00000000
v 7.88314578 -3.73854654 0.00000000
v 8.94514606 2.30345321 0.34200001
v 7.66614578 -3.21154659 0.00000000
v 7.55014560 -3.24554699 0.00000000
v 7.57114646 -3.23854654 0.00000000
v 7.80914638 -3.77154654 0.00000000
v 7.50214622 -3.26554697 0.00000000
v 7.52714584 -3.25454682 0.00000000
v 9.00214622 2.33545322 0.34200001
v 7.58914611 -3.23454683 0.00000000
v 7.60414646 -3.23354691 0.00000000
v 7.61814639 -3.23154658 0.00000000
v 7.82614562 -3.76054686 0.00000000
v 7.47714565 -3.27754658 0.00000000
v 7.45314643 -3.29254692 0.00000000
v 7.79314563 -3.78454655 0.00000000
v 7.63314578 -3.22754687 0.00000000
v 7.84214637 -3.75154656 0.00000000
v 7.77614639 -3.79754656 0.00000000
v 9.03714607 2.36845321 0.34200001
v 9.04614589 2.37545324 0.34200001
v 7.96914623 -3.69454687 0.00000000
v 7.97814605 -3.68554657 0.00000000
v 7.99714610 -3.66954678 0.00000000
v 8.00714633 -3.66254681 0.00000000
v 8.04114578 -3.64954680 0.00000000
v 8.02614639 -3.65354698 0.00000000
v 8.13714645 -3.59254664 0.00000000
v 8.17714641 -3.55554693 0.00000000
v 8.09914634 -3.62154692 0.00000000
v 8.06614635 -3.64254683 0.00000000
v 8.21614597 -3.51454657 0.00000000
v 8.99214599 2.32745320 0.34200001
v 7.64914558 -3.22054690 0.00000000
v 7.85714576 -3.74454659 0.00000000
v 8.87614581 2.27845324 0.34200001
v 8.88814590 2.28645325 0.34200001
v 7.89414642 -3.73854654 0.00000000
v 7.90514610 -3.73554676 0.00000000
v 7.91714618 -3.73154658 0.00000000
v 7.92914626 -3.72554653 0.00000000
v 7.94014594 -3.71854656 0.00000000
v 7.95114562 -3.71054667 0.00000000
v 7.87114570 -3.74054688 0.00000000
v 7.96114585 -3.70354670 0.00000000
v 8.90014598 2.29345322 0.34200001
v 7.70314643 -3.86054676 0.00000000
v 7.67814586 -3.87654656 0.00000000
v 7.35314605 -3.35754698 0.00000000
v 7.55414626 -3.93154686 0.00000000
v 7.52514598 -3.94454687 0.00000000
v 7.28314636 -3.40254658 0.00000000
v 7.58014629 -3.92354696 0.00000000
v 7.60314605 -3.91354674 0.00000000
v 8.84614608 2.24045325 0.34200001
v 8.82814643 2.20445324 0.34200001
v 8.81614635 2.18845320 0.34200001
v 7.65314624 -3.89054697 0.00000000
v 8.85514591 2.25445325 0.34200001
v 7.39214561 -4.02254694 0.00000000
v 8.86514613 2.26745326 0.34200001
v 7.62814567 -3.90254658 0.00000000
v 8.35614631 2.67445320 0.34200001
v 8.80414626 2.17545325 0.34200001
v 8.32114646 2.08445323 0.34200001
v 8.40414569 2.10345322 0.34200001
v 8.44314620 2.11345324 0.34200001
v -4.20085409 -6.08054655 0.00000000
v 7.36014602 -4.04554671 0.00000000
v 7.42814586 -3.30754679 0.00000000
v 8.52514598 2.13045323 0.34200001
v 8.56514594 2.13745323 0.34200001
v 7.76214645 -3.81354683 0.00000000
v 8.60414646 2.14345322 0.34200001
v 7.74514625 -3.82854670 0.00000000
v 7.72514579 -3.84454697 0.00000000
v 8.63914630 2.14745322 0.34200001
v -4.65385392 -5.53754681 0.00000000
v -4.64685395 -5.50454682 0.00000000
v 8.67014644 2.15045322 0.34200001
v 8.69514606 2.15145323 0.34200001
v 8.72514579 2.15145323 0.34200001
v 8.75114581 2.15445322 0.34200001
v 8.77114627 2.15845323 0.34200001
v 8.78914592 2.16545323 0.34200001
v -4.90685394 -6.05454701 0.00000000
v -4.88285401 -6.01154679 0.00000000
v -4.33785393 -6.37554711 0.00000000
v -4.97185400 -6.19254654 0.00000000
v -4.96885398 -6.18354672 0.00000000
v -4.38085392 -6.44854706 0.00000000
v -4.42385390 -6.50754708 0.00000000
v -4.46385410 -6.54954689 0.00000000
v -4.47585395 -6.56054657 0.00000000
v -4.48685410 -6.57354706 0.00000000
v -4.97885397 -6.20454663 0.00000000
v -4.49685409 -6.58554714 0.00000000
v -4.50585392 -6.59754723 0.00000000
v -4.98985412 -6.21954697 0.00000000
v 7.34214637 3.40045327 0.34200001
v 2.24614618 -9.59954708 0.34200001
v -4.92785409 -6.09354656 0.00000000
v 7.70014617 2.74945325 0.34200001
v 7.73214576 2.73445327 0.34200001
v 2.23614595 -9.61554688 0.34200001
v 7.65914581 2.78045327 0.34200001
v -4.95785406 -6.15254658 0.00000000
v -4.94585397 -6.12654656 0.00000000
v -4.96685412 -6.17254656 0.00000000
v 7.61214588 2.82345325 0.34200001
v 7.56214568 2.87645323 0.34200001
v 7.51014564 2.93545324 0.34200001
v 7.46114585 2.99745328 0.34200001
v 7.41714618 3.05945319 0.34200001
v 2.66814611 -10.19854706 0.34200001
v 2.66014621 -10.21254700 0.34200001
v 7.38114593 3.11745328 0.34200001
v 7.35814617 3.21745319 0.34200001
v -5.18685391 -6.41354721 0.00000000
v -5.17285397 -6.39654701 0.00000000
v -4.68785408 -6.84754723 0.00000000
v -5.13485410 -6.35954636 0.00000000
v -5.19785407 -6.42754715 0.00000000
v -5.20485404 -6.43754643 0.00000000
v -4.65885403 -6.81754654 0.00000000
v -5.11285403 -6.33854645 0.00000000
v -5.06485393 -6.29654663 0.00000000
v -4.61185410 -6.76654690 0.00000000
v 2.67414615 -10.18554657 0.34200001
v 2.67714593 -10.16654652 0.34200001
v -5.20785406 -6.44554680 0.00000000
v -5.22085407 -6.47754639 0.00000000
v 6.73814628 3.43845326 0.34200001
v 6.74014613 3.30245323 0.34200001
v 6.74714610 3.18445319 0.34200001
v -7.23485425 -3.45154684 0.00000000
v -7.20785382 -3.49054688 0.00000000
v -7.70585396 -3.80654686 0.00000000
v -7.18085387 -3.52854698 0.00000000
v 6.76214645 3.08145327 0.34200001
v -7.75285390 -3.73354691 0.00000000
v 6.78214595 2.99045319 0.34200001
v 6.81014583 2.90645320 0.34200001
v 6.86414573 2.79445321 0.34200001
v -7.42085412 -3.18054693 0.00000000
v -7.84785416 -3.60954683 0.00000000
v -7.45985415 -3.14254683 0.00000000
v -7.79985383 -3.66754692 0.00000000
v -7.28285411 -3.37954682 0.00000000
v -7.25985387 -3.41454666 0.00000000
v -7.30285409 -3.34754675 0.00000000
v -7.49885419 -3.10754698 0.00000000
v -7.89285424 -3.56254690 0.00000000
v -7.53585389 -3.07954663 0.00000000
v 8.25414607 2.65445322 0.34200001
v -7.56885388 -3.06054657 0.00000000
v 8.14914558 2.65245325 0.34200001
v 8.03114555 2.66545320 0.34200001
v -7.61385396 -3.04854696 0.00000000
v -7.59285405 -3.05454701 0.00000000
v 7.89414642 2.69245321 0.34200001
v -7.93385413 -3.52754658 0.00000000
v -7.97085383 -3.50654667 0.00000000
v -7.64885380 -3.02954691 0.00000000
v -7.62985423 -3.03954666 0.00000000
v 7.46814582 2.18745322 0.34200001
v 7.36214588 2.25245321 0.34200001
v -7.69385388 -3.00054663 0.00000000
v -7.67085412 -3.01554697 0.00000000
v -7.71985390 -2.98454683 0.00000000
v -7.98985388 -3.49854677 0.00000000
v -7.84285405 -2.90954655 0.00000000
v -7.74485400 -2.96554678 0.00000000
v 7.56214568 2.15145323 0.34200001
v 7.91614578 2.06145323 0.34200001
v 7.85014579 2.07145322 0.34200001
v -7.42485383 -4.32854670 0.00000000
v -7.47885420 -4.23454683 0.00000000
v -6.93585398 -3.98554676 0.00000000
v -6.94585421 -3.96854656 0.00000000
v -6.95685389 -3.94854658 0.00000000
v 7.99114559 2.05745322 0.34200001
v 8.07014606 2.05645323 0.34200001
v -6.96785405 -3.92754667 0.00000000
v -7.52785399 -4.15554684 0.00000000
v 8.15214584 2.06145323 0.34200001
v -6.83885386 -4.12054699 0.00000000
v -6.81885388 -4.15354698 0.00000000
v -7.37085393 -4.42854660 0.00000000
v 8.23714588 2.07045323 0.34200001
v -6.89085391 -4.03854674 0.00000000
v -6.87385419 -4.06154698 0.00000000
v -6.85685399 -4.08854693 0.00000000
v -7.31785395 -4.52854698 0.00000000
v -6.79885390 -4.18954676 0.00000000
v -6.78085377 -4.22654694 0.00000000
v -6.73385384 -4.32154673 0.00000000
v -6.90385392 -4.02054661 0.00000000
v -5.00385406 -6.23654669 0.00000000
v 7.58914611 2.14545322 0.34200001
v 7.61914585 2.13745323 0.34200001
v -6.69285395 -4.40154665 0.00000000
v -7.27185395 -4.62254685 0.00000000
v -6.92585423 -3.99954670 0.00000000
v -7.20085385 -4.79754656 0.00000000
v -7.20985415 -4.76354664 0.00000000
v -6.62385419 -4.52954691 0.00000000
v 7.65014598 2.12945322 0.34200001
v 7.71214626 2.11145324 0.34200001
v 7.68214557 2.12045324 0.34200001
v 7.76814601 2.09345323 0.34200001
v 7.74114559 2.10245324 0.34200001
v 7.79114578 2.08545322 0.34200001
v -5.02185395 -6.25554674 0.00000000
v -7.54385378 -4.12654656 0.00000000
v -7.55485394 -4.10454672 0.00000000
v -6.98485425 -3.88154667 0.00000000
v 6.94114635 2.67645318 0.34200001
v -5.04285410 -6.27554672 0.00000000
v 7.03514621 2.55645323 0.34200001
v 7.14014575 2.44345326 0.34200001
v 7.25114581 2.33945323 0.34200001
v -7.53385403 -4.14354675 0.00000000
v -6.99185422 -3.85754698 0.00000000
v -7.00185397 -3.83154696 0.00000000
v -6.97685387 -3.90454691 0.00000000
v -7.31885388 -3.32054680 0.00000000
v -7.66285422 -3.88354700 0.00000000
v 2.36714599 9.83545334 0.34200001
v 2.34314582 9.89045364 0.34200001
v 2.32014606 9.94245369 0.34200001
v -7.33085396 -3.29854696 0.00000000
v 2.29814622 9.99145347 0.34200001
v 2.25914619 10.07245285 0.34200001
v 2.27714584 10.03445370 0.34200001
v 2.24414585 10.10245354 0.34200001
v 2.23214576 10.12245304 0.34200001
v 2.22114608 10.14045364 0.34200001
v 1.51114604 10.93445331 0.34200001
v 1.47814605 10.95745308 0.34200001
v -7.35385420 -3.26154679 0.00000000
v -7.38485387 -3.22154682 0.00000000
v 1.44614599 10.97745354 0.34200001
v -7.95985415 -2.86354654 0.00000000
v -7.10085395 -3.64454668 0.00000000
v -7.07485392 -3.68554657 0.00000000
v -7.62285378 -3.96154659 0.00000000
v -7.05285409 -3.72554653 0.00000000
v -7.03185418 -3.76354664 0.00000000
v -7.59485390 -4.02254694 0.00000000
v 1.41514609 10.99645359 0.34200001
v 1.36514590 11.02645332 0.34200001
v 1.38814590 11.01245338 0.34200001
v -7.12585404 -3.60354679 0.00000000
v -7.60985425 -3.99254673 0.00000000
v -7.15285399 -3.56654661 0.00000000
v -7.01485398 -3.79954689 0.00000000
v -7.58085396 -4.05254667 0.00000000
v -7.56785395 -4.07954663 0.00000000
v 1.34614608 11.03645355 0.34200001
v 1.33214590 11.04345352 0.34200001
v -8.67385390 -3.42854660 0.00000000
v -8.81585410 -3.49254673 0.00000000
v -9.02985385 -2.92054671 0.00000000
v 1.32414601 11.04545337 0.34200001
v -8.67385390 -2.80254667 0.00000000
v -8.52285388 -3.39554661 0.00000000
v 1.30914590 11.05145294 0.34200001
v 1.29514596 11.05745346 0.34200001
v -8.38185408 -2.79054659 0.00000000
v -8.36885407 -3.39454668 0.00000000
v 1.31814597 11.04645283 0.34200001
v 1.27914593 11.06645328 0.34200001
v 1.26014588 11.07645351 0.34200001
v 1.23914597 11.08745319 0.34200001
v -8.80685380 -2.82854670 0.00000000
v -8.91485407 -2.86554688 0.00000000
v -8.52985385 -2.78954666 0.00000000
v -8.09185412 -2.82754677 0.00000000
v -8.21185401 -3.42654675 0.00000000
v -8.23485425 -2.80354660 0.00000000
v -8.17685416 -3.43654698 0.00000000
v -8.07285407 -3.46954697 0.00000000
v -8.01385405 -3.49054688 0.00000000
v -8.10685399 -3.45854681 0.00000000
v 1.21714589 11.10045368 0.34200001
v -9.37985423 -3.16354674 0.00000000
v -9.07285407 -3.70654696 0.00000000
v -9.48085406 -3.25754660 0.00000000
v -9.26785424 -3.07254666 0.00000000
v -8.94985392 -3.58654659 0.00000000
v -9.14985421 -2.99054688 0.00000000
v -9.56785395 -3.35354679 0.00000000
v 1.19414589 11.11445362 0.34200001
v 1.11414597 11.15645344 0.34200001
v 2.02414605 10.45545322 0.34200001
v 2.08414600 10.37645370 0.34200001
v 1.94914601 10.54245312 0.34200001
v -8.04185393 -3.48054665 0.00000000
v 1.86414597 10.63145286 0.34200001
v 1.77414605 10.72045357 0.34200001
v 1.68114588 10.80445320 0.34200001
v 1.59314606 10.87645370 0.34200001
v -9.18185380 -3.85454672 0.00000000
v -9.64985421 -3.46954697 0.00000000
v 1.25314591 10.42445309 0.34200001
v 1.12614605 10.50545341 0.34200001
v -9.63685420 -3.44654673 0.00000000
v 1.36514590 10.33945305 0.34200001
v 2.19414613 10.18445331 0.34200001
v 2.20814607 10.16145355 0.34200001
v 2.17914579 10.20945293 0.34200001
v 2.16514585 10.23445350 0.34200001
v -9.66385415 -3.49154680 0.00000000
v 2.15014598 10.26145298 0.34200001
v 2.13614604 10.28545315 0.34200001
v -9.70185378 -3.54054659 0.00000000
v -9.69085410 -3.52754658 0.00000000
v -9.67785409 -3.51054686 0.00000000
v -9.72185424 -3.55754679 0.00000000
v -9.71385386 -3.55154675 0.00000000
v 2.12514589 10.31045276 0.34200001
v -9.74385407 -3.57154673 0.00000000
v -9.73885396 -3.56554669 0.00000000
v -9.72885420 -3.56054657 0.00000000
v -9.73385384 -3.56154698 0.00000000
v 1.53014610 10.17645294 0.34200001
v 1.45514605 10.25645286 0.34200001
v -9.74885419 -3.57954663 0.00000000
v -9.75485423 -3.58954685 0.00000000
v 1.59614608 10.09845287 0.34200001
v -9.75985387 -3.60054653 0.00000000
v 1.65414593 10.02145321 0.34200001
v -9.76385405 -3.61254662 0.00000000
v 1.70514605 9.94245369 0.34200001
v 1.75114605 9.86245281 0.34200001
v -9.76685383 -3.62554663 0.00000000
v -9.77285388 -3.64554661 0.00000000
v -9.78285411 -3.67454689 0.00000000
v -9.83185389 -3.80854672 0.00000000
v -9.81285384 -3.75754660 0.00000000
v -9.27385380 -4.02754658 0.00000000
v 1.01214597 11.19845325 0.34200001
v -9.79585412 -3.71354693 0.00000000
v 0.89214609 11.23845321 0.34200001
v 0.75914595 11.27545292 0.34200001
v -9.28985407 -4.06254690 0.00000000
v -9.85285380 -3.86154669 0.00000000
v -9.33485415 -4.15354698 0.00000000
v -9.34785416 -4.17654675 0.00000000
v -9.87485411 -3.91954678 0.00000000
v 0.61614606 11.30845291 0.34200001
v 0.46614597 11.33645279 0.34200001
v 0.31514594 11.35745365 0.34200001
v 0.16414592 11.37245304 0.34200001
v -9.32085421 -4.12554663 0.00000000
v -9.35885384 -4.19454687 0.00000000
v -9.36685422 -4.20754688 0.00000000
v -9.37185385 -4.21454685 0.00000000
v -9.37685397 -4.22354668 0.00000000
v 0.19514606 10.78045303 0.34200001
v 0.04514596 10.78045303 0.34200001
v -9.30485394 -4.09554690 0.00000000
v 0.34514592 10.77445347 0.34200001
v 0.48914597 10.76245338 0.34200001
v 0.59614608 10.74145347 0.34200001
v -9.42785409 -4.46954697 0.00000000
v -9.43785384 -4.52954691 0.00000000
v -10.02985432 -4.37154692 0.00000000
v 0.72014592 10.70245296 0.34200001
v -9.41885378 -4.41254681 0.00000000
v 0.85314605 10.64845306 0.34200001
v -9.40985396 -4.36054676 0.00000000
v -9.99585393 -4.24454659 0.00000000
v 0.99114606 10.58145363 0.34200001
v -9.39985421 -4.31454676 0.00000000
v -9.89885380 -3.97754687 0.00000000
v -9.39185383 -4.27554672 0.00000000
v -9.95285370 -4.11254662 0.00000000
v -9.38385394 -4.24454659 0.00000000
v -0.26585403 11.39245350 0.34200001
v -0.24485400 11.39745361 0.34200001
v -6.41085389 -4.91254681 0.00000000
v -7.01285412 -5.12354677 0.00000000
v -6.44685414 -4.79554671 0.00000000
v -0.28285399 11.38445312 0.34200001
v -7.06685403 -4.98354691 0.00000000
v -6.51885417 -4.68454664 0.00000000
v -6.54385378 -4.65554684 0.00000000
v -7.08685401 -4.93854683 0.00000000
v -6.56885388 -4.62054699 0.00000000
v -0.32385399 11.36145336 0.34200001
v -0.31085398 11.36645347 0.34200001
v -0.34085395 11.35645325 0.34200001
v -6.59585383 -4.57854670 0.00000000
v -6.40885403 -5.02954691 0.00000000
v -6.87585404 -5.27554672 0.00000000
v -6.98485425 -5.17054671 0.00000000
v -6.65685418 -4.47054690 0.00000000
v -7.23485425 -4.70254677 0.00000000
v -0.29985407 11.37245304 0.34200001
v -0.16185405 11.39745361 0.34200001
v -0.21285405 11.39945347 0.34200001
v -6.66985419 -5.32454699 0.00000000
v -6.78385403 -5.31554669 0.00000000
v -6.57085421 -5.29254692 0.00000000
v -6.49285414 -5.22754687 0.00000000
v -6.43685391 -5.13754671 0.00000000
v -6.83285382 -5.29854696 0.00000000
v -6.91585400 -5.24754685 0.00000000
v -6.95185378 -5.21254700 0.00000000
v 0.02114603 11.38445312 0.34200001
v -0.08585396 11.39245350 0.34200001
v -0.35985401 11.35245354 0.34200001
v -0.37985399 11.34845287 0.34200001
v -0.40085402 11.34545357 0.34200001
v -7.19585421 -4.82454699 0.00000000
v -7.19085410 -4.83654659 0.00000000
v -7.19985392 -4.81154698 0.00000000
v -0.42185404 11.34345276 0.34200001
v -0.44185403 11.34345276 0.34200001
v -0.46385398 11.34245331 0.34200001
v -0.48485401 11.34045345 0.34200001
v -7.15785411 -4.87154692 0.00000000
v -7.14685395 -4.87554663 0.00000000
v -7.13585379 -4.88054674 0.00000000
v -0.50685396 11.33745319 0.34200001
v -7.16785386 -4.86554688 0.00000000
v -7.17685416 -4.85754698 0.00000000
v -7.18485406 -4.84754675 0.00000000
v -0.54985407 11.32845337 0.34200001
v -0.52885404 11.33245308 0.34200001
v -7.12385419 -4.88954657 0.00000000
v -0.56885400 11.32245285 0.34200001
v -7.11085417 -4.90354698 0.00000000
v -7.09885409 -4.91954678 0.00000000
v -7.07585385 -4.96054667 0.00000000
v -0.58585396 11.31645328 0.34200001
v -0.59985402 11.30945331 0.34200001
v -7.03685382 -5.06954687 0.00000000
v -7.05785420 -5.00854700 0.00000000
v -0.63985398 11.29445297 0.34200001
v -9.46285393 -4.96954697 0.00000000
v -10.08185437 -4.91554659 0.00000000
v -9.46585419 -4.89954680 0.00000000
v -0.67085400 11.28445370 0.34200001
v -0.70585396 11.27245361 0.34200001
v -9.46685412 -4.83254688 0.00000000
v -10.08185437 -4.76854675 0.00000000
v -10.07185414 -4.63154667 0.00000000
v -9.46385386 -4.76654690 0.00000000
v -0.74585405 11.25945312 0.34200001
v -0.78885403 11.24645359 0.34200001
v -9.44985392 -4.61854666 0.00000000
v -9.45785382 -4.69654673 0.00000000
v -10.05585435 -4.49954670 0.00000000
v -0.09885397 10.77645332 0.34200001
v -0.41985395 10.73545296 0.34200001
v -0.33785405 10.75345356 0.34200001
v -0.22985401 10.76645309 0.34200001
v -9.35685399 -5.49354666 0.00000000
v -9.56285384 -5.75154656 0.00000000
v -9.36985400 -5.47554653 0.00000000
v -9.98185399 -5.67654675 0.00000000
v -9.38185408 -5.45054691 0.00000000
v -0.48585405 10.70345337 0.34200001
v -0.50785401 10.69545299 0.34200001
v -9.39385417 -5.41654700 0.00000000
v -10.00585415 -5.59054678 0.00000000
v -9.40485385 -5.37654656 0.00000000
v -0.46585395 10.71545345 0.34200001
v -10.02685406 -5.50054663 0.00000000
v -9.41585400 -5.32754677 0.00000000
v -0.47585406 10.70845348 0.34200001
v -9.43585398 -5.20654696 0.00000000
v -9.42585423 -5.27154654 0.00000000
v -10.05885365 -5.30354660 0.00000000
v -9.45585396 -5.04654663 0.00000000
v -9.44585421 -5.13454693 0.00000000
v -10.06885388 -5.19354695 0.00000000
v -10.07685425 -5.07454699 0.00000000
v -8.92485383 -6.35654705 0.00000000
v -8.81085398 -6.47854679 0.00000000
v -9.37785390 -6.80554646 0.00000000
v -0.59085395 10.69545299 0.34200001
v -0.60085406 10.69145328 0.34200001
v -8.97185424 -6.30254667 0.00000000
v -9.51085379 -6.62354630 0.00000000
v -8.99485400 -6.27154654 0.00000000
v -0.57985404 10.69945366 0.34200001
v -9.04185393 -6.20654696 0.00000000
v -0.56885400 10.70045311 0.34200001
v -8.94785407 -6.33154648 0.00000000
v -9.43685391 -6.73154705 0.00000000
v -8.71785405 -6.57554691 0.00000000
v -9.20685389 -6.98754662 0.00000000
v -0.55885401 10.70045311 0.34200001
v -9.29285386 -5.71954697 0.00000000
v -9.28585389 -5.74754685 0.00000000
v -9.29885390 -5.69054669 0.00000000
v -0.53985396 10.69445354 0.34200001
v -9.30285409 -5.64254683 0.00000000
v -9.30585387 -5.61754673 0.00000000
v -0.51885405 10.69445354 0.34200001
v -0.65385404 10.64745361 0.34200001
v -0.66385403 10.64145309 0.34200001
v -9.32685378 -5.54654663 0.00000000
v -9.33585408 -5.52654665 0.00000000
v -9.31885388 -5.56854695 0.00000000
v -9.31185391 -5.59254664 0.00000000
v -9.29985383 -5.66654700 0.00000000
v -9.34585383 -5.50854700 0.00000000
v -10.04385426 -5.40454691 0.00000000
v -0.63485398 10.66145355 0.34200001
v -0.64485397 10.65445358 0.34200001
v -0.62685397 10.67045337 0.34200001
v -9.18185380 -5.96354693 0.00000000
v -9.16385415 -5.99354666 0.00000000
v -9.67685416 -6.35654705 0.00000000
v -9.75385382 -6.22154682 0.00000000
v -0.60985401 10.68645317 0.34200001
v -0.61885395 10.67845280 0.34200001
v -9.19885399 -5.93354672 0.00000000
v -9.27685406 -5.77754658 0.00000000
v -0.83485403 10.58845360 0.34200001
v -0.89285400 10.56045276 0.34200001
v -0.78085401 10.60945350 0.34200001
v -9.87785390 -5.94654673 0.00000000
v -9.87785390 -5.95254677 0.00000000
v -9.86085417 -6.00654667 0.00000000
v -0.68385401 10.63145286 0.34200001
v -0.69285395 10.63045341 0.34200001
v -9.88885358 -5.91254681 0.00000000
v -9.89485409 -5.89654654 0.00000000
v -0.73585405 10.62445289 0.34200001
v -9.95285370 -5.75954693 0.00000000
v -0.70085397 10.62945301 0.34200001
v -9.26685383 -5.80654686 0.00000000
v -9.88085415 -5.93754690 0.00000000
v -9.88385441 -5.92654675 0.00000000
v -9.91085389 -5.86054676 0.00000000
v -9.91885426 -5.84154671 0.00000000
v -0.87885406 11.22045357 0.34200001
v -9.59385398 -6.49454659 0.00000000
v -9.06285384 -6.17454689 0.00000000
v -0.92585399 11.20845348 0.34200001
v -9.08285382 -6.14354675 0.00000000
v -0.97585400 11.19245369 0.34200001
v -1.02485403 11.17445309 0.34200001
v -1.07185402 11.15645344 0.34200001
v -1.11785402 11.13645298 0.34200001
v -9.25485423 -5.83454674 0.00000000
v -9.81785395 -6.10054653 0.00000000
v -9.24185422 -5.86054676 0.00000000
v -9.22885420 -5.88354700 0.00000000
v -9.21485379 -5.90654677 0.00000000
v -9.14585402 -6.02554672 0.00000000
v -9.12885382 -6.05754679 0.00000000
v -9.11185410 -6.08754700 0.00000000
v -9.09885409 -6.11554688 0.00000000
v -1.15985402 11.11545307 0.34200001
v -1.19685402 11.09645302 0.34200001
v -1.22785404 11.07845337 0.34200001
v -1.25585404 11.05945331 0.34200001
v -1.28585401 11.04045326 0.34200001
v -4.52385404 -6.63854664 0.00000000
v -4.52485397 -6.64854687 0.00000000
v -1.31685403 11.02245361 0.34200001
v -4.52185395 -6.63054722 0.00000000
v -1.34985402 11.00445301 0.34200001
v -4.51885393 -6.62054699 0.00000000
v -1.38085404 10.98645336 0.34200001
v -1.40985402 10.97045357 0.34200001
v -1.43885400 10.95745308 0.34200001
v -1.46285402 10.94645340 0.34200001
v -4.51285412 -6.60954636 0.00000000
v -1.52385401 10.90745289 0.34200001
v -0.95285400 10.53045303 0.34200001
v -1.00985398 10.49645359 0.34200001
v -1.17485401 10.37445289 0.34200001
v -1.15085402 10.39145309 0.34200001
v -4.53185394 -6.66154640 0.00000000
v -4.54285410 -6.67854660 0.00000000
v -4.55585411 -6.69854706 0.00000000
v -4.57185390 -6.71954697 0.00000000
v -4.59085395 -6.74254673 0.00000000
v -4.63385394 -6.79054707 0.00000000
v -1.12785401 10.40845329 0.34200001
v -1.10585400 10.42645294 0.34200001
v -1.06185403 10.46145279 0.34200001
v -4.78285411 -6.95054691 0.00000000
v -5.25885394 -6.52554672 0.00000000
v -4.75085404 -6.91554707 0.00000000
v -4.71785405 -6.88154667 0.00000000
v -4.81585410 -6.98454636 0.00000000
v -4.84585407 -7.01654690 0.00000000
v -5.31385400 -6.58354634 0.00000000
v -5.37785390 -6.64654701 0.00000000
v -4.87485411 -7.04654663 0.00000000
v -1.62185400 10.82845337 0.34200001
v -1.74285401 10.72145302 0.34200001
v -4.90185406 -7.07554691 0.00000000
v -4.93385413 -7.10554665 0.00000000
v -4.96685412 -7.13454693 0.00000000
v -1.39885401 10.25445301 0.34200001
v -1.35785403 10.28445370 0.34200001
v -1.31685403 10.30645305 0.34200001
v -1.28185400 10.31945354 0.34200001
v -5.00085404 -7.16254681 0.00000000
v -1.26385399 10.32545311 0.34200001
v -1.24385401 10.33445293 0.34200001
v -5.63085392 -6.82554691 0.00000000
v -5.30085399 -7.36254662 0.00000000
v -5.65285399 -6.83454674 0.00000000
v -5.32485392 -7.38654679 0.00000000
v -5.69885399 -6.85854691 0.00000000
v -1.22285398 10.34545357 0.34200001
v -1.19885399 10.35945350 0.34200001
v -1.73885402 9.86045296 0.34200001
v -5.57085397 -6.80054634 0.00000000
v -5.24585393 -7.31554669 0.00000000
v -5.61185410 -6.82054680 0.00000000
v -5.82585409 -6.95454663 0.00000000
v -5.78685405 -6.92154663 0.00000000
v -5.67585399 -6.84454697 0.00000000
v -5.72285392 -6.87254685 0.00000000
v -1.53285402 10.12245304 0.34200001
v -5.74585393 -6.88754719 0.00000000
v -5.76785400 -6.90554684 0.00000000
v -5.44785407 -6.70754688 0.00000000
v -5.03585413 -7.18754643 0.00000000
v -1.63985401 9.98145325 0.34200001
v -1.57685402 10.06745369 0.34200001
v -1.62085402 10.00745327 0.34200001
v -5.10185411 -7.22854679 0.00000000
v -5.12985399 -7.24354714 0.00000000
v -1.44285401 10.21645290 0.34200001
v -5.06985405 -7.21054714 0.00000000
v -5.51385405 -6.76054638 0.00000000
v -5.15785411 -7.25654667 0.00000000
v -5.18685391 -7.27454632 0.00000000
v -5.21685412 -7.29454678 0.00000000
v -5.44885399 -7.50754708 0.00000000
v -5.86885407 -6.98754662 0.00000000
v -5.43385413 -7.49854630 0.00000000
v -5.46185401 -7.51454704 0.00000000
v -5.39985397 -7.46954697 0.00000000
v -5.41785410 -7.48554676 0.00000000
v 2.38914583 9.78145344 0.34200001
v 2.46814582 9.54345304 0.34200001
v -5.38085392 -7.45154637 0.00000000
v -5.36285403 -7.43154686 0.00000000
v -5.34385398 -7.40954655 0.00000000
v -5.27385404 -7.33954685 0.00000000
v -5.95885422 -7.04454678 0.00000000
v -5.91385415 -7.01654690 0.00000000
v -5.55085399 -7.56054657 0.00000000
v -5.53585413 -7.54854649 0.00000000
v -5.48185399 -7.51854675 0.00000000
v -5.49285391 -7.52254646 0.00000000
v -5.50585392 -7.52954643 0.00000000
v -5.51985409 -7.53754681 0.00000000
v -6.17685416 -7.13354653 0.00000000
v -6.16685393 -7.12554711 0.00000000
v -5.85085395 -7.69654720 0.00000000
v -5.94885399 -7.72354668 0.00000000
v -6.18585398 -7.14154690 0.00000000
v -6.05885413 -7.75454682 0.00000000
v -6.21985390 -7.16454666 0.00000000
v -6.17185404 -7.79054707 0.00000000
v -6.27185395 -7.18554657 0.00000000
v -6.52385380 -7.24054688 0.00000000
v -6.42385390 -7.22354668 0.00000000
v -6.27885392 -7.82754677 0.00000000
v -5.56485393 -7.57354706 0.00000000
v -6.00185397 -7.06754654 0.00000000
v -5.57885411 -7.58854645 0.00000000
v -6.33985379 -7.20554703 0.00000000
v 0.94314597 -1.43354672 0.34200001
v 0.94314597 -1.43354672 0.00000000
v 0.95814607 -1.44454687 0.34200001
v 0.95814607 -1.44454687 0.00000000
v 0.97514603 -1.45754688 0.34200001
v 0.97514603 -1.45754688 0.00000000
v 0.99314592 -1.47254675 0.34200001
v 0.99314592 -1.47254675 0.00000000
v 1.01314590 -1.48954671 0.34200001
v 1.01314590 -1.48954671 0.00000000
v 1.03314588 -1.50754684 0.34200001
v 1.03314588 -1.50754684 0.00000000
v 9.45714614 -4.46454685 0.00000000
v 9.46414611 -4.45154684 0.00000000
v 1.14414594 -1.68154686 0.34200001
v 1.14414594 -1.68154686 0.00000000
v 1.15514610 -1.72254675 0.00000000
v 1.15514610 -1.72254675 0.34200001
v 1.16414592 -1.76954668 0.00000000
v 1.16414592 -1.76954668 0.34200001
v 1.17814610 -1.86854666 0.00000000
v 1.17814610 -1.86854666 0.34200001
v 1.17314598 -2.02654665 0.00000000
v 1.15514610 -2.08654683 0.34200001
v 1.17314598 -2.02654665 0.34200001
v 1.12714598 -2.13454669 0.34200001
v 1.18114588 -1.95354670 0.34200001
v 1.18114588 -1.95354670 0.00000000
v 1.08714602 -2.17054671 0.34200001
v 1.03614590 -2.19454687 0.00000000
v 1.03614590 -2.19454687 0.34200001
v 0.97414610 -2.20754688 0.34200001
v 0.95014593 -2.20954674 0.34200001
v 0.92414591 -2.21454685 0.34200001
v 0.89814589 -2.22154682 0.34200001
v 0.87014601 -2.22854679 0.34200001
v 0.84314606 -2.23654669 0.34200001
v 0.81714604 -2.24654668 0.34200001
v 0.79214594 -2.25654667 0.34200001
v 0.70914600 -2.29154676 0.34200001
v 0.68714592 -2.29854673 0.00000000
v 0.68714592 -2.29854673 0.34200001
v 0.77114603 -2.26554673 0.34200001
v 0.73014591 -2.28454679 0.34200001
v 0.75214598 -2.27654665 0.34200001
v 0.66614601 -2.30354684 0.34200001
v 0.66614601 -2.30354684 0.00000000
v 0.64614603 -2.30654686 0.34200001
v 0.62914607 -2.30754679 0.34200001
v 0.59814594 -2.30754679 0.34200001
v 0.57914588 -2.30954688 0.34200001
v 0.55814597 -2.31254667 0.34200001
v 0.53514597 -2.31754678 0.34200001
v 0.23614595 -2.40054672 0.34200001
v 0.16714594 -2.40554684 0.34200001
v 0.48614595 -2.33154696 0.34200001
v 0.51114604 -2.32454675 0.34200001
v 0.30614588 -2.39054697 0.34200001
v 0.46114609 -2.34054678 0.34200001
v 0.43814609 -2.34954661 0.34200001
v 0.37414596 -2.37254685 0.34200001
v 2.12914607 -6.79354637 0.34200001
v 0.10314593 -1.34454673 0.34200001
v 0.09214601 -1.34854668 0.34200001
v 0.11314604 -1.34054678 0.34200001
v 0.12214610 -1.33554667 0.34200001
v 0.13214609 -1.32954686 0.34200001
v 0.14114592 -1.32254666 0.34200001
v 0.15214608 -1.31654685 0.34200001
v 0.16414592 -1.31254667 0.34200001
v 0.05014596 -1.34054678 0.34200001
v 0.04014597 -1.33954685 0.34200001
v 0.05714605 -1.34354680 0.34200001
v 0.03014598 -1.34054678 0.34200001
v 0.01914594 -1.34254687 0.34200001
v -0.03685405 -1.37654679 0.34200001
v -0.04885402 -1.38454669 0.34200001
v -0.02585402 -1.36754673 0.34200001
v 0.00814602 -1.34754675 0.34200001
v -0.00385406 -1.35254687 0.34200001
v 0.08214602 -1.34954684 0.34200001
v 0.06514594 -1.34854668 0.34200001
v -0.75485399 -1.12854689 0.34200001
v -0.76185396 -1.11354678 0.34200001
v -0.74885407 -1.14954680 0.34200001
v -0.74385395 -1.17854684 0.34200001
v -0.73985400 -1.21354669 0.34200001
v -0.73885396 -1.24354666 0.34200001
v -0.73785403 -1.27954667 0.34200001
v -0.73785403 -1.32254666 0.34200001
v -0.73885396 -1.36954683 0.34200001
v -0.74185398 -1.41954678 0.34200001
v -0.77185407 -1.10254687 0.34200001
v -0.83485403 -1.09054678 0.34200001
v -0.84985402 -1.08654683 0.34200001
v -0.81985405 -1.09154671 0.34200001
v -0.86685398 -1.08254688 0.34200001
v -0.78485396 -1.09554666 0.34200001
v -0.79985407 -1.09154671 0.34200001
v -1.22285398 -0.87254685 0.34200001
v -1.20585402 -0.87854689 0.34200001
v -1.18985399 -0.88154667 0.34200001
v -1.17685404 -0.88254684 0.34200001
v -1.14885398 -0.88654679 0.34200001
v -1.35485401 -0.79054683 0.34200001
v -1.36785402 -0.78154677 0.34200001
v -1.34085401 -0.80054682 0.34200001
v -1.32685402 -0.81154674 0.34200001
v -1.29385402 -0.83554667 0.34200001
v -1.27685400 -0.84654682 0.34200001
v -1.25885400 -0.85754674 0.34200001
v -1.24085399 -0.86554688 0.34200001
v -1.40485402 -0.76454681 0.34200001
v -1.45885402 -0.80054682 0.00000000
v -1.44585400 -0.79054683 0.34200001
v -1.45885402 -0.80054682 0.34200001
v -1.47385400 -0.81154674 0.34200001
v -1.43285402 -0.78154677 0.00000000
v -1.43285402 -0.78154677 0.34200001
v -1.42185401 -0.77454680 0.34200001
v -1.39485400 -0.76454681 0.34200001
v -1.39985400 -0.76354688 0.34200001
v -1.41185402 -0.76954668 0.34200001
v -1.60885402 -0.88254684 0.34200001
v -1.61885401 -0.88454669 0.34200001
v -1.59785401 -0.88154667 0.34200001
v -1.58585402 -0.87854689 0.34200001
v -1.57085400 -0.87254685 0.34200001
v -1.55585402 -0.86554688 0.34200001
v -1.53885400 -0.85754674 0.34200001
v -1.50485402 -0.83554667 0.34200001
v -1.44585400 -0.79054683 0.00000000
v -1.96785401 -8.90054672 0.00000000
v -1.34085401 -8.95954674 0.00000000
v -1.33885398 -8.90554684 0.00000000
v -1.33285400 -8.86054676 0.00000000
v -1.89085401 -8.54254692 0.00000000
v 2.50814578 8.81345302 0.34200001
v 2.45914600 8.58445341 0.34200001
v 2.52614591 9.05445320 0.34200001
v 2.51314590 9.29945309 0.34200001
v 2.27414605 8.17845327 0.34200001
v 2.14014575 8.01345331 0.34200001
v 2.38114593 8.36945326 0.34200001
v 6.30414626 6.73245317 0.34200001
v 6.20314643 6.69745333 0.34200001
v 6.11814639 6.66445333 0.34200001
v 6.05214593 6.63445312 0.34200001
v 5.89414594 6.55045301 0.34200001
v 5.90514610 6.55345327 0.34200001
v 5.87314603 6.54045326 0.34200001
v 5.84614608 6.52645332 0.34200001
v 6.01014612 6.61045343 0.34200001
v 5.96414611 6.57945329 0.34200001
v 5.95014617 6.57045299 0.34200001
v 5.97914598 6.58845312 0.34200001
v 5.99414585 6.59845335 0.34200001
v 5.93614576 6.56345302 0.34200001
v 5.92314622 6.55745346 0.34200001
v 5.91314599 6.55445320 0.34200001
v 5.81114576 6.50745327 0.34200001
v 5.77114580 6.48445303 0.34200001
v 5.72714612 6.45845300 0.34200001
v 5.63114593 6.39945347 0.34200001
v 5.68014619 6.42945320 0.34200001
v 5.38714597 6.21845323 0.34200001
v 6.04714582 6.02745325 0.34200001
v 6.03214595 6.01245338 0.34200001
v 6.06814620 6.04245312 0.34200001
v 6.09514615 6.05545313 0.34200001
v 6.13114593 6.06945307 0.34200001
v 6.17614601 6.08345300 0.34200001
v 6.23314617 6.09745342 0.34200001
v 6.30114601 6.11345321 0.34200001
v 6.00714586 5.96845323 0.34200001
v 6.01514575 5.98145325 0.34200001
v 6.02214620 5.99445326 0.34200001
v 5.96614597 5.93345339 0.34200001
v 5.95714614 5.93045313 0.34200001
v 5.97714612 5.94045336 0.34200001
v 5.98714588 5.94845325 0.34200001
v 5.99814603 5.95745308 0.34200001
v 5.81214616 5.84545309 0.34200001
v 5.78014610 5.81145317 0.34200001
v 5.84214589 5.87445337 0.34200001
v 5.87114618 5.89745313 0.34200001
v 5.89914605 5.91345341 0.34200001
v 5.94714591 5.92845327 0.34200001
v 5.92414615 5.92445309 0.34200001
v 5.74814603 5.77345306 0.34200001
v 5.16214607 6.00845320 0.34200001
v 4.95914600 5.77345306 0.34200001
v 1.92014596 9.34045345 0.34200001
v 1.89914605 9.47045309 0.34200001
v 1.93114588 9.20445329 0.34200001
v 1.93014595 9.06445343 0.34200001
v 1.91814611 8.92345316 0.34200001
v 1.79214594 9.77745277 0.34200001
v 1.83114598 9.68845302 0.34200001
v 1.86614606 9.59045345 0.34200001
v 1.80914590 8.49745304 0.34200001
v 1.81814597 8.51445324 0.34200001
v 1.79814598 8.48045332 0.34200001
v 1.78414605 8.46445305 0.34200001
v 1.76814601 8.44845325 0.34200001
v 1.75114605 8.43345339 0.34200001
v 1.73214600 8.41945345 0.34200001
v 1.71214602 8.40745336 0.34200001
v 1.65114591 8.37645323 0.34200001
v 1.62814591 8.36345321 0.34200001
v 1.60614607 8.35045320 0.34200001
v 1.58514593 8.33645326 0.34200001
v 1.56514594 8.32245333 0.34200001
v 1.89614603 8.78245336 0.34200001
v 1.86214588 8.64445335 0.34200001
v 2.01914594 7.90645344 0.34200001
v 1.54714606 8.30745346 0.34200001
v 1.53314588 8.29345304 0.34200001
v 1.51714609 8.28145344 0.34200001
v 1.49514601 8.26745302 0.34200001
v 1.47014592 8.25245315 0.34200001
v 1.43914602 8.23845321 0.34200001
v 1.40614602 8.22545320 0.34200001
v 1.37114594 8.21245319 0.34200001
v 1.33614609 8.20145304 0.34200001
v 1.30114601 8.19245321 0.34200001
v 1.21914599 8.17745334 0.34200001
v 0.61414597 8.34145338 0.34200001
v 0.64114592 8.32545311 0.34200001
v 0.58614609 8.35745317 0.34200001
v 0.55814597 8.37145311 0.34200001
v 0.53014610 8.38445312 0.34200001
v 0.50514600 8.39545328 0.34200001
v 0.48214600 8.40445310 0.34200001
v 0.44214604 8.41645319 0.34200001
v 0.42114589 8.42345316 0.34200001
v 0.39814589 8.43345339 0.34200001
v 0.26814601 8.51945335 0.34200001
v 0.23214600 8.54445345 0.34200001
v 0.21514604 8.55545313 0.34200001
v 0.20014593 8.56345302 0.34200001
v 0.18514607 8.57045299 0.34200001
v 0.17314598 8.57445318 0.34200001
v 0.28614590 8.50445301 0.34200001
v 0.30614588 8.48945314 0.34200001
v 0.37414596 8.44545299 0.34200001
v 0.35014603 8.45945341 0.34200001
v 0.32714603 8.47445328 0.34200001
v 0.66714594 8.30845339 0.34200001
v 0.73814604 8.26545317 0.34200001
v 1.05414603 8.17445309 0.34200001
v 1.13714597 8.17145330 0.34200001
v 0.97214601 8.18445331 0.34200001
v 0.89114592 8.20345337 0.34200001
v 0.81214592 8.23045332 0.34200001
v 0.10414598 7.92445309 0.34200001
v 0.17014596 7.89245302 0.34200001
v 0.23614595 7.86145336 0.34200001
v 0.29814598 7.83245308 0.34200001
v -0.31885400 8.85045320 0.34200001
v -0.31385400 8.84345323 0.34200001
v -0.32485404 8.85645325 0.34200001
v -0.33285406 8.86145336 0.34200001
v -0.34185400 8.86545307 0.34200001
v -0.35285404 8.86945326 0.34200001
v -0.37485399 8.87345344 0.34200001
v -0.54985407 8.97745306 0.34200001
v -0.59385398 9.00245315 0.34200001
v 2.21314618 -1.91154688 0.34200001
v 0.16514609 1.41645322 0.34200001
v -6.07585385 -7.09654682 0.00000000
v -6.04185393 -7.08454674 0.00000000
v -6.11185410 -7.10054653 0.00000000
v -5.77585390 -7.68054646 0.00000000
v -6.15485385 -7.11854714 0.00000000
v -6.14385417 -7.11154717 0.00000000
v -5.74585393 -7.67454689 0.00000000
v -5.71785405 -7.66654652 0.00000000
v -5.68985393 -7.65654724 0.00000000
v -5.66285398 -7.64554661 0.00000000
v -5.63785412 -7.63254708 0.00000000
v -5.61585405 -7.61854714 0.00000000
v -5.59585407 -7.60354679 0.00000000
v -6.12085393 -7.10354679 0.00000000
v -6.77085402 -7.26954716 0.00000000
v -6.81385424 -7.94454640 0.00000000
v -6.91785386 -7.28154724 0.00000000
v -6.99085381 -7.94654720 0.00000000
v -6.97085383 -7.28254669 0.00000000
v -7.04485419 -7.27954643 0.00000000
v -7.16785386 -7.94554680 0.00000000
v -7.13385394 -7.27354687 0.00000000
v -7.32585385 -7.93954724 0.00000000
v -7.22685387 -7.26354664 0.00000000
v -7.44285395 -7.92954701 0.00000000
v -7.50085404 -7.91554707 0.00000000
v -7.31785395 -7.25354641 0.00000000
v -7.90185406 -7.79954689 0.00000000
v -7.95585396 -7.78054684 0.00000000
v -7.65585377 -7.21254700 0.00000000
v -7.62385419 -7.22454708 0.00000000
v -7.60985425 -7.22654694 0.00000000
v -7.69985392 -7.85454720 0.00000000
v -7.51185420 -7.90854710 0.00000000
v -7.52685406 -7.90054672 0.00000000
v -0.85885396 0.64845318 0.34200001
v -7.50385382 -7.21654671 0.00000000
v -7.49185422 -7.22154682 0.00000000
v -7.54485419 -7.89354675 0.00000000
v -7.45785382 -7.23254650 0.00000000
v -7.39785388 -7.24254673 0.00000000
v -7.58785393 -7.87954682 0.00000000
v -7.61185410 -7.87254685 0.00000000
v -7.59785416 -7.22454708 0.00000000
v -7.67385390 -7.20154637 0.00000000
v -7.56585410 -7.88654679 0.00000000
v -7.57685378 -7.21454685 0.00000000
v -7.63685420 -7.86654633 0.00000000
v -7.66185382 -7.86154717 0.00000000
v -7.63885405 -7.22054642 0.00000000
v -7.85585406 -7.81454724 0.00000000
v -7.81385424 -7.82754677 0.00000000
v -7.73785403 -7.84654682 0.00000000
v -7.77385380 -7.83854645 0.00000000
v -7.91985419 -7.09854668 0.00000000
v -8.07985404 -7.73454636 0.00000000
v -7.93985417 -7.09654682 0.00000000
v -8.10885384 -7.72454708 0.00000000
v -7.95985415 -7.09254711 0.00000000
v -7.99585393 -7.08054703 0.00000000
v -8.27585414 -7.66854637 0.00000000
v -8.01085379 -7.07254666 0.00000000
v -8.01885417 -7.75754708 0.00000000
v -8.14085391 -7.71354645 0.00000000
v -8.17385390 -7.70254677 0.00000000
v -6.65585377 -7.93754643 0.00000000
v -6.53885415 -7.92754715 0.00000000
v -6.48085406 -7.91254681 0.00000000
v -6.44185403 -7.89054650 0.00000000
v -6.63985398 -7.25554722 0.00000000
v -6.37185385 -7.86154717 0.00000000
v -7.54185393 -7.20954674 0.00000000
v -7.52885392 -7.21054714 0.00000000
v -7.51685383 -7.21354645 0.00000000
v -7.55485394 -7.20954674 0.00000000
v -7.56685403 -7.21154659 0.00000000
v -7.85085395 -7.10454720 0.00000000
v -7.82685378 -7.11054676 0.00000000
v -7.80285409 -7.11954659 0.00000000
v -7.77985385 -7.12954682 0.00000000
v -7.87585404 -7.10154694 0.00000000
v -8.05385401 -7.74354714 0.00000000
v -7.89985421 -7.09954708 0.00000000
v -7.71585419 -7.17154663 0.00000000
v -7.69285395 -7.18754643 0.00000000
v -7.73485425 -7.15554684 0.00000000
v -7.75585415 -7.14154690 0.00000000
v -8.12285378 -7.01054638 0.00000000
v -8.47485402 -7.57354706 0.00000000
v -8.13385394 -7.01054638 0.00000000
v -8.11085417 -7.01154679 0.00000000
v -8.06285384 -7.03054684 0.00000000
v -8.08685401 -7.01854675 0.00000000
v -8.09885409 -7.01454704 0.00000000
v -8.14585402 -7.00654667 0.00000000
v -8.15885403 -7.00154656 0.00000000
v -8.51585391 -7.54354637 0.00000000
v -8.17085412 -6.99554699 0.00000000
v -8.18485406 -6.98754662 0.00000000
v -8.23385384 -6.94554680 0.00000000
v -8.22085383 -6.95754688 0.00000000
v -8.58885386 -7.49954670 0.00000000
v -8.20985415 -6.96854656 0.00000000
v -8.57285407 -7.50754708 0.00000000
v -8.19785407 -6.97854679 0.00000000
v -8.55485394 -7.51854675 0.00000000
v -8.53585389 -7.53054684 0.00000000
v -8.34685424 -6.86754673 0.00000000
v -8.29485419 -6.89954632 0.00000000
v -8.60385420 -7.49254673 0.00000000
v -8.25085404 -6.93154686 0.00000000
v -8.63485387 -7.48354691 0.00000000
v -8.64985421 -7.47654694 0.00000000
v -8.40185406 -6.83854645 0.00000000
v -8.62585404 -7.48654717 0.00000000
v -8.61585381 -7.48854702 0.00000000
v -8.53085377 -6.75454682 0.00000000
v -8.91885378 -7.22954720 0.00000000
v -8.58085396 -6.71054714 0.00000000
v -9.02785399 -7.16154640 0.00000000
v -8.64285424 -6.65154713 0.00000000
v -9.07685378 -7.11554688 0.00000000
v -9.13685420 -7.05754631 0.00000000
v -8.27085402 -6.91654652 0.00000000
v -8.05185416 -7.03854721 0.00000000
v -8.04185393 -7.04654663 0.00000000
v -8.03285411 -7.05554646 0.00000000
v -8.02385380 -7.06354683 0.00000000
v -8.41785386 -7.60654705 0.00000000
v -8.38385394 -7.62454670 0.00000000
v -8.34785416 -7.64054650 0.00000000
v -8.49785378 -7.55854672 0.00000000
v -8.88085415 -7.25854653 0.00000000
v -8.90185406 -7.24154633 0.00000000
v -8.48685410 -6.78854721 0.00000000
v -8.93385413 -7.22154682 0.00000000
v -8.94285395 -7.21954697 0.00000000
v -8.85885384 -7.27854698 0.00000000
v -8.96085408 -7.21254700 0.00000000
v -8.98885396 -7.19354695 0.00000000
v -8.66785386 -7.46454685 0.00000000
v -8.68685391 -7.44854706 0.00000000
v -8.70985415 -7.42754715 0.00000000
v -8.73385384 -7.40554684 0.00000000
v -8.75785401 -7.37954682 0.00000000
v -8.78285411 -7.35354679 0.00000000
v -8.44485381 -6.81554669 0.00000000
v -8.80785420 -7.32654637 0.00000000
v -8.37585404 -6.85254639 0.00000000
v -8.83385422 -7.30054634 0.00000000
v -9.28685382 -6.90254658 0.00000000
v -8.31185391 -7.65554684 0.00000000
v -8.24085381 -7.68054646 0.00000000
v -8.20785382 -7.69154709 0.00000000
v -8.44885399 -7.58954685 0.00000000
v -0.38585403 8.87345344 0.34200001
v -0.39785400 8.87545330 0.34200001
v -0.41185405 8.87945301 0.34200001
v -0.42885401 8.88645346 0.34200001
v -0.44485405 8.89545328 0.34200001
v -0.46185401 8.90545303 0.34200001
v -0.51085403 8.94545299 0.34200001
v -0.47885397 8.91845304 0.34200001
v -0.49485400 8.93045313 0.34200001
v -0.64285400 9.02145321 0.34200001
v -0.69385400 9.03345329 0.34200001
v -0.74585405 9.03945333 0.34200001
v -0.79685404 9.03745300 0.34200001
v -0.84385398 9.02845318 0.34200001
v -0.88885399 9.01045305 0.34200001
v -1.84685401 9.74045307 0.34200001
v -1.79585401 9.80645305 0.34200001
v -1.75485400 9.84445316 0.34200001
v -1.76885401 9.83145363 0.34200001
v -1.42185401 -0.77454680 0.00000000
v -1.38785401 -0.76954668 0.34200001
v -1.37885400 -0.77454680 0.34200001
v -1.41185402 -0.76954668 0.00000000
v -1.63285401 -0.88654679 0.34200001
v -1.11785402 -0.89654678 0.34200001
v -1.08285400 -0.91154688 0.34200001
v -1.04885402 -0.93154686 0.34200001
v -1.01485404 -0.95454686 0.34200001
v -0.98285403 -0.98054689 0.34200001
v -0.95485404 -1.00954669 0.34200001
v -0.93085399 -1.03854674 0.34200001
v -0.92085400 -1.04854673 0.34200001
v -0.90885403 -1.05854672 0.34200001
v -0.92385402 8.98745329 0.34200001
v -0.95785400 8.95445329 0.34200001
v -0.98885402 8.91645319 0.34200001
v -1.01685401 8.87245304 0.34200001
v 0.11514602 8.59745342 0.34200001
v 0.08914599 8.61145336 0.34200001
v 0.13714597 8.58545334 0.34200001
v 0.05914602 8.62845308 0.34200001
v 0.02714596 8.64945347 0.34200001
v -0.00685396 8.67145330 0.34200001
v -0.04085400 8.69545299 0.34200001
v -0.07385399 8.71945316 0.34200001
v -0.13985398 8.76145346 0.34200001
v -0.16985395 8.77945310 0.34200001
v -0.19685402 8.79445345 0.34200001
v -0.21985402 8.80545313 0.34200001
v -0.23885396 8.81245310 0.34200001
v -0.27985397 8.81945307 0.34200001
v -0.26085403 8.81445343 0.34200001
v -0.28885403 8.82345325 0.34200001
v -0.25185397 8.81445343 0.34200001
v -0.10685399 8.74145300 0.34200001
v -0.30485406 8.83345300 0.34200001
v -0.30985406 8.83845312 0.34200001
v 0.16414592 8.57645304 0.34200001
v 0.15414593 8.57945329 0.34200001
v -0.83485403 8.40645344 0.34200001
v -0.79685404 8.39845306 0.34200001
v -0.76185396 8.39245302 0.34200001
v -0.71485403 8.37845308 0.34200001
v -0.65885403 8.35445339 0.34200001
v -0.59485402 8.32345325 0.34200001
v -0.52385404 8.28645307 0.34200001
v -0.44785407 8.24245340 0.34200001
v -0.36985400 8.19345314 0.34200001
v -0.29085400 8.14145309 0.34200001
v -0.25485399 8.11845333 0.34200001
v -0.20885399 8.09045345 0.34200001
v -0.15485397 8.05945331 0.34200001
v -0.09485402 8.02745325 0.34200001
v -0.02985397 7.99345333 0.34200001
v 0.03714595 7.95845300 0.34200001
v -1.00985398 8.55045301 0.34200001
v -0.96885404 8.50445301 0.34200001
v -1.03985402 8.82545311 0.34200001
v -1.05785402 8.77845318 0.34200001
v -1.06885400 8.72945339 0.34200001
v -1.07285401 8.68345339 0.34200001
v -1.06485399 8.64345342 0.34200001
v -1.04185399 8.59845335 0.34200001
v -0.92485401 8.46245319 0.34200001
v -0.87885406 8.42845327 0.34200001
v 1.88514588 7.80945331 0.34200001
v 1.74114606 7.72545320 0.34200001
v 1.59314606 7.65445310 0.34200001
v 1.44114587 7.59945328 0.34200001
v 1.29314611 7.56145317 0.34200001
v 0.64014599 7.65445310 0.34200001
v 0.58314607 7.68345339 0.34200001
v 0.70114610 7.62745315 0.34200001
v 0.35614607 7.80445320 0.34200001
v 0.45414588 7.75545341 0.34200001
v 0.40914605 7.77845318 0.34200001
v 0.49114606 7.73645336 0.34200001
v 0.51814601 7.72245342 0.34200001
v 0.53314588 7.71445305 0.34200001
v 0.76414606 7.60345346 0.34200001
v 0.83014605 7.58245308 0.34200001
v 0.89514611 7.56545336 0.34200001
v 0.95814607 7.55245334 0.34200001
v 1.01814601 7.54445345 0.34200001
v 1.15014598 7.54245312 0.34200001
v -1.57785400 6.85345346 0.34200001
v -1.85285401 7.25345308 0.34200001
v -1.84885401 7.24145300 0.34200001
v -1.86085401 7.26745302 0.34200001
v -1.84585401 7.23545343 0.34200001
v -1.87185401 7.28545315 0.34200001
v -0.70285406 6.03245336 0.34200001
v -0.68985405 6.02045328 0.34200001
v -0.71485403 6.04345304 0.34200001
v -0.72685399 6.05245334 0.34200001
v -0.73985400 6.06045324 0.34200001
v -0.81885400 6.11345321 0.34200001
v -0.75185397 6.06645328 0.34200001
v -0.85385397 6.14245302 0.34200001
v -0.54585400 5.85845310 0.34200001
v -0.64985397 5.96445305 0.34200001
v -0.65985396 5.97945339 0.34200001
v -0.66785398 5.99345333 0.34200001
v -0.89585402 -1.06754678 0.34200001
v -0.88185396 -1.07554668 0.34200001
v -1.78185401 -0.94554680 0.34200001
v -1.80785401 -0.95154684 0.34200001
v -1.75785401 -0.93654674 0.34200001
v -1.73885402 -0.92754667 0.34200001
v -1.72085401 -0.91854685 0.34200001
v -1.70285400 -0.91054671 0.34200001
v -1.68285401 -0.90354675 0.34200001
v -1.64785401 -0.89154666 0.34200001
v -0.17085400 -1.48354667 0.34200001
v -0.17585399 -1.51454681 0.34200001
v -0.16385403 -1.46154683 0.34200001
v -0.15385404 -1.44554680 0.34200001
v -0.08985403 -1.41054671 0.34200001
v -0.11585405 -1.42354673 0.34200001
v -0.14185395 -1.43454688 0.34200001
v -0.12685397 -1.42754667 0.34200001
v -0.17985406 -1.60354679 0.34200001
v -0.18085399 -1.66554683 0.34200001
v -0.17785397 -1.55354684 0.34200001
v -0.18085399 -1.71054667 0.34200001
v -0.20885399 -1.90654677 0.34200001
v -0.21585395 -1.91854685 0.34200001
v -0.20185402 -1.88754671 0.34200001
v -0.19585397 -1.86254686 0.34200001
v -0.18985405 -1.83054679 0.34200001
v -0.18585398 -1.79454678 0.34200001
v -0.18285396 -1.75454682 0.34200001
v -0.74485400 -1.47054666 0.34200001
v -0.74985399 -1.52354687 0.34200001
v -0.75485399 -1.57354682 0.34200001
v -0.76185396 -1.64054673 0.34200001
v -0.77185407 -1.69854682 0.34200001
v -0.78185406 -1.74754685 0.34200001
v -0.79385402 -1.79154676 0.34200001
v -0.80885401 -1.83054679 0.34200001
v -0.82585397 -1.86854666 0.34200001
v -0.84785404 -1.90354675 0.34200001
v -0.19585397 -2.03054684 0.34200001
v -0.19585397 -2.04354685 0.34200001
v -0.19885399 -2.01754683 0.34200001
v -0.20485404 -2.00454682 0.34200001
v -0.21285405 -1.99254673 0.34200001
v -0.22185400 -1.98154681 0.34200001
v -0.22885397 -1.97154682 0.34200001
v -0.23185399 -1.96154683 0.34200001
v -0.23385396 -1.95354670 0.34200001
v -0.23285403 -1.94454687 0.34200001
v -0.22385397 -1.92654675 0.34200001
v -0.22985401 -1.93554681 0.34200001
v -0.22485402 -2.12054675 0.34200001
v -0.24185398 -2.15854686 0.34200001
v -0.21285405 -2.09754675 0.34200001
v -0.20485404 -2.07754677 0.34200001
v -0.19885399 -2.06054681 0.34200001
v -0.25485399 -2.19854682 0.34200001
v -0.67885401 6.00745327 0.34200001
v -1.02285400 6.30345327 0.34200001
v 0.05014596 -2.39354675 0.34200001
v 0.10514603 -2.40254658 0.34200001
v 0.00814602 -2.37754696 0.34200001
v -0.01985397 -2.35554665 0.34200001
v -0.02885404 -2.34354656 0.34200001
v -0.03685405 -2.33054655 0.34200001
v -0.05485406 -2.29154676 0.34200001
v -0.04885402 -2.30454677 0.34200001
v -0.04285398 -2.31854671 0.34200001
v -0.05885401 -2.27954667 0.34200001
v -0.06085398 -2.26954668 0.34200001
v -0.06085398 -2.25954669 0.34200001
v -0.06585398 -2.23654669 0.34200001
v -0.07785406 -2.22454684 0.34200001
v -0.09585407 -2.22154682 0.34200001
v 6.44314620 -1.78054684 0.00000000
v 6.63114593 -1.70454686 0.00000000
v 6.36514613 -1.80554670 0.00000000
v 6.58214614 -1.72754687 0.00000000
v -0.20985403 -2.36854666 0.34200001
v -0.20285406 -2.35954683 0.34200001
v 5.28514621 -1.91154688 0.00000000
v -0.17785397 -2.29954665 0.34200001
v -0.19685402 -2.34754675 0.34200001
v -0.15985396 -2.26954668 0.34200001
v -0.13785401 -2.24554675 0.34200001
v -0.11585405 -2.22954672 0.34200001
v -0.26885405 -2.27854675 0.34200001
v -0.26385405 -2.23854678 0.34200001
v -0.26885405 -2.31454676 0.34200001
v -0.21685400 -2.37654656 0.34200001
v -0.22385397 -2.38254660 0.34200001
v -0.22985401 -2.38654679 0.34200001
v -0.23685398 -2.38754671 0.34200001
v -0.24285402 -2.38554686 0.34200001
v -0.25585404 -2.37054699 0.34200001
v -0.26485398 -2.34654682 0.34200001
v -0.09085395 -1.27154678 0.34200001
v 2.12314603 -9.77154701 0.34200001
v -0.09085395 -2.42354696 0.34200001
v -0.85885396 -2.11965793 0.34200001
v -0.85885396 1.16045321 0.00000000
v 1.31714604 -5.36754673 0.34200001
v 0.93314597 -5.23954695 0.34200001
v 0.16514609 -4.98354691 0.34200001
f 1 2 3
f 1 3 4
f 5 6 7
f 5 8 9
f 10 9 8
f 11 12 9
f 11 9 10
f 13 12 11
f 14 15 16
f 13 17 18
f 19 14 18
f 16 18 14
f 20 21 22
f 23 24 25
f 26 25 27
f 28 29 30
f 31 32 33
f 34 35 36
f 34 36 37
f 31 33 38
f 28 30 39
f 40 41 42
f 41 43 42
f 44 45 46
f 47 48 49
f 50 51 49
f 52 53 38
f 54 55 56
f 54 56 57
f 6 35 7
f 54 58 59
f 54 59 55
f 58 60 61
f 58 61 59
f 8 5 7
f 60 62 63
f 60 63 61
f 62 64 65
f 62 65 63
f 64 66 67
f 64 67 65
f 66 68 69
f 66 69 67
f 69 68 70
f 69 70 71
f 71 70 72
f 73 72 70
f 17 13 11
f 74 75 76
f 74 76 77
f 78 74 77
f 78 77 79
f 15 14 80
f 19 18 17
f 81 82 83
f 83 82 84
f 83 84 85
f 85 84 86
f 85 86 87
f 87 86 88
f 87 88 89
f 20 15 80
f 20 80 21
f 89 88 90
f 89 90 91
f 90 92 93
f 90 93 91
f 93 92 94
f 93 94 95
f 96 22 21
f 97 98 99
f 97 99 100
f 96 101 22
f 23 22 101
f 94 97 100
f 94 100 95
f 102 99 98
f 24 23 101
f 103 104 105
f 103 105 106
f 28 107 29
f 108 109 104
f 108 104 103
f 110 111 109
f 110 109 108
f 28 39 51
f 112 113 111
f 112 111 110
f 107 40 29
f 52 114 53
f 115 116 114
f 35 34 117
f 34 37 118
f 46 45 119
f 120 121 122
f 121 120 37
f 46 32 44
f 50 49 48
f 39 49 51
f 123 124 125
f 40 107 126
f 124 127 125
f 122 119 45
f 126 41 40
f 43 41 115
f 128 129 130
f 128 130 131
f 129 132 133
f 129 133 130
f 116 53 114
f 132 134 135
f 132 135 133
f 134 136 137
f 134 137 135
f 114 43 115
f 136 138 139
f 136 139 137
f 32 31 44
f 138 140 141
f 138 141 139
f 119 122 121
f 142 143 144
f 142 144 145
f 118 37 120
f 146 147 148
f 146 148 149
f 140 150 151
f 140 151 141
f 150 152 153
f 150 153 151
f 154 155 156
f 53 157 38
f 152 158 159
f 152 159 153
f 38 157 31
f 160 156 155
f 158 161 162
f 158 162 159
f 7 35 117
f 163 164 165
f 163 165 166
f 167 168 169
f 167 169 170
f 161 164 163
f 161 163 162
f 166 165 160
f 166 160 155
f 154 156 171
f 154 171 172
f 172 171 173
f 172 173 174
f 173 147 146
f 175 176 177
f 178 179 180
f 179 181 180
f 181 182 180
f 174 173 146
f 183 180 184
f 183 178 180
f 149 148 142
f 149 142 145
f 176 185 177
f 186 177 187
f 185 187 177
f 188 180 189
f 189 180 190
f 191 180 188
f 190 180 192
f 193 180 194
f 184 180 193
f 195 196 197
f 198 180 195
f 199 180 200
f 200 180 201
f 201 180 202
f 203 204 205
f 205 206 203
f 207 205 204
f 204 208 207
f 209 207 208
f 210 209 211
f 208 211 209
f 206 212 213
f 214 215 216
f 217 216 215
f 218 219 220
f 221 222 223
f 212 224 213
f 224 225 226
f 226 213 224
f 227 228 226
f 229 230 73
f 225 227 226
f 73 230 72
f 231 226 228
f 230 229 232
f 233 234 235
f 236 237 238
f 239 240 241
f 242 243 244
f 245 242 244
f 245 244 246
f 228 247 231
f 247 236 231
f 238 231 236
f 248 249 235
f 249 238 237
f 250 251 252
f 250 252 253
f 253 252 254
f 253 254 255
f 235 256 257
f 234 248 235
f 258 259 256
f 260 257 256
f 257 233 235
f 261 240 262
f 239 262 240
f 263 258 264
f 265 264 258
f 266 256 267
f 260 256 266
f 265 258 268
f 261 262 269
f 270 269 262
f 271 272 269
f 271 269 270
f 273 274 275
f 276 272 271
f 276 271 277
f 278 279 280
f 274 280 279
f 275 274 279
f 281 276 277
f 281 277 282
f 283 281 282
f 283 282 284
f 285 278 280
f 286 287 274
f 288 283 289
f 290 274 287
f 291 268 258
f 289 283 284
f 292 293 294
f 295 288 289
f 295 289 296
f 297 243 295
f 297 295 296
f 298 299 280
f 299 300 280
f 300 285 280
f 243 297 244
f 301 302 303
f 304 305 303
f 306 307 308
f 306 308 309
f 310 306 309
f 310 309 311
f 312 310 311
f 312 311 313
f 314 315 316
f 317 316 315
f 318 317 315
f 316 319 314
f 315 320 318
f 320 321 318
f 322 312 313
f 322 313 323
f 324 325 326
f 327 324 326
f 328 329 325
f 330 328 325
f 331 332 322
f 331 322 323
f 333 334 332
f 333 332 331
f 335 336 334
f 335 334 333
f 337 338 339
f 339 340 341
f 342 343 327
f 344 345 336
f 344 336 335
f 346 347 345
f 346 345 344
f 348 337 349
f 350 351 347
f 350 347 346
f 352 353 351
f 352 351 350
f 354 355 356
f 357 358 353
f 357 353 352
f 359 360 361
f 362 363 364
f 365 330 366
f 364 365 362
f 325 366 330
f 349 337 339
f 355 364 363
f 367 359 361
f 367 361 368
f 369 367 368
f 369 368 370
f 370 308 369
f 307 369 308
f 371 372 373
f 371 373 360
f 359 371 360
f 374 375 376
f 376 377 374
f 363 356 355
f 377 378 374
f 379 374 378
f 380 381 382
f 381 383 382
f 384 385 386
f 384 386 387
f 388 389 390
f 391 392 393
f 391 393 394
f 395 396 391
f 395 391 394
f 397 390 398
f 399 400 401
f 402 403 401
f 404 405 402
f 389 406 390
f 398 390 406
f 407 408 409
f 407 409 410
f 411 407 410
f 411 410 412
f 413 414 415
f 412 373 411
f 372 411 373
f 404 415 416
f 414 416 415
f 409 408 396
f 409 396 395
f 417 404 416
f 418 419 420
f 418 420 421
f 422 423 419
f 422 419 418
f 424 425 423
f 424 423 422
f 405 404 417
f 426 413 427
f 427 428 426
f 429 430 431
f 432 433 425
f 434 435 436
f 432 425 424
f 437 438 439
f 321 440 441
f 442 433 432
f 442 432 443
f 444 441 440
f 441 318 321
f 438 437 442
f 438 442 443
f 445 446 447
f 445 447 448
f 449 444 450
f 450 444 440
f 451 421 420
f 452 437 439
f 453 454 449
f 444 449 454
f 319 434 314
f 436 314 434
f 435 455 436
f 455 456 436
f 454 457 390
f 458 459 401
f 460 461 401
f 397 401 461
f 459 462 401
f 460 401 462
f 399 401 403
f 403 402 463
f 400 458 401
f 463 402 464
f 390 397 461
f 464 402 405
f 388 390 457
f 457 454 453
f 465 466 467
f 468 467 466
f 469 465 470
f 430 471 472
f 467 470 465
f 415 427 413
f 472 473 474
f 475 476 477
f 337 348 477
f 478 475 477
f 338 479 339
f 341 480 342
f 348 478 477
f 481 482 436
f 482 483 436
f 484 436 483
f 483 477 485
f 486 481 436
f 485 484 483
f 487 486 436
f 476 485 477
f 456 487 436
f 329 326 325
f 366 362 365
f 324 327 343
f 480 341 340
f 340 339 479
f 488 342 480
f 488 343 342
f 489 354 490
f 356 490 354
f 491 492 379
f 492 493 379
f 382 379 493
f 493 380 382
f 490 494 489
f 375 489 494
f 494 495 375
f 495 376 375
f 378 496 379
f 496 491 379
f 497 498 499
f 499 500 501
f 501 500 502
f 503 498 497
f 504 505 506
f 505 507 508
f 509 510 511
f 510 512 511
f 512 513 511
f 507 509 508
f 514 515 516
f 517 514 518
f 519 520 521
f 518 520 519
f 522 521 523
f 383 524 525
f 525 382 383
f 524 526 525
f 523 525 526
f 526 522 523
f 523 521 520
f 516 527 528
f 529 528 530
f 531 532 533
f 530 528 527
f 527 516 515
f 520 518 514
f 515 514 517
f 532 534 533
f 535 533 534
f 536 535 534
f 537 536 534
f 537 534 538
f 539 540 541
f 537 538 542
f 543 511 544
f 545 543 544
f 513 544 511
f 546 547 544
f 528 529 548
f 549 548 529
f 541 540 549
f 529 541 549
f 550 551 502
f 552 550 502
f 553 552 502
f 554 555 503
f 508 506 505
f 556 555 554
f 498 557 499
f 558 304 559
f 560 113 112
f 560 112 561
f 562 563 564
f 565 566 567
f 565 567 568
f 569 570 571
f 569 571 572
f 563 573 564
f 573 574 564
f 575 576 577
f 575 577 578
f 579 580 581
f 580 582 581
f 583 579 581
f 576 584 585
f 576 585 577
f 586 587 588
f 589 590 588
f 590 562 588
f 564 588 562
f 304 564 574
f 304 574 559
f 558 591 304
f 592 593 304
f 594 575 578
f 594 578 595
f 596 594 595
f 596 595 597
f 598 599 596
f 598 596 597
f 551 600 502
f 601 602 603
f 603 502 600
f 604 605 599
f 604 599 598
f 606 607 608
f 609 610 607
f 608 607 610
f 607 611 609
f 612 609 611
f 613 612 611
f 105 605 604
f 105 604 106
f 614 615 616
f 617 603 618
f 618 619 617
f 620 613 611
f 621 607 622
f 620 611 623
f 623 624 625
f 626 627 614
f 626 614 616
f 619 628 617
f 600 601 603
f 629 630 626
f 628 631 617
f 602 618 603
f 631 632 617
f 626 630 627
f 633 634 630
f 633 630 629
f 635 634 633
f 635 633 636
f 632 637 588
f 586 588 637
f 588 617 632
f 638 639 640
f 641 640 642
f 639 643 640
f 644 645 635
f 644 635 636
f 584 646 647
f 584 647 585
f 643 642 640
f 648 640 641
f 649 638 640
f 650 588 651
f 652 651 588
f 653 652 588
f 654 653 588
f 587 654 588
f 589 588 650
f 655 656 645
f 655 645 644
f 657 649 640
f 658 657 640
f 659 660 661
f 659 661 662
f 663 664 665
f 666 545 544
f 660 667 668
f 660 668 661
f 668 667 656
f 668 656 655
f 545 666 669
f 670 669 666
f 662 647 659
f 646 659 647
f 511 508 509
f 664 504 506
f 98 671 102
f 506 665 664
f 671 672 673
f 671 673 102
f 674 658 640
f 675 640 648
f 676 640 677
f 673 672 678
f 556 679 665
f 680 681 682
f 683 640 684
f 679 663 665
f 685 680 682
f 685 682 686
f 555 556 665
f 687 685 686
f 687 686 615
f 498 503 555
f 614 687 615
f 688 689 690
f 688 690 691
f 692 693 640
f 694 640 693
f 695 499 696
f 557 696 499
f 697 499 695
f 500 499 697
f 553 502 500
f 698 699 700
f 701 640 702
f 702 640 683
f 701 692 640
f 676 674 640
f 684 640 675
f 703 704 699
f 703 699 698
f 705 706 707
f 708 709 706
f 690 704 703
f 690 703 691
f 694 710 640
f 711 712 713
f 666 544 547
f 707 706 714
f 715 716 717
f 715 717 718
f 719 640 720
f 721 722 723
f 721 723 724
f 670 666 712
f 666 713 712
f 549 725 726
f 716 722 721
f 716 721 717
f 727 728 729
f 730 728 727
f 728 731 729
f 732 729 731
f 726 733 546
f 734 732 731
f 735 736 737
f 735 737 738
f 739 740 741
f 739 741 742
f 743 734 731
f 731 744 743
f 745 706 746
f 736 735 747
f 748 747 735
f 749 750 751
f 752 753 751
f 750 752 751
f 744 751 753
f 753 754 744
f 754 743 744
f 755 749 751
f 742 723 739
f 756 757 758
f 723 742 724
f 709 759 706
f 760 706 759
f 761 706 762
f 762 706 760
f 763 764 765
f 766 767 768
f 766 768 769
f 770 771 765
f 764 770 765
f 771 772 765
f 768 767 773
f 768 773 774
f 775 706 745
f 776 706 775
f 777 706 776
f 778 706 761
f 714 706 778
f 708 706 777
f 779 713 705
f 774 773 780
f 774 780 781
f 781 780 782
f 781 782 783
f 784 785 786
f 786 785 787
f 788 785 784
f 787 785 789
f 765 728 790
f 790 763 765
f 758 765 791
f 772 791 765
f 791 756 758
f 757 792 758
f 792 793 581
f 783 782 747
f 783 747 748
f 794 785 788
f 746 785 794
f 795 741 796
f 740 796 741
f 797 798 799
f 796 766 769
f 796 769 795
f 800 801 802
f 803 804 805
f 803 805 806
f 807 728 730
f 807 808 728
f 798 755 751
f 751 799 798
f 799 809 797
f 810 811 800
f 812 813 804
f 812 804 803
f 814 815 813
f 814 813 812
f 816 817 810
f 700 818 815
f 700 815 814
f 819 817 816
f 820 821 822
f 822 823 824
f 825 826 820
f 827 826 825
f 828 824 829
f 830 831 827
f 832 833 830
f 834 817 819
f 699 818 700
f 835 836 837
f 835 837 838
f 839 785 840
f 789 785 839
f 840 785 834
f 738 737 836
f 738 836 835
f 831 830 833
f 841 842 843
f 844 845 841
f 837 846 847
f 837 847 838
f 846 848 849
f 846 849 847
f 850 851 852
f 848 853 854
f 848 854 849
f 855 856 857
f 853 858 859
f 853 859 854
f 857 860 861
f 540 539 862
f 858 863 864
f 858 864 859
f 864 863 865
f 864 865 866
f 542 862 539
f 867 549 540
f 868 869 870
f 868 870 871
f 872 861 860
f 873 872 860
f 870 869 874
f 870 874 875
f 875 874 876
f 875 876 877
f 861 855 857
f 856 720 857
f 876 878 879
f 876 879 877
f 640 857 720
f 878 880 881
f 878 881 879
f 882 542 883
f 884 542 885
f 885 542 882
f 886 542 884
f 883 542 887
f 888 542 886
f 889 542 888
f 862 542 889
f 887 542 538
f 880 890 891
f 880 891 881
f 890 892 893
f 890 893 891
f 894 640 895
f 851 725 852
f 896 851 850
f 897 640 898
f 899 900 868
f 899 868 871
f 865 900 899
f 865 899 866
f 901 898 640
f 719 901 640
f 902 903 904
f 905 906 907
f 907 908 909
f 910 911 912
f 912 913 914
f 914 913 915
f 916 917 918
f 905 918 919
f 920 851 896
f 921 903 922
f 923 903 921
f 903 640 924
f 925 903 923
f 926 903 925
f 927 928 929
f 930 931 932
f 933 932 931
f 934 903 902
f 935 904 903
f 936 903 934
f 922 903 936
f 937 903 926
f 938 903 939
f 940 935 903
f 941 942 640
f 943 924 640
f 944 180 945
f 946 180 944
f 947 945 180
f 948 180 946
f 199 947 180
f 948 192 180
f 191 194 180
f 949 950 951
f 952 953 954
f 955 950 956
f 957 958 959
f 960 961 957
f 962 951 963
f 963 964 962
f 949 956 950
f 950 963 951
f 965 966 967
f 968 966 965
f 969 966 970
f 970 966 971
f 972 971 966
f 973 974 969
f 975 976 973
f 977 978 975
f 968 972 966
f 979 980 981
f 982 980 979
f 983 984 980
f 985 980 984
f 986 980 985
f 987 980 986
f 981 980 987
f 988 989 977
f 990 991 992
f 993 992 991
f 991 994 993
f 994 995 993
f 966 993 995
f 966 995 996
f 997 998 966
f 998 967 966
f 996 997 966
f 999 1000 1001
f 1002 1003 1000
f 1004 1003 1002
f 1005 1006 1004
f 1007 1008 1009
f 1010 1011 1012
f 1013 1012 1011
f 1014 1015 1012
f 1013 1014 1012
f 1015 1016 1012
f 1016 1017 1012
f 1018 1012 1017
f 1019 1018 1017
f 1009 1020 1019
f 1021 980 1022
f 1001 1000 1003
f 1003 1004 1006
f 1023 1024 980
f 1024 1022 980
f 833 832 1025
f 1026 1027 168
f 1026 168 167
f 446 452 439
f 446 439 447
f 170 169 1028
f 170 1028 1029
f 1030 843 1031
f 1032 445 448
f 1032 448 1033
f 1029 1028 1034
f 1029 1034 1035
f 1036 1032 1033
f 1036 1033 1037
f 1035 1034 1038
f 1035 1038 1039
f 1040 1041 1042
f 1043 843 1030
f 1044 843 1043
f 1045 843 1044
f 1046 843 1045
f 1047 843 1046
f 1031 843 842
f 1048 1036 1037
f 1048 1037 1049
f 1041 1050 1042
f 1049 393 1048
f 392 1048 393
f 1051 1039 1052
f 1038 1052 1039
f 1053 843 1047
f 1054 843 1053
f 1053 1025 1054
f 842 841 845
f 809 845 844
f 1052 1055 1056
f 1052 1056 1051
f 385 1057 1058
f 385 1058 386
f 1055 1059 1060
f 1055 1060 1056
f 844 1061 809
f 1061 797 809
f 1057 1062 1058
f 1059 1063 1064
f 1059 1064 1060
f 821 820 826
f 826 827 831
f 1065 1066 1067
f 1065 1067 1068
f 1069 1065 1068
f 1069 1068 1070
f 823 822 821
f 1063 1071 1072
f 1063 1072 1064
f 1054 1025 832
f 1073 1074 1069
f 1073 1069 1070
f 1075 1074 1073
f 1075 1073 1076
f 829 824 823
f 1077 1078 1079
f 1080 1075 1076
f 1080 1076 1081
f 1082 1083 1084
f 1085 1084 1083
f 1086 1007 1077
f 1087 1080 1081
f 1087 1081 1088
f 1089 1087 1088
f 1089 1088 1090
f 1091 1089 1090
f 1091 1090 1092
f 1093 1021 1022
f 451 1094 1091
f 451 1091 1092
f 1095 1096 980
f 1097 828 829
f 829 1098 1097
f 1084 1097 1098
f 1098 1082 1084
f 1099 1100 1085
f 1101 1100 1099
f 1102 1103 1101
f 420 1094 451
f 1079 1104 1105
f 1106 1107 1093
f 1062 1108 1058
f 1008 1007 1086
f 1062 1109 1110
f 1062 1110 1108
f 1109 1111 1110
f 1112 1113 1114
f 1115 1116 1114
f 1113 1117 1114
f 1117 1115 1114
f 1118 1067 1119
f 1066 1119 1067
f 1120 1112 1114
f 1121 1122 1123
f 1124 1123 1122
f 1111 1125 1126
f 1111 1126 1127
f 1128 1129 1121
f 1122 1121 1129
f 1111 1127 1110
f 1018 1019 1130
f 1131 1129 1132
f 1128 1132 1129
f 1114 1133 1134
f 1134 1135 1114
f 1136 1134 1133
f 1137 893 1138
f 892 1138 893
f 1139 1140 1141
f 1139 1141 1142
f 1005 1010 1006
f 1012 1006 1010
f 1020 1009 1008
f 1143 1136 1133
f 1119 1144 1145
f 1119 1145 1118
f 1123 1124 1050
f 1145 1144 1146
f 1145 1146 1147
f 1148 1149 1150
f 1138 1151 1152
f 1138 1152 1137
f 1146 1140 1139
f 1146 1139 1147
f 1153 1154 1155
f 582 1153 1155
f 1133 1155 1154
f 1155 581 582
f 1156 583 581
f 1157 1158 1159
f 1160 1148 1150
f 1078 1077 1007
f 1130 1019 1020
f 1157 1161 1162
f 1157 1162 1158
f 1163 1160 1150
f 1078 1104 1079
f 1162 1161 1164
f 1165 1166 1167
f 1168 1167 1166
f 1169 1126 1170
f 1125 1170 1126
f 1040 1171 1041
f 1166 1114 1172
f 1172 1168 1166
f 1170 1173 1174
f 1170 1174 1169
f 1174 1173 1175
f 1174 1175 1159
f 1175 1157 1159
f 1176 1177 1178
f 1179 1178 1177
f 1180 1181 1182
f 1183 1182 1181
f 1184 1181 1180
f 1185 1181 1184
f 1186 1181 1185
f 1187 1183 1181
f 1188 1181 1186
f 1189 1190 1191
f 1191 1181 1188
f 1150 1187 1181
f 1154 1143 1133
f 1116 1192 1114
f 1193 1120 1114
f 1192 1194 1114
f 1135 1193 1114
f 1194 1195 1114
f 1195 1196 1114
f 1197 203 213
f 1197 213 1198
f 1179 1199 1178
f 208 204 1200
f 208 1200 1201
f 1200 204 203
f 1200 203 1197
f 1202 1203 1204
f 1205 1206 1207
f 1207 1208 1202
f 1203 1165 1204
f 1167 1204 1165
f 1040 1209 1171
f 211 208 1201
f 1210 1142 1211
f 1141 1211 1142
f 1212 1181 1213
f 1176 1152 1177
f 1151 1177 1152
f 1210 1211 1214
f 1210 1214 1215
f 1203 1202 1208
f 1216 1217 1190
f 1131 1132 1218
f 1219 1218 1132
f 1220 1198 213
f 1219 1221 1218
f 1222 211 1223
f 1222 1223 1224
f 1225 1191 1190
f 1226 1190 1217
f 1227 1226 1217
f 1228 1229 1217
f 1227 1217 1229
f 1223 211 1201
f 1230 1222 1224
f 1230 1224 1231
f 1216 1190 1189
f 1232 1181 1225
f 1233 1234 1235
f 1236 1235 1234
f 808 1237 728
f 216 222 1238
f 216 1238 1239
f 1237 1240 728
f 1235 1241 1233
f 1242 1181 1243
f 216 1239 1244
f 581 758 792
f 1240 790 728
f 1245 1236 1234
f 1238 222 1230
f 1238 1230 1231
f 1196 1246 1114
f 1246 1172 1114
f 1247 1156 581
f 1248 1247 581
f 793 1248 581
f 1249 1233 1241
f 1214 219 1250
f 1214 1250 1215
f 1251 1181 1252
f 1253 1181 1251
f 1242 1252 1181
f 1254 1181 1253
f 1255 216 1244
f 1241 1256 1249
f 1208 1207 1206
f 1191 1225 1181
f 1232 1213 1181
f 1212 1257 1181
f 219 1255 1244
f 219 1244 1250
f 1205 1258 1206
f 1259 1260 1256
f 1261 231 238
f 1261 238 1262
f 1220 226 231
f 1220 231 1261
f 1263 1264 1265
f 1266 1263 1265
f 1258 1265 1264
f 1264 1206 1258
f 1267 980 982
f 1023 980 1267
f 1096 983 980
f 1181 1163 1150
f 1105 1104 1268
f 1105 1268 1106
f 213 226 1220
f 1269 1270 1271
f 264 1272 263
f 1273 263 1272
f 1270 1274 1275
f 259 263 1273
f 259 1273 1276
f 1277 1278 1181
f 1279 1280 1281
f 1280 1282 1281
f 1282 1283 1281
f 1283 1284 1281
f 260 266 1285
f 260 1285 1286
f 1163 1181 1287
f 1288 1289 1181
f 1276 1290 259
f 267 259 1290
f 1274 1291 1275
f 1291 1292 1293
f 1293 1275 1291
f 1292 1294 1293
f 1295 1293 1294
f 1275 1271 1270
f 1266 1269 1271
f 1266 1271 1263
f 266 267 1290
f 266 1290 1285
f 1296 1297 1181
f 1297 1287 1181
f 1298 1296 1181
f 233 257 1299
f 233 1299 1300
f 1301 1123 1050
f 1299 257 260
f 1299 260 1286
f 1302 1303 1294
f 1304 1305 1150
f 1306 234 233
f 1306 233 1300
f 1149 1307 1150
f 1308 248 234
f 1308 234 1306
f 1281 1150 1305
f 1309 249 248
f 1309 248 1308
f 1041 1301 1050
f 1310 1311 1294
f 1312 1310 1294
f 1311 1313 1294
f 1313 1314 1294
f 1314 1295 1294
f 1303 1312 1294
f 238 249 1309
f 238 1309 1262
f 1315 1279 1281
f 1305 1315 1281
f 1161 1316 1164
f 1317 1318 1319
f 1319 1320 1321
f 1322 1321 1323
f 1320 1323 1321
f 1199 1179 1324
f 1325 1326 1327
f 1328 1209 1324
f 1199 1324 1209
f 1329 1330 1331
f 1171 1209 1328
f 1332 1333 1334
f 1257 1243 1181
f 1335 1336 1337
f 1337 1181 1254
f 1337 1338 1335
f 1334 1339 1317
f 1340 1322 1323
f 1341 1342 1343
f 1341 1343 1344
f 1345 1346 1327
f 1347 1348 1329
f 1348 1327 1329
f 1346 1329 1327
f 1349 1345 1327
f 1350 1349 1327
f 1331 1347 1329
f 1351 1331 1330
f 1352 1351 1330
f 1353 1354 1355
f 1353 1355 1356
f 1245 1218 1221
f 1071 1357 1358
f 1071 1358 1072
f 1221 1236 1245
f 1359 1360 1327
f 1360 1361 1327
f 1361 1362 1327
f 1362 1363 1327
f 1363 1364 1327
f 1364 1365 1327
f 1365 1366 1327
f 1367 1368 1369
f 1370 1371 1372
f 1370 1372 1373
f 1374 1375 1376
f 1377 1376 1375
f 1353 1356 1371
f 1372 1371 1356
f 1369 1342 1341
f 1369 1341 1367
f 1343 1378 1344
f 1357 1379 1380
f 1357 1380 1358
f 1256 1241 1259
f 1378 1381 1382
f 1383 1380 1379
f 1383 1379 1384
f 1385 1377 1375
f 1375 1386 1385
f 1387 1385 1386
f 1386 1388 1387
f 1389 1387 1388
f 1388 1390 1389
f 1327 1389 1390
f 1390 1359 1327
f 1366 1391 1327
f 1391 1392 1327
f 1392 1393 1327
f 1393 1325 1327
f 1394 1350 1327
f 1395 1394 1327
f 1338 1396 1397
f 1398 1382 1399
f 1400 1399 1382
f 1260 1401 1402
f 1260 1402 1403
f 1335 1338 1397
f 1404 1405 1406
f 1407 1408 1409
f 1407 1409 1410
f 1256 1260 1403
f 1411 1181 1336
f 1409 1408 1412
f 1409 1412 1413
f 1326 1395 1327
f 1414 1415 1416
f 1414 1416 1417
f 1418 1181 1411
f 1419 1412 1420
f 1414 806 1415
f 805 1415 806
f 1181 1337 1336
f 1181 1418 1421
f 1181 1421 1422
f 1422 1423 1181
f 1181 1424 1277
f 1330 1404 1352
f 1413 1412 1419
f 1425 1426 1427
f 1425 1427 1428
f 1425 1417 1426
f 1416 1426 1417
f 1429 1430 1431
f 1432 1402 1433
f 1401 1433 1402
f 1405 1434 1435
f 1436 1435 1434
f 1437 1181 1438
f 1439 1181 1437
f 1440 1438 1181
f 1432 1433 1441
f 1432 1441 1442
f 1431 1407 1410
f 1406 1443 1404
f 1443 1352 1404
f 1444 1406 1405
f 1435 1444 1405
f 1442 1441 1445
f 1442 1445 1446
f 1447 1440 1181
f 1448 1369 1368
f 1446 1445 1449
f 1446 1449 1450
f 1451 1181 1439
f 1452 1447 1181
f 1450 1449 1453
f 1450 1453 1454
f 1454 1453 1455
f 1454 1455 1456
f 1419 1420 1457
f 1458 1181 1459
f 1459 1181 1451
f 1423 1452 1181
f 1460 1461 1462
f 1463 1460 1462
f 1461 1464 1462
f 1465 1466 1463
f 1467 1468 1465
f 1469 1470 1471
f 1472 1469 1471
f 1473 1474 1467
f 1475 1476 1477
f 1456 1455 1478
f 1456 1478 1479
f 1424 1181 1458
f 1479 1478 1480
f 1479 1480 1481
f 1448 1368 1482
f 1294 1483 1302
f 1480 1484 1485
f 1480 1485 1481
f 1484 1486 1487
f 1484 1487 1485
f 1488 1302 1483
f 1486 1489 1490
f 1486 1490 1487
f 1491 1492 1493
f 1494 1493 1492
f 1477 1488 1475
f 1483 1475 1488
f 1289 1298 1181
f 1495 1181 1278
f 1495 1288 1181
f 1307 1304 1150
f 1496 1490 1497
f 1489 1497 1490
f 1464 1477 1476
f 1399 1498 1398
f 1499 1500 1501
f 1499 1501 1502
f 1497 1503 1504
f 1497 1504 1496
f 1323 1505 1340
f 1460 1463 1466
f 1476 1462 1464
f 1503 1506 1507
f 1503 1507 1504
f 1508 1340 1505
f 1509 1510 1500
f 1501 1500 1510
f 1507 1506 1511
f 1507 1511 1512
f 1513 1514 1515
f 1466 1465 1468
f 1468 1467 1516
f 1517 1467 1518
f 1519 1467 1517
f 1516 1467 1519
f 1396 1508 1520
f 1318 1317 1521
f 1522 1512 1523
f 1511 1523 1512
f 1514 1493 1494
f 1520 1397 1396
f 1505 1520 1508
f 1521 1317 1339
f 1502 1498 1499
f 1524 1499 1498
f 1525 1526 1527
f 1525 1527 1528
f 1525 1428 1526
f 1427 1526 1428
f 1515 1510 1513
f 1509 1513 1510
f 1529 1530 1473
f 1531 1474 1473
f 1532 1467 1474
f 1533 1467 1532
f 1518 1467 1533
f 1534 1535 1536
f 1320 1319 1318
f 1537 1333 1538
f 1539 1333 1537
f 1540 1333 1539
f 1527 1541 1542
f 1527 1542 1528
f 1538 1333 1543
f 1544 1545 1540
f 1546 1547 1548
f 1543 1333 1332
f 1536 1549 1534
f 1550 1534 1549
f 1551 1552 1553
f 1554 1551 1553
f 1555 1553 1552
f 1556 1557 1553
f 1558 1559 1560
f 1558 1560 1561
f 1562 1545 1544
f 1563 1564 1562
f 1559 1550 1549
f 1559 1549 1560
f 1565 1547 1563
f 1531 1473 1530
f 1566 1558 1561
f 1566 1561 1567
f 1378 1343 1381
f 1541 1566 1567
f 1541 1567 1542
f 1400 1382 1381
f 1529 1473 1568
f 1470 1568 1473
f 1569 1570 1571
f 1569 1571 1572
f 1573 1547 1574
f 1575 1547 1573
f 1576 1547 1575
f 1548 1547 1576
f 1574 1547 1565
f 1577 1547 1546
f 1578 1579 1577
f 1473 1471 1470
f 1580 1581 1582
f 1580 1582 1583
f 1584 1579 1578
f 1585 1586 1587
f 1588 1589 1553
f 1469 1553 1589
f 1590 1591 1581
f 1590 1581 1580
f 1592 1593 1591
f 1592 1591 1590
f 1594 1595 1584
f 1592 1571 1593
f 1570 1593 1571
f 1557 1596 1553
f 1597 1554 1553
f 1596 1597 1553
f 1534 1598 1535
f 1599 1586 1585
f 1587 1586 1594
f 1430 1429 1600
f 1601 1569 1572
f 1601 1572 1602
f 1588 1553 1555
f 1603 1556 1553
f 1604 1603 1553
f 1605 1604 1553
f 1430 1606 1431
f 1607 1586 1608
f 1608 1586 1609
f 1609 1586 1610
f 1431 1606 1407
f 1598 1601 1602
f 1598 1602 1535
f 1469 1472 1553
f 1611 1583 1612
f 1582 1612 1583
f 1607 1613 1614
f 1595 1594 1586
f 1615 1616 1617
f 1615 1617 1618
f 1420 1619 1457
f 1547 1577 1579
f 1605 1553 1620
f 1553 1621 1620
f 1622 1616 1615
f 1622 1615 1623
f 1457 1619 1624
f 1457 1624 1482
f 1564 1563 1547
f 1625 1622 1623
f 1625 1623 1626
f 1621 1627 1628
f 1482 1624 1448
f 1629 1628 1627
f 1630 1629 1627
f 1631 1614 1613
f 1545 1562 1564
f 1333 1540 1545
f 1339 1334 1333
f 1610 1586 1599
f 1632 1627 1633
f 1630 1627 1632
f 1627 1634 1633
f 1625 1626 1635
f 1636 1635 1626
f 1637 1635 1636
f 1637 1636 1638
f 1639 1640 1641
f 1641 1642 1643
f 1644 1627 1645
f 1646 1627 1644
f 1553 1645 1627
f 1627 1621 1553
f 1647 1648 1637
f 1647 1637 1638
f 1524 1498 1399
f 1649 1648 1647
f 1649 1647 1650
f 1651 1640 1639
f 1652 1653 1640
f 1654 1655 1642
f 1655 1656 1642
f 1643 1642 1656
f 1657 1649 1650
f 1657 1650 1658
f 1659 1657 1658
f 1659 1658 1660
f 1661 1631 1613
f 1642 1662 1654
f 1652 1640 1651
f 1663 1664 1653
f 1665 1666 1627
f 1666 1667 1627
f 1668 1627 1667
f 1513 1669 1514
f 1670 1671 1659
f 1670 1659 1660
f 1612 1671 1670
f 1612 1670 1611
f 1627 1672 1665
f 1514 1669 1493
f 1673 973 1674
f 1675 973 1673
f 1676 973 1675
f 1677 973 1676
f 974 973 1677
f 966 969 974
f 1678 1679 1680
f 1681 1672 1627
f 1682 1681 1627
f 1683 1281 1268
f 1684 1679 1678
f 1684 1678 1685
f 1686 1687 1281
f 1687 1268 1281
f 1104 1683 1268
f 1684 1685 1688
f 1689 1688 1685
f 1690 1691 1627
f 1692 1627 1691
f 1693 1690 1627
f 1694 1627 1692
f 1694 1682 1627
f 1646 1693 1627
f 1695 1696 1697
f 1695 1697 1698
f 1699 1106 1268
f 1700 1688 1689
f 1700 1689 1701
f 1698 1697 1702
f 1698 1702 1703
f 1107 1106 1699
f 1284 1686 1281
f 1704 1700 1701
f 1704 1701 1705
f 1703 1702 1706
f 1703 1706 1707
f 1708 1627 1709
f 1668 1709 1627
f 1627 1708 1710
f 1710 1711 1627
f 1712 1093 1107
f 1713 1704 1705
f 1713 1705 1714
f 1715 1707 1706
f 1715 1706 1716
f 1717 1713 1714
f 1717 1714 1718
f 1719 1715 1716
f 1719 1716 1720
f 1721 1717 1718
f 1721 1718 1722
f 988 1095 989
f 1021 1093 1712
f 1723 1724 1719
f 1723 1719 1720
f 1725 1721 1722
f 1725 1722 1726
f 976 975 978
f 1727 1728 1724
f 1727 1724 1723
f 1729 1725 1726
f 1729 1726 1730
f 1731 973 976
f 978 977 989
f 1674 973 1731
f 980 989 1095
f 1732 1633 1733
f 1734 1735 1728
f 1734 1728 1727
f 1736 1729 1730
f 1736 1730 1737
f 1735 1734 1738
f 1739 1736 1737
f 1739 1737 1740
f 1711 1741 1627
f 1741 1742 1627
f 1742 1743 1627
f 1743 1744 1627
f 1744 1634 1627
f 1733 1633 1634
f 1745 1746 1747
f 1745 1747 1748
f 1749 1739 1740
f 1749 1740 1750
f 1746 1751 1752
f 1746 1752 1747
f 1753 1754 1755
f 1756 1749 1750
f 1756 1750 681
f 1757 1758 1759
f 1759 1758 1760
f 1696 1695 1751
f 1752 1751 1695
f 1761 1762 1763
f 680 1756 681
f 1764 1765 1766
f 1764 1766 1767
f 1492 1491 1748
f 1745 1748 1491
f 1766 1765 1768
f 1766 1768 1769
f 1770 1758 1771
f 1771 1758 1732
f 1760 1758 1770
f 1633 1732 1758
f 1164 1316 1772
f 1164 1772 220
f 1383 1384 1773
f 1383 1773 1774
f 1775 1776 214
f 1775 214 218
f 1774 1773 1777
f 1774 1777 1778
f 1776 1779 215
f 1776 215 214
f 1780 1522 1781
f 1523 1781 1522
f 1782 1783 1777
f 1778 1777 1783
f 1784 1785 223
f 1784 223 217
f 1780 1781 1786
f 1780 1786 1787
f 1788 1789 1790
f 1783 1782 1370
f 1783 1370 1373
f 1787 1786 1791
f 1787 1791 1792
f 1793 1794 1789
f 1792 1791 1795
f 1792 1795 1796
f 1779 1784 217
f 1779 217 215
f 1797 1793 1789
f 1772 1775 218
f 1772 218 220
f 1354 1798 1799
f 1354 1799 1355
f 1796 1795 1800
f 1796 1800 1801
f 1802 1797 1803
f 1789 1803 1797
f 1798 1804 1805
f 1798 1805 1799
f 1806 1802 1758
f 1801 1800 1807
f 1801 1807 1808
f 1804 1809 1810
f 1804 1810 1805
f 1785 1811 221
f 1785 221 223
f 1808 1807 1764
f 1808 1764 1767
f 1809 1812 1813
f 1809 1813 1810
f 221 1811 1814
f 1815 1816 1817
f 1818 1819 1758
f 1819 1820 1758
f 1820 1821 1758
f 1821 1822 1758
f 1822 1823 1758
f 1823 1806 1758
f 1824 1758 1757
f 1825 1826 1827
f 1825 1827 210
f 1828 1829 1816
f 1828 1816 1815
f 1830 1831 1832
f 1830 1832 1833
f 1814 1834 221
f 1835 1836 1829
f 1835 1829 1828
f 1837 1838 1831
f 1837 1831 1830
f 1834 1814 1826
f 1834 1826 1825
f 1839 1840 1836
f 1839 1836 1835
f 1841 1842 1843
f 1844 1845 1838
f 1844 1838 1837
f 1846 1847 1840
f 1846 1840 1839
f 1827 1848 209
f 1827 209 210
f 1843 1849 1850
f 1851 1852 1845
f 1851 1845 1844
f 209 1848 1853
f 209 1853 207
f 1846 1618 1847
f 1617 1847 1618
f 1854 1852 1851
f 1854 1851 1855
f 1856 1850 1857
f 224 1858 1859
f 224 1859 225
f 1832 1860 1861
f 1832 1861 1833
f 1862 1863 1864
f 1862 1864 1865
f 1866 1856 1867
f 205 207 1853
f 1868 1869 1870
f 1864 1871 1872
f 1864 1872 1865
f 1873 1858 224
f 1873 224 212
f 1874 1875 1876
f 1875 1877 1876
f 1878 1879 1880
f 1878 1880 1881
f 1859 1882 227
f 1859 227 225
f 1879 1863 1862
f 1879 1862 1880
f 1876 1870 1874
f 1883 1866 1884
f 1849 1857 1850
f 1857 1867 1856
f 206 1885 1873
f 206 1873 212
f 1886 1887 1871
f 1872 1871 1887
f 1888 1889 1890
f 1888 1890 1891
f 1853 1892 205
f 1893 1894 1888
f 1893 1888 1891
f 205 1892 1885
f 205 1885 206
f 1895 1878 1881
f 1895 1881 1896
f 1882 1897 228
f 1882 228 227
f 1898 1899 1894
f 1898 1894 1893
f 1900 1901 1886
f 1887 1886 1901
f 1897 1902 228
f 1903 1904 1899
f 1903 1899 1898
f 1905 1769 1906
f 1768 1906 1769
f 1907 1908 258
f 1907 258 256
f 1903 1861 1904
f 1860 1904 1861
f 1867 1884 1866
f 1877 1909 1876
f 1910 1876 1909
f 1909 1911 1910
f 1911 1912 1910
f 1913 1910 1912
f 1912 1914 1913
f 1915 1913 1916
f 1917 1915 1916
f 1436 1434 1917
f 1914 1916 1913
f 1915 1917 1434
f 1905 1906 1918
f 1905 1918 1919
f 258 1908 1920
f 1919 1918 1921
f 1919 1921 1922
f 1923 1924 1758
f 1824 1923 1758
f 1902 247 228
f 1925 1926 1927
f 1925 1927 1928
f 1922 1921 1929
f 1922 1929 1930
f 1902 1931 236
f 1902 236 247
f 1803 1758 1802
f 1924 1818 1758
f 1932 1933 1925
f 1930 1929 1934
f 1930 1934 1935
f 236 1936 237
f 1794 1790 1789
f 1925 1933 1926
f 1935 1934 1937
f 1935 1937 1938
f 1936 236 1931
f 1937 1939 1940
f 1937 1940 1938
f 237 1936 1941
f 237 1941 235
f 1942 1943 1933
f 1942 1933 1932
f 1896 1940 1895
f 1939 1895 1940
f 1849 1843 1842
f 1944 1945 1946
f 1947 1948 1949
f 235 1941 1907
f 235 1907 256
f 1950 1943 1942
f 1950 1942 1951
f 1952 1950 1951
f 1952 1951 1953
f 1901 1900 1954
f 1901 1954 1955
f 1956 293 1957
f 1955 1954 1958
f 1955 1958 1959
f 1960 268 293
f 1960 293 1956
f 1961 1962 1952
f 1961 1952 1953
f 1959 1958 1963
f 1959 1963 1964
f 1965 265 268
f 1965 268 1960
f 1949 1788 1966
f 1966 1967 1949
f 1967 1947 1949
f 1948 1968 1949
f 1968 1969 1949
f 1970 1966 1788
f 1790 1970 1788
f 1971 1964 1963
f 1971 1963 1972
f 264 265 1965
f 264 1965 1272
f 1973 1974 1975
f 1973 1975 1976
f 1977 1763 1978
f 1762 1978 1763
f 1979 1763 1977
f 1980 1763 1981
f 1979 1981 1763
f 1753 1982 1983
f 1984 1980 1981
f 1842 1841 1985
f 1986 1985 1841
f 1987 1988 1989
f 1987 1989 1738
f 1973 1990 1974
f 1991 1974 1990
f 1992 1993 1994
f 1994 1995 1992
f 1996 1994 1993
f 1997 1992 1995
f 1998 1997 1999
f 1995 1999 1997
f 1999 1980 1998
f 2000 1998 1980
f 1984 2000 1980
f 2001 180 2002
f 1982 1761 1983
f 1763 1983 1761
f 1754 1753 1983
f 2003 180 2004
f 2002 180 2003
f 2005 180 2006
f 2007 180 2008
f 2009 180 2007
f 2010 180 2001
f 2011 180 2010
f 2012 180 2011
f 2013 180 2012
f 2013 2006 180
f 2014 180 2015
f 2005 2015 180
f 2016 2004 180
f 2017 180 2009
f 2018 180 2019
f 2019 180 2020
f 2020 180 2017
f 2021 180 2022
f 2022 180 2018
f 196 180 2023
f 2023 180 2021
f 1904 1860 2024
f 2014 2008 180
f 197 196 1854
f 2025 1904 2024
f 2026 1854 196
f 180 196 195
f 198 202 180
f 2027 2028 2029
f 2030 2029 2028
f 2029 2031 2027
f 2028 2032 2030
f 2032 2033 2030
f 2033 2034 2030
f 2031 2035 2036
f 2036 2027 2031
f 2037 2036 2035
f 2035 2038 2037
f 2039 2040 2030
f 2034 2041 2030
f 2041 2042 2030
f 2043 2039 2030
f 2042 2043 2030
f 2044 2030 2045
f 2046 2045 2030
f 2047 2048 2045
f 2049 2047 2045
f 2048 2044 2045
f 2050 2049 2045
f 2051 2050 2045
f 2052 2051 2053
f 2045 2053 2051
f 2054 2046 2030
f 2040 2054 2030
f 2055 2052 2053
f 2056 2057 2058
f 2059 2056 2058
f 2060 2055 2053
f 2053 2058 2060
f 2057 2060 2058
f 2061 2056 2062
f 2063 2056 2061
f 2064 2056 2063
f 2065 2066 2056
f 2062 2056 2066
f 2067 2056 2064
f 2068 2069 2056
f 2065 2056 2069
f 2070 2056 2067
f 2071 2068 2056
f 2059 2072 2056
f 2071 2056 2072
f 2073 2074 2070
f 2075 2076 2073
f 2077 2076 2075
f 2078 2079 2080
f 570 2078 2080
f 2081 2082 2083
f 2084 2083 2082
f 2085 2086 2082
f 2086 2084 2082
f 2083 2087 2081
f 2088 2081 2087
f 2087 2089 2088
f 2090 2088 2089
f 2091 2092 2093
f 2094 2095 2091
f 2096 2093 2097
f 2098 2099 1663
f 2099 2100 1663
f 2100 2101 1663
f 2101 2102 1663
f 2102 2103 1663
f 1664 1663 2103
f 2104 2105 1663
f 2105 2098 1663
f 1640 1653 1664
f 1661 1654 1631
f 1586 1607 1614
f 1579 1584 1595
f 2106 2107 2108
f 2109 2110 2107
f 2110 2108 2107
f 1663 2109 2107
f 2107 2104 1663
f 1642 1641 1640
f 1662 1631 1654
f 2111 2112 2113
f 2108 2111 2114
f 2114 2106 2108
f 2115 2116 2117
f 2117 2116 2118
f 2119 2120 2121
f 1987 128 1988
f 131 1988 128
f 1976 1975 1971
f 1976 1971 1972
f 2122 915 913
f 2123 2124 2125
f 1989 1735 1738
f 2126 1928 2127
f 1927 2127 1928
f 2128 943 640
f 939 903 937
f 2129 2130 2131
f 2129 2131 2132
f 2133 2134 1991
f 2133 1991 1990
f 2135 1962 1961
f 2135 1961 2136
f 2137 1680 2138
f 2137 2138 2139
f 2140 2141 299
f 2140 299 298
f 2142 2143 2144
f 2145 2126 2127
f 2138 2134 2133
f 2138 2133 2139
f 2146 2135 2136
f 2146 2136 2147
f 1680 2137 1678
f 2148 300 2141
f 299 2141 300
f 2145 2149 2150
f 2145 2150 2151
f 2152 2153 2144
f 2148 2154 285
f 2148 285 300
f 2127 2149 2145
f 2155 2152 2144
f 2156 2155 2144
f 2157 2158 279
f 2157 279 278
f 2159 2160 2161
f 2159 2161 2162
f 279 2158 2163
f 279 2163 275
f 2164 2159 2162
f 2164 2162 2165
f 2166 2167 2146
f 2166 2146 2147
f 2168 903 938
f 2169 903 2168
f 2170 2171 2164
f 2170 2164 2165
f 2163 2172 273
f 2163 273 275
f 2173 2174 2171
f 2173 2171 2170
f 2154 2157 278
f 2154 278 285
f 2175 2156 2144
f 2144 2176 2175
f 2177 2178 2174
f 2177 2174 2173
f 2166 1890 2167
f 1889 2167 1890
f 2179 2180 2181
f 2182 2183 2169
f 273 2172 2184
f 273 2184 286
f 2180 2151 2181
f 2150 2181 2151
f 2184 2185 287
f 2184 287 286
f 2186 2051 2187
f 2188 2189 2190
f 2188 2190 2191
f 2161 2160 2188
f 2161 2188 2191
f 1920 291 258
f 2192 2050 2051
f 2192 2051 2186
f 2178 2177 2193
f 2194 2193 2177
f 2195 2047 2049
f 2195 2049 2196
f 291 1920 2197
f 291 2197 294
f 2143 2198 2144
f 2198 2199 2144
f 2200 2201 2144
f 2202 2144 2201
f 2201 2203 2202
f 2204 2142 2144
f 2199 2200 2144
f 2153 2205 2144
f 2206 2207 2193
f 2206 2193 2194
f 294 2197 2140
f 294 2140 298
f 2208 2207 2206
f 2209 2210 2211
f 2209 2211 2212
f 2196 2049 2050
f 2196 2050 2192
f 2205 2204 2144
f 2203 2213 2202
f 2214 2202 2213
f 2213 2215 2214
f 2216 2217 2218
f 304 2219 2220
f 2047 2195 2048
f 2221 2048 2195
f 2222 2223 2218
f 2222 2218 2217
f 2224 303 2210
f 2224 2210 2209
f 924 940 903
f 304 303 2224
f 304 2224 2219
f 2225 2226 2222
f 2227 2044 2048
f 2227 2048 2221
f 2228 315 314
f 2228 314 2229
f 2222 2226 2223
f 2030 2044 2227
f 2030 2227 2230
f 2231 2232 2226
f 2231 2226 2225
f 2128 640 942
f 2029 2030 2230
f 2029 2230 2233
f 941 640 2234
f 2235 2236 2232
f 2235 2232 2231
f 2237 475 478
f 2237 478 2238
f 2233 2239 2029
f 2031 2029 2239
f 2240 2241 2235
f 2242 476 475
f 2242 475 2237
f 2035 2031 2239
f 2035 2239 2243
f 2244 485 476
f 2244 476 2242
f 2038 2035 2243
f 2038 2243 2245
f 2235 2241 2236
f 2246 484 485
f 2246 485 2244
f 2247 2038 2245
f 2247 2245 2179
f 2248 640 2249
f 2249 640 2250
f 2251 895 640
f 2252 640 2248
f 897 2251 640
f 2252 2234 640
f 2250 640 2253
f 894 2254 640
f 2253 640 2255
f 2255 640 2254
f 2256 2257 2241
f 2256 2241 2240
f 2258 436 484
f 2258 484 2246
f 2181 2247 2179
f 2259 2214 2260
f 2261 2262 2257
f 2261 2257 2256
f 314 436 2258
f 314 2258 2229
f 2051 2052 2187
f 2263 2260 2214
f 2264 326 329
f 2264 329 2265
f 2266 2267 2268
f 2266 2268 2269
f 2270 2259 2260
f 2271 2263 2214
f 2272 2262 2261
f 2272 2261 2273
f 2076 2267 2266
f 2076 2266 2274
f 327 326 2264
f 327 2264 2275
f 2276 2272 2273
f 2276 2273 2277
f 2278 2270 2260
f 2056 2074 2279
f 2056 2279 2280
f 2281 2276 2277
f 2281 2277 2282
f 2283 2271 2214
f 2284 330 365
f 2284 365 2285
f 2279 2074 2274
f 2286 328 330
f 2286 330 2284
f 2282 2190 2281
f 2189 2281 2190
f 2274 2074 2076
f 329 328 2286
f 329 2286 2265
f 2287 2288 2214
f 1957 292 280
f 1957 280 2289
f 342 327 2275
f 342 2275 2290
f 293 292 1957
f 2291 2292 2293
f 2055 2294 2187
f 2295 341 2290
f 2293 2296 2291
f 2297 2057 2056
f 2297 2056 2280
f 2290 341 342
f 2060 2057 2297
f 2060 2297 2298
f 2299 2300 2301
f 2299 2301 2302
f 339 341 2295
f 339 2295 2303
f 2298 2294 2060
f 2055 2060 2294
f 2304 2305 2306
f 349 339 2303
f 349 2303 2307
f 2308 290 2300
f 2308 2300 2299
f 2052 2055 2187
f 2309 2310 2311
f 2309 2311 2312
f 348 349 2307
f 348 2307 2313
f 2314 274 290
f 2314 290 2308
f 2315 640 2316
f 2315 857 640
f 710 2316 640
f 280 274 2314
f 280 2314 2289
f 478 348 2238
f 2313 2238 348
f 2185 2317 2318
f 2185 2318 287
f 2310 2309 2319
f 2320 2319 2309
f 572 571 2319
f 572 2319 2320
f 2321 2291 2296
f 2322 2293 2292
f 2292 2323 2322
f 2324 355 354
f 2324 354 2325
f 2326 2078 570
f 2326 570 569
f 2327 2328 2329
f 2327 2329 2330
f 2331 2079 2078
f 2331 2078 2326
f 2332 2333 2334
f 2332 2334 2335
f 2325 354 489
f 2325 489 2336
f 2331 2269 2079
f 2268 2079 2269
f 2337 2285 364
f 365 364 2285
f 2335 2334 2328
f 2335 2328 2327
f 2338 2339 2340
f 2338 2340 2341
f 355 2324 364
f 2337 364 2324
f 2301 2333 2332
f 2301 2332 2302
f 2342 2343 2344
f 2345 2346 2343
f 2347 2342 2344
f 2346 2344 2343
f 2343 2348 2345
f 2349 2347 2344
f 2350 2349 2344
f 2351 2350 2344
f 2352 2353 2339
f 2352 2339 2338
f 2354 2355 2356
f 2354 2356 2357
f 489 375 2358
f 489 2358 2336
f 2359 2360 2361
f 2362 2354 2357
f 2362 2357 2363
f 2364 523 2365
f 2097 2366 2367
f 2097 2367 2368
f 2369 525 523
f 2369 523 2364
f 860 2306 873
f 2370 2362 2363
f 2370 2363 2371
f 2372 382 525
f 2372 525 2369
f 2373 2374 2370
f 2373 2370 2371
f 2375 379 382
f 2375 382 2372
f 2306 2376 2304
f 2305 873 2306
f 2311 2097 2368
f 2311 2368 2312
f 2377 2378 2374
f 2377 2374 2373
f 2379 2304 2376
f 2380 374 379
f 2380 379 2375
f 2329 2378 2377
f 2329 2377 2330
f 2376 2381 2379
f 2360 2367 2092
f 2366 2092 2367
f 375 374 2380
f 375 2380 2358
f 2382 2383 2384
f 2382 2384 2385
f 2386 2387 2381
f 2387 2379 2381
f 2384 2383 2388
f 2384 2388 2389
f 2381 2390 2386
f 2353 2352 2391
f 2392 2391 2352
f 2296 2386 2321
f 2390 2321 2386
f 2393 2394 493
f 2393 493 492
f 2389 2388 2395
f 2389 2395 2396
f 2092 2361 2360
f 2394 2397 380
f 2394 380 493
f 2361 2095 2398
f 2361 2398 2359
f 2396 2395 2399
f 2396 2399 2400
f 2323 2401 2322
f 2402 2391 2392
f 2402 2392 2403
f 2397 2404 380
f 2400 2399 2405
f 2400 2405 2406
f 2407 1600 2408
f 2403 2095 2402
f 453 2409 2410
f 2411 2412 2413
f 2411 2413 2414
f 2406 2405 2415
f 2406 2415 2416
f 2398 2095 2403
f 2417 2408 1600
f 2418 1600 2407
f 2419 2417 1600
f 2416 2415 2420
f 2416 2420 2421
f 2422 2423 2424
f 2414 2413 2130
f 2414 2130 2129
f 2425 2426 2423
f 2425 2423 2422
f 2427 2318 2428
f 2317 2428 2318
f 2429 2430 2412
f 2429 2412 2411
f 2431 2432 2433
f 2434 2435 2430
f 2434 2430 2429
f 2427 2428 2436
f 2427 2436 2437
f 1600 2438 2439
f 2440 2441 2425
f 2442 2435 2434
f 2442 2434 2443
f 2437 2436 2444
f 2437 2444 2445
f 2438 2345 2348
f 2425 2441 2426
f 2445 2444 2382
f 2445 2382 2385
f 2446 2441 2440
f 2446 2440 2447
f 672 2448 678
f 2449 2351 2344
f 2401 2450 2344
f 2450 2449 2344
f 2451 2421 2452
f 2420 2452 2421
f 2448 2453 2454
f 2448 2454 678
f 2455 2446 2447
f 2455 2447 2456
f 2453 2457 2458
f 2453 2458 2454
f 2459 2455 2456
f 2459 2456 2432
f 2457 2460 2461
f 2457 2461 2458
f 2462 2463 2464
f 2462 2464 2465
f 2431 2459 2432
f 2460 2466 2467
f 2460 2467 2461
f 2468 2451 2469
f 2452 2469 2451
f 2470 2431 2433
f 2470 2433 2471
f 2463 2468 2469
f 2463 2469 2464
f 2472 2470 2471
f 2472 2471 2473
f 2348 2439 2438
f 2439 2474 1600
f 2475 2419 1600
f 2476 2475 1600
f 2474 2476 1600
f 1600 2418 2477
f 1600 2477 2478
f 1600 2478 2479
f 2479 2480 1600
f 2481 2462 2465
f 2481 2465 2482
f 2483 2472 2473
f 2483 2473 2484
f 2485 2486 2487
f 2485 2487 2488
f 2489 2484 2490
f 2491 2481 2482
f 2491 2482 2492
f 2493 2132 2494
f 2131 2494 2132
f 2484 2489 2483
f 2495 2496 2497
f 2498 2491 2492
f 2498 2492 2499
f 2500 2501 2486
f 2500 2486 2485
f 2502 2497 2496
f 2503 2504 2501
f 2503 2501 2500
f 2505 2498 2499
f 2505 2499 2506
f 2507 2508 2489
f 2507 2489 2490
f 2509 2510 2504
f 2509 2504 2503
f 2511 2505 2506
f 2511 2506 2512
f 2513 2514 2508
f 2513 2508 2507
f 2515 2516 2502
f 2496 2515 2502
f 2517 2518 2510
f 2517 2510 2509
f 2519 2520 2514
f 2519 2514 2513
f 2521 2511 2512
f 2521 2512 2522
f 2523 2524 2518
f 2523 2518 2517
f 2525 2502 2516
f 2526 2527 2520
f 2526 2520 2519
f 2211 2521 2522
f 2211 2522 2212
f 2494 2524 2523
f 2494 2523 2493
f 2516 127 2525
f 2528 2529 2527
f 2528 2527 2526
f 2528 2341 2529
f 2340 2529 2341
f 2530 2531 2532
f 2530 2532 2533
f 2534 2535 2536
f 2537 2536 2535
f 2538 2539 2531
f 2538 2531 2530
f 2540 2541 2542
f 2540 2542 2543
f 124 123 2544
f 2545 2546 2543
f 2537 2488 2536
f 2487 2536 2488
f 2547 2548 2549
f 2547 2549 2550
f 1812 2551 2552
f 1812 2552 1813
f 2553 2554 2495
f 2550 2549 2539
f 2550 2539 2538
f 2555 2556 2552
f 2555 2552 2551
f 457 453 2410
f 457 2410 2557
f 2558 2559 2556
f 2558 2556 2555
f 2548 2547 2560
f 2561 2560 2547
f 388 457 2557
f 388 2557 2562
f 2563 2564 2565
f 2563 2565 2566
f 2567 389 388
f 2567 388 2562
f 2568 2569 2570
f 2571 2563 2566
f 2571 2566 2572
f 2573 406 389
f 2573 389 2567
f 2574 2559 2558
f 2574 2558 2575
f 2545 2576 2546
f 2577 2543 2546
f 2540 2543 2577
f 2578 2571 2572
f 2578 2572 2579
f 2580 398 406
f 2580 406 2573
f 2581 2574 2575
f 2581 2575 2582
f 2565 2564 2560
f 2565 2560 2561
f 2568 2581 2582
f 2568 2582 2569
f 2583 397 398
f 2583 398 2580
f 2584 1606 2585
f 2586 2587 2588
f 2586 2588 2589
f 2583 2590 401
f 2583 401 397
f 2579 2356 2578
f 2355 2578 2356
f 2591 2568 2570
f 2480 2592 1600
f 2585 1430 2592
f 2590 2593 402
f 2590 402 401
f 2594 2595 2596
f 2597 2591 2570
f 2597 2570 2598
f 2599 2594 2596
f 2599 2596 2600
f 2593 2601 404
f 2593 404 402
f 2587 2597 2598
f 2587 2598 2588
f 2602 2599 2600
f 2602 2600 2603
f 2586 2589 2604
f 2586 2604 2605
f 2601 2606 404
f 2607 2608 2602
f 2607 2602 2603
f 2609 2610 2605
f 2609 2605 2604
f 426 2611 2612
f 2496 2613 2515
f 2607 2533 2608
f 2532 2608 2533
f 2614 2615 2610
f 2614 2610 2609
f 413 426 2612
f 413 2612 2616
f 2424 2617 2615
f 2424 2615 2614
f 413 2616 2618
f 413 2618 414
f 2619 2613 2496
f 2423 2617 2424
f 2620 2621 2622
f 2620 2622 2623
f 2618 2624 416
f 2618 416 414
f 2625 2619 2496
f 2626 2620 2623
f 2626 2623 2627
f 416 2628 417
f 2496 2629 2625
f 2125 933 2123
f 931 2123 933
f 2121 2630 2122
f 416 2624 2628
f 2631 2626 2627
f 2631 2627 2632
f 2633 2625 2629
f 2634 2633 2635
f 417 2628 2636
f 417 2636 405
f 2637 2631 2632
f 2637 2632 2595
f 2629 2635 2633
f 2594 2637 2595
f 2606 415 404
f 928 2638 2639
f 2639 929 928
f 2638 2640 2639
f 930 2639 2640
f 2641 930 2640
f 2642 1408 2584
f 2643 1412 2642
f 2644 1412 2643
f 2645 2646 2576
f 2545 2645 2576
f 123 2576 2646
f 441 2647 2648
f 441 2648 318
f 2649 2650 2651
f 2651 2652 2653
f 2654 2655 2656
f 2657 2658 2649
f 2659 2660 2657
f 318 2648 2661
f 318 2661 317
f 317 2661 2662
f 2663 2664 124
f 127 124 2664
f 2646 2544 123
f 2544 2663 124
f 2664 2525 127
f 2654 2656 2665
f 2665 2656 2666
f 2653 2667 2655
f 315 2228 320
f 2668 320 2228
f 321 320 2668
f 321 2668 2669
f 2670 2671 2672
f 1600 2592 1430
f 2344 2322 2401
f 2635 2673 2634
f 321 2669 2674
f 2125 2124 2656
f 2656 2675 2125
f 2666 2656 2124
f 449 450 2676
f 449 2676 2409
f 2677 2678 2679
f 2677 2679 2680
f 867 852 725
f 136 134 2681
f 150 140 2682
f 152 150 2682
f 128 1987 2681
f 2683 2677 2680
f 2683 2680 2684
f 2685 546 733
f 2683 2684 2686
f 2534 2687 2688
f 2534 2688 2535
f 2689 726 2690
f 733 726 2691
f 2688 2687 2692
f 2688 2692 2693
f 2694 2683 2686
f 2692 2694 2686
f 2692 2686 2693
f 2695 726 2696
f 2690 726 2695
f 2697 2698 2699
f 2697 2699 2700
f 132 129 2681
f 134 132 2681
f 140 138 2701
f 2701 2682 140
f 2681 2701 138
f 2702 2703 2698
f 2702 2698 2697
f 138 136 2681
f 2704 726 725
f 2696 726 2704
f 549 867 725
f 2705 2706 2703
f 2705 2703 2702
f 158 152 2682
f 129 128 2681
f 2707 2708 2706
f 2707 2706 2705
f 161 158 2682
f 2709 2710 2711
f 164 161 2682
f 2712 2713 2708
f 2711 2710 2714
f 2715 2710 2709
f 2716 920 2715
f 851 920 2716
f 920 2717 2715
f 2712 2708 2707
f 2718 147 173
f 165 164 2682
f 173 171 2718
f 2719 2720 2721
f 2722 2723 2719
f 2720 2724 2721
f 2725 2726 2713
f 2725 2713 2712
f 148 2718 142
f 148 147 2718
f 2718 143 142
f 2727 2728 2726
f 2727 2726 2725
f 2729 2730 2731
f 2732 2731 2730
f 2733 2728 2727
f 2733 2727 2734
f 2735 2736 2737
f 2736 2738 2737
f 2724 2737 2738
f 2738 2721 2724
f 2714 2723 2722
f 2720 2719 2723
f 2739 2733 2734
f 2739 2734 2740
f 2691 726 2689
f 1381 1343 1400
f 1399 1400 1343
f 1399 1343 1342
f 1448 1499 1369
f 2723 2714 2710
f 2740 2679 2739
f 2678 2739 2679
f 2741 2742 2731
f 2729 2731 2742
f 2743 2467 2744
f 2466 2744 2467
f 2644 2634 2673
f 1407 2584 1408
f 2732 2730 2745
f 2744 2746 2747
f 2744 2747 2743
f 2748 2715 2717
f 2670 2672 2745
f 2746 2749 2750
f 2746 2750 2747
f 2710 2715 2748
f 2749 2751 2752
f 2749 2752 2750
f 2753 2672 2671
f 2751 2754 2755
f 2751 2755 2752
f 1606 2584 1407
f 1430 2585 1606
f 2756 2757 2671
f 2753 2671 2757
f 2758 920 2759
f 909 2759 920
f 920 2758 2760
f 920 2760 2717
f 2754 2761 2762
f 2754 2762 2755
f 2761 2763 2764
f 2761 2764 2762
f 2763 2765 2766
f 2763 2766 2764
f 919 918 2767
f 2768 2769 2770
f 2768 2770 2771
f 2765 2772 2773
f 2765 2773 2766
f 906 905 2774
f 2772 2775 2776
f 2772 2776 2773
f 2770 2769 2777
f 2770 2777 2778
f 908 907 906
f 2759 909 908
f 2775 2216 2779
f 2775 2779 2776
f 2673 2780 1669
f 2778 2777 2781
f 2218 2779 2216
f 2780 2782 1669
f 2782 2783 1669
f 2784 964 2785
f 2784 2785 2786
f 964 2787 2785
f 1499 1448 1500
f 2788 2789 2784
f 2788 2784 2786
f 2771 2790 2768
f 2791 2768 2790
f 817 834 785
f 2792 2793 961
f 2792 961 2794
f 2757 2756 2795
f 785 746 706
f 2796 2797 2798
f 2796 958 2799
f 2796 2799 2797
f 2800 810 817
f 2801 2795 2802
f 2803 2802 2795
f 1499 1524 1369
f 1524 1399 1369
f 1342 1369 1399
f 2801 2802 2804
f 2801 2804 2805
f 2806 2807 2808
f 2806 2808 2809
f 547 546 2685
f 706 705 713
f 711 713 779
f 2806 2810 2811
f 2806 2811 2807
f 1669 1513 2673
f 1513 1509 2673
f 1509 1624 2673
f 1500 1624 1509
f 1624 1500 1448
f 1619 2673 1624
f 1420 2673 1619
f 2791 2790 2804
f 2805 2804 2790
f 2799 958 2793
f 2799 2793 2792
f 2794 961 2789
f 2794 2789 2788
f 1745 1491 2812
f 2813 916 2814
f 2815 916 2813
f 2816 2796 2798
f 2787 963 2817
f 2814 916 2818
f 1751 1746 2819
f 964 963 2787
f 2820 916 2821
f 1696 1751 2819
f 2798 2809 2816
f 2808 2816 2809
f 2821 916 2822
f 2823 2811 2810
f 2741 2824 2742
f 1723 2825 1727
f 1720 2825 1723
f 1727 2825 1734
f 1706 1702 2826
f 917 916 2820
f 2767 918 917
f 2774 905 919
f 963 950 2817
f 1493 1669 2783
f 2822 916 2815
f 2827 2828 2829
f 2827 2829 2830
f 2730 2831 2745
f 1697 1696 2832
f 1491 1493 2812
f 2819 2832 1696
f 2833 2834 2827
f 2833 2827 2830
f 2745 2831 2670
f 2783 2812 1493
f 2835 2836 2834
f 2835 2834 2833
f 2837 2838 2836
f 2837 2836 2835
f 2839 912 2840
f 911 2840 912
f 2841 2842 2838
f 2841 2838 2837
f 2840 2843 2839
f 2844 2845 2842
f 2844 2842 2841
f 2803 2795 2756
f 916 2839 2843
f 914 910 912
f 2846 2847 2845
f 2846 2845 2844
f 1734 2825 1738
f 2825 2681 1738
f 1987 1738 2681
f 2848 2849 2850
f 2848 2850 2851
f 2414 2852 2411
f 2853 916 2854
f 2855 916 2853
f 2856 916 2855
f 2854 916 2843
f 2818 916 2856
f 2857 2858 2859
f 2777 2860 2781
f 2850 2849 2857
f 2850 2857 2859
f 2860 2861 2781
f 2862 2863 2847
f 2862 2847 2846
f 2858 2864 2865
f 2858 2865 2866
f 2867 1986 1841
f 2868 2122 2869
f 2870 2122 2871
f 2871 2122 2868
f 915 2122 2870
f 2869 2122 2872
f 2872 2122 2873
f 2873 2122 2874
f 2858 2866 2859
f 2875 1946 1969
f 2876 2877 810
f 1944 1946 2878
f 1841 1946 1945
f 1945 2867 1841
f 2878 1946 2875
f 2865 2864 2863
f 2865 2863 2862
f 1946 1949 1969
f 811 810 2879
f 2879 810 2880
f 2881 2882 2883
f 2880 810 2884
f 1868 1883 1884
f 1884 1869 1868
f 1874 1870 1869
f 2885 2886 2887
f 2888 2889 2882
f 2888 2882 2881
f 2890 2891 2889
f 2890 2889 2888
f 2800 2876 810
f 2877 2892 810
f 2893 810 2892
f 2894 810 2893
f 2884 810 2894
f 801 800 811
f 2886 2895 2887
f 2896 2887 2895
f 2897 2886 2898
f 2899 2900 2897
f 2898 2886 2885
f 2901 2902 2903
f 2904 2903 2902
f 2905 2906 2891
f 2905 2891 2890
f 2874 2122 2630
f 931 930 2641
f 2907 2908 2909
f 2910 2906 2905
f 2910 2905 2911
f 2912 2913 2914
f 2912 2914 2915
f 2916 2917 2913
f 2916 2913 2912
f 2918 2910 2911
f 2918 2911 2919
f 2920 2908 2921
f 2916 2622 2917
f 2621 2917 2622
f 2922 2918 2919
f 2922 2919 2923
f 2924 2922 2923
f 2924 2923 2925
f 2926 2927 2908
f 2928 2908 2927
f 2921 2908 2929
f 2930 2931 2932
f 2930 2932 2933
f 2934 2119 2935
f 2936 2930 2933
f 2936 2933 2937
f 2938 2119 2934
f 2939 2936 2937
f 2120 2119 2940
f 2941 2942 2943
f 2941 2943 2944
f 2630 2121 2120
f 2945 2946 2942
f 2945 2942 2941
f 2947 2948 2946
f 2947 2946 2945
f 2949 2950 2948
f 2949 2948 2947
f 2951 2952 2953
f 2937 2954 2939
f 2955 2939 2954
f 2955 2954 2956
f 2957 2659 2953
f 2958 2659 2957
f 2959 2955 2956
f 2959 2956 2960
f 2961 2659 2958
f 2962 2959 2960
f 2962 2960 2963
f 2964 2659 2961
f 2943 2962 2963
f 2943 2963 2944
f 2965 2966 2967
f 2968 2965 2967
f 2968 2967 2969
f 2970 2649 2971
f 2972 2649 2970
f 2650 2649 2972
f 2971 2649 2658
f 2658 2657 2660
f 2660 2659 2964
f 2652 2651 2973
f 2667 2653 2652
f 2974 2125 2675
f 2675 2935 2974
f 2973 2651 2650
f 2119 2974 2935
f 2940 2119 2938
f 2656 2655 2667
f 2975 2968 2969
f 2975 2969 2976
f 2977 2975 2976
f 2977 2976 2978
f 2979 2977 2978
f 2979 2978 2980
f 2981 2979 2980
f 2981 2980 2982
f 2983 2981 2982
f 2983 2982 2984
f 2985 2983 2984
f 2985 2984 2986
f 2987 2985 2986
f 2987 2986 2988
f 2989 2987 2988
f 2989 2988 2990
f 2931 2989 2990
f 2931 2990 2932
f 2991 2992 2993
f 2991 2993 2994
f 2992 2995 2996
f 2992 2996 2993
f 2997 2998 2999
f 2997 2999 3000
f 3000 2999 2991
f 3000 2991 2994
f 3001 3002 3003
f 3004 3001 3003
f 3004 3003 3005
f 3006 3004 3005
f 3006 3005 3007
f 3008 3006 3007
f 3008 3007 3009
f 3010 3008 3009
f 3010 3009 3011
f 3012 3010 3011
f 3012 3011 3013
f 3012 3013 3014
f 3012 3014 3015
f 3015 3014 3016
f 3015 3016 3017
f 3017 3016 3018
f 3017 3018 3019
f 3018 3020 3021
f 3018 3021 3019
f 3022 3023 3021
f 3022 3021 3020
f 3024 3025 3023
f 3024 3023 3022
f 3026 3027 3025
f 3026 3025 3024
f 3028 3029 3027
f 3028 3027 3026
f 2966 3030 3029
f 2966 3029 3028
f 2965 3030 2966
f 3031 2996 3032
f 2995 3032 2996
f 3032 3033 3034
f 3032 3034 3031
f 3035 3034 3036
f 3033 3036 3034
f 3035 3036 3037
f 3035 3037 3038
f 3038 3037 3039
f 3038 3039 3040
f 3040 3039 3041
f 3040 3041 3042
f 3041 3043 3044
f 3041 3044 3042
f 3043 3045 3046
f 3043 3046 3044
f 3045 3047 3048
f 3045 3048 3046
f 3047 3049 3050
f 3047 3050 3048
f 3049 3051 3052
f 3049 3052 3050
f 3051 3053 3054
f 3051 3054 3052
f 3053 3055 3056
f 3053 3056 3054
f 3055 3057 3058
f 3055 3058 3056
f 3058 3057 3059
f 3058 3059 3060
f 3060 3059 3061
f 3060 3061 3062
f 3061 3063 3064
f 3061 3064 3062
f 3064 3063 3065
f 3064 3065 3066
f 3067 3068 3069
f 3069 3068 3070
f 3071 3072 3068
f 3071 3068 3067
f 3073 3074 3072
f 3073 3072 3071
f 3075 3074 3073
f 3075 3073 3002
f 3001 3075 3002
f 3076 3077 3078
f 3070 3078 3077
f 3070 3077 3069
f 3079 3080 3081
f 3079 3081 3082
f 3082 3083 3079
f 3084 3079 3083
f 3085 3084 3083
f 3085 3083 3086
f 3086 3087 3085
f 3088 3085 3087
f 3089 3088 3087
f 3089 3087 3090
f 3091 3092 3089
f 3091 3089 3090
f 3093 3094 3092
f 3093 3092 3091
f 3094 3093 3076
f 3095 3076 3093
f 3077 3076 3095
f 3096 3097 3098
f 3096 3098 3099
f 3100 3097 3096
f 3081 3080 3101
f 3102 3103 3104
f 3102 3104 3105
f 3098 3106 3099
f 3107 3108 3109
f 3100 3109 3108
f 3107 3110 3108
f 3101 3108 3110
f 3100 3096 3109
f 3101 3110 3081
f 3111 3105 3104
f 3105 3111 3106
f 3112 3106 3111
f 3099 3106 3112
f 3113 3114 3115
f 3113 3115 3116
f 3114 3117 3118
f 3114 3118 3115
f 3117 3119 3120
f 3117 3120 3118
f 3119 3121 3122
f 3119 3122 3120
f 3121 2176 3123
f 3121 3123 3122
f 2176 2144 3124
f 2176 3124 3123
f 3124 2144 2202
f 3124 2202 3125
f 3125 2202 2214
f 3125 2214 3126
f 3127 3128 3129
f 3127 3113 3116
f 3127 3116 3128
f 3130 2214 2259
f 3126 2214 3130
f 3130 2259 3131
f 2929 2908 2928
f 440 321 2674
f 3132 2926 2908
f 3133 2908 2920
f 2909 2908 3133
f 450 440 2674
f 450 2674 2676
f 453 449 2409
f 3134 2908 3135
f 2908 3136 3135
f 3132 2908 3134
f 390 3137 3138
f 3139 3135 3136
f 390 3138 3140
f 390 3140 454
f 454 3140 3141
f 454 3141 444
f 444 3141 2647
f 444 2647 441
f 3142 3143 3136
f 3143 3139 3136
f 3144 3142 3136
f 3145 460 462
f 3145 462 3146
f 464 405 3147
f 2636 3147 405
f 464 3147 3148
f 464 3148 463
f 3148 3149 403
f 3148 403 463
f 3150 3151 3152
f 3153 3154 3150
f 3155 3156 3153
f 3152 3151 2907
f 3157 3158 3155
f 3159 3158 3157
f 3160 3161 3159
f 399 403 3162
f 3149 3162 403
f 3163 2896 2895
f 3162 3164 400
f 3162 400 399
f 3165 3163 2895
f 3166 458 400
f 3166 400 3164
f 3167 3165 2895
f 3168 459 458
f 3168 458 3166
f 3169 3170 3171
f 2895 3171 3170
f 3170 3167 2895
f 462 459 3168
f 462 3168 3146
f 461 460 3145
f 461 3145 3137
f 3172 3173 3174
f 390 461 3137
f 3158 3159 3161
f 468 466 3175
f 468 3175 3176
f 3174 3173 3177
f 3178 3177 3173
f 3160 3179 3180
f 3181 469 430
f 3181 430 3182
f 3183 3177 3184
f 3178 3184 3177
f 3151 3150 3154
f 3185 465 469
f 3185 469 3181
f 466 465 3185
f 466 3185 3175
f 3186 468 3176
f 3186 3176 2611
f 3161 3160 3180
f 3156 3155 3158
f 3154 3153 3156
f 3187 3188 3180
f 3188 3189 3180
f 3171 3180 3189
f 3189 3169 3171
f 3183 3184 3190
f 3183 3190 3191
f 245 246 3192
f 3193 3192 246
f 3194 474 3192
f 3194 3192 3193
f 3195 472 474
f 3195 474 3194
f 3196 3197 3198
f 3195 3182 472
f 430 472 3182
f 3199 3200 3201
f 3202 3201 3200
f 3200 3203 3202
f 3203 3204 3202
f 3204 3144 3202
f 3136 3202 3144
f 3205 3206 3207
f 426 3186 2611
f 3197 3196 3208
f 3209 3208 3196
f 3209 3172 3208
f 483 482 3210
f 483 3210 3211
f 3212 3213 3214
f 3214 3215 3212
f 3216 479 3217
f 3218 3219 3220
f 3221 3217 479
f 3221 479 338
f 3222 3212 3215
f 3215 3205 3222
f 3207 3222 3205
f 3211 3223 477
f 3211 477 483
f 477 3223 3224
f 477 3224 337
f 2278 3225 3131
f 3201 3207 3206
f 3206 3199 3201
f 2908 2907 3151
f 337 3224 3221
f 337 3221 338
f 3226 3227 2278
f 3225 2278 3227
f 2662 316 317
f 3218 3220 3226
f 3227 3226 3220
f 2662 3228 319
f 2662 319 316
f 3228 3229 434
f 3228 434 319
f 3230 3231 3232
f 3230 3232 3233
f 3234 3235 3236
f 3235 3237 3236
f 3229 3238 435
f 3229 435 434
f 3239 3236 3240
f 3238 3241 455
f 3238 455 435
f 3232 3231 3242
f 3232 3242 3243
f 3241 3244 456
f 3241 456 455
f 3245 3246 3242
f 3243 3242 3246
f 3247 486 3248
f 3248 486 487
f 481 486 3247
f 481 3247 3249
f 2901 2903 3250
f 3251 3252 3253
f 3254 3253 3255
f 3253 3256 3251
f 3249 3210 481
f 482 481 3210
f 3257 3251 3256
f 3258 3259 3257
f 2113 2114 2111
f 3260 3236 3261
f 3262 3236 3263
f 3213 3262 3264
f 3214 3213 3264
f 3261 3236 3239
f 3260 3263 3236
f 3237 3265 3236
f 3240 3236 3265
f 487 456 3244
f 487 3244 3248
f 340 3216 3266
f 340 3266 480
f 3267 2116 3268
f 3269 3234 3236
f 3270 2116 3267
f 3236 3271 3269
f 3266 3272 488
f 3266 488 480
f 3273 3269 3271
f 343 3274 3275
f 343 3275 324
f 3216 340 479
f 3276 3277 3278
f 3279 3277 3280
f 3280 3277 3276
f 3281 2116 3282
f 3282 2116 3283
f 3284 3283 2116
f 3285 2116 3281
f 2118 2116 3285
f 3286 3284 2116
f 3287 2116 2115
f 3287 3288 2116
f 3270 3286 2116
f 343 488 3274
f 3272 3274 488
f 3275 3289 325
f 3275 325 324
f 3256 3258 3257
f 3252 3255 3253
f 3290 3277 3279
f 3291 3277 3290
f 3292 3293 3291
f 3294 3293 3292
f 3295 3293 3294
f 3278 3277 3296
f 362 3297 363
f 3289 3298 366
f 3289 366 325
f 3296 3277 3299
f 366 3298 3297
f 366 3297 362
f 3299 3300 3301
f 3301 3302 3303
f 47 43 3304
f 3305 3306 494
f 3305 494 490
f 494 3306 3307
f 494 3307 495
f 3303 3302 3308
f 3308 3302 3309
f 495 3307 3310
f 495 3310 376
f 376 3310 3311
f 376 3311 377
f 3271 3312 3313
f 3314 3315 3316
f 3311 3317 378
f 3311 378 377
f 3317 3318 496
f 3317 496 378
f 3318 3319 491
f 3318 491 496
f 3295 3320 3312
f 3320 3313 3312
f 3313 3321 3271
f 3321 3273 3271
f 3263 3264 3262
f 3322 2953 2952
f 2951 2953 2659
f 3323 2939 3324
f 3325 3326 2924
f 3325 2924 2925
f 3327 3326 3325
f 3327 3325 3328
f 3329 3327 3328
f 3329 3328 3330
f 3277 3291 3331
f 3332 3291 3333
f 3334 3335 2402
f 3336 3337 2402
f 3338 3339 3340
f 3341 3342 3343
f 3344 2946 3341
f 3343 3345 3338
f 3346 3324 3344
f 3347 3348 2095
f 3333 3291 3349
f 3331 3291 3332
f 3350 3291 3351
f 3349 3291 3350
f 3322 3324 3352
f 3352 3324 3353
f 2402 2095 3354
f 3354 3336 2402
f 3293 3295 3312
f 3300 3299 3277
f 3302 3301 3300
f 3351 3291 3293
f 3355 3309 3302
f 3356 3357 3358
f 3330 2829 3329
f 2828 3329 2829
f 3359 3360 3358
f 3361 3362 3363
f 3362 3364 3365
f 3366 3367 3368
f 2882 3369 2883
f 3360 3370 3358
f 3370 3371 3358
f 3372 3373 3371
f 3374 3375 3376
f 3368 3362 3361
f 3365 3363 3362
f 3355 3377 3309
f 3357 3378 3358
f 3378 3359 3358
f 3373 3358 3371
f 3379 3380 3381
f 3379 3381 3382
f 3383 3379 3382
f 3383 3382 3384
f 3385 3386 3387
f 3388 3389 3390
f 3391 3383 3384
f 3391 3384 3392
f 3393 3394 3385
f 3395 3391 3392
f 3395 3392 3396
f 3397 3398 3399
f 3399 3400 3397
f 3401 3395 3396
f 3401 3396 3402
f 3403 3372 3371
f 3371 3399 3403
f 3404 3403 3399
f 3398 3404 3399
f 3405 3406 3407
f 3408 3401 3402
f 3408 3402 3409
f 3410 3411 3412
f 3412 3413 3410
f 3406 3414 3407
f 3415 3416 3408
f 3415 3408 3409
f 3417 3410 3413
f 3418 3419 3420
f 3420 3421 3418
f 3422 3356 3358
f 3423 3422 3358
f 3424 3423 3358
f 2090 2089 3425
f 2094 2090 3426
f 3425 3426 2090
f 3348 3354 2095
f 3427 2094 3426
f 3428 3250 2903
f 3429 3424 3358
f 3358 3430 3429
f 3431 3429 3430
f 3432 3433 2402
f 3428 3434 3250
f 2391 2402 3433
f 3435 3436 2402
f 3437 3435 2402
f 3436 3432 2402
f 3438 3431 3430
f 3439 3440 3438
f 3440 3431 3438
f 3309 3377 3439
f 3377 3440 3439
f 3441 3397 3400
f 2353 2391 3433
f 3335 3437 2402
f 3442 3418 3421
f 3421 3417 3442
f 3413 3442 3417
f 3411 3443 3412
f 3444 3412 3443
f 3445 3444 3446
f 3443 3446 3444
f 3337 3334 2402
f 3447 3448 3449
f 3447 3449 3450
f 3451 3452 3453
f 3453 3454 3451
f 3455 3456 3457
f 3419 3457 3456
f 3458 2353 3433
f 3459 3460 2340
f 2340 2339 3461
f 3462 3463 3464
f 3465 3462 3455
f 3449 3448 3466
f 3449 3466 3467
f 3468 3469 3466
f 3467 3466 3469
f 3470 3471 3472
f 3456 3420 3419
f 3457 3465 3455
f 3463 3473 3464
f 3474 3464 3473
f 3475 3476 3477
f 3478 3479 3472
f 3479 3480 3472
f 3481 3482 2459
f 3483 3484 3485
f 3477 3486 3475
f 3487 3475 3486
f 3488 3489 3483
f 3474 3489 3490
f 3486 3491 3487
f 3492 3487 3491
f 3493 2340 3494
f 3495 2340 3493
f 3494 2340 3496
f 3497 3498 2340
f 3496 2340 3498
f 3464 3474 3490
f 3499 3492 3491
f 3499 3491 3500
f 3501 3502 3452
f 3452 3503 3501
f 3502 3453 3452
f 3504 3501 3503
f 3400 3451 3441
f 3454 3441 3451
f 3505 3504 3503
f 3472 3505 3503
f 3503 3478 3472
f 3461 3459 2340
f 3455 3462 3464
f 3488 3490 3489
f 3484 3483 3489
f 3499 3500 3506
f 3507 3508 3509
f 3510 3511 2340
f 3447 3450 3506
f 3512 3513 3514
f 3514 3515 3512
f 3511 3516 2340
f 3517 3514 3518
f 3471 3519 3472
f 3520 3472 3521
f 3519 3521 3472
f 3521 3507 3520
f 3509 3520 3507
f 3480 3522 3472
f 3523 3470 3472
f 3522 3523 3472
f 3518 3485 3517
f 3524 3525 3526
f 3314 3316 3527
f 3528 2472 3529
f 3484 3517 3485
f 3513 3518 3514
f 3530 3531 3526
f 3532 3316 3315
f 3533 2470 3528
f 3534 2431 3535
f 3536 3537 3538
f 3539 3536 3538
f 3540 3541 3538
f 3315 3542 3532
f 3543 3540 3544
f 3538 3544 3540
f 3545 3546 3547
f 3546 3543 3547
f 3544 3547 3543
f 3548 3549 3550
f 3551 3550 3549
f 3508 3552 3509
f 3553 3554 3547
f 3554 3545 3547
f 3551 3476 3550
f 3555 3556 3557
f 3558 3559 3555
f 3560 3561 3558
f 3562 3563 3560
f 3556 3564 3557
f 3565 3557 3564
f 3566 3567 3562
f 3405 3568 3406
f 3414 3406 3569
f 3548 3414 3569
f 3428 3570 3434
f 3405 3434 3568
f 3570 3568 3434
f 3571 3572 3573
f 3574 3573 3572
f 3575 3576 3572
f 3576 3574 3572
f 3573 3577 3571
f 3577 3578 3571
f 3578 3579 3571
f 3580 3571 3579
f 3579 3581 3580
f 3581 1103 3580
f 1102 3580 1103
f 1100 1101 1103
f 1084 1085 1100
f 3582 3583 3584
f 3585 3582 3584
f 3583 3586 3584
f 3572 3587 3575
f 3587 3584 3586
f 3586 3575 3587
f 3588 3589 3590
f 3591 3592 3588
f 3593 3592 3591
f 3594 3593 3595
f 3500 3596 3506
f 3593 3597 3595
f 3506 3596 3447
f 3597 3598 3595
f 3599 3600 3527
f 3601 3527 3600
f 3584 3595 3598
f 3598 3602 3584
f 3601 3314 3527
f 3602 3585 3584
f 3315 3603 3542
f 3604 3605 3593
f 3606 3604 3593
f 3607 3593 3605
f 3608 3593 3607
f 3609 3593 3608
f 3610 3593 3609
f 3611 3593 3610
f 3599 3612 3600
f 3549 3548 3569
f 3613 3590 3614
f 3615 3616 3613
f 3617 3476 3551
f 3614 3590 3589
f 3477 3476 3617
f 3618 3606 3593
f 3611 3592 3593
f 3589 3588 3592
f 3619 3618 3593
f 3619 3593 3594
f 357 3616 3620
f 3621 3616 3615
f 3620 3616 3621
f 311 3622 313
f 3590 3613 3616
f 3622 309 3623
f 3624 3558 3561
f 3559 3558 3624
f 3625 3565 3626
f 3626 2900 3625
f 2899 3625 2900
f 3556 3555 3559
f 3564 3626 3565
f 3179 3187 3180
f 2886 2897 2900
f 3627 3628 3629
f 3630 3629 3631
f 3632 3633 3634
f 3633 3635 3634
f 3631 3634 3635
f 3636 3632 3634
f 3637 3638 3634
f 3638 3639 3634
f 3640 3641 3416
f 3640 3416 3415
f 3561 3560 3563
f 3642 3643 3641
f 3642 3641 3640
f 3369 3643 3642
f 3369 3642 2883
f 3644 3630 3631
f 3628 3631 3629
f 3628 3627 3645
f 3628 3645 3646
f 3567 3566 3646
f 3563 3562 3567
f 3628 3646 3566
f 3639 3636 3634
f 3647 3637 3634
f 3648 3647 3634
f 3634 3649 3648
f 3650 3648 3649
f 3651 3650 3649
f 3635 3644 3631
f 3652 3651 3653
f 3653 3654 3655
f 3655 3652 3653
f 3649 3653 3651
f 3656 3657 3654
f 3657 3655 3654
f 3658 3659 3660
f 3661 3662 3663
f 3664 3663 3665
f 3662 3665 3663
f 3662 3661 3666
f 3662 3666 3667
f 3662 3667 3668
f 3662 3668 3669
f 3670 3664 3665
f 3671 3672 3673
f 3674 3675 3672
f 3675 3673 3672
f 3665 3676 3670
f 3677 3670 3676
f 3678 3679 3680
f 3679 3674 3680
f 3672 3680 3674
f 3676 3671 3677
f 3673 3677 3671
f 3681 3682 3683
f 3684 3685 3681
f 3319 2393 492
f 3319 492 491
f 3297 3686 363
f 363 3686 3687
f 363 3687 356
f 356 3687 3305
f 356 3305 490
f 3688 3689 3690
f 603 3691 502
f 3692 3690 3693
f 3689 3693 3690
f 3694 556 554
f 3688 3695 3696
f 501 502 3697
f 3691 3697 502
f 3698 3699 3696
f 3700 3696 3699
f 3697 3701 499
f 3697 499 501
f 3702 3703 3700
f 3702 3700 3699
f 499 3701 3704
f 499 3704 497
f 503 3705 3706
f 503 3706 554
f 3703 3702 3707
f 3708 3707 3702
f 497 3704 3705
f 497 3705 503
f 554 3706 3694
f 3709 3707 3708
f 556 3694 3710
f 556 3710 679
f 3658 3660 3709
f 679 3710 3711
f 679 3711 663
f 663 3711 3712
f 663 3712 664
f 3713 3660 3659
f 664 3712 3714
f 664 3714 504
f 3714 3715 505
f 3714 505 504
f 3659 3716 3713
f 3715 3717 507
f 3715 507 505
f 3716 3381 3380
f 516 528 3718
f 516 3718 3719
f 3720 514 516
f 3720 516 3719
f 3721 3722 3723
f 3721 3723 3724
f 2365 520 514
f 2365 514 3720
f 523 520 2365
f 3721 3725 3726
f 3721 3726 3722
f 3727 3728 518
f 3727 518 519
f 3724 3723 3729
f 518 3728 517
f 3730 3731 524
f 3732 3726 3725
f 524 3731 3733
f 524 3733 526
f 526 3733 3734
f 526 3734 522
f 522 3734 3735
f 522 3735 521
f 521 3735 3727
f 521 3727 519
f 3692 3693 3736
f 3736 3693 3737
f 2404 381 380
f 3738 3729 3739
f 2404 3730 383
f 2404 383 381
f 3738 3739 3736
f 3738 3736 3737
f 383 3730 524
f 3688 3690 3695
f 515 3740 527
f 3741 527 3740
f 3698 3696 3695
f 517 3742 515
f 3708 3743 3709
f 3743 3658 3709
f 3716 3659 3744
f 3716 3744 3381
f 3741 530 527
f 3745 3746 530
f 529 3746 541
f 3747 539 541
f 535 536 3748
f 517 3728 3742
f 3740 515 3742
f 533 3749 3750
f 533 3750 531
f 3751 3752 3753
f 3751 3753 3754
f 3750 532 531
f 3755 3756 3757
f 532 3758 534
f 3683 3682 3669
f 3759 3760 3684
f 3761 3762 3759
f 3763 3764 3680
f 533 535 3748
f 533 3748 3749
f 3757 3765 3761
f 3654 3766 3767
f 3767 3656 3654
f 3768 3769 3755
f 3770 3684 3771
f 3662 3669 3682
f 529 530 3746
f 3772 3773 3774
f 3775 3773 3772
f 3747 541 3746
f 539 3776 542
f 3777 3773 3778
f 537 542 3779
f 2411 3780 2429
f 2129 3781 2414
f 2132 3782 2129
f 2434 2429 3780
f 3778 3773 3783
f 3784 3773 3785
f 537 3779 536
f 3786 536 3779
f 2457 1750 2460
f 3748 536 3786
f 3783 3773 3784
f 2517 3787 2523
f 2493 2523 3788
f 2509 3787 2517
f 2503 3789 2509
f 2693 2686 3790
f 2500 3791 2503
f 3745 530 3741
f 3792 3773 3793
f 3794 3773 3792
f 3793 3795 3796
f 3797 3798 2679
f 3799 3790 2686
f 3800 3801 3802
f 3796 3795 3800
f 2680 2679 3799
f 532 3750 3803
f 3804 3805 3806
f 3804 3806 3807
f 3804 3807 3808
f 3802 3801 3808
f 3790 3809 2688
f 2535 2688 3809
f 2686 2684 3799
f 2684 2680 3799
f 3803 3758 532
f 2727 2725 3797
f 2712 3797 2725
f 3810 3804 3811
f 3812 3811 3804
f 3813 3804 3810
f 3805 3804 3813
f 3814 3812 3804
f 2734 2727 3797
f 3815 3799 2679
f 3797 2679 2740
f 2740 2734 3797
f 3797 2712 2707
f 3797 2707 2705
f 3797 2705 2702
f 3797 2702 2697
f 3797 2697 2700
f 1718 1714 2754
f 2761 2754 1714
f 2754 2751 1718
f 1714 1705 2761
f 1722 1718 2751
f 2763 2761 1705
f 2749 1722 2751
f 2746 1726 2749
f 2460 1740 2466
f 2744 1730 2746
f 2466 1737 2744
f 3460 3510 2340
f 3516 3497 2340
f 3816 2340 3495
f 3817 2340 3816
f 2508 2514 3818
f 3529 2489 3818
f 2520 2527 3818
f 2787 3819 2785
f 2799 2792 3820
f 3821 3822 2797
f 2788 2786 3823
f 3823 3820 2794
f 3824 3825 3826
f 2817 3827 2787
f 2792 2794 3820
f 3828 3823 2786
f 2786 2785 3828
f 2798 2797 3822
f 2797 2799 3821
f 3820 3821 2799
f 3829 3825 3830
f 3831 3825 3829
f 2866 2865 3832
f 3832 3833 2866
f 2846 2844 3832
f 2865 2862 3832
f 2862 2846 3832
f 3831 3834 3825
f 3825 3834 3835
f 3825 3835 3836
f 3825 3836 3837
f 3825 3837 3838
f 3825 3838 3839
f 3825 3839 3840
f 3825 3840 3841
f 3841 3826 3825
f 3825 3824 3842
f 3825 3842 3843
f 3844 3825 3845
f 2841 2837 3832
f 2844 2841 3832
f 2837 2835 3832
f 2833 2830 3832
f 2830 2829 3832
f 2829 3330 3832
f 3330 3328 3832
f 2835 2833 3832
f 3825 2455 3846
f 3846 3830 3825
f 3847 3848 3402
f 3849 3850 3402
f 3851 3852 2459
f 3853 3854 2459
f 3854 3851 2459
f 3855 3847 3402
f 3856 3857 3402
f 3482 3858 2459
f 3858 3859 2459
f 3535 2431 3533
f 3859 3860 2459
f 3860 3861 2459
f 3861 3862 2459
f 3862 3853 2459
f 2455 2459 3852
f 3852 3846 2455
f 3415 3409 3863
f 2883 3642 3863
f 3864 2116 3865
f 3865 2116 3866
f 3328 3325 3832
f 3867 3832 2925
f 3868 2116 3864
f 3866 2116 3869
f 3870 3871 2116
f 3871 3872 2116
f 3869 2116 3872
f 3642 3640 3863
f 3325 2925 3832
f 607 3382 3381
f 2116 1774 26
f 2116 26 3873
f 2116 3873 3
f 2116 3 2
f 2 3870 2116
f 2116 3868 3874
f 3874 3268 2116
f 3384 607 3392
f 3396 607 3402
f 3875 3876 3402
f 3876 3849 3402
f 3877 3875 3402
f 607 3877 3402
f 3878 3863 3402
f 3409 3402 3863
f 3857 3878 3402
f 3850 3855 3402
f 3396 3392 607
f 3384 3382 607
f 12 1799 9
f 9 1799 5
f 1356 1355 20
f 15 1799 16
f 3690 3692 607
f 22 1372 20
f 3743 607 3658
f 3659 3658 607
f 3708 607 3743
f 23 1373 22
f 25 1778 23
f 3702 607 3708
f 3699 607 3702
f 3744 3659 607
f 3698 607 3699
f 3695 607 3698
f 3695 3690 607
f 3381 3744 607
f 6 1799 35
f 3726 607 3722
f 3879 607 3726
f 3723 3722 607
f 3739 3880 607
f 3880 3723 607
f 607 3692 3736
f 607 3736 3739
f 29 49 30
f 40 49 29
f 43 47 42
f 114 3825 43
f 3879 3881 607
f 3881 611 607
f 624 623 611
f 3882 625 624
f 3883 3884 3882
f 625 3882 3884
f 13 1799 12
f 37 36 1799
f 35 1799 36
f 121 1799 119
f 3885 3886 3887
f 3887 3888 3885
f 1805 1810 119
f 1799 1805 119
f 3889 3890 3891
f 3892 3890 3889
f 40 42 49
f 47 49 42
f 3304 43 3825
f 38 3825 52
f 39 30 49
f 52 3825 114
f 2673 1412 2644
f 2673 3893 3894
f 2554 3895 2495
f 3885 3888 2553
f 33 3825 38
f 1813 2552 32
f 3844 3304 3825
f 5 1799 6
f 18 1799 13
f 121 37 1799
f 16 1799 18
f 1355 1799 20
f 26 1774 25
f 3896 2495 3897
f 3897 2495 3898
f 3899 3900 2495
f 170 2116 167
f 1026 167 2116
f 1026 2116 3255
f 3901 3902 2495
f 3902 3903 2495
f 1035 1039 2116
f 1029 2116 170
f 3895 3901 2495
f 2554 2553 3904
f 3904 2553 3888
f 1039 1051 2116
f 1778 25 1774
f 1029 1035 2116
f 3905 3906 3907
f 3907 3908 3905
f 3909 3905 3908
f 1358 1380 2116
f 1383 2116 1380
f 1774 2116 1383
f 1072 1358 2116
f 1408 2642 1412
f 1420 1412 2673
f 1060 1064 2116
f 1064 1072 2116
f 1056 1060 2116
f 1051 1056 2116
f 3903 3899 2495
f 3910 3911 2495
f 3911 3898 2495
f 3900 3910 2495
f 3912 2495 3896
f 2496 2495 3912
f 1783 23 1778
f 1373 23 1783
f 1372 22 1373
f 1356 20 1372
f 3913 3914 3915
f 3914 3916 3915
f 1810 1813 32
f 33 32 2552
f 32 46 1810
f 3843 3845 3825
f 46 119 1810
f 15 20 1799
f 3917 3918 3915
f 3919 3917 3915
f 1832 1831 2026
f 1831 1838 2026
f 1854 2026 1852
f 1852 2026 1845
f 1845 2026 1838
f 3920 3919 3915
f 3915 3921 3920
f 2025 3922 1888
f 3923 3907 3906
f 3924 3923 3925
f 1860 1832 2024
f 1899 1904 2025
f 2026 2024 1832
f 1894 1899 2025
f 1888 1894 2025
f 1950 1927 1943
f 1926 1933 1927
f 1933 1943 1927
f 1952 1962 3922
f 1950 1952 3922
f 1962 2135 3922
f 3926 3927 3928
f 3928 3909 3926
f 3929 3926 3909
f 3927 3930 3928
f 3931 3932 3928
f 3893 3933 3932
f 3933 3928 3932
f 3932 3894 3893
f 3930 3931 3928
f 3908 3929 3909
f 3906 3925 3923
f 3753 3752 3934
f 1746 1745 2819
f 3754 3935 3751
f 3936 3751 3935
f 3937 3938 1697
f 3939 3469 3940
f 3468 3940 3469
f 3941 3942 1697
f 3942 3937 1697
f 2832 3941 1697
f 3894 2780 2673
f 3936 3935 3940
f 3939 3940 3935
f 3943 3944 1716
f 3945 3612 3599
f 3946 3943 1716
f 3947 3946 1716
f 1716 1706 3947
f 3948 2826 1702
f 2826 3949 1706
f 3949 3947 1706
f 3950 3948 1702
f 3951 2718 3952
f 3953 3952 2718
f 3954 3955 2718
f 3955 3953 2718
f 3956 3957 3958
f 2718 171 3954
f 171 156 3954
f 156 160 3954
f 3959 2825 1716
f 3944 3960 1716
f 3960 3959 1716
f 1720 1716 2825
f 2682 3961 165
f 160 165 3961
f 3961 3954 160
f 3962 3963 3542
f 3964 3965 3966
f 3962 3967 3963
f 3968 3969 1697
f 3970 3968 1697
f 3971 3970 1697
f 3972 3971 1697
f 3969 3973 1697
f 3973 3950 1697
f 3974 3972 1697
f 3938 3974 1697
f 1702 1697 3950
f 2812 2819 1745
f 3975 3976 3977
f 3978 3979 3980
f 3980 3979 3981
f 3981 3979 3982
f 3982 3983 3984
f 3984 3985 3986
f 3986 3985 3987
f 3542 3603 3962
f 3988 3915 3989
f 3990 3988 3989
f 3991 3992 3915
f 3992 3993 3915
f 3994 3991 3915
f 3993 3989 3915
f 3995 3920 3921
f 3916 3994 3915
f 3918 3996 3915
f 3996 3913 3915
f 3964 3966 3967
f 3921 3924 3995
f 3997 3995 3924
f 3925 3997 3924
f 3998 3999 4000
f 4001 3998 4002
f 4003 4004 4005
f 4006 4007 4008
f 4007 3979 4008
f 4008 3979 4009
f 4010 4011 4005
f 3956 4012 3957
f 4013 4014 4005
f 4015 4005 4014
f 4016 4007 4017
f 4017 4007 4018
f 4019 3965 4020
f 4021 4022 3537
f 3537 4023 4021
f 3541 3539 3538
f 4022 3538 3537
f 4024 4025 4020
f 4026 4027 3804
f 4028 3804 4027
f 4029 4026 3804
f 3814 3804 4028
f 4030 4029 3804
f 3958 4031 4025
f 4031 3958 3957
f 4032 4033 4034
f 4032 4034 4035
f 4034 4033 4036
f 4037 4036 4033
f 4038 4039 4040
f 4041 4039 4038
f 4042 4039 4041
f 4043 4039 4042
f 4044 4039 4043
f 4045 4032 4035
f 4046 4047 3680
f 4048 4007 4049
f 4040 4039 4048
f 4050 4051 4052
f 4053 4052 4051
f 4054 4055 4007
f 4055 4049 4007
f 4056 4054 4007
f 4057 4036 4037
f 4058 4059 4060
f 4061 4060 4059
f 4016 4056 4007
f 4006 4018 4007
f 4057 4062 4063
f 3990 3987 3988
f 4009 3979 3978
f 4007 4048 4039
f 4064 4039 4044
f 3891 3890 4064
f 4065 3890 3892
f 4066 4067 4059
f 4068 4066 4059
f 4067 4069 4059
f 4070 4068 4059
f 4069 4071 4059
f 4071 4072 4059
f 4072 4073 4059
f 4073 4061 4059
f 4074 4070 4059
f 3979 4007 4075
f 4076 4075 4007
f 4077 4078 4079
f 3983 3982 3979
f 4080 4076 4007
f 3985 3984 3983
f 4077 4079 4081
f 3988 3987 3985
f 4082 4080 4007
f 4083 4084 4081
f 4085 4082 4007
f 4086 4085 4007
f 4087 4086 4007
f 3752 4088 3934
f 4089 4090 4091
f 4092 4091 4093
f 4090 4093 4091
f 4088 4094 3934
f 4095 4096 4097
f 4098 4096 4095
f 4099 4096 4100
f 4100 4096 4098
f 4101 4096 4102
f 3977 4103 3975
f 4097 4104 4105
f 4106 3977 3976
f 4105 4107 4108
f 4108 4109 4110
f 3612 3945 3976
f 4106 3976 3945
f 4019 3966 3965
f 4111 4112 4113
f 4113 4112 4114
f 4115 4112 4111
f 4116 4112 4115
f 4117 4112 4116
f 4118 4112 4117
f 4119 4112 4118
f 4110 4120 4119
f 4114 4112 4121
f 4122 4119 4123
f 4102 4096 4099
f 4124 4096 4101
f 4125 4096 4126
f 3962 4127 3967
f 4128 4129 4130
f 4131 4130 4129
f 3967 4127 3964
f 4132 4133 4134
f 4094 4088 4135
f 4134 4136 4137
f 4138 4103 4135
f 4094 4135 4103
f 4138 3975 4103
f 4045 3957 4012
f 4139 4140 4141
f 4012 4032 4045
f 4024 4020 3965
f 4142 4140 4143
f 4144 4145 4146
f 4147 4145 4144
f 4143 4140 4147
f 4146 4145 4148
f 4149 4112 4150
f 4151 4112 4149
f 4152 4112 4151
f 4150 4112 4153
f 4153 4112 4154
f 4155 4140 4156
f 4157 4140 4155
f 4158 4140 4157
f 4156 4140 4139
f 4154 4112 4158
f 4159 4140 4160
f 4161 4140 4159
f 4160 4140 4142
f 4141 4140 4161
f 4162 4145 4163
f 4164 4145 4162
f 4165 4145 4164
f 4166 4145 4165
f 4163 4145 4167
f 4148 4145 4166
f 4129 4168 4131
f 4167 4128 4130
f 4121 4112 4152
f 4122 4112 4119
f 4169 4132 4170
f 4171 4170 4132
f 4172 4132 4169
f 4173 4174 4132
f 4174 4171 4132
f 4175 4173 4176
f 4132 4176 4173
f 4177 4178 4176
f 4178 4175 4176
f 4176 4131 4177
f 4024 4179 4025
f 4128 4167 4145
f 4168 4177 4131
f 4025 4179 3958
f 4180 4181 4182
f 4181 4183 4182
f 4180 4182 4184
f 4185 4182 4186
f 4186 4182 4183
f 4037 4187 4057
f 4188 4189 4190
f 4191 4192 4189
f 4190 4189 4192
f 4193 4194 4182
f 4187 4062 4057
f 4185 4195 4182
f 4195 4193 4182
f 4194 4196 4189
f 4196 4191 4189
f 4197 4198 4188
f 2810 4198 4197
f 4063 4199 4200
f 4062 4199 4063
f 4201 4202 4203
f 4203 4204 4089
f 4078 4200 4205
f 4199 4205 4200
f 4205 4079 4078
f 4079 4206 4081
f 4184 4182 4207
f 4208 4209 4182
f 4207 4210 4211
f 4204 4203 4212
f 4211 4210 4201
f 4213 4089 4204
f 4214 4092 4093
f 4081 4206 4083
f 4215 4207 4182
f 4202 4201 4216
f 4212 4203 4202
f 4217 4218 4219
f 4216 4201 4210
f 4210 4207 4215
f 4220 4221 4222
f 4220 4222 4223
f 4224 4215 4182
f 4225 4224 4182
f 4209 4225 4182
f 4226 4227 4228
f 4226 4228 4229
f 4217 4230 4231
f 4217 4231 4218
f 4208 4194 4189
f 4182 4194 4208
f 4231 4230 4227
f 4231 4227 4226
f 4229 4228 4220
f 4229 4220 4223
f 4189 4188 4198
f 3822 4198 2798
f 2806 2809 4198
f 4232 4233 4234
f 4232 4234 4235
f 4235 4222 4232
f 4221 4232 4222
f 4233 4236 4237
f 4233 4237 4234
f 4238 4239 4240
f 4241 4119 4120
f 4126 4096 4124
f 4123 4119 4241
f 4242 4158 4112
f 4243 4238 4240
f 4243 4240 4244
f 4245 4243 4244
f 4245 4244 4246
f 4247 4245 4246
f 4247 4246 4248
f 4249 4247 4248
f 4249 4248 4250
f 4251 4108 4107
f 4252 4108 4251
f 4253 4249 4250
f 4253 4250 4254
f 4255 4256 4253
f 4255 4253 4254
f 4257 4105 4104
f 4258 4259 4256
f 4258 4256 4255
f 4260 4096 4125
f 4104 4097 4096
f 4107 4105 4257
f 4261 4262 4259
f 4261 4259 4258
f 4093 4260 4214
f 4125 4214 4260
f 4263 4264 4262
f 4263 4262 4261
f 4090 4089 4265
f 4265 4089 4266
f 4266 4089 4213
f 4267 4237 4268
f 4236 4268 4237
f 4268 4269 4270
f 4268 4270 4267
f 4271 4108 4272
f 4272 4108 4273
f 4273 4108 4252
f 4109 4108 4271
f 4274 4110 4109
f 4120 4110 4275
f 4275 4110 4274
f 4269 4276 4277
f 4269 4277 4270
f 4276 4278 4279
f 4276 4279 4277
f 4140 4158 4280
f 4278 4281 4282
f 4278 4282 4279
f 4283 4284 4158
f 4284 4280 4158
f 4285 4147 4140
f 4286 4147 4285
f 4145 4147 4286
f 4281 4287 4288
f 4281 4288 4282
f 4289 4290 4291
f 4242 4292 4158
f 4292 4283 4158
f 4291 4290 4293
f 4294 4065 4295
f 4296 4297 4290
f 4296 4290 4289
f 4298 4299 4297
f 4298 4297 4296
f 4300 4301 4299
f 4300 4299 4298
f 4302 4137 4136
f 4303 4304 4301
f 4303 4301 4300
f 4136 4134 4305
f 4306 4304 4303
f 4306 4303 4239
f 4307 4137 4302
f 4308 4137 4307
f 4238 4306 4239
f 4309 4137 4310
f 4311 4137 4309
f 4310 4137 4308
f 4312 4137 4311
f 4313 4137 4312
f 4314 4137 4313
f 4295 4065 4314
f 3890 4065 4294
f 4039 4064 3890
f 4137 4314 4065
f 4315 4007 4039
f 4087 4007 4315
f 4316 4132 4317
f 4318 4132 4316
f 4305 4134 4133
f 4317 4132 4319
f 4320 4319 4132
f 4133 4132 4318
f 4172 4320 4132
f 4321 1765 4322
f 4322 1765 4323
f 4323 1764 4324
f 4325 4326 4327
f 4328 4329 4327
f 4330 4331 4328
f 4332 4333 4330
f 4334 4325 4327
f 4326 4335 4327
f 4335 4336 4327
f 2817 4327 4336
f 4336 4337 2817
f 4338 3230 3233
f 4339 4340 4341
f 3191 3190 4342
f 4343 4341 4340
f 4340 4344 4343
f 4345 4343 4344
f 4346 4347 4348
f 4344 4348 4347
f 4347 4345 4344
f 4349 4350 4341
f 4351 4352 4348
f 4352 4346 4348
f 4353 4354 4355
f 3198 3219 3196
f 3209 4356 3172
f 4331 4330 4357
f 4358 4328 4331
f 4357 4330 4333
f 4356 3173 3172
f 1927 1950 3922
f 2127 1927 3922
f 3198 3220 3219
f 2259 2270 3131
f 2135 2146 3922
f 3131 2270 2278
f 2149 2127 3922
f 2167 1889 3922
f 1889 1888 3922
f 2181 2150 4359
f 4360 4359 2150
f 4361 4360 2150
f 4359 4362 2181
f 4362 4363 2181
f 4364 4365 2150
f 4365 4366 2150
f 4367 4364 2150
f 4368 4367 2150
f 3922 4369 2150
f 4338 4342 4370
f 4371 4370 4342
f 2150 2149 3922
f 2146 2167 3922
f 4369 4368 2150
f 2038 2247 4372
f 4366 4361 2150
f 4338 4370 3230
f 2076 2077 2267
f 4342 3190 4371
f 2074 2073 2076
f 2056 2070 2074
f 4363 4373 2247
f 4373 4372 2247
f 2247 2181 4363
f 4372 2037 2038
f 4374 2267 2077
f 4375 4376 4377
f 3103 4378 3104
f 2268 4379 2079
f 2267 4374 2268
f 4379 2080 2079
f 4379 2268 4374
f 570 2080 4380
f 2097 2311 2096
f 2311 2310 2096
f 4380 2096 2310
f 2310 2319 4380
f 2319 571 4380
f 570 4380 571
f 2366 2093 2092
f 4381 4382 4383
f 2097 2093 2366
f 2092 2091 2361
f 4384 3347 2095
f 3427 4385 2095
f 4385 4384 2095
f 2094 3427 2095
f 2361 2091 2095
f 2353 3458 2339
f 4386 3818 2340
f 2527 2529 3818
f 3458 3461 2339
f 2423 2426 3825
f 2431 3534 2459
f 2455 3825 2446
f 2470 3533 2431
f 4387 4382 4381
f 4387 4381 4388
f 2483 3529 2472
f 2472 3528 2470
f 2489 3529 2483
f 4388 4389 4387
f 2508 3818 2489
f 2587 2586 3825
f 4375 4377 4389
f 2520 3818 2514
f 2529 2340 3818
f 3817 4386 2340
f 4390 4377 4376
f 2559 3825 2556
f 4391 4390 4376
f 2574 3825 2559
f 2552 2556 3825
f 2581 3825 2574
f 2591 3825 2568
f 4391 4376 4392
f 2568 3825 2581
f 2597 3825 2591
f 3825 33 2552
f 4393 4394 4392
f 4391 4392 4394
f 2605 2610 3825
f 4393 4378 4394
f 3103 4394 4378
f 4383 4395 4381
f 2610 2615 3825
f 2615 2617 3825
f 2586 2605 3825
f 2426 2441 3825
f 2446 3825 2441
f 2617 2423 3825
f 3534 3481 2459
f 2597 2587 3825
f 4396 4397 4398
f 2955 2959 3324
f 2955 3324 2939
f 4398 4397 4399
f 4400 4399 4397
f 2936 3323 2930
f 2931 2930 3323
f 4400 4395 4399
f 4383 4399 4395
f 2939 3323 2936
f 4401 4402 4403
f 4402 4404 4403
f 2962 2943 3324
f 2959 2962 3324
f 2943 2942 3324
f 2942 2946 3324
f 3344 3324 2946
f 2948 3341 2946
f 2950 3341 2948
f 4405 3341 2950
f 2983 2985 2997
f 4389 4388 4406
f 4407 2997 2985
f 4375 4389 4406
f 2985 2987 4407
f 2987 2989 4407
f 2989 2931 4408
f 4409 4408 2931
f 4410 4409 2931
f 3323 4410 2931
f 4396 4411 4397
f 2994 2993 3008
f 2996 3008 2993
f 3008 3010 2994
f 3010 3030 2994
f 4401 4412 4402
f 4413 4404 4402
f 4413 4411 4404
f 4396 4404 4411
f 2975 2977 2994
f 2996 3031 3008
f 3006 3035 3004
f 3012 3030 3010
f 3015 3029 3012
f 2981 2983 3000
f 4414 4415 4412
f 4414 4412 4401
f 3017 3027 3015
f 2997 3000 2983
f 3025 3019 3023
f 3027 3017 3025
f 3029 3030 3012
f 2965 2994 3030
f 3029 3015 3027
f 2977 2979 2994
f 3019 3025 3017
f 3021 3023 3019
f 4416 4417 4418
f 3034 3008 3031
f 3006 3008 3034
f 3034 3035 3006
f 3038 3004 3035
f 3042 3004 3040
f 3040 3004 3038
f 3044 3004 3042
f 3046 3004 3044
f 3048 3004 3046
f 3050 3004 3048
f 3056 3004 3054
f 3054 3004 3052
f 3052 3004 3050
f 3062 3001 3060
f 3058 3001 3056
f 3064 3075 3062
f 3060 3001 3058
f 4419 3072 3066
f 3066 3074 3064
f 3074 3066 3072
f 4420 4421 4422
f 4419 3078 3070
f 4419 3070 3068
f 3068 3072 4419
f 3075 3064 3074
f 3001 3062 3075
f 3004 3056 3001
f 4422 4423 4420
f 4424 4425 3085
f 3085 3088 4424
f 4426 4424 3088
f 3088 3089 4426
f 4419 4426 3089
f 3084 3085 4425
f 3076 4419 3094
f 3092 3094 4419
f 3089 3092 4419
f 3078 4419 3076
f 3101 3080 4427
f 3108 3101 4427
f 3080 3079 4427
f 3098 3097 4427
f 3100 3108 4427
f 3097 3100 4427
f 3079 3084 4427
f 3106 3098 4427
f 3124 4428 3123
f 3123 4428 3122
f 3115 3118 3116
f 3129 3128 3120
f 3122 3129 3120
f 3116 3118 3128
f 3118 3120 3128
f 3125 4429 3124
f 4416 4418 4430
f 3126 3130 4431
f 4432 4418 4417
f 4431 3130 3131
f 3183 3191 3198
f 3198 3197 3183
f 4417 4433 4432
f 4433 4434 4435
f 4436 4435 4437
f 4434 4437 4435
f 3172 3174 3208
f 3197 3208 3174
f 3174 3177 3197
f 3177 3183 3197
f 4438 4436 4439
f 4437 4439 4436
f 4440 4438 4439
f 3227 4431 3225
f 3225 4431 3131
f 4440 4441 4442
f 4440 4442 4443
f 3243 4444 3232
f 4445 4446 4442
f 4443 4442 4446
f 4447 4448 4449
f 4450 4444 3246
f 4431 3227 4338
f 4445 4451 4446
f 4338 3233 4431
f 3233 3232 4431
f 4338 3220 4342
f 3198 3191 3220
f 4342 3220 3191
f 3227 3220 4338
f 4423 4422 4452
f 4390 4391 4453
f 4452 4415 4423
f 4414 4423 4415
f 4427 4453 4391
f 4391 4394 4427
f 4450 3246 4454
f 3245 4454 3246
f 4455 4456 4454
f 4450 4454 4456
f 4394 3103 4427
f 3103 3102 4427
f 4456 4455 4457
f 4456 4457 4447
f 4059 4458 4074
f 4459 4074 4458
f 4460 4448 4457
f 4447 4457 4448
f 4382 4387 4461
f 3102 3105 4427
f 3105 3106 4427
f 4458 4462 4459
f 4448 4460 4463
f 4448 4463 4464
f 4465 3773 3775
f 4466 3678 3680
f 4467 4468 4463
f 4464 4463 4468
f 4469 4466 3680
f 4468 4467 4470
f 4468 4470 4471
f 4404 4396 4461
f 4403 4404 4461
f 4401 4403 4461
f 4396 4398 4461
f 4398 4399 4461
f 4399 4383 4461
f 4382 4461 4383
f 4387 4389 4461
f 4472 4473 4470
f 4471 4470 4473
f 4474 4459 4462
f 4058 4475 4476
f 4060 4477 4058
f 4477 4475 4058
f 4047 4478 3680
f 4478 4479 3680
f 4479 4469 3680
f 4473 4472 4480
f 3804 3808 3801
f 4435 4430 4433
f 4436 4430 4435
f 4438 4430 4436
f 4480 4430 4440
f 4432 4433 4430
f 4432 4430 4418
f 4481 4482 4430
f 4430 4480 4481
f 4473 4480 4440
f 4482 4416 4430
f 4443 4473 4440
f 4462 4483 4474
f 4484 4474 4483
f 4465 4484 3773
f 3777 3774 3773
f 3795 3793 3773
f 3801 3800 3795
f 3785 3773 3794
f 4485 4473 4446
f 4483 3773 4484
f 4486 4433 4417
f 4443 4446 4473
f 4461 4487 4421
f 4486 4434 4433
f 4420 4461 4421
f 4423 4461 4420
f 4414 4401 4461
f 4423 4414 4461
f 4451 4421 4487
f 4488 4050 4489
f 4476 4475 4489
f 4475 4488 4489
f 4052 4489 4050
f 4051 3763 4053
f 3680 4053 3763
f 3764 4046 3680
f 4441 4440 4439
f 4464 4468 4490
f 4491 4492 4493
f 4491 4493 4494
f 4491 4494 4495
f 4491 4495 4496
f 4491 4496 4497
f 4498 4499 4491
f 4499 4030 4491
f 4500 4491 4030
f 3804 4500 4030
f 4497 4501 4491
f 4501 4498 4491
f 4502 4490 4468
f 4468 4471 4502
f 4485 4503 4471
f 3766 4504 4505
f 3768 4505 4504
f 4505 4506 3766
f 4506 3767 3766
f 4451 4445 4507
f 4473 4485 4471
f 4507 4508 4451
f 4421 4451 4508
f 4503 4502 4471
f 3682 3681 3685
f 4421 4508 4422
f 4438 4440 4430
f 3685 3684 3770
f 4446 4451 4485
f 3771 3684 3760
f 4377 4390 4509
f 4453 4509 4390
f 4510 3768 4504
f 3769 3768 4510
f 4511 3755 3769
f 3756 3755 4511
f 4512 3757 3756
f 3765 3757 4512
f 4513 3761 3765
f 4514 3761 4513
f 3762 3761 4514
f 4515 3759 3762
f 3760 3759 4515
f 4461 4389 4509
f 4425 4427 3084
f 4389 4377 4509
f 4485 4451 4487
f 4516 4517 232
f 4518 4519 4520
f 3246 4444 3243
f 4490 4521 4464
f 4522 4523 4431
f 4444 4447 4449
f 4520 232 4517
f 4519 4524 4520
f 4525 4518 4520
f 4526 4525 4520
f 4517 4526 4520
f 4472 4481 4480
f 4527 4528 4529
f 4529 4444 4527
f 4530 4531 4532
f 4449 4527 4444
f 4533 3194 4534
f 4535 3194 4533
f 4536 3194 4535
f 4537 4538 4426
f 4537 4426 4419
f 4431 3232 4444
f 4528 4539 4529
f 4540 4541 4531
f 4538 4542 4424
f 4538 4424 4426
f 4523 4543 4431
f 4544 3194 4545
f 4534 3194 4546
f 4546 3194 4544
f 4542 4547 4425
f 4542 4425 4424
f 4543 4548 4431
f 4545 3194 4549
f 4549 3194 4550
f 4548 4551 4431
f 4419 3066 4537
f 3065 4537 3066
f 4547 4552 4427
f 4547 4427 4425
f 4551 4553 4431
f 4553 4554 4431
f 4554 4555 4431
f 4552 4556 4453
f 4552 4453 4427
f 4556 4557 4509
f 4556 4509 4453
f 4558 4559 4560
f 4561 4559 4562
f 4563 4559 4561
f 4560 4559 4563
f 4557 4564 4461
f 4557 4461 4509
f 4564 4565 4487
f 4564 4487 4461
f 4565 4566 4485
f 4565 4485 4487
f 4567 3176 4568
f 4541 4569 4570
f 4568 3185 4571
f 4532 4541 4570
f 4532 4570 4572
f 4573 3182 4574
f 4571 3181 4573
f 4532 4572 4575
f 4574 3195 4576
f 4577 4578 4559
f 4579 4577 4559
f 4580 4579 4559
f 4581 4582 4583
f 4581 4583 4584
f 4530 4532 4575
f 4585 3194 4536
f 4586 3194 4585
f 4587 3194 4586
f 4588 3194 4587
f 4576 3195 4588
f 4582 4530 4575
f 4582 4575 4583
f 4589 4590 4559
f 4591 4559 4590
f 4578 4589 4559
f 4592 4559 4591
f 4562 4559 4592
f 4593 4559 4558
f 3723 3880 3729
f 3732 4594 3879
f 4569 4540 4595
f 3879 3726 3732
f 54 57 284
f 296 289 57
f 4596 254 297
f 297 296 4596
f 244 297 254
f 3729 3880 3739
f 4595 4540 4597
f 4541 4540 4569
f 4532 4531 4541
f 73 70 239
f 68 66 277
f 4598 4599 4559
f 229 73 4600
f 4600 4516 229
f 239 4600 73
f 4601 4602 4603
f 3515 3526 3525
f 3525 4604 3515
f 4604 3512 3515
f 4605 3530 3526
f 3531 3524 3526
f 4602 4601 3526
f 4605 3526 4601
f 4606 4603 4602
f 4607 4603 4606
f 4608 4609 4607
f 4610 4609 4608
f 4611 4609 4610
f 4612 4609 4611
f 4613 4614 4615
f 282 277 58
f 284 282 54
f 58 54 282
f 289 284 57
f 246 244 254
f 57 4596 296
f 246 254 252
f 252 251 246
f 4550 3193 251
f 3193 4550 3194
f 246 251 3193
f 270 262 68
f 4616 4617 4618
f 70 68 262
f 4619 4620 4621
f 239 70 262
f 4622 4621 4620
f 277 271 68
f 271 270 68
f 66 64 277
f 4623 4622 4620
f 4624 4625 4623
f 4626 4627 4628
f 4614 4613 4624
f 4609 4629 4614
f 4603 4607 4609
f 4630 4624 4631
f 60 58 277
f 64 62 277
f 62 60 277
f 4632 4633 4626
f 4632 4626 4628
f 4634 4633 4632
f 4634 4632 4635
f 4636 4609 4637
f 4637 4609 4638
f 308 3623 309
f 4639 4634 4635
f 311 309 3622
f 4629 4609 4640
f 4640 4609 4636
f 4638 4609 4612
f 4291 4293 4641
f 4291 4641 4642
f 4615 4614 4629
f 4639 4635 4643
f 4631 4624 4613
f 4644 4645 4643
f 4639 4643 4645
f 333 331 3616
f 344 335 3616
f 335 333 3616
f 346 344 3616
f 350 346 3616
f 323 3616 331
f 352 350 3616
f 313 3616 323
f 3622 3616 313
f 352 3616 357
f 4644 4646 4645
f 4647 4645 4646
f 4625 4624 4630
f 4622 4623 4625
f 4646 4648 4647
f 4649 4647 4648
f 4650 4649 4648
f 4650 4648 4651
f 370 3623 308
f 368 3623 370
f 368 361 3623
f 4652 4653 4654
f 4654 4653 4655
f 4656 4653 4652
f 4651 4657 4650
f 4658 4650 4657
f 373 412 384
f 360 384 361
f 4657 4659 4658
f 360 373 384
f 3623 361 384
f 4659 4660 4661
f 4662 4642 4661
f 4641 4661 4642
f 4663 4618 4617
f 4664 4663 4617
f 4621 4665 4619
f 4616 4619 4665
f 4665 4617 4616
f 4664 4617 4666
f 4667 4653 4666
f 4655 4653 4667
f 4668 4669 4656
f 4670 4669 4668
f 4671 4672 4673
f 4671 4673 4674
f 412 410 384
f 4675 4676 4677
f 4678 4627 4674
f 4678 4674 4673
f 4676 4679 4677
f 4675 4677 4670
f 385 384 409
f 394 385 395
f 409 395 385
f 394 393 385
f 410 409 384
f 4678 4628 4627
f 4680 4677 4679
f 4681 4677 4680
f 4671 4682 4672
f 432 424 385
f 422 385 424
f 418 385 422
f 443 432 385
f 4683 4684 4685
f 438 443 385
f 4686 4687 4688
f 4688 4687 4689
f 439 438 385
f 447 439 385
f 448 447 385
f 1037 1033 385
f 1033 448 385
f 4690 4691 4687
f 4692 4687 4691
f 4693 4694 4695
f 4696 4693 4695
f 4697 4698 4695
f 1049 385 393
f 1049 1037 385
f 385 1090 1057
f 4699 4700 4701
f 4702 4700 4699
f 4703 4700 4702
f 4704 4705 4706
f 4685 4700 4703
f 4689 4684 4683
f 4707 4687 4686
f 1111 1109 1118
f 4708 4709 4705
f 4701 4709 4708
f 1067 1118 1109
f 4710 4711 4712
f 4712 4713 4714
f 4659 4657 4660
f 4715 4716 4717
f 4717 4718 4719
f 1068 1067 1109
f 4662 4661 4660
f 4720 4717 4721
f 4722 4723 4724
f 4723 4720 4724
f 1109 1062 1068
f 1062 1057 1076
f 4721 4724 4720
f 4725 4723 4726
f 4722 4726 4723
f 4727 4725 4726
f 4728 4729 4727
f 4730 4729 4728
f 1088 1081 1057
f 1088 1057 1090
f 1092 1090 385
f 1081 1076 1057
f 451 1092 385
f 418 421 385
f 451 385 421
f 1076 1073 1062
f 4672 4682 4731
f 4732 4733 4734
f 4732 4734 4735
f 4736 4737 4738
f 4713 4738 4737
f 4714 4713 4737
f 4739 4740 4710
f 4741 4736 4738
f 4713 4712 4711
f 4742 4741 4738
f 4730 4742 4738
f 4738 4729 4730
f 4733 4743 4734
f 4744 4732 4735
f 4744 4735 4745
f 4746 4744 4745
f 4746 4745 4747
f 1073 1070 1062
f 1070 1068 1062
f 1118 1145 1111
f 1145 1147 1111
f 1125 1111 1147
f 1125 1147 1139
f 1142 1173 1139
f 1161 1157 1210
f 4748 4746 4747
f 4748 4747 4749
f 4750 4751 4752
f 4753 4754 4755
f 4753 4756 4757
f 4758 4759 4756
f 4760 4755 4761
f 4762 4759 4763
f 1157 1175 1210
f 4764 4765 4748
f 4764 4748 4749
f 4766 4767 4765
f 4766 4765 4764
f 4757 4756 4759
f 1173 1142 1175
f 1142 1210 1175
f 1125 1139 1170
f 1173 1170 1139
f 4766 4731 4767
f 4731 4682 4767
f 4761 4755 4754
f 4768 4769 4770
f 4768 4770 4771
f 1220 1261 1897
f 1897 1882 1220
f 4754 4753 4757
f 4772 4768 4771
f 4772 4771 4743
f 4751 4750 4773
f 4733 4772 4743
f 4740 4739 4751
f 4750 4760 4773
f 4774 4775 4776
f 4776 4775 4777
f 4776 4777 4778
f 4711 4710 4740
f 4739 4779 4751
f 4752 4751 4779
f 1882 1859 1220
f 4778 4777 4780
f 4778 4780 4781
f 4782 4783 4687
f 4684 4689 4687
f 4692 4782 4687
f 4700 4685 4684
f 4784 4785 4694
f 4690 4687 4707
f 4785 4695 4694
f 4786 4719 4718
f 4695 4786 4697
f 4718 4697 4786
f 4716 4721 4717
f 1858 1873 1198
f 1198 1220 1858
f 1859 1858 1220
f 1811 1785 1238
f 4725 4727 4729
f 1244 1775 1250
f 1250 1316 1215
f 1784 1779 1239
f 1210 1215 1161
f 1273 1908 1276
f 1908 1273 1272
f 4787 4788 4687
f 4789 4790 4687
f 4790 4787 4687
f 4694 4687 4788
f 4783 4789 4687
f 4788 4784 4694
f 4698 4696 4695
f 4719 4715 4717
f 1286 1285 1907
f 1285 1290 1907
f 1290 1276 1907
f 4706 4705 4709
f 1907 1941 1299
f 1300 1299 1941
f 1306 1300 1941
f 1308 1306 1941
f 1309 1308 1941
f 1299 1286 1907
f 1931 1902 1261
f 4791 4704 4792
f 4793 4791 4792
f 4709 4701 4700
f 1776 1239 1779
f 1244 1239 1776
f 1775 1244 1776
f 4706 4792 4704
f 4794 4795 4796
f 4796 4797 4793
f 4798 4799 4800
f 1784 1238 1785
f 1772 1250 1775
f 1316 1250 1772
f 1161 1215 1316
f 1239 1238 1784
f 1827 1826 1224
f 1231 1224 1814
f 1814 1811 1231
f 1238 1231 1811
f 4801 4802 4803
f 4803 4804 4801
f 4805 4806 4804
f 4807 4808 4809
f 4809 4810 4811
f 4812 4811 4813
f 4814 4815 4805
f 4816 4817 4814
f 4813 4818 4812
f 4759 4762 4819
f 4761 4773 4760
f 4763 4759 4758
f 4820 4819 4762
f 4820 4818 4819
f 4821 4822 4823
f 4824 4822 4825
f 4825 4822 4821
f 4826 4822 4824
f 4827 4822 4826
f 4333 4822 4827
f 4823 4822 4828
f 4813 4811 4810
f 4829 4327 4329
f 4334 4327 4829
f 4830 4809 4808
f 4831 4809 4830
f 4832 4809 4831
f 4810 4809 4832
f 4820 4812 4818
f 4329 4328 4833
f 4834 4328 4358
f 4355 4354 4822
f 4833 4328 4834
f 4822 4333 4332
f 4828 4822 4354
f 4353 4835 4354
f 4836 4354 4835
f 4801 4804 4806
f 4837 4838 4839
f 4807 4803 4802
f 4840 4807 4802
f 4815 4814 4817
f 4841 4836 4842
f 4843 4807 4844
f 4845 4807 4843
f 4844 4807 4840
f 4808 4807 4845
f 4806 4805 4815
f 4846 4847 4848
f 4849 4842 4836
f 4850 4849 4836
f 4835 4850 4836
f 4842 4851 4841
f 4851 4852 4841
f 4350 4339 4341
f 4853 4854 4855
f 4856 4349 4341
f 4857 4858 4859
f 4348 4841 4351
f 4860 4351 4841
f 1826 1814 1224
f 4861 4862 4863
f 4848 4864 4865
f 4863 4866 4864
f 4867 4868 4861
f 4865 4846 4848
f 4859 4858 4867
f 4869 4870 4871
f 4872 4873 4857
f 4874 4875 4876
f 4876 4877 4874
f 4816 4874 4877
f 4877 4817 4816
f 1853 1848 1201
f 1201 1200 1853
f 4865 4864 4878
f 4866 4863 4879
f 4878 4864 4866
f 1873 1885 1198
f 1200 1197 1892
f 1197 1198 1885
f 1892 1853 1200
f 1223 1201 1848
f 1848 1827 1223
f 1224 1223 1827
f 4862 4861 4868
f 4879 4863 4862
f 4875 4848 4847
f 4847 4876 4875
f 4871 4870 4872
f 1885 1892 1197
f 4880 4881 4882
f 4883 4880 4882
f 1262 1309 1936
f 1936 1931 1262
f 1261 1262 1931
f 1902 1897 1261
f 4884 4885 4886
f 4886 4880 4883
f 4870 4869 4887
f 1941 1936 1309
f 1908 1907 1276
f 1908 1272 1965
f 1908 1965 1960
f 1956 1920 1960
f 1957 2289 2140
f 4858 4857 4873
f 4873 4872 4870
f 2158 2157 2289
f 2157 2154 2289
f 4868 4867 4858
f 4884 4887 4888
f 2141 2140 2289
f 2148 2141 2289
f 2163 2158 2314
f 2154 2148 2289
f 2289 2314 2158
f 4885 4884 4888
f 4880 4886 4885
f 4889 4890 4891
f 2172 2163 2314
f 4795 4892 4893
f 4795 4797 4796
f 4791 4793 4797
f 4893 4894 4895
f 4895 4800 4799
f 1908 1960 1920
f 4896 4897 4898
f 4899 4898 4900
f 4901 4897 4896
f 4902 4899 4900
f 1920 1956 2197
f 2140 2197 1957
f 1957 2197 1956
f 4903 4904 2212
f 4905 4906 4907
f 4908 4909 4901
f 4907 4906 4908
f 4910 4911 4905
f 4912 4913 4914
f 4914 4913 4910
f 2237 2238 3223
f 2242 2237 3223
f 2238 2313 3223
f 3224 3223 2313
f 2244 2242 3223
f 2258 2246 3211
f 3223 3211 2244
f 4915 4916 4917
f 4917 4913 4912
f 2265 2286 3289
f 2286 2284 3289
f 3298 3289 2284
f 2337 3297 2285
f 4918 4902 4900
f 4919 4916 4915
f 4920 4916 4921
f 4921 4916 4919
f 4922 4923 4924
f 4540 4531 4925
f 4926 4927 4341
f 4927 4928 4341
f 4929 4916 4930
f 4922 4931 4932
f 4932 4931 4933
f 4934 4924 4923
f 4933 4931 4929
f 4928 4935 4341
f 4935 4856 4341
f 4852 4860 4841
f 4936 3323 4937
f 4938 4939 4341
f 4939 4926 4341
f 4940 3323 4941
f 4854 4938 4341
f 4341 4942 4854
f 4942 4855 4854
f 4943 3323 3324
f 4944 4853 4945
f 4855 4945 4853
f 4838 4946 4947
f 4948 3323 4943
f 4949 3324 3322
f 4950 4837 4839
f 4947 4839 4838
f 4951 3323 4948
f 4951 4937 3323
f 4936 4941 3323
f 2952 4949 3322
f 4952 4953 4950
f 4946 4944 4945
f 4954 4955 4956
f 4945 4947 4946
f 4957 4952 4958
f 4959 4956 4960
f 4955 4961 4956
f 4960 4956 4962
f 4962 4956 4961
f 4963 4964 4940
f 4965 4966 4952
f 4966 4967 4952
f 4952 4968 4969
f 4952 4969 4970
f 4970 4958 4952
f 4952 4957 4971
f 4952 4971 4972
f 4952 4972 4973
f 4952 4973 4953
f 4837 4950 4953
f 4954 4956 4974
f 4974 4956 4975
f 4976 4956 4959
f 4977 4978 4976
f 4979 4980 4981
f 4981 4980 4982
f 4968 4952 4967
f 4983 4978 4977
f 4984 4985 4983
f 4986 4952 4987
f 4988 4952 4986
f 4965 4952 4988
f 4979 4987 4952
f 4989 4956 4963
f 4990 4985 4984
f 4975 4956 4989
f 4900 4985 4918
f 4991 4992 4993
f 4994 4995 4980
f 4996 4997 4998
f 4999 4998 4997
f 4997 5000 4999
f 4956 4976 4978
f 4990 4918 4985
f 4964 4963 4956
f 5001 5002 3323
f 5003 5004 3323
f 4994 5005 5006
f 2965 2968 2994
f 5007 5008 5009
f 5010 5009 5008
f 5011 4993 4992
f 4992 4598 5011
f 4599 4580 4559
f 4559 5011 4598
f 4597 4559 4593
f 4540 4559 4597
f 4993 5010 4991
f 5008 4991 5010
f 5012 5006 5005
f 5006 5013 4994
f 4995 4994 5013
f 4982 4980 4995
f 4952 4980 4979
f 5005 5014 5012
f 3747 3776 539
f 5015 542 3776
f 5016 5012 5014
f 5014 5017 5016
f 4531 5018 5019
f 5020 5021 4531
f 5015 3779 542
f 5017 5022 5023
f 3717 5024 509
f 3717 509 507
f 5024 5025 510
f 5024 510 509
f 4582 4581 5026
f 5025 5027 512
f 5025 512 510
f 4531 4530 5026
f 5028 5029 544
f 5028 544 513
f 5023 5016 5017
f 4998 5030 4996
f 5031 5032 5033
f 5034 5035 5036
f 5027 5028 513
f 5027 513 512
f 546 544 5037
f 5029 5037 544
f 5037 5038 546
f 726 546 5038
f 549 726 5038
f 549 5038 5039
f 5035 5040 5036
f 5041 5036 5040
f 5042 5034 5036
f 5040 5043 5041
f 5044 5041 5043
f 5043 5045 5044
f 5046 5044 5045
f 5047 5048 5045
f 548 549 5039
f 548 5039 5049
f 4456 4447 4444
f 4450 4456 4444
f 5050 5031 5033
f 5050 5033 5000
f 5051 5033 5032
f 4999 5000 5033
f 5022 4996 5030
f 611 5052 5053
f 611 5053 624
f 5054 4529 5055
f 5055 5026 5054
f 4539 5055 4529
f 4581 5054 5026
f 4530 4582 5026
f 5026 5056 4531
f 4531 5056 5020
f 4448 4464 4449
f 4521 4449 4464
f 3881 4594 5052
f 3881 5052 611
f 5057 5058 5051
f 5058 5059 5051
f 3879 4594 3881
f 3883 5060 5061
f 3883 5061 5062
f 3882 5063 5060
f 3882 5060 3883
f 5018 4531 5064
f 5021 5064 4531
f 5065 5057 5051
f 5066 5065 5051
f 5032 5066 5051
f 3882 624 5063
f 5053 5063 624
f 5067 5068 5018
f 5069 3904 3888
f 5070 5069 3888
f 5070 3888 3887
f 5071 5072 5073
f 5061 5070 3887
f 5061 3887 5062
f 5074 5075 4065
f 5074 4065 3892
f 5076 5019 5018
f 5077 5068 5078
f 5079 5080 5078
f 5081 5080 5079
f 5082 5083 5081
f 3889 5084 5074
f 3889 5074 3892
f 3891 5085 5084
f 3891 5084 3889
f 5086 4064 4044
f 4064 5086 5085
f 4064 5085 3891
f 5059 5087 5051
f 5087 5088 5051
f 5089 5051 5088
f 5090 5051 5089
f 5091 5051 5090
f 5092 5051 5091
f 5093 5051 5092
f 5094 5051 5093
f 4531 5095 5096
f 4065 5075 4137
f 5097 4531 5096
f 5098 5099 4531
f 5046 5045 5048
f 3911 5100 5101
f 3911 5101 3898
f 3910 5102 5100
f 3910 5100 3911
f 5099 4925 4531
f 5097 5098 4531
f 5051 5094 5047
f 5103 5104 3904
f 5069 5103 3904
f 3900 5105 5102
f 5072 5048 5094
f 5047 5094 5048
f 5094 5106 5072
f 5106 5073 5072
f 5030 5023 5022
f 5073 5107 5071
f 5107 5108 5109
f 5110 5095 5111
f 3900 5102 3910
f 5112 5113 3902
f 5112 3902 3901
f 5114 5115 5116
f 5117 5114 5116
f 5118 5119 5116
f 3899 5120 5105
f 3899 5105 3900
f 5121 5122 5123
f 5124 5123 5122
f 5124 5122 5125
f 5126 5120 3899
f 5126 3899 3903
f 5113 5126 3903
f 5113 3903 3902
f 5111 5127 5128
f 5128 5129 5130
f 5116 5131 5132
f 5133 5132 5131
f 5134 5135 5136
f 5132 5137 5116
f 5119 5117 5116
f 5137 5118 5116
f 5138 5134 5136
f 5139 5112 3901
f 5139 3901 3895
f 5104 5139 3895
f 5104 3895 2554
f 5140 5138 5136
f 5104 2554 3904
f 5141 5140 5136
f 5142 5141 5136
f 5143 5144 3909
f 5145 5146 5147
f 5148 5143 3909
f 5148 3909 3928
f 5149 5150 5151
f 5152 5148 3928
f 5152 3928 3933
f 5153 5145 5147
f 5154 5153 5147
f 5155 5152 3933
f 5155 3933 3893
f 5156 5154 5147
f 5157 5156 5147
f 5158 5155 3893
f 5158 3893 2673
f 3289 3275 2264
f 2264 2265 3289
f 5159 5158 2673
f 5159 2673 2635
f 3221 3224 2290
f 2295 2290 3224
f 5160 5159 2635
f 5160 2635 2629
f 5161 5149 5162
f 5162 5163 5161
f 5125 5161 5163
f 5124 5125 5163
f 5164 5162 5149
f 5151 5164 5149
f 5165 5151 5150
f 2303 2295 3224
f 5166 5160 2629
f 5166 2629 2496
f 2307 2303 3224
f 2313 2307 3224
f 5167 5168 5169
f 3912 5170 5166
f 3912 5166 2496
f 2325 3687 2324
f 3896 5171 5170
f 3896 5170 3912
f 3897 5172 5171
f 3897 5171 3896
f 5101 5172 3897
f 5101 3897 3898
f 3996 5173 5174
f 3996 5174 3913
f 2324 3686 2337
f 2285 3298 2284
f 2358 3306 2336
f 2336 3305 2325
f 5175 5173 3996
f 3995 3997 5176
f 5177 3995 5176
f 5178 3914 5174
f 3913 5174 3914
f 2380 3310 2358
f 2365 3720 3728
f 3742 3728 3720
f 3730 2404 2372
f 2404 2397 2372
f 2394 2393 2375
f 3319 3318 2375
f 2393 3319 2375
f 5179 5180 3919
f 5179 3919 3920
f 3918 5175 3996
f 5181 5175 3918
f 5181 3918 3917
f 5180 5181 3917
f 5180 3917 3919
f 4780 5182 5183
f 4780 5183 4781
f 5182 5184 5185
f 5182 5185 5183
f 5177 5179 3920
f 5177 3920 3995
f 5184 5186 5187
f 5184 5187 5185
f 5188 5176 3997
f 5188 3997 3925
f 5189 5188 3925
f 5189 3925 3906
f 5190 4288 5191
f 4287 5191 4288
f 5144 5189 3906
f 5144 3906 3905
f 5192 5193 5194
f 5192 5194 5195
f 5144 3905 3909
f 5194 5193 5196
f 5194 5196 5197
f 3932 5198 5199
f 5198 3932 3931
f 5198 3931 5200
f 5201 5202 4774
f 5201 4774 5203
f 5200 3931 3930
f 5200 3930 5204
f 5205 5197 5206
f 5196 5206 5197
f 5207 5208 5169
f 5150 5169 5208
f 5168 5207 5169
f 5165 5150 5209
f 5209 5150 5208
f 5169 5210 5167
f 5211 5167 5210
f 5212 5211 5210
f 3930 3927 5213
f 3930 5213 5204
f 5205 5206 5214
f 5205 5214 5215
f 5216 3926 3929
f 5216 3929 5217
f 5215 5214 5202
f 5215 5202 5201
f 3927 3926 5216
f 3927 5216 5213
f 5203 4774 4776
f 3908 3907 5218
f 3908 5218 5219
f 5191 5192 5195
f 5191 5195 5190
f 5220 5221 5222
f 5220 5222 5223
f 3929 3908 5219
f 3929 5219 5217
f 5224 5225 5226
f 5227 5218 3923
f 3907 3923 5218
f 5226 5225 5228
f 3923 3924 5229
f 3923 5229 5227
f 5223 5187 5220
f 5186 5220 5187
f 5230 5231 2783
f 5230 2783 2782
f 5232 5233 5234
f 5232 5234 5235
f 5236 5230 2782
f 5237 5238 3941
f 5237 3941 2832
f 5235 5234 5224
f 5235 5224 5239
f 5240 5237 2832
f 5240 2832 2819
f 5239 5224 5226
f 5241 5240 2819
f 5241 2819 2812
f 5242 5222 5243
f 5221 5243 5222
f 2783 5231 5241
f 2783 5241 2812
f 5243 5244 5245
f 5243 5245 5242
f 3973 3969 5246
f 3973 5246 5247
f 5233 5232 5244
f 5245 5244 5232
f 5246 3969 3968
f 5246 3968 5248
f 5225 5249 5228
f 5248 3968 3970
f 5248 3970 5250
f 5228 5249 5251
f 5252 5129 5253
f 5254 5129 5252
f 5253 5129 5255
f 5256 5129 5254
f 5255 5129 5257
f 5258 5129 5259
f 5130 5129 5258
f 5259 5129 5256
f 3943 5260 5261
f 3943 5261 3944
f 2583 2580 3138
f 2580 2573 3138
f 2583 3166 2590
f 2567 3138 2573
f 2562 3138 2567
f 2590 3149 2593
f 3148 3147 2593
f 5262 5263 3949
f 5262 3949 2826
f 3946 5264 5260
f 3946 5260 3943
f 5096 5095 5110
f 5265 5266 2612
f 5267 5264 3946
f 5267 3946 3947
f 2624 2618 2606
f 2616 2612 5266
f 5263 5267 3947
f 5263 3947 3949
f 5268 5262 2826
f 5268 2826 3948
f 2636 2628 2601
f 2628 2624 2601
f 2606 2601 2624
f 5265 2611 4567
f 2618 2616 2606
f 2606 2616 5266
f 5269 5211 5212
f 5268 3948 5270
f 3950 5270 3948
f 5271 5272 5273
f 3141 3140 2409
f 5270 3950 3973
f 5270 3973 5247
f 5274 5273 5272
f 3241 3238 2228
f 3944 5261 3960
f 5275 3960 5261
f 3238 3229 2228
f 5276 5277 3951
f 5276 3951 3952
f 3228 2662 2228
f 3229 3228 2228
f 5278 3951 5277
f 5279 5274 5269
f 5280 5276 3952
f 5280 3952 3953
f 2409 2676 3141
f 2676 2674 3141
f 2647 3141 2674
f 2674 2669 2647
f 2648 2647 2669
f 2669 2668 2648
f 5281 5280 3953
f 5281 3953 3955
f 5212 5279 5269
f 5282 5269 5274
f 5272 5282 5274
f 5283 5274 5279
f 5129 5284 5257
f 5285 5271 5286
f 5287 5281 3955
f 5287 3955 3954
f 3138 2557 3140
f 5288 5287 3954
f 5288 3954 3961
f 2557 2410 3140
f 2410 2409 3140
f 2681 5289 5290
f 2681 5290 2701
f 3146 2583 3145
f 3168 2583 3146
f 3166 2583 3168
f 3164 2590 3166
f 3162 2590 3164
f 5291 5288 3961
f 5291 3961 2682
f 5290 5291 2682
f 5290 2682 2701
f 3145 2583 3137
f 3137 2583 3138
f 3149 2590 3162
f 3148 2593 3149
f 3147 2636 2593
f 2601 2593 2636
f 2557 3138 2562
f 2825 5292 5289
f 2825 5289 2681
f 5275 5293 3959
f 5275 3959 3960
f 3182 4573 3181
f 3195 4574 3182
f 3181 4571 3185
f 3959 5293 5292
f 3959 5292 2825
f 5294 4531 5019
f 3941 5238 5295
f 3941 5295 3942
f 3185 4568 3175
f 3194 4588 3195
f 5296 4531 5294
f 2612 2611 5265
f 3176 4567 2611
f 3175 4568 3176
f 5296 5095 4531
f 5127 5111 5095
f 5297 5128 5127
f 5129 5128 5297
f 5283 5257 5284
f 3970 3971 5298
f 3970 5298 5250
f 3249 2228 3210
f 3971 3972 5299
f 3971 5299 5298
f 3972 3974 5300
f 3972 5300 5299
f 3938 5301 5300
f 3938 5300 3974
f 2229 2258 3210
f 3937 5302 5301
f 3937 5301 3938
f 2246 2244 3211
f 2228 2229 3210
f 3211 3210 2258
f 5295 5302 3937
f 5295 3937 3942
f 3244 2228 3248
f 5236 2782 2780
f 5236 2780 3894
f 5236 3894 5199
f 3932 5199 3894
f 3249 3247 2228
f 3248 2228 3247
f 3241 2228 3244
f 2661 2648 2228
f 2662 2661 2228
f 2668 2228 2648
f 5303 5304 3978
f 3980 5305 5303
f 3980 5303 3978
f 3274 3272 2290
f 3272 3266 2290
f 5306 5305 3980
f 5306 3980 3981
f 2290 2275 3274
f 5307 5306 3981
f 5307 3981 3982
f 5308 5307 3982
f 5308 3982 3984
f 3298 2285 3297
f 3275 3274 2275
f 3266 3216 2290
f 3216 3217 2290
f 3221 2290 3217
f 2275 2264 3275
f 5308 3984 5309
f 3986 5309 3984
f 5310 5309 3986
f 5310 3986 3987
f 3311 2380 3317
f 3310 2380 3311
f 2380 2375 3317
f 3318 3317 2375
f 5310 3987 5311
f 3990 5311 3987
f 5312 144 5286
f 5313 5311 3990
f 5313 3990 3989
f 3297 2337 3686
f 5314 5312 5286
f 5313 3989 3993
f 5315 5312 5314
f 5316 5317 5283
f 3306 2358 3307
f 3305 2336 3306
f 3687 2325 3305
f 3686 2324 3687
f 3307 2358 3310
f 3994 5318 5319
f 3994 5319 3991
f 3914 5178 5320
f 3914 5320 3916
f 5321 5312 5322
f 3916 5320 5318
f 3916 5318 3994
f 5315 5322 5312
f 5323 5313 3993
f 5324 5323 3993
f 5324 3993 3992
f 3701 5325 3704
f 3697 5325 3701
f 5319 5324 3992
f 5319 3992 3991
f 3706 5326 3694
f 3704 5325 3705
f 3705 5326 3706
f 5327 5312 5328
f 3924 3921 5329
f 3924 5329 5229
f 3921 3915 5330
f 3921 5330 5329
f 3694 5331 3710
f 5332 5312 5333
f 3710 5331 3711
f 3711 5331 3712
f 3915 3988 5334
f 3915 5334 5330
f 3988 3985 5335
f 3988 5335 5334
f 5336 5337 1988
f 3712 5338 3714
f 3715 3714 5338
f 5338 5339 3715
f 5340 5341 1988
f 5337 5340 1988
f 5341 5342 1988
f 3719 3740 3720
f 3718 3741 3719
f 3740 3742 3720
f 4008 5304 5343
f 2364 2365 3735
f 3727 3735 2365
f 2372 2369 3730
f 5344 5345 5312
f 5345 5346 5312
f 5347 5312 5346
f 5348 5312 5347
f 5349 5312 5350
f 5350 5312 5348
f 5351 5344 5312
f 5328 5312 5349
f 5333 5312 5327
f 5352 5351 5312
f 5321 5353 5312
f 5352 5312 5353
f 5354 5157 5147
f 5131 5354 5147
f 5147 5133 5131
f 5274 5283 5355
f 5355 5283 5356
f 5317 5356 5283
f 144 5285 5286
f 5284 5316 5283
f 5357 1855 5358
f 5358 5359 5357
f 5359 5147 5360
f 5360 5357 5359
f 5361 5360 5147
f 5146 5362 5147
f 5362 5363 5147
f 5363 5364 5147
f 5364 5365 5147
f 5365 5366 5147
f 5366 5361 5147
f 5367 2817 4337
f 3827 2817 5367
f 2810 2806 4198
f 2809 2798 4198
f 3819 2787 3827
f 2794 2788 3823
f 3828 2785 3819
f 5368 5369 5370
f 5370 5369 5371
f 5372 5369 5373
f 5373 5369 5374
f 5371 5369 5372
f 5374 5369 5375
f 5375 5369 5376
f 5376 5369 5377
f 5377 5369 5378
f 5378 5369 5379
f 4008 5343 5380
f 5379 5381 5382
f 5382 5381 5383
f 5383 5384 5385
f 5386 5387 5384
f 5387 5388 5384
f 5389 5390 5384
f 5391 5384 5392
f 5393 5384 5391
f 5385 5384 5393
f 5394 5395 5384
f 5368 5396 5369
f 5397 5369 5398
f 5396 5398 5369
f 5399 5369 5400
f 5400 5369 5401
f 5402 5401 5369
f 5403 5402 5369
f 5404 5369 5405
f 5399 5406 5369
f 4042 5407 5408
f 5409 5410 5411
f 5412 5409 5411
f 5410 5413 5411
f 5413 5414 5411
f 5414 5415 5411
f 5416 5411 5415
f 4042 4041 5407
f 5417 5418 5419
f 5082 5420 5421
f 5049 3718 548
f 528 548 3718
f 588 5422 5423
f 588 5423 617
f 5423 5424 603
f 5423 603 617
f 2220 5422 588
f 5424 3691 603
f 5425 5082 5426
f 5427 5428 5082
f 5426 5082 5428
f 5427 5082 5429
f 5083 5082 5430
f 5430 5082 5425
f 5429 5082 5431
f 304 2220 564
f 5080 5081 5083
f 5431 5082 5421
f 588 564 2220
f 5432 559 574
f 558 5433 5434
f 558 5434 591
f 5432 5435 559
f 559 5435 5433
f 559 5433 558
f 3731 3730 2369
f 590 589 5436
f 590 5436 5437
f 3734 3733 2364
f 2369 2364 3733
f 562 590 5437
f 562 5437 5438
f 562 5438 5439
f 562 5439 563
f 2375 2372 2394
f 563 5439 5440
f 563 5440 573
f 573 5440 5432
f 573 5432 574
f 3735 3734 2364
f 3733 3731 2369
f 2397 2394 2372
f 553 5441 552
f 5442 552 5441
f 5443 2852 3781
f 5443 3781 5444
f 5249 3780 5251
f 5251 3780 2852
f 5251 2852 5443
f 5444 3781 5445
f 5444 5445 5446
f 5445 5447 5448
f 5445 5448 5446
f 3728 3727 2365
f 3740 3719 3741
f 5447 5449 5450
f 5447 5450 5448
f 5449 3782 5451
f 5449 5451 5450
f 3750 3749 3803
f 3758 3803 3749
f 3749 3748 3758
f 3748 3786 3758
f 3786 3779 3758
f 5451 3782 5452
f 5451 5452 5453
f 3741 3718 3745
f 5452 5454 5453
f 5039 3746 5049
f 5455 5456 5457
f 3745 3718 3746
f 5049 3746 3718
f 5457 5456 5458
f 5459 5456 5455
f 5459 5455 5460
f 3747 3746 5039
f 5461 5462 5039
f 5463 5464 5459
f 5463 5459 5460
f 5465 4770 5466
f 4769 5466 4770
f 5467 5468 5015
f 3776 5467 5015
f 3776 3747 5462
f 5468 5469 5015
f 5465 5466 5464
f 5465 5464 5463
f 5470 2442 2443
f 5470 2443 5471
f 5472 5470 5471
f 5472 5471 5473
f 5474 5472 5473
f 5474 5473 5475
f 5476 5474 5475
f 5476 5475 5477
f 5024 3717 5339
f 3717 3715 5339
f 5478 5476 5477
f 5478 5477 5479
f 5480 5478 5479
f 5480 5479 5481
f 5027 5025 5482
f 5339 5482 5024
f 5483 5484 5480
f 5483 5480 5481
f 5029 5028 5482
f 5028 5027 5482
f 5485 5486 5484
f 5485 5484 5483
f 5487 5488 5486
f 5487 5486 5485
f 5489 5490 5488
f 5489 5488 5487
f 5458 5490 5489
f 5458 5489 5457
f 5491 5492 5493
f 5491 5493 5494
f 5493 5492 5495
f 5493 5495 5496
f 5496 5495 5497
f 5496 5497 5498
f 5498 5497 5499
f 5498 5499 5500
f 5501 5502 5423
f 5422 5503 5423
f 5424 5423 5502
f 5502 5504 5424
f 5505 5506 5424
f 5507 3691 5506
f 5507 5508 3691
f 3691 5325 3697
f 4084 4083 5509
f 5510 5509 4083
f 5509 5510 5511
f 5509 5511 5512
f 5512 5511 5491
f 5512 5491 5494
f 5500 5499 5513
f 5500 5513 5514
f 5435 2220 5433
f 5515 5421 5420
f 5077 5078 5080
f 5076 5018 5068
f 5067 5078 5068
f 5516 5517 5518
f 5516 5518 5519
f 5520 5521 5517
f 5520 5517 5516
f 5522 5515 5420
f 5523 5524 5525
f 5526 5523 5525
f 5527 5528 5521
f 5527 5521 5520
f 5527 2915 5528
f 2914 5528 2915
f 5529 5530 5531
f 5531 5530 5532
f 5533 5534 5530
f 5533 5530 5529
f 5522 5535 5536
f 5537 5538 5535
f 5539 5540 5541
f 5542 5543 5539
f 5542 5539 5541
f 5515 5522 5536
f 5538 5536 5535
f 5544 5545 5543
f 5544 5543 5542
f 5544 5519 5545
f 5518 5545 5519
f 5546 5547 5525
f 5548 5549 5550
f 5534 5551 5552
f 5553 5554 5555
f 5551 5534 5533
f 5540 5556 5541
f 5557 5552 5551
f 5557 5551 5558
f 5559 5557 5558
f 5559 5558 5560
f 5561 5546 5525
f 5562 5561 5525
f 5555 5525 5547
f 5547 5553 5555
f 5563 5555 5554
f 5564 5562 5525
f 5565 5564 5525
f 5535 5563 5537
f 5554 5537 5563
f 5524 5565 5525
f 5566 5559 5560
f 5567 5568 5569
f 5567 5569 5570
f 5548 5526 5525
f 5549 5548 5525
f 5571 5572 5573
f 5566 5560 5574
f 5575 5576 5577
f 5568 5566 5574
f 5568 5574 5569
f 5578 5531 5579
f 5532 5579 5531
f 5342 5580 1988
f 5580 5581 1988
f 5581 5582 1988
f 5582 5278 1988
f 5278 5277 1988
f 5277 5276 1988
f 5556 5540 5567
f 5556 5567 5570
f 5583 5584 5585
f 5584 5578 5585
f 5579 5585 5578
f 5586 5571 5587
f 5588 5573 5572
f 5454 5589 5590
f 5454 5590 5591
f 5589 3788 5592
f 5589 5592 5590
f 5593 5573 5594
f 3787 5595 3788
f 5592 3788 5595
f 5595 3787 3789
f 5595 3789 5596
f 5550 5549 5593
f 5573 5593 5549
f 5596 3789 3791
f 5596 3791 5597
f 5598 5599 5600
f 5597 3791 5601
f 5597 5601 5602
f 5603 5604 5600
f 5454 5591 5453
f 5605 5602 3809
f 5601 3809 5602
f 3790 3799 5606
f 3790 5606 5607
f 5606 3799 3815
f 5606 3815 5608
f 5608 3815 5609
f 5608 5609 5610
f 5611 5612 5600
f 5612 5613 5600
f 5613 5614 5600
f 5604 5611 5600
f 5614 5615 5600
f 5615 5598 5600
f 5599 5616 5600
f 5571 5600 5587
f 5616 5587 5600
f 5572 5571 5586
f 5594 5573 5588
f 5605 3809 3790
f 5605 3790 5607
f 5617 5618 5619
f 5619 5603 5617
f 5618 5620 5621
f 5600 5617 5603
f 5621 5622 5618
f 5620 5623 5624
f 5624 5621 5620
f 5436 5422 5437
f 5625 5422 5626
f 5437 5422 5438
f 5432 2220 5435
f 5440 2220 5432
f 5439 5438 2220
f 5440 5439 2220
f 5442 3691 5508
f 5441 3691 5442
f 3691 5424 5506
f 5504 5505 5424
f 5627 5628 5629
f 5501 5423 5630
f 5503 5422 5631
f 5627 5632 5628
f 5633 5634 5635
f 5636 5635 5634
f 5631 5422 5637
f 5638 5423 5503
f 5630 5423 5638
f 2220 5438 5422
f 5639 5628 5632
f 5635 5639 5632
f 5635 5632 5633
f 5640 5422 5641
f 5626 5422 5640
f 5642 5422 5625
f 5637 5422 5642
f 5641 5422 5643
f 5643 5422 5436
f 5644 5636 5634
f 5644 5634 5645
f 5646 5647 5644
f 5646 5644 5645
f 5025 5024 5482
f 5338 3712 5331
f 5583 5647 5646
f 5648 5649 5650
f 5651 5652 5653
f 5654 5655 5656
f 5654 5656 5657
f 5658 5037 5659
f 5660 5661 5662
f 5037 5029 5659
f 5654 5661 5660
f 5654 5660 5655
f 5657 5656 5663
f 5650 5653 5652
f 5664 5665 5666
f 5667 5666 5665
f 5331 3694 5326
f 5668 5669 3691
f 5670 3691 5669
f 5671 5668 3691
f 5672 5671 3691
f 5325 3691 5670
f 5326 3705 5325
f 5441 5672 3691
f 5673 5674 5675
f 602 601 5504
f 5508 550 5442
f 5676 5677 5675
f 5482 5659 5029
f 5675 5650 5649
f 5649 5676 5675
f 5653 5678 5651
f 5679 5680 5681
f 5682 5683 5675
f 5684 5682 5675
f 5683 5685 5675
f 5686 5684 5675
f 5685 5687 5675
f 5688 5686 5675
f 5687 5689 5675
f 5681 5675 5689
f 5689 5679 5681
f 5674 5688 5675
f 5677 5690 5675
f 5690 5691 5675
f 5691 5673 5675
f 5692 5693 5681
f 5693 5694 5681
f 5680 5695 5681
f 5695 5696 5681
f 5696 5692 5681
f 5697 5698 5699
f 5700 5697 5699
f 5701 5700 5699
f 5702 5703 5681
f 5704 5705 5706
f 5706 5681 5703
f 5694 5702 5681
f 5705 5707 5706
f 5707 5701 5706
f 5699 5706 5701
f 5467 3776 5462
f 3747 5039 5462
f 5708 5709 5015
f 5710 5708 5015
f 5709 5711 5015
f 5712 5710 5015
f 5713 5712 5015
f 5711 5714 5015
f 5469 5713 5015
f 3779 5015 5714
f 3758 3779 5714
f 5715 5461 5716
f 5039 5716 5461
f 5717 5715 5716
f 5718 5719 5720
f 5719 5721 5722
f 5723 5722 5721
f 5724 5725 5726
f 5716 5726 5725
f 5721 5724 5723
f 5725 5717 5716
f 5727 5728 5729
f 5730 5728 5731
f 5732 5733 5734
f 5735 5736 5737
f 5734 5735 5737
f 5730 5738 5728
f 5739 5740 5741
f 5742 5743 5737
f 5728 5744 5745
f 5728 5745 5746
f 5728 5746 5747
f 5728 5747 5748
f 5728 5748 5749
f 5749 5729 5728
f 5727 5750 5728
f 5751 5728 5752
f 5728 5753 5754
f 5754 5752 5728
f 5755 5728 5751
f 5756 5757 5754
f 5757 5758 5754
f 5759 5728 5755
f 5728 5760 5744
f 5760 5728 5761
f 5762 5761 5728
f 5763 5762 5728
f 5759 5763 5728
f 5764 5038 5765
f 5038 5766 5039
f 5767 5038 5768
f 5769 5038 5767
f 5770 5038 5769
f 5771 5038 5772
f 5773 5038 5771
f 5037 5768 5038
f 5770 5772 5038
f 5038 5773 5774
f 5038 5774 5775
f 5776 5777 5778
f 5778 5764 5779
f 5779 5780 5778
f 5780 5776 5778
f 5765 5779 5764
f 5781 5782 5783
f 5783 5784 5781
f 5785 5781 5784
f 5786 5787 5777
f 5787 5778 5777
f 5786 5788 5787
f 5789 5790 5788
f 5789 5783 5782
f 5782 5790 5789
f 5787 5788 5790
f 5775 5765 5038
f 5716 5039 5766
f 5764 5766 5038
f 5722 5720 5719
f 5720 5791 5718
f 5792 5793 5794
f 5795 5794 5793
f 5726 5723 5724
f 5791 5796 5718
f 5796 5792 5794
f 5794 5718 5796
f 5037 5658 5678
f 5652 5797 5650
f 5797 5648 5650
f 5703 5704 5706
f 5798 5768 5037
f 5799 5651 5678
f 5798 5037 5678
f 5658 5799 5678
f 5800 5801 5802
f 5801 5803 5802
f 5804 5805 5802
f 5806 5807 5802
f 5807 5800 5802
f 5808 5809 5802
f 5793 5810 5795
f 5810 5808 5795
f 5802 5795 5808
f 5803 5811 5802
f 5809 5806 5802
f 5812 5813 5732
f 5814 5815 5737
f 5735 5734 5733
f 5816 5812 5802
f 5805 5816 5802
f 5732 5802 5812
f 5811 5804 5802
f 5817 5742 5737
f 5813 5818 5732
f 5818 5733 5732
f 5736 5814 5737
f 5815 5819 5737
f 5819 5817 5737
f 5743 5820 5737
f 5740 5737 5820
f 5820 5741 5740
f 5821 5822 640
f 5823 640 5822
f 5824 5821 640
f 5825 5824 640
f 5826 5825 640
f 5827 5826 640
f 5828 5827 640
f 5829 5828 640
f 5830 5829 640
f 5831 640 5823
f 5831 5699 640
f 5830 640 5832
f 5741 5833 5738
f 5750 5731 5728
f 5738 5739 5741
f 5834 5728 5835
f 5836 5835 5728
f 5837 5728 5838
f 5833 5838 5738
f 5839 5840 5841
f 5841 5840 5842
f 5843 5842 5844
f 5844 5845 5843
f 5845 5846 5843
f 5728 5738 5838
f 5837 5847 5728
f 5847 5836 5728
f 5848 5728 5849
f 5753 5728 5848
f 5834 5849 5728
f 5850 5754 5753
f 5851 5754 5850
f 5852 5754 5851
f 5853 5754 5852
f 5854 5754 5853
f 5756 5754 5854
f 5855 5843 5856
f 5857 5858 5859
f 5860 5861 5859
f 5858 5860 5859
f 5862 5857 5859
f 5863 5862 5859
f 5415 5859 5861
f 5864 5863 5859
f 5865 5384 5395
f 5388 5394 5384
f 5384 5866 5867
f 5390 5386 5384
f 5868 5867 5866
f 5869 5870 5871
f 5871 5872 5869
f 5873 5868 5874
f 5875 5876 5877
f 5419 5864 5878
f 5877 5879 5875
f 5878 5417 5419
f 5418 5875 5879
f 5879 5419 5418
f 5859 5878 5864
f 5861 5416 5415
f 5870 5877 5880
f 5876 5880 5877
f 5869 5872 5874
f 5880 5871 5870
f 5872 5873 5874
f 5881 5869 5874
f 5882 5883 5884
f 5885 5886 5884
f 5883 5885 5884
f 5887 5882 5884
f 5886 5888 5884
f 5889 5887 5884
f 5890 5891 5888
f 5892 5890 5888
f 5891 5884 5888
f 5893 5894 5895
f 5893 5895 5896
f 5896 5897 5893
f 5897 5898 5893
f 5898 5899 5893
f 5899 5900 5893
f 5884 5893 5901
f 5900 5901 5893
f 5901 5902 5884
f 5902 5889 5884
f 5903 5890 5904
f 5905 5906 5890
f 5907 5890 5906
f 5904 5890 5907
f 5908 5890 5903
f 5908 5909 5890
f 5909 5891 5890
f 5910 5905 5890
f 5442 550 552
f 551 550 5508
f 551 5508 5507
f 600 551 5507
f 600 5507 5506
f 5911 5874 5868
f 5389 5384 5867
f 5392 5384 5865
f 5866 5911 5868
f 5397 5403 5369
f 5912 5881 5913
f 601 600 5506
f 601 5506 5505
f 601 5505 5504
f 618 602 5504
f 618 5504 5502
f 619 618 5502
f 619 5502 5501
f 5914 5915 5892
f 5915 5916 5892
f 5917 5914 5892
f 5918 5919 5892
f 5916 5918 5892
f 5920 5921 5912
f 5922 5923 5892
f 628 619 5501
f 628 5501 5630
f 5924 5925 5890
f 631 628 5630
f 631 5630 5638
f 5503 5631 637
f 5503 637 632
f 5924 5890 5926
f 5926 5890 5927
f 5928 5890 5925
f 5929 5890 5928
f 631 5638 5503
f 631 5503 632
f 5890 5892 5930
f 637 5631 586
f 5637 586 5631
f 5931 5932 5892
f 5932 5930 5892
f 5640 652 653
f 5640 653 5626
f 5641 651 652
f 5641 652 5640
f 5919 5931 5892
f 5643 650 651
f 5643 651 5641
f 5933 5934 5935
f 5936 5935 5934
f 5935 5937 5933
f 5938 5939 5940
f 5643 5436 650
f 589 650 5436
f 586 5637 587
f 5642 587 5637
f 5625 654 587
f 5625 587 5642
f 653 654 5625
f 653 5625 5626
f 5941 5940 5939
f 5934 5941 5936
f 5940 5942 5938
f 5943 5938 5942
f 5942 5944 5890
f 5910 5890 5944
f 5890 5943 5942
f 511 543 5659
f 511 5659 5482
f 669 670 5651
f 669 5651 5799
f 5945 5933 5937
f 545 669 5799
f 545 5799 5658
f 5659 543 545
f 5659 545 5658
f 5939 5936 5941
f 508 511 5482
f 5943 5890 5946
f 5672 5441 500
f 553 500 5441
f 5947 5948 5890
f 5949 5950 5890
f 5951 5890 5952
f 5953 5954 5890
f 5946 5890 5951
f 508 5482 5339
f 506 508 5339
f 506 5339 5338
f 665 506 5338
f 665 5338 5331
f 555 665 5331
f 555 5331 5326
f 5955 5890 5956
f 5957 5958 5890
f 5958 5959 5890
f 5956 5890 5959
f 498 555 5326
f 498 5326 5325
f 5960 5890 5955
f 498 5325 5670
f 498 5670 557
f 5670 5669 696
f 5670 696 557
f 5961 5957 5890
f 5669 5668 695
f 5669 695 696
f 5671 697 695
f 5671 695 5668
f 5952 5890 5960
f 5954 5962 5890
f 5962 5961 5890
f 500 697 5671
f 500 5671 5672
f 5677 714 778
f 5677 778 5690
f 5953 5890 5950
f 705 707 5676
f 705 5676 5649
f 5949 5890 5948
f 707 714 5677
f 707 5677 5676
f 5930 5927 5890
f 5947 5890 5963
f 5963 5890 5929
f 778 761 5690
f 779 705 5649
f 779 5649 5648
f 711 779 5648
f 711 5648 5797
f 5964 5965 5966
f 712 711 5797
f 712 5797 5652
f 5966 5967 5968
f 5969 5968 5970
f 5971 5969 5970
f 5652 5651 712
f 670 712 5651
f 5970 5972 5971
f 5973 5971 5972
f 5972 5974 5973
f 5937 5973 5974
f 5974 5945 5937
f 5975 5976 5966
f 5976 5977 5966
f 5967 5966 5978
f 5978 5966 5977
f 5979 5980 5964
f 5981 5966 5965
f 5981 5975 5966
f 5970 5968 5967
f 5965 5964 5980
f 708 777 5684
f 5964 5982 5979
f 5983 5984 5985
f 709 708 5684
f 5984 5986 5985
f 5987 5983 5985
f 5986 5988 5985
f 5988 5989 5985
f 5982 5985 5989
f 5990 5987 5985
f 5991 5990 5985
f 5989 5979 5982
f 5992 5991 5985
f 5993 5994 5995
f 5996 5993 5997
f 5995 5997 5993
f 5998 5999 6000
f 5999 6001 6000
f 6002 5998 6000
f 6001 5996 6000
f 5997 6000 5996
f 5674 5673 760
f 6003 6004 6005
f 6006 6005 6004
f 6004 6007 6006
f 776 5683 777
f 5985 5995 5992
f 5994 5992 5995
f 6000 6008 6009
f 5689 5687 746
f 745 746 5687
f 775 745 5687
f 775 5687 5685
f 6008 6010 6011
f 6011 6009 6008
f 5684 777 5682
f 6012 6011 6010
f 6009 6013 6000
f 6014 6012 6010
f 6010 6015 6014
f 6016 6014 6006
f 6013 6017 6000
f 6015 6006 6014
f 6017 6002 6000
f 6018 6016 6006
f 6007 6018 6006
f 5688 759 709
f 6019 6020 6021
f 6022 6021 6020
f 6023 6022 6020
f 6020 6024 6023
f 6024 5404 6023
f 5405 6023 5404
f 5688 5674 759
f 760 759 5674
f 5685 5683 775
f 6025 6026 5892
f 6026 5922 5892
f 5923 5917 5892
f 5921 6027 5892
f 6027 6025 5892
f 5696 5695 786
f 5892 5912 5921
f 786 787 5692
f 786 5692 5696
f 5913 5920 5912
f 5384 5383 5381
f 5874 5913 5881
f 762 760 5673
f 5406 5405 5369
f 5381 5379 5369
f 5673 5691 761
f 5673 761 762
f 6028 5071 5107
f 5682 777 5683
f 746 794 5689
f 5109 6028 5107
f 6029 6030 6031
f 6030 6032 6031
f 6033 6034 6031
f 6035 6031 6034
f 6034 6036 6035
f 6036 6037 6035
f 6037 5109 6038
f 5108 6038 5109
f 5686 709 5684
f 709 5686 5688
f 5691 5690 761
f 6039 6040 6041
f 6042 6041 6040
f 6043 6039 6041
f 6040 6044 6042
f 6045 6042 6044
f 6044 6046 6045
f 6047 6045 6046
f 6048 6047 6049
f 776 775 5683
f 5680 788 5695
f 784 5695 788
f 784 786 5695
f 5107 6050 6051
f 5679 794 5680
f 788 5680 794
f 6052 6029 6031
f 6031 6047 6052
f 6046 6049 6047
f 6048 6052 6047
f 6032 6033 6031
f 5679 5689 794
f 5107 6051 6053
f 5107 6053 5108
f 6038 6035 6037
f 802 6054 5697
f 802 5697 5700
f 800 802 5700
f 800 5700 5701
f 6055 6056 6057
f 810 800 5701
f 810 5701 5707
f 816 810 5707
f 816 5707 5705
f 6057 6058 6055
f 819 816 5705
f 819 5705 5704
f 834 819 5704
f 834 5704 5703
f 5702 840 834
f 5702 834 5703
f 6059 6060 5136
f 6061 5136 5135
f 6060 5142 5136
f 5693 789 839
f 5693 839 5694
f 5693 787 789
f 5692 787 5693
f 5136 6062 6058
f 6062 6055 6058
f 6056 6063 6057
f 6064 6057 6063
f 6063 6051 6064
f 6050 6064 6051
f 5694 839 840
f 5694 840 5702
f 882 5708 5710
f 882 5710 885
f 5135 6065 6061
f 6065 5116 6066
f 6066 6061 6065
f 5115 6067 5116
f 6067 6068 5116
f 6068 6066 5116
f 6069 5664 6070
f 5666 6070 5664
f 6071 6072 5667
f 6071 5667 5665
f 6073 6074 5136
f 5662 6072 6071
f 6074 6059 5136
f 5663 6075 5629
f 6058 6073 5136
f 5627 5629 6076
f 1844 1837 6077
f 1851 1844 6077
f 1855 1851 6077
f 6077 5358 1855
f 6078 6079 1903
f 1833 1861 6079
f 1861 1903 6079
f 1903 1898 6078
f 6079 6077 1833
f 1830 1833 6077
f 1837 1830 6077
f 1898 1893 6078
f 1893 1891 6078
f 6080 6081 2179
f 5583 5646 6082
f 6082 5584 5583
f 6080 2179 6083
f 6083 2179 6084
f 6085 6078 1891
f 5660 5662 6086
f 6087 6085 1890
f 1891 1890 6085
f 5656 6075 5663
f 6088 6089 2179
f 6090 2179 6089
f 2179 6091 6084
f 6091 2179 6092
f 5662 6071 6086
f 6076 5629 6075
f 6093 6088 2179
f 6094 2179 6090
f 6095 2179 6094
f 6096 2179 6095
f 6097 6093 2179
f 6092 2179 6096
f 2179 2245 6097
f 6098 6099 6100
f 6100 6099 6101
f 3798 6099 6098
f 3798 6098 6102
f 6103 6104 3798
f 6103 3798 6102
f 6103 5610 6104
f 5609 6104 5610
f 6105 2233 6106
f 6107 6108 6101
f 6100 6101 6108
f 2233 2230 6109
f 6110 2233 6105
f 6111 2233 6110
f 6112 2233 6111
f 6107 6113 6114
f 6107 6114 6108
f 6114 6113 6115
f 6114 6115 6116
f 6116 6115 6117
f 6116 6117 6118
f 2298 2297 6119
f 6120 6121 6117
f 6118 6117 6121
f 6122 6123 6124
f 6125 6122 6124
f 6125 6124 6126
f 6125 6126 6127
f 6125 6127 6128
f 6121 6120 6129
f 6121 6129 6130
f 6131 6130 6129
f 6131 6129 6132
f 6133 2233 6134
f 6135 6123 6134
f 6135 6124 6123
f 6133 6134 6123
f 6136 6131 6132
f 6136 6132 6137
f 6106 2233 6133
f 6109 6134 2233
f 6138 6136 6137
f 6138 6137 6139
f 2230 2227 6140
f 6119 6140 2298
f 6069 6070 6138
f 6069 6138 6139
f 2297 2280 6119
f 6141 6142 6143
f 6144 6141 6143
f 6144 6143 6145
f 6146 2331 6147
f 6148 6144 6145
f 6148 6145 6149
f 6150 2360 6151
f 6152 6148 6149
f 6152 6149 6153
f 6154 6152 6153
f 6154 6153 6155
f 6156 6157 6158
f 6159 6154 6155
f 6159 6155 6160
f 6161 6159 6160
f 6161 6160 6162
f 6163 6158 6157
f 6164 6158 6163
f 6158 6165 6156
f 6166 6156 6165
f 6166 6165 6167
f 6168 6169 6170
f 6167 6170 6171
f 6172 6173 6174
f 6172 6174 6175
f 6175 2700 6172
f 2699 6172 2700
f 6176 2309 6177
f 6174 6173 6161
f 6174 6161 6162
f 5434 6178 6179
f 5434 6179 591
f 6178 6180 6181
f 6178 6181 6179
f 5054 4581 4584
f 5054 4584 6182
f 6183 6184 6185
f 6184 6186 6185
f 6187 6185 6186
f 6188 6185 6187
f 4529 5054 6182
f 4529 6182 6189
f 4444 4529 6189
f 4444 6189 6190
f 6181 6180 6191
f 6181 6191 6192
f 6193 6183 6185
f 6194 6195 6196
f 6197 6196 6195
f 4522 4444 6190
f 4522 6190 6198
f 6185 6199 6200
f 6200 6193 6185
f 4523 4522 6198
f 4523 6198 6201
f 6005 6200 6199
f 6202 4904 4903
f 6202 4903 6203
f 4543 4523 6201
f 4543 6201 6204
f 6199 6205 6005
f 6205 6206 6005
f 6206 6003 6005
f 4903 6207 6203
f 6208 4548 4543
f 6208 4543 6204
f 6209 6210 6211
f 6191 6212 6213
f 6191 6213 6192
f 6211 6197 6209
f 6214 4551 4548
f 6214 4548 6208
f 6195 6215 6197
f 6215 6209 6197
f 6216 6217 6213
f 6216 6213 6212
f 6218 4553 4551
f 6218 4551 6214
f 6219 6220 6221
f 6222 6223 6185
f 6188 6222 6185
f 6223 6221 6220
f 6224 6225 6217
f 6224 6217 6216
f 1027 6226 6227
f 6228 6229 6227
f 6230 6231 6225
f 6230 6225 6224
f 6232 6227 6229
f 6229 6211 6232
f 6210 6232 6211
f 592 6231 6230
f 592 6230 6233
f 6233 6234 592
f 593 592 6234
f 6235 1038 6236
f 6236 1038 6237
f 6237 1038 6238
f 6238 1034 6239
f 593 6234 6240
f 593 6240 6241
f 6242 6239 1028
f 6241 6240 6243
f 6241 6243 305
f 1028 169 6242
f 169 168 6242
f 6244 6242 168
f 305 6243 6245
f 305 6245 301
f 301 6245 6246
f 301 6246 302
f 6202 302 4904
f 6246 4904 302
f 6247 1052 6248
f 1052 1038 6248
f 6249 6250 1038
f 6250 6251 1038
f 6251 6252 1038
f 6253 6249 1038
f 6254 6253 1038
f 6252 6255 1038
f 6255 6248 1038
f 168 1027 6244
f 6256 6257 2551
f 6258 6259 2551
f 6260 6258 2551
f 48 6260 2551
f 6261 6262 2398
f 2359 2398 6262
f 2360 2359 6262
f 6263 6169 2360
f 5622 5619 5618
f 6264 6265 6266
f 6267 6266 6265
f 6266 6268 6264
f 6269 6267 6265
f 6270 6269 6265
f 6265 6271 6270
f 6268 6272 6273
f 6272 6274 6273
f 6275 6273 6274
f 6274 6276 6275
f 6271 5624 5623
f 5623 6277 6271
f 6277 6270 6271
f 6278 6279 6280
f 6281 6280 6279
f 6282 6281 6279
f 6276 6282 6279
f 6279 6275 6276
f 6273 6264 6268
f 6283 6278 6280
f 6284 6278 6285
f 6286 6284 6285
f 6287 6284 6288
f 6283 6285 6278
f 6286 6288 6284
f 6289 6290 6287
f 6291 6290 6289
f 6292 6290 6291
f 6293 6294 6295
f 6290 6292 6295
f 6284 6287 6290
f 6296 6297 6298
f 6299 6300 6301
f 6302 6298 6297
f 6299 6303 6300
f 6304 6302 6297
f 6305 6306 6307
f 5846 5856 5843
f 5856 6308 5855
f 5758 5855 5754
f 6308 5754 5855
f 6293 6295 6309
f 6309 6295 6292
f 6310 6295 6294
f 6311 6203 6207
f 6311 6207 6312
f 6313 6310 6294
f 6314 6310 6313
f 6307 6306 6304
f 6314 6296 6298
f 6298 6310 6314
f 6315 6316 6317
f 6316 6318 6317
f 6319 6315 6317
f 6320 6321 6317
f 6322 5840 5839
f 6323 2960 5840
f 6324 2960 6323
f 6319 6317 6321
f 6325 3509 3552
f 6326 6327 6328
f 6305 6326 6328
f 6306 6305 6328
f 6302 6304 6306
f 6329 6328 6327
f 6330 6329 6331
f 6332 6331 6329
f 6327 6332 6329
f 6331 6333 6330
f 6333 6334 6330
f 6334 6335 6330
f 6335 6336 6330
f 6337 6338 6339
f 6340 6341 6342
f 6343 3553 6344
f 6345 6343 6344
f 6344 6325 6345
f 6346 6344 3553
f 3552 6345 6325
f 6336 6341 6330
f 6347 6330 6341
f 3547 6348 3553
f 6348 6349 3553
f 6349 6346 3553
f 6339 6342 6341
f 6350 6351 6352
f 4023 4015 6353
f 6354 6355 6337
f 6356 6357 6358
f 6358 6359 6354
f 6360 6361 6362
f 4004 4003 6363
f 4010 4005 4004
f 4013 4005 4011
f 6353 4021 4023
f 4014 6353 4015
f 4001 6363 4003
f 4002 6363 4001
f 4000 4002 3998
f 6364 6365 6366
f 6364 6366 6367
f 6365 6368 6366
f 6369 6366 6368
f 6370 6371 6372
f 6373 6370 6372
f 6374 6372 6371
f 6371 6375 6374
f 6362 6357 6356
f 6376 6377 6360
f 6367 6366 6376
f 6378 6373 6372
f 6372 6379 6378
f 6375 6380 6374
f 6381 6374 6380
f 6382 6383 6384
f 3999 6385 4000
f 6384 6386 6382
f 6387 4000 6385
f 6388 6389 6382
f 6386 6388 6382
f 6390 6387 6391
f 6385 6391 6387
f 4054 6392 6393
f 6389 6394 6382
f 6395 6396 6397
f 6397 6382 6398
f 6399 6400 6397
f 6394 6398 6382
f 6401 6402 6403
f 6404 6381 6405
f 6405 6406 6404
f 6407 6404 6406
f 6406 6390 6407
f 6391 6407 6390
f 6408 6397 6400
f 6396 6409 6397
f 6399 6397 6409
f 6410 6411 6412
f 6413 6412 6411
f 6411 6414 6413
f 6403 6408 6415
f 6415 6408 6400
f 6416 4017 6417
f 6418 6413 6414
f 6379 6418 6414
f 6380 6405 6381
f 6414 6378 6379
f 6419 6420 6421
f 6422 6423 6424
f 6424 6425 6426
f 6427 6419 6421
f 6428 6427 6421
f 6429 6430 6428
f 6431 6432 6433
f 6398 6395 6397
f 6434 6426 6425
f 6425 6435 6434
f 6436 6437 6438
f 6439 6438 6437
f 6440 6439 6441
f 6442 6434 6435
f 6443 6442 6435
f 6435 6410 6443
f 6412 6443 6410
f 6441 6444 6440
f 6445 6440 6444
f 6446 6447 6448
f 6449 6450 6451
f 6452 6449 6451
f 6453 6454 6448
f 6454 6446 6448
f 6455 6448 6447
f 6456 6457 6451
f 6458 6459 6451
f 6460 6452 6461
f 6462 6455 6447
f 4054 6393 6463
f 6464 6465 6448
f 6465 6453 6448
f 6466 6448 6467
f 6468 6469 6470
f 6459 6471 6451
f 6471 6472 6451
f 6472 6456 6451
f 6473 6458 6451
f 6457 6474 6451
f 6475 6476 6452
f 6476 6461 6452
f 6461 6423 6460
f 6477 6460 6423
f 6478 6477 6423
f 6479 6478 6423
f 6425 6424 6423
f 6479 6423 6422
f 6467 6448 6469
f 4041 6480 6481
f 6438 6482 6436
f 6437 6441 6439
f 6483 6484 6485
f 6486 6487 6431
f 6488 6485 6484
f 6489 6490 6491
f 6492 6489 6491
f 6493 6492 6491
f 6451 6450 6494
f 6495 6496 6383
f 6383 6497 6495
f 6498 6475 6452
f 6433 6486 6431
f 6497 6431 6487
f 6487 6499 6497
f 6499 6495 6497
f 6500 6402 6501
f 6501 6402 6401
f 6496 6384 6383
f 6502 6498 6451
f 6452 6451 6498
f 6474 6502 6451
f 5380 6417 4006
f 6473 6451 6503
f 5380 4006 4008
f 6504 6500 6420
f 4008 4009 5304
f 6402 6500 6504
f 6505 6506 6507
f 6507 6508 6505
f 6508 6451 6505
f 6494 6505 6451
f 6451 6508 6509
f 6451 6509 6510
f 6510 6503 6451
f 4009 3978 5304
f 6511 6433 6432
f 6512 6513 6514
f 6515 6511 6432
f 6516 6517 6512
f 6514 6516 6512
f 6416 6518 4017
f 6519 6515 6520
f 6408 6403 6402
f 4018 6417 4017
f 6521 6519 6520
f 6444 6521 6520
f 6520 6445 6444
f 6432 6520 6515
f 4018 4006 6417
f 6517 6522 6512
f 6513 6523 6524
f 6506 6524 6523
f 6523 6507 6506
f 6524 6514 6513
f 6491 6512 6522
f 6522 6493 6491
f 4524 6488 6484
f 6484 4520 4524
f 6525 6526 6527
f 6462 6528 6529
f 6490 6530 6491
f 6530 6483 6491
f 4043 5408 4044
f 6531 4044 5408
f 6532 6491 6483
f 4043 4042 5408
f 6533 6525 6529
f 6528 6533 6529
f 6534 6535 6483
f 6536 6534 6483
f 6485 6536 6483
f 6535 6532 6483
f 232 229 4516
f 6455 6462 6529
f 6527 6529 6525
f 6537 6538 6539
f 6526 6539 6538
f 6538 6527 6526
f 6481 5407 4041
f 6540 6436 6482
f 6539 6540 6482
f 6482 6537 6539
f 6466 6464 6448
f 6541 6542 6543
f 6544 6543 6542
f 4048 4049 6545
f 6546 6547 6542
f 6548 6549 6550
f 4055 4054 6463
f 6551 6552 6553
f 6429 6551 6554
f 6555 6556 6557
f 6558 6559 6557
f 6560 6561 6557
f 6557 6562 6560
f 6563 6564 6565
f 6566 6558 6557
f 6567 6546 6542
f 6561 6568 6557
f 6569 4049 6463
f 6547 6544 6542
f 6543 6570 6541
f 6571 6541 6572
f 6570 6572 6541
f 6572 6573 6571
f 6574 6571 6573
f 6575 6550 6549
f 6576 6549 6548
f 6552 6576 6548
f 6548 6553 6552
f 6577 6550 6575
f 6578 6550 6577
f 6553 6554 6551
f 6429 6554 6430
f 6573 6579 6574
f 6580 6574 6579
f 6579 6581 6580
f 6582 6583 6584
f 6585 6583 6582
f 6584 6586 6587
f 6588 6589 6590
f 6591 6588 6590
f 6592 6593 6591
f 6594 6595 6593
f 6592 6596 6593
f 6597 6590 6589
f 6578 6597 6589
f 6598 4040 6545
f 6599 6555 6557
f 6550 6578 6589
f 6600 6601 6562
f 6601 6560 6562
f 6559 6599 6557
f 6602 6428 6430
f 6603 6600 6562
f 6604 6603 6562
f 6605 6563 6565
f 6562 6605 6565
f 6565 6604 6562
f 6606 6565 6607
f 6608 6421 6420
f 6500 6608 6420
f 6427 6428 6602
f 6518 6392 4016
f 4016 4017 6518
f 6609 6610 6607
f 6611 6612 6613
f 6614 6611 6613
f 6585 6614 6613
f 6615 6616 6617
f 6588 6591 6593
f 4978 4983 4985
f 3323 4940 4964
f 6618 6615 6595
f 6615 6593 6595
f 6619 6620 6621
f 6621 6622 6619
f 6623 6619 6622
f 6622 6624 6623
f 6625 6623 6624
f 6626 6625 6624
f 6627 6625 6626
f 6587 6628 6629
f 6629 6625 6627
f 6630 6621 6620
f 6631 6615 6632
f 6632 6615 6633
f 5001 3323 4964
f 6634 6615 6631
f 6633 6615 6618
f 4410 3323 5004
f 5003 3323 5002
f 6635 6636 6637
f 6596 6594 6593
f 2979 2981 3000
f 6638 6639 6615
f 6634 6640 6615
f 4408 4407 2989
f 3000 2994 2979
f 2968 2975 2994
f 3353 3324 3346
f 538 534 3758
f 5714 538 3758
f 5714 5711 887
f 5714 887 538
f 5711 5709 883
f 5711 883 887
f 4931 4922 4924
f 5709 5708 882
f 5709 882 883
f 4916 4929 4931
f 5461 5715 852
f 4906 4905 4911
f 4911 4910 4913
f 852 5715 5717
f 852 5717 850
f 6641 4901 6642
f 6642 4901 6643
f 5710 5712 884
f 5710 884 885
f 6644 4901 6645
f 4897 4901 6644
f 6643 4901 4909
f 6645 4901 6641
f 4909 4908 4906
f 867 5461 852
f 5712 5713 886
f 5712 886 884
f 4900 4898 4897
f 6646 4916 4920
f 4930 4916 6646
f 6647 6648 4934
f 5467 5462 540
f 5467 540 862
f 6649 6650 6651
f 6651 6652 6653
f 6654 6655 6649
f 540 5462 5461
f 540 5461 867
f 5713 5469 888
f 5713 888 886
f 5468 5467 862
f 5468 862 889
f 6656 6657 6658
f 6659 6658 6657
f 6660 6659 6657
f 6661 6662 6660
f 6653 6652 6661
f 6663 6664 6654
f 6665 6664 6663
f 5469 5468 889
f 5469 889 888
f 907 5719 5718
f 907 5718 905
f 6666 6667 6668
f 6668 6669 6665
f 5718 5794 918
f 5718 918 905
f 5794 5795 916
f 5794 916 918
f 5795 5802 2839
f 5795 2839 916
f 5802 5732 912
f 5802 912 2839
f 6670 6671 6672
f 6673 6674 6675
f 6676 6675 6674
f 6677 6678 6670
f 6672 6679 6666
f 6648 6647 6680
f 850 5717 5725
f 850 5725 896
f 896 5725 5724
f 896 5724 920
f 920 5724 5721
f 920 5721 909
f 6681 6615 6639
f 6682 6615 6681
f 6640 6638 6615
f 5721 5719 907
f 5721 907 909
f 6683 6615 6684
f 913 5732 5734
f 6684 6615 6685
f 913 912 5732
f 6686 6615 6683
f 6687 6685 6615
f 5731 5750 932
f 932 5750 5727
f 932 5727 930
f 930 5727 5729
f 930 5729 2639
f 6615 6682 6688
f 6688 6687 6615
f 6615 6686 6689
f 5729 5749 929
f 5729 929 2639
f 6689 6616 6615
f 2122 913 5737
f 5734 5737 913
f 6690 6617 6691
f 6691 6617 6616
f 6692 6693 6690
f 5730 5731 933
f 5730 933 2125
f 932 933 5731
f 6694 6695 6692
f 5737 5740 2121
f 5737 2121 2122
f 2121 5740 5739
f 2121 5739 2119
f 2119 5739 5738
f 2119 5738 2974
f 6569 6545 4049
f 2974 5738 5730
f 2974 5730 2125
f 927 929 5748
f 5749 5748 929
f 4055 6463 4049
f 5748 5747 928
f 5748 928 927
f 5747 5746 2638
f 5747 2638 928
f 5746 5745 2640
f 5746 2640 2638
f 6480 4041 4038
f 2641 5744 931
f 4038 4040 6598
f 4038 6598 6480
f 5745 5744 2641
f 5745 2641 2640
f 2665 5759 5755
f 2665 5755 2654
f 4048 6545 4040
f 4924 4934 6648
f 4913 4917 4916
f 2654 5755 5751
f 2654 5751 2655
f 5751 5752 2653
f 5751 2653 2655
f 6658 6696 6656
f 6659 6660 6697
f 5752 5754 2651
f 5752 2651 2653
f 5754 6308 2649
f 5754 2649 2651
f 6308 5856 2657
f 6308 2657 2649
f 6698 6661 6652
f 6662 6661 6698
f 6697 6660 6662
f 6699 6656 6696
f 6696 6680 6699
f 6647 6699 6680
f 5856 5846 2659
f 5856 2659 2657
f 5846 5845 2659
f 5744 5760 931
f 6679 6672 6700
f 2123 5761 5762
f 2123 5762 2124
f 6701 6668 6667
f 6669 6668 6701
f 2665 2666 5759
f 5763 5759 2666
f 5762 5763 2666
f 5762 2666 2124
f 6702 6654 6664
f 6655 6654 6702
f 6664 6665 6669
f 931 5760 5761
f 931 5761 2123
f 6652 6651 6703
f 6703 6651 6650
f 6650 6649 6655
f 6704 6705 6706
f 6706 6705 6676
f 6678 6677 6707
f 6708 6670 6678
f 6671 6670 6708
f 6709 6672 6671
f 6710 6672 6709
f 6700 6672 6711
f 6711 6672 6710
f 6667 6666 6679
f 6673 6707 6677
f 6712 6713 6714
f 2695 5770 2690
f 6715 6713 6712
f 6714 6705 6716
f 6716 6705 6704
f 6717 6713 6715
f 5770 2689 2690
f 6718 6719 6717
f 6720 6721 6722
f 6722 6721 6718
f 6713 6717 6719
f 6705 6714 6713
f 6675 6676 6705
f 6707 6673 6675
f 6723 6724 6725
f 6726 6725 6724
f 6727 6723 6725
f 6728 6727 6725
f 6725 6729 6728
f 6730 6728 6729
f 6731 6726 6724
f 6732 6730 6729
f 6733 6732 6729
f 6734 6733 6729
f 6721 6720 6731
f 6719 6718 6721
f 6726 6731 6735
f 6735 6731 6720
f 6736 6734 6729
f 4894 4893 4892
f 4800 4895 4894
f 4892 4795 4794
f 6737 6738 4798
f 6739 6740 6737
f 6741 6740 6739
f 6742 6743 6744
f 6744 6740 6741
f 6745 6743 6742
f 4799 4798 6738
f 6746 6743 6747
f 6748 6749 6750
f 6751 6749 6752
f 6750 6743 6746
f 6752 6749 6748
f 6747 6743 6745
f 6753 6754 6755
f 6756 6755 6754
f 6757 6755 6758
f 6759 6755 6757
f 6760 6761 6759
f 6762 6763 6760
f 6764 6765 6762
f 6766 6767 6768
f 6753 6769 6770
f 6758 6755 6756
f 6768 6771 6772
f 6770 6773 6774
f 6772 6775 6751
f 6771 6768 6767
f 6749 6751 6775
f 6775 6772 6771
f 6740 6744 6743
f 6743 6750 6749
f 6738 6737 6740
f 6761 6760 6763
f 6776 6753 6777
f 6769 6753 6776
f 6763 6762 6778
f 6778 6762 6765
f 6755 6759 6779
f 6780 6753 6755
f 6779 6759 6761
f 6777 6753 6780
f 6773 6770 6769
f 6767 6766 6773
f 6764 6781 6782
f 5785 5784 2735
f 6783 6764 6782
f 6765 6764 6783
f 5789 5788 2721
f 2738 5783 2721
f 6784 6785 6786
f 6787 6788 6781
f 6789 6784 6786
f 6790 6784 6789
f 6782 6781 6791
f 6774 6773 6766
f 6792 6787 6785
f 6793 6781 6788
f 6788 6787 6792
f 6794 6784 6795
f 6796 6794 6795
f 6797 6795 6784
f 6798 6797 6784
f 6790 6798 6784
f 6787 6786 6785
f 6791 6781 6793
f 6799 6796 6795
f 5771 2695 2696
f 6800 6801 6795
f 6802 6800 6803
f 6795 6803 6800
f 6801 6804 6795
f 6804 6805 6795
f 6805 6806 6795
f 6806 6807 6795
f 6808 6809 6795
f 6809 6799 6795
f 6807 6808 6795
f 2695 5772 5770
f 6810 4891 4890
f 6811 6812 6813
f 2704 5773 2696
f 6814 6815 4881
f 6816 6814 4881
f 2709 5780 2715
f 4054 4056 6392
f 4056 4016 6392
f 6817 6637 6636
f 6636 6818 6817
f 5086 4044 6531
f 6818 6819 6817
f 6820 6817 6821
f 6819 6821 6817
f 6822 5335 3983
f 3985 3983 5335
f 6628 6587 6586
f 6625 6629 6628
f 6620 6820 6630
f 6822 3979 6823
f 3983 3979 6822
f 6824 6825 6826
f 6607 6824 6609
f 3979 4075 6827
f 3979 6827 6823
f 6828 6607 6565
f 4075 4076 6829
f 4075 6829 6827
f 4076 4080 6830
f 4076 6830 6829
f 6831 6832 6833
f 6564 6834 6565
f 6834 6828 6565
f 6826 6609 6824
f 6835 6836 6837
f 6610 6606 6607
f 6838 6839 6557
f 6568 6838 6557
f 6839 6566 6557
f 6830 4080 4082
f 6830 4082 6840
f 6586 6584 6583
f 6840 4082 4085
f 6840 4085 6841
f 6841 4085 4086
f 6841 4086 6842
f 6585 6613 6583
f 6612 6843 6613
f 4087 6844 4086
f 6842 4086 6844
f 6837 6845 6835
f 6846 6826 6825
f 6825 6837 6836
f 6836 6846 6825
f 6847 6835 6845
f 6843 6847 6845
f 6845 6613 6843
f 6542 6833 6567
f 4089 4091 6848
f 4089 6848 6849
f 6556 6831 6557
f 6833 6557 6831
f 4126 6850 6851
f 6848 4091 4092
f 6848 4092 6852
f 4092 4214 6853
f 4092 6853 6852
f 6854 6567 6833
f 6832 6854 6833
f 6855 6580 6581
f 6581 6856 6855
f 6853 4214 4125
f 6853 4125 6851
f 4126 6851 4125
f 6857 6858 6859
f 6859 6860 6857
f 6860 6861 6857
f 6861 6862 6857
f 6862 6863 6857
f 6864 6859 6858
f 6865 6857 6863
f 6866 6864 6858
f 6821 6630 6820
f 6637 6867 6635
f 6635 6867 6866
f 6863 6868 6865
f 6869 6870 6871
f 6872 6873 6865
f 6864 6866 6867
f 6868 6872 6865
f 6874 6869 6865
f 6871 6865 6869
f 6873 6874 6865
f 6875 6876 6877
f 6878 6879 6880
f 6881 6871 6870
f 6882 6881 6883
f 6870 6883 6881
f 6883 6878 6882
f 6880 6882 6878
f 6884 6885 6886
f 4126 4124 6850
f 6887 6875 6888
f 6889 6887 6888
f 6890 6889 6891
f 6888 6891 6889
f 6891 6886 6885
f 6885 6890 6891
f 6877 6888 6875
f 6879 6892 6893
f 6893 6880 6879
f 6894 6893 6892
f 6892 6884 6894
f 6886 6894 6884
f 6895 6896 6897
f 6898 6897 6896
f 6876 6895 6877
f 6899 6900 6901
f 6900 6902 6903
f 6903 6901 6900
f 4881 6810 6816
f 6904 6905 4881
f 6815 6904 4881
f 6905 6906 4881
f 6906 6907 4881
f 6907 6908 4881
f 6908 6909 4881
f 6909 6910 4881
f 6910 4882 4881
f 4869 4888 4887
f 4891 6911 4889
f 6912 6898 6899
f 6901 6912 6899
f 6913 6903 6902
f 6896 6899 6898
f 6914 6915 6916
f 6917 6918 6919
f 6920 6921 6917
f 6922 6923 6924
f 6925 6921 6926
f 6926 6921 6927
f 6928 6922 6924
f 6929 6928 6930
f 6924 6930 6928
f 6931 6921 6932
f 6933 6921 6931
f 6934 6921 6933
f 6932 6921 6920
f 6935 6921 6934
f 6927 6921 6935
f 6936 6921 6925
f 6937 6938 6936
f 4890 6816 6810
f 6813 6812 6937
f 6939 6940 6941
f 6941 6942 6939
f 6930 6939 6942
f 6943 6944 5099
f 6945 6913 6902
f 6902 6946 6945
f 6897 6877 6895
f 6940 6945 6946
f 6946 6941 6940
f 6947 6948 6949
f 6950 6951 6947
f 6952 6953 6950
f 6954 6955 4559
f 6956 6957 6958
f 6959 6958 6957
f 6960 6956 6961
f 6958 6961 6956
f 6957 6962 6959
f 6963 6949 6948
f 6964 6965 6966
f 6967 6968 6966
f 6916 6915 6967
f 6919 6918 6969
f 6969 6970 6914
f 6971 4098 6972
f 6973 2360 6262
f 6974 6975 2398
f 6168 2360 6169
f 6976 6170 6169
f 6171 6170 6976
f 6977 5009 5010
f 5007 5009 6977
f 6166 6167 6171
f 6151 2360 6168
f 6978 6263 2360
f 4095 6979 6980
f 4105 6981 6979
f 6972 4098 4095
f 6972 4095 6980
f 6982 6974 2398
f 6983 6984 2398
f 6985 6982 2398
f 6984 6261 2398
f 6975 6983 2398
f 4101 6986 6987
f 4561 6988 4563
f 6989 6990 2398
f 6990 6991 2398
f 6991 6985 2398
f 6988 6992 4563
f 4114 6993 6994
f 6995 6996 4110
f 4593 6997 4597
f 6998 6995 4110
f 6999 7000 7001
f 7002 6999 7001
f 7000 7003 7001
f 7004 7001 7003
f 7003 7005 7004
f 6981 4105 6996
f 6617 6690 6693
f 6693 6692 7006
f 7007 6694 7008
f 7007 7009 6694
f 7009 6695 6694
f 7010 6692 6695
f 7006 6692 7010
f 7011 7012 2398
f 6998 4119 7013
f 7014 7015 2398
f 7016 7017 7018
f 7019 7008 6694
f 4117 7020 7013
f 4117 7013 4118
f 7021 7014 2398
f 7022 7021 2398
f 7023 7024 7025
f 7026 4111 7027
f 7028 7018 7029
f 7029 7024 7023
f 7030 7022 2398
f 7031 7027 4113
f 4111 4113 7027
f 7032 7018 7017
f 6694 7032 7017
f 7031 4113 6994
f 4114 6994 4113
f 7019 6694 7017
f 2392 2352 7011
f 2528 2526 7033
f 2473 2471 7034
f 7035 7020 4117
f 7005 7036 7037
f 7037 7004 7005
f 7038 6850 4124
f 7039 7025 7024
f 7016 7018 7028
f 7024 7029 7018
f 7040 7041 7042
f 7043 7042 7041
f 6987 7038 4101
f 4124 4101 7038
f 2398 2403 7011
f 7036 2398 7037
f 7044 7037 2398
f 7030 2398 7036
f 7012 7044 2398
f 7045 7046 7047
f 6971 7048 4100
f 4099 4100 7048
f 7049 7047 7046
f 4100 4098 6971
f 7050 7051 7052
f 4099 7048 4102
f 6986 4102 7048
f 7042 7053 7054
f 7054 7040 7042
f 6470 7049 6468
f 7046 6468 7049
f 7055 7051 7056
f 4095 4097 6979
f 7057 7058 7059
f 7058 7060 7059
f 7060 7061 7059
f 7061 7062 7059
f 7063 7059 7062
f 7064 7065 7066
f 7067 7064 7066
f 7065 7068 7066
f 7062 7066 7068
f 7068 7063 7062
f 6979 4097 4105
f 7053 7069 7054
f 7041 7045 7043
f 7047 7043 7045
f 6470 6469 6448
f 4101 4102 6986
f 7070 7071 7054
f 7069 7070 7054
f 4114 4121 6993
f 7072 7073 7054
f 7074 7072 7054
f 7071 7074 7054
f 6996 4105 4108
f 4110 6996 4108
f 6998 4110 4119
f 4118 7013 4119
f 7075 7076 7077
f 7078 7079 7054
f 7080 7081 7054
f 7079 7082 7054
f 7083 7054 7082
f 7084 7080 7054
f 7073 7084 7054
f 7082 7085 7083
f 7085 7086 7083
f 7087 7083 7086
f 7081 7078 7054
f 7088 7087 7086
f 7089 7090 7091
f 7090 7092 7093
f 7094 7095 7096
f 7095 7097 7096
f 7098 7096 7097
f 7096 7099 7094
f 7099 7100 7101
f 7101 7094 7099
f 7102 7103 7104
f 7105 7104 7103
f 7106 7107 7108
f 7100 7102 7101
f 7104 7101 7102
f 7108 7105 7109
f 7109 7106 7108
f 7103 7109 7105
f 7110 6351 6350
f 7111 7112 7113
f 7114 7111 7113
f 7113 7115 7114
f 7116 4577 4579
f 7117 7114 7115
f 7112 7118 7113
f 7115 7119 7117
f 7107 7113 7118
f 6729 7117 7119
f 7119 6736 6729
f 7118 7120 7107
f 7120 7108 7107
f 4591 7121 4592
f 7110 7122 7123
f 7124 4592 7121
f 7124 7125 4592
f 7126 7127 7128
f 7129 7123 7130
f 7131 7130 7123
f 4562 7125 4561
f 7132 7129 7133
f 7134 6988 4561
f 7097 7135 7098
f 5575 7098 7135
f 5575 7135 5576
f 7136 5577 5576
f 7137 7138 7136
f 7137 7128 7139
f 7139 7138 7137
f 5577 7136 7138
f 4560 4563 6992
f 6992 4558 4560
f 7075 7077 7140
f 7141 6299 6301
f 7142 7143 7144
f 7143 7145 7144
f 7145 7146 7144
f 7147 7144 7148
f 7146 7148 7144
f 7149 4590 4589
f 7150 7142 7144
f 7151 7147 7152
f 7153 7150 7144
f 7141 6301 7154
f 6312 7154 6301
f 7121 4591 7149
f 6207 7154 6312
f 2709 2711 5780
f 7155 7156 7157
f 7157 7156 7158
f 7158 7156 7159
f 7160 6303 6299
f 4580 4599 7161
f 7162 7161 4599
f 7089 7091 7160
f 7159 7156 7163
f 7163 7156 7164
f 7091 6303 7160
f 7093 7091 7090
f 7165 7093 7092
f 7116 4579 4580
f 7166 7156 7167
f 7156 7168 7167
f 7169 7165 7092
f 7169 7092 7170
f 2720 5790 2724
f 7171 7172 7170
f 7169 7170 7172
f 7173 7156 7166
f 5782 2737 2724
f 7086 7174 7088
f 7175 7176 7177
f 7178 7177 7176
f 7179 7156 7180
f 7181 6352 7178
f 7177 7178 6352
f 7066 7088 7182
f 7183 7182 7088
f 7067 7066 7182
f 7174 7183 7088
f 7184 7156 7185
f 7180 7156 7184
f 7185 7156 7186
f 7164 7156 7179
f 7186 7156 7173
f 7187 7051 7188
f 7189 7052 7051
f 7188 7051 7050
f 7190 7051 7187
f 7191 7051 7190
f 7192 7051 7191
f 7051 2551 7189
f 7193 7189 2551
f 7194 7051 7192
f 7056 7051 7194
f 6257 7195 2551
f 7196 7197 7198
f 7199 7200 7201
f 7201 7200 7202
f 7203 7204 7205
f 7206 7207 2433
f 7055 7208 7051
f 2433 2432 7206
f 2722 2719 5786
f 7209 7204 7203
f 7210 7211 7205
f 7212 6948 7209
f 7213 2471 7214
f 7215 2471 7213
f 7216 2471 7215
f 7025 7039 7217
f 7218 7217 7039
f 7039 7219 7218
f 7200 7199 7219
f 7199 7218 7219
f 7220 7202 7200
f 7221 6948 7222
f 7223 6948 7221
f 7224 6948 7223
f 7225 7226 7227
f 7195 7193 2551
f 2471 2433 7207
f 7214 2471 7207
f 7228 2471 7216
f 7229 2471 7228
f 7230 2471 7229
f 7231 2471 7230
f 7232 2471 7231
f 7233 7234 2471
f 1371 1370 96
f 101 96 1370
f 1370 1782 101
f 7235 7236 7155
f 7237 7155 7211
f 7238 6948 7212
f 7222 6948 7238
f 7239 6948 7224
f 7240 6948 7239
f 6963 6948 7240
f 7204 7209 6948
f 1782 1777 101
f 24 101 1777
f 27 24 1777
f 7241 27 1777
f 7242 7243 7244
f 7245 7246 7247
f 4 7241 1777
f 96 21 1371
f 1 4 1777
f 5789 2721 5783
f 7248 7249 7250
f 2714 2722 5786
f 11 1798 17
f 10 1798 11
f 7249 7251 7252
f 8 1798 10
f 8 7 1798
f 117 1798 7
f 19 17 1798
f 14 19 1798
f 2737 5781 2735
f 7250 7253 7248
f 7252 7250 7249
f 7254 7252 7251
f 7255 7254 7251
f 7255 7251 7256
f 7257 7244 7243
f 7258 7242 7259
f 7259 7260 7258
f 7261 7245 7247
f 7168 7262 7246
f 7246 7263 7168
f 7263 7167 7168
f 1798 1354 21
f 80 14 1798
f 2689 5767 2691
f 7264 7155 7265
f 7235 7155 7264
f 7265 7155 7237
f 1353 1371 21
f 7236 7156 7155
f 7266 7267 1777
f 7267 7268 1777
f 7205 7211 7155
f 7262 7269 7246
f 733 2691 5768
f 5767 5768 2691
f 118 1798 34
f 7247 7258 7261
f 7269 7247 7246
f 733 5768 5798
f 7260 7261 7258
f 7270 7259 7242
f 7244 7270 7242
f 7243 7271 7257
f 7272 7273 7257
f 7271 7272 7257
f 7274 7275 7126
f 107 28 41
f 28 51 41
f 126 107 41
f 51 50 41
f 48 2551 50
f 41 50 2551
f 7276 7277 7278
f 5775 851 5765
f 2716 5765 851
f 122 1798 120
f 7279 7276 7280
f 7280 7281 7279
f 7282 7279 7283
f 7281 7283 7279
f 7278 7280 7276
f 5775 5774 851
f 725 851 5774
f 7284 7285 7286
f 7287 7286 7285
f 53 116 2551
f 116 115 2551
f 115 41 2551
f 7285 7288 7287
f 7283 7284 7286
f 7289 7287 7288
f 2551 1812 44
f 2551 44 31
f 2551 31 157
f 157 53 2551
f 7290 7291 7288
f 7292 7293 7294
f 7286 7282 7283
f 7293 7295 7296
f 1354 1353 21
f 21 80 1798
f 117 34 1798
f 118 120 1798
f 1812 1809 44
f 45 44 1809
f 7295 7297 7144
f 7268 1 1777
f 7277 7298 7299
f 7299 7300 7277
f 7300 7278 7277
f 7297 7301 7144
f 7301 7153 7144
f 7152 7302 7151
f 6226 6228 6227
f 7139 7128 7303
f 7303 7128 7127
f 7127 7126 7275
f 6227 6244 1027
f 1028 6239 1034
f 1034 6238 1038
f 1055 1052 6247
f 7304 6254 1038
f 7305 7306 1777
f 7307 7308 7309
f 7310 7305 1777
f 7311 7312 7299
f 1357 6247 1379
f 1071 6247 1357
f 7312 7307 7299
f 7313 7314 7307
f 1059 6247 1063
f 1063 6247 1071
f 7314 7299 7307
f 7311 7299 7298
f 7309 7313 7307
f 7274 7309 7308
f 7315 7274 7308
f 7275 7274 7315
f 1384 1379 6247
f 1055 6247 1059
f 6235 7304 1038
f 7316 7317 7318
f 7318 7319 7316
f 7320 7316 7319
f 1773 1384 7321
f 6247 7321 1384
f 7302 7318 7322
f 1777 1773 7310
f 7321 7310 1773
f 1798 122 1804
f 7317 7322 7318
f 7322 7151 7302
f 7323 7152 7147
f 7148 7323 7147
f 7144 7296 7295
f 7296 7294 7293
f 7290 7292 7294
f 7256 7257 7255
f 7273 7255 7257
f 7324 7266 1777
f 7306 7324 1777
f 122 45 1809
f 6259 6256 2551
f 1809 1804 122
f 7319 7248 7320
f 7325 7326 1890
f 7326 7327 1890
f 7327 6087 1890
f 7328 7325 1890
f 7329 7328 1890
f 7253 7320 7248
f 7289 7288 7291
f 7294 7291 7290
f 7330 7331 2166
f 1890 2166 7329
f 7331 7329 2166
f 7332 7330 2166
f 7333 7332 2147
f 1932 6081 1942
f 1925 6081 1932
f 1928 6081 1925
f 2126 6081 1928
f 6968 6967 6915
f 6811 4889 6911
f 6812 6811 6911
f 6938 6937 6812
f 6921 6936 6938
f 6918 6917 6921
f 6970 6969 6918
f 6915 6914 6970
f 1951 1942 6081
f 2145 6081 2126
f 2151 6081 2145
f 7334 6952 7335
f 6965 7335 6952
f 6952 6966 6965
f 7336 6952 7334
f 7337 6953 6952
f 6953 7338 6950
f 7337 6952 7336
f 6964 6966 566
f 7339 6966 6968
f 567 6966 7339
f 566 6966 567
f 2180 6081 2151
f 1953 1951 6081
f 6951 6950 7338
f 6948 6947 6951
f 7210 7205 7204
f 1961 1953 6081
f 2179 6081 2180
f 7340 7341 7342
f 7340 7342 7343
f 2136 1961 6081
f 6081 7333 2136
f 2147 2136 7333
f 7344 7342 7345
f 7345 7342 7341
f 2221 2195 6140
f 7346 7347 7348
f 7348 7349 7344
f 2196 2192 6140
f 2195 2196 6140
f 2192 2186 6140
f 7350 7351 7352
f 6352 7181 6350
f 7353 7351 7350
f 7354 7351 7353
f 7352 7351 7355
f 7356 7357 7358
f 7175 7359 7176
f 7360 7361 7362
f 7361 7355 7351
f 7363 7364 7365
f 7172 7171 7359
f 7358 7357 7366
f 7367 7368 7369
f 7076 7370 7371
f 7372 7371 7370
f 7373 7374 7375
f 7371 7372 7376
f 7377 7376 7372
f 7378 7379 7373
f 7380 7381 7374
f 7381 7375 7374
f 7374 7382 7380
f 7383 7380 7382
f 7384 7385 7378
f 7386 7385 7384
f 7131 7123 7122
f 7387 7388 7389
f 7387 7389 7390
f 7390 7389 7386
f 7388 7391 7389
f 7391 7392 7389
f 7393 7389 7392
f 7394 7389 7393
f 7395 7389 7394
f 7396 7389 7395
f 7397 7389 7396
f 2186 2187 6140
f 2227 2221 6140
f 2233 6112 2239
f 6112 7398 2239
f 2243 2239 7398
f 2245 2243 7398
f 2166 2147 7332
f 7398 6097 2245
f 7399 7400 7401
f 7401 7402 7399
f 7402 7403 7399
f 7403 7404 7399
f 7356 7399 7404
f 7405 7406 7356
f 7404 7405 7356
f 2266 2269 7407
f 6146 7407 2269
f 7385 7386 7389
f 7408 7389 7397
f 7397 7409 7408
f 7410 7411 2274
f 2274 2266 7410
f 7407 7410 2266
f 7400 7383 7382
f 7382 7401 7400
f 7379 7378 7385
f 7374 7373 7379
f 7412 7413 7414
f 7342 7414 7415
f 7416 7347 7346
f 2279 2274 7417
f 7411 7417 2274
f 7417 6119 2279
f 2280 2279 6119
f 6140 6109 2230
f 2187 2294 6140
f 2294 2298 6140
f 7415 7343 7342
f 7418 7419 7420
f 7420 7419 7421
f 7422 7423 7418
f 7424 7425 7422
f 7426 7427 7421
f 6150 6177 2368
f 2312 6177 2309
f 2320 2309 6176
f 2312 2368 6177
f 572 2320 6176
f 6147 569 6176
f 2269 2331 6146
f 2331 2326 6147
f 2326 569 6147
f 572 6176 569
f 7428 7429 7424
f 7430 7429 7428
f 7431 7432 7433
f 2360 6150 2367
f 2368 2367 6150
f 7433 7432 7430
f 7434 7432 7431
f 7435 7432 7434
f 7436 7432 7435
f 7437 7438 7439
f 7440 7438 7437
f 7441 7442 7440
f 2403 2392 7011
f 2352 2338 7011
f 7443 7444 4218
f 4218 4231 7443
f 4264 7443 4231
f 2526 2519 7033
f 2341 2528 7033
f 2338 2341 7033
f 2519 2513 7033
f 7033 7011 2338
f 7015 6989 2398
f 6973 6978 2360
f 7413 7415 7414
f 7342 7344 7349
f 7445 7348 7347
f 7347 7416 7446
f 7349 7348 7445
f 2422 7051 2425
f 7414 7408 7412
f 2425 7051 2440
f 7438 7440 7442
f 7447 7439 7438
f 2614 7051 2424
f 7432 7436 7447
f 7051 7208 2456
f 7429 7430 7432
f 2432 2456 7448
f 7208 7448 2456
f 7425 7424 7429
f 7232 7233 2471
f 7448 7206 2432
f 7423 7422 7425
f 7449 7450 7451
f 7234 7034 2471
f 2513 2507 7033
f 7419 7418 7423
f 7451 7442 7441
f 7452 7033 2490
f 2484 2473 7452
f 2490 2484 7452
f 2507 2490 7033
f 7034 7452 2473
f 7427 7453 7421
f 7421 7453 7416
f 7446 7416 7453
f 7426 7421 7419
f 7439 7447 7436
f 2551 7051 2555
f 7409 7412 7408
f 2558 2555 7051
f 2575 7051 2582
f 2575 2558 7051
f 2569 2582 7051
f 7454 7455 7456
f 7455 7457 7456
f 7458 7456 7457
f 7456 4219 7454
f 2570 2569 7051
f 7459 7458 7460
f 2598 7051 2588
f 2598 2570 7051
f 7460 7461 7459
f 7462 7459 7461
f 7463 7464 7462
f 2604 7051 2609
f 2456 2447 7051
f 2589 7051 2604
f 2589 2588 7051
f 2609 7051 2614
f 2447 2440 7051
f 2424 7051 2422
f 7449 7462 7464
f 7457 7460 7458
f 7450 7449 7464
f 2954 5840 2956
f 7442 7451 7450
f 7461 7463 7462
f 2932 2990 7465
f 7351 7362 7361
f 7466 7351 7354
f 7467 7363 7468
f 7469 7470 7466
f 7369 7470 7469
f 7471 5840 2937
f 2937 5840 2954
f 2956 5840 2960
f 7472 7473 7474
f 7475 7476 7473
f 7477 7478 7479
f 7480 7481 7482
f 7483 7481 7480
f 7484 7474 7483
f 7365 7468 7363
f 7472 7474 7484
f 7482 7479 7485
f 2945 2941 6324
f 2941 2944 6324
f 2963 6324 2944
f 2947 2945 6324
f 2960 6324 2963
f 7486 7475 7487
f 7488 7489 7490
f 2966 3011 2995
f 2967 2966 2995
f 2995 2992 2969
f 2969 2967 2995
f 7491 7475 7492
f 7476 7475 7491
f 7493 7492 7475
f 7489 7494 7490
f 7475 7490 7494
f 7486 7495 7475
f 7494 7487 7475
f 7495 7493 7475
f 2992 2991 2976
f 2978 2976 2991
f 7490 7496 7488
f 2980 2978 2991
f 7474 7473 7476
f 7481 7483 7474
f 7479 7482 7481
f 2988 2986 7497
f 2986 2984 2998
f 2999 2998 2984
f 2998 7497 2986
f 2982 2980 2999
f 7498 7356 7499
f 7500 7499 7356
f 7406 7500 7356
f 7357 7356 7498
f 7368 7366 7357
f 2984 2982 2999
f 2976 2969 2992
f 2991 2999 2980
f 2990 2988 7497
f 7497 7465 2990
f 7470 7369 7368
f 7351 7466 7470
f 7362 7501 7360
f 7502 7468 7501
f 7502 7503 7468
f 7468 7360 7501
f 3069 3077 4538
f 3009 3007 3033
f 3003 3055 3005
f 3036 3005 3037
f 3033 3032 3009
f 3013 3011 2966
f 4577 7504 4578
f 3026 3024 3016
f 3018 3016 3024
f 3020 3018 3022
f 3024 3022 3018
f 3016 3014 3026
f 3028 3026 3014
f 3014 3013 3028
f 2966 3028 3013
f 3032 2995 3009
f 3011 3009 2995
f 4595 4597 7505
f 7506 7505 4597
f 3005 3036 3007
f 4595 7505 4569
f 3033 3007 3036
f 7507 4991 5008
f 4992 4991 7507
f 3051 3005 3053
f 3055 3053 3005
f 3049 3005 3051
f 3047 3005 3049
f 3045 3005 3047
f 3041 3005 3043
f 3039 3005 3041
f 3043 3005 3045
f 3037 3005 3039
f 4598 7508 4599
f 3055 3003 3057
f 3059 3003 3061
f 3057 3003 3059
f 3003 3002 3061
f 3063 3061 3002
f 4925 5099 6944
f 3087 3086 4542
f 4552 4547 3083
f 4540 4925 6944
f 4559 4540 6954
f 3095 3093 4542
f 3077 3095 4542
f 4542 4538 3077
f 5011 4559 6955
f 7509 7510 4993
f 3081 3110 4557
f 7511 5008 5007
f 4557 4556 3081
f 3082 3081 4556
f 3093 3091 4542
f 4993 5011 6955
f 4993 6955 7509
f 5010 7510 6977
f 3090 3087 4542
f 3091 3090 4542
f 4547 4542 3086
f 3083 3082 4556
f 4556 4552 3083
f 3086 3083 4547
f 5007 6977 7511
f 3099 3112 4557
f 3109 3096 4557
f 3096 3099 4557
f 3107 3109 4557
f 3110 3107 4557
f 3112 3111 4557
f 3111 3104 4557
f 3104 4378 4557
f 4562 4592 7125
f 7134 4561 7125
f 3119 3117 3127
f 3113 3127 3117
f 3127 7512 3119
f 3114 3113 3117
f 3121 3119 7512
f 7512 7513 3121
f 6997 4593 7514
f 4558 7514 4593
f 7515 7516 2175
f 4558 6992 7514
f 3121 7513 2175
f 7517 7515 2175
f 3173 3196 3178
f 7130 7133 7129
f 4590 7149 4591
f 7518 7519 7520
f 7521 7227 7226
f 7370 7076 7075
f 7519 7521 7520
f 7522 7523 7524
f 7525 7140 7133
f 7132 7133 7140
f 4577 7116 7504
f 7140 7525 7075
f 7519 7518 7523
f 7526 7524 7523
f 7527 7522 7524
f 7528 7529 7527
f 7198 7197 7528
f 7202 7220 7196
f 7116 4580 7161
f 7530 7531 7532
f 4589 4578 7533
f 7534 7532 7535
f 7536 7537 7534
f 7538 7539 7540
f 7540 7541 7538
f 7542 7543 7539
f 7541 7544 7538
f 7545 7546 7547
f 7548 7546 7549
f 7539 7550 7542
f 7551 7542 7550
f 7552 7551 7550
f 7553 7554 7552
f 7555 7556 7552
f 7557 7555 7552
f 7554 7557 7552
f 7558 7176 7359
f 7559 7560 7561
f 7562 7563 7564
f 7563 7565 7564
f 7565 7566 7564
f 7566 7567 7564
f 7567 7568 7564
f 7568 7569 7564
f 7569 7570 7564
f 7570 7225 7571
f 7571 7564 7570
f 7227 7571 7225
f 7226 7520 7521
f 7526 7523 7518
f 7171 7558 7359
f 7572 7573 7574
f 7575 7572 7574
f 7574 7576 7575
f 7577 7574 7573
f 7573 7552 7577
f 7556 7577 7552
f 7578 7579 7580
f 7581 7582 7583
f 7584 7585 7586
f 7582 7586 7583
f 7587 7580 7579
f 7588 7589 7578
f 7580 7588 7578
f 7590 7587 7579
f 7591 7592 7593
f 7584 7594 7585
f 7595 7596 7597
f 7592 7561 7593
f 7598 7593 7561
f 7122 7110 6350
f 7597 7599 7595
f 7594 7591 7600
f 7601 7594 7602
f 7585 7594 7601
f 7603 5842 5840
f 5844 5842 7603
f 2933 7597 7596
f 7596 7604 2933
f 7605 7471 2933
f 7560 7559 7606
f 7606 7559 7607
f 7607 7559 7564
f 7608 7609 7610
f 3173 4356 3209
f 3173 3209 3196
f 3190 3184 3219
f 3196 3219 3184
f 3184 3178 3196
f 4371 3190 3218
f 7611 7608 7610
f 7612 7610 7609
f 7609 7613 7612
f 7614 7615 7564
f 7616 7614 7564
f 7593 7617 7591
f 7617 7600 7591
f 7600 7602 7594
f 7598 7561 7560
f 7616 7564 7559
f 7615 7562 7564
f 7513 7517 2175
f 7618 7619 7620
f 7621 7595 7599
f 7619 7622 7620
f 7620 7534 7618
f 7623 7624 7620
f 6218 6214 3230
f 7625 7612 7613
f 7613 7621 7625
f 7626 7627 7628
f 7629 7611 7610
f 6208 6204 3230
f 7622 7623 7620
f 7583 7620 7630
f 7630 7631 7583
f 7624 7630 7620
f 7631 7581 7583
f 7585 7583 7586
f 7537 7618 7534
f 7535 7536 7534
f 7531 7535 7532
f 7532 7548 7530
f 7549 7530 7548
f 7529 7528 7197
f 7522 7527 7529
f 7197 7196 7220
f 7627 7632 7628
f 7633 7634 7610
f 7634 7629 7610
f 7635 7636 7632
f 2260 6218 3230
f 4370 2260 3230
f 6214 6208 3230
f 3219 3218 3190
f 4371 3218 4370
f 3218 3226 4370
f 2260 4370 3226
f 3226 2278 2260
f 7628 7538 7626
f 7599 7625 7621
f 7544 7626 7538
f 7550 7553 7552
f 4388 4381 4564
f 7628 7632 7636
f 6359 6358 6357
f 4406 4388 4564
f 6338 6337 6355
f 4375 4406 4564
f 7637 6339 6338
f 7638 7540 7539
f 4376 4375 4564
f 7635 7639 7636
f 7610 7636 7639
f 6342 6339 7637
f 6347 6341 6340
f 4393 4392 4564
f 4392 4376 4564
f 4564 4557 4393
f 4378 4393 4557
f 7639 7640 7610
f 7640 7641 7610
f 7641 7633 7610
f 7604 7605 2933
f 7642 6376 7643
f 7643 6376 7644
f 6361 6360 6377
f 7644 6376 7645
f 6377 6376 7642
f 7645 6376 7646
f 7646 6376 7647
f 6357 6362 6361
f 6355 6354 6359
f 7647 6376 7648
f 7649 6366 6369
f 4381 4395 4564
f 4395 4400 4564
f 4400 4397 4564
f 4397 4411 4564
f 4411 4413 4564
f 4564 4413 4402
f 4564 4402 4412
f 4564 4412 4415
f 7650 6366 7649
f 7651 7652 2933
f 7652 7597 2933
f 7465 7651 2933
f 6322 6323 5840
f 2937 2933 7471
f 2933 2932 7465
f 7653 6376 6366
f 7648 6376 7653
f 7654 7655 7656
f 7657 7656 7655
f 4417 4416 4434
f 4416 4482 4434
f 4486 4417 4434
f 4437 4434 4482
f 4481 4472 4441
f 7658 7659 7649
f 7650 7649 7659
f 7660 7658 7661
f 7662 7663 7664
f 7665 7657 7666
f 7655 7666 7657
f 4439 4437 4482
f 7667 7665 7668
f 7669 7668 7665
f 7666 7669 7665
f 7670 7671 7672
f 7664 7663 7670
f 7579 7667 7673
f 7674 7675 7667
f 4439 4482 4441
f 4441 4472 4442
f 7675 7673 7667
f 7668 7674 7667
f 7676 7677 7579
f 7677 7590 7579
f 7678 7679 4463
f 7663 7662 7661
f 7661 7658 7649
f 7589 7680 7578
f 7680 7575 7576
f 7576 7578 7680
f 7543 7638 7539
f 7681 7682 7683
f 7671 7670 7663
f 7684 7685 7686
f 7662 7660 7661
f 4507 4565 4508
f 4565 4564 4508
f 7687 7688 7681
f 7683 7687 7681
f 4452 4422 4564
f 4564 4415 4452
f 3231 3230 6204
f 7682 7689 7690
f 7691 7681 7688
f 7690 7683 7682
f 7692 7693 7579
f 7673 7692 7579
f 7693 7676 7579
f 7694 7695 7696
f 7696 7695 7697
f 7697 7698 7699
f 7700 7701 7702
f 7703 7704 7705
f 7706 7704 7703
f 7707 7704 7706
f 7708 7709 4460
f 7710 7711 4460
f 7709 7710 4460
f 7712 7713 7700
f 7702 7712 7700
f 7714 7702 7701
f 7715 7714 7701
f 7699 7716 7715
f 7705 7704 7717
f 7718 7719 7720
f 7721 7719 7718
f 7722 7719 7721
f 7723 7719 7722
f 7717 7704 7723
f 7724 7725 7726
f 7720 7727 7724
f 7726 7728 7686
f 4445 7729 4507
f 4470 4467 7679
f 4463 4460 7678
f 4481 4441 4482
f 7711 7678 4460
f 4422 4508 4564
f 7730 7690 7689
f 7684 7686 7728
f 3065 3063 3073
f 3073 3071 3065
f 7689 7654 7730
f 7656 7730 7654
f 7725 7724 7727
f 7728 7726 7731
f 7685 7732 7686
f 7732 7733 7686
f 7671 7686 7733
f 7733 7734 7671
f 7734 7735 7671
f 7735 7736 7671
f 7736 7672 7671
f 4565 4507 4566
f 3067 3069 4538
f 4538 4537 3067
f 4537 3065 3071
f 3071 3067 4537
f 3002 3073 3063
f 7737 7691 7738
f 7739 7737 7738
f 7740 7738 7691
f 7738 7741 7739
f 7688 7740 7691
f 7742 7707 7743
f 7744 7707 7742
f 7743 7707 7745
f 7746 7707 7744
f 7704 7707 7746
f 3245 3242 6190
f 6198 6190 3242
f 3242 3231 6198
f 6201 6198 3231
f 6204 6201 3231
f 2215 2287 2214
f 2176 3121 2175
f 2288 2283 2214
f 7745 7747 7748
f 7748 7747 7749
f 7749 7747 7750
f 7719 7723 7704
f 7751 7708 4570
f 7727 7720 7752
f 7752 7720 7719
f 7753 7750 7747
f 7754 7715 7716
f 7755 7715 7754
f 7376 7377 7756
f 7757 7756 7377
f 7731 7726 7725
f 7716 7699 7758
f 7698 7697 7695
f 7758 7699 7698
f 7759 7760 7694
f 7761 7695 7694
f 7762 7763 7764
f 7762 7764 7765
f 7753 7747 7766
f 7763 7762 7756
f 7757 7763 7756
f 7767 7768 7747
f 7766 7747 7769
f 7747 7745 7707
f 7770 7771 7767
f 7764 7772 7773
f 7764 7773 7765
f 7774 7770 7775
f 7776 7777 7778
f 7779 7778 7777
f 7780 7775 7770
f 7781 7780 7770
f 7782 7783 7770
f 7778 7784 7785
f 7778 7785 7776
f 7786 7781 7770
f 7787 7786 7770
f 7785 7784 7788
f 7785 7788 7789
f 7788 7790 7791
f 7788 7791 7789
f 7792 7773 7793
f 7772 7793 7773
f 7794 7795 7770
f 7795 7787 7770
f 7783 7794 7770
f 7771 7770 7774
f 7768 7767 7796
f 7769 7747 7768
f 7796 7767 7771
f 7797 7798 7799
f 7797 7799 7800
f 7798 7797 7801
f 4589 7533 7149
f 7800 7799 7802
f 7800 7802 7803
f 7803 7802 7804
f 7803 7804 7805
f 7806 7807 2112
f 2112 7808 7806
f 7809 7806 7808
f 3259 7809 7808
f 3257 3259 7808
f 7810 3254 3255
f 3288 7810 3255
f 2116 3288 3255
f 7807 2113 2112
f 7805 7804 7779
f 7805 7779 7777
f 7811 7782 7812
f 7812 7782 7770
f 7813 7814 7811
f 7815 7816 7817
f 7815 7817 7818
f 7793 7815 7818
f 7793 7818 7792
f 7819 7820 7821
f 7822 7823 7801
f 7822 7801 7824
f 7533 4578 7825
f 7798 7801 7823
f 7504 7825 4578
f 7826 7827 7828
f 7829 7822 7824
f 7829 7824 7830
f 7830 7817 7829
f 7816 7829 7817
f 7506 4597 6997
f 7831 7832 7833
f 7832 7831 7834
f 7832 7834 7835
f 7505 7836 4569
f 7837 7814 7838
f 7839 7814 7840
f 7840 7814 7837
f 7841 7814 7839
f 7842 7814 7841
f 7838 7814 7813
f 7843 7814 7842
f 7844 7845 7846
f 7828 7847 7848
f 7835 7834 7849
f 7835 7849 7850
f 4569 7836 4570
f 7850 7849 7851
f 7850 7851 7852
f 7853 7854 7855
f 7856 7828 7827
f 7508 4598 7857
f 4992 7857 4598
f 7852 7851 7858
f 7852 7858 7859
f 7860 7821 7820
f 7859 7858 7861
f 7859 7861 7862
f 4992 7507 7857
f 7862 7861 7863
f 7862 7863 7864
f 7162 4599 7508
f 7848 7826 7828
f 7827 7865 7856
f 7820 7866 7860
f 7864 7863 7867
f 7864 7867 7868
f 7868 7867 7869
f 7868 7869 7870
f 7870 7869 7871
f 7870 7871 7872
f 7873 7874 7875
f 7876 7877 7878
f 4540 6944 7751
f 7872 7871 7879
f 7866 7880 7881
f 7882 7881 7878
f 7881 7860 7866
f 7883 7791 7884
f 7790 7884 7791
f 7885 7874 7873
f 7886 7874 7885
f 6954 4540 7751
f 5769 5767 2689
f 7887 7831 7833
f 7888 7889 7890
f 7888 7890 7891
f 7892 7874 7893
f 7880 7878 7881
f 7884 7889 7888
f 7884 7888 7883
f 5010 4993 7510
f 7891 7890 7887
f 7891 7887 7833
f 7894 7895 7896
f 5771 2696 5773
f 7897 5008 7511
f 7898 7899 7900
f 7898 7900 7901
f 7902 7898 7901
f 7902 7901 7903
f 5008 7897 7507
f 7904 7902 7903
f 7904 7903 7905
f 2704 725 5773
f 5774 5773 725
f 7906 7904 7905
f 7906 7905 7907
f 7908 7909 7896
f 7910 7906 7907
f 7910 7907 7911
f 2715 5780 5779
f 7909 7894 7896
f 7912 7910 7911
f 7912 7911 7913
f 7679 7678 4527
f 7679 4527 4449
f 7914 7912 7913
f 7914 7913 7915
f 4527 7678 7711
f 4527 7711 4528
f 2711 2714 5777
f 7916 7914 7915
f 7916 7915 7917
f 4528 7711 7710
f 4528 7710 4539
f 2715 5779 2716
f 5765 2716 5779
f 4539 7710 7709
f 4539 7709 5055
f 5055 7709 7918
f 5055 7918 5026
f 6054 7919 5697
f 5783 2738 2736
f 5026 7918 7920
f 5026 7920 5056
f 7921 7922 7916
f 7921 7916 7917
f 7923 7874 7924
f 7925 7874 7926
f 7926 7874 7923
f 7924 7874 7892
f 7893 7874 7886
f 5782 2724 5790
f 7919 7922 7921
f 7919 7921 5698
f 5056 7920 7927
f 5056 7927 5020
f 5698 5697 7919
f 5020 7927 7928
f 5020 7928 5021
f 2737 5782 5781
f 7929 7930 7931
f 7932 7933 7934
f 7935 7936 7937
f 5021 7928 5064
f 7938 7874 7925
f 7939 7940 7936
f 7939 7936 7935
f 4566 7729 4503
f 4566 4503 4485
f 7941 7942 7940
f 7941 7940 7939
f 7943 7944 7896
f 7944 7908 7896
f 7896 7945 7943
f 7941 7946 7947
f 7941 7947 7942
f 4521 7948 7679
f 4521 7679 4449
f 2719 5788 5786
f 7729 7949 4502
f 7729 4502 4503
f 7946 7950 7951
f 7946 7951 7947
f 4502 7949 7952
f 4502 7952 4490
f 2719 2721 5788
f 7953 7954 7955
f 7953 7955 7956
f 4490 7952 7948
f 4490 7948 4521
f 7955 7954 7957
f 7955 7957 7958
f 7959 7960 5079
f 7959 5079 5078
f 7961 7962 7963
f 7964 7963 7962
f 7960 7965 5079
f 7950 7953 7956
f 7950 7956 7951
f 7962 7966 7964
f 7967 7961 7896
f 7963 7896 7961
f 2714 5786 5777
f 7928 7968 5064
f 7958 7957 7969
f 7958 7969 7970
f 5064 7968 7971
f 5064 7971 5018
f 5785 2735 5781
f 7972 7964 7966
f 7973 7974 7896
f 7974 7967 7896
f 5018 7971 7975
f 5018 7975 5067
f 7976 7977 7969
f 7970 7969 7977
f 5067 7975 7959
f 5067 7959 5078
f 7895 7973 7896
f 7978 7931 7979
f 7980 7981 7966
f 7982 7983 7980
f 7984 7985 7982
f 7965 5081 5079
f 7977 7976 7986
f 7977 7986 7987
f 7965 7988 5082
f 7965 5082 5081
f 7875 7874 7878
f 7931 7989 7938
f 7990 7878 7874
f 7991 7987 7986
f 7991 7986 7992
f 7988 7993 5082
f 7899 7991 7992
f 7899 7992 7900
f 7994 7848 7847
f 7995 7865 7996
f 5771 5772 2695
f 7997 7998 7999
f 7997 7999 7879
f 7847 7844 7994
f 7846 7994 7844
f 7821 7853 8000
f 7999 7998 8001
f 7999 8001 8002
f 7843 7846 7845
f 8002 8001 8003
f 8004 8005 5110
f 7937 8006 8007
f 7937 8007 8008
f 7936 8006 7937
f 7855 8000 7853
f 7865 7855 7854
f 7854 8009 7865
f 8009 7996 7865
f 7856 7865 7995
f 7845 7814 7843
f 7782 7811 7814
f 8010 8002 8003
f 5770 5769 2689
f 8007 8010 8003
f 8007 8003 8008
f 7871 7997 7879
f 7882 7878 7877
f 8000 7819 7821
f 8011 8012 8013
f 8011 8013 8014
f 8015 8016 8012
f 8015 8012 8011
f 5780 2711 5776
f 8017 8018 8016
f 8017 8016 8015
f 4115 7026 4116
f 7035 4116 7026
f 5776 2711 5777
f 8019 8018 8017
f 8019 8017 8020
f 4115 4111 7026
f 7933 8021 7934
f 7930 7929 8022
f 8022 7929 8023
f 2736 5784 5783
f 7979 7931 7930
f 8023 7929 8021
f 7934 8021 7929
f 2861 8024 2781
f 8025 7938 7989
f 7035 4117 4116
f 8026 8027 8028
f 8026 8028 8029
f 8030 7938 8025
f 7989 7931 7978
f 8026 8014 8027
f 8013 8027 8014
f 2736 2735 5784
f 7874 7938 8030
f 2861 8031 8032
f 2861 8032 8024
f 8033 8034 4176
f 8033 4176 4132
f 8031 8035 8036
f 8031 8036 8032
f 8037 8033 4132
f 8037 4132 4134
f 7876 7878 7990
f 8035 8038 8039
f 8035 8039 8036
f 8040 4130 4131
f 8040 4131 8041
f 8038 2904 2902
f 8038 2902 8039
f 8041 4131 4176
f 8041 4176 8034
f 8042 8037 4134
f 8042 4134 4137
f 8019 8020 2824
f 8043 2824 8020
f 5075 8042 4137
f 8044 8045 8046
f 8045 8047 8046
f 8047 8048 8046
f 8049 8046 8048
f 8043 2742 2824
f 8048 8050 8051
f 8051 8049 8048
f 8052 8053 8054
f 8052 8054 8055
f 8056 8057 8052
f 8056 8052 8055
f 8050 8058 8051
f 8059 8051 8058
f 8054 8053 8060
f 8054 8060 8061
f 8062 8063 8058
f 8056 8029 8057
f 8028 8057 8029
f 8004 5110 5111
f 8064 8065 8062
f 8060 8066 8061
f 8067 8068 8069
f 8070 8071 8064
f 8072 8071 8070
f 8073 8067 8069
f 8073 8069 8074
f 8073 8074 8075
f 8076 8077 8078
f 8076 8078 8079
f 8080 8073 8075
f 8077 8080 8075
f 8077 8075 8078
f 2720 2723 5790
f 8081 8076 8079
f 8081 8079 8082
f 8066 8081 8082
f 8066 8082 8083
f 5790 2723 5787
f 8066 8083 8061
f 5778 5787 2723
f 5778 2723 2710
f 2760 2758 5726
f 2760 5726 5716
f 8084 8085 8086
f 8084 8086 8087
f 2760 5716 5766
f 2760 5766 2717
f 8088 8084 8087
f 8088 8087 8089
f 8090 8088 8089
f 8090 8089 8068
f 2717 5766 5764
f 2717 5764 2748
f 8067 8090 8068
f 2748 5764 5778
f 2748 5778 2710
f 2759 908 5722
f 2759 5722 5723
f 5726 2758 2759
f 5726 2759 5723
f 919 2767 5792
f 919 5792 5796
f 2774 919 5796
f 2774 5796 5791
f 906 2774 5791
f 906 5791 5720
f 4157 8091 8092
f 5722 908 906
f 5722 906 5720
f 8086 8085 8093
f 5678 5653 666
f 5678 666 547
f 666 5653 5650
f 666 5650 713
f 713 5650 5675
f 713 5675 706
f 706 5675 5681
f 706 5681 785
f 785 5681 5706
f 785 5706 817
f 817 5706 5699
f 817 5699 2800
f 8094 4143 8095
f 2800 5699 5831
f 733 5798 2685
f 8096 4141 8097
f 2685 5798 5678
f 2685 5678 547
f 5800 2814 2818
f 5800 2818 5801
f 8096 8098 4141
f 5807 2813 2814
f 5807 2814 5800
f 2815 2813 5807
f 2815 5807 5806
f 2822 2815 5806
f 2822 5806 5809
f 8095 4143 8099
f 2821 2822 5809
f 2821 5809 5808
f 4146 8100 8101
f 8100 4146 8102
f 4148 8102 4146
f 8103 8104 8105
f 8103 8105 8106
f 5803 2856 5811
f 8106 8107 8103
f 8108 8103 8107
f 5803 5801 2856
f 2818 2856 5801
f 2820 2821 5808
f 2820 5808 5810
f 6993 4121 8109
f 8110 8108 8107
f 917 2820 5810
f 917 5810 5793
f 4151 8111 8109
f 5793 5792 917
f 2767 917 5792
f 4151 8112 8111
f 8093 8113 8114
f 4154 8115 8116
f 8086 8093 8114
f 4154 8117 8115
f 8118 8119 8120
f 8120 8121 8104
f 8105 8104 8121
f 4157 8092 8117
f 8122 8123 8124
f 8091 4156 8125
f 8123 8122 8126
f 8123 8126 8127
f 4156 4139 8098
f 4156 8098 8125
f 8127 8126 8128
f 8129 8128 8126
f 4139 4141 8098
f 8130 8131 8128
f 8130 8128 8129
f 4147 4144 8099
f 8101 8099 4144
f 8131 8130 8132
f 8133 8132 8130
f 2855 5811 2856
f 4142 4143 8094
f 4160 8134 8135
f 8136 8137 8132
f 8136 8132 8133
f 4141 4161 8097
f 8137 8136 8138
f 8139 8138 8136
f 4161 4159 8135
f 4161 8135 8097
f 8140 8138 8139
f 2868 2869 5815
f 8121 8120 8119
f 4160 8135 4159
f 8140 8119 8118
f 2630 5743 2874
f 4142 8094 4160
f 8134 4160 8094
f 5743 2873 2874
f 4143 4147 8099
f 8101 4144 4146
f 8110 8107 8141
f 8142 8110 8141
f 8142 8141 8143
f 8143 8144 8142
f 8113 8142 8144
f 4121 4152 8109
f 5735 5733 915
f 8114 8113 8144
f 8109 4152 4151
f 911 910 5813
f 4151 4149 8112
f 4150 8145 4149
f 8112 4149 8145
f 5733 5818 914
f 4154 8116 4153
f 2840 911 5813
f 8117 4154 4158
f 4153 8116 4150
f 8145 4150 8116
f 5805 2854 2843
f 8124 8146 8122
f 8117 4158 4157
f 2853 2854 5805
f 4155 8091 4157
f 5811 2855 2853
f 4155 4156 8091
f 5815 5814 2868
f 4148 4166 8102
f 8147 8102 4166
f 4166 4165 8148
f 4166 8148 8147
f 8149 8140 8139
f 4165 4164 8150
f 4165 8150 8148
f 2872 5817 2869
f 4164 4162 8151
f 4164 8151 8150
f 8149 8119 8140
f 4162 4163 8152
f 4162 8152 8151
f 4163 4167 8153
f 4163 8153 8152
f 5830 5832 8154
f 5830 8154 8155
f 8154 5832 8156
f 8154 8156 8157
f 4130 8040 4167
f 8153 4167 8040
f 2872 2873 5817
f 5735 915 5736
f 2870 5736 915
f 8156 8158 8159
f 8156 8159 8157
f 8160 4172 8161
f 8159 8158 8162
f 8159 8162 8163
f 2871 5814 2870
f 4170 8164 8161
f 4170 8161 4169
f 8165 8166 8167
f 914 915 5733
f 8166 8165 8168
f 8166 8168 8169
f 8164 4170 8170
f 4171 8170 4170
f 5813 910 5818
f 8168 8171 8172
f 8168 8172 8169
f 8173 8170 4171
f 8173 4171 4174
f 8172 8171 8174
f 8172 8174 8175
f 8176 8173 4174
f 8176 4174 4173
f 910 914 5818
f 8177 8176 4173
f 8177 4173 4175
f 2840 5813 5812
f 8178 8177 4175
f 8178 4175 4178
f 2843 2840 5812
f 2843 5812 5816
f 8179 8180 8181
f 4172 8160 8182
f 2843 5816 5805
f 8174 8183 8184
f 8174 8184 8175
f 4169 8161 4172
f 8183 8185 8186
f 8183 8186 8184
f 2853 5805 5804
f 8187 8178 4178
f 8187 4178 4177
f 8179 8181 8185
f 8186 8185 8181
f 5804 5811 2853
f 4177 4168 8188
f 8180 8189 8181
f 4177 8188 8187
f 8190 8188 4168
f 8190 4168 4129
f 8191 8192 8180
f 8189 8180 8192
f 8193 8190 4129
f 8193 4129 4128
f 2871 2868 5814
f 8193 4128 4145
f 8193 4145 8194
f 8192 8191 8195
f 8192 8195 8196
f 5736 2870 5814
f 8163 8162 8197
f 8163 8197 8198
f 5815 2869 5819
f 8199 4181 4180
f 8199 4180 8200
f 8198 8197 8201
f 8198 8201 8202
f 5817 5819 2869
f 8203 8165 8167
f 8200 4180 4184
f 8200 4184 8204
f 8201 8203 8167
f 8201 8167 8202
f 4184 4207 8205
f 4184 8205 8204
f 8206 8207 8208
f 8206 8208 8209
f 5742 2873 5743
f 8208 8207 8210
f 8208 8210 8211
f 8205 4207 4211
f 5817 2873 5742
f 8211 8210 8212
f 8211 8212 8213
f 4195 8214 8215
f 5831 2876 2800
f 8216 8217 8213
f 8216 8213 8212
f 8214 4195 4185
f 8214 4185 8218
f 2876 5831 5823
f 2876 5823 2877
f 8218 4185 4186
f 8218 4186 8219
f 5823 5822 2892
f 5823 2892 2877
f 4183 8220 8219
f 4183 8219 4186
f 5822 5821 2893
f 5822 2893 2892
f 8221 8222 8223
f 8221 8223 8224
f 4183 4181 8199
f 4183 8199 8220
f 8223 8222 8225
f 8223 8225 8226
f 8227 4192 4191
f 8227 4191 8228
f 5821 5824 2894
f 5821 2894 2893
f 8226 8225 8206
f 8226 8206 8209
f 2884 5824 5825
f 8229 8196 8230
f 8195 8230 8196
f 8228 4191 4196
f 8228 4196 8231
f 2884 2894 5824
f 8230 8232 8233
f 8230 8233 8229
f 4196 4194 8234
f 4196 8234 8231
f 5825 5826 2880
f 5825 2880 2884
f 8233 8232 8235
f 8233 8235 8236
f 4190 8237 8238
f 5826 5827 2879
f 5826 2879 2880
f 8227 8237 4192
f 4190 4192 8237
f 5827 5828 811
f 5827 811 2879
f 8239 8240 8221
f 8239 8221 8224
f 4193 4195 8215
f 8241 8236 8242
f 8235 8242 8236
f 5828 5829 801
f 5828 801 811
f 8234 4194 4193
f 8234 4193 8215
f 8241 8242 8240
f 8241 8240 8239
f 5830 8155 5829
f 801 5829 8155
f 2810 4197 2823
f 8217 8216 8243
f 8244 8243 8216
f 8244 8245 8246
f 8244 8246 8243
f 4197 4188 8238
f 4197 8238 2823
f 2630 5741 5820
f 8245 8247 8248
f 8245 8248 8246
f 4188 4190 8238
f 5820 5743 2630
f 8249 8250 8251
f 8249 8251 8252
f 4203 4089 6849
f 4203 6849 8253
f 8247 8250 8249
f 8247 8249 8248
f 4211 8254 8205
f 8251 8255 8256
f 8251 8256 8252
f 4201 4203 8253
f 4201 8253 8257
f 5834 2667 2652
f 5834 2652 5849
f 2656 2667 5834
f 2656 5834 5835
f 4201 8257 4211
f 8254 4211 8257
f 8255 8258 8259
f 8255 8259 8256
f 5835 5836 2656
f 2675 2656 5836
f 4204 4212 8260
f 8258 8261 8262
f 8258 8262 8259
f 2935 2675 5836
f 2935 5836 5847
f 8262 8261 8263
f 8262 8263 8264
f 2934 2935 5847
f 2934 5847 5837
f 4202 8265 8260
f 4202 8260 4212
f 2938 2934 5837
f 2938 5837 5838
f 8266 8267 8263
f 8264 8263 8267
f 2940 2938 5838
f 2940 5838 5833
f 8265 4202 8268
f 4216 8268 4202
f 2120 2940 5833
f 2120 5833 5741
f 8269 8270 4225
f 2630 2120 5741
f 8271 8272 8273
f 8274 8273 8272
f 4210 8275 8268
f 4210 8268 4216
f 8276 8273 8274
f 8276 8274 8277
f 8278 8275 4210
f 8278 4210 4215
f 8272 8271 8279
f 8272 8279 8280
f 8270 8278 4215
f 8270 4215 4224
f 8280 8279 8281
f 8280 8281 8282
f 3352 3353 5839
f 3352 5839 5841
f 8270 4224 4225
f 3322 3352 5841
f 3322 5841 5842
f 8283 8282 8281
f 8284 8269 4225
f 8284 4225 4209
f 2953 3322 5842
f 2953 5842 5843
f 8285 8284 4209
f 8285 4209 4208
f 8277 8267 8266
f 8286 8285 4208
f 8286 4208 4189
f 5851 2970 2971
f 5851 2971 5852
f 8277 8266 8276
f 8287 8286 4189
f 8287 4189 4198
f 5850 2972 2970
f 5850 2970 5851
f 3342 8288 8289
f 5753 2650 2972
f 5753 2972 5850
f 8290 8287 4198
f 8291 8292 4405
f 8291 4405 8293
f 5848 2973 2650
f 5848 2650 5753
f 8294 8295 4112
f 8294 4112 4122
f 8288 8292 8291
f 8288 8291 8296
f 5848 5849 2973
f 2652 2973 5849
f 4405 2950 2949
f 4405 2949 8293
f 8297 8294 4122
f 8297 4122 4123
f 2957 2953 5843
f 2957 5843 5855
f 8288 8296 8289
f 8298 8297 4123
f 8298 4123 4241
f 2958 2957 5855
f 2958 5855 5758
f 8299 3342 8289
f 8299 8289 6321
f 4275 8300 8301
f 4275 8301 4120
f 2961 2958 5758
f 2961 5758 5757
f 8302 8299 6321
f 8302 6321 6320
f 8303 8300 4275
f 2964 2961 5757
f 2964 5757 5756
f 3345 8302 6320
f 3345 6320 8304
f 4120 8301 8298
f 4120 8298 4241
f 5854 2660 2964
f 5854 2964 5756
f 3339 3345 8304
f 3339 8304 8305
f 8306 8307 4252
f 8306 4252 4251
f 5853 2658 2660
f 5853 2660 5854
f 8308 3339 8305
f 8308 8305 8309
f 4273 8310 8311
f 2971 2658 5853
f 2971 5853 5852
f 8308 8309 8312
f 8308 8312 8313
f 8307 8310 4273
f 8307 4273 4252
f 5845 2951 2659
f 8313 8312 8314
f 8313 8314 8315
f 8316 8306 4251
f 8316 4251 4107
f 5845 5844 2952
f 5845 2952 2951
f 8314 8317 8318
f 8314 8318 8315
f 5844 7603 4949
f 5844 4949 2952
f 4273 8311 4272
f 8317 8319 8320
f 8317 8320 8318
f 7603 5840 4949
f 8321 8316 4107
f 8321 4107 4257
f 8319 8322 8323
f 8319 8323 8320
f 8283 8281 8324
f 8325 8321 4257
f 8325 4257 4104
f 8322 8326 8327
f 8322 8327 8323
f 8328 8283 8324
f 8328 8324 6318
f 8329 8325 4104
f 8329 4104 4096
f 3340 8328 6318
f 3340 6318 6316
f 8330 8329 4096
f 8330 4096 4260
f 3338 3340 6316
f 3338 6316 6315
f 8331 8332 8333
f 8331 8333 8334
f 8335 8330 4260
f 8335 4260 4093
f 3343 3338 6315
f 3343 6315 6319
f 8334 8333 8336
f 8334 8336 8337
f 3341 3343 6319
f 3341 6319 6324
f 8335 4093 4090
f 8335 4090 8338
f 8337 8336 8339
f 8337 8339 8340
f 3344 3341 6324
f 3344 6324 6323
f 8338 4090 4265
f 8338 4265 8341
f 8340 8339 8342
f 8340 8342 8343
f 3346 3344 6323
f 3346 6323 6322
f 4265 4266 8344
f 4265 8344 8341
f 8343 8342 8345
f 8343 8345 8346
f 6322 5839 3346
f 3353 3346 5839
f 4204 8347 8348
f 4204 8348 4213
f 6325 6344 3389
f 8260 8347 4204
f 8326 8349 8350
f 8326 8350 8327
f 4213 8348 8344
f 4213 8344 4266
f 6344 6346 8351
f 6344 8351 3389
f 8352 8353 8354
f 8352 8354 8355
f 4274 8303 4275
f 8349 8353 8352
f 8349 8352 8350
f 3365 6346 6349
f 4109 8356 8303
f 4109 8303 4274
f 8355 8354 8357
f 8355 8357 8358
f 6346 3365 8351
f 4271 8359 8356
f 4271 8356 4109
f 8332 8331 8357
f 8358 8357 8331
f 4272 8311 8359
f 4272 8359 4271
f 3363 3365 6348
f 6349 6348 3365
f 8360 8361 8362
f 8360 8362 8363
f 6348 3547 3361
f 6348 3361 3363
f 8361 8364 8365
f 8361 8365 8362
f 3361 3547 3544
f 3361 3544 3368
f 8365 8364 8366
f 8365 8366 8367
f 3544 3538 3366
f 3544 3366 3368
f 8194 4145 8368
f 4286 8368 4145
f 4022 3376 3538
f 3366 3538 3376
f 4285 8369 8368
f 4285 8368 4286
f 8370 8371 8372
f 8370 8372 8373
f 4140 8374 8369
f 4140 8369 4285
f 8366 8370 8373
f 8366 8373 8367
f 3374 3376 4022
f 4280 8375 8374
f 4280 8374 4140
f 8376 8377 8378
f 3393 4013 8379
f 8377 8376 8380
f 4022 4021 3374
f 8375 4280 8381
f 4284 8381 4280
f 8382 8372 8383
f 8371 8383 8372
f 3374 4021 6353
f 3374 6353 3387
f 8384 4112 8295
f 8385 8376 8378
f 3387 6353 4014
f 3387 4014 3385
f 4283 8386 8381
f 4283 8381 4284
f 8387 8385 8378
f 8387 8378 8388
f 3385 4014 4013
f 3385 4013 3393
f 8389 8386 4283
f 8389 4283 4292
f 8383 8387 8388
f 8383 8388 8382
f 4013 4011 8379
f 8384 8389 4292
f 8384 4292 4242
f 8363 8346 8360
f 8345 8360 8346
f 4011 4010 8390
f 4011 8390 8379
f 8384 4242 4112
f 4010 4004 8391
f 4010 8391 8390
f 8376 8392 8380
f 4004 6363 3445
f 4004 3445 8391
f 8380 8392 8393
f 8380 8393 8394
f 6363 4002 3444
f 6363 3444 3445
f 8395 4039 3890
f 8395 3890 8396
f 8394 8393 8397
f 8394 8397 8398
f 4294 4295 8399
f 4294 8399 8400
f 8398 8397 8401
f 8398 8401 8402
f 4002 4000 3412
f 4002 3412 3444
f 4295 4314 8403
f 4295 8403 8399
f 8402 8401 8404
f 8402 8404 8405
f 4000 6387 3413
f 4000 3413 3412
f 3890 4294 8400
f 3890 8400 8396
f 8406 8407 8408
f 8406 8408 8409
f 8410 8403 4313
f 4314 4313 8403
f 3420 3456 6381
f 3420 6381 6404
f 8408 8411 8412
f 8408 8412 8409
f 4313 4312 8413
f 4313 8413 8410
f 6407 3421 3420
f 6407 3420 6404
f 8414 8405 8415
f 8404 8415 8405
f 6391 3417 3421
f 6391 3421 6407
f 8414 8415 8407
f 8414 8407 8406
f 3410 3417 6391
f 3410 6391 6385
f 4312 4311 8416
f 4312 8416 8413
f 8411 8417 8418
f 8411 8418 8412
f 3410 6385 3999
f 4311 4309 8419
f 4311 8419 8416
f 6381 3456 3455
f 6381 3455 6374
f 8417 8420 8421
f 8417 8421 8418
f 4307 4302 8422
f 4307 8422 8423
f 6387 6390 3442
f 6387 3442 3413
f 8420 8424 8425
f 8420 8425 8421
f 8422 4302 4136
f 8422 4136 8426
f 6390 6406 3418
f 6390 3418 3442
f 8424 8427 8425
f 8426 4136 4305
f 8426 4305 8428
f 3418 6406 6405
f 3418 6405 3419
f 8424 8429 8427
f 6405 6380 3457
f 6405 3457 3419
f 3457 6380 6375
f 3457 6375 3465
f 4307 8423 4308
f 8429 8430 8431
f 8429 8431 8427
f 6375 6371 3462
f 6375 3462 3465
f 8430 2183 8432
f 8430 8432 8431
f 4310 8433 8419
f 4310 8419 4309
f 6370 6373 3473
f 6370 3473 3463
f 8432 2183 8434
f 8432 8434 8435
f 8436 8433 4310
f 8436 4310 4308
f 8423 8436 4308
f 3462 6370 3463
f 4087 4315 8437
f 4087 8437 6844
f 3127 3129 7512
f 3462 6371 6370
f 4039 8395 4315
f 8437 4315 8395
f 3129 8438 7513
f 3129 7513 7512
f 6373 6378 3474
f 6373 3474 3473
f 4316 4317 8439
f 4316 8439 8440
f 8441 8435 8442
f 8434 8442 8435
f 3489 3474 6414
f 6378 6414 3474
f 8441 8442 8443
f 8441 8443 8444
f 4318 4316 8440
f 4318 8440 8445
f 6414 6411 3484
f 6414 3484 3489
f 8444 8443 7516
f 8444 7516 8446
f 8447 8439 4319
f 4317 4319 8439
f 6411 6410 3517
f 6411 3517 3484
f 8446 7516 7515
f 8446 7515 8448
f 7741 8449 7739
f 7759 7739 8449
f 8449 7760 7759
f 7761 7694 7760
f 4575 7708 4583
f 4572 4570 7708
f 3483 3485 6412
f 3483 6412 6413
f 4584 4583 7708
f 3488 3483 6413
f 3488 6413 6418
f 6182 4584 7708
f 3490 3488 6418
f 3490 6418 6379
f 3464 3490 6379
f 3464 6379 6372
f 6372 6374 3464
f 3455 3464 6374
f 7713 8450 8451
f 8452 8451 8450
f 8453 8454 8455
f 8450 8456 8452
f 8457 8458 8459
f 8460 8453 8461
f 7714 7715 8462
f 8463 8464 8455
f 8451 7700 7713
f 8462 7715 8465
f 8465 7715 7755
f 4460 4457 7708
f 3514 3517 6435
f 6410 6435 3517
f 8466 8467 8468
f 6426 4604 3525
f 6426 3525 6424
f 8469 8452 8456
f 3524 6479 6422
f 6190 6189 4454
f 4454 3245 6190
f 4455 4454 7708
f 3525 3524 6422
f 3525 6422 6424
f 8456 8455 8464
f 8464 8469 8456
f 3512 4604 6426
f 3512 6426 6434
f 3513 3512 6442
f 7134 7125 6955
f 7121 6955 7124
f 7134 6955 6988
f 7124 6955 7125
f 6988 6955 6992
f 6442 3512 6434
f 8454 8453 8460
f 3518 3513 6442
f 3518 6442 6443
f 8461 8453 8458
f 6443 6412 3518
f 3485 3518 6412
f 6435 6425 3515
f 6435 3515 3514
f 8459 8470 8457
f 8471 8457 8470
f 8472 8471 8470
f 7121 7825 6955
f 3526 6423 6461
f 3526 6461 4602
f 7161 6955 7116
f 7162 6955 7161
f 4609 4614 6450
f 4609 6450 6449
f 8459 8458 8453
f 4603 4609 6449
f 4603 6449 6452
f 8473 8455 8474
f 8474 8455 8454
f 8463 8455 8473
f 4601 4603 6452
f 4601 6452 6460
f 7533 7121 7149
f 7825 7121 7533
f 7504 6955 7825
f 7116 6955 7504
f 7514 6992 6954
f 4605 4601 6460
f 4605 6460 6477
f 8475 8476 8477
f 8478 8477 8476
f 8479 8480 8476
f 8480 8478 8476
f 6478 3530 4605
f 6478 4605 6477
f 6997 6954 7506
f 6479 3531 3530
f 6479 3530 6478
f 6997 7514 6954
f 8481 8482 8483
f 8483 8475 8481
f 8477 8481 8475
f 3524 3531 6479
f 4606 6476 6475
f 4606 6475 4607
f 7505 7506 7751
f 7836 7505 7751
f 7751 4570 7836
f 4575 4572 7708
f 6498 6502 4610
f 6498 4610 4608
f 7511 6977 7897
f 6502 6474 4610
f 6475 6498 4608
f 6475 4608 4607
f 6461 6476 4606
f 6461 4606 4602
f 8484 8485 8486
f 6944 6943 8486
f 6474 4611 4610
f 7751 7506 6954
f 6474 6457 4611
f 3526 3515 6423
f 6425 6423 3515
f 6977 7510 7897
f 7507 7897 7510
f 7510 7509 7507
f 7857 7507 7509
f 7509 6955 7857
f 7508 7857 6955
f 6954 6992 6955
f 7162 7508 6955
f 6517 4663 4664
f 6517 4664 6522
f 6516 4618 4663
f 6516 4663 6517
f 4616 4618 6516
f 4616 6516 6514
f 4457 4455 7708
f 6189 6182 4454
f 7708 4454 6182
f 4619 4616 6514
f 4619 6514 6524
f 4620 6524 6506
f 6524 4620 4619
f 4623 4620 6506
f 4623 6506 6505
f 8487 7927 7708
f 4624 4623 6505
f 4624 6505 6494
f 7920 7708 7927
f 6494 6450 4624
f 4614 4624 6450
f 7927 8487 7928
f 4566 4507 7729
f 7729 4445 7949
f 7918 7708 7920
f 4467 4463 7679
f 4472 4470 7679
f 4442 4472 7679
f 4445 4442 7679
f 7948 4445 7679
f 7952 4445 7948
f 7949 4445 7952
f 7959 8488 7960
f 7928 8487 7968
f 7968 8489 7971
f 7971 8489 7975
f 8488 8490 7965
f 7965 7960 8488
f 7975 8489 7959
f 7988 7965 8490
f 7709 7708 7918
f 8491 8492 8493
f 8004 8491 8494
f 8494 8495 8004
f 8496 8497 8492
f 8498 8499 8500
f 8499 8501 8500
f 8502 8500 8501
f 8493 8494 8491
f 8497 8493 8492
f 8503 8496 8492
f 8501 8504 8502
f 8505 8506 8507
f 8506 8508 8507
f 8509 8507 8508
f 8510 8509 8508
f 8510 8511 8509
f 8507 8512 8505
f 8504 8505 8512
f 8512 8502 8504
f 8513 8514 8515
f 5123 5124 8501
f 8516 8509 8517
f 8511 8517 8509
f 5096 5110 8005
f 8517 8518 8516
f 8005 5097 5096
f 8518 8519 8516
f 8519 8520 8516
f 8521 8516 8520
f 8520 8513 8521
f 8515 8521 8513
f 6943 5099 5098
f 5123 8499 5121
f 5128 5130 8492
f 8522 8515 8523
f 5111 5128 8492
f 5111 8492 8491
f 8498 8500 5121
f 8524 8525 8496
f 8524 8496 8526
f 8527 8526 8496
f 8525 8528 8496
f 8529 8496 8528
f 8530 8527 8496
f 8531 8496 8529
f 8532 8533 8531
f 8503 8530 8496
f 8005 8004 8495
f 5122 8502 5125
f 5163 8504 5124
f 2718 8534 143
f 8535 143 8534
f 8534 8523 8535
f 8536 8537 8523
f 8514 8523 8515
f 8536 8523 8514
f 8537 8538 8523
f 8538 8535 8523
f 8489 7968 8487
f 7708 7751 8486
f 8485 8005 8495
f 8495 8486 8485
f 6943 8484 8486
f 7751 6944 8486
f 8539 8532 8540
f 8541 8542 8532
f 8543 8541 8532
f 8532 8522 8523
f 8523 8543 8532
f 8544 8545 2718
f 8545 8534 2718
f 8546 8544 2718
f 8547 8548 2718
f 8549 2718 8548
f 8550 8551 2718
f 8552 2718 8553
f 8554 2718 8552
f 8555 2718 8554
f 8556 2718 8557
f 8515 5279 5212
f 8555 8558 2718
f 8558 8547 2718
f 8559 2718 8560
f 8561 2718 8559
f 8562 2718 8561
f 8549 8560 2718
f 2718 8562 8563
f 2718 8563 8564
f 2718 8564 8565
f 8565 8557 2718
f 2718 8556 8546
f 8542 8540 8532
f 8533 8532 8566
f 8566 8532 8539
f 8496 8531 8533
f 5150 5149 8509
f 5125 8502 5161
f 8567 7993 8568
f 8506 5164 5151
f 8569 8570 7993
f 8570 8571 7993
f 8571 8568 7993
f 8568 8572 8567
f 8573 8567 8572
f 8572 8574 8573
f 8575 8576 7988
f 8576 8569 7988
f 8574 8577 8573
f 8578 8575 7988
f 8579 7959 8489
f 8488 7959 8579
f 8580 8581 7988
f 5164 8506 5162
f 8505 5162 8506
f 8582 8583 8584
f 8585 8582 8584
f 8583 8586 8587
f 8587 8584 8583
f 7993 7988 8569
f 8581 8578 7988
f 8490 8580 7988
f 8505 8504 5162
f 5163 5162 8504
f 8588 8587 8586
f 8589 8590 8584
f 8584 8591 8589
f 8592 8585 8584
f 8593 8594 8591
f 5211 8513 5167
f 8595 8593 8591
f 8596 8597 8598
f 8599 8598 8597
f 5167 8519 5168
f 8594 8589 8591
f 8595 7547 8600
f 5207 5168 8519
f 8597 8601 8602
f 8577 8602 8601
f 8601 8573 8577
f 8603 8604 8605
f 8606 8605 8607
f 8608 8609 8046
f 8609 8044 8046
f 8610 8608 8046
f 8586 8611 8588
f 8612 8610 8046
f 8613 8612 8046
f 8614 8613 8046
f 8615 7943 7945
f 8616 8617 7984
f 8618 8619 8620
f 8619 8621 8620
f 8621 8622 8620
f 7503 8620 8622
f 7503 8622 8623
f 7467 7468 8624
f 7503 8623 8624
f 8624 7468 7503
f 7496 7365 7364
f 7364 8625 7496
f 8625 7488 7496
f 7366 7368 7367
f 5212 5210 8515
f 8626 8627 8628
f 8629 8630 8626
f 8631 8632 8633
f 7485 7479 7478
f 8634 8628 8635
f 7479 8634 7477
f 8635 7477 8634
f 8627 8635 8628
f 8636 8633 8632
f 8633 8637 8631
f 5150 8509 5169
f 8632 8638 8636
f 8639 718 704
f 8638 8588 8640
f 8640 8636 8638
f 8611 8641 8588
f 8641 8640 8588
f 8642 8643 8629
f 8644 8645 8646
f 8647 8648 8649
f 8649 8648 8642
f 5258 5259 8527
f 8650 8071 8072
f 8627 8626 8630
f 8651 8652 8647
f 8653 8652 8651
f 8654 689 8653
f 8655 690 8654
f 8656 690 8655
f 8652 8653 689
f 8648 8647 8652
f 8643 8642 8648
f 8630 8629 8643
f 8657 8650 8658
f 8659 8658 8650
f 8660 8650 8657
f 8661 8659 8650
f 5255 8529 5253
f 8528 5253 8529
f 8662 8663 8664
f 8664 8663 8665
f 8664 8665 8666
f 8667 8668 8666
f 8669 8668 8667
f 8670 8668 8669
f 8671 8668 8670
f 8672 8668 8671
f 8673 8674 8672
f 8675 8674 8673
f 8676 8674 8675
f 8677 8678 8676
f 8679 8678 8680
f 8681 8678 8679
f 8682 8678 8681
f 5255 5257 8529
f 8071 8650 8660
f 8065 8064 8071
f 8683 8684 8650
f 8684 8661 8650
f 8685 8686 8682
f 8680 8678 8677
f 8063 8062 8065
f 8650 8687 8683
f 8525 5252 5253
f 8525 5253 8528
f 8688 8689 8690
f 8691 8692 8688
f 8693 8694 8691
f 8690 8686 8685
f 8695 8696 8693
f 8059 8058 8063
f 8645 8683 8687
f 8687 8646 8645
f 8697 8698 8695
f 8646 8699 8637
f 8699 8631 8637
f 8700 8701 8702
f 8701 8703 8702
f 8704 8700 8702
f 8637 8644 8646
f 5254 5252 8525
f 8501 8499 5123
f 8600 7547 8705
f 8705 7547 7546
f 8593 8595 8600
f 8590 8592 8584
f 7545 7549 7546
f 8664 8666 8668
f 8706 8698 8697
f 8707 8698 8706
f 8708 8698 8707
f 8709 8698 8708
f 8710 8698 8709
f 8711 8483 8482
f 8712 8713 8476
f 8714 8711 8482
f 8715 7980 8716
f 7981 7980 8715
f 6457 4612 4611
f 7972 7966 7981
f 8717 8718 8476
f 8466 8472 8467
f 8470 8467 8472
f 8719 8615 7945
f 8716 7980 7983
f 8720 8721 8722
f 4638 4612 6456
f 6457 6456 4612
f 6456 6472 4637
f 6456 4637 4638
f 7945 8723 8719
f 6961 8724 8725
f 8692 8691 8694
f 4640 6459 6458
f 4640 6458 4629
f 8726 6855 6856
f 7934 8727 7932
f 8723 7932 8727
f 8728 8726 6856
f 8616 8614 8046
f 8729 8616 8046
f 8617 8616 8729
f 8730 7984 8617
f 7985 7984 8730
f 8731 7982 7985
f 7983 7982 8731
f 8727 8719 8723
f 6856 8732 8728
f 757 8733 8734
f 757 8734 792
f 8732 8735 8736
f 8736 8728 8732
f 8737 8733 757
f 8735 6959 6962
f 6962 8736 8735
f 1247 8738 8739
f 1248 8740 8738
f 1248 8738 1247
f 8725 8741 6961
f 8741 6960 6961
f 793 8742 8740
f 793 8740 1248
f 8734 8742 793
f 8734 793 792
f 8743 8744 8724
f 8745 732 734
f 8745 734 8746
f 730 8747 8748
f 8749 8750 8724
f 8751 8725 8724
f 8744 8751 8724
f 730 727 8752
f 730 8752 8747
f 727 729 8753
f 727 8753 8752
f 729 732 8745
f 729 8745 8753
f 8754 8755 8756
f 8757 8758 8756
f 8724 8756 8749
f 8755 8749 8756
f 8750 8743 8724
f 8746 734 8759
f 734 743 8759
f 8759 743 754
f 8759 754 8760
f 8760 754 753
f 8760 753 8761
f 8761 753 752
f 8761 752 8762
f 8763 8764 8765
f 8764 8766 8765
f 8767 8763 8765
f 8768 8765 8769
f 8766 8769 8765
f 8770 8767 8765
f 8771 8765 8768
f 8772 8773 8765
f 750 8774 8762
f 750 8762 752
f 750 749 8775
f 750 8775 8774
f 8776 8765 8771
f 8777 8765 8776
f 8778 8765 8777
f 749 755 8779
f 749 8779 8775
f 8757 8756 8778
f 8758 8754 8756
f 8780 8781 8765
f 755 798 8782
f 755 8782 8779
f 798 797 8783
f 798 8783 8782
f 797 1061 8784
f 797 8784 8783
f 1061 844 8785
f 1061 8785 8784
f 8786 8787 8765
f 8787 8788 8765
f 756 8737 757
f 8765 8778 8756
f 8756 8786 8765
f 8789 8737 756
f 8789 756 791
f 772 8790 8789
f 772 8789 791
f 771 8791 8790
f 771 8790 772
f 8770 8765 8792
f 8793 8770 8792
f 8792 8794 8793
f 763 8795 8796
f 763 8796 764
f 8797 8798 8799
f 1240 8800 8801
f 1240 8801 790
f 1240 1237 8802
f 1240 8802 8800
f 8781 8803 8765
f 8803 8772 8765
f 8773 8804 8765
f 8804 8792 8765
f 8794 8805 8793
f 8798 8793 8805
f 8805 8806 8798
f 8806 8799 8798
f 790 8801 8795
f 790 8795 763
f 8796 8807 770
f 8796 770 764
f 8808 8809 8797
f 8799 8808 8797
f 8810 8802 1237
f 8791 771 8807
f 770 8807 771
f 1237 808 8810
f 8809 8811 8797
f 8812 8797 8811
f 8813 8780 8765
f 8814 8813 8765
f 8788 8814 8765
f 808 807 8748
f 808 8748 8810
f 8815 8816 8817
f 8817 8818 8815
f 807 730 8748
f 8818 8819 8815
f 8819 8820 8815
f 8821 8822 744
f 8821 744 731
f 8823 8821 731
f 744 8822 8824
f 744 8824 751
f 8825 8826 8827
f 8826 8828 8827
f 8816 8827 8828
f 8828 8817 8816
f 8829 8830 8815
f 8831 8829 8815
f 8820 8831 8815
f 8832 1054 832
f 8832 832 8833
f 832 830 8834
f 832 8834 8833
f 830 827 8835
f 830 8835 8834
f 827 825 8836
f 827 8836 8835
f 8837 8838 8839
f 8839 8815 8837
f 8840 8839 8838
f 8838 8841 8840
f 8841 8842 8840
f 8842 8843 8840
f 8843 8844 8840
f 8844 8812 8840
f 8845 8840 8812
f 8811 8845 8812
f 8830 8837 8815
f 825 820 8846
f 825 8846 8836
f 820 822 8847
f 820 8847 8846
f 822 824 8848
f 822 8848 8847
f 8849 8850 8851
f 824 828 8852
f 824 8852 8848
f 828 1097 8853
f 828 8853 8852
f 8851 8854 8849
f 8854 8855 8856
f 1054 8832 8857
f 8858 8785 841
f 844 841 8785
f 841 843 8857
f 841 8857 8858
f 843 1054 8857
f 8859 8860 831
f 8861 8859 831
f 8861 831 833
f 8862 8863 8864
f 8865 8862 8864
f 8866 8867 8864
f 8863 8866 8864
f 8868 8864 8867
f 8864 6924 8865
f 8855 8869 8870
f 8871 8864 8868
f 6942 6929 6930
f 8872 8865 6924
f 6923 8872 6924
f 833 1025 8861
f 8873 8861 1025
f 8874 8873 1025
f 8874 1025 1053
f 8874 1053 8875
f 1047 8875 1053
f 8876 8877 8878
f 1046 8879 8875
f 1046 8875 1047
f 1045 8880 8879
f 1045 8879 1046
f 8881 8882 8883
f 8884 8882 8881
f 1044 8885 8880
f 1044 8880 1045
f 8886 8851 8887
f 1043 8888 8885
f 1043 8885 1044
f 8888 1043 8889
f 1030 8889 1043
f 1031 8890 8889
f 1031 8889 1030
f 8870 8856 8855
f 8856 8891 8854
f 8891 8849 8854
f 8850 8892 8851
f 8892 8893 8851
f 8893 8887 8851
f 8851 8886 8894
f 8851 8894 8895
f 8851 8895 8896
f 8851 8896 8897
f 8851 8897 8898
f 8883 8899 8898
f 8900 8890 1031
f 8900 1031 842
f 8901 8900 842
f 8901 842 845
f 8902 8901 845
f 8902 845 809
f 8903 8904 8905
f 8902 809 8906
f 799 8906 809
f 8907 8908 8903
f 799 751 8906
f 8824 8906 751
f 568 8909 8910
f 8910 8911 8912
f 8913 8914 8911
f 8905 8907 8903
f 8913 8911 8915
f 823 821 8916
f 8917 8916 821
f 8860 8917 821
f 8860 821 826
f 8860 826 831
f 8918 8919 8920
f 1099 8921 8922
f 1099 8922 1101
f 8476 8923 8924
f 8921 1099 8925
f 1085 8925 1099
f 8926 8927 8928
f 823 8916 829
f 8929 829 8916
f 1083 8930 8925
f 1083 8925 1085
f 8929 8931 829
f 8932 8926 8928
f 1082 8933 8930
f 1082 8930 1083
f 8931 8933 1082
f 8931 1082 1098
f 8931 1098 829
f 8934 8935 8932
f 8482 8932 8935
f 8928 8934 8932
f 8936 8937 8938
f 8922 8939 1102
f 8922 1102 1101
f 8940 8853 1084
f 1097 1084 8853
f 8935 8714 8482
f 8467 8941 8468
f 8713 8479 8476
f 8718 8712 8476
f 8924 8717 8476
f 8941 8924 8923
f 8468 8941 8923
f 1112 8942 8943
f 1112 8943 1113
f 1120 8944 8942
f 1120 8942 1112
f 8945 8938 8946
f 8919 8945 8946
f 8937 8946 8938
f 1113 8943 8947
f 1113 8947 1117
f 8918 8945 8919
f 8948 8920 8919
f 1193 8949 8944
f 1193 8944 1120
f 8950 8951 8952
f 8952 8936 8950
f 8938 8950 8936
f 8920 8948 8953
f 8954 8953 8948
f 8951 8928 8927
f 8927 8952 8951
f 1135 8955 8949
f 1135 8949 1193
f 1134 8956 8955
f 1134 8955 1135
f 1134 1136 8956
f 8957 8956 1136
f 8958 8959 1143
f 8960 8961 8962
f 8962 8963 8964
f 8959 8957 1136
f 8959 1136 1143
f 8965 8966 1153
f 8965 1153 582
f 8967 8964 8963
f 8963 8962 8961
f 8968 8969 8960
f 8953 8954 8968
f 1143 1154 8958
f 8966 8958 1154
f 8966 1154 1153
f 8970 8965 582
f 8970 582 580
f 8971 8972 8973
f 8972 8974 8973
f 8975 8976 8973
f 8977 8971 8973
f 8976 8977 8973
f 8978 8970 580
f 8978 580 579
f 8974 8979 8973
f 8980 8973 8979
f 583 8981 8978
f 583 8978 579
f 1156 8739 8981
f 1156 8981 583
f 8982 8975 8973
f 8739 1156 1247
f 8983 8984 8973
f 8973 8985 8983
f 1168 8986 1167
f 1172 8987 8986
f 1172 8986 1168
f 8988 8989 8990
f 8991 8988 8990
f 8989 8992 8990
f 8992 8993 8990
f 8994 8987 1172
f 8994 1172 1246
f 8995 8996 1195
f 8995 1195 1194
f 8997 8994 1246
f 8997 1246 1196
f 8996 8997 1196
f 8996 1196 1195
f 1194 1192 8998
f 8999 9000 9001
f 1194 8998 8995
f 9001 8990 8999
f 1116 9002 8998
f 1116 8998 1192
f 9003 8999 8990
f 1115 9004 9002
f 1115 9002 1116
f 9005 9006 8990
f 8947 9004 1115
f 8947 1115 1117
f 9007 9005 8990
f 1167 9008 9009
f 1167 9009 1204
f 8986 9008 1167
f 8993 9010 8990
f 9010 9007 8990
f 9006 9011 8990
f 9011 9003 8990
f 9012 8991 8990
f 9013 9014 8903
f 1207 9015 1205
f 1202 9016 9015
f 1202 9015 1207
f 9009 9016 1202
f 9009 1202 1204
f 9017 9018 9019
f 1166 1165 9020
f 1166 9020 9021
f 9022 9023 9024
f 9020 1165 1203
f 9020 1203 9025
f 9025 1203 1208
f 9026 9027 8903
f 9027 9028 8903
f 9029 9026 8903
f 8823 731 728
f 8823 728 765
f 8823 765 9030
f 9030 765 758
f 9030 758 9031
f 9031 758 581
f 9031 581 9032
f 9014 9029 8903
f 9033 9013 8903
f 9023 8903 9028
f 9034 9024 9023
f 9028 9034 9023
f 9019 9012 8990
f 9035 9033 8903
f 8908 9036 8903
f 9036 9035 8903
f 9032 581 1155
f 9032 1155 9037
f 9037 1155 1133
f 9037 1133 9038
f 9038 1133 1114
f 9038 1114 9039
f 9040 9041 9042
f 9039 1114 1166
f 9039 1166 9021
f 9042 9043 9040
f 9044 1206 1264
f 9044 1264 9045
f 9045 1264 1263
f 9045 1263 9046
f 9046 1263 9047
f 8985 9048 9049
f 1266 9050 9051
f 9048 9052 9053
f 1265 9054 9050
f 1265 9050 1266
f 1258 9055 9054
f 1258 9054 1265
f 1205 9056 9055
f 1205 9055 1258
f 9015 9056 1205
f 9043 9057 9058
f 9058 9059 9043
f 9059 9040 9043
f 9041 9060 9042
f 9061 9042 9060
f 9060 9062 9061
f 9063 9061 9062
f 9064 9065 9062
f 9066 9065 9064
f 9067 9068 9066
f 9069 9070 9067
f 9071 9072 9069
f 1271 1275 9073
f 1271 9073 9047
f 9073 1275 1293
f 9073 1293 9074
f 9075 9019 9076
f 9018 9076 9019
f 9074 1293 1295
f 9074 1295 9077
f 9022 9024 9075
f 1314 9077 1295
f 9024 9019 9075
f 9078 9017 9019
f 1263 1271 9047
f 9079 9078 9019
f 8990 9079 9019
f 1269 9051 9080
f 1269 9080 1270
f 9051 1269 1266
f 1294 9081 9082
f 1294 9082 1483
f 9083 9001 9084
f 9085 9083 9084
f 9000 9084 9001
f 9057 9085 9084
f 9084 9086 9057
f 9086 9058 9057
f 1292 9087 9081
f 1292 9081 1294
f 8967 9088 8964
f 1291 9089 9087
f 1291 9087 1292
f 1274 9090 9089
f 1274 9089 1291
f 9091 8964 9088
f 9080 9090 1274
f 9080 1274 1270
f 9092 9093 9094
f 1314 9095 9077
f 9096 9094 9093
f 9097 1313 1311
f 9097 1311 9098
f 1311 1310 9099
f 1311 9099 9098
f 1314 1313 9097
f 1314 9097 9095
f 9100 9101 9102
f 9101 9103 9102
f 9103 9092 9102
f 9094 9102 9092
f 9093 9091 9104
f 9104 9096 9093
f 9088 9104 9091
f 1310 1312 9105
f 1310 9105 9099
f 1488 9106 9107
f 1312 1303 9108
f 1312 9108 9105
f 9109 9100 9102
f 1302 1488 9107
f 1302 9107 9110
f 9111 9109 9102
f 9112 9111 9102
f 1303 1302 9110
f 1303 9110 9108
f 9113 9112 9102
f 1208 9114 9025
f 9102 9115 9113
f 6472 6471 4636
f 6472 4636 4637
f 1206 9044 1208
f 9114 1208 9044
f 1394 9116 9117
f 1394 9117 1350
f 9118 8682 9119
f 8448 7515 7517
f 8448 7517 9120
f 1395 9121 9116
f 1395 9116 1394
f 9122 9123 9124
f 9124 9125 9122
f 9125 9126 9122
f 9126 9127 9128
f 8984 8982 8973
f 7513 9120 7517
f 1326 9129 9121
f 1326 9121 1395
f 9130 9131 8682
f 8686 8690 9132
f 9133 8682 8686
f 9120 7513 8438
f 1325 9134 9129
f 1325 9129 1326
f 9115 9135 9136
f 9135 9137 9136
f 9137 9138 9136
f 9136 9113 9115
f 9139 9140 9141
f 9139 9141 9142
f 1393 9143 9134
f 1393 9134 1325
f 9141 9140 9144
f 9141 9144 9145
f 1391 9146 9147
f 1391 9147 1392
f 9130 8682 9133
f 9131 9119 8682
f 9148 8682 9118
f 8678 8682 9148
f 8674 8676 8678
f 8668 8672 8674
f 1391 1366 9146
f 9149 9146 1366
f 8694 8693 9150
f 9151 5514 9152
f 5513 9152 5514
f 1392 9147 9143
f 1392 9143 1393
f 9153 9154 9127
f 9127 8980 9153
f 9151 9152 9155
f 9151 9155 9156
f 9157 9158 1329
f 9154 9128 9127
f 9156 9155 9139
f 9156 9139 9142
f 1345 9159 9160
f 1345 9160 1346
f 9161 9162 9163
f 9161 9163 9164
f 9159 1345 1349
f 9128 9122 9126
f 9165 9166 9162
f 9165 9162 9161
f 1346 9160 9157
f 1346 9157 1329
f 9167 9124 9123
f 9168 8693 9169
f 9170 8693 9168
f 9171 8693 9170
f 9172 8693 9171
f 9169 8693 9173
f 9174 8693 9172
f 9150 8693 9174
f 9173 8693 9175
f 8689 8688 8692
f 9132 8690 8689
f 9176 9177 9166
f 9176 9166 9165
f 9159 1349 9178
f 9117 9178 1349
f 9117 1349 1350
f 9179 9180 9176
f 9181 9167 9136
f 9182 9181 9136
f 9183 9136 9167
f 9184 9182 9136
f 9123 9183 9167
f 9138 9184 9136
f 9176 9180 9177
f 9185 8698 9186
f 9187 9185 9186
f 9179 9188 9189
f 9179 9189 9180
f 1363 1362 9190
f 1363 9190 9191
f 9192 9069 9072
f 9070 9069 9192
f 9186 9193 9187
f 9194 9195 8702
f 1362 1361 9196
f 1362 9196 9190
f 9188 9197 9198
f 9188 9198 9189
f 1361 1360 9199
f 1361 9199 9196
f 9197 9200 9201
f 9197 9201 9198
f 1360 1359 9202
f 1360 9202 9199
f 9203 9187 8702
f 9195 9203 8702
f 9193 8702 9187
f 9204 9186 8698
f 9072 9071 9205
f 9206 9053 9052
f 9205 9206 9207
f 9207 9206 9052
f 9053 9049 9048
f 9049 9208 8985
f 9208 8983 8985
f 9206 9205 9071
f 1359 1390 9209
f 1359 9209 9202
f 9210 8695 8698
f 8710 9204 8698
f 9201 9200 9211
f 9201 9211 9212
f 1390 1388 9213
f 1390 9213 9209
f 1388 1386 9214
f 1388 9214 9213
f 8696 8695 9210
f 9215 8693 8696
f 9175 8693 9215
f 1386 1375 9216
f 1386 9216 9214
f 9217 9212 9211
f 9217 9211 9218
f 9065 9219 9062
f 9220 9062 9219
f 9063 9062 9220
f 8703 9221 8702
f 8721 8704 8722
f 9222 9217 9218
f 9222 9218 9223
f 9068 9067 9070
f 9224 9066 9068
f 9065 9066 9224
f 9225 1374 1376
f 9225 1376 9226
f 9227 9228 8702
f 9221 9227 8702
f 9228 9194 8702
f 8720 83 74
f 8979 9153 8980
f 1376 1377 9229
f 1376 9229 9226
f 9222 9223 9230
f 9231 9230 9223
f 1377 1385 9232
f 1377 9232 9229
f 4636 6471 6459
f 4636 6459 4640
f 9233 9231 9234
f 1385 1387 9235
f 1385 9235 9232
f 4629 6458 6473
f 4629 6473 4615
f 9231 9233 9230
f 1387 1389 9236
f 1387 9236 9235
f 4615 6473 6503
f 4615 6503 4613
f 9237 8878 8877
f 8882 8884 9237
f 8851 8898 8899
f 8871 9238 8864
f 8869 8864 9238
f 9238 8870 8869
f 8878 9237 8884
f 8899 8883 8882
f 9234 8146 9233
f 8146 8124 9233
f 4613 6503 6510
f 4613 6510 4631
f 1389 1327 9239
f 1389 9239 9236
f 4631 6510 6509
f 4631 6509 4630
f 6509 6508 4625
f 6509 4625 4630
f 1327 1348 9240
f 1327 9240 9239
f 8876 9241 8877
f 9242 8877 9241
f 8914 9243 8911
f 9243 9244 8911
f 9244 8912 8911
f 8912 9245 8910
f 9245 565 8910
f 565 568 8910
f 8909 9242 8910
f 9241 8910 9242
f 6508 6507 4622
f 6508 4622 4625
f 1348 1347 9246
f 1348 9246 9240
f 6507 6523 4621
f 6507 4621 4622
f 1347 1331 9247
f 1347 9247 9246
f 6523 6513 4621
f 9248 8905 8904
f 8904 9249 9248
f 9249 8915 9248
f 8911 9248 8915
f 9247 1331 9250
f 9251 9252 9253
f 9254 9251 9255
f 6513 4665 4621
f 6513 6512 4617
f 6513 4617 4665
f 9256 9253 9252
f 9257 9258 9259
f 1365 9260 9149
f 1365 9149 1366
f 6512 6491 4666
f 6512 4666 4617
f 1365 1364 9261
f 1365 9261 9260
f 9262 9256 9252
f 9263 9262 9252
f 9264 9265 9254
f 9266 9265 9264
f 1364 1363 9191
f 1364 9191 9261
f 4667 4666 6532
f 6491 6532 4666
f 9225 9216 1374
f 1375 1374 9216
f 4655 4667 6535
f 6532 6535 4667
f 1444 1435 9267
f 1444 9267 9268
f 9269 9270 9271
f 9272 9271 9270
f 9267 1435 1436
f 9267 1436 9273
f 4654 4655 6535
f 4654 6535 6534
f 9274 9272 9275
f 9270 9275 9272
f 9273 1436 1917
f 9273 1917 9276
f 4654 6534 6536
f 4654 6536 4652
f 9277 9278 9279
f 1917 9280 9276
f 4652 6536 6485
f 4652 6485 4656
f 9281 9269 9282
f 9271 9282 9269
f 1331 1351 9250
f 4656 6485 6488
f 9250 1351 1352
f 9250 1352 9283
f 6488 4668 4656
f 9283 1352 1443
f 9283 1443 9284
f 4668 6488 4524
f 4668 4524 4670
f 9279 9285 9286
f 9286 9285 9287
f 9288 9278 9277
f 9284 1443 1406
f 9284 1406 9289
f 4670 4524 4519
f 4670 4519 4675
f 9289 1406 1444
f 9289 1444 9268
f 9290 9291 9292
f 4675 4519 4518
f 4675 4518 4676
f 9293 9294 1915
f 9293 1915 1434
f 4676 4518 4525
f 4676 4525 4679
f 9292 9295 9290
f 9295 9296 9290
f 9297 9290 9296
f 9298 9293 1434
f 9298 1434 1405
f 4525 4526 4680
f 4525 4680 4679
f 9299 9298 1405
f 9299 1405 1404
f 4526 4517 4681
f 4526 4681 4680
f 9300 9297 9296
f 9287 9301 9300
f 9302 9292 9291
f 9158 9299 1404
f 9158 1404 1330
f 4517 4516 9303
f 4517 9303 4681
f 9158 1330 1329
f 9304 9305 9306
f 9306 9307 9308
f 4516 4600 241
f 4516 241 9303
f 9308 9307 9309
f 1462 9310 9311
f 1462 9311 1463
f 9309 9312 9313
f 4600 239 241
f 9314 9265 9315
f 1471 9316 9317
f 1471 9317 1472
f 4683 4685 6567
f 4683 6567 6854
f 1476 9318 9310
f 1476 9310 1462
f 4689 4683 6854
f 4689 6854 6832
f 1475 9319 9318
f 1475 9318 1476
f 9320 9321 9265
f 9321 9315 9265
f 9322 9312 9314
f 9323 9320 9265
f 9324 9312 9322
f 9313 9312 9324
f 9325 9323 9265
f 4688 4689 6832
f 4688 6832 6831
f 1483 9082 9319
f 1483 9319 1475
f 4686 4688 6831
f 4686 6831 6556
f 1473 9326 9316
f 1473 9316 1471
f 4707 4686 6556
f 4707 6556 6555
f 1467 9327 9326
f 1467 9326 1473
f 6599 4690 4707
f 6599 4707 6555
f 9305 9304 9291
f 1465 9328 9327
f 1465 9327 1467
f 6559 4691 4690
f 6559 4690 6599
f 9311 9328 1465
f 9311 1465 1463
f 6558 4692 4691
f 6558 4691 6559
f 1488 1477 9106
f 9329 9300 9330
f 9330 9300 9301
f 9297 9300 9329
f 9331 9302 9291
f 9304 9331 9291
f 9301 9287 9332
f 9333 9287 9334
f 6566 4782 4692
f 6566 4692 6558
f 9106 1477 1464
f 9106 1464 9335
f 9335 1464 1461
f 9335 1461 9336
f 6839 4783 4782
f 6839 4782 6566
f 9336 1461 1460
f 9336 1460 9337
f 6838 4789 4783
f 6838 4783 6839
f 9337 1460 9338
f 6568 4790 4789
f 6568 4789 6838
f 9307 9306 9305
f 9312 9309 9307
f 9265 9314 9312
f 9339 9340 9288
f 9341 1517 1518
f 9341 1518 9342
f 9258 9343 9252
f 9343 9263 9252
f 6544 4699 4701
f 6544 4701 6543
f 1518 9344 9342
f 6547 4702 4699
f 6547 4699 6544
f 9252 9259 9258
f 9255 9251 9253
f 1460 1466 9338
f 9259 9345 9257
f 9325 9265 9266
f 6546 6567 4703
f 4685 4703 6567
f 9338 1466 9346
f 9347 9348 9349
f 9345 9349 9257
f 6546 4703 4702
f 6546 4702 6547
f 9350 1516 1519
f 9350 1519 9351
f 1466 1468 9346
f 9352 9347 9353
f 9349 9354 9347
f 4701 4708 6570
f 4701 6570 6543
f 4305 4133 9355
f 4305 9355 8428
f 9351 1519 1517
f 9351 1517 9341
f 6579 4791 4797
f 6579 4797 6581
f 9355 4133 4318
f 9355 4318 8445
f 6573 4704 4791
f 6573 4791 6579
f 4319 4320 8182
f 4319 8182 8447
f 1516 9350 1468
f 9346 1468 9350
f 6572 4705 4704
f 6572 4704 6573
f 4320 4172 8182
f 4708 4705 6572
f 4708 6572 6570
f 1817 9356 9357
f 1817 9357 4324
f 1816 9356 1817
f 4797 6856 6581
f 4321 2208 2206
f 6585 6582 4714
f 6585 4714 4737
f 4322 9358 2208
f 4322 2208 4321
f 6582 6584 4712
f 6582 4712 4714
f 4323 9359 9358
f 4323 9358 4322
f 6584 6587 4710
f 6584 4710 4712
f 9357 9359 4323
f 9357 4323 4324
f 6587 6629 4739
f 6587 4739 4710
f 9360 4332 9361
f 4330 9362 9361
f 4330 9361 4332
f 6600 4785 4784
f 6600 4784 6601
f 4328 9363 9362
f 4328 9362 4330
f 4695 4785 6600
f 4695 6600 6603
f 4327 953 9363
f 4327 9363 4328
f 2817 950 953
f 2817 953 4327
f 6604 4786 4695
f 6604 4695 6603
f 4719 4786 6604
f 4719 6604 6565
f 4715 4719 6565
f 4715 6565 6606
f 4325 4334 9364
f 4325 9364 9365
f 6610 4716 4715
f 6610 4715 6606
f 6609 4721 4716
f 6609 4716 6610
f 4326 4325 9365
f 4326 9365 952
f 6609 6826 4724
f 6609 4724 4721
f 4334 9366 9364
f 6826 6846 4722
f 6826 4722 4724
f 6846 6836 4726
f 6846 4726 4722
f 9367 4352 9368
f 4351 9368 4352
f 6836 6835 4727
f 6836 4727 4726
f 6835 6847 4728
f 6835 4728 4727
f 4860 9369 9368
f 4860 9368 4351
f 6847 6843 4730
f 6847 4730 4728
f 9370 9369 4860
f 9370 4860 4852
f 4742 4730 6612
f 6843 6612 4730
f 9371 9370 4852
f 9371 4852 4851
f 6612 6611 4741
f 6612 4741 4742
f 9372 9371 4851
f 6611 6614 4736
f 6611 4736 4741
f 9373 4346 9374
f 6614 6585 4737
f 6614 4737 4736
f 4346 4352 9374
f 9367 9374 4352
f 9375 9376 4850
f 9375 4850 4835
f 4713 4711 6586
f 9372 4851 4842
f 6629 6627 4779
f 6629 4779 4739
f 9376 9377 4849
f 9376 4849 4850
f 6627 6626 4752
f 6627 4752 4779
f 4849 9377 9372
f 4849 9372 4842
f 6626 6624 4750
f 6626 4750 4752
f 4347 9373 4345
f 6624 6622 4760
f 6624 4760 4750
f 9373 4347 4346
f 6622 6621 4755
f 6622 4755 4760
f 9378 9375 4835
f 9378 4835 4353
f 6621 6630 4753
f 6621 4753 4755
f 4355 9379 9378
f 4355 9378 4353
f 6630 6821 4756
f 6630 4756 4753
f 4822 9360 9379
f 4822 9379 4355
f 6821 6819 4758
f 6821 4758 4756
f 9360 4822 4332
f 9380 4358 4331
f 9380 4331 9381
f 6819 6818 4763
f 6819 4763 4758
f 4357 4333 9382
f 4357 9382 9383
f 9382 4333 4827
f 9382 4827 9384
f 4759 4819 6637
f 4759 6637 6817
f 9385 1474 9386
f 1531 9386 1474
f 9381 4331 4357
f 9381 4357 9383
f 4757 4759 6817
f 4757 6817 6820
f 9387 1474 9385
f 9384 4827 4826
f 9384 4826 9388
f 4754 4757 6820
f 4754 6820 6620
f 4826 4824 9389
f 4826 9389 9388
f 4761 4754 6620
f 4761 6620 6619
f 4824 4825 9390
f 4824 9390 9389
f 4773 4761 6619
f 4773 6619 6623
f 4821 4823 9391
f 4821 9391 9392
f 4751 4773 6623
f 4751 6623 6625
f 4740 4751 6625
f 4740 6625 6628
f 4825 4821 9392
f 4825 9392 9390
f 6628 6586 4740
f 4711 4740 6586
f 9393 9391 4828
f 4823 4828 9391
f 4790 6568 4787
f 6561 4787 6568
f 4709 4700 6542
f 1551 9394 9395
f 4334 4829 9366
f 9396 4329 4833
f 9396 4833 9397
f 6563 4696 4698
f 6563 4698 6564
f 4829 4329 9396
f 4829 9396 9366
f 6605 4693 4696
f 6605 4696 6563
f 9397 4833 4834
f 9397 4834 9398
f 4694 4693 6605
f 4694 6605 6562
f 4358 9380 4834
f 9398 4834 9380
f 6557 4687 6562
f 4694 6562 4687
f 4828 4354 9399
f 4828 9399 9393
f 9399 4354 4836
f 9399 4836 9400
f 4684 6557 6833
f 9400 4836 4841
f 9400 4841 9401
f 4687 6557 4684
f 4341 9402 9403
f 4341 9403 4942
f 4684 6833 6542
f 4684 6542 4700
f 9404 9402 4341
f 6560 4788 4787
f 6560 4787 6561
f 4945 9405 4947
f 6560 6601 4788
f 4784 4788 6601
f 4855 9406 9405
f 4855 9405 4945
f 4713 6586 6583
f 9403 9406 4855
f 9403 4855 4942
f 4348 4344 9407
f 4348 9407 9408
f 4738 4713 6583
f 4738 6583 6613
f 9407 4344 4340
f 9407 4340 9409
f 4729 4738 6613
f 4729 6613 6845
f 9409 4340 4339
f 9409 4339 9410
f 1589 9411 9412
f 4725 4729 6845
f 4725 6845 6837
f 4723 4725 6837
f 4723 6837 6825
f 4841 4348 9408
f 4841 9408 9401
f 6824 4720 4723
f 6824 4723 6825
f 4345 9413 9404
f 4345 9404 4343
f 6828 4718 4717
f 6828 4717 6607
f 9373 9413 4345
f 4718 6828 6834
f 9344 1533 9387
f 4341 4343 9404
f 6607 4717 4720
f 6607 4720 6824
f 4349 4856 9414
f 4349 9414 9415
f 4718 6834 4697
f 1532 1474 9387
f 6834 6564 4697
f 4698 4697 6564
f 4350 4349 9415
f 4350 9415 9416
f 6855 8726 4794
f 6855 4794 4796
f 4856 4935 9414
f 4794 8726 4892
f 4339 4350 9416
f 4339 9416 9410
f 6542 6541 4709
f 4709 6541 6571
f 4709 6571 4706
f 4935 9417 9414
f 4706 6571 6574
f 4706 6574 4792
f 4792 6574 6580
f 4792 6580 4793
f 4935 4928 9418
f 4935 9418 9417
f 4793 6580 6855
f 4793 6855 4796
f 4928 4927 9419
f 4928 9419 9418
f 4819 4818 6637
f 4927 4926 9420
f 4927 9420 9419
f 4762 4763 6636
f 6818 6636 4763
f 4926 4939 9421
f 4926 9421 9420
f 6636 6635 4820
f 6636 4820 4762
f 4939 4938 9422
f 4939 9422 9421
f 6635 6866 4812
f 6635 4812 4820
f 9422 4938 4854
f 9422 4854 9423
f 6866 6858 4811
f 6866 4811 4812
f 6858 6857 4809
f 6858 4809 4811
f 9423 4854 4853
f 9423 4853 9424
f 6857 6865 4807
f 6857 4807 4809
f 6865 6871 4803
f 6865 4803 4807
f 4853 4944 9425
f 6871 6881 4804
f 6871 4804 4803
f 9424 4853 9425
f 6881 6882 4805
f 6881 4805 4804
f 4946 9426 4944
f 9425 4944 9426
f 6882 6880 4814
f 6882 4814 4805
f 9427 1529 9428
f 6880 6893 4816
f 6880 4816 4814
f 9426 4838 9429
f 9426 4946 4838
f 6893 6894 4816
f 9405 9430 4947
f 1589 9412 9431
f 6862 4830 4808
f 6862 4808 6863
f 4839 9432 9433
f 4839 9433 4950
f 6861 4831 4830
f 6861 4830 6862
f 9430 9432 4839
f 9430 4839 4947
f 6867 6637 4818
f 4952 4950 9434
f 9433 9434 4950
f 4813 4810 6859
f 4813 6859 6864
f 9434 9435 4952
f 4810 4832 6860
f 4810 6860 6859
f 4838 4837 9436
f 4838 9436 9429
f 6867 4818 4813
f 6867 4813 6864
f 6860 4832 4831
f 6860 4831 6861
f 9437 4973 4972
f 9437 4972 9438
f 4847 6890 6885
f 9439 9440 1557
f 1596 1557 9440
f 4972 4971 9441
f 4972 9441 9438
f 4876 4847 6885
f 4876 6885 6884
f 9442 9436 4953
f 4837 4953 9436
f 1557 1556 9443
f 1557 9443 9439
f 4877 4876 6884
f 4877 6884 6892
f 9442 4953 4973
f 9442 4973 9437
f 9443 1556 9444
f 1603 9444 1556
f 4817 4877 6892
f 4817 6892 6879
f 4957 4958 9445
f 4957 9445 9446
f 1603 9447 9444
f 4815 4817 6879
f 4815 6879 6878
f 4958 4970 9445
f 4806 4815 6878
f 4806 6878 6883
f 4971 4957 9446
f 4971 9446 9441
f 4801 4806 6883
f 4801 6883 6870
f 4970 9448 9445
f 4802 4801 6870
f 4802 6870 6869
f 4970 4969 9449
f 4970 9449 9448
f 4840 4802 6869
f 4840 6869 6874
f 4986 4987 9450
f 4986 9450 9451
f 6873 4844 4840
f 6873 4840 6874
f 9450 4987 4979
f 9450 4979 9452
f 6872 4843 4844
f 6872 4844 6873
f 6868 4845 4843
f 6868 4843 6872
f 6868 6863 4845
f 4808 4845 6863
f 4981 9453 4979
f 9452 4979 9453
f 9454 9386 1531
f 4847 4846 6890
f 4981 4982 9455
f 4981 9455 9453
f 4875 6886 6891
f 4875 6891 4848
f 4995 9455 4982
f 6891 6888 4864
f 6891 4864 4848
f 9456 4968 4967
f 9456 4967 9457
f 4863 6888 6877
f 9456 9449 4968
f 4969 4968 9449
f 4863 4864 6888
f 1551 9395 9458
f 9457 4967 4966
f 9457 4966 9459
f 6877 6897 4861
f 6877 4861 4863
f 9459 4966 4965
f 9459 4965 9460
f 6897 6898 4867
f 6897 4867 4861
f 9460 4965 4988
f 9460 4988 9461
f 4867 6912 4859
f 9461 4988 4986
f 9461 4986 9451
f 6912 4867 6898
f 5005 9462 9463
f 5005 9463 5014
f 6913 6945 4869
f 6913 4869 4871
f 4994 9464 9462
f 4994 9462 5005
f 4980 9435 9464
f 4980 9464 4994
f 4872 6903 6913
f 4872 6913 4871
f 9435 4980 4952
f 6912 6901 4857
f 6912 4857 4859
f 1531 1530 9454
f 5022 9465 4996
f 4857 6901 6903
f 4857 6903 4872
f 5017 9466 9465
f 5017 9465 5022
f 9454 1530 9427
f 1529 9427 1530
f 9463 9466 5017
f 9463 5017 5014
f 1568 1470 9428
f 6894 4874 4816
f 4995 9467 9455
f 4995 5013 9468
f 4995 9468 9467
f 6894 6886 4875
f 6894 4875 4874
f 5006 5012 9469
f 5006 9469 9470
f 6896 4868 6899
f 5012 5016 9471
f 5012 9471 9469
f 6876 4879 4862
f 6876 4862 6895
f 9472 1470 9431
f 5013 5006 9470
f 5013 9470 9468
f 6895 4862 4868
f 6895 4868 6896
f 1469 1589 9431
f 4879 6876 4866
f 6875 4866 6876
f 9473 9471 5023
f 5016 5023 9471
f 6887 4878 4866
f 6887 4866 6875
f 4865 4878 6887
f 4865 6887 6889
f 9344 1518 1533
f 6890 4846 4865
f 6890 4865 6889
f 1532 9387 1533
f 6910 6923 6922
f 4882 6910 6922
f 4882 6922 6928
f 5033 186 9474
f 4883 4882 6928
f 4883 6928 6929
f 9475 9411 1555
f 75 85 9476
f 9458 9475 1552
f 1555 1552 9475
f 1552 1551 9458
f 74 78 8720
f 78 8721 8720
f 9394 1551 1554
f 1554 1597 9477
f 1554 9477 9394
f 85 75 83
f 87 9476 85
f 89 560 87
f 75 74 83
f 95 659 93
f 93 584 91
f 9472 9428 1470
f 5035 9478 9479
f 100 667 95
f 99 614 100
f 102 687 99
f 91 575 89
f 8722 8704 8702
f 575 91 576
f 576 91 584
f 596 89 594
f 104 89 105
f 5030 9480 5023
f 9473 5023 9480
f 605 89 599
f 105 89 605
f 599 89 596
f 594 89 575
f 109 89 104
f 111 89 109
f 113 89 111
f 560 89 113
f 9481 87 560
f 9476 87 9481
f 5033 9474 9482
f 659 95 660
f 5045 9483 177
f 634 100 630
f 635 100 634
f 630 100 627
f 656 100 645
f 645 100 635
f 667 100 656
f 660 95 667
f 584 93 646
f 646 93 659
f 627 100 614
f 673 678 680
f 5035 9479 9484
f 685 673 680
f 687 102 685
f 9483 5045 9485
f 614 99 687
f 102 673 685
f 678 2454 680
f 9478 5042 9486
f 689 8654 690
f 704 690 8656
f 8656 8639 704
f 9487 9486 5036
f 5042 5036 9486
f 835 838 815
f 5036 9488 9487
f 9488 5044 9489
f 5044 9490 9489
f 781 699 774
f 748 818 783
f 735 738 815
f 9482 9491 4999
f 4998 4999 9491
f 769 768 704
f 741 795 704
f 795 769 704
f 9482 4999 5033
f 5033 5051 186
f 5047 177 5051
f 186 5051 177
f 718 717 704
f 717 721 704
f 721 724 704
f 724 742 704
f 742 741 704
f 768 774 704
f 699 704 774
f 781 783 699
f 177 5047 5045
f 748 735 815
f 815 818 748
f 699 783 818
f 854 859 815
f 813 815 864
f 859 864 815
f 5030 4998 9480
f 9491 9480 4998
f 866 899 813
f 9485 5043 5040
f 9485 5040 9484
f 5040 5035 9484
f 847 849 815
f 838 847 815
f 849 854 815
f 864 866 813
f 804 813 899
f 738 835 815
f 5043 9485 5045
f 5035 5034 9478
f 5034 5042 9478
f 891 805 881
f 879 881 805
f 877 879 805
f 893 805 891
f 871 870 804
f 805 804 870
f 899 871 804
f 9488 5036 5041
f 870 875 805
f 9488 5041 5044
f 1129 1427 1122
f 5044 5046 9490
f 1131 1427 1129
f 9492 9493 5031
f 9492 5031 5050
f 1427 1426 1122
f 5000 9494 9492
f 5000 9492 5050
f 1042 1050 1416
f 4997 9495 9494
f 4997 9494 5000
f 1050 1124 1426
f 1040 1415 1209
f 4996 9496 9495
f 4996 9495 4997
f 1124 1122 1426
f 9465 9496 4996
f 1209 1415 1199
f 1199 1415 1178
f 1176 805 1152
f 1178 1415 1176
f 1137 1152 805
f 893 1137 805
f 875 877 805
f 1234 1427 1245
f 1218 1427 1131
f 1245 1427 1218
f 1233 1427 1234
f 1249 1427 1233
f 1256 1427 1249
f 1403 1427 1256
f 1426 1416 1050
f 1427 1403 1402
f 1402 1432 1427
f 805 1176 1415
f 1042 1416 1040
f 1415 1040 1416
f 1442 1526 1432
f 1446 1526 1442
f 1450 1527 1446
f 1566 1541 1454
f 1456 1566 1454
f 1479 1558 1456
f 1485 1558 1481
f 1487 1558 1485
f 1481 1558 1479
f 1490 1558 1487
f 1504 1550 1496
f 1507 1550 1504
f 1512 1534 1507
f 1496 1558 1490
f 9497 9498 5065
f 1427 1432 1526
f 1522 1648 1512
f 5066 9499 5065
f 1780 1635 1522
f 1796 1840 1792
f 9497 5065 9499
f 5066 5032 9499
f 9500 5091 9501
f 9501 5091 9502
f 5090 9502 5091
f 1450 1454 1541
f 1558 1496 1559
f 1526 1446 1527
f 1541 1527 1450
f 1566 1456 1558
f 5090 5089 9502
f 9503 9502 5089
f 1581 1591 1512
f 5088 9504 9503
f 5088 9503 5089
f 1570 1512 1593
f 1569 1512 1570
f 1591 1593 1512
f 9504 5088 9505
f 5087 9505 5088
f 1598 1512 1601
f 1582 1581 1512
f 1659 1671 1512
f 1534 1512 1598
f 1659 1512 1657
f 1550 1507 1534
f 1559 1496 1550
f 1622 1787 1616
f 5106 9506 9507
f 5106 9508 9506
f 1637 1522 1635
f 1635 1780 1625
f 1648 1522 1637
f 9505 5087 9509
f 5059 5058 9509
f 9510 9509 5058
f 1612 1582 1512
f 9498 9510 5058
f 9498 5058 5057
f 1601 1512 1569
f 1671 1612 1512
f 1649 1512 1648
f 5065 9498 5057
f 9493 9511 5031
f 5032 5031 9511
f 1704 2764 1700
f 9511 9499 5032
f 9500 5092 5091
f 2752 2755 1717
f 9512 5093 5092
f 9512 5092 9500
f 1725 2750 1721
f 1756 2458 1749
f 1739 2467 1736
f 5059 9509 5087
f 680 2454 1756
f 2458 2461 1749
f 1739 1749 2461
f 9507 5073 5106
f 9508 5106 5094
f 9508 5094 5093
f 9508 5093 9512
f 1792 1617 1787
f 1787 1622 1780
f 9513 9514 9515
f 9513 9515 9516
f 1801 1816 1796
f 9517 9513 9516
f 9517 9516 9518
f 9519 9517 9518
f 9519 9518 9520
f 5097 8005 8485
f 9521 9522 9519
f 9521 9519 9520
f 9163 9522 9521
f 9163 9521 9164
f 5098 5097 8485
f 5098 8485 8484
f 5098 8484 6943
f 1840 1796 1836
f 1847 1792 1840
f 1617 1792 1847
f 1616 1787 1617
f 1836 1796 1829
f 1625 1780 1622
f 1829 1796 1816
f 1657 1512 1649
f 1808 9356 1801
f 1767 9357 1808
f 9358 9359 1766
f 1769 2208 1766
f 9358 1766 2208
f 9523 9524 9525
f 9523 9525 9526
f 8498 5121 8499
f 9527 9528 9524
f 9527 9524 9523
f 1865 2272 1862
f 1880 1862 2272
f 1881 1880 2272
f 8492 5130 8503
f 1872 2272 1865
f 9525 9529 9530
f 9525 9530 9526
f 5111 8491 8004
f 1919 2178 1905
f 9531 9532 9533
f 9531 9533 9534
f 1922 2159 1919
f 1905 2207 1769
f 5122 5121 8500
f 9535 9536 9537
f 9538 9537 9536
f 9538 9536 9539
f 8500 8502 5122
f 9533 9538 9539
f 9533 9539 9534
f 9540 9145 9541
f 9144 9541 9145
f 1887 2262 1872
f 1896 1881 2272
f 1940 1896 2272
f 1938 1940 2272
f 9541 9542 9543
f 9541 9543 9540
f 9542 9544 9545
f 9542 9545 9543
f 1955 1959 2223
f 8503 5130 5258
f 9544 9546 9547
f 9544 9547 9545
f 2218 2223 1959
f 1964 2218 1959
f 9546 9548 9549
f 9546 9549 9547
f 8501 5124 8504
f 1971 2779 1964
f 9548 9532 9531
f 9548 9531 9549
f 1991 2779 1974
f 9550 9528 9551
f 9527 9551 9528
f 2223 2226 1955
f 1975 2779 1971
f 1974 2779 1975
f 9552 9553 9554
f 9552 9554 9555
f 9556 9557 9553
f 9556 9553 9552
f 9558 9559 9557
f 9558 9557 9556
f 2134 2779 1991
f 2138 2779 2134
f 1680 2776 2138
f 1684 2776 1679
f 1679 2776 1680
f 1688 2773 1684
f 2764 2766 1700
f 1713 2762 1704
f 2750 2752 1721
f 2779 2138 2776
f 5151 8508 8506
f 9560 9561 9559
f 9560 9559 9558
f 2207 1905 2193
f 2193 1905 2178
f 2178 1919 2174
f 8510 8508 5165
f 5151 5165 8508
f 2188 1930 2189
f 9551 9562 9563
f 9551 9563 9550
f 5149 8507 8509
f 1930 2188 1922
f 1935 2276 1930
f 2160 1922 2188
f 2159 1922 2160
f 2174 1919 2171
f 2171 1919 2164
f 2164 1919 2159
f 2208 1769 2207
f 9564 9565 9566
f 9564 9566 9567
f 2262 1887 2257
f 2272 1872 2262
f 9564 9555 9565
f 9554 9565 9555
f 2276 1935 2272
f 9562 9568 9569
f 9562 9569 9563
f 9568 9570 9571
f 9568 9571 9569
f 2281 1930 2276
f 2236 1901 2232
f 2257 1901 2241
f 2241 1901 2236
f 2232 1955 2226
f 1955 2232 1901
f 2189 1930 2281
f 1935 1938 2272
f 1901 2257 1887
f 9572 9573 9574
f 9572 9574 9575
f 287 2318 290
f 9570 9572 9575
f 9570 9575 9571
f 9535 9576 9536
f 8518 5207 8519
f 9576 9535 9577
f 9576 9577 9578
f 9578 9577 9579
f 9578 9579 9580
f 5208 8517 5209
f 290 2318 2300
f 2300 2427 2301
f 294 298 292
f 291 294 293
f 293 268 291
f 280 292 298
f 273 286 274
f 9580 9579 9581
f 9580 9581 9582
f 9583 9582 9581
f 9583 9581 9584
f 2362 2389 2354
f 9584 9530 9583
f 9529 9583 9530
f 8511 8510 5209
f 5208 5207 8518
f 2370 2384 2362
f 2354 2389 2355
f 2378 2384 2374
f 2374 2384 2370
f 2329 2384 2378
f 2328 2385 2329
f 2301 2437 2333
f 5210 8521 8515
f 2400 2578 2396
f 2406 9585 2400
f 2416 9585 2406
f 2421 9585 2416
f 9585 2578 2400
f 2427 2300 2318
f 2437 2301 2427
f 2445 2334 2437
f 2334 2333 2437
f 8502 8512 5161
f 2385 2328 2445
f 2384 2329 2385
f 2389 2362 2384
f 2396 2578 2389
f 2334 2445 2328
f 2463 2462 7169
f 8512 8507 5149
f 8512 5149 5161
f 7165 7169 2481
f 2462 2481 7169
f 2421 2451 9585
f 2481 2491 7165
f 7093 7165 2491
f 5165 5209 8510
f 6202 6203 2211
f 302 6202 2210
f 9586 9587 9588
f 9588 9589 9586
f 9590 9586 9589
f 2498 6303 2491
f 2211 2210 6202
f 2210 303 302
f 8520 5167 8513
f 9573 9591 9574
f 5167 8520 8519
f 9590 9589 9591
f 9592 9593 9594
f 9594 9595 9592
f 2563 9585 2564
f 2571 9585 2563
f 2531 2539 9585
f 2549 2548 9585
f 2549 9585 2539
f 2564 9585 2560
f 2560 9585 2548
f 8511 5209 8517
f 2599 9585 2594
f 9596 9597 9598
f 5208 8518 8517
f 9599 9600 9597
f 9599 9597 9596
f 8516 8521 5169
f 5210 5169 8521
f 9585 2599 2602
f 9585 2602 2608
f 9585 2608 2532
f 2532 2531 9585
f 9585 2571 2578
f 2355 2389 2578
f 9601 9602 9603
f 5169 8509 8516
f 9566 9602 9601
f 9603 9600 9599
f 8515 8522 5279
f 2594 9585 2637
f 5283 5279 8532
f 8522 8532 5279
f 5258 8530 8503
f 9587 9604 9588
f 5258 8527 8530
f 9605 9606 9607
f 9608 9605 9607
f 8532 8531 5283
f 5257 5283 8531
f 2631 7800 2745
f 2731 7800 2741
f 2672 2631 2745
f 2753 2626 2672
f 2745 7800 2732
f 2757 2621 2753
f 2631 2672 2626
f 8529 5257 8531
f 3407 3414 2801
f 8526 5259 5256
f 9598 9595 9609
f 2778 8039 2770
f 8526 8527 5259
f 9598 9609 9596
f 8024 8032 2781
f 5256 5254 8524
f 5256 8524 8526
f 2771 2770 2902
f 8524 5254 8525
f 9603 9610 9601
f 2801 2805 3434
f 5285 144 8535
f 143 8535 144
f 2901 3250 2790
f 3250 3434 2805
f 8513 5211 8514
f 5269 8514 5211
f 9603 9599 9610
f 5271 5285 8535
f 5271 8535 8538
f 3405 3407 2801
f 3434 3405 2801
f 2805 2790 3250
f 2790 2771 2901
f 2902 2901 2771
f 9587 9611 9604
f 5272 5271 8538
f 5272 8538 8537
f 5282 5272 8537
f 5282 8537 8536
f 8514 5269 5282
f 8514 5282 8536
f 8602 8599 8597
f 8598 9612 8596
f 8605 8596 9612
f 9612 8607 8605
f 8605 8606 9613
f 8605 9613 9614
f 8605 9614 9615
f 8605 9615 9616
f 8605 9616 9617
f 9617 8603 8605
f 8604 9618 8605
f 5076 5068 8489
f 5076 8489 8487
f 9606 9619 9607
f 8605 9618 9620
f 9621 9620 9622
f 5019 5076 8487
f 5019 8487 7708
f 8961 8960 8969
f 8969 8968 8954
f 9608 9607 9623
f 5294 5019 7708
f 5294 7708 8486
f 5294 8486 8495
f 5294 8495 5296
f 9608 9623 9593
f 5296 8495 8494
f 5296 8494 5095
f 5095 8494 8493
f 5095 8493 5127
f 9624 2718 8551
f 9624 9625 2718
f 9626 2718 9625
f 8553 2718 9626
f 3951 9627 2718
f 8550 2718 9627
f 8493 8497 5297
f 8493 5297 5127
f 8497 8496 5129
f 8497 5129 5297
f 5284 5129 8496
f 9591 9573 9628
f 9629 9630 9631
f 9632 9629 9631
f 8540 5356 8539
f 9591 9628 9590
f 9631 9621 9632
f 5273 5274 8543
f 8542 5355 5356
f 8542 5356 8540
f 5274 5355 8542
f 5274 8542 8541
f 9622 9633 9621
f 9634 9620 9618
f 9635 9604 9611
f 5274 8541 8543
f 9606 9635 9619
f 9611 9619 9635
f 5286 5273 8543
f 5286 8543 8523
f 9636 9637 9638
f 5314 5286 8523
f 5314 8523 8534
f 5314 8534 8545
f 5314 8545 5315
f 5315 8545 8544
f 5315 8544 5322
f 9593 9623 9639
f 5322 8546 5321
f 9633 9632 9621
f 9630 9640 9631
f 9640 9641 9631
f 9641 9642 9631
f 9642 9643 9631
f 9643 9644 9631
f 9644 9645 9631
f 9645 9646 9631
f 9646 9647 9631
f 9648 9631 9647
f 9647 9638 9648
f 9637 9648 9638
f 5322 8544 8546
f 9593 9639 9594
f 9595 9594 9649
f 9650 9651 9652
f 9609 9595 9649
f 8560 5350 5348
f 8560 5348 8559
f 9637 9636 9653
f 9654 9655 9653
f 5349 5350 8560
f 5349 8560 8549
f 9656 9657 9658
f 5328 5349 8549
f 5328 8549 8548
f 9659 9650 9652
f 5327 5328 8548
f 5327 8548 8547
f 5333 5327 8558
f 9566 9601 9567
f 8558 5327 8547
f 5332 5333 8558
f 5332 8558 8555
f 9660 9661 9654
f 9662 9658 9657
f 9657 9663 9662
f 9652 9662 9663
f 9663 9659 9652
f 9660 9652 9651
f 9664 9660 9651
f 9661 9660 9664
f 9655 9654 9661
f 9637 9653 9655
f 9665 9622 9620
f 9634 9665 9620
f 5336 5332 8554
f 8554 5332 8555
f 9666 9667 9668
f 5336 8552 5337
f 9667 9666 9669
f 9669 9666 9670
f 5336 8554 8552
f 5340 5337 8552
f 5340 8552 8553
f 9671 9672 9673
f 9666 9673 9672
f 9672 9670 9666
f 9658 9668 9674
f 9656 9658 9674
f 9667 9674 9668
f 8556 8557 5352
f 8556 5352 5353
f 8557 8565 5352
f 8546 8556 5353
f 8546 5353 5321
f 8565 5351 5352
f 8565 8564 5344
f 8565 5344 5351
f 8564 8563 5345
f 8564 5345 5344
f 8563 8562 5346
f 8563 5346 5345
f 9675 9676 9677
f 9676 9678 9677
f 9679 9677 9678
f 9678 9680 9679
f 9680 9681 9679
f 9681 9682 9679
f 9673 9679 9682
f 9682 9671 9673
f 8561 5347 5346
f 8561 5346 8562
f 8561 8559 5347
f 5348 5347 8559
f 9683 9684 9685
f 9686 9687 9688
f 8496 8533 5284
f 8533 8566 5316
f 8533 5316 5284
f 9689 9690 9691
f 8539 5317 5316
f 8539 5316 8566
f 4886 4883 6929
f 4886 6929 6942
f 5356 5317 8539
f 4884 4886 6942
f 4884 6942 6941
f 5515 8572 8568
f 4887 4884 6941
f 4887 6941 6946
f 5421 5515 8568
f 5421 8568 8571
f 4870 4887 6946
f 4870 6946 6902
f 5077 8489 5068
f 4873 4870 6902
f 4873 6902 6900
f 8570 5431 5421
f 8570 5421 8571
f 4858 4873 6900
f 4858 6900 6899
f 5077 8488 8579
f 4868 4858 6899
f 8569 5429 5431
f 8569 5431 8570
f 6945 6940 4888
f 6945 4888 4869
f 8575 5428 5427
f 8575 5427 8576
f 6940 6939 4885
f 6940 4885 4888
f 6939 6930 4880
f 6939 4880 4885
f 6930 6924 4881
f 6930 4881 4880
f 6924 8864 6810
f 6924 6810 4881
f 8576 5427 5429
f 8576 5429 8569
f 9692 9561 9693
f 9560 9693 9561
f 6959 4799 6958
f 5080 8490 8488
f 8735 4895 4799
f 8735 4799 6959
f 9693 9694 9695
f 9693 9695 9692
f 5428 8575 5426
f 8578 5426 8575
f 8732 4893 4895
f 8732 4895 8735
f 6856 4795 4893
f 6856 4893 8732
f 5425 5426 8578
f 5425 8578 8581
f 9696 9697 9698
f 4797 4795 6856
f 8580 5430 5425
f 8580 5425 8581
f 5083 5430 8580
f 5083 8580 8490
f 7540 7638 4902
f 7540 4902 4918
f 9699 9695 9700
f 9694 9700 9695
f 5080 5083 8490
f 7638 7543 4899
f 7638 4899 4902
f 5077 5080 8488
f 7543 7542 4898
f 7543 4898 4899
f 5077 8579 8489
f 7542 7551 4896
f 7542 4896 4898
f 9701 9697 9702
f 7993 5420 5082
f 7993 8567 5522
f 7993 5522 5420
f 7551 7552 4901
f 7551 4901 4896
f 8567 8573 5535
f 8567 5535 5522
f 7573 7572 4907
f 7573 4907 4908
f 9700 9703 9704
f 9700 9704 9699
f 8573 8601 5563
f 8573 5563 5535
f 8601 8597 5555
f 8601 5555 5563
f 9705 9701 9702
f 7552 7573 4908
f 7552 4908 4901
f 9703 9706 9704
f 4905 4907 7575
f 5553 5547 8598
f 5553 8598 8599
f 4914 7589 7588
f 4914 7588 4912
f 5554 5553 8599
f 5554 8599 8602
f 9707 9708 9709
f 7572 7575 4907
f 5546 8598 5547
f 9708 9685 9684
f 4905 7575 7680
f 4905 7680 4910
f 5537 5554 8602
f 5537 8602 8577
f 4910 7680 7589
f 4910 7589 4914
f 5538 5537 8577
f 5538 8577 8574
f 4912 7588 7580
f 4912 7580 4917
f 5536 5538 8574
f 5536 8574 8572
f 4915 4917 7580
f 9684 9709 9708
f 5515 5536 8572
f 9710 9711 9709
f 9707 9709 9711
f 4919 7590 7677
f 4919 7677 4921
f 5548 5550 8604
f 5548 8604 8603
f 9683 9685 9706
f 7580 7587 4915
f 5526 5548 8603
f 5526 8603 9617
f 4915 7587 7590
f 4915 7590 4919
f 9616 5523 5526
f 9616 5526 9617
f 9711 9710 9712
f 7677 7676 4920
f 7677 4920 4921
f 9615 5524 5523
f 9615 5523 9616
f 9712 9713 9714
f 9712 9714 9715
f 7676 7693 6646
f 7676 6646 4920
f 9614 5565 5524
f 9614 5524 9615
f 7693 7692 4930
f 7693 4930 6646
f 9716 9717 9714
f 9715 9714 9717
f 9613 5564 5565
f 9613 5565 9614
f 7692 7673 4930
f 8606 5562 5564
f 8606 5564 9613
f 9717 9716 9718
f 9717 9718 9719
f 7673 7675 4933
f 7673 4933 4929
f 8607 5561 5562
f 8607 5562 8606
f 7675 7674 4933
f 9719 9718 9720
f 5546 5561 8607
f 5546 8607 9612
f 7673 4929 4930
f 9720 9705 9721
f 5546 9612 8598
f 7674 7668 4922
f 7674 4922 4932
f 5525 5555 8596
f 8597 8596 5555
f 7668 7669 4922
f 9702 9721 9705
f 8596 8605 5549
f 8596 5549 5525
f 7674 4932 4933
f 8605 9620 5573
f 8605 5573 5549
f 7669 4923 4922
f 9620 9621 5571
f 9620 5571 5573
f 7669 7666 4934
f 7669 4934 4923
f 6647 4934 7666
f 7604 7596 4937
f 7604 4937 4951
f 8969 5577 7138
f 8969 7138 8961
f 5575 5577 8969
f 5575 8969 8954
f 4937 7596 7595
f 4937 7595 4936
f 9626 5341 5340
f 9626 5340 8553
f 4936 7595 7621
f 4936 7621 4941
f 9625 5342 5341
f 9625 5341 9626
f 7621 7613 4940
f 7621 4940 4941
f 9624 5580 5342
f 9624 5342 9625
f 9697 9701 9722
f 8551 5581 5580
f 8551 5580 9624
f 9698 9697 9722
f 8550 5582 5581
f 8550 5581 8551
f 7613 4963 4940
f 9627 5278 5582
f 9627 5582 8550
f 5840 3324 4949
f 5278 9627 3951
f 3324 5840 7471
f 3324 7471 4943
f 4943 7471 7605
f 4943 7605 4948
f 9703 9723 9706
f 5586 5587 9632
f 5586 9632 9633
f 4948 7605 7604
f 4948 7604 4951
f 5572 5586 9633
f 5572 9633 9622
f 5588 5572 9622
f 5588 9622 9665
f 5594 5588 9665
f 5594 9665 9634
f 9713 9712 9710
f 7633 4961 4955
f 5593 5594 9634
f 5593 9634 9618
f 9618 8604 5593
f 5550 5593 8604
f 7640 4960 4962
f 9643 5613 5612
f 9643 5612 9644
f 9642 5614 5613
f 9642 5613 9643
f 9723 9683 9706
f 5614 9641 5615
f 9641 5614 9642
f 5598 5615 9641
f 5598 9641 9640
f 9630 5599 5598
f 9630 5598 9640
f 9629 5616 5599
f 9629 5599 9630
f 9629 9632 5616
f 5587 5616 9632
f 9718 9724 9720
f 5619 9636 9638
f 9720 9724 9705
f 5603 5619 9638
f 5603 9638 9647
f 9646 5604 5603
f 9646 5603 9647
f 9698 9515 9696
f 9514 9696 9515
f 9645 5611 5604
f 9645 5604 9646
f 9725 9726 9727
f 9725 9727 9728
f 5612 5611 9645
f 5612 9645 9644
f 9727 9729 9730
f 9727 9730 9728
f 5624 6271 9660
f 5624 9660 9654
f 9729 9731 9732
f 9729 9732 9730
f 9733 9734 9732
f 9733 9732 9731
f 5621 5624 9654
f 5621 9654 9653
f 5622 5621 9653
f 5622 9653 9636
f 5619 5622 9636
f 6265 6264 9662
f 6265 9662 9652
f 6264 6273 9658
f 6264 9658 9662
f 9735 9736 9737
f 9735 9737 9738
f 9739 9740 9741
f 9742 9741 9740
f 9652 9660 6265
f 6271 6265 9660
f 9739 9741 9736
f 9739 9736 9735
f 5600 5571 9631
f 9621 9631 5571
f 4954 7634 7633
f 4954 7633 4955
f 9737 9726 9725
f 9737 9725 9738
f 9631 9648 5617
f 9631 5617 5600
f 9743 9744 9745
f 9743 9745 9746
f 9648 9637 5618
f 9648 5618 5617
f 9747 9743 9746
f 9747 9746 9748
f 9637 9655 5620
f 9637 5620 5618
f 9749 9750 9751
f 9749 9751 9752
f 9655 9661 5623
f 9655 5623 5620
f 9749 9752 9742
f 9749 9742 9740
f 9661 9664 6277
f 9661 6277 5623
f 7640 4962 4961
f 9745 9744 9753
f 9664 9651 6270
f 9664 6270 6277
f 9751 9750 9747
f 9751 9747 9748
f 4960 7635 4959
f 9651 9650 6269
f 9651 6269 6270
f 9754 9755 9756
f 9754 9756 9757
f 9650 9659 6267
f 9650 6267 6269
f 9756 9758 9759
f 9756 9759 9757
f 9659 9663 6266
f 9659 6266 6267
f 4959 7635 4976
f 9663 9657 6268
f 9663 6268 6266
f 9760 9761 9755
f 9760 9755 9754
f 9657 9656 6272
f 9657 6272 6268
f 9762 9763 9761
f 9762 9761 9760
f 6274 6272 9656
f 9753 9764 9763
f 9753 9763 9762
f 9668 6275 6279
f 9668 6279 9666
f 9744 9764 9753
f 7611 4975 4989
f 9668 9658 6275
f 6273 6275 9658
f 9758 9765 9766
f 9758 9766 9759
f 9674 9667 6276
f 9674 6276 6274
f 7611 7629 4974
f 7611 4974 4975
f 6276 9667 9669
f 6276 9669 6282
f 4954 4974 7634
f 7629 7634 4974
f 6282 9669 9670
f 6282 9670 6281
f 9765 9767 9768
f 9765 9768 9766
f 6281 9670 6280
f 4984 7544 4990
f 9769 9770 9771
f 9656 9674 6274
f 9772 9771 9773
f 9772 9773 9774
f 9673 6278 6284
f 9673 6284 9679
f 9775 9772 9774
f 9775 9774 9776
f 9673 9666 6278
f 6279 6278 9666
f 4983 7544 4984
f 9777 9775 9776
f 9777 9776 9778
f 9670 9672 6280
f 9779 9777 9778
f 9779 9778 9780
f 6280 9672 9671
f 6280 9671 6283
f 7544 7541 4990
f 6283 9671 9682
f 6283 9682 6285
f 9781 9782 9779
f 9781 9779 9780
f 6285 9682 9681
f 6285 9681 6286
f 9767 9782 9781
f 9767 9781 9768
f 6286 9680 6288
f 9783 9784 9785
f 9783 9785 9786
f 6286 9681 9680
f 9787 9788 9783
f 9680 9678 6287
f 9680 6287 6288
f 9783 9788 9784
f 6287 9678 9676
f 6287 9676 6289
f 9789 9790 9788
f 9789 9788 9787
f 9676 9675 6291
f 9676 6291 6289
f 7633 7641 4961
f 9791 9790 9789
f 9791 9789 9792
f 6309 6292 9793
f 4960 7640 7639
f 9769 9791 9792
f 9769 9792 9770
f 9675 9793 6292
f 9675 6292 6291
f 7641 7640 4961
f 4960 7639 7635
f 9773 9771 9770
f 9688 6310 6298
f 9688 6298 9794
f 9795 6295 6310
f 9795 6310 9688
f 9677 6290 6295
f 9677 6295 9795
f 9677 9679 6290
f 6284 6290 9679
f 7609 4963 7613
f 9691 9796 6326
f 9691 6326 6305
f 9797 9798 9799
f 9797 9799 9800
f 4963 7609 7608
f 4963 7608 4989
f 9801 9797 9800
f 9801 9800 9802
f 4989 7608 7611
f 6313 9686 9803
f 6313 9803 6314
f 6314 9803 9804
f 6314 9804 6296
f 9805 9806 9807
f 9805 9807 9808
f 6296 9804 9809
f 6296 9809 6297
f 9810 9801 9802
f 9810 9802 9811
f 6297 9809 9812
f 6297 9812 6304
f 4976 7635 7632
f 9807 9810 9811
f 9807 9811 9808
f 6304 9812 9813
f 6304 9813 6307
f 7627 4977 7632
f 4976 7632 4977
f 6307 9813 9691
f 6307 9691 6305
f 9814 9815 9806
f 9814 9806 9805
f 7626 7544 4983
f 4983 4977 7626
f 7627 7626 4977
f 9816 9817 9815
f 9816 9815 9814
f 9354 9353 9347
f 9818 9819 9817
f 9818 9817 9816
f 9785 9819 9818
f 9785 9818 9786
f 4990 7541 4918
f 1568 9428 1529
f 9820 2848 2851
f 9820 2851 9821
f 7541 7540 4918
f 1469 9431 1470
f 9822 9820 9821
f 9823 9824 9825
f 9826 9823 9352
f 9827 9826 9352
f 9353 9827 9352
f 9825 9828 9823
f 9828 9352 9823
f 9829 9825 9824
f 9824 9830 9829
f 2997 4407 2998
f 7497 2998 4407
f 9831 9832 9833
f 9831 9833 9834
f 1588 9411 1589
f 9822 9821 9835
f 9411 1588 1555
f 9832 9822 9835
f 9832 9835 9833
f 9836 9837 9838
f 9837 9839 9838
f 9840 9841 9836
f 9842 9843 9840
f 9844 9845 9846
f 9803 9686 9688
f 9847 9831 9834
f 9847 9834 9848
f 9804 9803 9794
f 1597 1596 9477
f 9849 9847 9848
f 9849 9848 9850
f 2621 3450 2917
f 2917 3449 2913
f 9851 9849 9850
f 9851 9850 9852
f 9853 9854 9855
f 9856 9853 9855
f 9857 9858 9859
f 9858 9856 9859
f 2626 2753 2620
f 9440 9477 1596
f 9860 9851 9852
f 9860 9852 9861
f 9862 9860 9861
f 9862 9861 9863
f 9854 9829 9830
f 9830 9855 9854
f 9348 9257 9349
f 9864 9862 9863
f 9864 9863 6142
f 6141 9864 6142
f 3492 3499 2795
f 3548 2801 3414
f 2795 2801 3492
f 2620 2753 2621
f 9865 9866 9867
f 9865 9867 9868
f 9845 9869 9870
f 9867 9866 9871
f 9867 9871 9872
f 1603 1604 9447
f 9872 9871 9873
f 9872 9873 9874
f 3469 2913 3467
f 3467 2913 3449
f 9875 9846 9845
f 1605 9876 1604
f 9447 1604 9876
f 9874 9873 9877
f 9874 9877 9878
f 9879 9880 9844
f 9846 9879 9844
f 3939 2913 3469
f 9881 9844 9880
f 1632 1633 9882
f 1632 9882 9883
f 9880 9884 9881
f 9882 1633 1758
f 9882 1758 9885
f 3475 3487 2801
f 9886 9887 9734
f 9886 9734 9733
f 9888 9857 9859
f 9855 9859 9856
f 9889 9888 9859
f 9884 9889 9859
f 9859 9881 9884
f 3487 3492 2801
f 3499 2621 2757
f 2757 2795 3499
f 9251 9254 9265
f 9890 9891 9892
f 9890 9892 9893
f 9894 9876 1620
f 1620 9876 1605
f 3506 2621 3499
f 9891 9887 9886
f 9891 9886 9892
f 9894 1620 1621
f 9894 1621 9895
f 9896 9890 9893
f 9896 9893 9897
f 3450 2621 3506
f 3449 2917 3450
f 9895 1621 1628
f 9895 1628 9898
f 4254 4250 4220
f 9898 1628 1629
f 9898 1629 9899
f 4255 4254 4228
f 9899 1629 1630
f 9899 1630 9900
f 9900 1630 1632
f 9900 1632 9883
f 3599 3527 3542
f 3963 3945 3542
f 3532 3542 3527
f 3316 3532 3527
f 4261 4258 4228
f 4258 4255 4228
f 9317 9901 1553
f 9317 1553 1472
f 4217 9902 9903
f 3476 3475 2801
f 3476 2801 3550
f 3550 2801 3548
f 9837 9836 9841
f 1644 9904 9905
f 1644 9905 1646
f 2914 2913 3939
f 1645 9906 9904
f 1645 9904 1644
f 9907 9842 9908
f 9843 9842 9907
f 1553 9901 9906
f 1553 9906 1645
f 9870 9875 9845
f 9909 9870 9869
f 9869 9908 9909
f 3753 2914 3754
f 1693 1646 9905
f 9910 9274 9275
f 9911 9274 9910
f 9912 9281 9282
f 3935 3754 2914
f 3939 3935 2914
f 9913 9914 9915
f 9916 9915 9914
f 4103 4025 4094
f 3966 4019 3977
f 9917 9913 9915
f 9914 9918 9916
f 9919 9920 9921
f 9918 9919 9916
f 9922 9921 9923
f 9920 9923 9921
f 9924 9917 9915
f 9925 9926 9927
f 4031 3957 4094
f 4020 4025 4103
f 4019 4020 4103
f 4103 3977 4019
f 9928 9929 9927
f 9930 9928 9927
f 9929 9931 9927
f 9931 9932 9927
f 9933 9930 9927
f 9932 9925 9927
f 9911 9927 9934
f 3967 4106 3963
f 1694 1692 9935
f 9934 9936 9911
f 9911 9936 9937
f 9937 9938 9911
f 4025 4031 4094
f 3967 3966 3977
f 3967 3977 4106
f 3945 3963 4106
f 3599 3542 3945
f 9915 9939 9924
f 9940 9924 9939
f 9927 9940 9939
f 9939 9933 9927
f 9926 9934 9927
f 4057 4063 3934
f 4077 4081 3934
f 4081 4084 3934
f 3753 3934 5509
f 4200 4078 3934
f 4078 4077 3934
f 1711 9941 9942
f 9943 9287 9944
f 9334 9287 9943
f 9332 9287 9333
f 9944 9287 9285
f 4035 4034 3934
f 3934 4094 3957
f 3957 4045 3934
f 4035 3934 4045
f 4034 4036 3934
f 4036 4057 3934
f 4063 4200 3934
f 2914 3753 5509
f 4084 5509 3934
f 9285 9279 9278
f 9339 9945 9340
f 9278 9288 9340
f 9946 9947 9282
f 9948 9946 9282
f 9945 9948 9282
f 9282 9340 9945
f 4262 4264 4226
f 4259 4262 4229
f 4226 4229 4262
f 4231 4226 4264
f 9949 9911 9950
f 4222 4247 4223
f 4235 4245 4222
f 4223 4253 4229
f 4237 4306 4234
f 4234 4243 4235
f 4243 4234 4238
f 4245 4235 4243
f 9951 9952 1666
f 4247 4222 4245
f 9953 9954 9949
f 9954 9955 9949
f 9956 9955 9954
f 9955 9957 9949
f 9957 9958 9949
f 9959 9911 9958
f 9274 9911 9959
f 9949 9958 9911
f 9938 9950 9911
f 9947 9912 9282
f 4253 4223 4249
f 9922 9960 9961
f 9962 9951 1666
f 9916 9919 9921
f 1690 9963 9964
f 4249 4223 4247
f 4253 4256 4229
f 4256 4259 4229
f 7444 9965 4218
f 9966 7454 4219
f 4219 4218 9965
f 9965 9966 4219
f 9963 1690 9967
f 1693 9967 1690
f 9968 9969 9970
f 9921 9922 9961
f 9968 9961 9960
f 9969 9968 9960
f 9905 9967 1693
f 9971 9972 9973
f 4277 4649 4270
f 4270 4650 4267
f 4279 4647 4277
f 4282 4647 4279
f 9974 9975 688
f 4306 4237 4304
f 4301 4237 4299
f 4304 4237 4301
f 4290 4297 4267
f 1694 9935 9976
f 4297 4299 4267
f 4237 4267 4299
f 4238 4234 4306
f 4293 4290 4267
f 9977 9935 1692
f 4634 4282 4633
f 9978 9979 9980
f 9981 9980 9979
f 9964 9977 1692
f 4626 4633 4282
f 4627 4626 4282
f 4634 4639 4282
f 1710 9941 1711
f 4645 4282 4639
f 9982 688 9975
f 9975 9983 9982
f 9984 9974 691
f 688 691 9974
f 9983 9971 9982
f 9973 9982 9971
f 9972 9978 9973
f 9980 9973 9978
f 9969 9981 9970
f 9979 9970 9981
f 1710 9985 9941
f 4647 4282 4645
f 4649 4277 4647
f 4650 4270 4649
f 4658 4267 4650
f 4659 4661 4267
f 9986 9987 9988
f 9986 9988 9989
f 9986 9989 9990
f 9986 9990 9991
f 9986 9991 9992
f 9993 9994 9995
f 9996 9993 9995
f 9997 9993 9996
f 9998 9993 9997
f 9999 9993 9998
f 10000 9993 9999
f 10001 9993 10000
f 4661 4641 4267
f 4641 4293 4267
f 4658 4659 4267
f 9987 9995 9994
f 9993 10002 10003
f 10003 10002 10004
f 9994 9988 9987
f 10005 10006 1743
f 4282 4671 4674
f 4627 4282 4674
f 10004 10002 10007
f 4732 5194 4733
f 10007 10008 10009
f 4746 5190 4744
f 1743 10010 10005
f 4746 4748 4288
f 10011 10009 10012
f 1741 10013 10010
f 4748 4765 4288
f 10014 10011 10012
f 9942 10013 1741
f 9942 1741 1711
f 4682 4282 4767
f 4767 4288 4765
f 4671 4282 4682
f 4744 5190 4732
f 4288 4767 4282
f 5190 4746 4288
f 1666 9952 1667
f 10015 10016 10017
f 10018 10019 10017
f 10019 10015 10017
f 4772 5197 4768
f 1668 1667 10020
f 9952 10020 1667
f 4733 5194 4772
f 1665 9962 1666
f 10016 10021 10017
f 10021 10022 10017
f 10022 10023 10017
f 10024 10017 10023
f 10025 10018 10017
f 10026 10025 10017
f 10017 10027 10026
f 10028 10029 10023
f 5245 5232 5472
f 5472 5474 5245
f 9964 1691 1690
f 5232 5235 5472
f 5470 5472 5235
f 10027 10030 10026
f 1672 1681 10031
f 10032 10031 1681
f 10033 10009 10034
f 1672 10031 1665
f 9962 1665 10031
f 5474 5476 5223
f 1681 1682 10032
f 9976 10032 1682
f 10035 10009 10036
f 10034 10009 10035
f 5222 5242 5474
f 5223 5222 5474
f 10002 9993 10037
f 1694 9976 1682
f 5242 5245 5474
f 10008 10007 10038
f 5195 4732 5190
f 5194 4732 5195
f 9964 1692 1691
f 10039 9993 10040
f 10041 9993 10039
f 10042 9993 10041
f 10037 9993 10042
f 10040 9993 10043
f 10038 10007 10002
f 10043 9993 10001
f 1708 9985 1710
f 9985 1708 10044
f 1709 10044 1708
f 5251 5443 2412
f 1709 1668 10044
f 10020 10044 1668
f 10028 10045 10046
f 1732 1733 10047
f 10048 10047 1733
f 5228 5251 2442
f 5226 5228 2442
f 2435 2442 5251
f 5239 5226 5470
f 10049 10009 10050
f 10050 10009 10051
f 10051 10009 10052
f 10052 10009 10053
f 10012 10009 10049
f 10053 10009 10054
f 10055 10046 10045
f 10056 10009 10033
f 10054 10009 10056
f 10057 10048 1733
f 10057 1733 1634
f 10058 10059 10060
f 10036 10009 10008
f 10045 10014 10055
f 10012 10055 10014
f 1634 1744 10057
f 10006 10057 1744
f 2412 2430 5251
f 2430 2435 5251
f 2442 5470 5226
f 5235 5239 5470
f 1743 10006 1744
f 10061 10062 10063
f 10063 10060 10061
f 5443 5444 2413
f 81 10063 10062
f 10064 10061 10060
f 1743 1742 10010
f 5444 5446 2130
f 2130 2413 5444
f 2413 2412 5443
f 2131 2130 5451
f 1741 10010 1742
f 82 81 77
f 10062 79 81
f 79 77 81
f 10065 10064 10060
f 10066 10067 1759
f 10066 1759 1760
f 5446 5448 2130
f 5448 5450 2130
f 5450 5451 2130
f 5453 2131 5451
f 1757 10068 1824
f 5464 5466 5215
f 10059 10069 10060
f 10024 10023 10029
f 10029 10028 10046
f 10067 10068 1757
f 10067 1757 1759
f 10070 10066 1760
f 10070 1760 1770
f 86 84 10071
f 10072 10070 1770
f 10072 1770 1771
f 10073 10065 10060
f 77 76 82
f 10069 10073 10060
f 84 82 76
f 76 10071 84
f 1771 10047 10072
f 1732 10047 1771
f 5480 5484 5203
f 5484 5486 5203
f 1758 10074 9885
f 5486 5488 5203
f 5203 4776 5480
f 10068 10075 1824
f 108 103 88
f 561 112 88
f 5459 5464 5215
f 88 86 561
f 10076 1794 10077
f 1793 10077 1794
f 9809 9804 9794
f 10078 10077 1793
f 10078 1793 1797
f 9794 10079 9809
f 10080 561 86
f 10071 10080 86
f 10081 10026 10030
f 9812 9809 10079
f 9813 9812 9689
f 1802 10082 10078
f 1802 10078 1797
f 10060 10081 10030
f 10083 10082 1802
f 10083 1802 1806
f 9793 9675 9677
f 10030 10084 10060
f 9677 9795 9793
f 10085 10083 1806
f 10085 1806 1823
f 10086 10087 10060
f 10084 10086 10060
f 10088 10085 1823
f 10088 1823 1822
f 9803 9688 9794
f 9795 9688 9687
f 9687 10089 9795
f 10089 10090 9795
f 10090 9793 9795
f 10091 10088 1822
f 10091 1822 1821
f 10092 10091 1821
f 10092 1821 1820
f 110 108 88
f 10087 10058 10060
f 668 655 97
f 1819 10093 10092
f 1819 10092 1820
f 1818 10094 10093
f 1818 10093 1819
f 94 92 662
f 1924 10095 10094
f 1924 10094 1818
f 1923 10096 10095
f 1923 10095 1924
f 10075 10096 1923
f 10075 1923 1824
f 10097 10098 10099
f 9690 10099 10098
f 10098 9796 9690
f 9796 9691 9690
f 9691 9813 9689
f 9689 9812 10079
f 10100 10101 10102
f 10103 10104 10100
f 10105 10106 10107
f 10108 10109 10110
f 10106 10108 10107
f 9294 10111 1913
f 9294 1913 1915
f 5048 10112 9490
f 5046 5048 9490
f 10113 10097 10099
f 1841 1843 10114
f 1841 10114 10115
f 10112 5048 5072
f 10112 5072 10116
f 10114 1843 1850
f 10114 1850 10117
f 10118 10119 10099
f 10116 5072 5071
f 10116 5071 2016
f 2016 5071 6028
f 2016 6028 2004
f 10120 10118 10099
f 10119 10113 10099
f 10117 1850 1856
f 10117 1856 10121
f 5142 181 179
f 5142 179 5141
f 10122 10121 1856
f 10122 1856 1866
f 10099 10102 10101
f 10101 10120 10099
f 10123 10122 1866
f 10123 1866 1883
f 181 6060 182
f 10102 10103 10100
f 10124 10123 1883
f 10124 1883 1868
f 6060 181 5142
f 10104 10105 10100
f 10125 10124 1868
f 10125 1868 1870
f 6074 10126 10127
f 6074 10127 6059
f 10107 10100 10105
f 10128 10125 1870
f 10128 1870 1876
f 10129 10128 1876
f 10129 1876 1910
f 6059 10127 182
f 6059 182 6060
f 10130 10131 10132
f 10131 10133 10132
f 10134 10132 10135
f 10136 10132 10133
f 10137 10136 10133
f 10138 10139 10137
f 1913 10111 10129
f 1913 10129 1910
f 6073 10140 10126
f 6073 10126 6074
f 10141 10140 6073
f 10141 6073 6058
f 10135 10132 10142
f 10142 10132 10143
f 175 10141 6058
f 175 6058 6057
f 1917 1916 9280
f 1916 1914 10144
f 1916 10144 9280
f 183 184 5134
f 183 5134 5138
f 1914 1912 10145
f 1914 10145 10144
f 5140 178 183
f 5140 183 5138
f 1912 1911 10146
f 1912 10146 10145
f 10147 10148 10149
f 10148 10150 10149
f 179 178 5140
f 179 5140 5141
f 1911 1909 10151
f 1911 10151 10146
f 10149 10152 10147
f 92 90 585
f 585 647 92
f 1909 1877 10153
f 1909 10153 10151
f 1877 1875 10154
f 1877 10154 10153
f 1875 1874 10155
f 1875 10155 10154
f 10156 10157 10158
f 10152 10159 10160
f 10160 10161 10152
f 10162 10160 10159
f 10161 10147 10152
f 9793 10090 6309
f 1758 1803 10074
f 10090 10089 6293
f 10090 6293 6309
f 10163 10164 10165
f 10158 10164 10163
f 10074 1803 1789
f 10074 1789 10166
f 6293 10089 9687
f 6293 9687 6294
f 10165 10164 10167
f 10166 1789 1788
f 10166 1788 10168
f 6294 9687 9686
f 6294 9686 6313
f 10168 1788 1949
f 10168 1949 10169
f 10170 10171 10164
f 10171 10167 10164
f 9689 6306 6328
f 9689 6328 9690
f 10169 1949 1946
f 10169 1946 10172
f 10164 10173 10170
f 10079 6302 6306
f 10079 6306 9689
f 1841 10115 1946
f 10172 1946 10115
f 10173 10174 10175
f 10175 10176 10173
f 10176 10170 10173
f 10079 9794 6302
f 6298 6302 9794
f 1842 10177 10178
f 1842 10178 1849
f 9796 10098 6327
f 9796 6327 6326
f 10179 10180 10174
f 10180 10175 10174
f 10181 10179 10174
f 10174 10182 10181
f 10183 10184 10182
f 10185 10177 1842
f 10098 10097 6332
f 10098 6332 6327
f 10113 10119 6333
f 10113 6333 6331
f 1947 10186 10187
f 1947 10187 1948
f 10188 10189 10190
f 10191 10190 10189
f 10192 10191 10189
f 1967 10193 10186
f 1967 10186 1947
f 10097 10113 6331
f 10097 6331 6332
f 1966 10194 10193
f 1966 10193 1967
f 10195 10192 10189
f 10189 10196 10195
f 1970 10197 10194
f 1970 10194 1966
f 10198 10199 10200
f 1790 10201 10197
f 1790 10197 1970
f 1794 10076 10201
f 1794 10201 1790
f 10102 6330 6347
f 10102 6347 10103
f 10202 10203 10200
f 10203 10204 10200
f 10204 10198 10200
f 10205 10200 10199
f 10099 6329 6330
f 10099 6330 10102
f 6328 6329 10099
f 6328 10099 9690
f 10206 10205 10199
f 10207 10205 10206
f 10208 10205 10207
f 10209 10202 10200
f 1985 10185 1842
f 6337 10110 10210
f 6337 10210 6354
f 10211 10185 1985
f 10211 1985 1986
f 6333 10119 6334
f 10118 6334 10119
f 2867 10212 10211
f 2867 10211 1986
f 10213 10214 10208
f 10215 10209 10200
f 10216 10217 10218
f 10219 10212 2867
f 10219 2867 1945
f 6335 6334 10120
f 10118 10120 6334
f 10220 10221 1944
f 10220 1944 2878
f 10200 10188 10215
f 10190 10215 10188
f 10120 10101 6336
f 10120 6336 6335
f 1944 10221 1945
f 6336 10101 10100
f 6336 10100 6341
f 1945 10221 10219
f 6341 10100 10107
f 6341 10107 6339
f 10222 10223 2875
f 10222 2875 1969
f 6337 6339 10110
f 10107 10110 6339
f 2875 10223 10220
f 2875 10220 2878
f 1968 10224 10222
f 1968 10222 1969
f 6354 10210 10225
f 6354 10225 6358
f 1968 1948 10224
f 10187 10224 1948
f 10226 10227 10228
f 6358 10225 6356
f 1874 1869 10229
f 1874 10229 10155
f 6356 10230 10138
f 6356 10138 6362
f 1869 1884 10231
f 1869 10231 10229
f 10225 10230 6356
f 1884 1867 10232
f 1884 10232 10231
f 1857 10233 10232
f 1857 10232 1867
f 10234 10226 10228
f 10235 10228 10227
f 10236 10235 10227
f 10228 10237 10234
f 10237 10195 10196
f 10196 10234 10237
f 10238 10162 10159
f 10239 10149 10150
f 10137 6360 10138
f 6362 10138 6360
f 1857 1849 10233
f 10178 10233 1849
f 10137 10133 6376
f 10137 6376 6360
f 10240 2899 10241
f 10133 10131 6367
f 10133 6367 6376
f 2897 10242 10241
f 2897 10241 2899
f 10243 10238 10157
f 2898 10244 10242
f 2898 10242 2897
f 10131 10130 6364
f 10131 6364 6367
f 2887 10245 10246
f 2887 10246 2885
f 10130 10134 6365
f 10130 6365 6364
f 2896 10247 10245
f 2896 10245 2887
f 2885 10246 10244
f 2885 10244 2898
f 6368 6365 10135
f 10134 10135 6365
f 3163 10248 10247
f 3163 10247 2896
f 10135 10142 6369
f 10135 6369 6368
f 3165 10249 10248
f 3165 10248 3163
f 10184 10181 10182
f 6369 10142 10143
f 6369 10143 7649
f 10164 10158 10157
f 3152 2907 10250
f 2907 2909 10251
f 2907 10251 10250
f 10159 10157 10238
f 10252 10243 10157
f 10253 10252 10157
f 10156 10253 10157
f 2909 3133 10254
f 2909 10254 10251
f 10183 10255 6428
f 10183 6428 6421
f 6429 6428 10255
f 10256 10257 10258
f 10259 10260 10261
f 10253 6389 6388
f 10253 6388 10252
f 10156 6394 6389
f 10156 6389 10253
f 10262 10254 2920
f 3133 2920 10254
f 10156 10158 6398
f 10156 6398 6394
f 2921 2929 10263
f 2921 10263 10264
f 10265 10256 10258
f 10261 10266 10259
f 10266 10258 10259
f 10257 10259 10258
f 10158 10163 6395
f 10158 6395 6398
f 2929 2928 10263
f 10258 10239 10265
f 10267 10265 10239
f 2920 2921 10264
f 2920 10264 10262
f 10163 10165 6395
f 10260 10268 10269
f 10150 10267 10239
f 10269 10261 10260
f 10270 10269 10268
f 2928 10271 10263
f 6495 6499 10161
f 6495 10161 10160
f 2928 2927 10272
f 2928 10272 10271
f 6496 6495 10160
f 6496 10160 10162
f 10273 10274 10275
f 2927 2926 10276
f 2927 10276 10272
f 10273 10277 10278
f 10279 3134 10280
f 10278 10281 10282
f 10283 10276 3132
f 2926 3132 10276
f 10283 3132 3134
f 10283 3134 10279
f 10284 3139 3143
f 10284 3143 10285
f 3143 3142 10286
f 3143 10286 10285
f 10277 10273 10287
f 10288 10287 10273
f 10289 10278 10277
f 10275 10288 10273
f 10281 10278 10289
f 10290 10291 10292
f 10255 10293 10290
f 10183 10294 10255
f 10292 10282 10281
f 10182 10295 10183
f 10293 10255 10296
f 10291 10290 10293
f 10282 10292 10291
f 3134 3135 10280
f 10280 3135 3139
f 10280 3139 10284
f 3144 10297 3142
f 10286 3142 10297
f 10298 10299 10300
f 10301 10302 10298
f 10303 10274 10301
f 10300 10299 10304
f 10274 10302 10301
f 10297 3144 3204
f 10297 3204 10305
f 10303 10275 10274
f 3204 10306 10305
f 3159 10307 10308
f 3159 10308 3160
f 3157 10309 10307
f 3157 10307 3159
f 10294 10183 10310
f 3155 10311 10309
f 3155 10309 3157
f 10296 10255 10294
f 10310 10183 10295
f 3155 3153 10312
f 3155 10312 10311
f 3153 3150 10313
f 3153 10313 10312
f 3150 3152 10314
f 3150 10314 10313
f 3152 10250 10314
f 10299 10298 10302
f 10315 10316 10299
f 10317 10318 3151
f 10304 10299 10319
f 10320 10317 3151
f 10321 10322 3167
f 10321 3167 3170
f 10249 3165 10322
f 3167 10322 3165
f 10323 10321 3170
f 10323 3170 3169
f 10324 10323 3169
f 10324 3169 3189
f 10325 10316 10315
f 10319 10299 10316
f 3188 10326 10324
f 3188 10324 3189
f 10327 10326 3188
f 10327 3188 3187
f 10328 10329 10315
f 10329 10330 10315
f 10330 10325 10315
f 10331 10332 10315
f 10332 10328 10315
f 3179 10333 10327
f 3179 10327 3187
f 10308 10333 3179
f 10308 3179 3160
f 10315 10334 10335
f 10336 10315 10337
f 10335 10337 10315
f 10336 10331 10315
f 3156 3158 10338
f 3156 10338 10339
f 10340 10315 10341
f 10338 3158 3161
f 10338 3161 10342
f 10343 10341 10315
f 10342 3161 3180
f 10342 3180 10344
f 10345 10343 10315
f 10344 3180 3171
f 10344 3171 10346
f 10346 3171 10347
f 10348 10345 10315
f 10349 10348 10315
f 10334 10315 10340
f 10320 3151 3154
f 10350 10349 10315
f 3156 10339 10320
f 3156 10320 3154
f 10351 10352 10353
f 10306 3203 3200
f 10306 3200 10354
f 10352 10355 10353
f 10315 10353 10355
f 10355 10350 10315
f 3200 3199 10356
f 3200 10356 10354
f 3199 3206 10357
f 3199 10357 10356
f 10353 10358 10351
f 10359 10351 10358
f 10360 10361 10362
f 3204 3203 10306
f 3206 3205 10363
f 3206 10363 10357
f 3205 3215 10364
f 3205 10364 10363
f 3215 3214 10365
f 3215 10365 10364
f 3214 10366 10365
f 10367 10360 10359
f 10362 10359 10360
f 10361 10368 10362
f 10368 10369 10362
f 10369 10370 10362
f 10370 10371 10362
f 10372 10373 3262
f 10372 3262 3213
f 10374 10367 10359
f 10375 10372 3213
f 10375 3213 3212
f 10376 10375 3212
f 10376 3212 3222
f 10377 10376 3222
f 10377 3222 3207
f 10378 10379 10380
f 10381 10377 3207
f 10381 3207 3201
f 10382 10378 10380
f 10383 10381 3201
f 10383 3201 3202
f 10384 10382 10385
f 10380 10385 10382
f 10386 10383 3202
f 10386 3202 3136
f 10387 10384 10385
f 10318 10386 3136
f 10318 3136 2908
f 10388 10362 10371
f 10389 10387 10390
f 10385 10390 10387
f 10318 2908 3151
f 10391 10389 10390
f 10371 10391 10390
f 10358 10374 10359
f 10388 10371 10390
f 3265 10392 3240
f 10393 3240 10392
f 10394 10395 10396
f 3265 3237 10397
f 3265 10397 10392
f 10396 10398 10399
f 10399 10398 10400
f 10400 10401 10402
f 3234 3269 10403
f 3234 10403 10404
f 10403 3269 3273
f 10403 3273 10405
f 10406 10402 10216
f 10407 10408 10394
f 10409 10395 10394
f 10410 10411 10213
f 10218 10406 10216
f 3237 3235 10412
f 3237 10412 10397
f 10412 3235 3234
f 10412 3234 10404
f 10413 3261 3239
f 10413 3239 10414
f 10415 10416 10417
f 10418 10417 10416
f 10419 10418 10416
f 10407 10419 10416
f 10407 10416 10420
f 10407 10420 10408
f 10421 10394 10408
f 10422 10394 10421
f 10409 10394 10422
f 3239 3240 10393
f 3239 10393 10414
f 3214 3264 10366
f 10214 10213 10411
f 10423 3263 3260
f 10423 3260 10424
f 3260 3261 10413
f 3260 10413 10424
f 10214 10205 10208
f 10227 10270 10236
f 10268 10236 10270
f 3264 3263 10423
f 3264 10423 10366
f 10411 10410 10217
f 10405 3273 10425
f 3321 10425 3273
f 10425 3321 3313
f 10425 3313 10426
f 10426 3313 3320
f 10426 3320 10427
f 10428 10402 10429
f 10430 10402 10428
f 10216 10402 10430
f 10410 10218 10217
f 10427 3320 10431
f 10432 3294 3292
f 10432 3292 10433
f 3292 3291 10434
f 3292 10434 10433
f 3320 3295 10431
f 10435 10402 10436
f 10436 10402 10437
f 10431 3295 3294
f 10431 3294 10432
f 3291 3290 10438
f 3291 10438 10434
f 10439 10402 10435
f 10440 10402 10439
f 10429 10402 10441
f 10441 10402 10440
f 3279 3280 10442
f 3279 10442 10443
f 10437 10402 10444
f 10445 10442 3280
f 10444 10402 10446
f 10446 10402 10447
f 3290 3279 10443
f 3290 10443 10438
f 3280 3276 10445
f 10447 10402 10401
f 10401 10400 10448
f 10448 10400 10398
f 3276 3278 10449
f 3276 10449 10445
f 3278 3296 10450
f 3278 10450 10449
f 10451 10396 10395
f 10452 10396 10451
f 10398 10396 10452
f 10450 3296 10453
f 3296 3299 10453
f 10454 10455 10456
f 10457 3301 3303
f 10457 3303 10458
f 10456 10455 10459
f 10460 10461 10462
f 10453 3299 3301
f 10453 3301 10457
f 10458 3303 3308
f 10458 3308 10463
f 10463 3308 3309
f 10463 3309 10464
f 10465 10466 10461
f 10461 10467 10465
f 10379 10465 10467
f 10467 10380 10379
f 10373 10468 3236
f 10373 3236 3262
f 10469 3312 10470
f 10471 10470 3312
f 10471 3312 3271
f 10472 10473 10474
f 3236 10468 10471
f 3236 10471 3271
f 10473 10475 10474
f 10474 10475 10476
f 3349 10477 10478
f 3349 10478 3333
f 10479 10480 10481
f 10476 10475 10479
f 10469 10482 3293
f 10481 10483 10484
f 3350 10485 10477
f 3350 10477 3349
f 10486 10487 10488
f 10482 10485 3350
f 10482 3350 3351
f 10466 10462 10461
f 10462 10459 10460
f 10489 10490 10491
f 10490 10486 10488
f 10488 10491 10490
f 10491 10492 10489
f 10454 10489 10492
f 10455 10454 10492
f 10482 3351 3293
f 10493 10494 10495
f 10496 10497 3377
f 10496 3377 3355
f 10498 10499 10500
f 10501 10496 3355
f 10501 3355 3302
f 10500 10499 10502
f 10503 10501 3302
f 10503 3302 3300
f 10504 10505 10498
f 10494 10506 10507
f 10508 10503 3300
f 10508 3300 3277
f 10509 10510 10473
f 10511 10509 10473
f 3331 10512 10508
f 3331 10508 3277
f 10513 10473 10514
f 3332 10515 10512
f 3332 10512 3331
f 3332 3333 10515
f 10478 10515 3333
f 10469 3293 3312
f 3422 10516 10517
f 3422 10517 3356
f 10518 10473 10519
f 10520 10473 10518
f 10521 10473 10520
f 10514 10473 10521
f 10522 10473 10513
f 10511 10473 10522
f 10523 10519 10473
f 10524 10488 10487
f 10487 10484 10524
f 10523 10473 10472
f 3424 10525 10526
f 3424 10526 3423
f 10527 10525 3424
f 10528 10529 10530
f 10530 10531 10528
f 3423 10526 10516
f 3423 10516 3422
f 10532 10533 3431
f 10532 3431 3440
f 10534 10528 10531
f 3431 10533 10527
f 3431 10527 3429
f 3429 10527 3424
f 10473 10510 10535
f 3440 3377 10532
f 10497 10532 3377
f 10536 10537 3371
f 10538 10536 3371
f 10538 3371 3370
f 10539 10473 10540
f 10540 10473 10541
f 3357 10542 10543
f 3357 10543 3378
f 10544 10545 10473
f 10546 10538 3370
f 10546 3370 3360
f 10483 10481 10480
f 10547 10475 10473
f 10480 10479 10475
f 10548 10546 3360
f 10548 3360 3359
f 3378 10543 10548
f 3378 10548 3359
f 3356 10517 3357
f 10542 3357 10517
f 10535 10549 10473
f 10539 10550 10473
f 10550 10551 10473
f 10544 10473 10551
f 10545 10552 10473
f 10552 10553 10473
f 10553 10547 10473
f 10524 10484 10483
f 10554 10464 3439
f 3309 3439 10464
f 10502 10555 10556
f 10554 3439 3438
f 10554 3438 10557
f 10558 10556 10555
f 3438 3430 10559
f 3438 10559 10557
f 3430 3358 10560
f 3430 10560 10559
f 3358 3373 10561
f 3358 10561 10560
f 3373 3372 10562
f 3373 10562 10561
f 10549 10563 10564
f 10564 10473 10549
f 10563 10565 10564
f 10541 10473 10564
f 10531 10564 10565
f 10565 10566 10531
f 10566 10567 10531
f 10567 10534 10531
f 10529 10568 10530
f 10568 10569 10530
f 10569 10570 10530
f 10570 10571 10530
f 10555 10530 10571
f 10571 10558 10555
f 10460 10459 10455
f 3372 3403 10572
f 3372 10572 10562
f 3403 3404 10573
f 3403 10573 10572
f 3404 3398 10574
f 3404 10574 10573
f 3398 3397 10575
f 3398 10575 10574
f 10575 3397 3441
f 10575 3441 10576
f 10577 10578 10138
f 10576 3441 3454
f 10576 3454 10579
f 10580 10577 10138
f 10579 3454 3453
f 10579 3453 10581
f 10582 10580 10138
f 10230 10225 10582
f 3453 3502 10583
f 3453 10583 10581
f 10583 3502 3501
f 10583 3501 10584
f 10584 3501 3504
f 10584 3504 10585
f 3504 3505 10586
f 3504 10586 10585
f 10109 10587 10210
f 10225 10210 10587
f 10210 10110 10109
f 3505 3472 10588
f 3505 10588 10586
f 10589 10590 3451
f 10589 3451 3400
f 10591 3480 10592
f 3479 10592 3480
f 10587 10582 10225
f 10138 10230 10582
f 10593 10138 10578
f 10594 10138 10593
f 10595 10138 10594
f 10596 10138 10595
f 10597 10138 10596
f 10598 10137 10139
f 3478 10599 10592
f 3478 10592 3479
f 10134 10130 10132
f 10597 10139 10138
f 10110 10107 10108
f 10600 10599 3478
f 10600 3478 3503
f 10601 10600 3503
f 10601 3503 3452
f 10136 10137 10598
f 10590 10601 3452
f 10590 3452 3451
f 10602 10603 10604
f 10537 10589 3400
f 10537 3400 3399
f 10605 10143 10132
f 10604 10143 10605
f 10606 10603 10602
f 10606 10607 10608
f 10609 10608 10610
f 10537 3399 3371
f 10611 10588 3520
f 3472 3520 10588
f 3520 3509 10612
f 3520 10612 10611
f 10610 10613 10609
f 10614 10609 10613
f 10615 10609 10614
f 3509 6325 3388
f 3509 3388 10612
f 3389 3388 6325
f 10616 3508 10617
f 10618 10617 3507
f 10618 3507 3521
f 10619 10618 3521
f 10619 3521 3519
f 10615 10620 10609
f 10607 10610 10608
f 10603 10606 10608
f 10143 10604 10603
f 3471 10621 10619
f 3471 10619 3519
f 3470 10622 10621
f 3470 10621 3471
f 10623 10624 10625
f 10624 10626 10627
f 3523 10628 10622
f 3523 10622 3470
f 3522 10629 10628
f 3522 10628 3523
f 3480 10591 10629
f 3480 10629 3522
f 3367 10630 3541
f 3367 3541 3540
f 10631 10632 10633
f 10634 10635 10626
f 3507 10617 3508
f 10627 10636 10624
f 10637 10627 10626
f 3543 3362 3367
f 3543 3367 3540
f 3546 3364 3362
f 3546 3362 3543
f 3390 10638 6343
f 3390 6343 6345
f 10633 10624 10623
f 10625 10624 10636
f 10639 10637 10626
f 10640 10639 10626
f 10641 10609 10642
f 3545 10643 3364
f 3545 3364 3546
f 10644 10645 3554
f 10644 3554 3553
f 10646 10647 10641
f 3554 10645 10643
f 3554 10643 3545
f 10638 10644 3553
f 10638 3553 6343
f 10648 3390 3552
f 10642 10609 10620
f 10642 10649 10641
f 10646 10641 10649
f 10650 10641 10651
f 10647 10651 10641
f 10652 10653 10650
f 10651 10652 10650
f 3552 3390 6345
f 10616 10648 3552
f 10616 3552 3508
f 10240 3625 2899
f 10654 10655 10656
f 10657 10655 10654
f 10658 10659 10634
f 10659 10656 10655
f 10655 10634 10659
f 3565 10660 10661
f 3565 10661 3557
f 10662 10658 10634
f 10663 10662 10634
f 10664 10663 10634
f 597 595 88
f 595 578 88
f 598 597 88
f 604 598 88
f 106 604 88
f 90 88 578
f 578 577 90
f 577 585 90
f 103 106 88
f 112 110 88
f 10626 10664 10634
f 10624 10633 10665
f 10665 10633 10632
f 98 97 616
f 10653 10632 10631
f 10631 10650 10653
f 662 661 94
f 10666 10667 10668
f 10669 10668 10667
f 629 626 97
f 633 629 97
f 616 615 98
f 626 616 97
f 615 686 671
f 10657 10670 10655
f 10635 10640 10626
f 10670 10671 10655
f 10671 10672 10655
f 10672 10673 10655
f 10667 10655 10673
f 10674 10675 10676
f 10676 10677 10678
f 10677 10679 10680
f 10678 10674 10676
f 97 94 668
f 647 662 92
f 10679 10681 10682
f 655 644 97
f 661 668 94
f 10683 10684 10685
f 686 682 672
f 10668 10686 10666
f 10687 10666 10686
f 10686 10688 10687
f 10689 10682 10681
f 10682 10680 10679
f 10681 10685 10689
f 10684 10689 10685
f 644 636 97
f 636 633 97
f 671 98 615
f 672 671 686
f 2448 682 2453
f 4978 4985 7538
f 4978 7538 7628
f 4956 4978 7628
f 4956 7628 7636
f 766 796 703
f 4956 7636 7610
f 4956 7610 4964
f 4964 7610 7612
f 4964 7612 5001
f 5001 7612 7625
f 5001 7625 5002
f 5002 7625 7599
f 5002 7599 5003
f 5003 7599 7597
f 5003 7597 5004
f 5004 7597 7652
f 5004 7652 4410
f 698 700 782
f 700 814 747
f 4410 7652 7651
f 4410 7651 4409
f 4409 7651 7465
f 4409 7465 4408
f 4408 7465 7497
f 4408 7497 4407
f 10690 9896 9897
f 10690 9897 10691
f 767 703 773
f 767 766 703
f 4931 4924 7665
f 4931 7665 7667
f 4916 4931 7667
f 4916 7667 7579
f 10692 10690 10691
f 10692 10691 10693
f 10694 10692 10693
f 10694 10693 10695
f 780 773 698
f 782 780 698
f 736 747 814
f 10696 10694 10695
f 10696 10695 10697
f 739 723 691
f 723 722 691
f 722 716 691
f 10698 10696 10697
f 10698 10697 10699
f 5458 5456 5203
f 5456 5459 5203
f 5201 5203 5459
f 5215 5201 5459
f 5490 5458 5203
f 5488 5490 5203
f 5205 5215 5466
f 5466 4769 5205
f 4769 4768 5205
f 5197 5205 4768
f 5185 5187 5476
f 5197 4772 5194
f 5187 5223 5476
f 10700 10698 10699
f 10700 10699 10701
f 9865 9868 10701
f 703 698 773
f 691 703 796
f 796 740 691
f 740 739 691
f 716 715 691
f 10702 10703 691
f 10703 9984 691
f 715 10702 691
f 5496 5521 5493
f 10701 9868 10700
f 5500 5517 5498
f 10704 9878 10705
f 9877 10705 9878
f 1328 1324 1414
f 1324 1179 1414
f 1171 1328 1414
f 747 782 700
f 10704 10705 10706
f 10704 10706 10707
f 5512 2914 5509
f 10707 10706 10708
f 10707 10708 10709
f 5494 5528 5512
f 5521 5528 5493
f 5498 5521 5496
f 848 846 814
f 10709 10708 10710
f 10709 10710 10711
f 5514 5518 5500
f 10712 3833 10713
f 10712 10713 10714
f 846 837 814
f 837 836 814
f 836 737 814
f 737 736 814
f 853 848 814
f 858 853 814
f 10713 3833 3832
f 10713 3832 10715
f 2914 5512 5528
f 5494 5493 5528
f 4916 7579 7578
f 803 806 869
f 869 868 803
f 868 900 803
f 874 869 806
f 10716 10711 10717
f 10710 10717 10711
f 5543 9156 5539
f 5545 9156 5543
f 5518 9151 5545
f 5517 5500 5518
f 10716 10717 10712
f 10716 10712 10714
f 5539 9142 5540
f 812 803 900
f 900 865 812
f 865 863 812
f 814 812 863
f 863 858 814
f 10718 10715 3867
f 3832 3867 10715
f 5559 9539 5557
f 5557 9539 5552
f 10718 3867 10719
f 10718 10719 10720
f 10720 10719 3863
f 10720 3863 10721
f 5566 9534 5559
f 5552 9539 5534
f 10721 3863 3878
f 10721 3878 10722
f 5534 9539 5530
f 1123 1425 1121
f 1128 1425 1132
f 4906 4911 7576
f 4906 7576 7574
f 5530 9539 5532
f 5568 9145 5566
f 5567 9145 5568
f 4913 4916 7578
f 1301 1425 1123
f 4911 4913 7578
f 4911 7578 7576
f 7577 4909 4906
f 7577 4906 7574
f 5579 9536 5585
f 5532 9536 5579
f 5540 9141 5567
f 7556 6643 4909
f 7556 4909 7577
f 6642 6643 7556
f 6642 7556 7555
f 2524 2494 5592
f 1041 1417 1301
f 806 1414 1177
f 1221 1219 1425
f 7557 6641 6642
f 7557 6642 7555
f 892 890 806
f 7554 6645 6641
f 7554 6641 7557
f 1138 892 806
f 5597 2504 5596
f 7553 6644 6645
f 7553 6645 7554
f 4897 6644 7553
f 4897 7553 7550
f 1177 1151 806
f 1171 1417 1041
f 1128 1121 1425
f 4900 4897 7550
f 4900 7550 7539
f 5591 2131 5453
f 5590 2131 5591
f 5595 2524 5592
f 5596 2510 5595
f 1151 1138 806
f 890 880 806
f 880 878 806
f 876 874 806
f 878 876 806
f 10723 10722 3857
f 3878 3857 10722
f 175 6057 6064
f 1219 1132 1425
f 3857 3856 10724
f 3857 10724 10723
f 187 185 6050
f 187 6050 5107
f 10724 3856 3848
f 10724 3848 10725
f 176 175 6064
f 3848 3847 10726
f 3848 10726 10725
f 185 176 6064
f 185 6064 6050
f 3847 3855 10727
f 3847 10727 10726
f 1425 1428 1241
f 1241 1235 1425
f 1236 1425 1235
f 1236 1221 1425
f 1259 1241 1428
f 3855 3850 10728
f 3855 10728 10727
f 187 5107 9507
f 5073 9507 5107
f 1260 1259 1428
f 3875 3877 10729
f 1417 1171 1414
f 1179 1177 1414
f 10729 3877 10730
f 10729 10730 10731
f 5354 189 190
f 5354 190 5157
f 3850 3849 10732
f 3850 10732 10728
f 188 189 5354
f 188 5354 5131
f 3876 3875 10733
f 3876 10733 10734
f 1525 1528 1445
f 1425 1301 1417
f 191 188 5131
f 191 5131 5116
f 10733 3875 10729
f 1401 1260 1428
f 3849 3876 10734
f 3849 10734 10732
f 5156 5157 192
f 190 192 5157
f 10735 10731 10736
f 10730 10736 10731
f 194 191 5116
f 194 5116 6065
f 1428 1525 1433
f 1433 1401 1428
f 10735 10736 621
f 10735 621 10737
f 1445 1441 1525
f 1441 1433 1525
f 10737 621 622
f 10737 622 10738
f 5154 5156 948
f 192 948 5156
f 193 194 6065
f 193 6065 5135
f 1449 1445 1528
f 606 10739 622
f 10738 622 10739
f 606 608 10740
f 606 10740 10739
f 5135 5134 193
f 184 193 5134
f 1542 1567 1453
f 1453 1449 1542
f 1455 1453 1567
f 1528 1542 1449
f 1567 1561 1455
f 608 610 10741
f 608 10741 10740
f 197 1855 5357
f 610 609 10742
f 610 10742 10741
f 195 197 5357
f 195 5357 5360
f 1480 1478 1561
f 198 195 5360
f 198 5360 5361
f 10743 3886 3885
f 10743 3885 10744
f 1484 1480 1561
f 1486 1484 1561
f 202 198 5361
f 202 5361 5366
f 202 5366 5365
f 612 613 10745
f 612 10745 10746
f 199 200 5364
f 1478 1455 1561
f 1489 1486 1561
f 1561 1560 1497
f 1497 1489 1561
f 3884 3886 10743
f 201 202 5365
f 200 201 5365
f 200 5365 5364
f 613 620 10745
f 5146 945 947
f 5146 947 5362
f 609 612 10746
f 609 10746 10742
f 5145 944 945
f 5145 945 5146
f 3884 10743 10747
f 5153 946 944
f 5153 944 5145
f 620 10748 10745
f 1511 1506 1536
f 5153 5154 946
f 948 946 5154
f 620 623 10749
f 620 10749 10748
f 199 5364 5363
f 10749 623 625
f 10749 625 10750
f 1560 1549 1497
f 1503 1497 1549
f 1506 1503 1549
f 1549 1536 1506
f 947 199 5363
f 947 5363 5362
f 10747 625 3884
f 10750 625 10747
f 1590 1580 1523
f 1580 1583 1523
f 1583 1611 1523
f 1592 1590 1523
f 951 3827 5367
f 951 5367 949
f 1571 1592 1523
f 949 5367 4337
f 949 4337 956
f 4336 4335 954
f 4336 954 955
f 952 954 4326
f 4335 4326 954
f 1536 1535 1511
f 1535 1602 1511
f 1523 1511 1602
f 1602 1572 1523
f 1572 1571 1523
f 1611 1670 1523
f 1670 1660 1523
f 4337 4336 955
f 4337 955 956
f 8290 4198 3822
f 959 8290 3822
f 959 3822 3821
f 957 959 3821
f 957 3821 3820
f 1839 1835 1795
f 1618 1786 1615
f 957 3820 3823
f 957 3823 960
f 960 3823 3828
f 960 3828 10751
f 1638 1636 1523
f 1781 1523 1636
f 1626 1781 1636
f 3828 3819 962
f 3828 962 10751
f 962 3819 3827
f 962 3827 951
f 1647 1638 1523
f 5388 5387 982
f 5388 982 979
f 6384 6496 10162
f 6384 10162 10238
f 10243 6386 6384
f 10243 6384 10238
f 6388 6386 10243
f 6388 10243 10252
f 5370 967 998
f 5370 998 5368
f 5371 965 967
f 5371 967 5370
f 10165 6396 6395
f 5372 968 965
f 5372 965 5371
f 6409 6396 10167
f 10165 10167 6396
f 10167 10171 6399
f 10167 6399 6409
f 6399 10171 6400
f 6415 10176 10175
f 6415 10175 6403
f 10171 10170 6400
f 6400 10170 10176
f 6400 10176 6415
f 6403 10175 10180
f 6403 10180 6401
f 6401 10180 10179
f 6401 10179 6501
f 10179 10181 6500
f 10179 6500 6501
f 6500 10184 6608
f 10184 6500 10181
f 6421 6608 10183
f 10184 10183 6608
f 6525 6533 10192
f 6525 10192 10195
f 6526 6525 10195
f 6526 10195 10237
f 6539 6526 10237
f 6539 10237 10228
f 5382 988 977
f 10235 6540 6539
f 10235 6539 10228
f 10236 6436 6540
f 10236 6540 10235
f 5382 1095 988
f 10204 6465 6464
f 10204 6464 10198
f 10203 6453 6465
f 10203 6465 10204
f 5385 1096 1095
f 983 1096 5385
f 10198 6464 10199
f 10752 10753 638
f 10199 6464 6466
f 10209 6446 6454
f 10209 6454 10202
f 10752 638 10754
f 649 10754 638
f 6453 10203 6454
f 10202 6454 10203
f 10209 10215 6447
f 10209 6447 6446
f 649 657 10754
f 10755 10754 657
f 6462 6447 10215
f 6462 10215 10190
f 5395 5394 981
f 5395 981 987
f 658 10756 10755
f 658 10755 657
f 979 981 5388
f 6469 6468 10208
f 6469 10208 10207
f 658 674 10756
f 10757 10756 674
f 10206 6467 6469
f 10206 6469 10207
f 968 5372 972
f 674 10758 10757
f 6466 6467 10206
f 6466 10206 10199
f 6528 6462 10190
f 6528 10190 10191
f 972 5373 971
f 7046 7045 10410
f 7046 10410 10213
f 10213 10208 7046
f 6468 7046 10208
f 10191 10192 6528
f 6533 6528 10192
f 6444 6441 10260
f 6444 10260 10259
f 970 5376 969
f 10257 6521 6444
f 10257 6444 10259
f 973 969 5377
f 5376 5377 969
f 10265 6515 6519
f 10265 6519 10256
f 973 5377 975
f 10256 6519 6521
f 10256 6521 10257
f 975 5378 977
f 6436 10236 6437
f 10268 6437 10236
f 9799 9798 10759
f 9799 10759 677
f 6441 6437 10268
f 6441 10268 10260
f 977 5379 5382
f 6486 6433 10148
f 648 10760 10761
f 6487 6486 10148
f 6487 10148 10147
f 10147 10161 6487
f 6499 6487 10161
f 10762 10760 648
f 6515 10265 6511
f 10267 6511 10265
f 6433 6511 10267
f 6433 10267 10150
f 683 10763 10764
f 6433 10150 10148
f 5391 984 983
f 10152 10149 6431
f 10152 6431 6497
f 6431 10149 10239
f 6431 10239 6432
f 5391 985 984
f 693 10765 10766
f 6504 6420 10295
f 6504 10295 10182
f 693 10767 10765
f 5395 987 986
f 6402 6504 10182
f 6402 10182 10174
f 683 10764 702
f 6408 6402 10174
f 6408 10174 10173
f 5388 981 5394
f 6397 6408 10173
f 6397 10173 10164
f 10768 702 10764
f 972 5372 5373
f 6397 10164 10157
f 6397 10157 6382
f 6382 10157 10159
f 6382 10159 6383
f 702 10768 10769
f 6383 10159 10152
f 6383 10152 6497
f 5374 971 5373
f 10239 10258 6520
f 10239 6520 6432
f 10753 639 638
f 10266 6445 10258
f 6520 10258 6445
f 970 971 5375
f 5374 5375 971
f 5375 5376 970
f 10266 10261 6440
f 10266 6440 6445
f 6440 10261 10269
f 6440 10269 6439
f 6439 10269 10270
f 6439 10270 6438
f 975 5377 5378
f 10270 10227 6482
f 10270 6482 6438
f 6482 10227 10226
f 6482 10226 6537
f 5379 977 5378
f 10758 674 676
f 10234 10196 6527
f 10234 6527 6538
f 10196 10189 6529
f 10196 6529 6527
f 6448 6455 10200
f 10188 10200 6455
f 643 10770 10771
f 643 10771 642
f 1095 5382 5383
f 10753 10770 643
f 10753 643 639
f 1095 5383 5385
f 10226 10234 6538
f 10226 6538 6537
f 5385 5393 983
f 6529 10189 10188
f 6529 10188 6455
f 676 677 10758
f 677 10759 10758
f 5393 5391 983
f 985 5391 5392
f 6429 10290 10292
f 6429 10292 6551
f 641 642 10762
f 10292 10281 6552
f 10292 6552 6551
f 5392 5865 986
f 5392 986 985
f 10281 10289 6576
f 10281 6576 6552
f 5865 5395 986
f 10289 10277 6549
f 10289 6549 6576
f 10761 10763 675
f 10277 10287 6575
f 10277 6575 6549
f 10771 10762 642
f 10255 10290 6429
f 648 10761 675
f 5399 993 966
f 5399 966 5406
f 641 10762 648
f 5400 992 993
f 5400 993 5399
f 6548 6550 10273
f 6548 10273 10278
f 5401 990 992
f 5401 992 5400
f 10763 683 684
f 6553 6548 10278
f 6553 10278 10282
f 5402 991 990
f 5402 990 5401
f 6554 6553 10282
f 6554 10282 10291
f 684 675 10763
f 5403 994 991
f 5403 991 5402
f 6430 6554 10291
f 6430 10291 10293
f 710 694 10766
f 5397 995 994
f 5397 994 5403
f 5398 996 995
f 5398 995 5397
f 10287 10288 6577
f 10287 6577 6575
f 693 10766 694
f 10288 10275 6578
f 10288 6578 6577
f 5396 997 996
f 5396 996 5398
f 10767 693 692
f 10275 10303 6578
f 5396 5368 997
f 998 997 5368
f 10769 10767 692
f 10303 6597 6578
f 10303 10301 6590
f 10303 6590 6597
f 10301 10298 6591
f 10301 6591 6590
f 5901 5900 1189
f 5901 1189 1191
f 10298 10300 6592
f 10298 6592 6591
f 692 701 10769
f 10300 10304 6596
f 10300 6596 6592
f 1004 5411 1005
f 10769 701 702
f 10304 10319 6594
f 10304 6594 6596
f 5416 1010 1005
f 719 720 10772
f 719 10772 10773
f 10319 6595 6594
f 10772 720 856
f 10772 856 10774
f 6588 6593 10302
f 10774 856 855
f 10774 855 10775
f 6589 6588 10302
f 6589 10302 10274
f 10775 855 861
f 10775 861 10776
f 10274 10273 6589
f 6550 6589 10273
f 10776 861 872
f 10776 872 10777
f 10293 10296 6430
f 6602 6430 10296
f 6419 6427 10294
f 6419 10294 10310
f 10777 872 873
f 10777 873 10778
f 10310 10295 6419
f 6420 6419 10295
f 10778 873 2305
f 10778 2305 10779
f 10294 6427 6602
f 10294 6602 10296
f 10779 2305 2304
f 10779 2304 10780
f 6593 6615 10315
f 6593 10315 10299
f 10780 2304 10781
f 6593 10299 10302
f 10773 10782 719
f 895 10783 10784
f 895 10784 894
f 895 2251 10783
f 10785 10783 2251
f 10786 2254 10784
f 894 10784 2254
f 10787 10788 897
f 10787 897 898
f 5862 5863 1015
f 10788 10785 2251
f 10788 2251 897
f 6640 6634 10331
f 10782 10787 898
f 10782 898 901
f 10331 10336 6640
f 719 10782 901
f 10789 902 10790
f 904 10790 902
f 935 10791 10790
f 935 10790 904
f 5386 1023 1267
f 10792 10791 935
f 10792 935 940
f 924 10793 10792
f 924 10792 940
f 10794 10795 937
f 10794 937 926
f 10796 10794 926
f 10796 926 925
f 923 10797 10796
f 923 10796 925
f 921 10798 10797
f 921 10797 923
f 922 10799 10798
f 922 10798 921
f 5387 5386 982
f 936 10800 10799
f 936 10799 922
f 934 10801 10800
f 934 10800 936
f 1077 1079 5880
f 1086 1077 5880
f 934 902 10801
f 10789 10801 902
f 6618 10330 6633
f 1020 1008 5418
f 6633 10330 6632
f 1130 1020 5418
f 6634 10332 10331
f 1018 1130 5878
f 6638 6640 10336
f 1012 1018 5878
f 10337 6639 10336
f 6638 10336 6639
f 5416 1005 5411
f 6639 10337 6681
f 10335 6681 10337
f 2182 2169 10802
f 6682 6681 10334
f 10335 10334 6681
f 10334 10340 6682
f 999 5410 1000
f 5409 1000 5410
f 6688 6682 10340
f 5412 1002 1000
f 5412 1000 5409
f 5411 1004 5412
f 1002 5412 1004
f 5410 999 1001
f 10340 6687 6688
f 1011 5858 1013
f 10343 6684 6685
f 5858 1014 1013
f 6684 10348 6683
f 5862 1015 1014
f 10349 6686 10348
f 10803 10804 10805
f 2156 10806 4428
f 6683 10348 6686
f 1016 1015 5863
f 10805 10806 10803
f 10349 10350 6686
f 10807 10808 10804
f 10319 10316 6595
f 5863 5864 1017
f 5863 1017 1016
f 10809 10808 10807
f 6595 10316 10325
f 6595 10325 6618
f 1009 1019 5879
f 10810 10811 2169
f 6618 10325 10330
f 10330 10329 6632
f 7539 7538 4900
f 4985 4900 7538
f 10328 6631 10329
f 6632 10329 6631
f 7666 7655 6647
f 7655 7654 6699
f 7655 6699 6647
f 6631 10328 10332
f 6631 10332 6634
f 7654 7689 6656
f 7654 6656 6699
f 7689 7682 6657
f 7689 6657 6656
f 7682 7681 6660
f 7682 6660 6657
f 2182 10802 10812
f 10811 10802 2169
f 6661 6660 7691
f 7681 7691 6660
f 2143 10813 10814
f 7691 7737 6653
f 7691 6653 6661
f 6651 7739 7759
f 6651 7759 6649
f 7737 7739 6651
f 7737 6651 6653
f 10813 2143 10815
f 6649 7759 7694
f 6649 7694 6654
f 6654 7694 7696
f 6654 7696 6663
f 2204 10816 10815
f 7696 7697 6663
f 2204 10817 10816
f 6668 7699 7715
f 6668 7715 6666
f 7697 6665 6663
f 10340 10341 6687
f 2153 10818 10817
f 6665 7697 7699
f 6665 7699 6668
f 6666 7715 7701
f 6666 7701 6672
f 10818 2153 10819
f 2152 10819 2153
f 7700 8451 6677
f 7700 6677 6670
f 8451 8452 6677
f 2155 10820 10819
f 2155 10819 2152
f 6685 6687 10343
f 10341 10343 6687
f 7701 7700 6670
f 7701 6670 6672
f 8452 6673 6677
f 4428 10820 2155
f 6684 10343 10345
f 8452 8469 6674
f 8452 6674 6673
f 10345 10348 6684
f 6706 6676 8463
f 8464 8463 6676
f 2156 4428 2155
f 8469 8464 6676
f 8469 6676 6674
f 10804 10803 10821
f 6696 6658 7690
f 6696 7690 7730
f 10806 2156 2175
f 6680 6696 7730
f 6680 7730 7656
f 10803 10806 2175
f 6648 6680 7656
f 6648 7656 7657
f 6689 6686 10350
f 7657 7665 6648
f 4924 6648 7665
f 7740 6698 6652
f 7740 6652 7738
f 6196 10822 10823
f 10823 6194 6196
f 10824 10823 10822
f 10822 6219 10824
f 10825 10824 6219
f 6221 10825 6219
f 6185 6223 10826
f 10826 6223 6220
f 7688 6662 6698
f 7688 6698 7740
f 10240 10660 3565
f 10240 3565 3625
f 7687 6697 6662
f 3560 10827 10828
f 3560 10828 3562
f 7687 6662 7688
f 3558 10829 10827
f 3558 10827 3560
f 6659 6697 7687
f 6659 7687 7683
f 3555 10830 10829
f 3555 10829 3558
f 10661 10830 3555
f 10661 3555 3557
f 7683 7690 6659
f 6658 6659 7690
f 3628 10831 10832
f 3566 10833 10831
f 3566 10831 3628
f 6679 6700 7755
f 6679 7755 7754
f 10828 10833 3566
f 10828 3566 3562
f 10834 8940 1100
f 1084 1100 8940
f 1100 1103 10835
f 1100 10835 10834
f 6667 6679 7754
f 6667 7754 7716
f 1103 3581 10836
f 1103 10836 10835
f 3581 3579 10837
f 3581 10837 10836
f 6710 8465 6711
f 8465 7755 6711
f 6700 6711 7755
f 3582 3585 10838
f 3582 10838 10839
f 6669 6701 7758
f 6669 7758 7698
f 3585 3602 10840
f 3585 10840 10838
f 7758 6701 6667
f 7758 6667 7716
f 3602 10841 10840
f 6664 6669 7698
f 6664 7698 7695
f 3579 3578 10842
f 3579 10842 10837
f 10843 3574 3576
f 10843 3576 10844
f 6702 6664 7695
f 6702 7695 7761
f 3577 3573 10845
f 3577 10845 10846
f 6655 6702 7761
f 6655 7761 7760
f 10845 3573 3574
f 10845 3574 10843
f 6650 6655 7760
f 6650 7760 8449
f 10844 3576 3575
f 10844 3575 10847
f 7741 6703 6650
f 7741 6650 8449
f 10847 3575 3586
f 10847 3586 10848
f 7741 7738 6703
f 6652 6703 7738
f 10848 3586 3583
f 10848 3583 10849
f 7712 6708 6678
f 7712 6678 7713
f 10849 3583 3582
f 10849 3582 10839
f 3578 3577 10842
f 6707 7713 6678
f 10842 3577 10846
f 7714 6709 6671
f 7714 6671 7702
f 3602 3598 10841
f 3598 3597 10850
f 3598 10850 10841
f 7702 6671 6708
f 7702 6708 7712
f 3597 3593 10850
f 8462 6710 6709
f 8462 6709 7714
f 3593 10851 10850
f 6710 8462 8465
f 3593 3591 10852
f 3593 10852 10851
f 3588 3590 10853
f 3588 10853 10854
f 8466 6735 6720
f 3591 3588 10854
f 3591 10854 10852
f 8466 8468 6726
f 8466 6726 6735
f 10855 10853 3616
f 3590 3616 10853
f 8468 8923 6725
f 8468 6725 6726
f 10856 10857 3619
f 10856 3619 3594
f 10858 10856 3594
f 10858 3594 3595
f 10859 10858 3595
f 10859 3595 3584
f 6704 6706 8473
f 8463 8473 6706
f 10860 10859 3584
f 10860 3584 3587
f 8473 8474 6716
f 8473 6716 6704
f 10861 10860 3587
f 10861 3587 3572
f 8474 8454 6714
f 8474 6714 6716
f 10862 10861 3572
f 10862 3572 3571
f 6714 8454 8460
f 6714 8460 6712
f 10863 10862 3571
f 10863 3571 3580
f 6712 8460 8461
f 6712 8461 6715
f 8939 10863 3580
f 8939 3580 1102
f 6715 8461 8458
f 6715 8458 6717
f 6717 8458 8457
f 10864 3604 10865
f 3606 10865 3604
f 10866 10865 3606
f 10866 3606 3618
f 6722 8471 8472
f 6722 8472 6720
f 10857 10866 3618
f 10857 3618 3619
f 8457 6718 6717
f 6718 8457 8471
f 6718 8471 6722
f 6720 8472 8466
f 3609 10867 10868
f 3609 10868 3610
f 3608 10869 10867
f 3608 10867 3609
f 6713 6719 8459
f 6713 8459 8453
f 3607 10870 10869
f 3607 10869 3608
f 6705 6713 8453
f 6705 8453 8455
f 3605 10871 10870
f 3605 10870 3607
f 6675 6705 8455
f 6675 8455 8456
f 10864 10871 3605
f 10864 3605 3604
f 8450 6707 6675
f 8450 6675 8456
f 6707 8450 7713
f 6721 8467 8470
f 10872 10873 3615
f 8924 6723 6727
f 8924 6727 8717
f 10874 10872 3615
f 10874 3615 3613
f 6724 6723 8924
f 6724 8924 8941
f 10875 10874 3613
f 10875 3613 3614
f 8712 6730 8713
f 10876 10875 3614
f 10876 3614 3589
f 8718 6728 6730
f 8718 6730 8712
f 6727 6728 8718
f 6727 8718 8717
f 10868 10877 3611
f 10868 3611 3610
f 6731 6724 8941
f 6731 8941 8467
f 10878 10876 3589
f 10878 3589 3592
f 10877 10878 3592
f 10877 3592 3611
f 8479 6733 6734
f 8479 6734 8480
f 3616 3622 10855
f 6730 6732 8713
f 10879 358 357
f 10879 357 3620
f 8713 6732 6733
f 8713 6733 8479
f 10873 10879 3620
f 10873 3620 3621
f 6721 6731 8467
f 10873 3621 3615
f 3622 10880 10855
f 3622 3623 10881
f 3622 10881 10880
f 8477 7119 7115
f 8477 7115 8481
f 3623 384 387
f 3623 387 10881
f 8478 6736 7119
f 8478 7119 8477
f 3564 3556 10882
f 3564 10882 10883
f 6734 6736 8478
f 6734 8478 8480
f 10882 3556 3559
f 10882 3559 10884
f 8470 8459 6721
f 6719 6721 8459
f 10884 3559 3624
f 10884 3624 10885
f 10885 3624 3561
f 10885 3561 10886
f 8741 8725 6744
f 8741 6744 6741
f 2895 2886 10887
f 2895 10887 10347
f 8751 8744 6745
f 8751 6745 6742
f 10887 2886 2900
f 10887 2900 10888
f 10888 2900 3626
f 10888 3626 10889
f 8744 8743 6745
f 10889 3626 3564
f 10889 3564 10883
f 8726 8728 4892
f 3171 2895 10347
f 4892 8728 8736
f 4892 8736 4894
f 3646 3645 10890
f 3646 10890 10891
f 4894 8736 6962
f 4894 6962 4800
f 10890 3645 3627
f 10890 3627 10892
f 4800 6962 6957
f 4800 6957 4798
f 10892 3627 3629
f 10892 3629 10893
f 4798 6957 6956
f 4798 6956 6737
f 10893 3629 3630
f 10893 3630 10894
f 6737 6956 6960
f 6737 6960 6739
f 10894 3630 3644
f 10894 3644 10895
f 6739 6960 8741
f 6739 8741 6741
f 10895 3644 3635
f 10895 3635 10896
f 8725 8751 6742
f 8725 6742 6744
f 10896 3635 3633
f 10896 3633 10897
f 10897 3633 3632
f 10897 3632 10898
f 4799 6738 6958
f 3632 3636 10899
f 3632 10899 10898
f 8743 6747 6745
f 3636 3639 10900
f 3636 10900 10899
f 8743 8750 6746
f 8743 6746 6747
f 3639 3638 10901
f 3639 10901 10900
f 6746 8750 8749
f 6746 8749 6750
f 3638 10902 10901
f 8749 8755 6748
f 8749 6748 6750
f 10903 10886 3563
f 3561 3563 10886
f 6748 8755 8754
f 6748 8754 6752
f 10903 3563 3567
f 10903 3567 10904
f 8754 8758 6751
f 8754 6751 6752
f 10904 3567 3646
f 10904 3646 10891
f 10832 3631 3628
f 6738 6740 6961
f 6738 6961 6958
f 3634 10905 3649
f 6740 6743 8724
f 6740 8724 6961
f 10832 10905 3634
f 10832 3634 3631
f 3638 3637 10902
f 8776 8771 6770
f 8776 6770 6774
f 3637 3647 10906
f 3637 10906 10902
f 6770 8771 8768
f 6770 8768 6753
f 3647 3648 10907
f 3647 10907 10906
f 6753 8768 8769
f 6753 8769 6754
f 10907 3648 3650
f 10907 3650 10908
f 8769 8766 6756
f 8769 6756 6754
f 8766 8764 6758
f 8766 6758 6756
f 10908 3650 3651
f 10908 3651 10909
f 6757 8763 8767
f 6757 8767 6759
f 10909 3651 3652
f 10909 3652 10910
f 8764 8763 6757
f 8764 6757 6758
f 10910 3655 10911
f 8767 8770 6760
f 8767 6760 6759
f 3655 10910 3652
f 8770 8793 6762
f 8770 6762 6760
f 10911 3655 3657
f 10911 3657 10912
f 10912 3657 3656
f 10912 3656 10913
f 8757 8778 6768
f 8757 6768 6772
f 10913 3656 3767
f 10913 3767 10914
f 6768 8778 8777
f 6768 8777 6766
f 10914 3767 4506
f 10914 4506 10915
f 6766 8777 8776
f 6766 8776 6774
f 10915 4506 4505
f 10915 4505 10916
f 8758 8757 6772
f 8758 6772 6751
f 3669 10917 10918
f 3669 3668 10919
f 3669 10919 10917
f 6771 6767 8788
f 3668 3667 10920
f 3668 10920 10919
f 6749 6775 8786
f 6749 8786 8756
f 3667 3666 10921
f 3667 10921 10920
f 6771 8788 8787
f 3666 3661 10922
f 3666 10922 10921
f 6775 6771 8787
f 6775 8787 8786
f 10922 3661 3663
f 10922 3663 10923
f 8756 8724 6749
f 6743 6749 8724
f 3663 3664 10924
f 3663 10924 10923
f 8781 6777 6780
f 8781 6780 8803
f 10924 3664 3670
f 10924 3670 10925
f 8780 6776 6777
f 8780 6777 8781
f 3670 3677 10926
f 3670 10926 10925
f 6773 6769 8813
f 6773 8813 8814
f 3673 10926 3677
f 8813 6769 6776
f 8813 6776 8780
f 10927 4466 4469
f 10927 4469 10928
f 6780 6755 8772
f 6780 8772 8803
f 4469 4479 10929
f 4469 10929 10928
f 6773 8788 6767
f 10929 4479 4478
f 10929 4478 10930
f 8788 6773 8814
f 4478 4047 10931
f 4478 10931 10930
f 4047 4046 10932
f 4047 10932 10931
f 6763 6778 8794
f 6763 8794 8792
f 6778 6765 8805
f 6778 8805 8794
f 8804 6761 6763
f 8804 6763 8792
f 3679 3678 10933
f 3679 10933 10934
f 8773 6779 6761
f 8773 6761 8804
f 10933 3678 4466
f 10933 4466 10927
f 8773 8772 6779
f 6755 6779 8772
f 3673 10935 10926
f 6782 6791 8808
f 6782 8808 8799
f 10935 3673 3675
f 10935 3675 10936
f 6783 6782 8799
f 6783 8799 8806
f 8806 8805 6783
f 6765 6783 8805
f 10936 3675 3674
f 10936 3674 10937
f 8798 8797 6781
f 8798 6781 6764
f 10937 3674 3679
f 10937 3679 10934
f 8797 8812 6781
f 3684 3681 10938
f 3684 10938 10939
f 8793 8798 6764
f 8793 6764 6762
f 10938 3681 3683
f 10938 3683 10918
f 8812 6787 6781
f 3683 3669 10918
f 8812 8844 6786
f 8812 6786 6787
f 3768 3755 10940
f 3768 10940 10941
f 8844 8843 6789
f 8844 6789 6786
f 10940 3755 3757
f 10940 3757 10942
f 6790 6789 8843
f 10942 3757 3761
f 10942 3761 10943
f 6793 6788 8811
f 6793 8811 8809
f 10943 3761 3759
f 10943 3759 10944
f 8839 6784 8815
f 10944 3759 3684
f 10944 3684 10939
f 8840 6785 6784
f 8840 6784 8839
f 4505 3768 10941
f 4505 10941 10916
f 6792 6785 8840
f 6792 8840 8845
f 10945 3671 10946
f 3676 10946 3671
f 6788 6792 8845
f 6788 8845 8811
f 3665 10947 10946
f 3665 10946 3676
f 6791 6793 8809
f 6791 8809 8808
f 10948 10947 3665
f 10948 3665 3662
f 8828 6807 8817
f 3682 10948 3662
f 8826 6808 6807
f 8826 6807 8828
f 8825 6809 6808
f 8825 6808 8826
f 3772 10949 10950
f 3772 10950 3775
f 8827 6799 6809
f 8827 6809 8825
f 3774 10951 10949
f 3774 10949 3772
f 8816 6796 6799
f 8816 6799 8827
f 3774 3777 10952
f 3774 10952 10951
f 8815 6794 6796
f 8815 6796 8816
f 3777 3778 10953
f 3777 10953 10952
f 6784 6794 8815
f 10954 10953 3783
f 3778 3783 10953
f 8843 8842 6790
f 3783 10955 10954
f 8842 8841 6798
f 8842 6798 6790
f 10956 3806 3805
f 10956 3805 10957
f 6807 6806 8817
f 6098 6100 6154
f 8841 8838 6797
f 8841 6797 6798
f 8838 8837 6795
f 8838 6795 6797
f 5608 5610 6159
f 5610 6103 6159
f 6102 6098 6159
f 6161 6173 5608
f 8837 8830 6803
f 8837 6803 6795
f 8830 8829 6802
f 8830 6802 6803
f 5628 9578 5629
f 8829 8831 6800
f 8829 6800 6802
f 5639 9578 5628
f 8820 6801 6800
f 8820 6800 8831
f 8819 6804 6801
f 8819 6801 8820
f 5636 9576 5635
f 5635 9576 5639
f 5644 9576 5636
f 8818 6805 6804
f 8818 6804 8819
f 6806 6805 8818
f 6806 8818 8817
f 5647 9536 5644
f 5583 9536 5647
f 5585 9536 5583
f 5654 9578 5661
f 6937 6936 8850
f 6937 8850 8849
f 5667 9578 5666
f 6813 6937 8849
f 6813 8849 8891
f 6811 6813 8891
f 6811 8891 8856
f 5657 9578 5654
f 5662 5661 9578
f 5663 9578 5657
f 4889 6811 8856
f 4889 8856 8870
f 4890 4889 8870
f 4890 8870 9238
f 9578 5663 5629
f 6070 5666 9578
f 5667 6072 9578
f 6816 4890 9238
f 6816 9238 8871
f 6138 6070 9578
f 6814 6816 8871
f 6814 8871 8868
f 6114 6116 6152
f 8867 6815 6814
f 8867 6814 8868
f 6152 6154 6100
f 8866 6904 6815
f 8866 6815 8867
f 8863 6905 6904
f 8863 6904 8866
f 8862 6906 6905
f 8862 6905 8863
f 6116 6118 6148
f 6148 6152 6116
f 6144 6148 6118
f 8872 6908 6907
f 8872 6907 8865
f 10958 6144 6118
f 6100 6108 6152
f 6154 6159 6098
f 6923 6909 6908
f 6923 6908 8872
f 6121 10958 6118
f 6907 6906 8862
f 6907 8862 8865
f 6130 10958 6121
f 6910 6909 6923
f 6131 10958 6130
f 6136 10958 6131
f 6916 6967 9241
f 6916 9241 8876
f 6072 5662 9578
f 6914 6916 8876
f 6914 8876 8878
f 6969 6914 8878
f 6969 8878 8884
f 10958 6136 6138
f 6919 6969 8884
f 6919 8884 8881
f 6917 6919 8881
f 6917 8881 8883
f 6144 10958 6141
f 6108 6114 6152
f 6920 6917 8883
f 6920 8883 8898
f 6103 6102 6159
f 8897 6932 6920
f 8897 6920 8898
f 6159 6161 5608
f 8896 6931 6932
f 8896 6932 8897
f 6172 2699 5606
f 8895 6933 6931
f 8895 6931 8896
f 2678 2677 5606
f 8894 6934 6933
f 8894 6933 8895
f 8886 6935 6934
f 8886 6934 8894
f 8887 6927 6935
f 8887 6935 8886
f 5606 5608 6173
f 2486 2501 5602
f 6173 6172 5606
f 5607 5606 2694
f 2694 2692 5607
f 8893 6926 6927
f 8893 6927 8887
f 6925 6926 8893
f 6925 8893 8892
f 8892 8850 6925
f 6936 6925 8850
f 6952 8911 6966
f 6311 6312 2511
f 8910 6966 8911
f 8907 6949 6963
f 8907 6963 8908
f 6213 6217 304
f 6217 6225 304
f 592 304 6231
f 6231 304 6225
f 8905 6947 6949
f 8905 6949 8907
f 6192 6213 304
f 6181 6192 304
f 9248 6950 6947
f 9248 6947 8905
f 6241 304 593
f 6179 6181 304
f 591 6179 304
f 8911 6952 6950
f 8911 6950 9248
f 8910 9241 6966
f 6967 6966 9241
f 305 304 6241
f 6729 6725 8476
f 8923 8476 6725
f 8918 8920 7097
f 6203 6311 2521
f 2511 2521 6311
f 2521 2211 6203
f 301 303 305
f 7097 8920 8953
f 6303 2505 6300
f 8475 8483 7114
f 8475 7114 7117
f 7097 7095 8918
f 8483 8711 7114
f 2505 2511 6301
f 6300 2505 6301
f 8476 8475 7117
f 8476 7117 6729
f 6312 6301 2511
f 2505 6303 2498
f 7094 8945 8918
f 7094 8918 7095
f 7172 7359 9585
f 7101 8938 8945
f 7101 8945 7094
f 7093 2491 7091
f 2468 2463 7169
f 7091 2491 6303
f 8711 7111 7114
f 9585 2451 7169
f 2451 2468 7169
f 7104 8950 8938
f 7104 8938 7101
f 8711 8714 7112
f 8711 7112 7111
f 7104 7105 8950
f 8951 8950 7105
f 6351 2631 6352
f 7177 6352 2631
f 8935 8934 7120
f 8935 7120 7118
f 7120 8934 8928
f 7120 8928 7108
f 2631 6351 7110
f 7108 8928 8951
f 7108 8951 7105
f 2631 2637 7177
f 8714 8935 7118
f 8714 7118 7112
f 7169 7172 9585
f 7102 7100 8937
f 7102 8937 8936
f 7359 7175 9585
f 2637 9585 7175
f 7175 7177 2637
f 7103 7102 8936
f 7103 8936 8952
f 7376 7756 7371
f 8946 8937 7099
f 7100 7099 8937
f 7109 7103 8952
f 7109 8952 8927
f 7132 7140 7818
f 7099 8919 8946
f 7106 7109 8927
f 7106 8927 8926
f 7756 7762 7371
f 7076 7371 7762
f 7099 7096 8919
f 7107 7106 8926
f 7107 8926 8932
f 2631 7110 7123
f 7792 7818 7140
f 7129 7132 7818
f 7077 7773 7140
f 7762 7765 7076
f 7113 7107 8932
f 7113 8932 8482
f 7077 7076 7765
f 7765 7773 7077
f 7792 7140 7773
f 7789 8028 7785
f 8948 8919 7098
f 7096 7098 8919
f 8482 8481 7113
f 7115 7113 8481
f 7098 5575 8948
f 7791 8028 7789
f 7803 2824 7800
f 7800 2631 7797
f 8968 8960 7136
f 8968 7136 5576
f 7136 8960 8962
f 7136 8962 7137
f 7137 8962 8964
f 7137 8964 7128
f 7777 8019 7805
f 7097 8953 7135
f 7776 8027 7777
f 7785 8027 7776
f 7135 8953 8968
f 7135 8968 5576
f 8954 8948 5575
f 8963 7139 8967
f 8963 8961 7139
f 7138 7139 8961
f 7805 2824 7803
f 8979 8974 7297
f 7824 7801 2631
f 7801 7797 2631
f 7301 8974 8972
f 7301 7297 8974
f 7302 7152 9049
f 7143 8975 8982
f 7143 8982 7145
f 7123 7129 2631
f 7818 2631 7129
f 7818 7817 2631
f 7824 2631 7830
f 7817 7830 2631
f 7146 8984 8983
f 7146 8983 7148
f 8982 8984 7146
f 8982 7146 7145
f 7883 7888 8057
f 8971 8977 7150
f 8971 7150 7153
f 8977 8976 7142
f 8977 7142 7150
f 7859 8077 7852
f 8976 8975 7143
f 8976 7143 7142
f 7148 8983 9208
f 7148 9208 7323
f 7864 8080 7862
f 7153 7301 8971
f 8972 8971 7301
f 7870 8073 7868
f 7323 9208 9049
f 7323 9049 7152
f 7879 8067 7872
f 7868 8080 7864
f 10773 8085 7879
f 8991 7158 7159
f 8991 7159 8988
f 8052 8057 7891
f 7159 7163 8989
f 7159 8989 8988
f 7157 9012 9019
f 7157 9019 7155
f 7888 7891 8057
f 7835 7850 8081
f 8076 8081 7850
f 7850 7852 8076
f 8077 8076 7852
f 7862 8080 7859
f 8081 8066 7835
f 8991 9012 7157
f 8991 7157 7158
f 7163 7164 8992
f 7163 8992 8989
f 10959 10787 7902
f 7205 7155 9019
f 7904 10959 7902
f 7906 10959 7904
f 7910 10959 7906
f 7246 9086 9084
f 7912 10959 7910
f 7263 7246 9084
f 7263 9084 9000
f 7916 10959 7914
f 7167 7263 9000
f 7167 9000 8999
f 7914 10959 7912
f 7898 7902 10787
f 7166 7167 8999
f 7166 8999 9003
f 7173 7166 9003
f 7173 9003 9011
f 7919 6054 8155
f 8155 8154 7919
f 7186 7173 9011
f 7186 9011 9006
f 9007 7184 7185
f 9007 7185 9005
f 7916 7922 10959
f 801 8155 6054
f 6054 802 801
f 9005 7185 7186
f 9005 7186 9006
f 7184 9007 7180
f 9010 7180 9007
f 7179 7180 9010
f 7179 9010 8993
f 8993 8992 7179
f 7164 7179 8992
f 7947 7951 10773
f 7956 10773 7951
f 7955 10773 7956
f 7942 7947 10773
f 7940 7942 10773
f 9036 8908 7240
f 6963 7240 8908
f 7240 7239 9035
f 7240 9035 9036
f 7991 10787 7987
f 7991 7899 10787
f 7224 9033 7239
f 9035 7239 9033
f 7899 7898 10787
f 7987 10782 7977
f 7224 7223 9013
f 7224 9013 9033
f 7205 9019 9024
f 8002 10773 7999
f 7203 7205 9024
f 7203 9024 9034
f 7209 7203 9034
f 7209 9034 9028
f 7212 7209 9028
f 7212 9028 9027
f 7958 10773 7955
f 8006 7936 10773
f 7936 7940 10773
f 8007 8006 10773
f 8010 8007 10773
f 7222 7238 9026
f 7222 9026 9029
f 9014 7221 7222
f 9014 7222 9029
f 7879 7999 10773
f 8002 8010 10773
f 7872 8067 7870
f 7223 7221 9014
f 7223 9014 9013
f 9026 7238 7212
f 9026 7212 9027
f 8060 8053 7832
f 2732 7800 2731
f 8019 7777 8018
f 8016 7777 8012
f 8018 7777 8016
f 7244 7257 9062
f 7244 9062 9060
f 9049 9053 7302
f 8012 7777 8013
f 8013 7777 8027
f 7257 7256 9062
f 9041 7270 7244
f 9041 7244 9060
f 2778 2781 8036
f 2902 2770 8039
f 8036 8039 2778
f 8036 2781 8032
f 9059 7260 7259
f 9059 7259 9040
f 2824 7805 8019
f 7261 7260 9059
f 7261 9059 9058
f 7245 7261 9058
f 7245 9058 9086
f 2741 7800 2824
f 7246 7245 9086
f 9040 7259 7270
f 9040 7270 9041
f 8027 7785 8028
f 7302 9053 9206
f 7302 9206 7318
f 7791 7883 8057
f 8028 7791 8057
f 7891 7833 8052
f 7833 7832 8053
f 8053 8052 7833
f 7319 7318 9206
f 7319 9206 9071
f 7248 7319 9071
f 7248 9071 9069
f 9067 7249 7248
f 9067 7248 9069
f 9066 7251 7249
f 9066 7249 9067
f 7256 9064 9062
f 10673 10669 10667
f 10960 10961 10676
f 10962 10960 10676
f 10963 10676 10961
f 8080 7868 8073
f 10961 10687 10963
f 7832 7835 8066
f 8066 8060 7832
f 10675 10964 10676
f 10964 10965 10676
f 10966 10963 10687
f 10967 10966 10687
f 10968 10967 10687
f 10969 10968 10687
f 10970 10969 10687
f 10971 10970 10687
f 10972 10971 10687
f 10688 10972 10687
f 8084 7879 8085
f 10973 10962 10676
f 8090 7879 8088
f 8088 7879 8084
f 10965 10973 10676
f 8067 7879 8090
f 10680 10678 10677
f 10974 10975 10976
f 10976 10977 10978
f 8110 10773 9747
f 10979 10980 10981
f 8142 10773 8110
f 8093 10773 8113
f 10980 10982 10981
f 10978 10977 10979
f 10983 10981 10982
f 9230 9233 8108
f 8108 8110 9747
f 8113 10773 8142
f 10984 10985 10986
f 10982 10984 10986
f 10986 10983 10982
f 8140 8118 8127
f 8104 8124 8120
f 10987 10988 10989
f 10990 10991 10992
f 10993 10994 10986
f 8131 8138 8128
f 8138 8140 8128
f 8127 8128 8140
f 8132 8137 8131
f 8137 8138 8131
f 8123 8127 8118
f 8118 8120 8123
f 8124 8123 8120
f 9230 8108 9747
f 9743 9747 10773
f 8093 8085 10773
f 8073 7870 8067
f 8077 7859 8080
f 7970 10782 7958
f 9222 9230 9747
f 8157 10959 8154
f 7922 7919 10959
f 8154 10959 7919
f 8157 8159 10959
f 8163 10959 8159
f 8166 8169 10995
f 10996 10997 10998
f 10997 10999 10998
f 10999 11000 10998
f 11000 10986 10998
f 10994 10998 10986
f 10985 10993 10986
f 8172 10995 8169
f 11001 11002 11003
f 11004 10989 10988
f 11005 11001 11003
f 11006 10998 11003
f 10991 11003 11002
f 8175 8184 10995
f 11002 11007 10991
f 11008 10992 10991
f 11007 11008 10991
f 8186 8181 10995
f 8186 10995 8184
f 8192 10995 8189
f 10989 11009 10987
f 11010 10987 11009
f 11011 11010 11009
f 8172 8175 10995
f 8189 10995 8181
f 10995 8192 8196
f 11009 10990 11011
f 10992 11012 10990
f 8167 8166 10959
f 10995 10959 8166
f 10959 8163 8198
f 8202 8167 10959
f 8198 8202 10959
f 11012 11013 10990
f 11013 11011 10990
f 11014 11015 11016
f 11016 11017 11018
f 11019 11020 11021
f 8213 8331 8211
f 10988 11022 11004
f 11005 11003 10998
f 11023 11024 11018
f 11025 10974 11026
f 8226 8209 10995
f 8223 8226 10995
f 10975 10974 11025
f 11026 10974 11027
f 10977 10976 10975
f 10995 8209 8208
f 8208 8211 10995
f 8217 8331 8213
f 10980 10979 10977
f 11028 11027 10974
f 8233 10995 8229
f 8236 10995 8233
f 10974 11029 11028
f 11030 11028 11029
f 11029 10683 11030
f 10685 11030 10683
f 8224 10995 8239
f 8241 8239 10995
f 8224 8223 10995
f 8236 8241 10995
f 8196 8229 10995
f 11031 11032 10998
f 11032 11033 10998
f 11034 11031 10998
f 11033 10996 10998
f 11035 11034 10998
f 8262 8331 8259
f 11036 11037 11022
f 11037 11038 11022
f 8256 8331 8252
f 8259 8331 8256
f 8252 8331 8249
f 8358 8331 8264
f 8249 8331 8248
f 8246 8331 8243
f 8248 8331 8246
f 11038 11039 11022
f 11040 11036 11022
f 8243 8331 8217
f 11022 11041 11042
f 11043 11044 11022
f 11045 11043 11022
f 11044 11004 11022
f 11006 11035 10998
f 11046 11045 11022
f 8277 8274 8352
f 8272 8280 8352
f 8350 8352 8280
f 8280 8282 8350
f 8327 8350 8282
f 8323 8327 8283
f 8282 8283 8327
f 3340 8308 8328
f 8328 8308 8283
f 11047 11048 11049
f 11050 11048 11047
f 11051 11048 11052
f 11052 11048 11053
f 11049 11048 11054
f 6689 10355 6616
f 6689 10350 10355
f 6616 10355 10352
f 6616 10352 6691
f 11055 11056 11057
f 11054 11048 11055
f 6692 10359 10362
f 6692 10362 6694
f 11057 11056 11058
f 10351 10359 6692
f 10351 6692 6690
f 10352 10351 6690
f 10352 6690 6691
f 6694 10362 10388
f 6694 10388 7032
f 10374 7006 7010
f 10374 7010 10367
f 11059 11060 11061
f 11060 11062 11061
f 11063 11061 11062
f 11062 11064 11063
f 11065 11063 11064
f 11064 11058 11065
f 11066 11065 11058
f 10353 10315 6617
f 6615 6617 10315
f 10367 7010 6695
f 10367 6695 10360
f 6693 7006 10374
f 6693 10374 10358
f 11067 11068 11069
f 11061 11069 11070
f 11070 11059 11061
f 6617 6693 10358
f 6617 10358 10353
f 11071 11072 11073
f 11074 11071 11073
f 11075 11074 11073
f 10369 7008 7019
f 10369 7019 10370
f 10361 7009 7007
f 10361 7007 10368
f 11076 11077 11078
f 7007 7008 10369
f 7007 10369 10368
f 6695 7009 10361
f 6695 10361 10360
f 11078 11079 11080
f 11081 11082 11080
f 10506 11080 11082
f 11082 10507 10506
f 7025 7217 10378
f 7025 10378 10382
f 7217 10379 10378
f 7025 10382 10384
f 7028 7029 10387
f 7028 10387 10389
f 11083 11070 11069
f 11053 11048 11050
f 11066 11058 11056
f 11084 11048 11051
f 11085 11048 11084
f 11086 11048 11085
f 11087 11088 11086
f 11089 11087 11090
f 11056 11055 11091
f 7023 7025 10384
f 7029 7023 10384
f 7029 10384 10387
f 7016 7028 10389
f 7016 10389 10391
f 7017 7016 10391
f 7017 10391 10371
f 10371 10370 7017
f 7019 7017 10370
f 11092 11093 11094
f 11076 11094 11093
f 10388 10390 7018
f 10388 7018 7032
f 11095 11096 11078
f 11077 11076 11093
f 11077 11095 11078
f 10390 10385 7024
f 10390 7024 7018
f 10385 10380 7039
f 10385 7039 7024
f 11097 11092 11094
f 11096 11098 11078
f 11099 11078 11098
f 11079 11078 11099
f 11081 11080 11079
f 11100 11101 11073
f 11101 11102 11073
f 8288 3341 8292
f 3342 3341 8288
f 11072 11100 11073
f 11102 11103 11073
f 8299 3343 3342
f 8292 3341 4405
f 11104 11105 11073
f 11103 11104 11073
f 8302 3343 8299
f 11106 11073 11105
f 3345 3343 8302
f 3339 3338 3345
f 11105 11107 11106
f 8308 3340 3339
f 8313 8283 8308
f 11068 11083 11069
f 11073 11108 11075
f 11108 11067 11075
f 11069 11075 11067
f 11097 11094 11109
f 11109 11094 11107
f 11094 11106 11107
f 8318 8283 8315
f 8315 8283 8313
f 8320 8283 8318
f 8323 8283 8320
f 8352 8355 8277
f 8274 8272 8352
f 10507 11110 10494
f 11110 10495 10494
f 10493 10495 10504
f 10505 10504 10495
f 10499 10498 10505
f 10555 10502 10499
f 8340 10995 8337
f 11090 11021 11111
f 8346 10995 8343
f 11020 11111 11021
f 8340 8343 10995
f 11112 11020 11019
f 8264 8267 8355
f 8355 8358 8264
f 11019 11018 11024
f 8262 8264 8331
f 11023 11018 11017
f 8334 8337 8211
f 10995 8211 8337
f 8334 8211 8331
f 8267 8277 8355
f 11017 11016 11015
f 11015 11014 11041
f 11039 11046 11022
f 11014 11042 11041
f 11042 11040 11022
f 10380 10467 7039
f 10399 7087 10396
f 11113 11112 11019
f 11024 11113 11019
f 11088 11087 11089
f 11048 11086 11114
f 11114 11086 11088
f 11091 11055 11048
f 11021 11090 11087
f 10396 7087 7088
f 8630 9969 8627
f 7083 7087 10399
f 7083 10399 10400
f 9969 8630 9981
f 7054 7083 10400
f 7054 10400 10402
f 7040 7054 10402
f 7040 10402 10406
f 7041 7040 10406
f 7041 10406 10218
f 8740 9031 8738
f 8742 9031 8740
f 8737 9031 8733
f 8734 9031 8742
f 8738 9031 8739
f 7066 10396 7088
f 8746 8821 8745
f 8745 8821 8753
f 8823 8753 8821
f 7045 7041 10410
f 10218 10410 7041
f 10394 7066 10407
f 8761 8762 8824
f 10394 10396 7066
f 8762 8774 8824
f 10407 7062 7061
f 10407 7061 10419
f 8774 8775 8824
f 7066 7062 10407
f 8775 8779 8824
f 8779 8782 8824
f 8906 8824 8782
f 8782 8783 8906
f 8902 8906 8783
f 8784 8902 8783
f 10409 10422 7064
f 10409 7064 7067
f 8789 9031 8737
f 10421 7065 7064
f 10421 7064 10422
f 10408 7068 7065
f 10408 7065 10421
f 8795 9030 8796
f 8801 9030 8795
f 8800 8823 8801
f 10420 7063 7068
f 10420 7068 10408
f 10416 7059 7063
f 10416 7063 10420
f 10415 7057 7059
f 10415 7059 10416
f 8733 9031 8734
f 8790 9030 8789
f 8791 9030 8790
f 8807 9030 8791
f 8796 9030 8807
f 8752 8753 8823
f 8747 8752 8823
f 8810 8823 8802
f 10417 7058 7057
f 10417 7057 10415
f 10418 7060 7058
f 10418 7058 10417
f 7061 7060 10418
f 7061 10418 10419
f 10205 10214 7049
f 10205 7049 6470
f 7049 10214 10411
f 7049 10411 7047
f 8822 8821 8759
f 8746 8759 8821
f 8748 8747 8823
f 8810 8748 8823
f 10411 10217 7047
f 10200 10205 6470
f 10200 6470 6448
f 8940 10834 8925
f 8917 8860 8846
f 8846 8847 8917
f 8916 8917 8847
f 8847 8848 8916
f 7042 7043 10217
f 7042 10217 10216
f 7053 7042 10216
f 8785 8902 8784
f 8873 8874 8832
f 8832 8833 8873
f 8833 8834 8861
f 8861 8873 8833
f 8859 8861 8834
f 8875 8879 8857
f 8857 8832 8874
f 8888 8889 8857
f 8785 8858 8901
f 8885 8888 8857
f 8890 8900 8857
f 8889 8890 8857
f 8858 8857 8900
f 8900 8901 8858
f 8880 8885 8857
f 8879 8880 8857
f 8902 8785 8901
f 8874 8875 8857
f 8760 8761 8822
f 8759 8760 8822
f 8824 8822 8761
f 8860 8859 8835
f 8834 8835 8859
f 8835 8836 8860
f 8836 8846 8860
f 8848 8852 8929
f 8931 8929 8853
f 8852 8853 8929
f 8930 8933 8940
f 8925 8930 8940
f 8929 8916 8848
f 8853 8940 8931
f 8933 8931 8940
f 8921 8925 10834
f 8995 8998 9039
f 7043 7047 10217
f 8996 8995 9039
f 8994 8997 9039
f 8956 9039 8955
f 7053 10428 7069
f 7070 7069 10429
f 10428 10429 7069
f 8958 9038 8959
f 8957 9038 8956
f 10429 7071 7070
f 8966 9037 8958
f 8739 9031 8981
f 8978 8981 9031
f 7074 10440 7072
f 10439 7072 10440
f 8994 9039 8987
f 8997 8996 9039
f 10435 7073 7072
f 10435 7072 10439
f 8955 9039 8949
f 8949 9039 8944
f 8943 8942 9039
f 7081 7080 10444
f 9004 8947 9039
f 8943 9039 8947
f 9002 9004 9039
f 8944 9039 8942
f 8998 9002 9039
f 8959 9038 8957
f 8970 8978 9032
f 8965 9037 8966
f 5864 1019 1017
f 7081 10444 7078
f 7073 10435 7084
f 9021 9020 9008
f 8986 9021 9008
f 8987 9021 8986
f 9009 9008 9020
f 9020 9025 9009
f 9056 9015 9044
f 10401 7082 7079
f 5413 1001 1003
f 10448 7085 10401
f 7082 10401 7085
f 9031 8789 9030
f 1267 982 5386
f 7085 10448 10398
f 7085 10398 7086
f 8965 8970 9032
f 9037 8965 9032
f 9030 8801 8823
f 9038 8958 9037
f 9039 8956 9038
f 10430 7053 10216
f 9016 9009 9025
f 9021 8987 9039
f 9025 9114 9016
f 9031 9032 8978
f 8802 8823 8800
f 10430 10428 7053
f 9050 9054 9046
f 9046 9047 9050
f 9054 9055 9045
f 7071 10429 10441
f 10441 7074 7071
f 5868 1093 1022
f 9114 9044 9015
f 9015 9016 9114
f 9045 9046 9054
f 9051 9050 9047
f 10441 10440 7074
f 1093 5868 5873
f 1093 5873 1106
f 9082 9081 9077
f 1106 5873 1105
f 10446 7078 10444
f 9095 9097 9082
f 10437 7080 10436
f 7084 10436 7080
f 9089 9090 9073
f 9090 9080 9073
f 9047 9073 9080
f 9073 9074 9089
f 9051 9047 9080
f 9087 9089 9074
f 9081 9087 9074
f 9074 9077 9081
f 10444 7080 10437
f 9319 9107 9106
f 1130 5417 5878
f 10436 7084 10435
f 7079 7078 10447
f 10446 10447 7078
f 5415 1003 1006
f 7977 10782 7970
f 8373 8372 10995
f 9097 9098 9082
f 9098 9099 9082
f 9108 9110 9082
f 9110 9107 9082
f 9319 9082 9107
f 9105 9108 9082
f 5859 5415 1012
f 1006 1012 5415
f 9044 9045 9055
f 9055 9056 9044
f 9149 9202 9146
f 1012 5878 5859
f 10810 10995 8394
f 5416 5861 1010
f 8365 8367 10995
f 8372 8382 10995
f 8378 8377 10995
f 8388 8378 10995
f 8382 8388 10995
f 8367 8373 10995
f 8377 8380 10995
f 5861 1011 1010
f 9129 9213 9121
f 9134 9213 9129
f 9143 9213 9134
f 9147 9213 9143
f 9146 9209 9147
f 9121 9213 9116
f 9160 9213 9157
f 9159 9213 9160
f 9178 9213 9159
f 9117 9213 9178
f 9116 9213 9117
f 8362 8365 10995
f 8380 8394 10995
f 8363 8362 10995
f 8346 8363 10995
f 9216 9157 9214
f 9214 9157 9213
f 9213 9147 9209
f 9196 9261 9190
f 9199 9261 9196
f 9202 9261 9199
f 9209 9146 9202
f 9299 9158 9283
f 9250 9283 9158
f 8394 8398 10810
f 5410 1001 5413
f 8398 8402 10810
f 10811 10810 8405
f 5861 5860 1011
f 8414 10811 8405
f 8402 8405 10810
f 5860 5858 1011
f 9235 9236 9157
f 9236 9239 9157
f 9239 9240 9157
f 9240 9246 9157
f 9246 9247 9157
f 9158 9157 9247
f 9247 9250 9158
f 9283 9284 9299
f 9298 9299 9289
f 9260 9202 9149
f 9261 9202 9260
f 9191 9190 9261
f 5858 5857 1014
f 9273 9293 9267
f 5857 5862 1014
f 9273 9276 9293
f 8412 10811 8409
f 8418 10811 8412
f 8406 8409 10811
f 8421 10811 8418
f 8414 8406 10811
f 10811 8421 8425
f 8427 10811 8425
f 5877 5870 1007
f 8435 10802 8432
f 8427 8431 10811
f 9284 9289 9299
f 1009 5879 1007
f 9289 9268 9298
f 8432 10811 8431
f 3129 3122 8438
f 5877 1007 5879
f 9226 9229 9157
f 8441 10802 8435
f 9225 9226 9157
f 8446 10802 8444
f 8444 10802 8441
f 5419 5879 1019
f 9216 9225 9157
f 9229 9232 9157
f 9268 9267 9298
f 9232 9235 9157
f 9293 9298 9267
f 8446 8448 10806
f 5864 5419 1019
f 8448 9120 4428
f 9120 8438 4428
f 8438 3122 4428
f 4444 4522 4431
f 5386 5390 1023
f 9326 9472 9316
f 9327 9427 9326
f 9328 9346 9327
f 9077 9095 9082
f 9099 9105 9082
f 9145 5567 9141
f 1023 5390 5389
f 1023 5389 1024
f 9151 5518 5514
f 9335 9318 9106
f 1024 5389 1022
f 9156 5545 9151
f 9336 9310 9335
f 9141 5540 9142
f 9142 5539 9156
f 9337 9310 9336
f 9338 9311 9337
f 5413 1003 5414
f 9198 9740 9189
f 9180 9189 9740
f 9201 9740 9198
f 9162 9166 9740
f 9166 9177 9740
f 9177 9180 9740
f 5871 1079 5872
f 1105 5872 1079
f 5880 1079 5871
f 9319 9106 9318
f 1086 5880 5876
f 9341 9327 9351
f 9351 9327 9350
f 9342 9327 9341
f 9350 9327 9346
f 9346 9328 9338
f 9233 8124 8103
f 5389 5867 1022
f 9310 9337 9311
f 8104 8103 8124
f 8103 8108 9233
f 1022 5867 5868
f 9385 9327 9387
f 9387 9327 9344
f 9344 9327 9342
f 9517 9740 9513
f 5872 1105 5873
f 9163 9162 9740
f 9522 9163 9740
f 9212 9740 9201
f 5875 1008 5876
f 1086 5876 1008
f 9395 9906 9458
f 9475 9458 9906
f 9394 9906 9395
f 9477 9906 9394
f 9311 9338 9328
f 1008 5875 5418
f 9472 9326 9428
f 9427 9327 9454
f 5418 5417 1130
f 9550 9563 9528
f 9524 9528 9563
f 9563 9569 9524
f 9525 9524 9569
f 9386 9327 9385
f 9428 9326 9427
f 9318 9335 9310
f 9454 9327 9386
f 5414 1003 5415
f 9412 9411 9901
f 9906 9901 9411
f 9540 5566 9145
f 9543 5566 9540
f 9545 5566 9543
f 9547 5566 9545
f 9549 5566 9547
f 9531 5566 9549
f 9534 5566 9531
f 9539 5559 9534
f 9536 5532 9539
f 9475 9906 9411
f 9431 9412 9901
f 9685 9708 9559
f 9439 9906 9440
f 9444 9906 9443
f 9443 9906 9439
f 9447 9906 9444
f 5870 1078 1007
f 1078 5870 5869
f 1078 5869 1104
f 9554 9598 9565
f 9598 9597 9566
f 1104 5869 5881
f 1104 5881 1683
f 9440 9906 9477
f 9876 9906 9447
f 1683 5881 5912
f 1683 5912 1281
f 9901 9317 9431
f 9895 9904 9894
f 9898 9905 9895
f 1281 5912 5892
f 1281 5892 1150
f 1187 1150 5892
f 1187 5892 5888
f 9529 9525 9575
f 9575 9574 9529
f 9583 9529 9574
f 9571 9575 9525
f 5886 1183 1187
f 5886 1187 5888
f 5521 5498 5517
f 9578 5639 9576
f 9576 5644 9536
f 5885 1182 1183
f 5885 1183 5886
f 9876 9894 9906
f 5883 1180 1182
f 5883 1182 5885
f 5882 1184 1180
f 5882 1180 5883
f 9899 9967 9898
f 5887 1185 1184
f 5887 1184 5882
f 9583 9591 9582
f 9900 9976 9899
f 1186 5889 5902
f 1186 5902 1188
f 9569 9571 9525
f 9472 9431 9316
f 1191 1188 5901
f 5902 5901 1188
f 5887 5889 1186
f 5887 1186 1185
f 9883 10032 9900
f 9904 9895 9905
f 9317 9316 9431
f 9906 9894 9904
f 9583 9574 9591
f 5900 5899 1216
f 5900 1216 1189
f 9588 9604 10958
f 9589 9588 10958
f 9589 10958 9591
f 5899 5898 1217
f 5899 1217 1216
f 9952 9882 10020
f 9951 9882 9952
f 5898 5897 1228
f 5898 1228 1217
f 9962 9882 9951
f 5897 5896 1229
f 5897 1229 1228
f 9554 9553 9598
f 9595 9715 9592
f 10032 9883 10031
f 10031 9883 9962
f 5909 5908 1212
f 1212 5908 5903
f 1212 5903 1257
f 9602 9566 9597
f 9603 9602 9600
f 9597 9600 9602
f 9566 9565 9598
f 9935 9899 9976
f 1257 5903 5904
f 1257 5904 1243
f 1227 5896 5895
f 9976 9900 10032
f 9977 9899 9935
f 9964 9899 9977
f 9963 9899 9964
f 9967 9899 9963
f 9905 9898 9967
f 9882 9962 9883
f 1227 1229 5896
f 9604 9635 10958
f 5891 5909 1213
f 5891 1213 1232
f 10711 9832 9606
f 10044 9882 9985
f 9985 9882 9941
f 10020 9882 10044
f 10716 9832 10711
f 9592 9719 9593
f 10692 10694 9697
f 7256 7251 9066
f 7256 9066 9064
f 9730 9732 9696
f 7242 9042 9061
f 7242 9061 7243
f 9608 9874 9605
f 9606 9847 9635
f 9022 9075 7211
f 9022 7211 7210
f 3783 3784 10955
f 3784 3785 11115
f 3784 11115 10955
f 7211 9076 7237
f 11115 3785 3794
f 11115 3794 11116
f 7211 9075 9076
f 9738 9725 9514
f 11116 3794 3792
f 11116 3792 11117
f 9735 9738 9514
f 9076 9018 7265
f 9076 7265 7237
f 3793 11118 3792
f 11117 3792 11118
f 9696 9514 9725
f 9018 9017 7264
f 9018 7264 7265
f 11118 3793 3796
f 11118 3796 11119
f 7264 9017 9078
f 7264 9078 7235
f 11119 3796 3800
f 11119 3800 11120
f 7235 9078 9079
f 7235 9079 7236
f 3802 11120 3800
f 7236 9079 8990
f 7236 8990 7156
f 9711 9595 9707
f 9712 9595 9711
f 11121 3807 3806
f 11121 3806 10956
f 11122 3802 3808
f 11122 3808 11123
f 7156 8990 9001
f 7156 9001 7168
f 3802 11122 11120
f 7168 9001 9083
f 7168 9083 7262
f 9695 9699 9704
f 9706 9692 9704
f 9685 9561 9706
f 9598 9553 9707
f 9557 9559 9707
f 9692 9706 9561
f 9561 9685 9559
f 9695 9704 9692
f 11123 3808 3807
f 11123 3807 11121
f 9083 9085 7269
f 9083 7269 7262
f 11124 10957 3813
f 3805 3813 10957
f 9085 9057 7247
f 9085 7247 7269
f 3813 3810 11125
f 3813 11125 11124
f 9057 9043 7258
f 9057 7258 7247
f 9717 9592 9715
f 9715 9595 9712
f 3810 3811 11126
f 3810 11126 11125
f 9043 9042 7242
f 9043 7242 7258
f 9720 9593 9719
f 9708 9707 9559
f 3811 3812 11127
f 3811 11127 11126
f 8964 9091 7126
f 8964 7126 7128
f 3812 3814 11128
f 3812 11128 11127
f 9557 9707 9553
f 9728 9730 9696
f 7126 9091 9093
f 7126 9093 7274
f 3814 11129 11128
f 7274 9093 9092
f 7274 9092 7309
f 9725 9728 9696
f 3443 3411 3999
f 3443 3999 3998
f 7309 9092 9103
f 7309 9103 7313
f 9717 9719 9592
f 9103 9101 7314
f 9103 7314 7313
f 3411 3410 3999
f 9100 9109 7300
f 9100 7300 7299
f 3446 3443 3998
f 3446 3998 4001
f 9739 9735 9514
f 9514 9513 9739
f 11130 3446 4001
f 11130 4001 4003
f 7299 9101 9100
f 3394 11130 4003
f 3394 4003 4005
f 9598 9707 9595
f 9605 10707 9606
f 7299 7314 9101
f 3386 3394 4005
f 3386 4005 4015
f 9109 9111 7278
f 9109 7278 7300
f 11131 3386 4015
f 7278 9111 9112
f 7278 9112 7280
f 3539 11132 11133
f 3539 11133 3536
f 3541 10630 11132
f 3541 11132 3539
f 9112 9113 7281
f 9112 7281 7280
f 3375 11131 4023
f 3375 4023 3537
f 7281 9113 9136
f 7281 9136 7283
f 4015 4023 11131
f 7283 9136 9183
f 7283 9183 7284
f 11133 3375 3537
f 11133 3537 3536
f 7284 9183 9123
f 7284 9123 7285
f 9519 9522 9740
f 9749 9740 9212
f 9734 9887 9696
f 9887 9891 9696
f 9891 9890 9696
f 9890 9896 9696
f 9697 9696 9896
f 9896 10690 9697
f 9732 9734 9696
f 10694 10696 9702
f 9513 9740 9739
f 10807 10804 10821
f 7285 9123 9122
f 7285 9122 7288
f 7288 9122 9128
f 7288 9128 7290
f 10809 10807 11134
f 7290 9128 9154
f 7290 9154 7292
f 10810 2169 2168
f 9517 9519 9740
f 7292 9154 9153
f 7292 9153 7293
f 938 11135 2168
f 10810 2168 11135
f 7293 9153 8979
f 7293 8979 7295
f 938 939 11135
f 11136 11135 939
f 7295 8979 7297
f 9217 9222 9750
f 9217 9750 9212
f 9749 9212 9750
f 9747 9750 9222
f 7139 7303 8967
f 937 10795 11136
f 939 937 11136
f 9096 7315 9094
f 10809 11134 10812
f 11137 10812 11134
f 9104 7275 7315
f 9104 7315 9096
f 9088 7127 7275
f 9088 7275 9104
f 2182 10812 11137
f 7303 7127 9088
f 7303 9088 8967
f 7079 10447 10401
f 9115 7312 7311
f 9115 7311 9135
f 10814 2198 2143
f 9102 7307 7312
f 9102 7312 9115
f 9094 7308 7307
f 9094 7307 9102
f 7315 7308 9094
f 10452 10451 7183
f 10452 7183 7174
f 2143 2142 10815
f 10815 2142 2204
f 7289 7291 9126
f 7086 10398 7174
f 10452 7174 10398
f 7311 7298 9137
f 7311 9137 9135
f 2205 10817 2204
f 10451 10395 7182
f 10451 7182 7183
f 10395 10409 7067
f 10395 7067 7182
f 9125 7289 9126
f 2153 10817 2205
f 7287 7289 9125
f 7287 9125 9124
f 7198 7528 10454
f 7198 10454 10456
f 7286 7287 9124
f 7286 9124 9167
f 7196 7198 10456
f 7196 10456 10459
f 7202 7196 10459
f 7202 10459 10462
f 7286 9167 9181
f 7286 9181 7282
f 7201 7202 10462
f 7201 10462 10466
f 11138 2200 2199
f 7282 9181 9182
f 7282 9182 7279
f 7199 7201 10466
f 7199 10466 10465
f 2199 2198 11138
f 10814 11138 2198
f 7279 9182 9184
f 7279 9184 7276
f 7218 7199 10465
f 7218 10465 10379
f 924 943 10793
f 11139 10793 943
f 7276 9184 9138
f 7276 9138 7277
f 7217 7218 10379
f 11140 11139 943
f 11140 943 2128
f 7277 9138 9137
f 7277 9137 7298
f 10467 7219 7039
f 11141 11140 2128
f 11141 2128 942
f 10467 10461 7200
f 10467 7200 7219
f 9048 7151 7322
f 9048 7322 9052
f 11142 11141 942
f 11142 942 941
f 7220 7200 10460
f 10461 10460 7200
f 11143 11142 941
f 11143 941 2234
f 7250 9070 9192
f 7250 9192 7253
f 7568 10523 10472
f 11143 2234 2252
f 11143 2252 11144
f 9192 9072 7320
f 9192 7320 7253
f 7569 7568 10472
f 7569 10472 10474
f 11144 2252 2248
f 11144 2248 11145
f 7320 9072 9205
f 7320 9205 7316
f 7570 7569 10474
f 7570 10474 10476
f 2248 2249 11146
f 2248 11146 11145
f 9207 7317 9205
f 7316 9205 7317
f 7225 7570 10476
f 7225 10476 10479
f 2250 11147 11146
f 2250 11146 2249
f 7226 7225 10479
f 7226 10479 10481
f 3814 4028 11129
f 9207 9052 7322
f 9207 7322 7317
f 7520 7226 10481
f 7520 10481 10484
f 4028 4027 11148
f 4028 11148 11129
f 8985 7147 7151
f 8985 7151 9048
f 4027 4026 11149
f 4027 11149 11148
f 7518 7520 10484
f 7518 10484 10487
f 8973 7144 7147
f 8973 7147 8985
f 4026 4029 11150
f 4026 11150 11149
f 7526 7518 10487
f 7526 10487 10486
f 8980 7296 7144
f 8980 7144 8973
f 4029 4030 11151
f 4029 11151 11150
f 7524 7526 10486
f 7524 10486 10490
f 7296 8980 9127
f 7527 7524 10490
f 7527 10490 10489
f 9063 7271 7243
f 9063 7243 9061
f 10489 10454 7527
f 7528 7527 10454
f 9220 7272 7271
f 9220 7271 9063
f 10492 10491 7522
f 11152 4050 4488
f 11152 4488 11153
f 10491 10488 7523
f 10491 7523 7522
f 9219 7273 7272
f 9219 7272 9220
f 10488 10524 7519
f 10488 7519 7523
f 11154 4051 4050
f 11154 4050 11152
f 7521 7519 10524
f 7252 7254 9224
f 7252 9224 9068
f 7549 7545 10493
f 7549 10493 10504
f 7255 7273 9219
f 7255 9219 9065
f 7530 7549 10504
f 7530 10504 10498
f 11155 11153 4475
f 4488 4475 11153
f 7255 9065 9224
f 7255 9224 7254
f 7531 7530 10498
f 7531 10498 10500
f 11156 4477 4060
f 11156 4060 11157
f 7252 9068 9070
f 7252 9070 7250
f 7535 7531 10500
f 7535 10500 10502
f 9127 7294 7296
f 9127 9126 7294
f 7291 7294 9126
f 11155 4475 4477
f 11155 4477 11156
f 8864 8869 4891
f 8864 4891 6810
f 11157 4060 4061
f 11157 4061 11158
f 10493 7545 7547
f 10493 7547 10494
f 11158 4061 4073
f 11158 4073 11159
f 8869 8855 6911
f 8869 6911 4891
f 8855 8854 6812
f 8855 6812 6911
f 11160 4071 4069
f 11160 4069 11161
f 7561 7592 10510
f 7561 10510 10509
f 8854 8851 6938
f 8854 6938 6812
f 7559 7561 10509
f 7559 10509 10511
f 4069 4067 11162
f 4069 11162 11161
f 8851 8899 6921
f 8851 6921 6938
f 10522 7616 7559
f 10522 7559 10511
f 8899 8882 6918
f 8899 6918 6921
f 4067 4066 11163
f 4067 11163 11162
f 8882 9237 6970
f 8882 6970 6918
f 10514 7615 7614
f 10514 7614 10513
f 4066 4068 11164
f 4066 11164 11163
f 9237 8877 6915
f 9237 6915 6970
f 7615 10514 10521
f 4459 11165 11166
f 8877 9242 6968
f 8877 6968 6915
f 10513 7614 7616
f 10513 7616 10522
f 11165 4459 4474
f 11165 4474 11167
f 7615 10521 7562
f 9242 8909 7339
f 9242 7339 6968
f 4068 4070 11168
f 4068 11168 11164
f 10520 7563 7562
f 10520 7562 10521
f 8909 568 567
f 8909 567 7339
f 4074 4459 11166
f 566 565 9245
f 566 9245 6964
f 10518 7565 7563
f 10518 7563 10520
f 9245 8912 6965
f 9245 6965 6964
f 10519 7566 7565
f 10519 7565 10518
f 4070 4074 11166
f 4070 11166 11168
f 8912 9244 7335
f 8912 7335 6965
f 10523 7567 7566
f 10523 7566 10519
f 11169 11159 4072
f 4073 4072 11159
f 9244 9243 7334
f 9244 7334 7335
f 7568 7567 10523
f 9243 8914 7336
f 9243 7336 7334
f 4072 4071 11160
f 4072 11160 11169
f 8914 8913 7337
f 8914 7337 7336
f 7582 7581 10567
f 7582 10567 10566
f 11167 4474 4484
f 11167 4484 11170
f 6953 7337 8913
f 11171 11170 4484
f 11171 4484 4465
f 8913 8915 6953
f 7630 7624 10529
f 7630 10529 10528
f 8915 9249 7338
f 8915 7338 6953
f 10950 11171 3775
f 9249 8904 6951
f 9249 6951 7338
f 10534 7631 7630
f 10534 7630 10528
f 4465 3775 11171
f 8904 8903 6948
f 8904 6948 6951
f 7581 7631 10534
f 7581 10534 10567
f 8903 9023 7204
f 8903 7204 6948
f 4046 3764 11172
f 4046 11172 10932
f 7586 7582 10566
f 7586 10566 10565
f 7210 7204 9022
f 9023 9022 7204
f 11172 3764 3763
f 11172 3763 11173
f 7584 7586 10565
f 7584 10565 10563
f 9325 9266 7397
f 11173 3763 4051
f 11173 4051 11154
f 7594 7584 10563
f 7594 10563 10549
f 9255 7413 7412
f 4500 11174 4491
f 7591 7594 10549
f 7591 10549 10535
f 9255 9253 7415
f 9255 7415 7413
f 3804 11175 11174
f 3804 11174 4500
f 7415 9253 9256
f 7415 9256 7343
f 10535 10510 7591
f 7592 7591 10510
f 11176 11175 3804
f 11176 3804 3801
f 9256 9262 7340
f 9256 7340 7343
f 10524 10483 7521
f 9266 9264 7409
f 9266 7409 7397
f 10483 10480 7227
f 10483 7227 7521
f 11176 3801 11177
f 3795 11177 3801
f 9254 9255 7412
f 7571 10480 10475
f 9262 9263 7341
f 9262 7341 7340
f 11178 11177 3795
f 11178 3795 3773
f 7571 7227 10480
f 11178 3773 4483
f 10475 10547 7564
f 10475 7564 7571
f 9264 9254 7412
f 9264 7412 7409
f 11179 11178 4483
f 9263 9343 7345
f 9263 7345 7341
f 7617 10550 10539
f 7617 10539 7600
f 11180 11179 4483
f 11180 4483 4462
f 9343 9258 7345
f 11181 11180 4462
f 11181 4462 4458
f 7356 9287 9300
f 11182 11181 4458
f 11182 4458 4059
f 7593 10551 10550
f 7593 10550 7617
f 9269 7361 9270
f 4058 11183 11182
f 4058 11182 4059
f 7600 10539 10540
f 7600 10540 7602
f 10540 10541 7601
f 10540 7601 7602
f 4476 11184 11183
f 4476 11183 4058
f 9270 7361 7360
f 4489 11185 11184
f 4489 11184 4476
f 10541 10564 7601
f 4052 11186 11185
f 4052 11185 4489
f 10547 10553 7607
f 10547 7607 7564
f 4053 11187 11186
f 4053 11186 4052
f 7361 9269 7355
f 9281 7355 9269
f 7593 7598 10551
f 10544 10551 7598
f 7353 9947 9946
f 3680 11188 11187
f 3680 11187 4053
f 7606 10552 10545
f 7606 10545 7560
f 9912 7352 7355
f 9912 7355 9281
f 3672 11189 11188
f 3672 11188 3680
f 10553 10552 7606
f 10553 7606 7607
f 7350 7352 9912
f 7350 9912 9947
f 3671 10945 11189
f 3671 11189 3672
f 7560 10545 10544
f 7560 10544 7598
f 7353 7350 9947
f 10502 10556 7535
f 7536 7535 10556
f 9948 7354 7353
f 9948 7353 9946
f 7537 7536 10556
f 7537 10556 10558
f 11190 4494 4493
f 11190 4493 11191
f 7354 9948 9945
f 7618 7537 10558
f 7618 10558 10571
f 11192 11151 4499
f 4030 4499 11151
f 9279 7366 7367
f 9279 7367 9277
f 7618 10570 7619
f 4499 4498 11193
f 4499 11193 11192
f 9286 7358 7366
f 9286 7366 9279
f 10570 7618 10571
f 4498 4501 11194
f 4498 11194 11193
f 7622 7619 10570
f 7622 10570 10569
f 4501 4497 11195
f 4501 11195 11194
f 9277 7367 7369
f 9277 7369 9288
f 10568 7623 7622
f 10568 7622 10569
f 4497 4496 11196
f 4497 11196 11195
f 7466 7354 9945
f 10568 10529 7623
f 7624 7623 10529
f 7469 7466 9945
f 7469 9945 9339
f 4496 4495 11197
f 4496 11197 11196
f 10564 7585 7601
f 7369 7469 9339
f 7369 9339 9288
f 4495 4494 11190
f 4495 11190 11197
f 10564 10531 7583
f 10564 7583 7585
f 7356 7358 9286
f 7356 9286 9287
f 4492 11198 11191
f 4492 11191 4493
f 10531 10530 7620
f 10531 7620 7583
f 4491 11199 11198
f 4491 11198 4492
f 10530 10555 7534
f 10530 7534 7620
f 9300 9296 7400
f 9300 7400 7399
f 11174 11199 4491
f 7532 7534 10555
f 3649 11200 11201
f 3649 11201 3653
f 7383 7400 9295
f 9296 9295 7400
f 10460 10455 7197
f 10460 7197 7220
f 10905 11200 3649
f 10455 10492 7529
f 10455 7529 7197
f 9295 9292 7380
f 9295 7380 7383
f 3654 11202 11203
f 3654 11203 3766
f 7522 7529 10492
f 11201 11202 3654
f 11201 3654 3653
f 6185 10826 2109
f 6185 2109 1663
f 7381 7380 9302
f 9292 9302 7380
f 10826 6220 2109
f 9302 9331 7375
f 9302 7375 7381
f 11203 11204 4504
f 11203 4504 3766
f 6347 6340 10103
f 9331 9304 7373
f 9331 7373 7375
f 4514 11205 11206
f 4514 11206 3762
f 7373 9304 9306
f 7373 9306 7378
f 4513 11207 11205
f 4513 11205 4514
f 7378 9306 9308
f 7378 9308 7384
f 10948 3682 11208
f 7386 9308 9309
f 11209 11210 3685
f 11209 3685 3770
f 7384 9308 7386
f 11211 11209 3770
f 11211 3770 3771
f 9309 9313 7390
f 9309 7390 7386
f 6359 6357 10587
f 3685 11210 11208
f 3685 11208 3682
f 7387 7390 9313
f 7387 9313 9324
f 11212 11211 3771
f 11212 3771 3760
f 10587 10109 6359
f 6355 6359 10109
f 9322 7388 7387
f 9322 7387 9324
f 11213 11212 3760
f 11213 3760 4515
f 6338 6355 10109
f 9315 7392 7391
f 9315 7391 9314
f 11206 11213 4515
f 11206 4515 3762
f 9315 9321 7392
f 3765 11214 11207
f 3765 11207 4513
f 9314 7391 7388
f 9314 7388 9322
f 4512 11215 11214
f 4512 11214 3765
f 9321 7393 7392
f 3756 11216 11215
f 3756 11215 4512
f 9321 9320 7394
f 9321 7394 7393
f 4511 11217 11216
f 4511 11216 3756
f 9320 9323 7395
f 9320 7395 7394
f 9323 9325 7396
f 9323 7396 7395
f 3769 11218 11217
f 3769 11217 4511
f 7397 7396 9325
f 4510 11219 11218
f 4510 11218 3769
f 7399 7356 9300
f 4510 4504 11219
f 11204 11219 4504
f 7379 7385 9307
f 7379 9307 9305
f 230 232 11220
f 7374 7379 9305
f 7374 9305 9291
f 4677 11220 232
f 4677 232 4520
f 4669 4677 4520
f 4669 4520 6484
f 7374 9291 9290
f 9329 9330 7403
f 9329 7403 7402
f 6489 11221 11222
f 6489 11222 6490
f 6492 11223 11221
f 6492 11221 6489
f 7401 9297 9329
f 7401 9329 7402
f 7382 7374 9290
f 6490 11222 11224
f 6490 11224 6530
f 6484 6483 4669
f 4653 4669 6483
f 7382 9290 9297
f 7382 9297 7401
f 11224 4653 6483
f 11224 6483 6530
f 7403 9330 7404
f 9301 7404 9330
f 6493 6522 11225
f 4664 11225 6522
f 9332 7405 7404
f 9332 7404 9301
f 6493 11225 11223
f 6493 11223 6492
f 6361 6377 10580
f 4536 11226 11227
f 6357 6361 10580
f 7408 7414 9265
f 4536 4535 11228
f 4536 11228 11226
f 7389 7408 9265
f 7389 9265 9312
f 4535 4533 11229
f 4535 11229 11228
f 9307 7385 7389
f 9307 7389 9312
f 4533 4534 11230
f 4533 11230 11229
f 7345 9258 7344
f 4545 4549 11231
f 4545 11231 473
f 9258 9257 7348
f 9258 7348 7344
f 9257 9348 7346
f 9257 7346 7348
f 4545 473 471
f 9348 9347 7416
f 9348 7416 7346
f 6342 7637 10105
f 4534 4546 11232
f 4534 11232 11230
f 9347 9352 7421
f 9347 7421 7416
f 4546 4544 471
f 4546 471 11232
f 10105 6340 6342
f 7421 9828 7420
f 4545 471 4544
f 10104 10103 6340
f 9828 7421 9352
f 11231 4549 4550
f 11231 4550 11233
f 9828 9825 7418
f 9828 7418 7420
f 7648 10597 7647
f 11233 4550 251
f 11233 251 250
f 7418 9825 9829
f 7418 9829 7422
f 7647 10597 7646
f 10596 7646 10597
f 4567 11234 428
f 7422 9829 9854
f 7422 9854 7424
f 7424 9854 7428
f 10596 10595 7646
f 7645 7646 10595
f 2606 5266 427
f 2606 427 415
f 5266 5265 428
f 5266 428 427
f 10594 7644 7645
f 10594 7645 10595
f 9854 9853 7428
f 4567 428 5265
f 7428 9853 9856
f 7428 9856 7430
f 7644 10594 7643
f 10593 7643 10594
f 11234 4567 4568
f 11234 4568 467
f 7430 9856 9858
f 7430 9858 7433
f 7642 7643 10593
f 467 4568 4571
f 467 4571 470
f 7433 9858 9857
f 7433 9857 7431
f 9857 9888 7434
f 9857 7434 7431
f 431 470 4571
f 431 4571 4573
f 9888 9889 7435
f 9888 7435 7434
f 429 431 4573
f 429 4573 4574
f 9889 9884 7436
f 9889 7436 7435
f 11235 429 4574
f 11235 4574 4576
f 7642 10578 6377
f 9884 9880 7439
f 9884 7439 7436
f 11236 11235 4576
f 11236 4576 4588
f 9880 9879 7437
f 9880 7437 7439
f 10580 6377 10577
f 4587 11237 11236
f 4587 11236 4588
f 6357 10580 10582
f 10587 6357 10582
f 6338 10109 10108
f 10108 10106 6338
f 7637 6338 10106
f 10105 7637 10106
f 10105 10104 6340
f 2253 11238 11147
f 2253 11147 2250
f 7648 10139 10597
f 2255 11239 11238
f 2255 11238 2253
f 2254 10786 11239
f 2254 11239 2255
f 4553 6218 4554
f 2260 4554 6218
f 2263 4555 2260
f 10578 7642 10593
f 2260 4555 4554
f 2283 11240 11241
f 2283 11241 2271
f 1660 1658 1523
f 1658 1650 1523
f 1650 1647 1523
f 2271 11241 4555
f 2271 4555 2263
f 2288 11242 11240
f 2288 11240 2283
f 1678 2137 2775
f 2287 11243 11242
f 2287 11242 2288
f 1685 1678 2775
f 11244 11243 2287
f 11244 2287 2215
f 11244 2215 2213
f 1689 1685 2772
f 2772 2765 1689
f 11245 11244 2213
f 11246 11245 2213
f 11246 2213 2203
f 2765 2763 1701
f 1705 1701 2763
f 11138 11247 2200
f 1722 2749 1726
f 1726 2746 1730
f 2203 2201 11246
f 4429 11246 2201
f 1730 2744 1737
f 11247 4429 2201
f 11247 2201 2200
f 1737 2466 1740
f 1740 2460 1750
f 11248 11249 2381
f 11248 2381 2376
f 11250 11248 2376
f 11250 2376 2306
f 681 1750 2457
f 2457 2453 681
f 2448 672 682
f 681 2453 682
f 11251 11250 2306
f 11251 2306 860
f 1765 4321 1768
f 710 11252 11253
f 710 11253 2316
f 710 10766 11252
f 860 857 11251
f 11254 11251 857
f 1791 1786 1618
f 1781 1623 1786
f 11255 11254 857
f 11255 857 2315
f 1846 1839 1791
f 1618 1846 1791
f 11253 11255 2315
f 11253 2315 2316
f 11256 11257 2321
f 11258 11256 2321
f 11258 2321 2390
f 1764 4323 1765
f 1807 4324 1764
f 1795 1791 1839
f 1626 1623 1781
f 1615 1786 1623
f 1800 1795 1815
f 1828 1815 1795
f 1835 1828 1795
f 1815 1817 1800
f 1807 1800 1817
f 4324 1807 1817
f 2381 11249 11258
f 2381 11258 2390
f 11257 11259 2292
f 11257 2292 2291
f 1879 2261 1863
f 1895 2261 1878
f 1878 2261 1879
f 1864 1863 2261
f 1939 2261 1895
f 11257 2291 2321
f 11260 11261 2350
f 4321 2206 1768
f 1906 1768 2206
f 2351 11262 11260
f 2351 11260 2350
f 2194 2177 1906
f 2206 2194 1906
f 2449 11263 11262
f 2449 11262 2351
f 2450 11264 11263
f 2450 11263 2449
f 2401 11265 11264
f 2401 11264 2450
f 1871 1864 2261
f 2170 2165 1918
f 2177 2173 1918
f 2323 11266 11265
f 2323 11265 2401
f 11259 11266 2323
f 11259 2323 2292
f 10781 2379 2387
f 10781 2387 11267
f 2261 2256 1886
f 1886 1871 2261
f 1954 2222 1958
f 1900 2231 1954
f 2304 2379 10781
f 1976 2216 1973
f 11267 2387 2386
f 11267 2386 11268
f 1990 1973 2216
f 1976 1972 2216
f 1972 1963 2216
f 1958 2217 1963
f 11268 2386 2296
f 11268 2296 11269
f 11269 2296 2293
f 11269 2293 11270
f 11270 2293 2322
f 11270 2322 11271
f 11271 2322 2344
f 11271 2344 11272
f 1701 1689 2765
f 2775 2772 1685
f 2137 2139 2775
f 2216 2775 2139
f 2133 2216 2139
f 1990 2216 2133
f 11272 2344 2346
f 11272 2346 11273
f 11273 2346 2345
f 11273 2345 11274
f 1921 1918 2162
f 1929 1921 2191
f 2191 2190 1929
f 11274 2345 2438
f 11274 2438 11275
f 11275 2438 1600
f 11275 1600 11276
f 2277 2273 1934
f 11276 1600 1429
f 2161 2191 1921
f 2162 2161 1921
f 2190 2282 1929
f 2282 2277 1929
f 1934 1929 2277
f 2165 2162 1918
f 1918 1906 2177
f 2173 2170 1918
f 1900 1886 2256
f 2240 1900 2256
f 2235 1900 2240
f 2231 1900 2235
f 2225 1954 2231
f 2222 1954 2225
f 2217 1958 2222
f 1939 1937 2261
f 1937 1934 2261
f 2216 1963 2217
f 2273 2261 1934
f 2184 2172 2314
f 2308 2299 2317
f 2428 2317 2299
f 2317 2185 2308
f 2383 2382 2330
f 2356 2388 2357
f 2357 2388 2363
f 2335 2327 2444
f 2382 2444 2327
f 2330 2377 2383
f 2327 2330 2382
f 2371 2363 2383
f 2373 2371 2383
f 2377 2373 2383
f 2388 2383 2363
f 2332 2335 2436
f 2572 2566 2395
f 9772 9744 9771
f 9775 9744 9772
f 9782 9763 9779
f 9765 9763 9767
f 9767 9763 9782
f 9758 9763 9765
f 9756 9763 9758
f 9761 9763 9756
f 9764 9779 9763
f 9744 9777 9764
f 9755 9761 9756
f 11277 11278 2407
f 2408 11277 2407
f 9791 9769 9801
f 11277 2408 11279
f 9788 9790 9810
f 9801 9810 9790
f 11280 2419 11281
f 2475 11281 2419
f 9801 9744 9797
f 2475 11282 11281
f 11283 11282 2474
f 2566 2565 2399
f 2565 2561 2399
f 11284 11283 2474
f 2185 2184 2314
f 2314 2308 2185
f 2299 2302 2428
f 11285 11284 2348
f 11286 11285 2348
f 2399 2395 2566
f 2388 2579 2395
f 2444 2436 2335
f 2302 2332 2436
f 2436 2428 2302
f 2561 2547 2399
f 2420 7171 2452
f 11287 11288 2347
f 2452 7171 2469
f 2469 7170 2464
f 2464 7170 2465
f 11261 11287 2347
f 2349 11261 2347
f 2465 7170 2482
f 2482 7092 2492
f 2349 2350 11261
f 7090 7089 2492
f 2506 2499 7160
f 7160 6299 2506
f 2547 2550 2399
f 11289 11290 2479
f 2480 2479 11290
f 6299 7141 2506
f 2512 2506 7141
f 2209 2212 4904
f 11289 2479 2478
f 11289 2478 11291
f 11291 2478 11292
f 2477 11292 2478
f 11292 2477 11293
f 2418 11293 2477
f 2538 2530 2399
f 2550 2538 2399
f 2407 11278 11293
f 2407 11293 2418
f 2530 2533 2399
f 2533 2607 2399
f 2405 2399 2600
f 2607 2603 2399
f 2603 2600 2399
f 2415 2405 2600
f 2417 11279 2408
f 2356 2579 2388
f 2572 2395 2579
f 2420 2415 2600
f 11279 2417 11280
f 2419 11280 2417
f 11282 2475 2476
f 2474 11282 2476
f 2670 2831 7181
f 6350 7181 2730
f 2474 2439 11284
f 9806 9815 9807
f 9815 9817 9807
f 9810 9807 9817
f 9817 9819 9810
f 9819 9785 9810
f 9785 9784 9810
f 9784 9788 9810
f 9769 9771 9801
f 9744 9801 9771
f 9777 9744 9775
f 9779 9764 9777
f 9790 9791 9801
f 2348 11284 2439
f 11286 2348 2343
f 9831 9606 9832
f 9822 10716 9820
f 11286 2343 11288
f 2342 11288 2343
f 9832 10716 9822
f 2347 11288 2342
f 9847 9606 9831
f 9580 9582 10958
f 9862 10958 9860
f 9864 10958 9862
f 11290 11294 2480
f 10711 9606 10709
f 9851 10958 9635
f 10714 9820 10716
f 9860 10958 9851
f 6141 10958 9864
f 9578 9580 10958
f 9578 10958 6138
f 9872 9608 9867
f 4586 11295 11237
f 4586 11237 4587
f 4585 11227 11295
f 4585 11295 4586
f 9878 9605 9874
f 4585 4536 11227
f 11296 255 4596
f 254 4596 255
f 56 11296 4596
f 56 4596 57
f 10690 10692 9697
f 10696 10698 9702
f 10698 10700 9702
f 10057 9882 10048
f 9721 9702 10700
f 10010 9882 10005
f 10700 9868 9721
f 10048 9882 10047
f 9720 9721 9868
f 9593 9720 9868
f 9702 9697 10694
f 10005 9882 10006
f 10013 9882 10010
f 10006 9882 10057
f 9942 9882 10013
f 9941 9882 9942
f 9608 9593 9868
f 9867 9608 9868
f 9874 9608 9872
f 10704 9605 9878
f 10707 9605 10704
f 10709 9606 10707
f 9582 9591 10958
f 10047 9885 10072
f 10074 10082 9885
f 9885 10047 9882
f 10072 9885 10070
f 10168 10201 10166
f 2671 2670 2627
f 10085 10088 9885
f 7788 7784 8020
f 7778 7779 8020
f 7784 7778 8020
f 10095 10096 9885
f 10070 9885 10066
f 2627 2670 7181
f 2831 2730 7181
f 2627 2623 2671
f 10096 10075 9885
f 10068 9885 10075
f 10067 9885 10068
f 10066 9885 10067
f 10092 10093 9885
f 10094 10095 9885
f 10093 10094 9885
f 2768 2904 2769
f 10111 9294 9280
f 2777 8035 2860
f 2904 8038 2769
f 2791 2903 2768
f 10231 10232 10122
f 2623 2622 2671
f 2756 3500 2803
f 10123 10124 10231
f 10124 10125 10229
f 10128 10155 10125
f 10111 9280 10144
f 2804 2802 3570
f 2803 3491 2802
f 2804 3428 2791
f 2756 2671 2622
f 2904 2768 2903
f 2777 2769 8038
f 10122 10123 10231
f 10229 10231 10124
f 10155 10229 10125
f 10129 10151 10128
f 10121 10122 10232
f 3468 3466 2912
f 10153 10128 10151
f 10151 10129 10146
f 10154 10128 10153
f 10145 10146 10129
f 10129 10111 10145
f 10155 10128 10154
f 10144 10145 10111
f 9293 9276 9294
f 9280 9294 9276
f 3428 2804 3570
f 2903 2791 3428
f 3570 2802 3568
f 3486 2802 3491
f 2622 2916 3447
f 2553 2495 11297
f 2553 11297 11298
f 2916 2912 3448
f 3448 3447 2916
f 11297 2495 2497
f 11297 2497 11299
f 11299 2497 2502
f 11299 2502 11300
f 3568 2802 3406
f 11301 11300 2502
f 11301 2502 2525
f 3477 3617 2802
f 3486 3477 2802
f 11302 11301 2525
f 11302 2525 2664
f 11303 11304 2544
f 11303 2544 2646
f 3500 2756 2622
f 3491 2803 3500
f 11305 11302 2664
f 11305 2664 2663
f 3596 2622 3447
f 3596 3500 2622
f 11304 11305 2663
f 11304 2663 2544
f 11306 11303 2646
f 11306 2646 2645
f 11307 11306 2645
f 11307 2645 2545
f 3314 3601 3315
f 3603 3315 3601
f 3601 3600 3603
f 2543 11308 11307
f 2543 11307 2545
f 2542 11309 11308
f 2542 11308 2543
f 3551 3549 2802
f 3549 3569 2802
f 3406 2802 3569
f 3617 3551 2802
f 2541 11310 11309
f 2541 11309 2542
f 2915 3940 2912
f 11310 2541 11311
f 2540 11311 2541
f 10166 10078 10074
f 3936 2915 3751
f 10078 10082 10074
f 10177 10185 10115
f 3940 3468 2912
f 3466 3448 2912
f 3936 3940 2915
f 10211 10212 10115
f 10185 10211 10115
f 10187 10186 10169
f 10169 10194 10168
f 10115 10114 10177
f 10232 10233 10121
f 3600 3612 3603
f 3965 3964 3975
f 3964 4127 3975
f 10193 10169 10186
f 10194 10169 10193
f 10197 10168 10194
f 10201 10168 10197
f 10077 10166 10076
f 10076 10166 10201
f 10078 10166 10077
f 10083 10085 9885
f 10088 10091 9885
f 10091 10092 9885
f 10083 9885 10082
f 10219 10221 10172
f 10172 10115 10219
f 3976 3975 4127
f 3976 3962 3612
f 3603 3612 3962
f 4127 3962 3976
f 10221 10220 10172
f 10212 10219 10115
f 4135 4088 3956
f 10220 10223 10172
f 10223 10222 10172
f 10169 10172 10222
f 10222 10224 10169
f 10187 10169 10224
f 10117 10121 10233
f 10233 10178 10117
f 10114 10117 10178
f 10178 10177 10114
f 10248 10347 10247
f 3975 4138 3965
f 4024 3965 4138
f 4179 4024 4138
f 4138 4135 4179
f 3958 4179 4135
f 3956 3958 4135
f 10347 10887 10245
f 10322 10347 10249
f 10246 10245 10887
f 10249 10347 10248
f 10245 10247 10347
f 10242 10244 10887
f 10887 10888 10242
f 4083 4206 4088
f 4199 4088 4205
f 10254 10262 10318
f 10251 10254 10318
f 10250 10251 10318
f 4062 4088 4199
f 4187 4088 4062
f 10283 10318 10276
f 4037 4088 4187
f 4033 4088 4037
f 10276 10318 10272
f 10262 10264 10318
f 10263 10271 10318
f 10271 10272 10318
f 10280 10318 10279
f 4079 4205 4088
f 4206 4079 4088
f 4032 4088 4033
f 3956 4088 4012
f 4032 4012 4088
f 3752 3751 2915
f 3752 5510 4088
f 9903 11312 4217
f 11298 10744 2553
f 3885 2553 10744
f 9902 9838 11313
f 9839 11313 9838
f 9909 9908 9842
f 4230 4217 11314
f 11314 4263 4230
f 4233 4232 4244
f 11312 11314 4217
f 11315 9903 9902
f 11313 11315 9902
f 4300 4298 4236
f 4296 4289 4268
f 4303 4300 4236
f 4239 4303 4236
f 4236 4233 4239
f 4232 4221 4246
f 4248 4246 4221
f 4244 4240 4233
f 4240 4239 4233
f 4246 4244 4232
f 9841 9840 9843
f 4250 4248 4220
f 4221 4220 4248
f 4220 4228 4254
f 4660 4657 4268
f 4263 4261 4227
f 4228 4227 4261
f 4227 4230 4263
f 4642 4662 4268
f 4662 4660 4268
f 4291 4642 4268
f 4657 4651 4268
f 4269 4268 4651
f 4289 4291 4268
f 4298 4296 4268
f 4268 4236 4298
f 2515 11316 11317
f 4678 11318 4628
f 4632 4628 11318
f 4635 4632 11318
f 11318 4287 4643
f 4643 4635 11318
f 123 125 11319
f 4287 4281 4643
f 4766 11318 4731
f 125 127 11320
f 4644 4643 4281
f 11320 127 2516
f 11320 2516 11317
f 4281 4278 4646
f 2515 11317 2516
f 4276 4269 4648
f 4648 4646 4276
f 4278 4276 4646
f 4651 4648 4269
f 123 11319 2576
f 11321 2576 11319
f 4672 11318 4673
f 4731 11318 4672
f 2576 11321 2546
f 11322 2546 11321
f 4735 4734 11318
f 4734 4743 11318
f 4743 4771 11318
f 4747 4745 11318
f 4745 4735 11318
f 11323 11311 2577
f 2540 2577 11311
f 2577 2546 11322
f 2577 11322 11323
f 4646 4644 4281
f 4678 4673 11318
f 11318 4766 4764
f 11318 4764 4749
f 4749 4747 11318
f 2584 2585 11324
f 11325 11324 2585
f 1213 5909 1212
f 2592 11294 2585
f 11325 2585 11294
f 5895 5894 1226
f 5895 1226 1227
f 2592 2480 11294
f 5894 5893 1190
f 5894 1190 1226
f 1190 5893 5884
f 1190 5884 1225
f 2642 11324 11326
f 2584 11324 2642
f 5465 5463 5214
f 1225 5891 1232
f 5891 1225 5884
f 5457 5489 4774
f 1253 5910 5944
f 1253 5944 1254
f 10264 10263 10318
f 10283 10279 10318
f 5192 11318 5193
f 5193 11318 5196
f 10285 10386 10284
f 10284 10386 10280
f 10297 10386 10286
f 10286 10386 10285
f 1243 5904 5907
f 1243 5907 1242
f 5906 1252 1242
f 5906 1242 5907
f 4770 5465 11318
f 10306 10383 10305
f 10318 10317 10250
f 5906 5905 1251
f 5906 1251 1252
f 10313 10314 10317
f 5214 11318 5465
f 5905 5910 1253
f 5905 1253 1251
f 10311 10312 10339
f 10320 10339 10312
f 10312 10313 10320
f 10317 10320 10313
f 10314 10250 10317
f 10339 10338 10311
f 10309 10311 10338
f 5914 1315 1305
f 5914 1305 5915
f 5917 1279 1315
f 5917 1315 5914
f 10244 10246 10887
f 5923 1280 1279
f 5923 1279 5917
f 10321 10347 10322
f 10323 10346 10321
f 1282 1280 5923
f 10342 10344 10308
f 10333 10308 10344
f 1163 1287 5927
f 1163 5927 5930
f 10344 10346 10324
f 5926 1297 1296
f 5926 1296 5924
f 10347 10321 10346
f 1287 1297 5926
f 1287 5926 5927
f 1160 1163 5930
f 1160 5930 5932
f 5929 1288 5963
f 10338 10342 10307
f 10308 10307 10342
f 10307 10309 10338
f 10327 10333 10344
f 10326 10327 10344
f 10324 10326 10344
f 10323 10324 10346
f 10241 10242 10888
f 5928 1289 1288
f 5928 1288 5929
f 5925 1298 1289
f 5925 1289 5928
f 10365 10375 10364
f 10318 10280 10386
f 10381 10383 10354
f 10356 10381 10354
f 10357 10381 10356
f 10363 10377 10357
f 5925 5924 1298
f 1296 1298 5924
f 1148 1160 5932
f 1148 5932 5931
f 10375 10365 10372
f 1149 1148 5931
f 1149 5931 5919
f 1307 1149 5919
f 1307 5919 5918
f 10377 10363 10376
f 1304 1307 5918
f 1304 5918 5916
f 10381 10357 10377
f 10376 10364 10375
f 10306 10354 10383
f 5916 5915 1304
f 1305 1304 5915
f 10386 10297 10383
f 10364 10376 10363
f 5934 5933 1340
f 5934 1340 1508
f 10305 10383 10297
f 5933 5945 1322
f 5933 1322 1340
f 5945 5974 1321
f 5945 1321 1322
f 5974 5972 1319
f 5974 1319 1321
f 5972 5970 1317
f 5972 1317 1319
f 10423 10424 10468
f 1338 5940 5941
f 1338 5941 1396
f 1508 1396 5934
f 5941 5934 1396
f 5970 5967 1334
f 5970 1334 1317
f 10397 10468 10392
f 10412 10468 10397
f 10366 10423 10373
f 10405 10471 10403
f 10468 10403 10471
f 10393 10392 10468
f 10424 10413 10468
f 10413 10414 10468
f 10414 10393 10468
f 10404 10468 10412
f 1337 1254 5942
f 5944 5942 1254
f 5942 5940 1338
f 5942 1338 1337
f 10426 10471 10425
f 10427 10470 10426
f 1397 1520 5936
f 1397 5936 5939
f 1335 1397 5939
f 1335 5939 5938
f 10431 10470 10427
f 1336 1335 5938
f 1336 5938 5943
f 10425 10471 10405
f 1411 1336 5943
f 1411 5943 5946
f 1411 5946 5951
f 1411 5951 1418
f 1418 5951 5952
f 1418 5952 1421
f 10449 10470 10445
f 1421 5952 5960
f 5955 1423 1422
f 5955 1422 5960
f 10434 10470 10433
f 10433 10470 10432
f 10438 10470 10434
f 10443 10470 10438
f 10432 10470 10431
f 10442 10470 10443
f 10445 10470 10442
f 10453 10469 10450
f 10450 10470 10449
f 10457 10482 10453
f 10463 10482 10458
f 1421 5960 1422
f 1423 5955 1452
f 5956 1452 5955
f 5959 1447 5956
f 10458 10482 10457
f 5956 1447 1452
f 10464 10501 10463
f 10373 10423 10468
f 5958 1440 1447
f 5958 1447 5959
f 5957 1438 1440
f 5957 1440 5958
f 5954 1451 5962
f 5961 1437 1438
f 5961 1438 5957
f 10471 10426 10470
f 10403 10468 10404
f 10373 10372 10366
f 10365 10366 10372
f 1439 1437 5961
f 1439 5961 5962
f 10482 10463 10485
f 10485 10463 10477
f 1458 1459 5953
f 1458 5953 5950
f 9879 9846 7440
f 9879 7440 7437
f 1439 5962 1451
f 9846 9875 7441
f 9846 7441 7440
f 1459 1451 5954
f 1459 5954 5953
f 1424 1458 5950
f 1424 5950 5949
f 9875 9870 7451
f 9875 7451 7441
f 10508 10463 10503
f 9870 9909 7449
f 9870 7449 7451
f 9909 9842 7462
f 9909 7462 7449
f 1277 1424 5949
f 1277 5949 5948
f 10515 10463 10512
f 10478 10463 10515
f 10477 10463 10478
f 10512 10463 10508
f 10469 10453 10482
f 9842 9840 7459
f 9842 7459 7462
f 1278 1277 5948
f 1278 5948 5947
f 9840 9836 7458
f 9840 7458 7459
f 10554 10497 10464
f 10464 10496 10501
f 10503 10463 10501
f 10470 10450 10469
f 9836 9838 7456
f 9836 7456 7458
f 9838 9902 4219
f 9838 4219 7456
f 9902 4217 4219
f 10546 10548 10554
f 10543 10542 10554
f 10526 10554 10516
f 10526 10525 10554
f 10527 10554 10525
f 9354 7446 7453
f 9354 7453 9353
f 10715 2858 10713
f 10713 2857 10714
f 9349 7347 7446
f 9349 7446 9354
f 10720 10721 3416
f 10497 10554 10532
f 10532 10554 10533
f 10496 10464 10497
f 3408 3416 10721
f 9345 7445 7347
f 9345 7347 9349
f 10724 3401 10723
f 10554 10557 10546
f 9259 7349 7445
f 9259 7445 9345
f 10548 10543 10554
f 10557 10559 10546
f 7342 7349 9259
f 7342 9259 9252
f 7414 7342 9252
f 7414 9252 9251
f 2613 11327 2515
f 11316 2515 11327
f 10729 3379 10733
f 10731 3380 10729
f 7438 7442 9845
f 7438 9845 9844
f 11328 11327 2619
f 2613 2619 11327
f 7447 7438 9844
f 7447 9844 9881
f 2625 11329 2619
f 11328 2619 11329
f 7432 7447 9881
f 7432 9881 9859
f 7429 7432 9859
f 7429 9859 9855
f 9851 9635 9849
f 10720 2922 10718
f 10722 3401 10721
f 10723 3401 10722
f 10725 3395 10724
f 10726 3395 10725
f 10727 3395 10726
f 10728 3391 10727
f 10732 3391 10728
f 10734 3391 10732
f 10733 3379 10734
f 11330 11329 2633
f 2625 2633 11329
f 7425 7429 9855
f 7425 9855 9830
f 10737 3716 10735
f 10735 3716 10731
f 7423 7425 9830
f 7423 9830 9824
f 2634 11331 2633
f 11330 2633 11331
f 10738 3729 10737
f 9827 7427 7426
f 9827 7426 9826
f 2634 2644 11331
f 11332 11331 2644
f 7419 7423 9824
f 7419 9824 9823
f 7426 7419 9823
f 7426 9823 9826
f 11333 11332 2644
f 11333 2644 2643
f 9827 9353 7427
f 7453 7427 9353
f 10744 5070 10743
f 2642 11326 11333
f 2642 11333 2643
f 9251 9265 7414
f 10516 10554 10517
f 10517 10554 10542
f 10533 10554 10527
f 9903 9965 7444
f 9903 7444 11312
f 10749 4594 10748
f 10579 10581 10590
f 10590 10589 10576
f 10576 10579 10590
f 11315 9966 9965
f 11315 9965 9903
f 10750 5053 10749
f 10748 4594 10745
f 10741 3724 10740
f 10742 3724 10741
f 10746 3724 10742
f 10745 4594 10746
f 10601 10590 10581
f 10589 10537 10575
f 10575 10576 10589
f 7454 9966 11315
f 7454 11315 11313
f 7455 7454 11313
f 7455 11313 9839
f 10739 3724 10738
f 10740 3724 10739
f 10747 5063 10750
f 10743 5061 10747
f 10788 10787 10959
f 4264 4263 7443
f 11314 7443 4263
f 10572 10573 10537
f 10573 10574 10537
f 10574 10575 10537
f 10583 10584 10601
f 10581 10583 10601
f 10537 10536 10572
f 10621 10622 10588
f 7444 7443 11314
f 7444 11314 11312
f 10758 10759 11334
f 10773 11334 9743
f 10619 10621 10588
f 7457 7455 9839
f 7457 9839 9837
f 9841 7460 9837
f 7457 9837 7460
f 10588 10611 10618
f 10618 10619 10588
f 10757 11334 10756
f 10756 11334 10755
f 10754 10755 10760
f 11334 10760 10755
f 10536 10538 10560
f 7461 7460 9841
f 7461 9841 9843
f 10584 10585 10600
f 7463 7461 9843
f 7463 9843 9907
f 10758 11334 10757
f 10770 10753 10762
f 10752 10762 10753
f 7464 7463 9907
f 7464 9907 9908
f 7450 7464 9908
f 7450 9908 9869
f 10560 10561 10536
f 10771 10770 10762
f 10759 9798 11334
f 9869 9845 7450
f 7442 7450 9845
f 9910 7365 7496
f 9910 7496 9911
f 10559 10560 10538
f 9275 7468 7365
f 9275 7365 9910
f 10752 10754 10762
f 10760 11334 10761
f 9270 7360 7468
f 9270 7468 9275
f 7496 9927 9911
f 10644 10638 3389
f 3376 3375 3366
f 3389 8351 10644
f 10617 10618 10611
f 10600 10601 10584
f 10562 10572 10536
f 10561 10562 10536
f 10538 10546 10559
f 10760 10762 10754
f 9744 11334 9798
f 9744 9743 11334
f 9797 9744 9798
f 7482 7485 9920
f 7482 9920 9919
f 10761 11334 10763
f 9918 7480 7482
f 9918 7482 9919
f 9924 7473 9917
f 10767 11334 10765
f 10765 11334 10766
f 9917 7473 7472
f 10622 10628 10588
f 10628 10629 10588
f 10629 10591 10588
f 10591 10592 10588
f 10586 10588 10599
f 10585 10586 10599
f 10592 10599 10588
f 10599 10600 10585
f 7484 7483 9914
f 7484 9914 9913
f 10769 11334 10767
f 7472 7484 9913
f 7472 9913 9917
f 10611 10612 10617
f 7475 7473 9924
f 7475 9924 9940
f 10764 11334 10768
f 10763 11334 10764
f 10769 10768 11334
f 11253 11252 11334
f 9914 7480 9918
f 11334 10779 11254
f 8351 3365 3364
f 10645 8351 10643
f 7480 9914 7483
f 10638 3390 3389
f 9927 7490 7475
f 9927 7475 9940
f 10644 8351 10645
f 7496 7490 9927
f 10612 3388 10648
f 10648 10616 10612
f 9923 7478 9922
f 9923 9920 7478
f 7485 7478 9920
f 11131 3387 3386
f 7494 9925 9932
f 7494 9932 7487
f 10776 10777 11334
f 10616 10617 10612
f 3390 10648 3388
f 3387 11131 3374
f 8379 3394 3393
f 10778 10779 11334
f 9926 9925 7494
f 9926 7494 7489
f 9932 9931 7487
f 9937 9936 8625
f 9937 8625 7364
f 8625 9936 9934
f 11273 11286 11272
f 10833 10891 10831
f 10828 10904 10833
f 10827 10903 10828
f 8625 9934 7488
f 10773 7958 10782
f 10772 10774 11334
f 10774 10775 11334
f 10775 10776 11334
f 10777 10778 11334
f 10780 11250 10779
f 10838 10858 10839
f 10840 10858 10838
f 10841 10858 10840
f 7488 9934 9926
f 7488 9926 7489
f 9931 7486 7487
f 10772 11334 10773
f 9931 9929 7495
f 9931 7495 7486
f 9928 9930 7492
f 9928 7492 7493
f 10785 10959 10783
f 10784 10783 10959
f 10858 10859 10849
f 10848 10849 10859
f 9929 9928 7493
f 9929 7493 7495
f 9915 7474 7476
f 10839 10858 10849
f 7474 9915 9916
f 7474 9916 7481
f 10782 7987 10787
f 9930 9933 7491
f 9930 7491 7492
f 10846 10845 10862
f 10861 10862 10845
f 10837 10842 10862
f 10844 10847 10861
f 10842 10846 10862
f 10862 10863 10837
f 10847 10848 10860
f 10845 10843 10861
f 10859 10860 10848
f 10792 10793 10995
f 10791 10792 10995
f 9939 9915 7476
f 9933 9939 7476
f 9933 7476 7491
f 10796 10797 10995
f 10850 10858 10841
f 10850 10851 10858
f 10843 10844 10861
f 9921 7479 9916
f 10798 10799 10995
f 10799 10800 10995
f 10800 10801 10995
f 10801 10789 10995
f 10851 10852 10856
f 10854 10856 10852
f 9272 9274 7502
f 9272 7502 7501
f 7502 9274 7503
f 10810 11135 10995
f 10795 10794 10995
f 10794 10796 10995
f 10797 10798 10995
f 10789 10790 10995
f 10790 10791 10995
f 10793 11139 10995
f 11139 11140 10995
f 11140 11141 10995
f 11141 11142 10995
f 10959 10995 11143
f 10835 10836 10863
f 10863 8939 10835
f 11135 11136 10995
f 10811 8432 10802
f 8939 8922 10835
f 7405 9332 7406
f 9333 7406 9332
f 10834 10835 8922
f 9334 7500 7406
f 9334 7406 9333
f 10860 10861 10847
f 10836 10837 10863
f 8922 8921 10834
f 10878 10877 10855
f 9943 7499 7500
f 9943 7500 9334
f 10804 8446 10805
f 7498 7499 9943
f 7498 9943 9944
f 10806 8448 4428
f 7357 7498 9944
f 7357 9944 9285
f 10809 8446 10808
f 10869 10855 10867
f 10877 10868 10855
f 10864 10855 10871
f 10871 10855 10870
f 10865 10855 10864
f 10857 10855 10866
f 7368 9285 9278
f 7357 9285 7368
f 11136 10795 10995
f 10875 10855 10874
f 7368 9278 9340
f 7368 9340 7470
f 10876 10855 10875
f 7470 9340 9282
f 7470 9282 7351
f 10802 8446 10812
f 10812 8446 10809
f 7351 9282 9271
f 7351 9271 7362
f 10878 10855 10876
f 10872 10874 10855
f 7362 9271 9272
f 7362 9272 7501
f 9959 9958 8620
f 9959 8620 7503
f 10815 3124 10813
f 9958 9957 8620
f 10868 10867 10855
f 10870 10855 10869
f 10866 10855 10865
f 10856 10854 10857
f 10858 10851 10856
f 10854 10853 10857
f 9274 9959 7503
f 9957 8618 8620
f 9957 9955 8619
f 9957 8619 8618
f 10817 3124 10816
f 10816 3124 10815
f 10818 3124 10817
f 10819 3124 10818
f 10820 3124 10819
f 10805 8446 10806
f 10808 8446 10804
f 4428 3124 10820
f 9956 8621 8619
f 9956 8619 9955
f 1495 1278 5947
f 1495 5947 5963
f 9938 7363 7467
f 1288 1495 5963
f 10814 3124 11138
f 10813 3124 10814
f 9954 8622 8621
f 9954 8621 9956
f 1545 5982 5964
f 9950 9938 7467
f 1333 1545 5964
f 1333 5964 5966
f 9953 8623 8622
f 9953 8622 9954
f 1339 1333 5966
f 1339 5966 5968
f 7467 8624 9949
f 7467 9949 9950
f 1521 1339 5968
f 1521 5968 5969
f 1318 1521 5969
f 1318 5969 5971
f 9949 8624 8623
f 9949 8623 9953
f 9937 7364 9938
f 7363 9938 7364
f 1320 1318 5971
f 1320 5971 5973
f 10577 6377 10578
f 9961 9968 8628
f 9961 8628 8634
f 1323 1320 5973
f 1323 5973 5937
f 8628 9968 9970
f 8628 9970 8626
f 1505 1323 5937
f 1505 5937 5935
f 7662 7664 10607
f 7662 10607 10606
f 5935 5936 1505
f 1520 1505 5936
f 7481 9916 7479
f 10602 7660 7662
f 10602 7662 10606
f 7479 9921 9961
f 7479 9961 8634
f 1334 5967 1332
f 5978 1332 5967
f 9922 7477 8635
f 9922 8635 9960
f 10136 6366 7650
f 10136 7650 10132
f 7478 7477 9922
f 5978 5977 1543
f 5978 1543 1332
f 10598 7653 6366
f 10598 6366 10136
f 8635 8627 9969
f 8635 9969 9960
f 10598 10139 7653
f 7648 7653 10139
f 9983 9975 8653
f 9983 8653 8651
f 5977 5976 1538
f 5977 1538 1543
f 10132 7650 7659
f 10132 7659 10605
f 8653 9975 9974
f 8653 9974 8654
f 5980 1544 5965
f 7659 7658 10604
f 7659 10604 10605
f 8654 9974 9984
f 8654 9984 8655
f 5976 5975 1537
f 5976 1537 1538
f 10604 7658 7660
f 10604 7660 10602
f 8655 9984 10703
f 8655 10703 8656
f 1537 5975 5981
f 1537 5981 1539
f 10614 7736 10615
f 8656 10703 10702
f 8656 10702 8639
f 5981 5965 1540
f 5981 1540 1539
f 10613 7672 7736
f 10613 7736 10614
f 715 718 10702
f 8639 10702 718
f 7670 7672 10613
f 7670 10613 10610
f 9970 9979 8629
f 9970 8629 8626
f 1540 5965 1544
f 7664 7670 10610
f 7664 10610 10607
f 8629 9979 9978
f 8629 9978 8642
f 1544 5980 5979
f 1544 5979 1562
f 10609 10641 7686
f 10609 7686 7671
f 1562 5979 5989
f 1562 5989 1563
f 8642 9978 9972
f 8642 9972 8649
f 1563 5989 5988
f 1563 5988 1565
f 8649 9972 9971
f 8649 9971 8647
f 10143 10603 7661
f 10143 7661 7649
f 8647 9971 9983
f 8647 9983 8651
f 1565 5988 5986
f 1565 5986 1574
f 7661 10603 10608
f 7661 10608 7663
f 688 9982 8652
f 688 8652 689
f 7663 10608 10609
f 7663 10609 7671
f 5986 5984 1573
f 5986 1573 1574
f 9982 9973 8648
f 9982 8648 8652
f 10631 10633 7720
f 10631 7720 7724
f 5984 5983 1575
f 5984 1575 1573
f 9973 9980 8643
f 9973 8643 8648
f 5983 5987 1576
f 5983 1576 1575
f 7720 10633 10623
f 7720 10623 7718
f 9980 9981 8630
f 9980 8630 8643
f 5990 5991 1546
f 5990 1546 1548
f 10623 10625 7721
f 10623 7721 7718
f 9997 8665 8663
f 9997 8663 9998
f 5991 5992 1546
f 10625 10636 7722
f 10625 7722 7721
f 9996 8666 8665
f 9996 8665 9997
f 5987 5990 1548
f 5987 1548 1576
f 10627 10637 7717
f 10627 7717 7723
f 9995 8667 8666
f 9995 8666 9996
f 5992 5994 1578
f 5992 1578 1577
f 10637 10639 7717
f 9987 8669 8667
f 9987 8667 9995
f 10636 10627 7723
f 10636 7723 7722
f 9987 9986 8670
f 9987 8670 8669
f 5992 1577 1546
f 10639 7705 7717
f 9986 9992 8671
f 9986 8671 8670
f 10667 7770 7767
f 5994 5993 1578
f 9992 9991 8672
f 9992 8672 8671
f 5993 1584 1578
f 9991 9990 8673
f 9991 8673 8672
f 1584 5993 5996
f 1584 5996 1594
f 7747 10655 10667
f 7747 10667 7767
f 1594 5996 6001
f 1594 6001 1587
f 9990 9989 8675
f 9990 8675 8673
f 10639 10640 7703
f 10639 7703 7705
f 6001 5999 1587
f 9989 9988 8676
f 9989 8676 8675
f 10634 10655 7747
f 10634 7747 7707
f 1610 6002 6017
f 1610 6017 1609
f 9988 9994 8677
f 9988 8677 8676
f 10640 10635 7706
f 10640 7706 7703
f 1585 5999 5998
f 1585 5998 1599
f 5999 1585 1587
f 10635 10634 7707
f 10635 7707 7706
f 1599 5998 6002
f 1599 6002 1610
f 10000 8664 10001
f 6017 6013 1608
f 6017 1608 1609
f 7726 7686 10650
f 10641 10650 7686
f 9999 8662 8664
f 9999 8664 10000
f 6013 6009 1607
f 6013 1607 1608
f 7726 10650 10631
f 7726 10631 7724
f 8663 8662 9999
f 8663 9999 9998
f 6009 6011 1613
f 6009 1613 1607
f 10642 7733 7732
f 10642 7732 10649
f 9994 9993 8680
f 9994 8680 8677
f 6011 1661 1613
f 10620 7734 7733
f 10620 7733 10642
f 9993 10003 8679
f 9993 8679 8680
f 10615 7735 7734
f 10615 7734 10620
f 8679 10004 8681
f 7736 7735 10615
f 1614 1631 6010
f 1614 6010 6008
f 10003 10004 8679
f 1586 1614 6008
f 1586 6008 6000
f 7731 10653 10652
f 10004 10007 8682
f 10004 8682 8681
f 1595 1586 6000
f 1595 6000 5997
f 7728 7731 10652
f 7728 10652 10651
f 8682 10007 10009
f 8682 10009 8685
f 1579 1595 5997
f 1579 5997 5995
f 10647 7684 7728
f 10647 7728 10651
f 1547 1579 5995
f 1547 5995 5985
f 10646 7685 7684
f 10646 7684 10647
f 10009 10011 8690
f 10009 8690 8685
f 1564 1547 5985
f 1564 5985 5982
f 8690 10011 10014
f 8690 10014 8688
f 7732 7685 10646
f 7732 10646 10649
f 1545 1564 5982
f 8688 10014 10045
f 8688 10045 8691
f 8691 10045 10028
f 8691 10028 8693
f 10664 7746 7744
f 10664 7744 10663
f 6011 6012 1661
f 8693 10028 10023
f 8693 10023 8695
f 7704 7746 10664
f 7704 10664 10626
f 6012 6014 1654
f 6012 1654 1661
f 8695 10023 10022
f 8695 10022 8697
f 6014 6016 1655
f 6014 1655 1654
f 7744 7742 10662
f 7744 10662 10663
f 8697 10022 10021
f 8697 10021 8706
f 1656 6016 6018
f 10021 10016 8707
f 10021 8707 8706
f 10659 7745 7748
f 10659 7748 10656
f 10016 10015 8708
f 10016 8708 8707
f 1656 1655 6016
f 10015 10019 8709
f 10015 8709 8708
f 10658 7743 7745
f 10658 7745 10659
f 10019 10018 8710
f 10019 8710 8709
f 7742 7743 10658
f 7742 10658 10662
f 6007 6004 1641
f 6007 1641 1643
f 8710 10018 10025
f 8710 10025 9204
f 10626 10624 7704
f 6018 6007 1643
f 6018 1643 1656
f 10026 10081 9193
f 10026 9193 9186
f 10654 7749 7750
f 10654 7750 10657
f 6004 6003 1639
f 6004 1639 1641
f 10654 10656 7749
f 7748 7749 10656
f 1639 6003 6206
f 1639 6206 1651
f 10025 10026 9186
f 10025 9186 9204
f 7727 7752 10665
f 7727 10665 10632
f 1651 6206 6205
f 1651 6205 1652
f 8702 9193 10060
f 10081 10060 9193
f 7704 10624 7719
f 1652 6205 6199
f 1652 6199 1653
f 7752 7719 10624
f 7752 10624 10665
f 6199 6185 1663
f 6199 1663 1653
f 8722 8702 10063
f 10060 10063 8702
f 7725 7727 10632
f 7725 10632 10653
f 8722 10063 81
f 8722 81 8720
f 6020 1674 6024
f 7731 7725 10653
f 8720 81 83
f 6019 1673 1674
f 6019 1674 6020
f 10667 10666 7770
f 10043 8674 8678
f 10043 8678 10040
f 6021 1675 1673
f 6021 1673 6019
f 7770 10666 10687
f 6022 1676 1675
f 6022 1675 6021
f 10001 8668 8674
f 10001 8674 10043
f 6023 1677 1676
f 6023 1676 6022
f 8664 8668 10001
f 7769 7768 10673
f 7769 10673 10672
f 5405 974 1677
f 5405 1677 6023
f 8692 8694 10033
f 8692 10033 10034
f 7766 7769 10672
f 7766 10672 10671
f 5405 5406 974
f 966 974 5406
f 10033 8694 9150
f 10033 9150 10056
f 7753 7766 10671
f 7753 10671 10670
f 5922 1282 5923
f 8689 8692 10034
f 8689 10034 10035
f 10670 10657 7753
f 7750 7753 10657
f 6025 1284 1283
f 6025 1283 6026
f 7774 7775 10688
f 7774 10688 10686
f 9132 8689 10035
f 9132 10035 10036
f 1284 6025 6027
f 8686 9132 10036
f 8686 10036 10008
f 7775 7780 10972
f 7775 10972 10688
f 6026 1283 1282
f 6026 1282 5922
f 10042 9119 9131
f 10042 9131 10037
f 7771 7774 10686
f 7771 10686 10668
f 1284 6027 1686
f 9131 10002 10037
f 10971 7781 7786
f 10971 7786 10970
f 1687 1686 6027
f 1687 6027 5921
f 10971 10972 7781
f 7780 7781 10972
f 10038 9133 8686
f 10038 8686 10008
f 1268 1687 5921
f 1268 5921 5920
f 7796 7771 10668
f 7796 10668 10669
f 9130 9133 10038
f 9130 10038 10002
f 10969 7787 7795
f 10969 7795 10968
f 1699 1268 5920
f 1699 5920 5913
f 9131 9130 10002
f 10969 10970 7787
f 7786 7787 10970
f 1107 1699 5913
f 1107 5913 5874
f 10041 9118 9119
f 10041 9119 10042
f 1712 1107 5911
f 10669 10673 7796
f 7768 7796 10673
f 10039 9148 9118
f 10039 9118 10041
f 5911 1107 5874
f 8678 9148 10039
f 8678 10039 10040
f 7845 10679 10677
f 1021 1712 5911
f 1021 5911 5866
f 7814 7845 10677
f 7814 10677 10676
f 10053 9172 9171
f 10053 9171 10052
f 980 1021 5866
f 980 5866 5384
f 7782 7814 10676
f 7782 10676 10963
f 9150 9174 10054
f 9150 10054 10056
f 10966 7783 7782
f 10966 7782 10963
f 989 980 5384
f 989 5384 5381
f 10054 9174 9172
f 10054 9172 10053
f 10967 7794 7783
f 10967 7783 10966
f 9215 10029 10046
f 7795 7794 10967
f 7795 10967 10968
f 5381 5369 989
f 978 989 5369
f 9175 9215 10046
f 9175 10046 10055
f 6220 2110 2109
f 9173 9175 10055
f 9173 10055 10012
f 6220 6219 2108
f 6220 2108 2110
f 5404 976 978
f 5404 978 5369
f 6219 10822 2111
f 6219 2111 2108
f 10049 9169 9173
f 10049 9173 10012
f 6024 1731 976
f 6024 976 5404
f 10822 6196 2112
f 10822 2112 2111
f 10050 9168 9169
f 10050 9169 10049
f 1674 1731 6024
f 6196 6197 7808
f 6196 7808 2112
f 10051 9170 9168
f 10051 9168 10050
f 6197 6211 3257
f 6197 3257 7808
f 9171 9170 10051
f 9171 10051 10052
f 6211 6229 3251
f 6211 3251 3257
f 10084 9203 9195
f 10084 9195 10086
f 3251 6228 3252
f 6229 6228 3251
f 6228 6226 3255
f 6228 3255 3252
f 3255 6226 1027
f 3255 1027 1026
f 10087 9194 9228
f 10087 9228 10058
f 10687 7812 7770
f 9195 9194 10087
f 9195 10087 10086
f 7812 10687 10961
f 7812 10961 7811
f 8698 9185 10027
f 8698 10027 10017
f 7811 10961 10960
f 7811 10960 7813
f 9187 9203 10084
f 9187 10084 10030
f 7813 10960 10962
f 7813 10962 7838
f 6048 6049 1984
f 10962 10973 7837
f 10962 7837 7838
f 10059 10058 9227
f 9228 9227 10058
f 7840 7837 10965
f 10973 10965 7837
f 9185 9187 10030
f 9185 10030 10027
f 10684 10683 7826
f 10073 8703 8701
f 10073 8701 10065
f 7994 10682 10689
f 7994 10689 7848
f 10069 9221 8703
f 10069 8703 10073
f 7848 10689 10684
f 7848 10684 7826
f 9227 9221 10069
f 9227 10069 10059
f 10965 10964 7839
f 10965 7839 7840
f 9210 8698 10024
f 7839 10964 10675
f 7839 10675 7841
f 10024 8698 10017
f 8696 9210 10024
f 8696 10024 10029
f 7994 7846 10682
f 10680 10682 7846
f 9215 8696 10029
f 4774 5202 5460
f 11318 5214 5206
f 11318 5206 5196
f 11318 5192 5191
f 4287 11318 5191
f 5234 5233 5473
f 5485 5483 4774
f 6045 6047 1999
f 4780 4777 5477
f 6044 6040 1997
f 5233 5244 5473
f 4775 4774 5481
f 5483 5481 4774
f 5487 5485 4774
f 5479 5477 4777
f 5481 5479 4775
f 5489 5487 4774
f 4777 4775 5479
f 1996 6041 1994
f 5249 5225 2443
f 5224 5234 5471
f 3780 2411 2852
f 3782 2132 5452
f 5445 2129 5447
f 3781 2129 5445
f 5447 2129 5449
f 5449 2129 3782
f 2852 2414 3781
f 5589 5454 2132
f 5184 5182 5477
f 5463 5460 5214
f 1983 6035 1754
f 2443 2434 3780
f 3780 5249 2443
f 6038 5108 1754
f 5471 2443 5225
f 5225 5224 5471
f 5473 5471 5234
f 1762 6032 1978
f 6032 1977 1978
f 5454 5452 2132
f 5460 5455 4774
f 4771 4770 11318
f 5202 5214 5460
f 5455 5457 4774
f 5475 5473 5244
f 5182 4780 5477
f 5186 5184 5477
f 5220 5186 5477
f 5477 5475 5220
f 5221 5220 5475
f 5243 5221 5475
f 5244 5243 5475
f 1981 6048 1984
f 5491 5511 5527
f 5527 5520 5492
f 4083 4088 5510
f 5492 5491 5527
f 2915 5527 5511
f 5511 5510 2915
f 3752 2915 5510
f 5497 5495 5520
f 1753 6037 1982
f 1982 6036 6034
f 1982 6034 1761
f 5520 5516 5497
f 5495 5492 5520
f 5499 5497 5516
f 5516 5519 5499
f 5513 5499 5519
f 6034 1762 1761
f 9139 9155 5541
f 5542 5541 9155
f 2000 1984 6049
f 5570 9140 5556
f 6049 1998 2000
f 5533 5529 9538
f 6044 1997 1998
f 5529 5531 9538
f 9537 9538 5531
f 5551 5533 9538
f 5578 9537 5531
f 5560 5558 9538
f 5558 5551 9538
f 5584 9537 5578
f 6045 1999 1995
f 1980 1999 6047
f 5556 9139 5541
f 9533 9532 5574
f 5574 5560 9533
f 9546 9544 5574
f 1992 1997 6040
f 6040 6039 1993
f 6040 1993 1992
f 3789 2503 3791
f 1996 1993 6043
f 6039 6043 1993
f 3791 2500 5601
f 6043 6041 1996
f 3787 2509 3789
f 3788 2523 3787
f 2132 2493 5589
f 3788 5589 2493
f 1995 1994 6041
f 5609 2679 6104
f 2003 6051 2002
f 3809 5601 2488
f 2485 2488 5601
f 2500 2485 5601
f 2002 6051 2001
f 6076 6075 9577
f 6038 1754 6035
f 6035 1983 1763
f 5627 6076 9577
f 5632 5627 9577
f 9577 9535 5632
f 11335 1754 5108
f 11335 5108 2003
f 5645 5634 9535
f 5634 5633 9535
f 5633 5632 9535
f 9535 9537 5645
f 5109 1755 6028
f 2004 6028 1755
f 1762 6033 6032
f 5665 9579 6071
f 5665 5664 9579
f 6069 9579 5664
f 1977 6032 6030
f 6030 6029 1979
f 6030 1979 1977
f 9579 9577 6075
f 6075 5656 9579
f 5656 5655 9579
f 1979 6029 1981
f 6052 1981 6029
f 6052 6048 1981
f 6104 2679 3798
f 3815 2679 5609
f 6101 3797 6107
f 3798 3797 6099
f 1755 5109 6037
f 1755 6037 1753
f 6101 6099 3797
f 6036 1982 6037
f 6113 6107 3797
f 6117 6115 3797
f 6115 6113 3797
f 6120 6117 3797
f 1762 6034 6033
f 3797 6142 6129
f 6129 6120 3797
f 5660 6086 9579
f 6086 6071 9579
f 1998 6049 6046
f 5655 5660 9579
f 6069 6139 9579
f 6139 6137 9579
f 6143 6142 3797
f 6137 6132 6142
f 6046 6044 1998
f 6042 1995 6041
f 6042 6045 1995
f 6143 3797 6145
f 6153 6149 3797
f 6149 6145 3797
f 6160 6155 3797
f 6155 6153 3797
f 2700 6175 3797
f 6132 6129 6142
f 2488 2537 3809
f 2688 2693 3790
f 2537 2535 3809
f 3797 6175 6174
f 3797 6174 6162
f 6162 6160 3797
f 2212 2522 4903
f 6063 6056 2001
f 6053 6051 2003
f 6224 6216 2220
f 6216 6212 2220
f 6191 2220 6212
f 6180 2220 6191
f 6178 2220 6180
f 6051 6063 2001
f 6031 1763 6047
f 1980 6047 1763
f 6233 6230 2220
f 6230 6224 2220
f 5433 2220 5434
f 2220 2219 6233
f 5434 2220 6178
f 1763 6031 6035
f 6240 6234 2219
f 6234 6233 2219
f 6243 6240 2219
f 5108 6053 2003
f 4904 6246 2209
f 2224 2209 6246
f 6246 6245 2224
f 6245 6243 2224
f 2219 2224 6243
f 6055 6062 2012
f 6055 2012 2011
f 2522 2512 6207
f 2012 6062 5136
f 2012 5136 2013
f 2013 5136 6061
f 2013 6061 2006
f 2006 6061 6066
f 2006 6066 2005
f 7154 6207 2512
f 6207 4903 2522
f 2005 6066 6068
f 2005 6068 2015
f 2015 6068 6067
f 2015 6067 2014
f 7141 7154 2512
f 2014 6067 5115
f 2014 5115 2008
f 5115 5114 2007
f 5115 2007 2008
f 6056 2010 2001
f 2499 2492 7160
f 2010 6056 6055
f 2010 6055 2011
f 7090 2492 7092
f 7089 7160 2492
f 5114 5117 2009
f 5114 2009 2007
f 5117 5119 2017
f 5117 2017 2009
f 7176 7558 2596
f 5119 5118 2020
f 5119 2020 2017
f 11144 11145 10959
f 11142 11143 10995
f 2596 2595 7176
f 7178 7176 2595
f 11146 11147 10959
f 11147 11238 10959
f 11238 11239 10959
f 11145 11146 10959
f 11239 10786 10959
f 10784 10959 10786
f 11143 11144 10959
f 10788 10959 10785
f 7558 7171 2596
f 7170 2469 7171
f 7092 2482 7170
f 3126 4431 11245
f 11244 11245 4431
f 2600 7171 2420
f 2600 2596 7171
f 2595 2632 7178
f 11243 11244 4431
f 7764 7763 7370
f 3125 3126 11245
f 11242 11243 4431
f 6350 2730 7122
f 11246 3125 11245
f 11240 11242 4431
f 7122 2730 7131
f 11241 11240 4431
f 4429 3125 11246
f 10675 10674 7842
f 10675 7842 7841
f 7846 7843 10680
f 10678 10680 7843
f 11138 3124 11247
f 11247 3124 4429
f 4555 11241 4431
f 10674 10678 7843
f 10674 7843 7842
f 10683 7827 7826
f 7827 10683 11029
f 7827 11029 7865
f 7865 11029 10974
f 7865 10974 7855
f 11251 10779 11250
f 7855 10974 10976
f 7855 10976 8000
f 11255 11334 11254
f 8000 10976 10978
f 8000 10978 7819
f 11253 11334 11255
f 10766 11334 11252
f 10979 10981 7866
f 10979 7866 7820
f 7866 10981 10983
f 7866 10983 7880
f 11258 11268 11256
f 7880 10983 10986
f 7880 10986 7878
f 7878 10986 11000
f 7878 11000 7875
f 11256 11269 11257
f 11249 11268 11258
f 11249 11248 10781
f 10780 10781 11248
f 11250 10780 11248
f 11254 10779 11251
f 7875 11000 10999
f 7875 10999 7873
f 10978 10979 7820
f 10978 7820 7819
f 7873 10999 10997
f 7873 10997 7885
f 7885 10997 10996
f 7885 10996 7886
f 11263 11272 11262
f 11264 11272 11263
f 11265 11272 11264
f 11266 11271 11265
f 11259 11271 11266
f 11257 11270 11259
f 11262 11272 11260
f 11268 11249 11267
f 11269 11256 11268
f 11270 11257 11269
f 11271 11259 11270
f 11267 11249 10781
f 11272 11265 11271
f 11274 11286 11273
f 11276 11284 11275
f 11275 11285 11274
f 11281 11276 11280
f 11282 11276 11281
f 11280 11276 11279
f 11284 11276 11283
f 11285 11275 11284
f 11286 11274 11285
f 11288 11272 11286
f 11287 11272 11288
f 11261 11272 11287
f 11260 11272 11261
f 7931 10991 7929
f 11283 11276 11282
f 11293 11278 11276
f 11292 11293 11276
f 11278 11277 11276
f 11291 11292 11276
f 11279 11276 11277
f 11289 11291 11276
f 11290 11289 11276
f 1429 11294 11276
f 7931 7938 10991
f 11003 10991 7938
f 11336 5103 11299
f 7925 11003 7938
f 11301 11336 11300
f 11302 11336 11301
f 11305 125 11302
f 11321 11319 11303
f 11304 11303 11319
f 11306 11321 11303
f 11299 11300 11336
f 11310 11311 11309
f 11308 11309 11311
f 11307 11321 11306
f 11039 7909 7908
f 11299 5103 11297
f 11297 5103 11298
f 11033 11032 7892
f 11033 7892 7893
f 7924 7892 11031
f 11032 11031 7892
f 11323 11322 11308
f 11307 11308 11322
f 11321 11307 11322
f 11305 11304 125
f 11311 11323 11308
f 7893 7886 11033
f 10996 11033 7886
f 11325 11337 11324
f 11290 11276 11294
f 1429 1431 11294
f 11325 11294 11337
f 7923 7924 11034
f 11031 11034 7924
f 11326 11324 11337
f 11034 7926 7923
f 11333 11337 11332
f 11333 11326 11337
f 11336 11316 11327
f 11329 5159 11328
f 11328 11336 11327
f 7925 11006 11003
f 5159 11329 11330
f 5159 11330 11331
f 11320 11336 125
f 11336 11302 125
f 11317 11336 11320
f 7934 10989 8727
f 11319 125 11304
f 11336 11317 11316
f 11336 11328 5159
f 11004 8719 10989
f 8727 10989 8719
f 5159 11331 5158
f 11004 8615 8719
f 137 139 135
f 133 135 139
f 139 141 133
f 141 151 133
f 130 133 162
f 5273 5286 5271
f 149 5312 146
f 11045 11046 7908
f 11045 7908 7944
f 7944 7943 11045
f 159 133 153
f 151 153 133
f 162 133 159
f 163 166 130
f 131 130 166
f 155 1988 166
f 162 163 130
f 174 5312 172
f 172 5312 154
f 11043 7943 11044
f 8615 11044 7943
f 8615 11004 11044
f 146 5312 174
f 7943 11043 11045
f 145 5312 149
f 144 5312 145
f 1398 1344 1382
f 1378 1382 1344
f 1502 1367 1498
f 1344 1398 1341
f 7131 2730 7130
f 1413 11337 1409
f 7372 7370 7763
f 7815 7793 2730
f 7377 7372 7757
f 1419 11337 1413
f 2730 2729 7829
f 7816 7815 2730
f 7829 7816 2730
f 11337 11294 1431
f 1410 11337 1431
f 1409 11337 1410
f 7757 7372 7763
f 1341 1398 1367
f 1457 11337 1419
f 8043 8020 7804
f 7804 7802 8043
f 7802 7799 8043
f 7790 8020 7884
f 1482 1368 1501
f 1494 5231 1514
f 1492 5241 1494
f 7798 7823 2742
f 1748 5241 1492
f 7799 7798 2742
f 2742 8043 7799
f 7779 7804 8020
f 1510 11337 1501
f 7929 10990 7934
f 7926 11034 11035
f 11337 1457 1501
f 1498 1367 1398
f 7929 10991 10990
f 7926 11035 7925
f 11006 7925 11035
f 1368 1367 1502
f 1502 1501 1368
f 1457 1482 1501
f 5158 11337 1515
f 1514 5158 1515
f 1510 1515 11337
f 5288 5291 1719
f 11009 7934 10990
f 7934 11009 10989
f 1735 1989 5288
f 1703 5270 1698
f 1724 1728 5288
f 1747 5240 1748
f 11046 11039 7908
f 1752 5240 1747
f 1698 5237 1695
f 7894 7909 11038
f 11039 11038 7909
f 1719 1724 5288
f 1715 1719 5291
f 1728 1735 5288
f 155 5312 1988
f 131 166 1988
f 5312 5332 1988
f 155 154 5312
f 5332 5336 1988
f 11038 11037 7895
f 11038 7895 7894
f 7973 11037 11036
f 4781 5183 5476
f 7973 7895 11037
f 11019 11021 7982
f 11019 7982 7980
f 5183 5185 5476
f 5476 5478 4778
f 4776 4778 5478
f 4778 4781 5476
f 5478 5480 4776
f 7982 11021 11087
f 7982 11087 7984
f 7984 11087 8616
f 2458 1756 2454
f 11036 11040 7974
f 11036 7974 7973
f 11040 11042 7967
f 11040 7967 7974
f 11042 11014 7961
f 11042 7961 7967
f 5597 5602 2501
f 2504 5597 2501
f 2510 5596 2504
f 2518 5595 2510
f 2524 5595 2518
f 2131 5590 2494
f 5592 2494 5590
f 7961 11014 11016
f 7961 11016 7962
f 2683 2694 5606
f 11018 7966 11016
f 7962 11016 7966
f 7966 11019 7980
f 7966 11018 11019
f 5605 5607 2687
f 2692 2687 5607
f 2687 2534 5605
f 2536 2487 5605
f 5602 5605 2487
f 2487 2486 5602
f 2534 2536 5605
f 8009 7854 11026
f 11027 7996 11026
f 2733 5606 2728
f 2728 5606 2726
f 11026 7996 8009
f 2739 5606 2733
f 2713 2726 5606
f 7995 7996 11027
f 7995 11027 11028
f 7856 7995 11028
f 7856 11028 11030
f 7828 7856 11030
f 7828 11030 10685
f 7847 7828 10685
f 7847 10685 10681
f 2703 2706 5606
f 2706 2708 5606
f 2698 2703 5606
f 2708 2713 5606
f 2678 5606 2739
f 2699 2698 5606
f 2677 2683 5606
f 7844 7847 10681
f 7844 10681 10679
f 11025 7854 10975
f 7854 11025 11026
f 7845 7844 10679
f 10975 7853 7821
f 10975 7821 10977
f 2773 1688 2766
f 2218 1964 2779
f 2776 1684 2773
f 1700 2766 1688
f 1729 2747 1725
f 1736 2743 1729
f 2743 1736 2467
f 2461 2467 1739
f 2747 1729 2743
f 2750 1725 2747
f 1717 1721 2752
f 1713 1717 2755
f 2755 2762 1713
f 2764 1704 2762
f 7854 7853 10975
f 7821 7860 10977
f 2811 8287 2807
f 2816 8290 2796
f 958 957 2793
f 10985 7877 7876
f 10985 7876 10993
f 10984 7882 7877
f 10984 7877 10985
f 2784 10751 964
f 961 960 2789
f 2789 960 2784
f 2793 957 961
f 10982 7881 7882
f 10982 7882 10984
f 10980 7860 7881
f 10980 7881 10982
f 7860 10980 10977
f 10751 962 964
f 2807 8287 2808
f 2823 8287 2811
f 2796 959 958
f 10987 7932 8723
f 10987 8723 10988
f 2827 10715 2828
f 11010 7933 10987
f 10987 7933 7932
f 11011 8021 7933
f 11011 7933 11010
f 2849 10714 2857
f 2848 10714 2849
f 9820 10714 2848
f 11013 8023 8021
f 11013 8021 11011
f 8030 11001 11005
f 2857 10713 2858
f 11012 8022 11013
f 11013 8022 8023
f 8025 11002 11001
f 10715 2827 2834
f 10715 2834 2836
f 10715 2836 2838
f 10715 2838 2842
f 10715 2842 2845
f 10715 2845 2847
f 10715 2847 2863
f 10715 2863 2864
f 10715 2864 2858
f 10992 7930 8022
f 10992 8022 11012
f 7979 7930 10992
f 7979 10992 11008
f 2910 10720 2906
f 2891 2906 10720
f 3369 2882 10720
f 7978 7979 11008
f 7978 11008 11007
f 2889 2891 10720
f 7989 7978 11007
f 7989 11007 11002
f 3326 10715 2924
f 3327 10715 3326
f 8723 7945 11022
f 8723 11022 10988
f 8025 7989 11002
f 8030 8025 11001
f 3329 10715 3327
f 2828 10715 3329
f 10715 10718 2924
f 9849 9635 9847
f 7874 8030 11005
f 7874 11005 10998
f 2924 10718 2922
f 7990 7874 10998
f 7990 10998 10994
f 10994 10993 7990
f 7876 7990 10993
f 3696 10737 3688
f 8587 11076 11078
f 8587 11078 8584
f 3391 10734 3383
f 3395 10727 3391
f 3401 10724 3395
f 11049 8047 8045
f 10855 10873 10872
f 10855 10857 10853
f 10879 10873 10855
f 10879 10855 10880
f 8044 11049 8045
f 10886 10829 10885
f 10903 10827 10886
f 10888 10889 10240
f 11057 11058 8050
f 10660 10240 10889
f 10883 10882 10661
f 10830 10661 10882
f 10885 10829 10884
f 10882 10884 10830
f 10889 10883 10660
f 10240 10241 10888
f 10660 10883 10661
f 8072 11070 8650
f 10895 10832 10894
f 11070 8687 8650
f 10896 10832 10895
f 10897 10905 10896
f 11084 11051 8612
f 10899 10900 10905
f 10901 10905 10900
f 10898 10899 10905
f 10902 10905 10901
f 11051 8610 8612
f 8608 8610 11053
f 10904 10828 10903
f 11053 8609 8608
f 10891 10833 10904
f 10890 10831 10891
f 10892 10831 10890
f 10894 10832 10893
f 10893 10831 10892
f 10829 10886 10827
f 10830 10884 10829
f 10897 10898 10905
f 10907 10905 10906
f 10906 10905 10902
f 10909 11200 10908
f 10910 11201 10909
f 10911 11201 10910
f 10912 11202 10911
f 10908 11200 10907
f 11057 8050 8048
f 10913 11202 10912
f 11203 11202 10914
f 10831 10893 10832
f 8058 8050 11058
f 10915 10916 11203
f 8062 8058 11064
f 11058 11064 8058
f 11219 11204 10941
f 11062 8064 11064
f 8062 11064 8064
f 10832 10896 10905
f 8064 11062 8070
f 11060 8070 11062
f 10935 10936 11189
f 11060 11059 8070
f 8072 11059 11070
f 10925 10926 10946
f 10945 10946 10926
f 10946 10947 10925
f 10926 10935 10945
f 11189 10945 10935
f 10928 10929 11187
f 10929 10930 11187
f 10930 10931 11187
f 8610 11051 11052
f 10937 10934 11188
f 11052 11053 8610
f 10934 10933 11188
f 8609 11053 11050
f 11187 11188 10933
f 8047 11049 11054
f 8044 11047 11049
f 11188 11189 10937
f 10933 10927 11187
f 10927 10928 11187
f 10931 10932 11187
f 10932 11172 11187
f 11172 11173 11187
f 11050 11047 8044
f 11050 8044 8609
f 10924 10925 10947
f 10923 10924 10947
f 8047 11054 8048
f 11054 11055 8048
f 11210 11209 10939
f 8048 11055 11057
f 10922 10923 10948
f 10947 10948 10923
f 10936 10937 11189
f 11211 11212 10939
f 11208 11210 10938
f 10918 10917 11208
f 11215 11216 10942
f 11213 11206 10944
f 11209 11211 10939
f 10939 10938 11210
f 10938 10918 11208
f 10944 10939 11212
f 11212 11213 10944
f 11205 11207 10943
f 8072 8070 11059
f 10952 10953 11179
f 11116 11179 11115
f 10951 10952 11179
f 10949 10951 11179
f 8687 11070 11083
f 10953 10954 11179
f 11115 11179 10955
f 10954 10955 11179
f 11083 11068 8687
f 8687 11068 8646
f 11068 11067 8699
f 11068 8699 8646
f 11108 11073 8632
f 11108 8632 8631
f 11073 11106 8638
f 11073 8638 8632
f 8638 11106 11094
f 8638 11094 8588
f 11067 11108 8631
f 11067 8631 8699
f 11119 11120 11177
f 8588 11094 11076
f 8588 11076 8587
f 11176 11177 11120
f 11121 10956 11175
f 11120 11122 11176
f 8584 11078 11080
f 8584 11080 8591
f 8595 8591 11080
f 8595 11080 10506
f 11124 11175 10957
f 10957 11175 10956
f 11126 11175 11125
f 11121 11175 11123
f 10506 10494 8595
f 7547 8595 10494
f 11087 11086 8616
f 11085 8614 8616
f 11085 8616 11086
f 11125 11175 11124
f 11128 11175 11127
f 11129 11175 11128
f 11127 11175 11126
f 11085 11084 8613
f 11085 8613 8614
f 8391 3445 11130
f 11130 3394 8391
f 8612 8613 11084
f 8390 8391 3394
f 3446 11130 3445
f 8051 8059 11066
f 8051 11066 11056
f 8379 8390 3394
f 11099 8590 8589
f 11099 8589 11079
f 11133 3366 3375
f 11098 8592 8590
f 11098 8590 11099
f 8583 8582 11077
f 10630 3366 11132
f 3367 3366 10630
f 3362 3368 3367
f 11132 3366 11133
f 10643 8351 3364
f 3375 3374 11131
f 3386 3385 3394
f 2729 2742 7823
f 7823 7822 2729
f 7525 2730 7772
f 11149 11175 11148
f 11150 11175 11149
f 11151 11175 11150
f 7822 7829 2729
f 7130 2730 7133
f 11153 11185 11152
f 7793 7772 2730
f 7075 7525 7772
f 7370 7075 7764
f 7133 2730 7525
f 7772 7764 7075
f 7181 7178 2632
f 3643 10720 3641
f 3416 3641 10720
f 3369 10720 3643
f 2922 10720 2918
f 2882 2889 10720
f 2918 10720 2910
f 8015 8011 7890
f 3688 10737 3689
f 3689 10737 3693
f 11155 11185 11153
f 11182 11183 11157
f 11156 11183 11155
f 7861 8075 7863
f 11158 11182 11157
f 7867 8074 7869
f 8074 8069 7869
f 11159 11182 11158
f 7890 7889 8015
f 8020 8017 7884
f 7863 8075 7867
f 7858 8075 7861
f 7851 8078 7858
f 8011 8014 7887
f 7887 7890 8011
f 7889 7884 8017
f 8017 8015 7889
f 7849 8079 7851
f 8078 7851 8079
f 11168 11182 11164
f 11166 11182 11168
f 11165 11181 11166
f 11164 11182 11163
f 11169 11182 11159
f 11160 11182 11169
f 11161 11182 11160
f 11162 11182 11161
f 11163 11182 11162
f 7901 640 7903
f 7905 7903 640
f 11170 11171 11179
f 11167 11180 11165
f 11171 10950 11179
f 11170 11179 11167
f 7907 640 7911
f 10950 10949 11179
f 7913 7911 640
f 7915 7913 640
f 11173 11154 11187
f 11186 11187 11154
f 7907 7905 640
f 7900 640 7901
f 11185 11186 11152
f 11154 11152 11186
f 11156 11157 11183
f 11183 11184 11155
f 7917 7915 640
f 11176 11123 11175
f 8162 8158 640
f 5698 7921 640
f 640 5699 5698
f 11178 11179 11117
f 11117 11118 11178
f 11116 11117 11179
f 11180 11167 11179
f 11182 11166 11181
f 11177 11178 11118
f 11118 11119 11177
f 11122 11123 11176
f 7950 7946 7953
f 7941 7939 7954
f 7946 7941 7953
f 640 7954 7937
f 11181 11165 11180
f 7953 7941 7954
f 7939 7935 7954
f 7957 7954 640
f 7969 7957 640
f 7976 7969 640
f 7986 7976 640
f 11185 11155 11184
f 10921 10922 10948
f 10920 10921 10948
f 10919 10920 10948
f 10917 10919 10948
f 10948 11208 10917
f 11196 11197 11194
f 11193 11194 11197
f 11195 11196 11194
f 11197 11190 11193
f 11192 11193 11190
f 11190 11191 11192
f 11151 11192 11191
f 11151 11191 11198
f 11175 11151 11174
f 11199 11174 11151
f 11198 11199 11151
f 11129 11148 11175
f 8003 640 8008
f 8001 640 8003
f 7992 7986 640
f 8008 640 7937
f 7935 7937 7954
f 10913 10914 11202
f 11201 10911 11202
f 11200 10909 11201
f 10905 10907 11200
f 8068 8089 7997
f 7997 7871 8069
f 7871 7869 8069
f 8069 8068 7997
f 8075 7858 8078
f 7921 7917 640
f 7992 640 7900
f 10943 10944 11206
f 11206 11205 10943
f 10942 10943 11214
f 11207 11214 10943
f 7831 7887 8014
f 7849 7834 8029
f 8026 8029 7834
f 11214 11215 10942
f 10940 10942 11216
f 11217 11218 10940
f 10941 10940 11218
f 11218 11219 10941
f 10916 10941 11204
f 11204 11203 10916
f 10914 10915 11203
f 11216 11217 10940
f 2861 2860 8031
f 8035 8031 2860
f 8035 2777 8038
f 8014 8026 7831
f 4669 4670 4677
f 11223 4666 11221
f 7834 7831 8026
f 2632 2627 7181
f 7790 7788 8020
f 4653 4656 4669
f 4677 4681 11220
f 4664 4666 11225
f 8054 7849 8055
f 4681 9303 11220
f 11224 4666 4653
f 11222 4666 11224
f 11221 4666 11222
f 11225 4666 11223
f 8056 7849 8029
f 8055 7849 8056
f 8083 7849 8061
f 8061 7849 8054
f 7998 7997 8089
f 11228 430 11226
f 11229 430 11228
f 11230 430 11229
f 11232 430 11230
f 8079 7849 8082
f 473 472 471
f 11231 474 473
f 11233 474 11231
f 471 430 11232
f 8082 7849 8083
f 250 3192 11233
f 8114 640 8086
f 428 11234 3186
f 3186 426 428
f 8001 7998 8086
f 468 3186 11234
f 8087 8086 7998
f 8089 8087 7998
f 467 468 11234
f 430 469 431
f 470 431 469
f 8721 78 79
f 8721 79 10062
f 8704 8721 10062
f 8704 10062 10061
f 11235 430 429
f 640 8144 9751
f 10064 8700 8704
f 10064 8704 10061
f 10064 10065 8700
f 8701 8700 10065
f 9481 560 561
f 9481 561 10080
f 11295 430 11237
f 11226 430 11227
f 11227 430 11295
f 11237 430 11236
f 11236 430 11235
f 9476 9481 10080
f 9476 10080 10071
f 75 9476 10071
f 75 10071 76
f 8143 9751 8144
f 8107 9751 8141
f 8105 8146 8106
f 8121 8146 8105
f 8119 8122 8121
f 8106 9234 8107
f 65 67 276
f 69 276 67
f 65 276 63
f 59 281 55
f 63 276 61
f 61 276 59
f 230 241 72
f 71 261 69
f 8149 8126 8119
f 8139 8129 8149
f 8136 8130 8139
f 8133 8130 8136
f 8129 8139 8130
f 8126 8149 8129
f 8126 8122 8119
f 8146 8121 8122
f 8146 9234 8106
f 261 71 240
f 240 72 241
f 11220 9303 230
f 241 230 9303
f 8586 8583 11077
f 8586 11077 11093
f 8586 11093 11092
f 474 11233 3192
f 242 255 243
f 8611 8586 11092
f 253 245 250
f 8641 8611 11092
f 8641 11092 11097
f 11096 8585 8592
f 11096 8592 11098
f 255 245 253
f 11296 243 255
f 55 283 56
f 56 295 11296
f 245 255 242
f 3192 250 245
f 8582 11095 11077
f 276 69 272
f 11095 8582 8585
f 11095 8585 11096
f 281 59 276
f 8633 11105 11104
f 8633 11104 8637
f 283 55 281
f 272 69 269
f 11107 11105 8633
f 288 56 283
f 8644 11104 11103
f 269 69 261
f 295 56 288
f 8637 11104 8644
f 243 11296 295
f 72 240 71
f 11102 8645 11103
f 11103 8645 8644
f 10880 10881 306
f 11101 8683 8645
f 11101 8645 11102
f 310 10880 306
f 5118 5137 2019
f 5118 2019 2020
f 11100 8684 11101
f 5137 5132 2018
f 5137 2018 2019
f 8684 8683 11101
f 5132 5133 2022
f 5132 2022 2018
f 11072 8661 8684
f 11072 8684 11100
f 5133 5147 2021
f 5133 2021 2022
f 8059 8063 11066
f 2021 5359 2023
f 11071 8659 11072
f 2021 5147 5359
f 2023 5359 5358
f 2023 5358 196
f 11072 8659 8661
f 196 5358 6077
f 196 6077 2026
f 8071 8660 11061
f 2026 6077 6079
f 2026 6079 2024
f 11074 8658 8659
f 11074 8659 11071
f 2024 6079 6078
f 2024 6078 2025
f 2025 6078 6085
f 8657 8658 11074
f 8657 11074 11075
f 197 1854 1855
f 8660 8657 11075
f 8660 11075 11069
f 6085 3922 2025
f 8660 11069 11061
f 3922 6085 6087
f 3922 6087 4369
f 8065 8071 11061
f 8065 11061 11063
f 6087 7327 4368
f 6087 4368 4369
f 8063 8065 11063
f 8063 11063 11065
f 7327 7326 4367
f 7327 4367 4368
f 8063 11065 11066
f 7326 7325 4364
f 7326 4364 4367
f 8640 8641 11097
f 8640 11097 11109
f 7325 7328 4365
f 7325 4365 4364
f 8640 11109 11107
f 8640 11107 8636
f 7328 7329 4366
f 7328 4366 4365
f 8636 11107 8633
f 7329 7331 4361
f 7329 4361 4366
f 10555 10499 7532
f 7331 7330 4360
f 7331 4360 4361
f 10499 10505 7548
f 10499 7548 7532
f 4359 4360 7330
f 10505 10495 7546
f 10505 7546 7548
f 10495 11110 8705
f 10495 8705 7546
f 7332 4362 4359
f 11110 10507 8600
f 11110 8600 8705
f 7330 7332 4359
f 10507 11082 8593
f 10507 8593 8600
f 6080 4372 4373
f 11081 8594 8593
f 11081 8593 11082
f 11081 11079 8594
f 8589 8594 11079
f 4373 4363 6080
f 8074 7867 8075
f 8001 8086 640
f 8114 8144 640
f 640 8158 8156
f 640 8156 5832
f 8165 640 8168
f 8171 640 8174
f 8180 8179 640
f 8174 640 8183
f 8185 8183 640
f 8185 640 8179
f 8180 640 8191
f 8203 640 8165
f 8171 8168 640
f 8195 8191 640
f 8197 640 8201
f 8203 8201 640
f 640 8197 8162
f 8207 11338 8210
f 4363 6081 6080
f 8212 8353 8216
f 8221 8240 11338
f 11338 8353 8210
f 8206 11338 8207
f 8225 8222 11338
f 8222 8221 11338
f 8195 640 8230
f 8232 8230 640
f 6088 6093 2042
f 8242 640 8240
f 640 11338 8240
f 8235 8232 640
f 8242 8235 640
f 8206 8225 11338
f 903 8392 640
f 2043 6097 2039
f 2039 6097 2040
f 2027 2036 6092
f 6091 6092 2036
f 8251 8353 8255
f 8255 8353 8258
f 8250 8353 8251
f 8247 8353 8250
f 8245 8353 8247
f 8244 8353 8245
f 8216 8353 8244
f 8258 8353 8261
f 8261 8353 8263
f 6096 2028 6092
f 2027 6092 2028
f 2028 6096 2032
f 8276 8353 8273
f 8279 8349 8281
f 8349 6317 8324
f 8281 8349 8324
f 2034 2033 6090
f 2041 2034 6089
f 6090 6089 2034
f 6089 6088 2042
f 6089 2042 2041
f 8271 8353 8279
f 8266 8353 8276
f 8263 8353 8266
f 8273 8353 8271
f 8354 8353 11338
f 6318 8324 6317
f 4372 6080 6083
f 2949 2947 6324
f 6084 2037 6083
f 4372 6083 2037
f 8293 2949 6324
f 2037 6084 2036
f 8291 8293 6324
f 7332 7333 4362
f 8289 8296 6324
f 8296 8291 6324
f 6324 6319 8289
f 4362 7333 6081
f 4362 6081 4363
f 6321 8289 6319
f 8304 6320 6317
f 2043 2042 6093
f 8309 8305 6317
f 8305 8304 6317
f 6093 6097 2043
f 8326 6317 8349
f 6317 8326 8322
f 6317 8322 8319
f 6317 8319 8317
f 6317 8317 8314
f 6317 8314 8312
f 8312 8309 6317
f 6097 7398 2040
f 8332 11338 8333
f 6084 6091 2036
f 8333 11338 8336
f 8339 11338 8342
f 11338 640 8342
f 6096 6095 2032
f 2033 2032 6094
f 6095 6094 2032
f 6094 6090 2033
f 8336 11338 8339
f 8357 11338 8332
f 8349 8279 8353
f 8357 8354 11338
f 8212 8210 8353
f 6111 6110 2045
f 6111 2045 2046
f 2045 6110 6105
f 2045 6105 2053
f 8385 8387 640
f 2053 6105 6106
f 2053 6106 2058
f 2058 6106 6133
f 2058 6133 2059
f 8387 8383 640
f 8370 8366 640
f 8371 8370 640
f 8366 8364 640
f 8364 8361 640
f 8360 8345 640
f 8361 8360 640
f 6112 2054 2040
f 7398 6112 2040
f 2054 6112 6111
f 2054 6111 2046
f 8383 8371 640
f 8345 8342 640
f 8385 640 8376
f 8376 640 8392
f 6133 6123 2072
f 6133 2072 2059
f 2071 6123 6122
f 2072 6123 2071
f 6122 6125 2068
f 6122 2068 2071
f 8393 8392 903
f 2069 6125 6128
f 8393 903 8397
f 2069 2068 6125
f 8397 903 8401
f 8404 8401 903
f 6128 6127 2065
f 6128 2065 2069
f 7410 7407 2077
f 7411 7410 2077
f 903 8424 8420
f 903 8420 8417
f 903 8417 8411
f 903 8411 8408
f 903 8408 8407
f 903 8407 8415
f 8404 903 8415
f 6127 6126 2066
f 6127 2066 2065
f 6126 6124 2062
f 6126 2062 2066
f 8429 8424 2169
f 903 2169 8424
f 2183 8430 2169
f 6124 6135 2061
f 6124 2061 2062
f 8430 8429 2169
f 6135 6134 2063
f 6135 2063 2061
f 10803 2175 7516
f 6134 6109 2064
f 6134 2064 2063
f 6140 2067 6109
f 2064 6109 2067
f 8434 2183 2182
f 8442 8434 2182
f 8443 8442 2182
f 7516 8443 2182
f 2067 6119 2070
f 11137 11134 7516
f 2182 11137 7516
f 11134 10807 7516
f 10807 10821 7516
f 10821 10803 7516
f 3380 10731 3716
f 3716 10737 3713
f 3700 10737 3696
f 9139 5556 9140
f 9140 5570 9144
f 5519 9152 5513
f 5519 5544 9152
f 3703 10737 3700
f 3707 10737 3703
f 3709 10737 3707
f 3660 10737 3709
f 3713 10737 3660
f 3379 10729 3380
f 3383 10734 3379
f 5569 5574 9144
f 5544 5542 9155
f 9155 9152 5544
f 3724 10746 3721
f 9188 9179 9197
f 9179 9176 9197
f 9176 9165 9197
f 3721 10746 3725
f 9200 9197 9165
f 9161 9752 9165
f 9164 9752 9161
f 9200 9165 9752
f 3693 10737 3737
f 3737 10737 3738
f 3738 10737 3729
f 9218 9751 9223
f 9231 9223 9751
f 9751 8107 9231
f 9234 9231 8107
f 5052 10749 5053
f 3732 10746 4594
f 3725 10746 3732
f 11298 5069 10744
f 3729 10738 3724
f 3408 10721 3401
f 4594 10749 5052
f 5070 10744 5069
f 9515 9741 9516
f 5060 10747 5061
f 5063 10747 5060
f 5053 10750 5063
f 5061 10743 5070
f 9521 9752 9164
f 9520 9752 9521
f 9518 9752 9520
f 9741 9742 9516
f 5086 8396 5085
f 5085 8396 5084
f 9530 9584 9573
f 5166 5170 11336
f 5112 5139 11336
f 11332 5158 11331
f 11337 5158 11332
f 9538 9533 5560
f 5069 11298 5103
f 5126 11336 5120
f 9532 9548 5574
f 9548 9546 5574
f 9542 9541 5574
f 9544 9542 5574
f 9541 9144 5574
f 5570 5569 9144
f 5102 5105 11336
f 9555 9609 9552
f 9552 9709 9556
f 5112 11336 5113
f 5105 5120 11336
f 9596 9609 9567
f 9601 9596 9567
f 5104 11336 5139
f 9570 9568 9526
f 11336 5104 5103
f 9523 9526 9568
f 9551 9527 9562
f 9527 9523 9562
f 9572 9570 9526
f 9568 9562 9523
f 5148 5152 5198
f 5152 5155 5198
f 5584 6082 9537
f 5646 5645 9537
f 6082 5646 9537
f 11336 5159 5160
f 5166 11336 5160
f 9579 6142 9581
f 9584 9581 9628
f 9628 9573 9584
f 5172 5101 11336
f 5171 5172 11336
f 5170 5171 11336
f 5100 5102 11336
f 5101 5100 11336
f 5113 11336 5126
f 9590 9581 6142
f 9863 9861 9587
f 9628 9581 9590
f 9573 9572 9530
f 9526 9530 9572
f 5218 5227 5189
f 9586 9590 6142
f 5188 5189 5227
f 5189 5144 5218
f 5227 5229 5188
f 9587 9586 6142
f 5219 5218 5144
f 5144 5143 5219
f 9611 9587 9861
f 9861 9852 9611
f 9850 9848 9611
f 5204 5213 5148
f 5217 5219 5143
f 9873 9871 9623
f 9852 9850 9611
f 5200 5204 5148
f 5213 5216 5148
f 9639 9871 9724
f 5198 5200 5148
f 9724 9718 9639
f 9610 9599 9601
f 9599 9596 9601
f 9564 9567 9609
f 9555 9564 9609
f 9718 9716 9594
f 9594 9639 9718
f 9698 9726 9515
f 5199 5198 5155
f 5143 5148 5216
f 5199 5155 5158
f 5216 5217 5143
f 5175 5181 5329
f 5173 5175 5329
f 5178 5174 5329
f 5174 5173 5329
f 5320 5178 5329
f 5318 5320 5329
f 5319 5318 5329
f 9705 10701 9701
f 5241 1748 5240
f 9723 9703 9693
f 5231 1494 5241
f 5230 1514 5231
f 1695 5240 1752
f 312 10880 310
f 322 10880 312
f 9694 9693 9703
f 9700 9694 9703
f 9723 9560 9683
f 9683 9558 9684
f 9684 9558 9709
f 9560 9723 9693
f 9558 9683 9560
f 9556 9709 9558
f 9709 9552 9609
f 9609 9649 9709
f 322 332 10880
f 334 10880 332
f 336 10880 334
f 345 10880 336
f 347 10880 345
f 351 10880 347
f 353 10880 351
f 358 10880 353
f 10879 10880 358
f 369 307 10881
f 367 10881 359
f 9710 9709 9649
f 369 10881 367
f 307 306 10881
f 9649 9594 9714
f 9714 9713 9649
f 359 387 371
f 9716 9714 9594
f 9713 9710 9649
f 372 371 387
f 372 387 411
f 407 411 387
f 9701 10695 9722
f 386 408 387
f 387 359 10881
f 391 386 392
f 9722 9897 9698
f 9200 9752 9211
f 8141 9751 8143
f 386 391 396
f 386 396 408
f 407 387 408
f 419 423 386
f 433 386 425
f 423 425 386
f 442 386 433
f 437 386 442
f 452 386 437
f 9729 9698 9731
f 9727 9698 9729
f 9726 9698 9727
f 9737 9515 9726
f 9518 9516 9742
f 9736 9515 9737
f 10695 9701 10697
f 10693 9722 10695
f 9897 9722 10691
f 9731 9698 9733
f 9741 9515 9736
f 445 386 446
f 1032 386 445
f 9751 9211 9752
f 1036 386 1032
f 9518 9742 9752
f 1048 386 1036
f 9753 640 9745
f 5250 1698 5248
f 9218 9211 9751
f 640 9751 9748
f 640 9748 9746
f 9745 640 9746
f 5264 5267 1707
f 1703 1707 5262
f 9753 9762 640
f 5268 1703 5262
f 9776 640 9778
f 5263 5262 1707
f 1703 5268 5270
f 5247 1698 5270
f 5246 1698 5247
f 5248 1698 5246
f 5280 5281 1988
f 5276 5280 1988
f 9760 9754 640
f 9759 640 9757
f 9757 640 9754
f 9766 640 9759
f 9768 640 9766
f 9781 640 9768
f 9780 640 9781
f 9762 9760 640
f 9778 640 9780
f 5281 5287 1988
f 9789 9787 640
f 9783 640 9787
f 1989 1988 5287
f 9792 9789 640
f 9786 640 9783
f 677 640 9799
f 5287 5288 1989
f 9800 9799 640
f 5291 5290 1715
f 9802 9800 640
f 5275 5261 1707
f 5293 5275 1707
f 5260 5264 1707
f 1707 1715 5293
f 5261 5260 1707
f 5267 5263 1707
f 5292 5293 1715
f 5289 5292 1715
f 5290 5289 1715
f 9774 640 9776
f 9774 9773 640
f 9773 9770 640
f 9770 9792 640
f 640 9786 9818
f 640 9818 9816
f 640 9816 9814
f 9808 640 9805
f 9814 9805 640
f 640 9808 9811
f 9811 9802 640
f 5301 1698 5300
f 5300 1698 5299
f 5302 1698 5301
f 5295 1698 5302
f 5299 1698 5298
f 5238 1698 5295
f 5237 1698 5238
f 5240 1695 5237
f 5298 1698 5250
f 2859 2866 3833
f 5199 5158 5236
f 5236 1514 5230
f 5158 1514 5236
f 2850 2859 10712
f 3833 10712 2859
f 9835 9821 10717
f 5309 5335 5308
f 5313 5334 5311
f 9619 9611 9848
f 10708 10706 9619
f 9863 9587 6142
f 9579 6137 6142
f 392 386 1048
f 11112 8716 7983
f 11112 7983 11020
f 1108 1110 1065
f 1069 1108 1065
f 11113 8715 8716
f 11113 8716 11112
f 1074 1108 1069
f 7981 8715 11113
f 7981 11113 11024
f 1075 1108 1074
f 7972 7981 11024
f 7972 11024 11023
f 1080 1058 1075
f 7964 7972 11023
f 7964 11023 11017
f 1087 1058 1080
f 386 1058 1089
f 7963 7964 11017
f 7963 11017 11015
f 1091 1094 386
f 7896 7963 11015
f 7896 11015 11041
f 11041 11022 7945
f 11041 7945 7896
f 1127 1119 1110
f 1066 1065 1110
f 1094 420 386
f 420 419 386
f 446 386 452
f 1089 1091 386
f 1087 1089 1058
f 1108 1075 1058
f 11089 8730 8617
f 11089 8617 11088
f 11090 7985 8730
f 11090 8730 11089
f 11111 8731 7985
f 11111 7985 11090
f 11048 8046 8049
f 11048 8049 11091
f 11114 8729 8046
f 11114 8046 11048
f 1144 1127 1146
f 1066 1110 1119
f 1144 1119 1127
f 1127 1126 1146
f 1140 1146 1126
f 1126 1169 1140
f 8617 8729 11114
f 8617 11114 11088
f 1162 1164 1214
f 8049 8051 11056
f 8049 11056 11091
f 214 1255 218
f 11111 11020 8731
f 7983 8731 11020
f 1174 1159 1141
f 2067 6140 6119
f 2070 7417 2073
f 1169 1174 1140
f 1141 1140 1174
f 1158 1162 1211
f 1214 1211 1162
f 223 222 217
f 220 219 1164
f 2070 6119 7417
f 2073 7417 7411
f 2073 7411 2075
f 1834 1825 1222
f 213 203 206
f 1141 1159 1211
f 2075 7411 2077
f 7407 4374 2077
f 4374 7407 6146
f 4374 6146 4379
f 1825 210 1222
f 1222 1230 1834
f 221 1834 1230
f 9865 9705 9866
f 222 221 1230
f 216 217 222
f 211 1222 210
f 9623 9607 9873
f 1255 214 216
f 1159 1158 1211
f 1214 1164 219
f 219 218 1255
f 237 235 249
f 9892 9886 9698
f 9733 9698 9886
f 9892 9698 9893
f 259 258 263
f 267 256 259
f 9893 9698 9897
f 10691 9722 10693
f 5181 5180 5329
f 5323 5330 5313
f 10697 9701 10699
f 9705 9724 9871
f 9866 9705 9871
f 10701 9705 9865
f 10699 9701 10701
f 9639 9623 9871
f 5324 5330 5323
f 5180 5179 5329
f 5179 5177 5329
f 5229 5329 5177
f 5176 5188 5229
f 5177 5176 5229
f 10705 9877 9607
f 5334 5313 5330
f 5330 5324 5329
f 5335 5310 5334
f 5324 5319 5329
f 9877 9873 9607
f 10705 9607 10706
f 5304 6840 5343
f 5303 6830 5304
f 5305 6827 5303
f 5306 6823 5305
f 5308 6822 5307
f 5310 5335 5309
f 5380 6841 6417
f 10710 9619 9833
f 10717 10710 9833
f 6417 6841 6416
f 5307 6823 5306
f 5343 6840 5380
f 6416 6841 6518
f 9834 9833 9619
f 9848 9834 9619
f 10708 9619 10710
f 9607 9619 10706
f 9833 9835 10717
f 6844 8437 6393
f 3848 3856 3402
f 8437 8395 6569
f 3877 607 10730
f 6545 6569 8395
f 6569 6463 8437
f 3640 3415 3863
f 6463 6393 8437
f 6842 6844 6393
f 6392 6841 6393
f 6518 6841 6392
f 6598 6545 8395
f 2881 2883 3863
f 2888 2881 3863
f 2890 2888 3863
f 2905 2890 3863
f 2911 2905 3863
f 3863 10719 2911
f 2919 2911 10719
f 2923 2919 10719
f 10719 3867 2923
f 2925 2923 3867
f 10712 10717 9821
f 9821 2851 10712
f 2851 2850 10712
f 6822 5308 5335
f 5311 5334 5310
f 621 10736 607
f 607 10736 10730
f 6481 6480 8395
f 6480 6598 8395
f 6842 6393 6841
f 5084 8396 5074
f 3883 5062 3884
f 5062 3887 3886
f 6830 5303 6829
f 6840 5304 6830
f 3886 3884 5062
f 6841 5380 6840
f 6829 5303 6827
f 622 607 606
f 5407 6481 8395
f 6827 5305 6823
f 5408 5407 8395
f 4379 6146 6147
f 4379 6147 2080
f 6823 5307 6822
f 6150 6151 2091
f 6150 2091 2093
f 2091 6151 6168
f 2091 6168 2094
f 2090 2094 6168
f 2090 6168 6170
f 2088 2090 6170
f 2088 6170 6167
f 6851 6850 8330
f 6165 2081 2088
f 6165 2088 6167
f 6850 7038 8330
f 6158 2082 2081
f 6158 2081 6165
f 7038 6987 8330
f 6853 8335 6852
f 6164 2085 2082
f 6164 2082 6158
f 6164 6163 2086
f 6164 2086 2085
f 6979 11339 6980
f 6163 6157 2084
f 6163 2084 2086
f 11339 6979 6981
f 6156 6166 2087
f 6156 2087 2083
f 7048 6971 11339
f 6972 11339 6971
f 11339 8330 7048
f 6157 6156 2083
f 6157 2083 2084
f 6972 6980 11339
f 6998 7013 11340
f 6995 6998 11340
f 6981 6996 11339
f 6147 6176 4380
f 6147 4380 2080
f 4380 6176 6177
f 4380 6177 2096
f 2096 6177 6150
f 2096 6150 2093
f 6186 2100 2099
f 6186 2099 6187
f 6995 11340 6996
f 7013 7020 11340
f 7035 11340 7020
f 7026 11340 7035
f 7027 11340 7026
f 7027 7031 11340
f 6994 11340 7031
f 8109 11340 6993
f 1642 6005 6006
f 6184 2101 2100
f 6184 2100 6186
f 6987 6986 8330
f 6986 7048 8330
f 8260 8253 8347
f 1642 1640 6005
f 6183 2102 2101
f 6183 2101 6184
f 1640 1664 6200
f 1640 6200 6005
f 6193 2103 2102
f 6193 2102 6183
f 8034 11341 8041
f 8033 11341 8034
f 8037 11341 8033
f 1664 2103 6193
f 1664 6193 6200
f 8042 11341 8037
f 5075 8423 8042
f 2105 6188 2098
f 2099 2098 6188
f 2099 6188 6187
f 8097 11340 8096
f 2104 2107 6221
f 2104 6221 6223
f 8135 8134 11340
f 6222 2105 2104
f 6222 2104 6223
f 11340 8134 8094
f 8095 11340 8094
f 2105 6222 6188
f 8040 8041 8188
f 8187 8188 8041
f 6006 6015 1642
f 1662 1642 6015
f 8178 8187 8041
f 8177 8178 8041
f 8099 8101 8188
f 6015 6010 1662
f 1631 1662 6010
f 8145 11340 8112
f 8112 11340 8111
f 7807 6195 6194
f 2113 7807 6194
f 2113 6194 10823
f 11340 8116 8115
f 2114 2113 10823
f 2114 10823 10824
f 8116 11340 8145
f 2106 2114 10824
f 2106 10824 10825
f 10825 6221 2106
f 2107 2106 6221
f 8117 8092 11340
f 8091 11340 8092
f 8115 8117 11340
f 11340 8091 8125
f 11340 8125 8098
f 8098 8096 11340
f 8097 8135 11340
f 8188 11340 8099
f 3258 3256 6232
f 3258 6232 6210
f 3259 3258 6210
f 3259 6210 6209
f 11340 8109 8111
f 7809 3259 6209
f 7809 6209 6215
f 8182 8160 8041
f 8161 8164 8041
f 8160 8161 8041
f 8170 8173 8041
f 7806 7809 6215
f 7806 6215 6195
f 7807 7806 6195
f 8176 8177 8041
f 8173 8176 8041
f 8164 8170 8041
f 11341 8447 8041
f 8447 8182 8041
f 11340 8301 11339
f 6994 6993 11340
f 8148 8150 8188
f 8147 8148 8188
f 8152 8153 8188
f 8151 8152 8188
f 8102 8147 8188
f 2115 6237 6238
f 2115 6238 3287
f 8153 8040 8188
f 8100 8102 8188
f 3288 3287 6238
f 8101 8100 8188
f 8190 8193 11340
f 8193 8194 11340
f 8095 8099 11340
f 8194 8368 11340
f 8188 8190 11340
f 8205 8278 8204
f 8204 8278 8200
f 8199 8269 8220
f 8200 8270 8199
f 8220 8269 8219
f 8218 8219 8284
f 8228 8231 8286
f 8227 8228 8286
f 8285 8286 8234
f 8231 8234 8286
f 8237 8227 8286
f 8215 8285 8234
f 8214 8285 8215
f 8284 8285 8218
f 8214 8218 8285
f 6849 8347 8253
f 6852 8335 6848
f 8254 8275 8205
f 8265 8268 8257
f 8257 8253 8265
f 8260 8265 8253
f 6848 8348 6849
f 2117 2118 6235
f 6237 2115 2117
f 8278 8205 8275
f 8270 8200 8278
f 8275 8257 8268
f 8269 8199 8270
f 8254 8257 8275
f 8286 8287 8238
f 2823 8238 8287
f 8284 8219 8269
f 8238 8237 8286
f 8290 2816 8287
f 2808 8287 2816
f 959 2796 8290
f 8294 11340 8295
f 7810 6242 3254
f 8297 11340 8294
f 8298 11340 8297
f 8356 11339 8303
f 3268 6248 3267
f 8301 11340 8298
f 8303 11339 8300
f 8300 11339 8301
f 8316 8321 11339
f 11339 6996 11340
f 8306 11339 8307
f 8310 8307 11339
f 6248 3268 3874
f 3267 6252 3270
f 8325 11339 8321
f 3270 6252 3286
f 8329 11339 8325
f 6250 3284 3286
f 8330 11339 8329
f 3283 3284 6250
f 8338 6848 8335
f 6851 8330 6853
f 8335 6853 8330
f 8341 6848 8338
f 8344 6848 8341
f 8348 6848 8344
f 8347 6849 8348
f 8311 8310 11339
f 8316 11339 8306
f 8359 8311 11339
f 8356 8359 11339
f 8369 8374 11340
f 6236 2117 6235
f 8384 11340 8389
f 8389 11340 8386
f 8374 8375 11340
f 8386 11340 8381
f 8381 11340 8375
f 6236 6237 2117
f 8295 11340 8384
f 8368 8369 11340
f 8410 5075 8403
f 3288 6238 6239
f 7810 3288 6239
f 7810 6239 6242
f 9355 8042 8428
f 8422 8042 8423
f 8426 8042 8422
f 8428 8042 8426
f 6244 3254 6242
f 8436 5075 8433
f 8433 5075 8419
f 6244 6227 3254
f 3253 3254 6227
f 6232 3256 6227
f 3253 6227 3256
f 6248 6255 3267
f 5086 8395 8396
f 8400 5075 8396
f 8399 5075 8400
f 8413 5075 8410
f 8413 8416 5075
f 8416 8419 5075
f 8403 5075 8399
f 8423 5075 8436
f 11341 8042 9355
f 5074 8396 5075
f 3874 6247 6248
f 5086 6531 8395
f 6531 5408 8395
f 3267 6255 6252
f 8440 8439 11341
f 8447 11341 8439
f 6252 6251 3286
f 3286 6251 6250
f 11341 9355 8445
f 8445 8440 11341
f 8150 8151 8188
f 6249 3283 6250
f 6249 6253 3283
f 3282 3283 6253
f 9357 1767 9359
f 9356 1808 9357
f 1816 1801 9356
f 1767 1766 9359
f 3282 6253 3281
f 6254 3281 6253
f 3281 6254 3285
f 7304 3285 6254
f 7304 6235 3285
f 6235 2118 3285
f 6257 6256 3843
f 9363 953 9396
f 9366 9396 953
f 9396 9397 9363
f 9364 9366 953
f 9365 9364 953
f 952 9365 953
f 950 955 953
f 10751 2784 960
f 955 954 953
f 3843 6256 6259
f 3843 6259 3845
f 3845 6259 6258
f 3845 6258 3844
f 9370 9371 9401
f 3304 3844 6258
f 3304 6258 6260
f 9369 9370 9401
f 9371 9372 9401
f 6260 48 3304
f 3304 48 47
f 9368 9369 9401
f 9401 9408 9368
f 9400 9401 9372
f 3354 3348 6984
f 6984 3336 3354
f 9377 9400 9372
f 9380 9381 9363
f 9377 9376 9400
f 9400 9376 9375
f 9398 9380 9363
f 9397 9398 9363
f 6976 3426 3425
f 9384 9388 9360
f 9388 9389 9360
f 9390 9392 9360
f 9392 9391 9360
f 9389 9390 9360
f 9391 9393 9360
f 9393 9399 9360
f 9378 9379 9399
f 9375 9378 9399
f 9383 9382 9362
f 9361 9362 9382
f 9382 9384 9360
f 9360 9361 9382
f 9379 9360 9399
f 9381 9383 9362
f 9362 9363 9381
f 9400 9375 9399
f 9402 9423 9403
f 9410 9402 9409
f 9407 9409 9404
f 9404 9413 9407
f 9413 9373 9407
f 9404 9409 9402
f 9408 9407 9373
f 9367 9368 9408
f 9374 9367 9408
f 9373 9374 9408
f 9418 9402 9417
f 9421 9402 9420
f 9422 9402 9421
f 9417 9402 9414
f 9414 9402 9415
f 9415 9402 9416
f 9420 9402 9419
f 9419 9402 9418
f 9423 9402 9422
f 9416 9402 9410
f 9424 9406 9423
f 9426 9405 9425
f 9429 9430 9426
f 9425 9405 9424
f 9406 9424 9405
f 9403 9423 9406
f 9430 9429 9432
f 3426 6976 6169
f 3426 6169 3427
f 9436 9432 9429
f 6978 4385 3427
f 9442 9432 9436
f 9405 9426 9430
f 4385 6978 4384
f 6973 4384 6978
f 4384 6973 3347
f 9441 9432 9438
f 9438 9432 9437
f 9446 9432 9441
f 9445 9432 9446
f 9448 9432 9445
f 9437 9432 9442
f 9449 9432 9448
f 9457 9459 9433
f 9432 9456 9433
f 6976 3425 2089
f 9435 9434 9452
f 9455 9435 9453
f 9452 9453 9435
f 6985 3435 3437
f 9457 9433 9456
f 9459 9460 9433
f 9456 9432 9449
f 9460 9461 9433
f 3335 6985 3437
f 9461 9451 9434
f 9451 9450 9434
f 9450 9452 9434
f 9434 9433 9461
f 3337 6975 6974
f 6974 3334 3337
f 9463 9462 9469
f 9469 9471 9463
f 9470 9469 9462
f 9468 9470 9464
f 9435 9467 9464
f 9465 9466 9473
f 6989 3432 3436
f 9462 9464 9470
f 9473 9480 9465
f 9468 9464 9467
f 9466 9463 9471
f 9455 9467 9435
f 3433 3432 7015
f 6989 7015 3432
f 3433 7015 3458
f 9496 9465 9480
f 3348 6261 6984
f 9471 9473 9466
f 6983 3336 6984
f 186 9511 9474
f 3337 3336 6975
f 6983 6975 3336
f 3348 3347 6261
f 6262 6261 3347
f 9474 9494 9482
f 9491 9482 9495
f 9495 9496 9491
f 9490 9483 9489
f 6169 6263 3427
f 3427 6263 6978
f 9489 9485 9488
f 9487 9488 9484
f 10112 10116 9483
f 9484 9488 9485
f 9486 9487 9478
f 9479 9478 9487
f 6973 6262 3347
f 9492 9474 9493
f 6171 6976 2089
f 9494 9474 9492
f 9495 9482 9494
f 9480 9491 9496
f 2087 6166 2089
f 6171 2089 6166
f 6982 3335 6974
f 3334 6974 3335
f 9498 186 9510
f 6985 6991 3435
f 9497 186 9498
f 6991 6990 3435
f 9499 186 9497
f 6982 6985 3335
f 9511 186 9499
f 9493 9474 9511
f 9510 186 9509
f 9502 186 9501
f 9508 186 9506
f 9506 186 9507
f 3436 3435 6990
f 6990 6989 3436
f 9501 186 9500
f 9500 186 9512
f 9503 186 9502
f 9509 186 9505
f 9505 186 9504
f 9504 186 9503
f 10141 175 177
f 9512 186 9508
f 1754 11335 1755
f 7015 7014 3458
f 180 9483 10116
f 11335 2003 2004
f 9484 9479 9487
f 7000 3498 3497
f 9507 186 187
f 180 10141 177
f 9483 180 177
f 9485 9489 9483
f 10112 9483 9490
f 2004 1755 11335
f 180 10116 2016
f 10141 180 10140
f 10126 10140 180
f 10127 10126 180
f 10127 180 182
f 3460 3459 7030
f 3510 3460 7030
f 7034 3528 3529
f 3528 7034 3533
f 7044 3816 3495
f 7044 3817 3816
f 7000 3497 3516
f 7000 6999 3498
f 7231 3481 3534
f 3496 3498 7002
f 6999 7002 3498
f 7002 3494 3496
f 3494 7004 3493
f 7004 3495 3493
f 3461 7021 3459
f 3459 7022 7030
f 3510 7030 7036
f 7036 3511 3510
f 7003 7000 3516
f 3534 7232 7231
f 3535 3533 7234
f 3535 7234 7233
f 7233 7232 3535
f 3534 3535 7232
f 3494 7002 7001
f 7001 7004 3494
f 3495 7004 7037
f 7021 3461 3458
f 3458 7014 7021
f 7021 7022 3459
f 7036 7005 3511
f 7003 3516 7005
f 7005 3516 3511
f 4386 3817 7011
f 7033 3818 7011
f 4386 7011 3818
f 3818 7033 7452
f 3818 7452 3529
f 3529 7452 7034
f 3533 7034 7234
f 3495 7037 7044
f 7044 7012 3817
f 7011 3817 7012
f 7448 7208 3846
f 3846 7208 7055
f 3846 7055 3830
f 7190 3836 3835
f 7190 3835 7191
f 7187 3837 3836
f 7187 3836 7190
f 7188 3838 3837
f 7188 3837 7187
f 7050 3839 3838
f 7050 3838 7188
f 7050 7052 3840
f 7050 3840 3839
f 3841 3840 7189
f 7052 7189 3840
f 7189 7193 3826
f 7189 3826 3841
f 3842 6257 3843
f 7193 7195 3824
f 7193 3824 3826
f 3824 7195 6257
f 3824 6257 3842
f 3829 3830 7055
f 3829 7055 7056
f 3831 3829 7056
f 3831 7056 7194
f 7192 3834 3831
f 7192 3831 7194
f 3835 3834 7192
f 3835 7192 7191
f 3481 7231 3482
f 7230 3482 7231
f 7230 7229 3858
f 7230 3858 3482
f 7229 7228 3859
f 7229 3859 3858
f 3860 3859 7216
f 7228 7216 3859
f 7216 7215 3861
f 7216 3861 3860
f 3862 3861 7213
f 7215 7213 3861
f 7206 7448 3852
f 7206 3852 3851
f 3852 7448 3846
f 7213 7214 3853
f 7213 3853 3862
f 3853 7214 7207
f 3853 7207 3854
f 3854 7207 7206
f 3854 7206 3851
f 2 1 3870
f 7268 3870 1
f 7267 3871 3870
f 7267 3870 7268
f 7266 3872 3871
f 7266 3871 7267
f 7324 3869 7266
f 7266 3869 3872
f 7306 3866 3869
f 7306 3869 7324
f 3864 3865 7305
f 3864 7305 7310
f 3865 3866 7306
f 3865 7306 7305
f 3868 3864 7310
f 3868 7310 7321
f 3868 7321 6247
f 6247 3874 3868
f 24 27 25
f 7241 3873 26
f 7241 26 27
f 4 3 3873
f 4 3873 7241

