# https://github.com/mikedh/trimesh
v 0.11200000 0.00000000 0.00000000
v 0.11198555 0.00000000 0.00029405
v 0.11194236 0.00000000 0.00058527
v 0.11187082 0.00000000 0.00087085
v 0.11177164 0.00000000 0.00114805
v 0.11164576 0.00000000 0.00141419
v 0.11149441 0.00000000 0.00166671
v 0.11131903 0.00000000 0.00190318
v 0.11112132 0.00000000 0.00212132
v 0.11090318 0.00000000 0.00231903
v 0.11066671 0.00000000 0.00249441
v 0.11041419 0.00000000 0.00264576
v 0.11014805 0.00000000 0.00277164
v 0.10987085 0.00000000 0.00287082
v 0.10958527 0.00000000 0.00294236
v 0.10929405 0.00000000 0.00298555
v 0.10900000 0.00000000 0.00300000
v 0.10870595 0.00000000 0.00298555
v 0.10841473 0.00000000 0.00294236
v 0.10812915 0.00000000 0.00287082
v 0.10785195 0.00000000 0.00277164
v 0.10758581 0.00000000 0.00264576
v 0.10733329 0.00000000 0.00249441
v 0.10709682 0.00000000 0.00231903
v 0.10687868 0.00000000 0.00212132
v 0.10668097 0.00000000 0.00190318
v 0.10650559 0.00000000 0.00166671
v 0.10635424 0.00000000 0.00141419
v 0.10622836 0.00000000 0.00114805
v 0.10612918 0.00000000 0.00087085
v 0.10605764 0.00000000 0.00058527
v 0.10601445 0.00000000 0.00029405
v 0.10600000 0.00000000 0.00000000
v 0.10601445 0.00000000 -0.00029405
v 0.10605764 0.00000000 -0.00058527
v 0.10612918 0.00000000 -0.00087085
v 0.10622836 0.00000000 -0.00114805
v 0.10635424 0.00000000 -0.00141419
v 0.10650559 0.00000000 -0.00166671
v 0.10668097 0.00000000 -0.00190318
v 0.10687868 0.00000000 -0.00212132
v 0.10709682 0.00000000 -0.00231903
v 0.10733329 0.00000000 -0.00249441
v 0.10758581 0.00000000 -0.00264576
v 0.10785195 0.00000000 -0.00277164
v 0.10812915 0.00000000 -0.00287082
v 0.10841473 0.00000000 -0.00294236
v 0.10870595 0.00000000 -0.00298555
v 0.10900000 0.00000000 -0.00300000
v 0.10929405 0.00000000 -0.00298555
v 0.10958527 0.00000000 -0.00294236
v 0.10987085 0.00000000 -0.00287082
v 0.11014805 0.00000000 -0.00277164
v 0.11041419 0.00000000 -0.00264576
v 0.11066671 0.00000000 -0.00249441
v 0.11090318 0.00000000 -0.00231903
v 0.11112132 0.00000000 -0.00212132
v 0.11131903 0.00000000 -0.00190318
v 0.11149441 0.00000000 -0.00166671
v 0.11164576 0.00000000 -0.00141419
v 0.11177164 0.00000000 -0.00114805
v 0.11187082 0.00000000 -0.00087085
v 0.11194236 0.00000000 -0.00058527
v 0.11198555 0.00000000 -0.00029405
v 0.11146069 0.01097792 0.00000000
v 0.11144631 0.01097650 0.00029405
v 0.11140332 0.01097227 0.00058527
v 0.11133213 0.01096526 0.00087085
v 0.11123343 0.01095554 0.00114805
v 0.11110816 0.01094320 0.00141419
v 0.11095753 0.01092836 0.00166671
v 0.11078300 0.01091117 0.00190318
v 0.11058624 0.01089179 0.00212132
v 0.11036915 0.01087041 0.00231903
v 0.11013382 0.01084723 0.00249441
v 0.10988252 0.01082248 0.00264576
v 0.10961766 0.01079640 0.00277164
v 0.10934180 0.01076923 0.00287082
v 0.10905759 0.01074123 0.00294236
v 0.10876777 0.01071269 0.00298555
v 0.10847514 0.01068387 0.00300000
v 0.10818250 0.01065505 0.00298555
v 0.10789268 0.01062650 0.00294236
v 0.10760847 0.01059851 0.00287082
v 0.10733261 0.01057134 0.00277164
v 0.10706775 0.01054525 0.00264576
v 0.10681645 0.01052050 0.00249441
v 0.10658112 0.01049732 0.00231903
v 0.10636403 0.01047594 0.00212132
v 0.10616727 0.01045656 0.00190318
v 0.10599274 0.01043937 0.00166671
v 0.10584211 0.01042454 0.00141419
v 0.10571684 0.01041220 0.00114805
v 0.10561814 0.01040248 0.00087085
v 0.10554695 0.01039547 0.00058527
v 0.10550396 0.01039123 0.00029405
v 0.10548958 0.01038982 0.00000000
v 0.10550396 0.01039123 -0.00029405
v 0.10554695 0.01039547 -0.00058527
v 0.10561814 0.01040248 -0.00087085
v 0.10571684 0.01041220 -0.00114805
v 0.10584211 0.01042454 -0.00141419
v 0.10599274 0.01043937 -0.00166671
v 0.10616727 0.01045656 -0.00190318
v 0.10636403 0.01047594 -0.00212132
v 0.10658112 0.01049732 -0.00231903
v 0.10681645 0.01052050 -0.00249441
v 0.10706775 0.01054525 -0.00264576
v 0.10733261 0.01057134 -0.00277164
v 0.10760847 0.01059851 -0.00287082
v 0.10789268 0.01062650 -0.00294236
v 0.10818250 0.01065505 -0.00298555
v 0.10847514 0.01068387 -0.00300000
v 0.10876777 0.01071269 -0.00298555
v 0.10905759 0.01074123 -0.00294236
v 0.10934180 0.01076923 -0.00287082
v 0.10961766 0.01079640 -0.00277164
v 0.10988252 0.01082248 -0.00264576
v 0.11013382 0.01084723 -0.00249441
v 0.11036915 0.01087041 -0.00231903
v 0.11058624 0.01089179 -0.00212132
v 0.11078300 0.01091117 -0.00190318
v 0.11095753 0.01092836 -0.00166671
v 0.11110816 0.01094320 -0.00141419
v 0.11123343 0.01095554 -0.00114805
v 0.11133213 0.01096526 -0.00087085
v 0.11140332 0.01097227 -0.00058527
v 0.11144631 0.01097650 -0.00029405
v 0.10984795 0.02185012 0.00000000
v 0.10983378 0.02184730 0.00029405
v 0.10979141 0.02183887 0.00058527
v 0.10972125 0.02182491 0.00087085
v 0.10962398 0.02180556 0.00114805
v 0.10950052 0.02178101 0.00141419
v 0.10935208 0.02175148 0.00166671
v 0.10918007 0.02171727 0.00190318
v 0.10898616 0.02167869 0.00212132
v 0.10877221 0.02163614 0.00231903
v 0.10854028 0.02159000 0.00249441
v 0.10829261 0.02154074 0.00264576
v 0.10803159 0.02148882 0.00277164
v 0.10775972 0.02143474 0.00287082
v 0.10747962 0.02137903 0.00294236
v 0.10719400 0.02132221 0.00298555
v 0.10690560 0.02126485 0.00300000
v 0.10661719 0.02120748 0.00298555
v 0.10633157 0.02115066 0.00294236
v 0.10605147 0.02109495 0.00287082
v 0.10577960 0.02104087 0.00277164
v 0.10551858 0.02098895 0.00264576
v 0.10527091 0.02093969 0.00249441
v 0.10503898 0.02089355 0.00231903
v 0.10482504 0.02085100 0.00212132
v 0.10463112 0.02081242 0.00190318
v 0.10445912 0.02077821 0.00166671
v 0.10431067 0.02074868 0.00141419
v 0.10418721 0.02072413 0.00114805
v 0.10408994 0.02070478 0.00087085
v 0.10401978 0.02069082 0.00058527
v 0.10397741 0.02068239 0.00029405
v 0.10396324 0.02067957 0.00000000
v 0.10397741 0.02068239 -0.00029405
v 0.10401978 0.02069082 -0.00058527
v 0.10408994 0.02070478 -0.00087085
v 0.10418721 0.02072413 -0.00114805
v 0.10431067 0.02074868 -0.00141419
v 0.10445912 0.02077821 -0.00166671
v 0.10463112 0.02081242 -0.00190318
v 0.10482504 0.02085100 -0.00212132
v 0.10503898 0.02089355 -0.00231903
v 0.10527091 0.02093969 -0.00249441
v 0.10551858 0.02098895 -0.00264576
v 0.10577960 0.02104087 -0.00277164
v 0.10605147 0.02109495 -0.00287082
v 0.10633157 0.02115066 -0.00294236
v 0.10661719 0.02120748 -0.00298555
v 0.10690560 0.02126485 -0.00300000
v 0.10719400 0.02132221 -0.00298555
v 0.10747962 0.02137903 -0.00294236
v 0.10775972 0.02143474 -0.00287082
v 0.10803159 0.02148882 -0.00277164
v 0.10829261 0.02154074 -0.00264576
v 0.10854028 0.02159000 -0.00249441
v 0.10877221 0.02163614 -0.00231903
v 0.10898616 0.02167869 -0.00212132
v 0.10918007 0.02171727 -0.00190318
v 0.10935208 0.02175148 -0.00166671
v 0.10950052 0.02178101 -0.00141419
v 0.10962398 0.02180556 -0.00114805
v 0.10972125 0.02182491 -0.00087085
v 0.10979141 0.02183887 -0.00058527
v 0.10983378 0.02184730 -0.00029405
v 0.10717732 0.03251188 0.00000000
v 0.10716349 0.03250769 0.00029405
v 0.10712216 0.03249515 0.00058527
v 0.10705370 0.03247439 0.00087085
v 0.10695879 0.03244559 0.00114805
v 0.10683833 0.03240905 0.00141419
v 0.10669350 0.03236512 0.00166671
v 0.10652567 0.03231421 0.00190318
v 0.10633647 0.03225682 0.00212132
v 0.10612773 0.03219349 0.00231903
v 0.10590144 0.03212485 0.00249441
v 0.10565979 0.03205155 0.00264576
v 0.10540511 0.03197429 0.00277164
v 0.10513985 0.03189383 0.00287082
v 0.10486657 0.03181093 0.00294236
v 0.10458789 0.03172639 0.00298555
v 0.10430650 0.03164103 0.00300000
v 0.10402511 0.03155567 0.00298555
v 0.10374643 0.03147113 0.00294236
v 0.10347314 0.03138823 0.00287082
v 0.10320788 0.03130777 0.00277164
v 0.10295320 0.03123051 0.00264576
v 0.10271155 0.03115721 0.00249441
v 0.10248527 0.03108857 0.00231903
v 0.10227652 0.03102524 0.00212132
v 0.10208732 0.03096785 0.00190318
v 0.10191950 0.03091694 0.00166671
v 0.10177466 0.03087301 0.00141419
v 0.10165420 0.03083647 0.00114805
v 0.10155929 0.03080767 0.00087085
v 0.10149084 0.03078691 0.00058527
v 0.10144950 0.03077437 0.00029405
v 0.10143568 0.03077018 0.00000000
v 0.10144950 0.03077437 -0.00029405
v 0.10149084 0.03078691 -0.00058527
v 0.10155929 0.03080767 -0.00087085
v 0.10165420 0.03083647 -0.00114805
v 0.10177466 0.03087301 -0.00141419
v 0.10191950 0.03091694 -0.00166671
v 0.10208732 0.03096785 -0.00190318
v 0.10227652 0.03102524 -0.00212132
v 0.10248527 0.03108857 -0.00231903
v 0.10271155 0.03115721 -0.00249441
v 0.10295320 0.03123051 -0.00264576
v 0.10320788 0.03130777 -0.00277164
v 0.10347314 0.03138823 -0.00287082
v 0.10374643 0.03147113 -0.00294236
v 0.10402511 0.03155567 -0.00298555
v 0.10430650 0.03164103 -0.00300000
v 0.10458789 0.03172639 -0.00298555
v 0.10486657 0.03181093 -0.00294236
v 0.10513985 0.03189383 -0.00287082
v 0.10540511 0.03197429 -0.00277164
v 0.10565979 0.03205155 -0.00264576
v 0.10590144 0.03212485 -0.00249441
v 0.10612773 0.03219349 -0.00231903
v 0.10633647 0.03225682 -0.00212132
v 0.10652567 0.03231421 -0.00190318
v 0.10669350 0.03236512 -0.00166671
v 0.10683833 0.03240905 -0.00141419
v 0.10695879 0.03244559 -0.00114805
v 0.10705370 0.03247439 -0.00087085
v 0.10712216 0.03249515 -0.00058527
v 0.10716349 0.03250769 -0.00029405
v 0.10347451 0.04286054 0.00000000
v 0.10346116 0.04285502 0.00029405
v 0.10342125 0.04283848 0.00058527
v 0.10335516 0.04281111 0.00087085
v 0.10326353 0.04277315 0.00114805
v 0.10314724 0.04272498 0.00141419
v 0.10300740 0.04266706 0.00166671
v 0.10284537 0.04259995 0.00190318
v 0.10266271 0.04252429 0.00212132
v 0.10246118 0.04244081 0.00231903
v 0.10224271 0.04235032 0.00249441
v 0.10200941 0.04225368 0.00264576
v 0.10176353 0.04215183 0.00277164
v 0.10150743 0.04204576 0.00287082
v 0.10124359 0.04193647 0.00294236
v 0.10097454 0.04182502 0.00298555
v 0.10070287 0.04171249 0.00300000
v 0.10043120 0.04159997 0.00298555
v 0.10016215 0.04148852 0.00294236
v 0.09989830 0.04137923 0.00287082
v 0.09964221 0.04127315 0.00277164
v 0.09939633 0.04117131 0.00264576
v 0.09916303 0.04107467 0.00249441
v 0.09894456 0.04098418 0.00231903
v 0.09874302 0.04090070 0.00212132
v 0.09856036 0.04082504 0.00190318
v 0.09839834 0.04075793 0.00166671
v 0.09825850 0.04070000 0.00141419
v 0.09814221 0.04065183 0.00114805
v 0.09805058 0.04061388 0.00087085
v 0.09798449 0.04058650 0.00058527
v 0.09794458 0.04056997 0.00029405
v 0.09793123 0.04056444 0.00000000
v 0.09794458 0.04056997 -0.00029405
v 0.09798449 0.04058650 -0.00058527
v 0.09805058 0.04061388 -0.00087085
v 0.09814221 0.04065183 -0.00114805
v 0.09825850 0.04070000 -0.00141419
v 0.09839834 0.04075793 -0.00166671
v 0.09856036 0.04082504 -0.00190318
v 0.09874302 0.04090070 -0.00212132
v 0.09894456 0.04098418 -0.00231903
v 0.09916303 0.04107467 -0.00249441
v 0.09939633 0.04117131 -0.00264576
v 0.09964221 0.04127315 -0.00277164
v 0.09989830 0.04137923 -0.00287082
v 0.10016215 0.04148852 -0.00294236
v 0.10043120 0.04159997 -0.00298555
v 0.10070287 0.04171249 -0.00300000
v 0.10097454 0.04182502 -0.00298555
v 0.10124359 0.04193647 -0.00294236
v 0.10150743 0.04204576 -0.00287082
v 0.10176353 0.04215183 -0.00277164
v 0.10200941 0.04225368 -0.00264576
v 0.10224271 0.04235032 -0.00249441
v 0.10246118 0.04244081 -0.00231903
v 0.10266271 0.04252429 -0.00212132
v 0.10284537 0.04259995 -0.00190318
v 0.10300740 0.04266706 -0.00166671
v 0.10314724 0.04272498 -0.00141419
v 0.10326353 0.04277315 -0.00114805
v 0.10335516 0.04281111 -0.00087085
v 0.10342125 0.04283848 -0.00058527
v 0.10346116 0.04285502 -0.00029405
v 0.09877518 0.05279643 0.00000000
v 0.09876244 0.05278962 0.00029405
v 0.09872434 0.05276926 0.00058527
v 0.09866126 0.05273554 0.00087085
v 0.09857378 0.05268879 0.00114805
v 0.09846277 0.05262945 0.00141419
v 0.09832929 0.05255810 0.00166671
v 0.09817462 0.05247543 0.00190318
v 0.09800026 0.05238223 0.00212132
v 0.09780787 0.05227940 0.00231903
v 0.09759933 0.05216793 0.00249441
v 0.09737662 0.05204889 0.00264576
v 0.09714191 0.05192343 0.00277164
v 0.09689744 0.05179276 0.00287082
v 0.09664558 0.05165814 0.00294236
v 0.09638875 0.05152086 0.00298555
v 0.09612942 0.05138224 0.00300000
v 0.09587009 0.05124363 0.00298555
v 0.09561325 0.05110635 0.00294236
v 0.09536139 0.05097173 0.00287082
v 0.09511693 0.05084106 0.00277164
v 0.09488221 0.05071560 0.00264576
v 0.09465951 0.05059656 0.00249441
v 0.09445096 0.05048509 0.00231903
v 0.09425858 0.05038226 0.00212132
v 0.09408421 0.05028906 0.00190318
v 0.09392955 0.05020639 0.00166671
v 0.09379606 0.05013504 0.00141419
v 0.09368505 0.05007570 0.00114805
v 0.09359758 0.05002895 0.00087085
v 0.09353449 0.04999523 0.00058527
v 0.09349639 0.04997486 0.00029405
v 0.09348365 0.04996805 0.00000000
v 0.09349639 0.04997486 -0.00029405
v 0.09353449 0.04999523 -0.00058527
v 0.09359758 0.05002895 -0.00087085
v 0.09368505 0.05007570 -0.00114805
v 0.09379606 0.05013504 -0.00141419
v 0.09392955 0.05020639 -0.00166671
v 0.09408421 0.05028906 -0.00190318
v 0.09425858 0.05038226 -0.00212132
v 0.09445096 0.05048509 -0.00231903
v 0.09465951 0.05059656 -0.00249441
v 0.09488221 0.05071560 -0.00264576
v 0.09511693 0.05084106 -0.00277164
v 0.09536139 0.05097173 -0.00287082
v 0.09561325 0.05110635 -0.00294236
v 0.09587009 0.05124363 -0.00298555
v 0.09612942 0.05138224 -0.00300000
v 0.09638875 0.05152086 -0.00298555
v 0.09664558 0.05165814 -0.00294236
v 0.09689744 0.05179276 -0.00287082
v 0.09714191 0.05192343 -0.00277164
v 0.09737662 0.05204889 -0.00264576
v 0.09759933 0.05216793 -0.00249441
v 0.09780787 0.05227940 -0.00231903
v 0.09800026 0.05238223 -0.00212132
v 0.09817462 0.05247543 -0.00190318
v 0.09832929 0.05255810 -0.00166671
v 0.09846277 0.05262945 -0.00141419
v 0.09857378 0.05268879 -0.00114805
v 0.09866126 0.05273554 -0.00087085
v 0.09872434 0.05276926 -0.00058527
v 0.09876244 0.05278962 -0.00029405
v 0.09312460 0.06222387 0.00000000
v 0.09311259 0.06221584 0.00029405
v 0.09307667 0.06219184 0.00058527
v 0.09301719 0.06215210 0.00087085
v 0.09293472 0.06209700 0.00114805
v 0.09283006 0.06202706 0.00141419
v 0.09270421 0.06194297 0.00166671
v 0.09255839 0.06184554 0.00190318
v 0.09239400 0.06173570 0.00212132
v 0.09221262 0.06161451 0.00231903
v 0.09201601 0.06148313 0.00249441
v 0.09180604 0.06134284 0.00264576
v 0.09158476 0.06119498 0.00277164
v 0.09135428 0.06104098 0.00287082
v 0.09111682 0.06088231 0.00294236
v 0.09087468 0.06072052 0.00298555
v 0.09063019 0.06055716 0.00300000
v 0.09038569 0.06039379 0.00298555
v 0.09014355 0.06023200 0.00294236
v 0.08990610 0.06007333 0.00287082
v 0.08967562 0.05991933 0.00277164
v 0.08945433 0.05977147 0.00264576
v 0.08924437 0.05963118 0.00249441
v 0.08904775 0.05949981 0.00231903
v 0.08886637 0.05937861 0.00212132
v 0.08870198 0.05926877 0.00190318
v 0.08855616 0.05917134 0.00166671
v 0.08843032 0.05908725 0.00141419
v 0.08832565 0.05901732 0.00114805
v 0.08824319 0.05896221 0.00087085
v 0.08818371 0.05892247 0.00058527
v 0.08814779 0.05889847 0.00029405
v 0.08813578 0.05889044 0.00000000
v 0.08814779 0.05889847 -0.00029405
v 0.08818371 0.05892247 -0.00058527
v 0.08824319 0.05896221 -0.00087085
v 0.08832565 0.05901732 -0.00114805
v 0.08843032 0.05908725 -0.00141419
v 0.08855616 0.05917134 -0.00166671
v 0.08870198 0.05926877 -0.00190318
v 0.08886637 0.05937861 -0.00212132
v 0.08904775 0.05949981 -0.00231903
v 0.08924437 0.05963118 -0.00249441
v 0.08945433 0.05977147 -0.00264576
v 0.08967562 0.05991933 -0.00277164
v 0.08990610 0.06007333 -0.00287082
v 0.09014355 0.06023200 -0.00294236
v 0.09038569 0.06039379 -0.00298555
v 0.09063019 0.06055716 -0.00300000
v 0.09087468 0.06072052 -0.00298555
v 0.09111682 0.06088231 -0.00294236
v 0.09135428 0.06104098 -0.00287082
v 0.09158476 0.06119498 -0.00277164
v 0.09180604 0.06134284 -0.00264576
v 0.09201601 0.06148313 -0.00249441
v 0.09221262 0.06161451 -0.00231903
v 0.09239400 0.06173570 -0.00212132
v 0.09255839 0.06184554 -0.00190318
v 0.09270421 0.06194297 -0.00166671
v 0.09283006 0.06202706 -0.00141419
v 0.09293472 0.06209700 -0.00114805
v 0.09301719 0.06215210 -0.00087085
v 0.09307667 0.06219184 -0.00058527
v 0.09311259 0.06221584 -0.00029405
v 0.08657717 0.07105205 0.00000000
v 0.08656600 0.07104288 0.00029405
v 0.08653261 0.07101548 0.00058527
v 0.08647731 0.07097010 0.00087085
v 0.08640065 0.07090718 0.00114805
v 0.08630334 0.07082732 0.00141419
v 0.08618634 0.07073130 0.00166671
v 0.08605077 0.07062005 0.00190318
v 0.08589794 0.07049462 0.00212132
v 0.08572932 0.07035623 0.00231903
v 0.08554652 0.07020622 0.00249441
v 0.08535132 0.07004602 0.00264576
v 0.08514559 0.06987718 0.00277164
v 0.08493132 0.06970133 0.00287082
v 0.08471056 0.06952016 0.00294236
v 0.08448544 0.06933541 0.00298555
v 0.08425814 0.06914887 0.00300000
v 0.08403083 0.06896232 0.00298555
v 0.08380572 0.06877758 0.00294236
v 0.08358496 0.06859640 0.00287082
v 0.08337068 0.06842055 0.00277164
v 0.08316496 0.06825172 0.00264576
v 0.08296975 0.06809152 0.00249441
v 0.08278696 0.06794150 0.00231903
v 0.08261834 0.06780312 0.00212132
v 0.08246550 0.06767769 0.00190318
v 0.08232994 0.06756643 0.00166671
v 0.08221294 0.06747041 0.00141419
v 0.08211563 0.06739056 0.00114805
v 0.08203896 0.06732764 0.00087085
v 0.08198367 0.06728226 0.00058527
v 0.08195027 0.06725485 0.00029405
v 0.08193911 0.06724569 0.00000000
v 0.08195027 0.06725485 -0.00029405
v 0.08198367 0.06728226 -0.00058527
v 0.08203896 0.06732764 -0.00087085
v 0.08211563 0.06739056 -0.00114805
v 0.08221294 0.06747041 -0.00141419
v 0.08232994 0.06756643 -0.00166671
v 0.08246550 0.06767769 -0.00190318
v 0.08261834 0.06780312 -0.00212132
v 0.08278696 0.06794150 -0.00231903
v 0.08296975 0.06809152 -0.00249441
v 0.08316496 0.06825172 -0.00264576
v 0.08337068 0.06842055 -0.00277164
v 0.08358496 0.06859640 -0.00287082
v 0.08380572 0.06877758 -0.00294236
v 0.08403083 0.06896232 -0.00298555
v 0.08425814 0.06914887 -0.00300000
v 0.08448544 0.06933541 -0.00298555
v 0.08471056 0.06952016 -0.00294236
v 0.08493132 0.06970133 -0.00287082
v 0.08514559 0.06987718 -0.00277164
v 0.08535132 0.07004602 -0.00264576
v 0.08554652 0.07020622 -0.00249441
v 0.08572932 0.07035623 -0.00231903
v 0.08589794 0.07049462 -0.00212132
v 0.08605077 0.07062005 -0.00190318
v 0.08618634 0.07073130 -0.00166671
v 0.08630334 0.07082732 -0.00141419
v 0.08640065 0.07090718 -0.00114805
v 0.08647731 0.07097010 -0.00087085
v 0.08653261 0.07101548 -0.00058527
v 0.08656600 0.07104288 -0.00029405
v 0.07919596 0.07919596 0.00000000
v 0.07918574 0.07918574 0.00029405
v 0.07915520 0.07915520 0.00058527
v 0.07910462 0.07910462 0.00087085
v 0.07903448 0.07903448 0.00114805
v 0.07894548 0.07894548 0.00141419
v 0.07883845 0.07883845 0.00166671
v 0.07871444 0.07871444 0.00190318
v 0.07857464 0.07857464 0.00212132
v 0.07842039 0.07842039 0.00231903
v 0.07825318 0.07825318 0.00249441
v 0.07807462 0.07807462 0.00264576
v 0.07788643 0.07788643 0.00277164
v 0.07769043 0.07769043 0.00287082
v 0.07748849 0.07748849 0.00294236
v 0.07728256 0.07728256 0.00298555
v 0.07707464 0.07707464 0.00300000
v 0.07686671 0.07686671 0.00298555
v 0.07666079 0.07666079 0.00294236
v 0.07645885 0.07645885 0.00287082
v 0.07626284 0.07626284 0.00277164
v 0.07607466 0.07607466 0.00264576
v 0.07589610 0.07589610 0.00249441
v 0.07572889 0.07572889 0.00231903
v 0.07557464 0.07557464 0.00212132
v 0.07543484 0.07543484 0.00190318
v 0.07531083 0.07531083 0.00166671
v 0.07520380 0.07520380 0.00141419
v 0.07511479 0.07511479 0.00114805
v 0.07504466 0.07504466 0.00087085
v 0.07499408 0.07499408 0.00058527
v 0.07496353 0.07496353 0.00029405
v 0.07495332 0.07495332 0.00000000
v 0.07496353 0.07496353 -0.00029405
v 0.07499408 0.07499408 -0.00058527
v 0.07504466 0.07504466 -0.00087085
v 0.07511479 0.07511479 -0.00114805
v 0.07520380 0.07520380 -0.00141419
v 0.07531083 0.07531083 -0.00166671
v 0.07543484 0.07543484 -0.00190318
v 0.07557464 0.07557464 -0.00212132
v 0.07572889 0.07572889 -0.00231903
v 0.07589610 0.07589610 -0.00249441
v 0.07607466 0.07607466 -0.00264576
v 0.07626284 0.07626284 -0.00277164
v 0.07645885 0.07645885 -0.00287082
v 0.07666079 0.07666079 -0.00294236
v 0.07686671 0.07686671 -0.00298555
v 0.07707464 0.07707464 -0.00300000
v 0.07728256 0.07728256 -0.00298555
v 0.07748849 0.07748849 -0.00294236
v 0.07769043 0.07769043 -0.00287082
v 0.07788643 0.07788643 -0.00277164
v 0.07807462 0.07807462 -0.00264576
v 0.07825318 0.07825318 -0.00249441
v 0.07842039 0.07842039 -0.00231903
v 0.07857464 0.07857464 -0.00212132
v 0.07871444 0.07871444 -0.00190318
v 0.07883845 0.07883845 -0.00166671
v 0.07894548 0.07894548 -0.00141419
v 0.07903448 0.07903448 -0.00114805
v 0.07910462 0.07910462 -0.00087085
v 0.07915520 0.07915520 -0.00058527
v 0.07918574 0.07918574 -0.00029405
v 0.07105205 0.08657717 0.00000000
v 0.07104288 0.08656600 0.00029405
v 0.07101548 0.08653261 0.00058527
v 0.07097010 0.08647731 0.00087085
v 0.07090718 0.08640065 0.00114805
v 0.07082732 0.08630334 0.00141419
v 0.07073130 0.08618634 0.00166671
v 0.07062005 0.08605077 0.00190318
v 0.07049462 0.08589794 0.00212132
v 0.07035623 0.08572932 0.00231903
v 0.07020622 0.08554652 0.00249441
v 0.07004602 0.08535132 0.00264576
v 0.06987718 0.08514559 0.00277164
v 0.06970133 0.08493132 0.00287082
v 0.06952016 0.08471056 0.00294236
v 0.06933541 0.08448544 0.00298555
v 0.06914887 0.08425814 0.00300000
v 0.06896232 0.08403083 0.00298555
v 0.06877758 0.08380572 0.00294236
v 0.06859640 0.08358496 0.00287082
v 0.06842055 0.08337068 0.00277164
v 0.06825172 0.08316496 0.00264576
v 0.06809152 0.08296975 0.00249441
v 0.06794150 0.08278696 0.00231903
v 0.06780312 0.08261834 0.00212132
v 0.06767769 0.08246550 0.00190318
v 0.06756643 0.08232994 0.00166671
v 0.06747041 0.08221294 0.00141419
v 0.06739056 0.08211563 0.00114805
v 0.06732764 0.08203896 0.00087085
v 0.06728226 0.08198367 0.00058527
v 0.06725485 0.08195027 0.00029405
v 0.06724569 0.08193911 0.00000000
v 0.06725485 0.08195027 -0.00029405
v 0.06728226 0.08198367 -0.00058527
v 0.06732764 0.08203896 -0.00087085
v 0.06739056 0.08211563 -0.00114805
v 0.06747041 0.08221294 -0.00141419
v 0.06756643 0.08232994 -0.00166671
v 0.06767769 0.08246550 -0.00190318
v 0.06780312 0.08261834 -0.00212132
v 0.06794150 0.08278696 -0.00231903
v 0.06809152 0.08296975 -0.00249441
v 0.06825172 0.08316496 -0.00264576
v 0.06842055 0.08337068 -0.00277164
v 0.06859640 0.08358496 -0.00287082
v 0.06877758 0.08380572 -0.00294236
v 0.06896232 0.08403083 -0.00298555
v 0.06914887 0.08425814 -0.00300000
v 0.06933541 0.08448544 -0.00298555
v 0.06952016 0.08471056 -0.00294236
v 0.06970133 0.08493132 -0.00287082
v 0.06987718 0.08514559 -0.00277164
v 0.07004602 0.08535132 -0.00264576
v 0.07020622 0.08554652 -0.00249441
v 0.07035623 0.08572932 -0.00231903
v 0.07049462 0.08589794 -0.00212132
v 0.07062005 0.08605077 -0.00190318
v 0.07073130 0.08618634 -0.00166671
v 0.07082732 0.08630334 -0.00141419
v 0.07090718 0.08640065 -0.00114805
v 0.07097010 0.08647731 -0.00087085
v 0.07101548 0.08653261 -0.00058527
v 0.07104288 0.08656600 -0.00029405
v 0.06222387 0.09312460 0.00000000
v 0.06221584 0.09311259 0.00029405
v 0.06219184 0.09307667 0.00058527
v 0.06215210 0.09301719 0.00087085
v 0.06209700 0.09293472 0.00114805
v 0.06202706 0.09283006 0.00141419
v 0.06194297 0.09270421 0.00166671
v 0.06184554 0.09255839 0.00190318
v 0.06173570 0.09239400 0.00212132
v 0.06161451 0.09221262 0.00231903
v 0.06148313 0.09201601 0.00249441
v 0.06134284 0.09180604 0.00264576
v 0.06119498 0.09158476 0.00277164
v 0.06104098 0.09135428 0.00287082
v 0.06088231 0.09111682 0.00294236
v 0.06072052 0.09087468 0.00298555
v 0.06055716 0.09063019 0.00300000
v 0.06039379 0.09038569 0.00298555
v 0.06023200 0.09014355 0.00294236
v 0.06007333 0.08990610 0.00287082
v 0.05991933 0.08967562 0.00277164
v 0.05977147 0.08945433 0.00264576
v 0.05963118 0.08924437 0.00249441
v 0.05949981 0.08904775 0.00231903
v 0.05937861 0.08886637 0.00212132
v 0.05926877 0.08870198 0.00190318
v 0.05917134 0.08855616 0.00166671
v 0.05908725 0.08843032 0.00141419
v 0.05901732 0.08832565 0.00114805
v 0.05896221 0.08824319 0.00087085
v 0.05892247 0.08818371 0.00058527
v 0.05889847 0.08814779 0.00029405
v 0.05889044 0.08813578 0.00000000
v 0.05889847 0.08814779 -0.00029405
v 0.05892247 0.08818371 -0.00058527
v 0.05896221 0.08824319 -0.00087085
v 0.05901732 0.08832565 -0.00114805
v 0.05908725 0.08843032 -0.00141419
v 0.05917134 0.08855616 -0.00166671
v 0.05926877 0.08870198 -0.00190318
v 0.05937861 0.08886637 -0.00212132
v 0.05949981 0.08904775 -0.00231903
v 0.05963118 0.08924437 -0.00249441
v 0.05977147 0.08945433 -0.00264576
v 0.05991933 0.08967562 -0.00277164
v 0.06007333 0.08990610 -0.00287082
v 0.06023200 0.09014355 -0.00294236
v 0.06039379 0.09038569 -0.00298555
v 0.06055716 0.09063019 -0.00300000
v 0.06072052 0.09087468 -0.00298555
v 0.06088231 0.09111682 -0.00294236
v 0.06104098 0.09135428 -0.00287082
v 0.06119498 0.09158476 -0.00277164
v 0.06134284 0.09180604 -0.00264576
v 0.06148313 0.09201601 -0.00249441
v 0.06161451 0.09221262 -0.00231903
v 0.06173570 0.09239400 -0.00212132
v 0.06184554 0.09255839 -0.00190318
v 0.06194297 0.09270421 -0.00166671
v 0.06202706 0.09283006 -0.00141419
v 0.06209700 0.09293472 -0.00114805
v 0.06215210 0.09301719 -0.00087085
v 0.06219184 0.09307667 -0.00058527
v 0.06221584 0.09311259 -0.00029405
v 0.05279643 0.09877518 0.00000000
v 0.05278962 0.09876244 0.00029405
v 0.05276926 0.09872434 0.00058527
v 0.05273554 0.09866126 0.00087085
v 0.05268879 0.09857378 0.00114805
v 0.05262945 0.09846277 0.00141419
v 0.05255810 0.09832929 0.00166671
v 0.05247543 0.09817462 0.00190318
v 0.05238223 0.09800026 0.00212132
v 0.05227940 0.09780787 0.00231903
v 0.05216793 0.09759933 0.00249441
v 0.05204889 0.09737662 0.00264576
v 0.05192343 0.09714191 0.00277164
v 0.05179276 0.09689744 0.00287082
v 0.05165814 0.09664558 0.00294236
v 0.05152086 0.09638875 0.00298555
v 0.05138224 0.09612942 0.00300000
v 0.05124363 0.09587009 0.00298555
v 0.05110635 0.09561325 0.00294236
v 0.05097173 0.09536139 0.00287082
v 0.05084106 0.09511693 0.00277164
v 0.05071560 0.09488221 0.00264576
v 0.05059656 0.09465951 0.00249441
v 0.05048509 0.09445096 0.00231903
v 0.05038226 0.09425858 0.00212132
v 0.05028906 0.09408421 0.00190318
v 0.05020639 0.09392955 0.00166671
v 0.05013504 0.09379606 0.00141419
v 0.05007570 0.09368505 0.00114805
v 0.05002895 0.09359758 0.00087085
v 0.04999523 0.09353449 0.00058527
v 0.04997486 0.09349639 0.00029405
v 0.04996805 0.09348365 0.00000000
v 0.04997486 0.09349639 -0.00029405
v 0.04999523 0.09353449 -0.00058527
v 0.05002895 0.09359758 -0.00087085
v 0.05007570 0.09368505 -0.00114805
v 0.05013504 0.09379606 -0.00141419
v 0.05020639 0.09392955 -0.00166671
v 0.05028906 0.09408421 -0.00190318
v 0.05038226 0.09425858 -0.00212132
v 0.05048509 0.09445096 -0.00231903
v 0.05059656 0.09465951 -0.00249441
v 0.05071560 0.09488221 -0.00264576
v 0.05084106 0.09511693 -0.00277164
v 0.05097173 0.09536139 -0.00287082
v 0.05110635 0.09561325 -0.00294236
v 0.05124363 0.09587009 -0.00298555
v 0.05138224 0.09612942 -0.00300000
v 0.05152086 0.09638875 -0.00298555
v 0.05165814 0.09664558 -0.00294236
v 0.05179276 0.09689744 -0.00287082
v 0.05192343 0.09714191 -0.00277164
v 0.05204889 0.09737662 -0.00264576
v 0.05216793 0.09759933 -0.00249441
v 0.05227940 0.09780787 -0.00231903
v 0.05238223 0.09800026 -0.00212132
v 0.05247543 0.09817462 -0.00190318
v 0.05255810 0.09832929 -0.00166671
v 0.05262945 0.09846277 -0.00141419
v 0.05268879 0.09857378 -0.00114805
v 0.05273554 0.09866126 -0.00087085
v 0.05276926 0.09872434 -0.00058527
v 0.05278962 0.09876244 -0.00029405
v 0.04286054 0.10347451 0.00000000
v 0.04285502 0.10346116 0.00029405
v 0.04283848 0.10342125 0.00058527
v 0.04281111 0.10335516 0.00087085
v 0.04277315 0.10326353 0.00114805
v 0.04272498 0.10314724 0.00141419
v 0.04266706 0.10300740 0.00166671
v 0.04259995 0.10284537 0.00190318
v 0.04252429 0.10266271 0.00212132
v 0.04244081 0.10246118 0.00231903
v 0.04235032 0.10224271 0.00249441
v 0.04225368 0.10200941 0.00264576
v 0.04215183 0.10176353 0.00277164
v 0.04204576 0.10150743 0.00287082
v 0.04193647 0.10124359 0.00294236
v 0.04182502 0.10097454 0.00298555
v 0.04171249 0.10070287 0.00300000
v 0.04159997 0.10043120 0.00298555
v 0.04148852 0.10016215 0.00294236
v 0.04137923 0.09989830 0.00287082
v 0.04127315 0.09964221 0.00277164
v 0.04117131 0.09939633 0.00264576
v 0.04107467 0.09916303 0.00249441
v 0.04098418 0.09894456 0.00231903
v 0.04090070 0.09874302 0.00212132
v 0.04082504 0.09856036 0.00190318
v 0.04075793 0.09839834 0.00166671
v 0.04070000 0.09825850 0.00141419
v 0.04065183 0.09814221 0.00114805
v 0.04061388 0.09805058 0.00087085
v 0.04058650 0.09798449 0.00058527
v 0.04056997 0.09794458 0.00029405
v 0.04056444 0.09793123 0.00000000
v 0.04056997 0.09794458 -0.00029405
v 0.04058650 0.09798449 -0.00058527
v 0.04061388 0.09805058 -0.00087085
v 0.04065183 0.09814221 -0.00114805
v 0.04070000 0.09825850 -0.00141419
v 0.04075793 0.09839834 -0.00166671
v 0.04082504 0.09856036 -0.00190318
v 0.04090070 0.09874302 -0.00212132
v 0.04098418 0.09894456 -0.00231903
v 0.04107467 0.09916303 -0.00249441
v 0.04117131 0.09939633 -0.00264576
v 0.04127315 0.09964221 -0.00277164
v 0.04137923 0.09989830 -0.00287082
v 0.04148852 0.10016215 -0.00294236
v 0.04159997 0.10043120 -0.00298555
v 0.04171249 0.10070287 -0.00300000
v 0.04182502 0.10097454 -0.00298555
v 0.04193647 0.10124359 -0.00294236
v 0.04204576 0.10150743 -0.00287082
v 0.04215183 0.10176353 -0.00277164
v 0.04225368 0.10200941 -0.00264576
v 0.04235032 0.10224271 -0.00249441
v 0.04244081 0.10246118 -0.00231903
v 0.04252429 0.10266271 -0.00212132
v 0.04259995 0.10284537 -0.00190318
v 0.04266706 0.10300740 -0.00166671
v 0.04272498 0.10314724 -0.00141419
v 0.04277315 0.10326353 -0.00114805
v 0.04281111 0.10335516 -0.00087085
v 0.04283848 0.10342125 -0.00058527
v 0.04285502 0.10346116 -0.00029405
v 0.03251188 0.10717732 0.00000000
v 0.03250769 0.10716349 0.00029405
v 0.03249515 0.10712216 0.00058527
v 0.03247439 0.10705370 0.00087085
v 0.03244559 0.10695879 0.00114805
v 0.03240905 0.10683833 0.00141419
v 0.03236512 0.10669350 0.00166671
v 0.03231421 0.10652567 0.00190318
v 0.03225682 0.10633647 0.00212132
v 0.03219349 0.10612773 0.00231903
v 0.03212485 0.10590144 0.00249441
v 0.03205155 0.10565979 0.00264576
v 0.03197429 0.10540511 0.00277164
v 0.03189383 0.10513985 0.00287082
v 0.03181093 0.10486657 0.00294236
v 0.03172639 0.10458789 0.00298555
v 0.03164103 0.10430650 0.00300000
v 0.03155567 0.10402511 0.00298555
v 0.03147113 0.10374643 0.00294236
v 0.03138823 0.10347314 0.00287082
v 0.03130777 0.10320788 0.00277164
v 0.03123051 0.10295320 0.00264576
v 0.03115721 0.10271155 0.00249441
v 0.03108857 0.10248527 0.00231903
v 0.03102524 0.10227652 0.00212132
v 0.03096785 0.10208732 0.00190318
v 0.03091694 0.10191950 0.00166671
v 0.03087301 0.10177466 0.00141419
v 0.03083647 0.10165420 0.00114805
v 0.03080767 0.10155929 0.00087085
v 0.03078691 0.10149084 0.00058527
v 0.03077437 0.10144950 0.00029405
v 0.03077018 0.10143568 0.00000000
v 0.03077437 0.10144950 -0.00029405
v 0.03078691 0.10149084 -0.00058527
v 0.03080767 0.10155929 -0.00087085
v 0.03083647 0.10165420 -0.00114805
v 0.03087301 0.10177466 -0.00141419
v 0.03091694 0.10191950 -0.00166671
v 0.03096785 0.10208732 -0.00190318
v 0.03102524 0.10227652 -0.00212132
v 0.03108857 0.10248527 -0.00231903
v 0.03115721 0.10271155 -0.00249441
v 0.03123051 0.10295320 -0.00264576
v 0.03130777 0.10320788 -0.00277164
v 0.03138823 0.10347314 -0.00287082
v 0.03147113 0.10374643 -0.00294236
v 0.03155567 0.10402511 -0.00298555
v 0.03164103 0.10430650 -0.00300000
v 0.03172639 0.10458789 -0.00298555
v 0.03181093 0.10486657 -0.00294236
v 0.03189383 0.10513985 -0.00287082
v 0.03197429 0.10540511 -0.00277164
v 0.03205155 0.10565979 -0.00264576
v 0.03212485 0.10590144 -0.00249441
v 0.03219349 0.10612773 -0.00231903
v 0.03225682 0.10633647 -0.00212132
v 0.03231421 0.10652567 -0.00190318
v 0.03236512 0.10669350 -0.00166671
v 0.03240905 0.10683833 -0.00141419
v 0.03244559 0.10695879 -0.00114805
v 0.03247439 0.10705370 -0.00087085
v 0.03249515 0.10712216 -0.00058527
v 0.03250769 0.10716349 -0.00029405
v 0.02185012 0.10984795 0.00000000
v 0.02184730 0.10983378 0.00029405
v 0.02183887 0.10979141 0.00058527
v 0.02182491 0.10972125 0.00087085
v 0.02180556 0.10962398 0.00114805
v 0.02178101 0.10950052 0.00141419
v 0.02175148 0.10935208 0.00166671
v 0.02171727 0.10918007 0.00190318
v 0.02167869 0.10898616 0.00212132
v 0.02163614 0.10877221 0.00231903
v 0.02159000 0.10854028 0.00249441
v 0.02154074 0.10829261 0.00264576
v 0.02148882 0.10803159 0.00277164
v 0.02143474 0.10775972 0.00287082
v 0.02137903 0.10747962 0.00294236
v 0.02132221 0.10719400 0.00298555
v 0.02126485 0.10690560 0.00300000
v 0.02120748 0.10661719 0.00298555
v 0.02115066 0.10633157 0.00294236
v 0.02109495 0.10605147 0.00287082
v 0.02104087 0.10577960 0.00277164
v 0.02098895 0.10551858 0.00264576
v 0.02093969 0.10527091 0.00249441
v 0.02089355 0.10503898 0.00231903
v 0.02085100 0.10482504 0.00212132
v 0.02081242 0.10463112 0.00190318
v 0.02077821 0.10445912 0.00166671
v 0.02074868 0.10431067 0.00141419
v 0.02072413 0.10418721 0.00114805
v 0.02070478 0.10408994 0.00087085
v 0.02069082 0.10401978 0.00058527
v 0.02068239 0.10397741 0.00029405
v 0.02067957 0.10396324 0.00000000
v 0.02068239 0.10397741 -0.00029405
v 0.02069082 0.10401978 -0.00058527
v 0.02070478 0.10408994 -0.00087085
v 0.02072413 0.10418721 -0.00114805
v 0.02074868 0.10431067 -0.00141419
v 0.02077821 0.10445912 -0.00166671
v 0.02081242 0.10463112 -0.00190318
v 0.02085100 0.10482504 -0.00212132
v 0.02089355 0.10503898 -0.00231903
v 0.02093969 0.10527091 -0.00249441
v 0.02098895 0.10551858 -0.00264576
v 0.02104087 0.10577960 -0.00277164
v 0.02109495 0.10605147 -0.00287082
v 0.02115066 0.10633157 -0.00294236
v 0.02120748 0.10661719 -0.00298555
v 0.02126485 0.10690560 -0.00300000
v 0.02132221 0.10719400 -0.00298555
v 0.02137903 0.10747962 -0.00294236
v 0.02143474 0.10775972 -0.00287082
v 0.02148882 0.10803159 -0.00277164
v 0.02154074 0.10829261 -0.00264576
v 0.02159000 0.10854028 -0.00249441
v 0.02163614 0.10877221 -0.00231903
v 0.02167869 0.10898616 -0.00212132
v 0.02171727 0.10918007 -0.00190318
v 0.02175148 0.10935208 -0.00166671
v 0.02178101 0.10950052 -0.00141419
v 0.02180556 0.10962398 -0.00114805
v 0.02182491 0.10972125 -0.00087085
v 0.02183887 0.10979141 -0.00058527
v 0.02184730 0.10983378 -0.00029405
v 0.01097792 0.11146069 0.00000000
v 0.01097650 0.11144631 0.00029405
v 0.01097227 0.11140332 0.00058527
v 0.01096526 0.11133213 0.00087085
v 0.01095554 0.11123343 0.00114805
v 0.01094320 0.11110816 0.00141419
v 0.01092836 0.11095753 0.00166671
v 0.01091117 0.11078300 0.00190318
v 0.01089179 0.11058624 0.00212132
v 0.01087041 0.11036915 0.00231903
v 0.01084723 0.11013382 0.00249441
v 0.01082248 0.10988252 0.00264576
v 0.01079640 0.10961766 0.00277164
v 0.01076923 0.10934180 0.00287082
v 0.01074123 0.10905759 0.00294236
v 0.01071269 0.10876777 0.00298555
v 0.01068387 0.10847514 0.00300000
v 0.01065505 0.10818250 0.00298555
v 0.01062650 0.10789268 0.00294236
v 0.01059851 0.10760847 0.00287082
v 0.01057134 0.10733261 0.00277164
v 0.01054525 0.10706775 0.00264576
v 0.01052050 0.10681645 0.00249441
v 0.01049732 0.10658112 0.00231903
v 0.01047594 0.10636403 0.00212132
v 0.01045656 0.10616727 0.00190318
v 0.01043937 0.10599274 0.00166671
v 0.01042454 0.10584211 0.00141419
v 0.01041220 0.10571684 0.00114805
v 0.01040248 0.10561814 0.00087085
v 0.01039547 0.10554695 0.00058527
v 0.01039123 0.10550396 0.00029405
v 0.01038982 0.10548958 0.00000000
v 0.01039123 0.10550396 -0.00029405
v 0.01039547 0.10554695 -0.00058527
v 0.01040248 0.10561814 -0.00087085
v 0.01041220 0.10571684 -0.00114805
v 0.01042454 0.10584211 -0.00141419
v 0.01043937 0.10599274 -0.00166671
v 0.01045656 0.10616727 -0.00190318
v 0.01047594 0.10636403 -0.00212132
v 0.01049732 0.10658112 -0.00231903
v 0.01052050 0.10681645 -0.00249441
v 0.01054525 0.10706775 -0.00264576
v 0.01057134 0.10733261 -0.00277164
v 0.01059851 0.10760847 -0.00287082
v 0.01062650 0.10789268 -0.00294236
v 0.01065505 0.10818250 -0.00298555
v 0.01068387 0.10847514 -0.00300000
v 0.01071269 0.10876777 -0.00298555
v 0.01074123 0.10905759 -0.00294236
v 0.01076923 0.10934180 -0.00287082
v 0.01079640 0.10961766 -0.00277164
v 0.01082248 0.10988252 -0.00264576
v 0.01084723 0.11013382 -0.00249441
v 0.01087041 0.11036915 -0.00231903
v 0.01089179 0.11058624 -0.00212132
v 0.01091117 0.11078300 -0.00190318
v 0.01092836 0.11095753 -0.00166671
v 0.01094320 0.11110816 -0.00141419
v 0.01095554 0.11123343 -0.00114805
v 0.01096526 0.11133213 -0.00087085
v 0.01097227 0.11140332 -0.00058527
v 0.01097650 0.11144631 -0.00029405
v 0.00000000 0.11200000 0.00000000
v 0.00000000 0.11198555 0.00029405
v 0.00000000 0.11194236 0.00058527
v 0.00000000 0.11187082 0.00087085
v 0.00000000 0.11177164 0.00114805
v 0.00000000 0.11164576 0.00141419
v 0.00000000 0.11149441 0.00166671
v 0.00000000 0.11131903 0.00190318
v 0.00000000 0.11112132 0.00212132
v 0.00000000 0.11090318 0.00231903
v 0.00000000 0.11066671 0.00249441
v 0.00000000 0.11041419 0.00264576
v 0.00000000 0.11014805 0.00277164
v 0.00000000 0.10987085 0.00287082
v 0.00000000 0.10958527 0.00294236
v 0.00000000 0.10929405 0.00298555
v 0.00000000 0.10900000 0.00300000
v 0.00000000 0.10870595 0.00298555
v 0.00000000 0.10841473 0.00294236
v 0.00000000 0.10812915 0.00287082
v 0.00000000 0.10785195 0.00277164
v 0.00000000 0.10758581 0.00264576
v 0.00000000 0.10733329 0.00249441
v 0.00000000 0.10709682 0.00231903
v 0.00000000 0.10687868 0.00212132
v 0.00000000 0.10668097 0.00190318
v 0.00000000 0.10650559 0.00166671
v 0.00000000 0.10635424 0.00141419
v 0.00000000 0.10622836 0.00114805
v 0.00000000 0.10612918 0.00087085
v 0.00000000 0.10605764 0.00058527
v 0.00000000 0.10601445 0.00029405
v 0.00000000 0.10600000 0.00000000
v 0.00000000 0.10601445 -0.00029405
v 0.00000000 0.10605764 -0.00058527
v 0.00000000 0.10612918 -0.00087085
v 0.00000000 0.10622836 -0.00114805
v 0.00000000 0.10635424 -0.00141419
v 0.00000000 0.10650559 -0.00166671
v 0.00000000 0.10668097 -0.00190318
v 0.00000000 0.10687868 -0.00212132
v 0.00000000 0.10709682 -0.00231903
v 0.00000000 0.10733329 -0.00249441
v 0.00000000 0.10758581 -0.00264576
v 0.00000000 0.10785195 -0.00277164
v 0.00000000 0.10812915 -0.00287082
v 0.00000000 0.10841473 -0.00294236
v 0.00000000 0.10870595 -0.00298555
v 0.00000000 0.10900000 -0.00300000
v 0.00000000 0.10929405 -0.00298555
v 0.00000000 0.10958527 -0.00294236
v 0.00000000 0.10987085 -0.00287082
v 0.00000000 0.11014805 -0.00277164
v 0.00000000 0.11041419 -0.00264576
v 0.00000000 0.11066671 -0.00249441
v 0.00000000 0.11090318 -0.00231903
v 0.00000000 0.11112132 -0.00212132
v 0.00000000 0.11131903 -0.00190318
v 0.00000000 0.11149441 -0.00166671
v 0.00000000 0.11164576 -0.00141419
v 0.00000000 0.11177164 -0.00114805
v 0.00000000 0.11187082 -0.00087085
v 0.00000000 0.11194236 -0.00058527
v 0.00000000 0.11198555 -0.00029405
v -0.01097792 0.11146069 0.00000000
v -0.01097650 0.11144631 0.00029405
v -0.01097227 0.11140332 0.00058527
v -0.01096526 0.11133213 0.00087085
v -0.01095554 0.11123343 0.00114805
v -0.01094320 0.11110816 0.00141419
v -0.01092836 0.11095753 0.00166671
v -0.01091117 0.11078300 0.00190318
v -0.01089179 0.11058624 0.00212132
v -0.01087041 0.11036915 0.00231903
v -0.01084723 0.11013382 0.00249441
v -0.01082248 0.10988252 0.00264576
v -0.01079640 0.10961766 0.00277164
v -0.01076923 0.10934180 0.00287082
v -0.01074123 0.10905759 0.00294236
v -0.01071269 0.10876777 0.00298555
v -0.01068387 0.10847514 0.00300000
v -0.01065505 0.10818250 0.00298555
v -0.01062650 0.10789268 0.00294236
v -0.01059851 0.10760847 0.00287082
v -0.01057134 0.10733261 0.00277164
v -0.01054525 0.10706775 0.00264576
v -0.01052050 0.10681645 0.00249441
v -0.01049732 0.10658112 0.00231903
v -0.01047594 0.10636403 0.00212132
v -0.01045656 0.10616727 0.00190318
v -0.01043937 0.10599274 0.00166671
v -0.01042454 0.10584211 0.00141419
v -0.01041220 0.10571684 0.00114805
v -0.01040248 0.10561814 0.00087085
v -0.01039547 0.10554695 0.00058527
v -0.01039123 0.10550396 0.00029405
v -0.01038982 0.10548958 0.00000000
v -0.01039123 0.10550396 -0.00029405
v -0.01039547 0.10554695 -0.00058527
v -0.01040248 0.10561814 -0.00087085
v -0.01041220 0.10571684 -0.00114805
v -0.01042454 0.10584211 -0.00141419
v -0.01043937 0.10599274 -0.00166671
v -0.01045656 0.10616727 -0.00190318
v -0.01047594 0.10636403 -0.00212132
v -0.01049732 0.10658112 -0.00231903
v -0.01052050 0.10681645 -0.00249441
v -0.01054525 0.10706775 -0.00264576
v -0.01057134 0.10733261 -0.00277164
v -0.01059851 0.10760847 -0.00287082
v -0.01062650 0.10789268 -0.00294236
v -0.01065505 0.10818250 -0.00298555
v -0.01068387 0.10847514 -0.00300000
v -0.01071269 0.10876777 -0.00298555
v -0.01074123 0.10905759 -0.00294236
v -0.01076923 0.10934180 -0.00287082
v -0.01079640 0.10961766 -0.00277164
v -0.01082248 0.10988252 -0.00264576
v -0.01084723 0.11013382 -0.00249441
v -0.01087041 0.11036915 -0.00231903
v -0.01089179 0.11058624 -0.00212132
v -0.01091117 0.11078300 -0.00190318
v -0.01092836 0.11095753 -0.00166671
v -0.01094320 0.11110816 -0.00141419
v -0.01095554 0.11123343 -0.00114805
v -0.01096526 0.11133213 -0.00087085
v -0.01097227 0.11140332 -0.00058527
v -0.01097650 0.11144631 -0.00029405
v -0.02185012 0.10984795 0.00000000
v -0.02184730 0.10983378 0.00029405
v -0.02183887 0.10979141 0.00058527
v -0.02182491 0.10972125 0.00087085
v -0.02180556 0.10962398 0.00114805
v -0.02178101 0.10950052 0.00141419
v -0.02175148 0.10935208 0.00166671
v -0.02171727 0.10918007 0.00190318
v -0.02167869 0.10898616 0.00212132
v -0.02163614 0.10877221 0.00231903
v -0.02159000 0.10854028 0.00249441
v -0.02154074 0.10829261 0.00264576
v -0.02148882 0.10803159 0.00277164
v -0.02143474 0.10775972 0.00287082
v -0.02137903 0.10747962 0.00294236
v -0.02132221 0.10719400 0.00298555
v -0.02126485 0.10690560 0.00300000
v -0.02120748 0.10661719 0.00298555
v -0.02115066 0.10633157 0.00294236
v -0.02109495 0.10605147 0.00287082
v -0.02104087 0.10577960 0.00277164
v -0.02098895 0.10551858 0.00264576
v -0.02093969 0.10527091 0.00249441
v -0.02089355 0.10503898 0.00231903
v -0.02085100 0.10482504 0.00212132
v -0.02081242 0.10463112 0.00190318
v -0.02077821 0.10445912 0.00166671
v -0.02074868 0.10431067 0.00141419
v -0.02072413 0.10418721 0.00114805
v -0.02070478 0.10408994 0.00087085
v -0.02069082 0.10401978 0.00058527
v -0.02068239 0.10397741 0.00029405
v -0.02067957 0.10396324 0.00000000
v -0.02068239 0.10397741 -0.00029405
v -0.02069082 0.10401978 -0.00058527
v -0.02070478 0.10408994 -0.00087085
v -0.02072413 0.10418721 -0.00114805
v -0.02074868 0.10431067 -0.00141419
v -0.02077821 0.10445912 -0.00166671
v -0.02081242 0.10463112 -0.00190318
v -0.02085100 0.10482504 -0.00212132
v -0.02089355 0.10503898 -0.00231903
v -0.02093969 0.10527091 -0.00249441
v -0.02098895 0.10551858 -0.00264576
v -0.02104087 0.10577960 -0.00277164
v -0.02109495 0.10605147 -0.00287082
v -0.02115066 0.10633157 -0.00294236
v -0.02120748 0.10661719 -0.00298555
v -0.02126485 0.10690560 -0.00300000
v -0.02132221 0.10719400 -0.00298555
v -0.02137903 0.10747962 -0.00294236
v -0.02143474 0.10775972 -0.00287082
v -0.02148882 0.10803159 -0.00277164
v -0.02154074 0.10829261 -0.00264576
v -0.02159000 0.10854028 -0.00249441
v -0.02163614 0.10877221 -0.00231903
v -0.02167869 0.10898616 -0.00212132
v -0.02171727 0.10918007 -0.00190318
v -0.02175148 0.10935208 -0.00166671
v -0.02178101 0.10950052 -0.00141419
v -0.02180556 0.10962398 -0.00114805
v -0.02182491 0.10972125 -0.00087085
v -0.02183887 0.10979141 -0.00058527
v -0.02184730 0.10983378 -0.00029405
v -0.03251188 0.10717732 0.00000000
v -0.03250769 0.10716349 0.00029405
v -0.03249515 0.10712216 0.00058527
v -0.03247439 0.10705370 0.00087085
v -0.03244559 0.10695879 0.00114805
v -0.03240905 0.10683833 0.00141419
v -0.03236512 0.10669350 0.00166671
v -0.03231421 0.10652567 0.00190318
v -0.03225682 0.10633647 0.00212132
v -0.03219349 0.10612773 0.00231903
v -0.03212485 0.10590144 0.00249441
v -0.03205155 0.10565979 0.00264576
v -0.03197429 0.10540511 0.00277164
v -0.03189383 0.10513985 0.00287082
v -0.03181093 0.10486657 0.00294236
v -0.03172639 0.10458789 0.00298555
v -0.03164103 0.10430650 0.00300000
v -0.03155567 0.10402511 0.00298555
v -0.03147113 0.10374643 0.00294236
v -0.03138823 0.10347314 0.00287082
v -0.03130777 0.10320788 0.00277164
v -0.03123051 0.10295320 0.00264576
v -0.03115721 0.10271155 0.00249441
v -0.03108857 0.10248527 0.00231903
v -0.03102524 0.10227652 0.00212132
v -0.03096785 0.10208732 0.00190318
v -0.03091694 0.10191950 0.00166671
v -0.03087301 0.10177466 0.00141419
v -0.03083647 0.10165420 0.00114805
v -0.03080767 0.10155929 0.00087085
v -0.03078691 0.10149084 0.00058527
v -0.03077437 0.10144950 0.00029405
v -0.03077018 0.10143568 0.00000000
v -0.03077437 0.10144950 -0.00029405
v -0.03078691 0.10149084 -0.00058527
v -0.03080767 0.10155929 -0.00087085
v -0.03083647 0.10165420 -0.00114805
v -0.03087301 0.10177466 -0.00141419
v -0.03091694 0.10191950 -0.00166671
v -0.03096785 0.10208732 -0.00190318
v -0.03102524 0.10227652 -0.00212132
v -0.03108857 0.10248527 -0.00231903
v -0.03115721 0.10271155 -0.00249441
v -0.03123051 0.10295320 -0.00264576
v -0.03130777 0.10320788 -0.00277164
v -0.03138823 0.10347314 -0.00287082
v -0.03147113 0.10374643 -0.00294236
v -0.03155567 0.10402511 -0.00298555
v -0.03164103 0.10430650 -0.00300000
v -0.03172639 0.10458789 -0.00298555
v -0.03181093 0.10486657 -0.00294236
v -0.03189383 0.10513985 -0.00287082
v -0.03197429 0.10540511 -0.00277164
v -0.03205155 0.10565979 -0.00264576
v -0.03212485 0.10590144 -0.00249441
v -0.03219349 0.10612773 -0.00231903
v -0.03225682 0.10633647 -0.00212132
v -0.03231421 0.10652567 -0.00190318
v -0.03236512 0.10669350 -0.00166671
v -0.03240905 0.10683833 -0.00141419
v -0.03244559 0.10695879 -0.00114805
v -0.03247439 0.10705370 -0.00087085
v -0.03249515 0.10712216 -0.00058527
v -0.03250769 0.10716349 -0.00029405
v -0.04286054 0.10347451 0.00000000
v -0.04285502 0.10346116 0.00029405
v -0.04283848 0.10342125 0.00058527
v -0.04281111 0.10335516 0.00087085
v -0.04277315 0.10326353 0.00114805
v -0.04272498 0.10314724 0.00141419
v -0.04266706 0.10300740 0.00166671
v -0.04259995 0.10284537 0.00190318
v -0.04252429 0.10266271 0.00212132
v -0.04244081 0.10246118 0.00231903
v -0.04235032 0.10224271 0.00249441
v -0.04225368 0.10200941 0.00264576
v -0.04215183 0.10176353 0.00277164
v -0.04204576 0.10150743 0.00287082
v -0.04193647 0.10124359 0.00294236
v -0.04182502 0.10097454 0.00298555
v -0.04171249 0.10070287 0.00300000
v -0.04159997 0.10043120 0.00298555
v -0.04148852 0.10016215 0.00294236
v -0.04137923 0.09989830 0.00287082
v -0.04127315 0.09964221 0.00277164
v -0.04117131 0.09939633 0.00264576
v -0.04107467 0.09916303 0.00249441
v -0.04098418 0.09894456 0.00231903
v -0.04090070 0.09874302 0.00212132
v -0.04082504 0.09856036 0.00190318
v -0.04075793 0.09839834 0.00166671
v -0.04070000 0.09825850 0.00141419
v -0.04065183 0.09814221 0.00114805
v -0.04061388 0.09805058 0.00087085
v -0.04058650 0.09798449 0.00058527
v -0.04056997 0.09794458 0.00029405
v -0.04056444 0.09793123 0.00000000
v -0.04056997 0.09794458 -0.00029405
v -0.04058650 0.09798449 -0.00058527
v -0.04061388 0.09805058 -0.00087085
v -0.04065183 0.09814221 -0.00114805
v -0.04070000 0.09825850 -0.00141419
v -0.04075793 0.09839834 -0.00166671
v -0.04082504 0.09856036 -0.00190318
v -0.04090070 0.09874302 -0.00212132
v -0.04098418 0.09894456 -0.00231903
v -0.04107467 0.09916303 -0.00249441
v -0.04117131 0.09939633 -0.00264576
v -0.04127315 0.09964221 -0.00277164
v -0.04137923 0.09989830 -0.00287082
v -0.04148852 0.10016215 -0.00294236
v -0.04159997 0.10043120 -0.00298555
v -0.04171249 0.10070287 -0.00300000
v -0.04182502 0.10097454 -0.00298555
v -0.04193647 0.10124359 -0.00294236
v -0.04204576 0.10150743 -0.00287082
v -0.04215183 0.10176353 -0.00277164
v -0.04225368 0.10200941 -0.00264576
v -0.04235032 0.10224271 -0.00249441
v -0.04244081 0.10246118 -0.00231903
v -0.04252429 0.10266271 -0.00212132
v -0.04259995 0.10284537 -0.00190318
v -0.04266706 0.10300740 -0.00166671
v -0.04272498 0.10314724 -0.00141419
v -0.04277315 0.10326353 -0.00114805
v -0.04281111 0.10335516 -0.00087085
v -0.04283848 0.10342125 -0.00058527
v -0.04285502 0.10346116 -0.00029405
v -0.05279643 0.09877518 0.00000000
v -0.05278962 0.09876244 0.00029405
v -0.05276926 0.09872434 0.00058527
v -0.05273554 0.09866126 0.00087085
v -0.05268879 0.09857378 0.00114805
v -0.05262945 0.09846277 0.00141419
v -0.05255810 0.09832929 0.00166671
v -0.05247543 0.09817462 0.00190318
v -0.05238223 0.09800026 0.00212132
v -0.05227940 0.09780787 0.00231903
v -0.05216793 0.09759933 0.00249441
v -0.05204889 0.09737662 0.00264576
v -0.05192343 0.09714191 0.00277164
v -0.05179276 0.09689744 0.00287082
v -0.05165814 0.09664558 0.00294236
v -0.05152086 0.09638875 0.00298555
v -0.05138224 0.09612942 0.00300000
v -0.05124363 0.09587009 0.00298555
v -0.05110635 0.09561325 0.00294236
v -0.05097173 0.09536139 0.00287082
v -0.05084106 0.09511693 0.00277164
v -0.05071560 0.09488221 0.00264576
v -0.05059656 0.09465951 0.00249441
v -0.05048509 0.09445096 0.00231903
v -0.05038226 0.09425858 0.00212132
v -0.05028906 0.09408421 0.00190318
v -0.05020639 0.09392955 0.00166671
v -0.05013504 0.09379606 0.00141419
v -0.05007570 0.09368505 0.00114805
v -0.05002895 0.09359758 0.00087085
v -0.04999523 0.09353449 0.00058527
v -0.04997486 0.09349639 0.00029405
v -0.04996805 0.09348365 0.00000000
v -0.04997486 0.09349639 -0.00029405
v -0.04999523 0.09353449 -0.00058527
v -0.05002895 0.09359758 -0.00087085
v -0.05007570 0.09368505 -0.00114805
v -0.05013504 0.09379606 -0.00141419
v -0.05020639 0.09392955 -0.00166671
v -0.05028906 0.09408421 -0.00190318
v -0.05038226 0.09425858 -0.00212132
v -0.05048509 0.09445096 -0.00231903
v -0.05059656 0.09465951 -0.00249441
v -0.05071560 0.09488221 -0.00264576
v -0.05084106 0.09511693 -0.00277164
v -0.05097173 0.09536139 -0.00287082
v -0.05110635 0.09561325 -0.00294236
v -0.05124363 0.09587009 -0.00298555
v -0.05138224 0.09612942 -0.00300000
v -0.05152086 0.09638875 -0.00298555
v -0.05165814 0.09664558 -0.00294236
v -0.05179276 0.09689744 -0.00287082
v -0.05192343 0.09714191 -0.00277164
v -0.05204889 0.09737662 -0.00264576
v -0.05216793 0.09759933 -0.00249441
v -0.05227940 0.09780787 -0.00231903
v -0.05238223 0.09800026 -0.00212132
v -0.05247543 0.09817462 -0.00190318
v -0.05255810 0.09832929 -0.00166671
v -0.05262945 0.09846277 -0.00141419
v -0.05268879 0.09857378 -0.00114805
v -0.05273554 0.09866126 -0.00087085
v -0.05276926 0.09872434 -0.00058527
v -0.05278962 0.09876244 -0.00029405
v -0.06222387 0.09312460 0.00000000
v -0.06221584 0.09311259 0.00029405
v -0.06219184 0.09307667 0.00058527
v -0.06215210 0.09301719 0.00087085
v -0.06209700 0.09293472 0.00114805
v -0.06202706 0.09283006 0.00141419
v -0.06194297 0.09270421 0.00166671
v -0.06184554 0.09255839 0.00190318
v -0.06173570 0.09239400 0.00212132
v -0.06161451 0.09221262 0.00231903
v -0.06148313 0.09201601 0.00249441
v -0.06134284 0.09180604 0.00264576
v -0.06119498 0.09158476 0.00277164
v -0.06104098 0.09135428 0.00287082
v -0.06088231 0.09111682 0.00294236
v -0.06072052 0.09087468 0.00298555
v -0.06055716 0.09063019 0.00300000
v -0.06039379 0.09038569 0.00298555
v -0.06023200 0.09014355 0.00294236
v -0.06007333 0.08990610 0.00287082
v -0.05991933 0.08967562 0.00277164
v -0.05977147 0.08945433 0.00264576
v -0.05963118 0.08924437 0.00249441
v -0.05949981 0.08904775 0.00231903
v -0.05937861 0.08886637 0.00212132
v -0.05926877 0.08870198 0.00190318
v -0.05917134 0.08855616 0.00166671
v -0.05908725 0.08843032 0.00141419
v -0.05901732 0.08832565 0.00114805
v -0.05896221 0.08824319 0.00087085
v -0.05892247 0.08818371 0.00058527
v -0.05889847 0.08814779 0.00029405
v -0.05889044 0.08813578 0.00000000
v -0.05889847 0.08814779 -0.00029405
v -0.05892247 0.08818371 -0.00058527
v -0.05896221 0.08824319 -0.00087085
v -0.05901732 0.08832565 -0.00114805
v -0.05908725 0.08843032 -0.00141419
v -0.05917134 0.08855616 -0.00166671
v -0.05926877 0.08870198 -0.00190318
v -0.05937861 0.08886637 -0.00212132
v -0.05949981 0.08904775 -0.00231903
v -0.05963118 0.08924437 -0.00249441
v -0.05977147 0.08945433 -0.00264576
v -0.05991933 0.08967562 -0.00277164
v -0.06007333 0.08990610 -0.00287082
v -0.06023200 0.09014355 -0.00294236
v -0.06039379 0.09038569 -0.00298555
v -0.06055716 0.09063019 -0.00300000
v -0.06072052 0.09087468 -0.00298555
v -0.06088231 0.09111682 -0.00294236
v -0.06104098 0.09135428 -0.00287082
v -0.06119498 0.09158476 -0.00277164
v -0.06134284 0.09180604 -0.00264576
v -0.06148313 0.09201601 -0.00249441
v -0.06161451 0.09221262 -0.00231903
v -0.06173570 0.09239400 -0.00212132
v -0.06184554 0.09255839 -0.00190318
v -0.06194297 0.09270421 -0.00166671
v -0.06202706 0.09283006 -0.00141419
v -0.06209700 0.09293472 -0.00114805
v -0.06215210 0.09301719 -0.00087085
v -0.06219184 0.09307667 -0.00058527
v -0.06221584 0.09311259 -0.00029405
v -0.07105205 0.08657717 0.00000000
v -0.07104288 0.08656600 0.00029405
v -0.07101548 0.08653261 0.00058527
v -0.07097010 0.08647731 0.00087085
v -0.07090718 0.08640065 0.00114805
v -0.07082732 0.08630334 0.00141419
v -0.07073130 0.08618634 0.00166671
v -0.07062005 0.08605077 0.00190318
v -0.07049462 0.08589794 0.00212132
v -0.07035623 0.08572932 0.00231903
v -0.07020622 0.08554652 0.00249441
v -0.07004602 0.08535132 0.00264576
v -0.06987718 0.08514559 0.00277164
v -0.06970133 0.08493132 0.00287082
v -0.06952016 0.08471056 0.00294236
v -0.06933541 0.08448544 0.00298555
v -0.06914887 0.08425814 0.00300000
v -0.06896232 0.08403083 0.00298555
v -0.06877758 0.08380572 0.00294236
v -0.06859640 0.08358496 0.00287082
v -0.06842055 0.08337068 0.00277164
v -0.06825172 0.08316496 0.00264576
v -0.06809152 0.08296975 0.00249441
v -0.06794150 0.08278696 0.00231903
v -0.06780312 0.08261834 0.00212132
v -0.06767769 0.08246550 0.00190318
v -0.06756643 0.08232994 0.00166671
v -0.06747041 0.08221294 0.00141419
v -0.06739056 0.08211563 0.00114805
v -0.06732764 0.08203896 0.00087085
v -0.06728226 0.08198367 0.00058527
v -0.06725485 0.08195027 0.00029405
v -0.06724569 0.08193911 0.00000000
v -0.06725485 0.08195027 -0.00029405
v -0.06728226 0.08198367 -0.00058527
v -0.06732764 0.08203896 -0.00087085
v -0.06739056 0.08211563 -0.00114805
v -0.06747041 0.08221294 -0.00141419
v -0.06756643 0.08232994 -0.00166671
v -0.06767769 0.08246550 -0.00190318
v -0.06780312 0.08261834 -0.00212132
v -0.06794150 0.08278696 -0.00231903
v -0.06809152 0.08296975 -0.00249441
v -0.06825172 0.08316496 -0.00264576
v -0.06842055 0.08337068 -0.00277164
v -0.06859640 0.08358496 -0.00287082
v -0.06877758 0.08380572 -0.00294236
v -0.06896232 0.08403083 -0.00298555
v -0.06914887 0.08425814 -0.00300000
v -0.06933541 0.08448544 -0.00298555
v -0.06952016 0.08471056 -0.00294236
v -0.06970133 0.08493132 -0.00287082
v -0.06987718 0.08514559 -0.00277164
v -0.07004602 0.08535132 -0.00264576
v -0.07020622 0.08554652 -0.00249441
v -0.07035623 0.08572932 -0.00231903
v -0.07049462 0.08589794 -0.00212132
v -0.07062005 0.08605077 -0.00190318
v -0.07073130 0.08618634 -0.00166671
v -0.07082732 0.08630334 -0.00141419
v -0.07090718 0.08640065 -0.00114805
v -0.07097010 0.08647731 -0.00087085
v -0.07101548 0.08653261 -0.00058527
v -0.07104288 0.08656600 -0.00029405
v -0.07919596 0.07919596 0.00000000
v -0.07918574 0.07918574 0.00029405
v -0.07915520 0.07915520 0.00058527
v -0.07910462 0.07910462 0.00087085
v -0.07903448 0.07903448 0.00114805
v -0.07894548 0.07894548 0.00141419
v -0.07883845 0.07883845 0.00166671
v -0.07871444 0.07871444 0.00190318
v -0.07857464 0.07857464 0.00212132
v -0.07842039 0.07842039 0.00231903
v -0.07825318 0.07825318 0.00249441
v -0.07807462 0.07807462 0.00264576
v -0.07788643 0.07788643 0.00277164
v -0.07769043 0.07769043 0.00287082
v -0.07748849 0.07748849 0.00294236
v -0.07728256 0.07728256 0.00298555
v -0.07707464 0.07707464 0.00300000
v -0.07686671 0.07686671 0.00298555
v -0.07666079 0.07666079 0.00294236
v -0.07645885 0.07645885 0.00287082
v -0.07626284 0.07626284 0.00277164
v -0.07607466 0.07607466 0.00264576
v -0.07589610 0.07589610 0.00249441
v -0.07572889 0.07572889 0.00231903
v -0.07557464 0.07557464 0.00212132
v -0.07543484 0.07543484 0.00190318
v -0.07531083 0.07531083 0.00166671
v -0.07520380 0.07520380 0.00141419
v -0.07511479 0.07511479 0.00114805
v -0.07504466 0.07504466 0.00087085
v -0.07499408 0.07499408 0.00058527
v -0.07496353 0.07496353 0.00029405
v -0.07495332 0.07495332 0.00000000
v -0.07496353 0.07496353 -0.00029405
v -0.07499408 0.07499408 -0.00058527
v -0.07504466 0.07504466 -0.00087085
v -0.07511479 0.07511479 -0.00114805
v -0.07520380 0.07520380 -0.00141419
v -0.07531083 0.07531083 -0.00166671
v -0.07543484 0.07543484 -0.00190318
v -0.07557464 0.07557464 -0.00212132
v -0.07572889 0.07572889 -0.00231903
v -0.07589610 0.07589610 -0.00249441
v -0.07607466 0.07607466 -0.00264576
v -0.07626284 0.07626284 -0.00277164
v -0.07645885 0.07645885 -0.00287082
v -0.07666079 0.07666079 -0.00294236
v -0.07686671 0.07686671 -0.00298555
v -0.07707464 0.07707464 -0.00300000
v -0.07728256 0.07728256 -0.00298555
v -0.07748849 0.07748849 -0.00294236
v -0.07769043 0.07769043 -0.00287082
v -0.07788643 0.07788643 -0.00277164
v -0.07807462 0.07807462 -0.00264576
v -0.07825318 0.07825318 -0.00249441
v -0.07842039 0.07842039 -0.00231903
v -0.07857464 0.07857464 -0.00212132
v -0.07871444 0.07871444 -0.00190318
v -0.07883845 0.07883845 -0.00166671
v -0.07894548 0.07894548 -0.00141419
v -0.07903448 0.07903448 -0.00114805
v -0.07910462 0.07910462 -0.00087085
v -0.07915520 0.07915520 -0.00058527
v -0.07918574 0.07918574 -0.00029405
v -0.08657717 0.07105205 0.00000000
v -0.08656600 0.07104288 0.00029405
v -0.08653261 0.07101548 0.00058527
v -0.08647731 0.07097010 0.00087085
v -0.08640065 0.07090718 0.00114805
v -0.08630334 0.07082732 0.00141419
v -0.08618634 0.07073130 0.00166671
v -0.08605077 0.07062005 0.00190318
v -0.08589794 0.07049462 0.00212132
v -0.08572932 0.07035623 0.00231903
v -0.08554652 0.07020622 0.00249441
v -0.08535132 0.07004602 0.00264576
v -0.08514559 0.06987718 0.00277164
v -0.08493132 0.06970133 0.00287082
v -0.08471056 0.06952016 0.00294236
v -0.08448544 0.06933541 0.00298555
v -0.08425814 0.06914887 0.00300000
v -0.08403083 0.06896232 0.00298555
v -0.08380572 0.06877758 0.00294236
v -0.08358496 0.06859640 0.00287082
v -0.08337068 0.06842055 0.00277164
v -0.08316496 0.06825172 0.00264576
v -0.08296975 0.06809152 0.00249441
v -0.08278696 0.06794150 0.00231903
v -0.08261834 0.06780312 0.00212132
v -0.08246550 0.06767769 0.00190318
v -0.08232994 0.06756643 0.00166671
v -0.08221294 0.06747041 0.00141419
v -0.08211563 0.06739056 0.00114805
v -0.08203896 0.06732764 0.00087085
v -0.08198367 0.06728226 0.00058527
v -0.08195027 0.06725485 0.00029405
v -0.08193911 0.06724569 0.00000000
v -0.08195027 0.06725485 -0.00029405
v -0.08198367 0.06728226 -0.00058527
v -0.08203896 0.06732764 -0.00087085
v -0.08211563 0.06739056 -0.00114805
v -0.08221294 0.06747041 -0.00141419
v -0.08232994 0.06756643 -0.00166671
v -0.08246550 0.06767769 -0.00190318
v -0.08261834 0.06780312 -0.00212132
v -0.08278696 0.06794150 -0.00231903
v -0.08296975 0.06809152 -0.00249441
v -0.08316496 0.06825172 -0.00264576
v -0.08337068 0.06842055 -0.00277164
v -0.08358496 0.06859640 -0.00287082
v -0.08380572 0.06877758 -0.00294236
v -0.08403083 0.06896232 -0.00298555
v -0.08425814 0.06914887 -0.00300000
v -0.08448544 0.06933541 -0.00298555
v -0.08471056 0.06952016 -0.00294236
v -0.08493132 0.06970133 -0.00287082
v -0.08514559 0.06987718 -0.00277164
v -0.08535132 0.07004602 -0.00264576
v -0.08554652 0.07020622 -0.00249441
v -0.08572932 0.07035623 -0.00231903
v -0.08589794 0.07049462 -0.00212132
v -0.08605077 0.07062005 -0.00190318
v -0.08618634 0.07073130 -0.00166671
v -0.08630334 0.07082732 -0.00141419
v -0.08640065 0.07090718 -0.00114805
v -0.08647731 0.07097010 -0.00087085
v -0.08653261 0.07101548 -0.00058527
v -0.08656600 0.07104288 -0.00029405
v -0.09312460 0.06222387 0.00000000
v -0.09311259 0.06221584 0.00029405
v -0.09307667 0.06219184 0.00058527
v -0.09301719 0.06215210 0.00087085
v -0.09293472 0.06209700 0.00114805
v -0.09283006 0.06202706 0.00141419
v -0.09270421 0.06194297 0.00166671
v -0.09255839 0.06184554 0.00190318
v -0.09239400 0.06173570 0.00212132
v -0.09221262 0.06161451 0.00231903
v -0.09201601 0.06148313 0.00249441
v -0.09180604 0.06134284 0.00264576
v -0.09158476 0.06119498 0.00277164
v -0.09135428 0.06104098 0.00287082
v -0.09111682 0.06088231 0.00294236
v -0.09087468 0.06072052 0.00298555
v -0.09063019 0.06055716 0.00300000
v -0.09038569 0.06039379 0.00298555
v -0.09014355 0.06023200 0.00294236
v -0.08990610 0.06007333 0.00287082
v -0.08967562 0.05991933 0.00277164
v -0.08945433 0.05977147 0.00264576
v -0.08924437 0.05963118 0.00249441
v -0.08904775 0.05949981 0.00231903
v -0.08886637 0.05937861 0.00212132
v -0.08870198 0.05926877 0.00190318
v -0.08855616 0.05917134 0.00166671
v -0.08843032 0.05908725 0.00141419
v -0.08832565 0.05901732 0.00114805
v -0.08824319 0.05896221 0.00087085
v -0.08818371 0.05892247 0.00058527
v -0.08814779 0.05889847 0.00029405
v -0.08813578 0.05889044 0.00000000
v -0.08814779 0.05889847 -0.00029405
v -0.08818371 0.05892247 -0.00058527
v -0.08824319 0.05896221 -0.00087085
v -0.08832565 0.05901732 -0.00114805
v -0.08843032 0.05908725 -0.00141419
v -0.08855616 0.05917134 -0.00166671
v -0.08870198 0.05926877 -0.00190318
v -0.08886637 0.05937861 -0.00212132
v -0.08904775 0.05949981 -0.00231903
v -0.08924437 0.05963118 -0.00249441
v -0.08945433 0.05977147 -0.00264576
v -0.08967562 0.05991933 -0.00277164
v -0.08990610 0.06007333 -0.00287082
v -0.09014355 0.06023200 -0.00294236
v -0.09038569 0.06039379 -0.00298555
v -0.09063019 0.06055716 -0.00300000
v -0.09087468 0.06072052 -0.00298555
v -0.09111682 0.06088231 -0.00294236
v -0.09135428 0.06104098 -0.00287082
v -0.09158476 0.06119498 -0.00277164
v -0.09180604 0.06134284 -0.00264576
v -0.09201601 0.06148313 -0.00249441
v -0.09221262 0.06161451 -0.00231903
v -0.09239400 0.06173570 -0.00212132
v -0.09255839 0.06184554 -0.00190318
v -0.09270421 0.06194297 -0.00166671
v -0.09283006 0.06202706 -0.00141419
v -0.09293472 0.06209700 -0.00114805
v -0.09301719 0.06215210 -0.00087085
v -0.09307667 0.06219184 -0.00058527
v -0.09311259 0.06221584 -0.00029405
v -0.09877518 0.05279643 0.00000000
v -0.09876244 0.05278962 0.00029405
v -0.09872434 0.05276926 0.00058527
v -0.09866126 0.05273554 0.00087085
v -0.09857378 0.05268879 0.00114805
v -0.09846277 0.05262945 0.00141419
v -0.09832929 0.05255810 0.00166671
v -0.09817462 0.05247543 0.00190318
v -0.09800026 0.05238223 0.00212132
v -0.09780787 0.05227940 0.00231903
v -0.09759933 0.05216793 0.00249441
v -0.09737662 0.05204889 0.00264576
v -0.09714191 0.05192343 0.00277164
v -0.09689744 0.05179276 0.00287082
v -0.09664558 0.05165814 0.00294236
v -0.09638875 0.05152086 0.00298555
v -0.09612942 0.05138224 0.00300000
v -0.09587009 0.05124363 0.00298555
v -0.09561325 0.05110635 0.00294236
v -0.09536139 0.05097173 0.00287082
v -0.09511693 0.05084106 0.00277164
v -0.09488221 0.05071560 0.00264576
v -0.09465951 0.05059656 0.00249441
v -0.09445096 0.05048509 0.00231903
v -0.09425858 0.05038226 0.00212132
v -0.09408421 0.05028906 0.00190318
v -0.09392955 0.05020639 0.00166671
v -0.09379606 0.05013504 0.00141419
v -0.09368505 0.05007570 0.00114805
v -0.09359758 0.05002895 0.00087085
v -0.09353449 0.04999523 0.00058527
v -0.09349639 0.04997486 0.00029405
v -0.09348365 0.04996805 0.00000000
v -0.09349639 0.04997486 -0.00029405
v -0.09353449 0.04999523 -0.00058527
v -0.09359758 0.05002895 -0.00087085
v -0.09368505 0.05007570 -0.00114805
v -0.09379606 0.05013504 -0.00141419
v -0.09392955 0.05020639 -0.00166671
v -0.09408421 0.05028906 -0.00190318
v -0.09425858 0.05038226 -0.00212132
v -0.09445096 0.05048509 -0.00231903
v -0.09465951 0.05059656 -0.00249441
v -0.09488221 0.05071560 -0.00264576
v -0.09511693 0.05084106 -0.00277164
v -0.09536139 0.05097173 -0.00287082
v -0.09561325 0.05110635 -0.00294236
v -0.09587009 0.05124363 -0.00298555
v -0.09612942 0.05138224 -0.00300000
v -0.09638875 0.05152086 -0.00298555
v -0.09664558 0.05165814 -0.00294236
v -0.09689744 0.05179276 -0.00287082
v -0.09714191 0.05192343 -0.00277164
v -0.09737662 0.05204889 -0.00264576
v -0.09759933 0.05216793 -0.00249441
v -0.09780787 0.05227940 -0.00231903
v -0.09800026 0.05238223 -0.00212132
v -0.09817462 0.05247543 -0.00190318
v -0.09832929 0.05255810 -0.00166671
v -0.09846277 0.05262945 -0.00141419
v -0.09857378 0.05268879 -0.00114805
v -0.09866126 0.05273554 -0.00087085
v -0.09872434 0.05276926 -0.00058527
v -0.09876244 0.05278962 -0.00029405
v -0.10347451 0.04286054 0.00000000
v -0.10346116 0.04285502 0.00029405
v -0.10342125 0.04283848 0.00058527
v -0.10335516 0.04281111 0.00087085
v -0.10326353 0.04277315 0.00114805
v -0.10314724 0.04272498 0.00141419
v -0.10300740 0.04266706 0.00166671
v -0.10284537 0.04259995 0.00190318
v -0.10266271 0.04252429 0.00212132
v -0.10246118 0.04244081 0.00231903
v -0.10224271 0.04235032 0.00249441
v -0.10200941 0.04225368 0.00264576
v -0.10176353 0.04215183 0.00277164
v -0.10150743 0.04204576 0.00287082
v -0.10124359 0.04193647 0.00294236
v -0.10097454 0.04182502 0.00298555
v -0.10070287 0.04171249 0.00300000
v -0.10043120 0.04159997 0.00298555
v -0.10016215 0.04148852 0.00294236
v -0.09989830 0.04137923 0.00287082
v -0.09964221 0.04127315 0.00277164
v -0.09939633 0.04117131 0.00264576
v -0.09916303 0.04107467 0.00249441
v -0.09894456 0.04098418 0.00231903
v -0.09874302 0.04090070 0.00212132
v -0.09856036 0.04082504 0.00190318
v -0.09839834 0.04075793 0.00166671
v -0.09825850 0.04070000 0.00141419
v -0.09814221 0.04065183 0.00114805
v -0.09805058 0.04061388 0.00087085
v -0.09798449 0.04058650 0.00058527
v -0.09794458 0.04056997 0.00029405
v -0.09793123 0.04056444 0.00000000
v -0.09794458 0.04056997 -0.00029405
v -0.09798449 0.04058650 -0.00058527
v -0.09805058 0.04061388 -0.00087085
v -0.09814221 0.04065183 -0.00114805
v -0.09825850 0.04070000 -0.00141419
v -0.09839834 0.04075793 -0.00166671
v -0.09856036 0.04082504 -0.00190318
v -0.09874302 0.04090070 -0.00212132
v -0.09894456 0.04098418 -0.00231903
v -0.09916303 0.04107467 -0.00249441
v -0.09939633 0.04117131 -0.00264576
v -0.09964221 0.04127315 -0.00277164
v -0.09989830 0.04137923 -0.00287082
v -0.10016215 0.04148852 -0.00294236
v -0.10043120 0.04159997 -0.00298555
v -0.10070287 0.04171249 -0.00300000
v -0.10097454 0.04182502 -0.00298555
v -0.10124359 0.04193647 -0.00294236
v -0.10150743 0.04204576 -0.00287082
v -0.10176353 0.04215183 -0.00277164
v -0.10200941 0.04225368 -0.00264576
v -0.10224271 0.04235032 -0.00249441
v -0.10246118 0.04244081 -0.00231903
v -0.10266271 0.04252429 -0.00212132
v -0.10284537 0.04259995 -0.00190318
v -0.10300740 0.04266706 -0.00166671
v -0.10314724 0.04272498 -0.00141419
v -0.10326353 0.04277315 -0.00114805
v -0.10335516 0.04281111 -0.00087085
v -0.10342125 0.04283848 -0.00058527
v -0.10346116 0.04285502 -0.00029405
v -0.10717732 0.03251188 0.00000000
v -0.10716349 0.03250769 0.00029405
v -0.10712216 0.03249515 0.00058527
v -0.10705370 0.03247439 0.00087085
v -0.10695879 0.03244559 0.00114805
v -0.10683833 0.03240905 0.00141419
v -0.10669350 0.03236512 0.00166671
v -0.10652567 0.03231421 0.00190318
v -0.10633647 0.03225682 0.00212132
v -0.10612773 0.03219349 0.00231903
v -0.10590144 0.03212485 0.00249441
v -0.10565979 0.03205155 0.00264576
v -0.10540511 0.03197429 0.00277164
v -0.10513985 0.03189383 0.00287082
v -0.10486657 0.03181093 0.00294236
v -0.10458789 0.03172639 0.00298555
v -0.10430650 0.03164103 0.00300000
v -0.10402511 0.03155567 0.00298555
v -0.10374643 0.03147113 0.00294236
v -0.10347314 0.03138823 0.00287082
v -0.10320788 0.03130777 0.00277164
v -0.10295320 0.03123051 0.00264576
v -0.10271155 0.03115721 0.00249441
v -0.10248527 0.03108857 0.00231903
v -0.10227652 0.03102524 0.00212132
v -0.10208732 0.03096785 0.00190318
v -0.10191950 0.03091694 0.00166671
v -0.10177466 0.03087301 0.00141419
v -0.10165420 0.03083647 0.00114805
v -0.10155929 0.03080767 0.00087085
v -0.10149084 0.03078691 0.00058527
v -0.10144950 0.03077437 0.00029405
v -0.10143568 0.03077018 0.00000000
v -0.10144950 0.03077437 -0.00029405
v -0.10149084 0.03078691 -0.00058527
v -0.10155929 0.03080767 -0.00087085
v -0.10165420 0.03083647 -0.00114805
v -0.10177466 0.03087301 -0.00141419
v -0.10191950 0.03091694 -0.00166671
v -0.10208732 0.03096785 -0.00190318
v -0.10227652 0.03102524 -0.00212132
v -0.10248527 0.03108857 -0.00231903
v -0.10271155 0.03115721 -0.00249441
v -0.10295320 0.03123051 -0.00264576
v -0.10320788 0.03130777 -0.00277164
v -0.10347314 0.03138823 -0.00287082
v -0.10374643 0.03147113 -0.00294236
v -0.10402511 0.03155567 -0.00298555
v -0.10430650 0.03164103 -0.00300000
v -0.10458789 0.03172639 -0.00298555
v -0.10486657 0.03181093 -0.00294236
v -0.10513985 0.03189383 -0.00287082
v -0.10540511 0.03197429 -0.00277164
v -0.10565979 0.03205155 -0.00264576
v -0.10590144 0.03212485 -0.00249441
v -0.10612773 0.03219349 -0.00231903
v -0.10633647 0.03225682 -0.00212132
v -0.10652567 0.03231421 -0.00190318
v -0.10669350 0.03236512 -0.00166671
v -0.10683833 0.03240905 -0.00141419
v -0.10695879 0.03244559 -0.00114805
v -0.10705370 0.03247439 -0.00087085
v -0.10712216 0.03249515 -0.00058527
v -0.10716349 0.03250769 -0.00029405
v -0.10984795 0.02185012 0.00000000
v -0.10983378 0.02184730 0.00029405
v -0.10979141 0.02183887 0.00058527
v -0.10972125 0.02182491 0.00087085
v -0.10962398 0.02180556 0.00114805
v -0.10950052 0.02178101 0.00141419
v -0.10935208 0.02175148 0.00166671
v -0.10918007 0.02171727 0.00190318
v -0.10898616 0.02167869 0.00212132
v -0.10877221 0.02163614 0.00231903
v -0.10854028 0.02159000 0.00249441
v -0.10829261 0.02154074 0.00264576
v -0.10803159 0.02148882 0.00277164
v -0.10775972 0.02143474 0.00287082
v -0.10747962 0.02137903 0.00294236
v -0.10719400 0.02132221 0.00298555
v -0.10690560 0.02126485 0.00300000
v -0.10661719 0.02120748 0.00298555
v -0.10633157 0.02115066 0.00294236
v -0.10605147 0.02109495 0.00287082
v -0.10577960 0.02104087 0.00277164
v -0.10551858 0.02098895 0.00264576
v -0.10527091 0.02093969 0.00249441
v -0.10503898 0.02089355 0.00231903
v -0.10482504 0.02085100 0.00212132
v -0.10463112 0.02081242 0.00190318
v -0.10445912 0.02077821 0.00166671
v -0.10431067 0.02074868 0.00141419
v -0.10418721 0.02072413 0.00114805
v -0.10408994 0.02070478 0.00087085
v -0.10401978 0.02069082 0.00058527
v -0.10397741 0.02068239 0.00029405
v -0.10396324 0.02067957 0.00000000
v -0.10397741 0.02068239 -0.00029405
v -0.10401978 0.02069082 -0.00058527
v -0.10408994 0.02070478 -0.00087085
v -0.10418721 0.02072413 -0.00114805
v -0.10431067 0.02074868 -0.00141419
v -0.10445912 0.02077821 -0.00166671
v -0.10463112 0.02081242 -0.00190318
v -0.10482504 0.02085100 -0.00212132
v -0.10503898 0.02089355 -0.00231903
v -0.10527091 0.02093969 -0.00249441
v -0.10551858 0.02098895 -0.00264576
v -0.10577960 0.02104087 -0.00277164
v -0.10605147 0.02109495 -0.00287082
v -0.10633157 0.02115066 -0.00294236
v -0.10661719 0.02120748 -0.00298555
v -0.10690560 0.02126485 -0.00300000
v -0.10719400 0.02132221 -0.00298555
v -0.10747962 0.02137903 -0.00294236
v -0.10775972 0.02143474 -0.00287082
v -0.10803159 0.02148882 -0.00277164
v -0.10829261 0.02154074 -0.00264576
v -0.10854028 0.02159000 -0.00249441
v -0.10877221 0.02163614 -0.00231903
v -0.10898616 0.02167869 -0.00212132
v -0.10918007 0.02171727 -0.00190318
v -0.10935208 0.02175148 -0.00166671
v -0.10950052 0.02178101 -0.00141419
v -0.10962398 0.02180556 -0.00114805
v -0.10972125 0.02182491 -0.00087085
v -0.10979141 0.02183887 -0.00058527
v -0.10983378 0.02184730 -0.00029405
v -0.11146069 0.01097792 0.00000000
v -0.11144631 0.01097650 0.00029405
v -0.11140332 0.01097227 0.00058527
v -0.11133213 0.01096526 0.00087085
v -0.11123343 0.01095554 0.00114805
v -0.11110816 0.01094320 0.00141419
v -0.11095753 0.01092836 0.00166671
v -0.11078300 0.01091117 0.00190318
v -0.11058624 0.01089179 0.00212132
v -0.11036915 0.01087041 0.00231903
v -0.11013382 0.01084723 0.00249441
v -0.10988252 0.01082248 0.00264576
v -0.10961766 0.01079640 0.00277164
v -0.10934180 0.01076923 0.00287082
v -0.10905759 0.01074123 0.00294236
v -0.10876777 0.01071269 0.00298555
v -0.10847514 0.01068387 0.00300000
v -0.10818250 0.01065505 0.00298555
v -0.10789268 0.01062650 0.00294236
v -0.10760847 0.01059851 0.00287082
v -0.10733261 0.01057134 0.00277164
v -0.10706775 0.01054525 0.00264576
v -0.10681645 0.01052050 0.00249441
v -0.10658112 0.01049732 0.00231903
v -0.10636403 0.01047594 0.00212132
v -0.10616727 0.01045656 0.00190318
v -0.10599274 0.01043937 0.00166671
v -0.10584211 0.01042454 0.00141419
v -0.10571684 0.01041220 0.00114805
v -0.10561814 0.01040248 0.00087085
v -0.10554695 0.01039547 0.00058527
v -0.10550396 0.01039123 0.00029405
v -0.10548958 0.01038982 0.00000000
v -0.10550396 0.01039123 -0.00029405
v -0.10554695 0.01039547 -0.00058527
v -0.10561814 0.01040248 -0.00087085
v -0.10571684 0.01041220 -0.00114805
v -0.10584211 0.01042454 -0.00141419
v -0.10599274 0.01043937 -0.00166671
v -0.10616727 0.01045656 -0.00190318
v -0.10636403 0.01047594 -0.00212132
v -0.10658112 0.01049732 -0.00231903
v -0.10681645 0.01052050 -0.00249441
v -0.10706775 0.01054525 -0.00264576
v -0.10733261 0.01057134 -0.00277164
v -0.10760847 0.01059851 -0.00287082
v -0.10789268 0.01062650 -0.00294236
v -0.10818250 0.01065505 -0.00298555
v -0.10847514 0.01068387 -0.00300000
v -0.10876777 0.01071269 -0.00298555
v -0.10905759 0.01074123 -0.00294236
v -0.10934180 0.01076923 -0.00287082
v -0.10961766 0.01079640 -0.00277164
v -0.10988252 0.01082248 -0.00264576
v -0.11013382 0.01084723 -0.00249441
v -0.11036915 0.01087041 -0.00231903
v -0.11058624 0.01089179 -0.00212132
v -0.11078300 0.01091117 -0.00190318
v -0.11095753 0.01092836 -0.00166671
v -0.11110816 0.01094320 -0.00141419
v -0.11123343 0.01095554 -0.00114805
v -0.11133213 0.01096526 -0.00087085
v -0.11140332 0.01097227 -0.00058527
v -0.11144631 0.01097650 -0.00029405
v -0.11200000 0.00000000 0.00000000
v -0.11198555 0.00000000 0.00029405
v -0.11194236 0.00000000 0.00058527
v -0.11187082 0.00000000 0.00087085
v -0.11177164 0.00000000 0.00114805
v -0.11164576 0.00000000 0.00141419
v -0.11149441 0.00000000 0.00166671
v -0.11131903 0.00000000 0.00190318
v -0.11112132 0.00000000 0.00212132
v -0.11090318 0.00000000 0.00231903
v -0.11066671 0.00000000 0.00249441
v -0.11041419 0.00000000 0.00264576
v -0.11014805 0.00000000 0.00277164
v -0.10987085 0.00000000 0.00287082
v -0.10958527 0.00000000 0.00294236
v -0.10929405 0.00000000 0.00298555
v -0.10900000 0.00000000 0.00300000
v -0.10870595 0.00000000 0.00298555
v -0.10841473 0.00000000 0.00294236
v -0.10812915 0.00000000 0.00287082
v -0.10785195 0.00000000 0.00277164
v -0.10758581 0.00000000 0.00264576
v -0.10733329 0.00000000 0.00249441
v -0.10709682 0.00000000 0.00231903
v -0.10687868 0.00000000 0.00212132
v -0.10668097 0.00000000 0.00190318
v -0.10650559 0.00000000 0.00166671
v -0.10635424 0.00000000 0.00141419
v -0.10622836 0.00000000 0.00114805
v -0.10612918 0.00000000 0.00087085
v -0.10605764 0.00000000 0.00058527
v -0.10601445 0.00000000 0.00029405
v -0.10600000 0.00000000 0.00000000
v -0.10601445 0.00000000 -0.00029405
v -0.10605764 0.00000000 -0.00058527
v -0.10612918 0.00000000 -0.00087085
v -0.10622836 0.00000000 -0.00114805
v -0.10635424 0.00000000 -0.00141419
v -0.10650559 0.00000000 -0.00166671
v -0.10668097 0.00000000 -0.00190318
v -0.10687868 0.00000000 -0.00212132
v -0.10709682 0.00000000 -0.00231903
v -0.10733329 0.00000000 -0.00249441
v -0.10758581 0.00000000 -0.00264576
v -0.10785195 0.00000000 -0.00277164
v -0.10812915 0.00000000 -0.00287082
v -0.10841473 0.00000000 -0.00294236
v -0.10870595 0.00000000 -0.00298555
v -0.10900000 0.00000000 -0.00300000
v -0.10929405 0.00000000 -0.00298555
v -0.10958527 0.00000000 -0.00294236
v -0.10987085 0.00000000 -0.00287082
v -0.11014805 0.00000000 -0.00277164
v -0.11041419 0.00000000 -0.00264576
v -0.11066671 0.00000000 -0.00249441
v -0.11090318 0.00000000 -0.00231903
v -0.11112132 0.00000000 -0.00212132
v -0.11131903 0.00000000 -0.00190318
v -0.11149441 0.00000000 -0.00166671
v -0.11164576 0.00000000 -0.00141419
v -0.11177164 0.00000000 -0.00114805
v -0.11187082 0.00000000 -0.00087085
v -0.11194236 0.00000000 -0.00058527
v -0.11198555 0.00000000 -0.00029405
v -0.11146069 -0.01097792 0.00000000
v -0.11144631 -0.01097650 0.00029405
v -0.11140332 -0.01097227 0.00058527
v -0.11133213 -0.01096526 0.00087085
v -0.11123343 -0.01095554 0.00114805
v -0.11110816 -0.01094320 0.00141419
v -0.11095753 -0.01092836 0.00166671
v -0.11078300 -0.01091117 0.00190318
v -0.11058624 -0.01089179 0.00212132
v -0.11036915 -0.01087041 0.00231903
v -0.11013382 -0.01084723 0.00249441
v -0.10988252 -0.01082248 0.00264576
v -0.10961766 -0.01079640 0.00277164
v -0.10934180 -0.01076923 0.00287082
v -0.10905759 -0.01074123 0.00294236
v -0.10876777 -0.01071269 0.00298555
v -0.10847514 -0.01068387 0.00300000
v -0.10818250 -0.01065505 0.00298555
v -0.10789268 -0.01062650 0.00294236
v -0.10760847 -0.01059851 0.00287082
v -0.10733261 -0.01057134 0.00277164
v -0.10706775 -0.01054525 0.00264576
v -0.10681645 -0.01052050 0.00249441
v -0.10658112 -0.01049732 0.00231903
v -0.10636403 -0.01047594 0.00212132
v -0.10616727 -0.01045656 0.00190318
v -0.10599274 -0.01043937 0.00166671
v -0.10584211 -0.01042454 0.00141419
v -0.10571684 -0.01041220 0.00114805
v -0.10561814 -0.01040248 0.00087085
v -0.10554695 -0.01039547 0.00058527
v -0.10550396 -0.01039123 0.00029405
v -0.10548958 -0.01038982 0.00000000
v -0.10550396 -0.01039123 -0.00029405
v -0.10554695 -0.01039547 -0.00058527
v -0.10561814 -0.01040248 -0.00087085
v -0.10571684 -0.01041220 -0.00114805
v -0.10584211 -0.01042454 -0.00141419
v -0.10599274 -0.01043937 -0.00166671
v -0.10616727 -0.01045656 -0.00190318
v -0.10636403 -0.01047594 -0.00212132
v -0.10658112 -0.01049732 -0.00231903
v -0.10681645 -0.01052050 -0.00249441
v -0.10706775 -0.01054525 -0.00264576
v -0.10733261 -0.01057134 -0.00277164
v -0.10760847 -0.01059851 -0.00287082
v -0.10789268 -0.01062650 -0.00294236
v -0.10818250 -0.01065505 -0.00298555
v -0.10847514 -0.01068387 -0.00300000
v -0.10876777 -0.01071269 -0.00298555
v -0.10905759 -0.01074123 -0.00294236
v -0.10934180 -0.01076923 -0.00287082
v -0.10961766 -0.01079640 -0.00277164
v -0.10988252 -0.01082248 -0.00264576
v -0.11013382 -0.01084723 -0.00249441
v -0.11036915 -0.01087041 -0.00231903
v -0.11058624 -0.01089179 -0.00212132
v -0.11078300 -0.01091117 -0.00190318
v -0.11095753 -0.01092836 -0.00166671
v -0.11110816 -0.01094320 -0.00141419
v -0.11123343 -0.01095554 -0.00114805
v -0.11133213 -0.01096526 -0.00087085
v -0.11140332 -0.01097227 -0.00058527
v -0.11144631 -0.01097650 -0.00029405
v -0.10984795 -0.02185012 0.00000000
v -0.10983378 -0.02184730 0.00029405
v -0.10979141 -0.02183887 0.00058527
v -0.10972125 -0.02182491 0.00087085
v -0.10962398 -0.02180556 0.00114805
v -0.10950052 -0.02178101 0.00141419
v -0.10935208 -0.02175148 0.00166671
v -0.10918007 -0.02171727 0.00190318
v -0.10898616 -0.02167869 0.00212132
v -0.10877221 -0.02163614 0.00231903
v -0.10854028 -0.02159000 0.00249441
v -0.10829261 -0.02154074 0.00264576
v -0.10803159 -0.02148882 0.00277164
v -0.10775972 -0.02143474 0.00287082
v -0.10747962 -0.02137903 0.00294236
v -0.10719400 -0.02132221 0.00298555
v -0.10690560 -0.02126485 0.00300000
v -0.10661719 -0.02120748 0.00298555
v -0.10633157 -0.02115066 0.00294236
v -0.10605147 -0.02109495 0.00287082
v -0.10577960 -0.02104087 0.00277164
v -0.10551858 -0.02098895 0.00264576
v -0.10527091 -0.02093969 0.00249441
v -0.10503898 -0.02089355 0.00231903
v -0.10482504 -0.02085100 0.00212132
v -0.10463112 -0.02081242 0.00190318
v -0.10445912 -0.02077821 0.00166671
v -0.10431067 -0.02074868 0.00141419
v -0.10418721 -0.02072413 0.00114805
v -0.10408994 -0.02070478 0.00087085
v -0.10401978 -0.02069082 0.00058527
v -0.10397741 -0.02068239 0.00029405
v -0.10396324 -0.02067957 0.00000000
v -0.10397741 -0.02068239 -0.00029405
v -0.10401978 -0.02069082 -0.00058527
v -0.10408994 -0.02070478 -0.00087085
v -0.10418721 -0.02072413 -0.00114805
v -0.10431067 -0.02074868 -0.00141419
v -0.10445912 -0.02077821 -0.00166671
v -0.10463112 -0.02081242 -0.00190318
v -0.10482504 -0.02085100 -0.00212132
v -0.10503898 -0.02089355 -0.00231903
v -0.10527091 -0.02093969 -0.00249441
v -0.10551858 -0.02098895 -0.00264576
v -0.10577960 -0.02104087 -0.00277164
v -0.10605147 -0.02109495 -0.00287082
v -0.10633157 -0.02115066 -0.00294236
v -0.10661719 -0.02120748 -0.00298555
v -0.10690560 -0.02126485 -0.00300000
v -0.10719400 -0.02132221 -0.00298555
v -0.10747962 -0.02137903 -0.00294236
v -0.10775972 -0.02143474 -0.00287082
v -0.10803159 -0.02148882 -0.00277164
v -0.10829261 -0.02154074 -0.00264576
v -0.10854028 -0.02159000 -0.00249441
v -0.10877221 -0.02163614 -0.00231903
v -0.10898616 -0.02167869 -0.00212132
v -0.10918007 -0.02171727 -0.00190318
v -0.10935208 -0.02175148 -0.00166671
v -0.10950052 -0.02178101 -0.00141419
v -0.10962398 -0.02180556 -0.00114805
v -0.10972125 -0.02182491 -0.00087085
v -0.10979141 -0.02183887 -0.00058527
v -0.10983378 -0.02184730 -0.00029405
v -0.10717732 -0.03251188 0.00000000
v -0.10716349 -0.03250769 0.00029405
v -0.10712216 -0.03249515 0.00058527
v -0.10705370 -0.03247439 0.00087085
v -0.10695879 -0.03244559 0.00114805
v -0.10683833 -0.03240905 0.00141419
v -0.10669350 -0.03236512 0.00166671
v -0.10652567 -0.03231421 0.00190318
v -0.10633647 -0.03225682 0.00212132
v -0.10612773 -0.03219349 0.00231903
v -0.10590144 -0.03212485 0.00249441
v -0.10565979 -0.03205155 0.00264576
v -0.10540511 -0.03197429 0.00277164
v -0.10513985 -0.03189383 0.00287082
v -0.10486657 -0.03181093 0.00294236
v -0.10458789 -0.03172639 0.00298555
v -0.10430650 -0.03164103 0.00300000
v -0.10402511 -0.03155567 0.00298555
v -0.10374643 -0.03147113 0.00294236
v -0.10347314 -0.03138823 0.00287082
v -0.10320788 -0.03130777 0.00277164
v -0.10295320 -0.03123051 0.00264576
v -0.10271155 -0.03115721 0.00249441
v -0.10248527 -0.03108857 0.00231903
v -0.10227652 -0.03102524 0.00212132
v -0.10208732 -0.03096785 0.00190318
v -0.10191950 -0.03091694 0.00166671
v -0.10177466 -0.03087301 0.00141419
v -0.10165420 -0.03083647 0.00114805
v -0.10155929 -0.03080767 0.00087085
v -0.10149084 -0.03078691 0.00058527
v -0.10144950 -0.03077437 0.00029405
v -0.10143568 -0.03077018 0.00000000
v -0.10144950 -0.03077437 -0.00029405
v -0.10149084 -0.03078691 -0.00058527
v -0.10155929 -0.03080767 -0.00087085
v -0.10165420 -0.03083647 -0.00114805
v -0.10177466 -0.03087301 -0.00141419
v -0.10191950 -0.03091694 -0.00166671
v -0.10208732 -0.03096785 -0.00190318
v -0.10227652 -0.03102524 -0.00212132
v -0.10248527 -0.03108857 -0.00231903
v -0.10271155 -0.03115721 -0.00249441
v -0.10295320 -0.03123051 -0.00264576
v -0.10320788 -0.03130777 -0.00277164
v -0.10347314 -0.03138823 -0.00287082
v -0.10374643 -0.03147113 -0.00294236
v -0.10402511 -0.03155567 -0.00298555
v -0.10430650 -0.03164103 -0.00300000
v -0.10458789 -0.03172639 -0.00298555
v -0.10486657 -0.03181093 -0.00294236
v -0.10513985 -0.03189383 -0.00287082
v -0.10540511 -0.03197429 -0.00277164
v -0.10565979 -0.03205155 -0.00264576
v -0.10590144 -0.03212485 -0.00249441
v -0.10612773 -0.03219349 -0.00231903
v -0.10633647 -0.03225682 -0.00212132
v -0.10652567 -0.03231421 -0.00190318
v -0.10669350 -0.03236512 -0.00166671
v -0.10683833 -0.03240905 -0.00141419
v -0.10695879 -0.03244559 -0.00114805
v -0.10705370 -0.03247439 -0.00087085
v -0.10712216 -0.03249515 -0.00058527
v -0.10716349 -0.03250769 -0.00029405
v -0.10347451 -0.04286054 0.00000000
v -0.10346116 -0.04285502 0.00029405
v -0.10342125 -0.04283848 0.00058527
v -0.10335516 -0.04281111 0.00087085
v -0.10326353 -0.04277315 0.00114805
v -0.10314724 -0.04272498 0.00141419
v -0.10300740 -0.04266706 0.00166671
v -0.10284537 -0.04259995 0.00190318
v -0.10266271 -0.04252429 0.00212132
v -0.10246118 -0.04244081 0.00231903
v -0.10224271 -0.04235032 0.00249441
v -0.10200941 -0.04225368 0.00264576
v -0.10176353 -0.04215183 0.00277164
v -0.10150743 -0.04204576 0.00287082
v -0.10124359 -0.04193647 0.00294236
v -0.10097454 -0.04182502 0.00298555
v -0.10070287 -0.04171249 0.00300000
v -0.10043120 -0.04159997 0.00298555
v -0.10016215 -0.04148852 0.00294236
v -0.09989830 -0.04137923 0.00287082
v -0.09964221 -0.04127315 0.00277164
v -0.09939633 -0.04117131 0.00264576
v -0.09916303 -0.04107467 0.00249441
v -0.09894456 -0.04098418 0.00231903
v -0.09874302 -0.04090070 0.00212132
v -0.09856036 -0.04082504 0.00190318
v -0.09839834 -0.04075793 0.00166671
v -0.09825850 -0.04070000 0.00141419
v -0.09814221 -0.04065183 0.00114805
v -0.09805058 -0.04061388 0.00087085
v -0.09798449 -0.04058650 0.00058527
v -0.09794458 -0.04056997 0.00029405
v -0.09793123 -0.04056444 0.00000000
v -0.09794458 -0.04056997 -0.00029405
v -0.09798449 -0.04058650 -0.00058527
v -0.09805058 -0.04061388 -0.00087085
v -0.09814221 -0.04065183 -0.00114805
v -0.09825850 -0.04070000 -0.00141419
v -0.09839834 -0.04075793 -0.00166671
v -0.09856036 -0.04082504 -0.00190318
v -0.09874302 -0.04090070 -0.00212132
v -0.09894456 -0.04098418 -0.00231903
v -0.09916303 -0.04107467 -0.00249441
v -0.09939633 -0.04117131 -0.00264576
v -0.09964221 -0.04127315 -0.00277164
v -0.09989830 -0.04137923 -0.00287082
v -0.10016215 -0.04148852 -0.00294236
v -0.10043120 -0.04159997 -0.00298555
v -0.10070287 -0.04171249 -0.00300000
v -0.10097454 -0.04182502 -0.00298555
v -0.10124359 -0.04193647 -0.00294236
v -0.10150743 -0.04204576 -0.00287082
v -0.10176353 -0.04215183 -0.00277164
v -0.10200941 -0.04225368 -0.00264576
v -0.10224271 -0.04235032 -0.00249441
v -0.10246118 -0.04244081 -0.00231903
v -0.10266271 -0.04252429 -0.00212132
v -0.10284537 -0.04259995 -0.00190318
v -0.10300740 -0.04266706 -0.00166671
v -0.10314724 -0.04272498 -0.00141419
v -0.10326353 -0.04277315 -0.00114805
v -0.10335516 -0.04281111 -0.00087085
v -0.10342125 -0.04283848 -0.00058527
v -0.10346116 -0.04285502 -0.00029405
v -0.09877518 -0.05279643 0.00000000
v -0.09876244 -0.05278962 0.00029405
v -0.09872434 -0.05276926 0.00058527
v -0.09866126 -0.05273554 0.00087085
v -0.09857378 -0.05268879 0.00114805
v -0.09846277 -0.05262945 0.00141419
v -0.09832929 -0.05255810 0.00166671
v -0.09817462 -0.05247543 0.00190318
v -0.09800026 -0.05238223 0.00212132
v -0.09780787 -0.05227940 0.00231903
v -0.09759933 -0.05216793 0.00249441
v -0.09737662 -0.05204889 0.00264576
v -0.09714191 -0.05192343 0.00277164
v -0.09689744 -0.05179276 0.00287082
v -0.09664558 -0.05165814 0.00294236
v -0.09638875 -0.05152086 0.00298555
v -0.09612942 -0.05138224 0.00300000
v -0.09587009 -0.05124363 0.00298555
v -0.09561325 -0.05110635 0.00294236
v -0.09536139 -0.05097173 0.00287082
v -0.09511693 -0.05084106 0.00277164
v -0.09488221 -0.05071560 0.00264576
v -0.09465951 -0.05059656 0.00249441
v -0.09445096 -0.05048509 0.00231903
v -0.09425858 -0.05038226 0.00212132
v -0.09408421 -0.05028906 0.00190318
v -0.09392955 -0.05020639 0.00166671
v -0.09379606 -0.05013504 0.00141419
v -0.09368505 -0.05007570 0.00114805
v -0.09359758 -0.05002895 0.00087085
v -0.09353449 -0.04999523 0.00058527
v -0.09349639 -0.04997486 0.00029405
v -0.09348365 -0.04996805 0.00000000
v -0.09349639 -0.04997486 -0.00029405
v -0.09353449 -0.04999523 -0.00058527
v -0.09359758 -0.05002895 -0.00087085
v -0.09368505 -0.05007570 -0.00114805
v -0.09379606 -0.05013504 -0.00141419
v -0.09392955 -0.05020639 -0.00166671
v -0.09408421 -0.05028906 -0.00190318
v -0.09425858 -0.05038226 -0.00212132
v -0.09445096 -0.05048509 -0.00231903
v -0.09465951 -0.05059656 -0.00249441
v -0.09488221 -0.05071560 -0.00264576
v -0.09511693 -0.05084106 -0.00277164
v -0.09536139 -0.05097173 -0.00287082
v -0.09561325 -0.05110635 -0.00294236
v -0.09587009 -0.05124363 -0.00298555
v -0.09612942 -0.05138224 -0.00300000
v -0.09638875 -0.05152086 -0.00298555
v -0.09664558 -0.05165814 -0.00294236
v -0.09689744 -0.05179276 -0.00287082
v -0.09714191 -0.05192343 -0.00277164
v -0.09737662 -0.05204889 -0.00264576
v -0.09759933 -0.05216793 -0.00249441
v -0.09780787 -0.05227940 -0.00231903
v -0.09800026 -0.05238223 -0.00212132
v -0.09817462 -0.05247543 -0.00190318
v -0.09832929 -0.05255810 -0.00166671
v -0.09846277 -0.05262945 -0.00141419
v -0.09857378 -0.05268879 -0.00114805
v -0.09866126 -0.05273554 -0.00087085
v -0.09872434 -0.05276926 -0.00058527
v -0.09876244 -0.05278962 -0.00029405
v -0.09312460 -0.06222387 0.00000000
v -0.09311259 -0.06221584 0.00029405
v -0.09307667 -0.06219184 0.00058527
v -0.09301719 -0.06215210 0.00087085
v -0.09293472 -0.06209700 0.00114805
v -0.09283006 -0.06202706 0.00141419
v -0.09270421 -0.06194297 0.00166671
v -0.09255839 -0.06184554 0.00190318
v -0.09239400 -0.06173570 0.00212132
v -0.09221262 -0.06161451 0.00231903
v -0.09201601 -0.06148313 0.00249441
v -0.09180604 -0.06134284 0.00264576
v -0.09158476 -0.06119498 0.00277164
v -0.09135428 -0.06104098 0.00287082
v -0.09111682 -0.06088231 0.00294236
v -0.09087468 -0.06072052 0.00298555
v -0.09063019 -0.06055716 0.00300000
v -0.09038569 -0.06039379 0.00298555
v -0.09014355 -0.06023200 0.00294236
v -0.08990610 -0.06007333 0.00287082
v -0.08967562 -0.05991933 0.00277164
v -0.08945433 -0.05977147 0.00264576
v -0.08924437 -0.05963118 0.00249441
v -0.08904775 -0.05949981 0.00231903
v -0.08886637 -0.05937861 0.00212132
v -0.08870198 -0.05926877 0.00190318
v -0.08855616 -0.05917134 0.00166671
v -0.08843032 -0.05908725 0.00141419
v -0.08832565 -0.05901732 0.00114805
v -0.08824319 -0.05896221 0.00087085
v -0.08818371 -0.05892247 0.00058527
v -0.08814779 -0.05889847 0.00029405
v -0.08813578 -0.05889044 0.00000000
v -0.08814779 -0.05889847 -0.00029405
v -0.08818371 -0.05892247 -0.00058527
v -0.08824319 -0.05896221 -0.00087085
v -0.08832565 -0.05901732 -0.00114805
v -0.08843032 -0.05908725 -0.00141419
v -0.08855616 -0.05917134 -0.00166671
v -0.08870198 -0.05926877 -0.00190318
v -0.08886637 -0.05937861 -0.00212132
v -0.08904775 -0.05949981 -0.00231903
v -0.08924437 -0.05963118 -0.00249441
v -0.08945433 -0.05977147 -0.00264576
v -0.08967562 -0.05991933 -0.00277164
v -0.08990610 -0.06007333 -0.00287082
v -0.09014355 -0.06023200 -0.00294236
v -0.09038569 -0.06039379 -0.00298555
v -0.09063019 -0.06055716 -0.00300000
v -0.09087468 -0.06072052 -0.00298555
v -0.09111682 -0.06088231 -0.00294236
v -0.09135428 -0.06104098 -0.00287082
v -0.09158476 -0.06119498 -0.00277164
v -0.09180604 -0.06134284 -0.00264576
v -0.09201601 -0.06148313 -0.00249441
v -0.09221262 -0.06161451 -0.00231903
v -0.09239400 -0.06173570 -0.00212132
v -0.09255839 -0.06184554 -0.00190318
v -0.09270421 -0.06194297 -0.00166671
v -0.09283006 -0.06202706 -0.00141419
v -0.09293472 -0.06209700 -0.00114805
v -0.09301719 -0.06215210 -0.00087085
v -0.09307667 -0.06219184 -0.00058527
v -0.09311259 -0.06221584 -0.00029405
v -0.08657717 -0.07105205 0.00000000
v -0.08656600 -0.07104288 0.00029405
v -0.08653261 -0.07101548 0.00058527
v -0.08647731 -0.07097010 0.00087085
v -0.08640065 -0.07090718 0.00114805
v -0.08630334 -0.07082732 0.00141419
v -0.08618634 -0.07073130 0.00166671
v -0.08605077 -0.07062005 0.00190318
v -0.08589794 -0.07049462 0.00212132
v -0.08572932 -0.07035623 0.00231903
v -0.08554652 -0.07020622 0.00249441
v -0.08535132 -0.07004602 0.00264576
v -0.08514559 -0.06987718 0.00277164
v -0.08493132 -0.06970133 0.00287082
v -0.08471056 -0.06952016 0.00294236
v -0.08448544 -0.06933541 0.00298555
v -0.08425814 -0.06914887 0.00300000
v -0.08403083 -0.06896232 0.00298555
v -0.08380572 -0.06877758 0.00294236
v -0.08358496 -0.06859640 0.00287082
v -0.08337068 -0.06842055 0.00277164
v -0.08316496 -0.06825172 0.00264576
v -0.08296975 -0.06809152 0.00249441
v -0.08278696 -0.06794150 0.00231903
v -0.08261834 -0.06780312 0.00212132
v -0.08246550 -0.06767769 0.00190318
v -0.08232994 -0.06756643 0.00166671
v -0.08221294 -0.06747041 0.00141419
v -0.08211563 -0.06739056 0.00114805
v -0.08203896 -0.06732764 0.00087085
v -0.08198367 -0.06728226 0.00058527
v -0.08195027 -0.06725485 0.00029405
v -0.08193911 -0.06724569 0.00000000
v -0.08195027 -0.06725485 -0.00029405
v -0.08198367 -0.06728226 -0.00058527
v -0.08203896 -0.06732764 -0.00087085
v -0.08211563 -0.06739056 -0.00114805
v -0.08221294 -0.06747041 -0.00141419
v -0.08232994 -0.06756643 -0.00166671
v -0.08246550 -0.06767769 -0.00190318
v -0.08261834 -0.06780312 -0.00212132
v -0.08278696 -0.06794150 -0.00231903
v -0.08296975 -0.06809152 -0.00249441
v -0.08316496 -0.06825172 -0.00264576
v -0.08337068 -0.06842055 -0.00277164
v -0.08358496 -0.06859640 -0.00287082
v -0.08380572 -0.06877758 -0.00294236
v -0.08403083 -0.06896232 -0.00298555
v -0.08425814 -0.06914887 -0.00300000
v -0.08448544 -0.06933541 -0.00298555
v -0.08471056 -0.06952016 -0.00294236
v -0.08493132 -0.06970133 -0.00287082
v -0.08514559 -0.06987718 -0.00277164
v -0.08535132 -0.07004602 -0.00264576
v -0.08554652 -0.07020622 -0.00249441
v -0.08572932 -0.07035623 -0.00231903
v -0.08589794 -0.07049462 -0.00212132
v -0.08605077 -0.07062005 -0.00190318
v -0.08618634 -0.07073130 -0.00166671
v -0.08630334 -0.07082732 -0.00141419
v -0.08640065 -0.07090718 -0.00114805
v -0.08647731 -0.07097010 -0.00087085
v -0.08653261 -0.07101548 -0.00058527
v -0.08656600 -0.07104288 -0.00029405
v -0.07919596 -0.07919596 0.00000000
v -0.07918574 -0.07918574 0.00029405
v -0.07915520 -0.07915520 0.00058527
v -0.07910462 -0.07910462 0.00087085
v -0.07903448 -0.07903448 0.00114805
v -0.07894548 -0.07894548 0.00141419
v -0.07883845 -0.07883845 0.00166671
v -0.07871444 -0.07871444 0.00190318
v -0.07857464 -0.07857464 0.00212132
v -0.07842039 -0.07842039 0.00231903
v -0.07825318 -0.07825318 0.00249441
v -0.07807462 -0.07807462 0.00264576
v -0.07788643 -0.07788643 0.00277164
v -0.07769043 -0.07769043 0.00287082
v -0.07748849 -0.07748849 0.00294236
v -0.07728256 -0.07728256 0.00298555
v -0.07707464 -0.07707464 0.00300000
v -0.07686671 -0.07686671 0.00298555
v -0.07666079 -0.07666079 0.00294236
v -0.07645885 -0.07645885 0.00287082
v -0.07626284 -0.07626284 0.00277164
v -0.07607466 -0.07607466 0.00264576
v -0.07589610 -0.07589610 0.00249441
v -0.07572889 -0.07572889 0.00231903
v -0.07557464 -0.07557464 0.00212132
v -0.07543484 -0.07543484 0.00190318
v -0.07531083 -0.07531083 0.00166671
v -0.07520380 -0.07520380 0.00141419
v -0.07511479 -0.07511479 0.00114805
v -0.07504466 -0.07504466 0.00087085
v -0.07499408 -0.07499408 0.00058527
v -0.07496353 -0.07496353 0.00029405
v -0.07495332 -0.07495332 0.00000000
v -0.07496353 -0.07496353 -0.00029405
v -0.07499408 -0.07499408 -0.00058527
v -0.07504466 -0.07504466 -0.00087085
v -0.07511479 -0.07511479 -0.00114805
v -0.07520380 -0.07520380 -0.00141419
v -0.07531083 -0.07531083 -0.00166671
v -0.07543484 -0.07543484 -0.00190318
v -0.07557464 -0.07557464 -0.00212132
v -0.07572889 -0.07572889 -0.00231903
v -0.07589610 -0.07589610 -0.00249441
v -0.07607466 -0.07607466 -0.00264576
v -0.07626284 -0.07626284 -0.00277164
v -0.07645885 -0.07645885 -0.00287082
v -0.07666079 -0.07666079 -0.00294236
v -0.07686671 -0.07686671 -0.00298555
v -0.07707464 -0.07707464 -0.00300000
v -0.07728256 -0.07728256 -0.00298555
v -0.07748849 -0.07748849 -0.00294236
v -0.07769043 -0.07769043 -0.00287082
v -0.07788643 -0.07788643 -0.00277164
v -0.07807462 -0.07807462 -0.00264576
v -0.07825318 -0.07825318 -0.00249441
v -0.07842039 -0.07842039 -0.00231903
v -0.07857464 -0.07857464 -0.00212132
v -0.07871444 -0.07871444 -0.00190318
v -0.07883845 -0.07883845 -0.00166671
v -0.07894548 -0.07894548 -0.00141419
v -0.07903448 -0.07903448 -0.00114805
v -0.07910462 -0.07910462 -0.00087085
v -0.07915520 -0.07915520 -0.00058527
v -0.07918574 -0.07918574 -0.00029405
v -0.07105205 -0.08657717 0.00000000
v -0.07104288 -0.08656600 0.00029405
v -0.07101548 -0.08653261 0.00058527
v -0.07097010 -0.08647731 0.00087085
v -0.07090718 -0.08640065 0.00114805
v -0.07082732 -0.08630334 0.00141419
v -0.07073130 -0.08618634 0.00166671
v -0.07062005 -0.08605077 0.00190318
v -0.07049462 -0.08589794 0.00212132
v -0.07035623 -0.08572932 0.00231903
v -0.07020622 -0.08554652 0.00249441
v -0.07004602 -0.08535132 0.00264576
v -0.06987718 -0.08514559 0.00277164
v -0.06970133 -0.08493132 0.00287082
v -0.06952016 -0.08471056 0.00294236
v -0.06933541 -0.08448544 0.00298555
v -0.06914887 -0.08425814 0.00300000
v -0.06896232 -0.08403083 0.00298555
v -0.06877758 -0.08380572 0.00294236
v -0.06859640 -0.08358496 0.00287082
v -0.06842055 -0.08337068 0.00277164
v -0.06825172 -0.08316496 0.00264576
v -0.06809152 -0.08296975 0.00249441
v -0.06794150 -0.08278696 0.00231903
v -0.06780312 -0.08261834 0.00212132
v -0.06767769 -0.08246550 0.00190318
v -0.06756643 -0.08232994 0.00166671
v -0.06747041 -0.08221294 0.00141419
v -0.06739056 -0.08211563 0.00114805
v -0.06732764 -0.08203896 0.00087085
v -0.06728226 -0.08198367 0.00058527
v -0.06725485 -0.08195027 0.00029405
v -0.06724569 -0.08193911 0.00000000
v -0.06725485 -0.08195027 -0.00029405
v -0.06728226 -0.08198367 -0.00058527
v -0.06732764 -0.08203896 -0.00087085
v -0.06739056 -0.08211563 -0.00114805
v -0.06747041 -0.08221294 -0.00141419
v -0.06756643 -0.08232994 -0.00166671
v -0.06767769 -0.08246550 -0.00190318
v -0.06780312 -0.08261834 -0.00212132
v -0.06794150 -0.08278696 -0.00231903
v -0.06809152 -0.08296975 -0.00249441
v -0.06825172 -0.08316496 -0.00264576
v -0.06842055 -0.08337068 -0.00277164
v -0.06859640 -0.08358496 -0.00287082
v -0.06877758 -0.08380572 -0.00294236
v -0.06896232 -0.08403083 -0.00298555
v -0.06914887 -0.08425814 -0.00300000
v -0.06933541 -0.08448544 -0.00298555
v -0.06952016 -0.08471056 -0.00294236
v -0.06970133 -0.08493132 -0.00287082
v -0.06987718 -0.08514559 -0.00277164
v -0.07004602 -0.08535132 -0.00264576
v -0.07020622 -0.08554652 -0.00249441
v -0.07035623 -0.08572932 -0.00231903
v -0.07049462 -0.08589794 -0.00212132
v -0.07062005 -0.08605077 -0.00190318
v -0.07073130 -0.08618634 -0.00166671
v -0.07082732 -0.08630334 -0.00141419
v -0.07090718 -0.08640065 -0.00114805
v -0.07097010 -0.08647731 -0.00087085
v -0.07101548 -0.08653261 -0.00058527
v -0.07104288 -0.08656600 -0.00029405
v -0.06222387 -0.09312460 0.00000000
v -0.06221584 -0.09311259 0.00029405
v -0.06219184 -0.09307667 0.00058527
v -0.06215210 -0.09301719 0.00087085
v -0.06209700 -0.09293472 0.00114805
v -0.06202706 -0.09283006 0.00141419
v -0.06194297 -0.09270421 0.00166671
v -0.06184554 -0.09255839 0.00190318
v -0.06173570 -0.09239400 0.00212132
v -0.06161451 -0.09221262 0.00231903
v -0.06148313 -0.09201601 0.00249441
v -0.06134284 -0.09180604 0.00264576
v -0.06119498 -0.09158476 0.00277164
v -0.06104098 -0.09135428 0.00287082
v -0.06088231 -0.09111682 0.00294236
v -0.06072052 -0.09087468 0.00298555
v -0.06055716 -0.09063019 0.00300000
v -0.06039379 -0.09038569 0.00298555
v -0.06023200 -0.09014355 0.00294236
v -0.06007333 -0.08990610 0.00287082
v -0.05991933 -0.08967562 0.00277164
v -0.05977147 -0.08945433 0.00264576
v -0.05963118 -0.08924437 0.00249441
v -0.05949981 -0.08904775 0.00231903
v -0.05937861 -0.08886637 0.00212132
v -0.05926877 -0.08870198 0.00190318
v -0.05917134 -0.08855616 0.00166671
v -0.05908725 -0.08843032 0.00141419
v -0.05901732 -0.08832565 0.00114805
v -0.05896221 -0.08824319 0.00087085
v -0.05892247 -0.08818371 0.00058527
v -0.05889847 -0.08814779 0.00029405
v -0.05889044 -0.08813578 0.00000000
v -0.05889847 -0.08814779 -0.00029405
v -0.05892247 -0.08818371 -0.00058527
v -0.05896221 -0.08824319 -0.00087085
v -0.05901732 -0.08832565 -0.00114805
v -0.05908725 -0.08843032 -0.00141419
v -0.05917134 -0.08855616 -0.00166671
v -0.05926877 -0.08870198 -0.00190318
v -0.05937861 -0.08886637 -0.00212132
v -0.05949981 -0.08904775 -0.00231903
v -0.05963118 -0.08924437 -0.00249441
v -0.05977147 -0.08945433 -0.00264576
v -0.05991933 -0.08967562 -0.00277164
v -0.06007333 -0.08990610 -0.00287082
v -0.06023200 -0.09014355 -0.00294236
v -0.06039379 -0.09038569 -0.00298555
v -0.06055716 -0.09063019 -0.00300000
v -0.06072052 -0.09087468 -0.00298555
v -0.06088231 -0.09111682 -0.00294236
v -0.06104098 -0.09135428 -0.00287082
v -0.06119498 -0.09158476 -0.00277164
v -0.06134284 -0.09180604 -0.00264576
v -0.06148313 -0.09201601 -0.00249441
v -0.06161451 -0.09221262 -0.00231903
v -0.06173570 -0.09239400 -0.00212132
v -0.06184554 -0.09255839 -0.00190318
v -0.06194297 -0.09270421 -0.00166671
v -0.06202706 -0.09283006 -0.00141419
v -0.06209700 -0.09293472 -0.00114805
v -0.06215210 -0.09301719 -0.00087085
v -0.06219184 -0.09307667 -0.00058527
v -0.06221584 -0.09311259 -0.00029405
v -0.05279643 -0.09877518 0.00000000
v -0.05278962 -0.09876244 0.00029405
v -0.05276926 -0.09872434 0.00058527
v -0.05273554 -0.09866126 0.00087085
v -0.05268879 -0.09857378 0.00114805
v -0.05262945 -0.09846277 0.00141419
v -0.05255810 -0.09832929 0.00166671
v -0.05247543 -0.09817462 0.00190318
v -0.05238223 -0.09800026 0.00212132
v -0.05227940 -0.09780787 0.00231903
v -0.05216793 -0.09759933 0.00249441
v -0.05204889 -0.09737662 0.00264576
v -0.05192343 -0.09714191 0.00277164
v -0.05179276 -0.09689744 0.00287082
v -0.05165814 -0.09664558 0.00294236
v -0.05152086 -0.09638875 0.00298555
v -0.05138224 -0.09612942 0.00300000
v -0.05124363 -0.09587009 0.00298555
v -0.05110635 -0.09561325 0.00294236
v -0.05097173 -0.09536139 0.00287082
v -0.05084106 -0.09511693 0.00277164
v -0.05071560 -0.09488221 0.00264576
v -0.05059656 -0.09465951 0.00249441
v -0.05048509 -0.09445096 0.00231903
v -0.05038226 -0.09425858 0.00212132
v -0.05028906 -0.09408421 0.00190318
v -0.05020639 -0.09392955 0.00166671
v -0.05013504 -0.09379606 0.00141419
v -0.05007570 -0.09368505 0.00114805
v -0.05002895 -0.09359758 0.00087085
v -0.04999523 -0.09353449 0.00058527
v -0.04997486 -0.09349639 0.00029405
v -0.04996805 -0.09348365 0.00000000
v -0.04997486 -0.09349639 -0.00029405
v -0.04999523 -0.09353449 -0.00058527
v -0.05002895 -0.09359758 -0.00087085
v -0.05007570 -0.09368505 -0.00114805
v -0.05013504 -0.09379606 -0.00141419
v -0.05020639 -0.09392955 -0.00166671
v -0.05028906 -0.09408421 -0.00190318
v -0.05038226 -0.09425858 -0.00212132
v -0.05048509 -0.09445096 -0.00231903
v -0.05059656 -0.09465951 -0.00249441
v -0.05071560 -0.09488221 -0.00264576
v -0.05084106 -0.09511693 -0.00277164
v -0.05097173 -0.09536139 -0.00287082
v -0.05110635 -0.09561325 -0.00294236
v -0.05124363 -0.09587009 -0.00298555
v -0.05138224 -0.09612942 -0.00300000
v -0.05152086 -0.09638875 -0.00298555
v -0.05165814 -0.09664558 -0.00294236
v -0.05179276 -0.09689744 -0.00287082
v -0.05192343 -0.09714191 -0.00277164
v -0.05204889 -0.09737662 -0.00264576
v -0.05216793 -0.09759933 -0.00249441
v -0.05227940 -0.09780787 -0.00231903
v -0.05238223 -0.09800026 -0.00212132
v -0.05247543 -0.09817462 -0.00190318
v -0.05255810 -0.09832929 -0.00166671
v -0.05262945 -0.09846277 -0.00141419
v -0.05268879 -0.09857378 -0.00114805
v -0.05273554 -0.09866126 -0.00087085
v -0.05276926 -0.09872434 -0.00058527
v -0.05278962 -0.09876244 -0.00029405
v -0.04286054 -0.10347451 0.00000000
v -0.04285502 -0.10346116 0.00029405
v -0.04283848 -0.10342125 0.00058527
v -0.04281111 -0.10335516 0.00087085
v -0.04277315 -0.10326353 0.00114805
v -0.04272498 -0.10314724 0.00141419
v -0.04266706 -0.10300740 0.00166671
v -0.04259995 -0.10284537 0.00190318
v -0.04252429 -0.10266271 0.00212132
v -0.04244081 -0.10246118 0.00231903
v -0.04235032 -0.10224271 0.00249441
v -0.04225368 -0.10200941 0.00264576
v -0.04215183 -0.10176353 0.00277164
v -0.04204576 -0.10150743 0.00287082
v -0.04193647 -0.10124359 0.00294236
v -0.04182502 -0.10097454 0.00298555
v -0.04171249 -0.10070287 0.00300000
v -0.04159997 -0.10043120 0.00298555
v -0.04148852 -0.10016215 0.00294236
v -0.04137923 -0.09989830 0.00287082
v -0.04127315 -0.09964221 0.00277164
v -0.04117131 -0.09939633 0.00264576
v -0.04107467 -0.09916303 0.00249441
v -0.04098418 -0.09894456 0.00231903
v -0.04090070 -0.09874302 0.00212132
v -0.04082504 -0.09856036 0.00190318
v -0.04075793 -0.09839834 0.00166671
v -0.04070000 -0.09825850 0.00141419
v -0.04065183 -0.09814221 0.00114805
v -0.04061388 -0.09805058 0.00087085
v -0.04058650 -0.09798449 0.00058527
v -0.04056997 -0.09794458 0.00029405
v -0.04056444 -0.09793123 0.00000000
v -0.04056997 -0.09794458 -0.00029405
v -0.04058650 -0.09798449 -0.00058527
v -0.04061388 -0.09805058 -0.00087085
v -0.04065183 -0.09814221 -0.00114805
v -0.04070000 -0.09825850 -0.00141419
v -0.04075793 -0.09839834 -0.00166671
v -0.04082504 -0.09856036 -0.00190318
v -0.04090070 -0.09874302 -0.00212132
v -0.04098418 -0.09894456 -0.00231903
v -0.04107467 -0.09916303 -0.00249441
v -0.04117131 -0.09939633 -0.00264576
v -0.04127315 -0.09964221 -0.00277164
v -0.04137923 -0.09989830 -0.00287082
v -0.04148852 -0.10016215 -0.00294236
v -0.04159997 -0.10043120 -0.00298555
v -0.04171249 -0.10070287 -0.00300000
v -0.04182502 -0.10097454 -0.00298555
v -0.04193647 -0.10124359 -0.00294236
v -0.04204576 -0.10150743 -0.00287082
v -0.04215183 -0.10176353 -0.00277164
v -0.04225368 -0.10200941 -0.00264576
v -0.04235032 -0.10224271 -0.00249441
v -0.04244081 -0.10246118 -0.00231903
v -0.04252429 -0.10266271 -0.00212132
v -0.04259995 -0.10284537 -0.00190318
v -0.04266706 -0.10300740 -0.00166671
v -0.04272498 -0.10314724 -0.00141419
v -0.04277315 -0.10326353 -0.00114805
v -0.04281111 -0.10335516 -0.00087085
v -0.04283848 -0.10342125 -0.00058527
v -0.04285502 -0.10346116 -0.00029405
v -0.03251188 -0.10717732 0.00000000
v -0.03250769 -0.10716349 0.00029405
v -0.03249515 -0.10712216 0.00058527
v -0.03247439 -0.10705370 0.00087085
v -0.03244559 -0.10695879 0.00114805
v -0.03240905 -0.10683833 0.00141419
v -0.03236512 -0.10669350 0.00166671
v -0.03231421 -0.10652567 0.00190318
v -0.03225682 -0.10633647 0.00212132
v -0.03219349 -0.10612773 0.00231903
v -0.03212485 -0.10590144 0.00249441
v -0.03205155 -0.10565979 0.00264576
v -0.03197429 -0.10540511 0.00277164
v -0.03189383 -0.10513985 0.00287082
v -0.03181093 -0.10486657 0.00294236
v -0.03172639 -0.10458789 0.00298555
v -0.03164103 -0.10430650 0.00300000
v -0.03155567 -0.10402511 0.00298555
v -0.03147113 -0.10374643 0.00294236
v -0.03138823 -0.10347314 0.00287082
v -0.03130777 -0.10320788 0.00277164
v -0.03123051 -0.10295320 0.00264576
v -0.03115721 -0.10271155 0.00249441
v -0.03108857 -0.10248527 0.00231903
v -0.03102524 -0.10227652 0.00212132
v -0.03096785 -0.10208732 0.00190318
v -0.03091694 -0.10191950 0.00166671
v -0.03087301 -0.10177466 0.00141419
v -0.03083647 -0.10165420 0.00114805
v -0.03080767 -0.10155929 0.00087085
v -0.03078691 -0.10149084 0.00058527
v -0.03077437 -0.10144950 0.00029405
v -0.03077018 -0.10143568 0.00000000
v -0.03077437 -0.10144950 -0.00029405
v -0.03078691 -0.10149084 -0.00058527
v -0.03080767 -0.10155929 -0.00087085
v -0.03083647 -0.10165420 -0.00114805
v -0.03087301 -0.10177466 -0.00141419
v -0.03091694 -0.10191950 -0.00166671
v -0.03096785 -0.10208732 -0.00190318
v -0.03102524 -0.10227652 -0.00212132
v -0.03108857 -0.10248527 -0.00231903
v -0.03115721 -0.10271155 -0.00249441
v -0.03123051 -0.10295320 -0.00264576
v -0.03130777 -0.10320788 -0.00277164
v -0.03138823 -0.10347314 -0.00287082
v -0.03147113 -0.10374643 -0.00294236
v -0.03155567 -0.10402511 -0.00298555
v -0.03164103 -0.10430650 -0.00300000
v -0.03172639 -0.10458789 -0.00298555
v -0.03181093 -0.10486657 -0.00294236
v -0.03189383 -0.10513985 -0.00287082
v -0.03197429 -0.10540511 -0.00277164
v -0.03205155 -0.10565979 -0.00264576
v -0.03212485 -0.10590144 -0.00249441
v -0.03219349 -0.10612773 -0.00231903
v -0.03225682 -0.10633647 -0.00212132
v -0.03231421 -0.10652567 -0.00190318
v -0.03236512 -0.10669350 -0.00166671
v -0.03240905 -0.10683833 -0.00141419
v -0.03244559 -0.10695879 -0.00114805
v -0.03247439 -0.10705370 -0.00087085
v -0.03249515 -0.10712216 -0.00058527
v -0.03250769 -0.10716349 -0.00029405
v -0.02185012 -0.10984795 0.00000000
v -0.02184730 -0.10983378 0.00029405
v -0.02183887 -0.10979141 0.00058527
v -0.02182491 -0.10972125 0.00087085
v -0.02180556 -0.10962398 0.00114805
v -0.02178101 -0.10950052 0.00141419
v -0.02175148 -0.10935208 0.00166671
v -0.02171727 -0.10918007 0.00190318
v -0.02167869 -0.10898616 0.00212132
v -0.02163614 -0.10877221 0.00231903
v -0.02159000 -0.10854028 0.00249441
v -0.02154074 -0.10829261 0.00264576
v -0.02148882 -0.10803159 0.00277164
v -0.02143474 -0.10775972 0.00287082
v -0.02137903 -0.10747962 0.00294236
v -0.02132221 -0.10719400 0.00298555
v -0.02126485 -0.10690560 0.00300000
v -0.02120748 -0.10661719 0.00298555
v -0.02115066 -0.10633157 0.00294236
v -0.02109495 -0.10605147 0.00287082
v -0.02104087 -0.10577960 0.00277164
v -0.02098895 -0.10551858 0.00264576
v -0.02093969 -0.10527091 0.00249441
v -0.02089355 -0.10503898 0.00231903
v -0.02085100 -0.10482504 0.00212132
v -0.02081242 -0.10463112 0.00190318
v -0.02077821 -0.10445912 0.00166671
v -0.02074868 -0.10431067 0.00141419
v -0.02072413 -0.10418721 0.00114805
v -0.02070478 -0.10408994 0.00087085
v -0.02069082 -0.10401978 0.00058527
v -0.02068239 -0.10397741 0.00029405
v -0.02067957 -0.10396324 0.00000000
v -0.02068239 -0.10397741 -0.00029405
v -0.02069082 -0.10401978 -0.00058527
v -0.02070478 -0.10408994 -0.00087085
v -0.02072413 -0.10418721 -0.00114805
v -0.02074868 -0.10431067 -0.00141419
v -0.02077821 -0.10445912 -0.00166671
v -0.02081242 -0.10463112 -0.00190318
v -0.02085100 -0.10482504 -0.00212132
v -0.02089355 -0.10503898 -0.00231903
v -0.02093969 -0.10527091 -0.00249441
v -0.02098895 -0.10551858 -0.00264576
v -0.02104087 -0.10577960 -0.00277164
v -0.02109495 -0.10605147 -0.00287082
v -0.02115066 -0.10633157 -0.00294236
v -0.02120748 -0.10661719 -0.00298555
v -0.02126485 -0.10690560 -0.00300000
v -0.02132221 -0.10719400 -0.00298555
v -0.02137903 -0.10747962 -0.00294236
v -0.02143474 -0.10775972 -0.00287082
v -0.02148882 -0.10803159 -0.00277164
v -0.02154074 -0.10829261 -0.00264576
v -0.02159000 -0.10854028 -0.00249441
v -0.02163614 -0.10877221 -0.00231903
v -0.02167869 -0.10898616 -0.00212132
v -0.02171727 -0.10918007 -0.00190318
v -0.02175148 -0.10935208 -0.00166671
v -0.02178101 -0.10950052 -0.00141419
v -0.02180556 -0.10962398 -0.00114805
v -0.02182491 -0.10972125 -0.00087085
v -0.02183887 -0.10979141 -0.00058527
v -0.02184730 -0.10983378 -0.00029405
v -0.01097792 -0.11146069 0.00000000
v -0.01097650 -0.11144631 0.00029405
v -0.01097227 -0.11140332 0.00058527
v -0.01096526 -0.11133213 0.00087085
v -0.01095554 -0.11123343 0.00114805
v -0.01094320 -0.11110816 0.00141419
v -0.01092836 -0.11095753 0.00166671
v -0.01091117 -0.11078300 0.00190318
v -0.01089179 -0.11058624 0.00212132
v -0.01087041 -0.11036915 0.00231903
v -0.01084723 -0.11013382 0.00249441
v -0.01082248 -0.10988252 0.00264576
v -0.01079640 -0.10961766 0.00277164
v -0.01076923 -0.10934180 0.00287082
v -0.01074123 -0.10905759 0.00294236
v -0.01071269 -0.10876777 0.00298555
v -0.01068387 -0.10847514 0.00300000
v -0.01065505 -0.10818250 0.00298555
v -0.01062650 -0.10789268 0.00294236
v -0.01059851 -0.10760847 0.00287082
v -0.01057134 -0.10733261 0.00277164
v -0.01054525 -0.10706775 0.00264576
v -0.01052050 -0.10681645 0.00249441
v -0.01049732 -0.10658112 0.00231903
v -0.01047594 -0.10636403 0.00212132
v -0.01045656 -0.10616727 0.00190318
v -0.01043937 -0.10599274 0.00166671
v -0.01042454 -0.10584211 0.00141419
v -0.01041220 -0.10571684 0.00114805
v -0.01040248 -0.10561814 0.00087085
v -0.01039547 -0.10554695 0.00058527
v -0.01039123 -0.10550396 0.00029405
v -0.01038982 -0.10548958 0.00000000
v -0.01039123 -0.10550396 -0.00029405
v -0.01039547 -0.10554695 -0.00058527
v -0.01040248 -0.10561814 -0.00087085
v -0.01041220 -0.10571684 -0.00114805
v -0.01042454 -0.10584211 -0.00141419
v -0.01043937 -0.10599274 -0.00166671
v -0.01045656 -0.10616727 -0.00190318
v -0.01047594 -0.10636403 -0.00212132
v -0.01049732 -0.10658112 -0.00231903
v -0.01052050 -0.10681645 -0.00249441
v -0.01054525 -0.10706775 -0.00264576
v -0.01057134 -0.10733261 -0.00277164
v -0.01059851 -0.10760847 -0.00287082
v -0.01062650 -0.10789268 -0.00294236
v -0.01065505 -0.10818250 -0.00298555
v -0.01068387 -0.10847514 -0.00300000
v -0.01071269 -0.10876777 -0.00298555
v -0.01074123 -0.10905759 -0.00294236
v -0.01076923 -0.10934180 -0.00287082
v -0.01079640 -0.10961766 -0.00277164
v -0.01082248 -0.10988252 -0.00264576
v -0.01084723 -0.11013382 -0.00249441
v -0.01087041 -0.11036915 -0.00231903
v -0.01089179 -0.11058624 -0.00212132
v -0.01091117 -0.11078300 -0.00190318
v -0.01092836 -0.11095753 -0.00166671
v -0.01094320 -0.11110816 -0.00141419
v -0.01095554 -0.11123343 -0.00114805
v -0.01096526 -0.11133213 -0.00087085
v -0.01097227 -0.11140332 -0.00058527
v -0.01097650 -0.11144631 -0.00029405
v -0.00000000 -0.11200000 0.00000000
v -0.00000000 -0.11198555 0.00029405
v -0.00000000 -0.11194236 0.00058527
v -0.00000000 -0.11187082 0.00087085
v -0.00000000 -0.11177164 0.00114805
v -0.00000000 -0.11164576 0.00141419
v -0.00000000 -0.11149441 0.00166671
v -0.00000000 -0.11131903 0.00190318
v -0.00000000 -0.11112132 0.00212132
v -0.00000000 -0.11090318 0.00231903
v -0.00000000 -0.11066671 0.00249441
v -0.00000000 -0.11041419 0.00264576
v -0.00000000 -0.11014805 0.00277164
v -0.00000000 -0.10987085 0.00287082
v -0.00000000 -0.10958527 0.00294236
v -0.00000000 -0.10929405 0.00298555
v -0.00000000 -0.10900000 0.00300000
v -0.00000000 -0.10870595 0.00298555
v -0.00000000 -0.10841473 0.00294236
v -0.00000000 -0.10812915 0.00287082
v -0.00000000 -0.10785195 0.00277164
v -0.00000000 -0.10758581 0.00264576
v -0.00000000 -0.10733329 0.00249441
v -0.00000000 -0.10709682 0.00231903
v -0.00000000 -0.10687868 0.00212132
v -0.00000000 -0.10668097 0.00190318
v -0.00000000 -0.10650559 0.00166671
v -0.00000000 -0.10635424 0.00141419
v -0.00000000 -0.10622836 0.00114805
v -0.00000000 -0.10612918 0.00087085
v -0.00000000 -0.10605764 0.00058527
v -0.00000000 -0.10601445 0.00029405
v -0.00000000 -0.10600000 0.00000000
v -0.00000000 -0.10601445 -0.00029405
v -0.00000000 -0.10605764 -0.00058527
v -0.00000000 -0.10612918 -0.00087085
v -0.00000000 -0.10622836 -0.00114805
v -0.00000000 -0.10635424 -0.00141419
v -0.00000000 -0.10650559 -0.00166671
v -0.00000000 -0.10668097 -0.00190318
v -0.00000000 -0.10687868 -0.00212132
v -0.00000000 -0.10709682 -0.00231903
v -0.00000000 -0.10733329 -0.00249441
v -0.00000000 -0.10758581 -0.00264576
v -0.00000000 -0.10785195 -0.00277164
v -0.00000000 -0.10812915 -0.00287082
v -0.00000000 -0.10841473 -0.00294236
v -0.00000000 -0.10870595 -0.00298555
v -0.00000000 -0.10900000 -0.00300000
v -0.00000000 -0.10929405 -0.00298555
v -0.00000000 -0.10958527 -0.00294236
v -0.00000000 -0.10987085 -0.00287082
v -0.00000000 -0.11014805 -0.00277164
v -0.00000000 -0.11041419 -0.00264576
v -0.00000000 -0.11066671 -0.00249441
v -0.00000000 -0.11090318 -0.00231903
v -0.00000000 -0.11112132 -0.00212132
v -0.00000000 -0.11131903 -0.00190318
v -0.00000000 -0.11149441 -0.00166671
v -0.00000000 -0.11164576 -0.00141419
v -0.00000000 -0.11177164 -0.00114805
v -0.00000000 -0.11187082 -0.00087085
v -0.00000000 -0.11194236 -0.00058527
v -0.00000000 -0.11198555 -0.00029405
v 0.01097792 -0.11146069 0.00000000
v 0.01097650 -0.11144631 0.00029405
v 0.01097227 -0.11140332 0.00058527
v 0.01096526 -0.11133213 0.00087085
v 0.01095554 -0.11123343 0.00114805
v 0.01094320 -0.11110816 0.00141419
v 0.01092836 -0.11095753 0.00166671
v 0.01091117 -0.11078300 0.00190318
v 0.01089179 -0.11058624 0.00212132
v 0.01087041 -0.11036915 0.00231903
v 0.01084723 -0.11013382 0.00249441
v 0.01082248 -0.10988252 0.00264576
v 0.01079640 -0.10961766 0.00277164
v 0.01076923 -0.10934180 0.00287082
v 0.01074123 -0.10905759 0.00294236
v 0.01071269 -0.10876777 0.00298555
v 0.01068387 -0.10847514 0.00300000
v 0.01065505 -0.10818250 0.00298555
v 0.01062650 -0.10789268 0.00294236
v 0.01059851 -0.10760847 0.00287082
v 0.01057134 -0.10733261 0.00277164
v 0.01054525 -0.10706775 0.00264576
v 0.01052050 -0.10681645 0.00249441
v 0.01049732 -0.10658112 0.00231903
v 0.01047594 -0.10636403 0.00212132
v 0.01045656 -0.10616727 0.00190318
v 0.01043937 -0.10599274 0.00166671
v 0.01042454 -0.10584211 0.00141419
v 0.01041220 -0.10571684 0.00114805
v 0.01040248 -0.10561814 0.00087085
v 0.01039547 -0.10554695 0.00058527
v 0.01039123 -0.10550396 0.00029405
v 0.01038982 -0.10548958 0.00000000
v 0.01039123 -0.10550396 -0.00029405
v 0.01039547 -0.10554695 -0.00058527
v 0.01040248 -0.10561814 -0.00087085
v 0.01041220 -0.10571684 -0.00114805
v 0.01042454 -0.10584211 -0.00141419
v 0.01043937 -0.10599274 -0.00166671
v 0.01045656 -0.10616727 -0.00190318
v 0.01047594 -0.10636403 -0.00212132
v 0.01049732 -0.10658112 -0.00231903
v 0.01052050 -0.10681645 -0.00249441
v 0.01054525 -0.10706775 -0.00264576
v 0.01057134 -0.10733261 -0.00277164
v 0.01059851 -0.10760847 -0.00287082
v 0.01062650 -0.10789268 -0.00294236
v 0.01065505 -0.10818250 -0.00298555
v 0.01068387 -0.10847514 -0.00300000
v 0.01071269 -0.10876777 -0.00298555
v 0.01074123 -0.10905759 -0.00294236
v 0.01076923 -0.10934180 -0.00287082
v 0.01079640 -0.10961766 -0.00277164
v 0.01082248 -0.10988252 -0.00264576
v 0.01084723 -0.11013382 -0.00249441
v 0.01087041 -0.11036915 -0.00231903
v 0.01089179 -0.11058624 -0.00212132
v 0.01091117 -0.11078300 -0.00190318
v 0.01092836 -0.11095753 -0.00166671
v 0.01094320 -0.11110816 -0.00141419
v 0.01095554 -0.11123343 -0.00114805
v 0.01096526 -0.11133213 -0.00087085
v 0.01097227 -0.11140332 -0.00058527
v 0.01097650 -0.11144631 -0.00029405
v 0.02185012 -0.10984795 0.00000000
v 0.02184730 -0.10983378 0.00029405
v 0.02183887 -0.10979141 0.00058527
v 0.02182491 -0.10972125 0.00087085
v 0.02180556 -0.10962398 0.00114805
v 0.02178101 -0.10950052 0.00141419
v 0.02175148 -0.10935208 0.00166671
v 0.02171727 -0.10918007 0.00190318
v 0.02167869 -0.10898616 0.00212132
v 0.02163614 -0.10877221 0.00231903
v 0.02159000 -0.10854028 0.00249441
v 0.02154074 -0.10829261 0.00264576
v 0.02148882 -0.10803159 0.00277164
v 0.02143474 -0.10775972 0.00287082
v 0.02137903 -0.10747962 0.00294236
v 0.02132221 -0.10719400 0.00298555
v 0.02126485 -0.10690560 0.00300000
v 0.02120748 -0.10661719 0.00298555
v 0.02115066 -0.10633157 0.00294236
v 0.02109495 -0.10605147 0.00287082
v 0.02104087 -0.10577960 0.00277164
v 0.02098895 -0.10551858 0.00264576
v 0.02093969 -0.10527091 0.00249441
v 0.02089355 -0.10503898 0.00231903
v 0.02085100 -0.10482504 0.00212132
v 0.02081242 -0.10463112 0.00190318
v 0.02077821 -0.10445912 0.00166671
v 0.02074868 -0.10431067 0.00141419
v 0.02072413 -0.10418721 0.00114805
v 0.02070478 -0.10408994 0.00087085
v 0.02069082 -0.10401978 0.00058527
v 0.02068239 -0.10397741 0.00029405
v 0.02067957 -0.10396324 0.00000000
v 0.02068239 -0.10397741 -0.00029405
v 0.02069082 -0.10401978 -0.00058527
v 0.02070478 -0.10408994 -0.00087085
v 0.02072413 -0.10418721 -0.00114805
v 0.02074868 -0.10431067 -0.00141419
v 0.02077821 -0.10445912 -0.00166671
v 0.02081242 -0.10463112 -0.00190318
v 0.02085100 -0.10482504 -0.00212132
v 0.02089355 -0.10503898 -0.00231903
v 0.02093969 -0.10527091 -0.00249441
v 0.02098895 -0.10551858 -0.00264576
v 0.02104087 -0.10577960 -0.00277164
v 0.02109495 -0.10605147 -0.00287082
v 0.02115066 -0.10633157 -0.00294236
v 0.02120748 -0.10661719 -0.00298555
v 0.02126485 -0.10690560 -0.00300000
v 0.02132221 -0.10719400 -0.00298555
v 0.02137903 -0.10747962 -0.00294236
v 0.02143474 -0.10775972 -0.00287082
v 0.02148882 -0.10803159 -0.00277164
v 0.02154074 -0.10829261 -0.00264576
v 0.02159000 -0.10854028 -0.00249441
v 0.02163614 -0.10877221 -0.00231903
v 0.02167869 -0.10898616 -0.00212132
v 0.02171727 -0.10918007 -0.00190318
v 0.02175148 -0.10935208 -0.00166671
v 0.02178101 -0.10950052 -0.00141419
v 0.02180556 -0.10962398 -0.00114805
v 0.02182491 -0.10972125 -0.00087085
v 0.02183887 -0.10979141 -0.00058527
v 0.02184730 -0.10983378 -0.00029405
v 0.03251188 -0.10717732 0.00000000
v 0.03250769 -0.10716349 0.00029405
v 0.03249515 -0.10712216 0.00058527
v 0.03247439 -0.10705370 0.00087085
v 0.03244559 -0.10695879 0.00114805
v 0.03240905 -0.10683833 0.00141419
v 0.03236512 -0.10669350 0.00166671
v 0.03231421 -0.10652567 0.00190318
v 0.03225682 -0.10633647 0.00212132
v 0.03219349 -0.10612773 0.00231903
v 0.03212485 -0.10590144 0.00249441
v 0.03205155 -0.10565979 0.00264576
v 0.03197429 -0.10540511 0.00277164
v 0.03189383 -0.10513985 0.00287082
v 0.03181093 -0.10486657 0.00294236
v 0.03172639 -0.10458789 0.00298555
v 0.03164103 -0.10430650 0.00300000
v 0.03155567 -0.10402511 0.00298555
v 0.03147113 -0.10374643 0.00294236
v 0.03138823 -0.10347314 0.00287082
v 0.03130777 -0.10320788 0.00277164
v 0.03123051 -0.10295320 0.00264576
v 0.03115721 -0.10271155 0.00249441
v 0.03108857 -0.10248527 0.00231903
v 0.03102524 -0.10227652 0.00212132
v 0.03096785 -0.10208732 0.00190318
v 0.03091694 -0.10191950 0.00166671
v 0.03087301 -0.10177466 0.00141419
v 0.03083647 -0.10165420 0.00114805
v 0.03080767 -0.10155929 0.00087085
v 0.03078691 -0.10149084 0.00058527
v 0.03077437 -0.10144950 0.00029405
v 0.03077018 -0.10143568 0.00000000
v 0.03077437 -0.10144950 -0.00029405
v 0.03078691 -0.10149084 -0.00058527
v 0.03080767 -0.10155929 -0.00087085
v 0.03083647 -0.10165420 -0.00114805
v 0.03087301 -0.10177466 -0.00141419
v 0.03091694 -0.10191950 -0.00166671
v 0.03096785 -0.10208732 -0.00190318
v 0.03102524 -0.10227652 -0.00212132
v 0.03108857 -0.10248527 -0.00231903
v 0.03115721 -0.10271155 -0.00249441
v 0.03123051 -0.10295320 -0.00264576
v 0.03130777 -0.10320788 -0.00277164
v 0.03138823 -0.10347314 -0.00287082
v 0.03147113 -0.10374643 -0.00294236
v 0.03155567 -0.10402511 -0.00298555
v 0.03164103 -0.10430650 -0.00300000
v 0.03172639 -0.10458789 -0.00298555
v 0.03181093 -0.10486657 -0.00294236
v 0.03189383 -0.10513985 -0.00287082
v 0.03197429 -0.10540511 -0.00277164
v 0.03205155 -0.10565979 -0.00264576
v 0.03212485 -0.10590144 -0.00249441
v 0.03219349 -0.10612773 -0.00231903
v 0.03225682 -0.10633647 -0.00212132
v 0.03231421 -0.10652567 -0.00190318
v 0.03236512 -0.10669350 -0.00166671
v 0.03240905 -0.10683833 -0.00141419
v 0.03244559 -0.10695879 -0.00114805
v 0.03247439 -0.10705370 -0.00087085
v 0.03249515 -0.10712216 -0.00058527
v 0.03250769 -0.10716349 -0.00029405
v 0.04286054 -0.10347451 0.00000000
v 0.04285502 -0.10346116 0.00029405
v 0.04283848 -0.10342125 0.00058527
v 0.04281111 -0.10335516 0.00087085
v 0.04277315 -0.10326353 0.00114805
v 0.04272498 -0.10314724 0.00141419
v 0.04266706 -0.10300740 0.00166671
v 0.04259995 -0.10284537 0.00190318
v 0.04252429 -0.10266271 0.00212132
v 0.04244081 -0.10246118 0.00231903
v 0.04235032 -0.10224271 0.00249441
v 0.04225368 -0.10200941 0.00264576
v 0.04215183 -0.10176353 0.00277164
v 0.04204576 -0.10150743 0.00287082
v 0.04193647 -0.10124359 0.00294236
v 0.04182502 -0.10097454 0.00298555
v 0.04171249 -0.10070287 0.00300000
v 0.04159997 -0.10043120 0.00298555
v 0.04148852 -0.10016215 0.00294236
v 0.04137923 -0.09989830 0.00287082
v 0.04127315 -0.09964221 0.00277164
v 0.04117131 -0.09939633 0.00264576
v 0.04107467 -0.09916303 0.00249441
v 0.04098418 -0.09894456 0.00231903
v 0.04090070 -0.09874302 0.00212132
v 0.04082504 -0.09856036 0.00190318
v 0.04075793 -0.09839834 0.00166671
v 0.04070000 -0.09825850 0.00141419
v 0.04065183 -0.09814221 0.00114805
v 0.04061388 -0.09805058 0.00087085
v 0.04058650 -0.09798449 0.00058527
v 0.04056997 -0.09794458 0.00029405
v 0.04056444 -0.09793123 0.00000000
v 0.04056997 -0.09794458 -0.00029405
v 0.04058650 -0.09798449 -0.00058527
v 0.04061388 -0.09805058 -0.00087085
v 0.04065183 -0.09814221 -0.00114805
v 0.04070000 -0.09825850 -0.00141419
v 0.04075793 -0.09839834 -0.00166671
v 0.04082504 -0.09856036 -0.00190318
v 0.04090070 -0.09874302 -0.00212132
v 0.04098418 -0.09894456 -0.00231903
v 0.04107467 -0.09916303 -0.00249441
v 0.04117131 -0.09939633 -0.00264576
v 0.04127315 -0.09964221 -0.00277164
v 0.04137923 -0.09989830 -0.00287082
v 0.04148852 -0.10016215 -0.00294236
v 0.04159997 -0.10043120 -0.00298555
v 0.04171249 -0.10070287 -0.00300000
v 0.04182502 -0.10097454 -0.00298555
v 0.04193647 -0.10124359 -0.00294236
v 0.04204576 -0.10150743 -0.00287082
v 0.04215183 -0.10176353 -0.00277164
v 0.04225368 -0.10200941 -0.00264576
v 0.04235032 -0.10224271 -0.00249441
v 0.04244081 -0.10246118 -0.00231903
v 0.04252429 -0.10266271 -0.00212132
v 0.04259995 -0.10284537 -0.00190318
v 0.04266706 -0.10300740 -0.00166671
v 0.04272498 -0.10314724 -0.00141419
v 0.04277315 -0.10326353 -0.00114805
v 0.04281111 -0.10335516 -0.00087085
v 0.04283848 -0.10342125 -0.00058527
v 0.04285502 -0.10346116 -0.00029405
v 0.05279643 -0.09877518 0.00000000
v 0.05278962 -0.09876244 0.00029405
v 0.05276926 -0.09872434 0.00058527
v 0.05273554 -0.09866126 0.00087085
v 0.05268879 -0.09857378 0.00114805
v 0.05262945 -0.09846277 0.00141419
v 0.05255810 -0.09832929 0.00166671
v 0.05247543 -0.09817462 0.00190318
v 0.05238223 -0.09800026 0.00212132
v 0.05227940 -0.09780787 0.00231903
v 0.05216793 -0.09759933 0.00249441
v 0.05204889 -0.09737662 0.00264576
v 0.05192343 -0.09714191 0.00277164
v 0.05179276 -0.09689744 0.00287082
v 0.05165814 -0.09664558 0.00294236
v 0.05152086 -0.09638875 0.00298555
v 0.05138224 -0.09612942 0.00300000
v 0.05124363 -0.09587009 0.00298555
v 0.05110635 -0.09561325 0.00294236
v 0.05097173 -0.09536139 0.00287082
v 0.05084106 -0.09511693 0.00277164
v 0.05071560 -0.09488221 0.00264576
v 0.05059656 -0.09465951 0.00249441
v 0.05048509 -0.09445096 0.00231903
v 0.05038226 -0.09425858 0.00212132
v 0.05028906 -0.09408421 0.00190318
v 0.05020639 -0.09392955 0.00166671
v 0.05013504 -0.09379606 0.00141419
v 0.05007570 -0.09368505 0.00114805
v 0.05002895 -0.09359758 0.00087085
v 0.04999523 -0.09353449 0.00058527
v 0.04997486 -0.09349639 0.00029405
v 0.04996805 -0.09348365 0.00000000
v 0.04997486 -0.09349639 -0.00029405
v 0.04999523 -0.09353449 -0.00058527
v 0.05002895 -0.09359758 -0.00087085
v 0.05007570 -0.09368505 -0.00114805
v 0.05013504 -0.09379606 -0.00141419
v 0.05020639 -0.09392955 -0.00166671
v 0.05028906 -0.09408421 -0.00190318
v 0.05038226 -0.09425858 -0.00212132
v 0.05048509 -0.09445096 -0.00231903
v 0.05059656 -0.09465951 -0.00249441
v 0.05071560 -0.09488221 -0.00264576
v 0.05084106 -0.09511693 -0.00277164
v 0.05097173 -0.09536139 -0.00287082
v 0.05110635 -0.09561325 -0.00294236
v 0.05124363 -0.09587009 -0.00298555
v 0.05138224 -0.09612942 -0.00300000
v 0.05152086 -0.09638875 -0.00298555
v 0.05165814 -0.09664558 -0.00294236
v 0.05179276 -0.09689744 -0.00287082
v 0.05192343 -0.09714191 -0.00277164
v 0.05204889 -0.09737662 -0.00264576
v 0.05216793 -0.09759933 -0.00249441
v 0.05227940 -0.09780787 -0.00231903
v 0.05238223 -0.09800026 -0.00212132
v 0.05247543 -0.09817462 -0.00190318
v 0.05255810 -0.09832929 -0.00166671
v 0.05262945 -0.09846277 -0.00141419
v 0.05268879 -0.09857378 -0.00114805
v 0.05273554 -0.09866126 -0.00087085
v 0.05276926 -0.09872434 -0.00058527
v 0.05278962 -0.09876244 -0.00029405
v 0.06222387 -0.09312460 0.00000000
v 0.06221584 -0.09311259 0.00029405
v 0.06219184 -0.09307667 0.00058527
v 0.06215210 -0.09301719 0.00087085
v 0.06209700 -0.09293472 0.00114805
v 0.06202706 -0.09283006 0.00141419
v 0.06194297 -0.09270421 0.00166671
v 0.06184554 -0.09255839 0.00190318
v 0.06173570 -0.09239400 0.00212132
v 0.06161451 -0.09221262 0.00231903
v 0.06148313 -0.09201601 0.00249441
v 0.06134284 -0.09180604 0.00264576
v 0.06119498 -0.09158476 0.00277164
v 0.06104098 -0.09135428 0.00287082
v 0.06088231 -0.09111682 0.00294236
v 0.06072052 -0.09087468 0.00298555
v 0.06055716 -0.09063019 0.00300000
v 0.06039379 -0.09038569 0.00298555
v 0.06023200 -0.09014355 0.00294236
v 0.06007333 -0.08990610 0.00287082
v 0.05991933 -0.08967562 0.00277164
v 0.05977147 -0.08945433 0.00264576
v 0.05963118 -0.08924437 0.00249441
v 0.05949981 -0.08904775 0.00231903
v 0.05937861 -0.08886637 0.00212132
v 0.05926877 -0.08870198 0.00190318
v 0.05917134 -0.08855616 0.00166671
v 0.05908725 -0.08843032 0.00141419
v 0.05901732 -0.08832565 0.00114805
v 0.05896221 -0.08824319 0.00087085
v 0.05892247 -0.08818371 0.00058527
v 0.05889847 -0.08814779 0.00029405
v 0.05889044 -0.08813578 0.00000000
v 0.05889847 -0.08814779 -0.00029405
v 0.05892247 -0.08818371 -0.00058527
v 0.05896221 -0.08824319 -0.00087085
v 0.05901732 -0.08832565 -0.00114805
v 0.05908725 -0.08843032 -0.00141419
v 0.05917134 -0.08855616 -0.00166671
v 0.05926877 -0.08870198 -0.00190318
v 0.05937861 -0.08886637 -0.00212132
v 0.05949981 -0.08904775 -0.00231903
v 0.05963118 -0.08924437 -0.00249441
v 0.05977147 -0.08945433 -0.00264576
v 0.05991933 -0.08967562 -0.00277164
v 0.06007333 -0.08990610 -0.00287082
v 0.06023200 -0.09014355 -0.00294236
v 0.06039379 -0.09038569 -0.00298555
v 0.06055716 -0.09063019 -0.00300000
v 0.06072052 -0.09087468 -0.00298555
v 0.06088231 -0.09111682 -0.00294236
v 0.06104098 -0.09135428 -0.00287082
v 0.06119498 -0.09158476 -0.00277164
v 0.06134284 -0.09180604 -0.00264576
v 0.06148313 -0.09201601 -0.00249441
v 0.06161451 -0.09221262 -0.00231903
v 0.06173570 -0.09239400 -0.00212132
v 0.06184554 -0.09255839 -0.00190318
v 0.06194297 -0.09270421 -0.00166671
v 0.06202706 -0.09283006 -0.00141419
v 0.06209700 -0.09293472 -0.00114805
v 0.06215210 -0.09301719 -0.00087085
v 0.06219184 -0.09307667 -0.00058527
v 0.06221584 -0.09311259 -0.00029405
v 0.07105205 -0.08657717 0.00000000
v 0.07104288 -0.08656600 0.00029405
v 0.07101548 -0.08653261 0.00058527
v 0.07097010 -0.08647731 0.00087085
v 0.07090718 -0.08640065 0.00114805
v 0.07082732 -0.08630334 0.00141419
v 0.07073130 -0.08618634 0.00166671
v 0.07062005 -0.08605077 0.00190318
v 0.07049462 -0.08589794 0.00212132
v 0.07035623 -0.08572932 0.00231903
v 0.07020622 -0.08554652 0.00249441
v 0.07004602 -0.08535132 0.00264576
v 0.06987718 -0.08514559 0.00277164
v 0.06970133 -0.08493132 0.00287082
v 0.06952016 -0.08471056 0.00294236
v 0.06933541 -0.08448544 0.00298555
v 0.06914887 -0.08425814 0.00300000
v 0.06896232 -0.08403083 0.00298555
v 0.06877758 -0.08380572 0.00294236
v 0.06859640 -0.08358496 0.00287082
v 0.06842055 -0.08337068 0.00277164
v 0.06825172 -0.08316496 0.00264576
v 0.06809152 -0.08296975 0.00249441
v 0.06794150 -0.08278696 0.00231903
v 0.06780312 -0.08261834 0.00212132
v 0.06767769 -0.08246550 0.00190318
v 0.06756643 -0.08232994 0.00166671
v 0.06747041 -0.08221294 0.00141419
v 0.06739056 -0.08211563 0.00114805
v 0.06732764 -0.08203896 0.00087085
v 0.06728226 -0.08198367 0.00058527
v 0.06725485 -0.08195027 0.00029405
v 0.06724569 -0.08193911 0.00000000
v 0.06725485 -0.08195027 -0.00029405
v 0.06728226 -0.08198367 -0.00058527
v 0.06732764 -0.08203896 -0.00087085
v 0.06739056 -0.08211563 -0.00114805
v 0.06747041 -0.08221294 -0.00141419
v 0.06756643 -0.08232994 -0.00166671
v 0.06767769 -0.08246550 -0.00190318
v 0.06780312 -0.08261834 -0.00212132
v 0.06794150 -0.08278696 -0.00231903
v 0.06809152 -0.08296975 -0.00249441
v 0.06825172 -0.08316496 -0.00264576
v 0.06842055 -0.08337068 -0.00277164
v 0.06859640 -0.08358496 -0.00287082
v 0.06877758 -0.08380572 -0.00294236
v 0.06896232 -0.08403083 -0.00298555
v 0.06914887 -0.08425814 -0.00300000
v 0.06933541 -0.08448544 -0.00298555
v 0.06952016 -0.08471056 -0.00294236
v 0.06970133 -0.08493132 -0.00287082
v 0.06987718 -0.08514559 -0.00277164
v 0.07004602 -0.08535132 -0.00264576
v 0.07020622 -0.08554652 -0.00249441
v 0.07035623 -0.08572932 -0.00231903
v 0.07049462 -0.08589794 -0.00212132
v 0.07062005 -0.08605077 -0.00190318
v 0.07073130 -0.08618634 -0.00166671
v 0.07082732 -0.08630334 -0.00141419
v 0.07090718 -0.08640065 -0.00114805
v 0.07097010 -0.08647731 -0.00087085
v 0.07101548 -0.08653261 -0.00058527
v 0.07104288 -0.08656600 -0.00029405
v 0.07919596 -0.07919596 0.00000000
v 0.07918574 -0.07918574 0.00029405
v 0.07915520 -0.07915520 0.00058527
v 0.07910462 -0.07910462 0.00087085
v 0.07903448 -0.07903448 0.00114805
v 0.07894548 -0.07894548 0.00141419
v 0.07883845 -0.07883845 0.00166671
v 0.07871444 -0.07871444 0.00190318
v 0.07857464 -0.07857464 0.00212132
v 0.07842039 -0.07842039 0.00231903
v 0.07825318 -0.07825318 0.00249441
v 0.07807462 -0.07807462 0.00264576
v 0.07788643 -0.07788643 0.00277164
v 0.07769043 -0.07769043 0.00287082
v 0.07748849 -0.07748849 0.00294236
v 0.07728256 -0.07728256 0.00298555
v 0.07707464 -0.07707464 0.00300000
v 0.07686671 -0.07686671 0.00298555
v 0.07666079 -0.07666079 0.00294236
v 0.07645885 -0.07645885 0.00287082
v 0.07626284 -0.07626284 0.00277164
v 0.07607466 -0.07607466 0.00264576
v 0.07589610 -0.07589610 0.00249441
v 0.07572889 -0.07572889 0.00231903
v 0.07557464 -0.07557464 0.00212132
v 0.07543484 -0.07543484 0.00190318
v 0.07531083 -0.07531083 0.00166671
v 0.07520380 -0.07520380 0.00141419
v 0.07511479 -0.07511479 0.00114805
v 0.07504466 -0.07504466 0.00087085
v 0.07499408 -0.07499408 0.00058527
v 0.07496353 -0.07496353 0.00029405
v 0.07495332 -0.07495332 0.00000000
v 0.07496353 -0.07496353 -0.00029405
v 0.07499408 -0.07499408 -0.00058527
v 0.07504466 -0.07504466 -0.00087085
v 0.07511479 -0.07511479 -0.00114805
v 0.07520380 -0.07520380 -0.00141419
v 0.07531083 -0.07531083 -0.00166671
v 0.07543484 -0.07543484 -0.00190318
v 0.07557464 -0.07557464 -0.00212132
v 0.07572889 -0.07572889 -0.00231903
v 0.07589610 -0.07589610 -0.00249441
v 0.07607466 -0.07607466 -0.00264576
v 0.07626284 -0.07626284 -0.00277164
v 0.07645885 -0.07645885 -0.00287082
v 0.07666079 -0.07666079 -0.00294236
v 0.07686671 -0.07686671 -0.00298555
v 0.07707464 -0.07707464 -0.00300000
v 0.07728256 -0.07728256 -0.00298555
v 0.07748849 -0.07748849 -0.00294236
v 0.07769043 -0.07769043 -0.00287082
v 0.07788643 -0.07788643 -0.00277164
v 0.07807462 -0.07807462 -0.00264576
v 0.07825318 -0.07825318 -0.00249441
v 0.07842039 -0.07842039 -0.00231903
v 0.07857464 -0.07857464 -0.00212132
v 0.07871444 -0.07871444 -0.00190318
v 0.07883845 -0.07883845 -0.00166671
v 0.07894548 -0.07894548 -0.00141419
v 0.07903448 -0.07903448 -0.00114805
v 0.07910462 -0.07910462 -0.00087085
v 0.07915520 -0.07915520 -0.00058527
v 0.07918574 -0.07918574 -0.00029405
v 0.08657717 -0.07105205 0.00000000
v 0.08656600 -0.07104288 0.00029405
v 0.08653261 -0.07101548 0.00058527
v 0.08647731 -0.07097010 0.00087085
v 0.08640065 -0.07090718 0.00114805
v 0.08630334 -0.07082732 0.00141419
v 0.08618634 -0.07073130 0.00166671
v 0.08605077 -0.07062005 0.00190318
v 0.08589794 -0.07049462 0.00212132
v 0.08572932 -0.07035623 0.00231903
v 0.08554652 -0.07020622 0.00249441
v 0.08535132 -0.07004602 0.00264576
v 0.08514559 -0.06987718 0.00277164
v 0.08493132 -0.06970133 0.00287082
v 0.08471056 -0.06952016 0.00294236
v 0.08448544 -0.06933541 0.00298555
v 0.08425814 -0.06914887 0.00300000
v 0.08403083 -0.06896232 0.00298555
v 0.08380572 -0.06877758 0.00294236
v 0.08358496 -0.06859640 0.00287082
v 0.08337068 -0.06842055 0.00277164
v 0.08316496 -0.06825172 0.00264576
v 0.08296975 -0.06809152 0.00249441
v 0.08278696 -0.06794150 0.00231903
v 0.08261834 -0.06780312 0.00212132
v 0.08246550 -0.06767769 0.00190318
v 0.08232994 -0.06756643 0.00166671
v 0.08221294 -0.06747041 0.00141419
v 0.08211563 -0.06739056 0.00114805
v 0.08203896 -0.06732764 0.00087085
v 0.08198367 -0.06728226 0.00058527
v 0.08195027 -0.06725485 0.00029405
v 0.08193911 -0.06724569 0.00000000
v 0.08195027 -0.06725485 -0.00029405
v 0.08198367 -0.06728226 -0.00058527
v 0.08203896 -0.06732764 -0.00087085
v 0.08211563 -0.06739056 -0.00114805
v 0.08221294 -0.06747041 -0.00141419
v 0.08232994 -0.06756643 -0.00166671
v 0.08246550 -0.06767769 -0.00190318
v 0.08261834 -0.06780312 -0.00212132
v 0.08278696 -0.06794150 -0.00231903
v 0.08296975 -0.06809152 -0.00249441
v 0.08316496 -0.06825172 -0.00264576
v 0.08337068 -0.06842055 -0.00277164
v 0.08358496 -0.06859640 -0.00287082
v 0.08380572 -0.06877758 -0.00294236
v 0.08403083 -0.06896232 -0.00298555
v 0.08425814 -0.06914887 -0.00300000
v 0.08448544 -0.06933541 -0.00298555
v 0.08471056 -0.06952016 -0.00294236
v 0.08493132 -0.06970133 -0.00287082
v 0.08514559 -0.06987718 -0.00277164
v 0.08535132 -0.07004602 -0.00264576
v 0.08554652 -0.07020622 -0.00249441
v 0.08572932 -0.07035623 -0.00231903
v 0.08589794 -0.07049462 -0.00212132
v 0.08605077 -0.07062005 -0.00190318
v 0.08618634 -0.07073130 -0.00166671
v 0.08630334 -0.07082732 -0.00141419
v 0.08640065 -0.07090718 -0.00114805
v 0.08647731 -0.07097010 -0.00087085
v 0.08653261 -0.07101548 -0.00058527
v 0.08656600 -0.07104288 -0.00029405
v 0.09312460 -0.06222387 0.00000000
v 0.09311259 -0.06221584 0.00029405
v 0.09307667 -0.06219184 0.00058527
v 0.09301719 -0.06215210 0.00087085
v 0.09293472 -0.06209700 0.00114805
v 0.09283006 -0.06202706 0.00141419
v 0.09270421 -0.06194297 0.00166671
v 0.09255839 -0.06184554 0.00190318
v 0.09239400 -0.06173570 0.00212132
v 0.09221262 -0.06161451 0.00231903
v 0.09201601 -0.06148313 0.00249441
v 0.09180604 -0.06134284 0.00264576
v 0.09158476 -0.06119498 0.00277164
v 0.09135428 -0.06104098 0.00287082
v 0.09111682 -0.06088231 0.00294236
v 0.09087468 -0.06072052 0.00298555
v 0.09063019 -0.06055716 0.00300000
v 0.09038569 -0.06039379 0.00298555
v 0.09014355 -0.06023200 0.00294236
v 0.08990610 -0.06007333 0.00287082
v 0.08967562 -0.05991933 0.00277164
v 0.08945433 -0.05977147 0.00264576
v 0.08924437 -0.05963118 0.00249441
v 0.08904775 -0.05949981 0.00231903
v 0.08886637 -0.05937861 0.00212132
v 0.08870198 -0.05926877 0.00190318
v 0.08855616 -0.05917134 0.00166671
v 0.08843032 -0.05908725 0.00141419
v 0.08832565 -0.05901732 0.00114805
v 0.08824319 -0.05896221 0.00087085
v 0.08818371 -0.05892247 0.00058527
v 0.08814779 -0.05889847 0.00029405
v 0.08813578 -0.05889044 0.00000000
v 0.08814779 -0.05889847 -0.00029405
v 0.08818371 -0.05892247 -0.00058527
v 0.08824319 -0.05896221 -0.00087085
v 0.08832565 -0.05901732 -0.00114805
v 0.08843032 -0.05908725 -0.00141419
v 0.08855616 -0.05917134 -0.00166671
v 0.08870198 -0.05926877 -0.00190318
v 0.08886637 -0.05937861 -0.00212132
v 0.08904775 -0.05949981 -0.00231903
v 0.08924437 -0.05963118 -0.00249441
v 0.08945433 -0.05977147 -0.00264576
v 0.08967562 -0.05991933 -0.00277164
v 0.08990610 -0.06007333 -0.00287082
v 0.09014355 -0.06023200 -0.00294236
v 0.09038569 -0.06039379 -0.00298555
v 0.09063019 -0.06055716 -0.00300000
v 0.09087468 -0.06072052 -0.00298555
v 0.09111682 -0.06088231 -0.00294236
v 0.09135428 -0.06104098 -0.00287082
v 0.09158476 -0.06119498 -0.00277164
v 0.09180604 -0.06134284 -0.00264576
v 0.09201601 -0.06148313 -0.00249441
v 0.09221262 -0.06161451 -0.00231903
v 0.09239400 -0.06173570 -0.00212132
v 0.09255839 -0.06184554 -0.00190318
v 0.09270421 -0.06194297 -0.00166671
v 0.09283006 -0.06202706 -0.00141419
v 0.09293472 -0.06209700 -0.00114805
v 0.09301719 -0.06215210 -0.00087085
v 0.09307667 -0.06219184 -0.00058527
v 0.09311259 -0.06221584 -0.00029405
v 0.09877518 -0.05279643 0.00000000
v 0.09876244 -0.05278962 0.00029405
v 0.09872434 -0.05276926 0.00058527
v 0.09866126 -0.05273554 0.00087085
v 0.09857378 -0.05268879 0.00114805
v 0.09846277 -0.05262945 0.00141419
v 0.09832929 -0.05255810 0.00166671
v 0.09817462 -0.05247543 0.00190318
v 0.09800026 -0.05238223 0.00212132
v 0.09780787 -0.05227940 0.00231903
v 0.09759933 -0.05216793 0.00249441
v 0.09737662 -0.05204889 0.00264576
v 0.09714191 -0.05192343 0.00277164
v 0.09689744 -0.05179276 0.00287082
v 0.09664558 -0.05165814 0.00294236
v 0.09638875 -0.05152086 0.00298555
v 0.09612942 -0.05138224 0.00300000
v 0.09587009 -0.05124363 0.00298555
v 0.09561325 -0.05110635 0.00294236
v 0.09536139 -0.05097173 0.00287082
v 0.09511693 -0.05084106 0.00277164
v 0.09488221 -0.05071560 0.00264576
v 0.09465951 -0.05059656 0.00249441
v 0.09445096 -0.05048509 0.00231903
v 0.09425858 -0.05038226 0.00212132
v 0.09408421 -0.05028906 0.00190318
v 0.09392955 -0.05020639 0.00166671
v 0.09379606 -0.05013504 0.00141419
v 0.09368505 -0.05007570 0.00114805
v 0.09359758 -0.05002895 0.00087085
v 0.09353449 -0.04999523 0.00058527
v 0.09349639 -0.04997486 0.00029405
v 0.09348365 -0.04996805 0.00000000
v 0.09349639 -0.04997486 -0.00029405
v 0.09353449 -0.04999523 -0.00058527
v 0.09359758 -0.05002895 -0.00087085
v 0.09368505 -0.05007570 -0.00114805
v 0.09379606 -0.05013504 -0.00141419
v 0.09392955 -0.05020639 -0.00166671
v 0.09408421 -0.05028906 -0.00190318
v 0.09425858 -0.05038226 -0.00212132
v 0.09445096 -0.05048509 -0.00231903
v 0.09465951 -0.05059656 -0.00249441
v 0.09488221 -0.05071560 -0.00264576
v 0.09511693 -0.05084106 -0.00277164
v 0.09536139 -0.05097173 -0.00287082
v 0.09561325 -0.05110635 -0.00294236
v 0.09587009 -0.05124363 -0.00298555
v 0.09612942 -0.05138224 -0.00300000
v 0.09638875 -0.05152086 -0.00298555
v 0.09664558 -0.05165814 -0.00294236
v 0.09689744 -0.05179276 -0.00287082
v 0.09714191 -0.05192343 -0.00277164
v 0.09737662 -0.05204889 -0.00264576
v 0.09759933 -0.05216793 -0.00249441
v 0.09780787 -0.05227940 -0.00231903
v 0.09800026 -0.05238223 -0.00212132
v 0.09817462 -0.05247543 -0.00190318
v 0.09832929 -0.05255810 -0.00166671
v 0.09846277 -0.05262945 -0.00141419
v 0.09857378 -0.05268879 -0.00114805
v 0.09866126 -0.05273554 -0.00087085
v 0.09872434 -0.05276926 -0.00058527
v 0.09876244 -0.05278962 -0.00029405
v 0.10347451 -0.04286054 0.00000000
v 0.10346116 -0.04285502 0.00029405
v 0.10342125 -0.04283848 0.00058527
v 0.10335516 -0.04281111 0.00087085
v 0.10326353 -0.04277315 0.00114805
v 0.10314724 -0.04272498 0.00141419
v 0.10300740 -0.04266706 0.00166671
v 0.10284537 -0.04259995 0.00190318
v 0.10266271 -0.04252429 0.00212132
v 0.10246118 -0.04244081 0.00231903
v 0.10224271 -0.04235032 0.00249441
v 0.10200941 -0.04225368 0.00264576
v 0.10176353 -0.04215183 0.00277164
v 0.10150743 -0.04204576 0.00287082
v 0.10124359 -0.04193647 0.00294236
v 0.10097454 -0.04182502 0.00298555
v 0.10070287 -0.04171249 0.00300000
v 0.10043120 -0.04159997 0.00298555
v 0.10016215 -0.04148852 0.00294236
v 0.09989830 -0.04137923 0.00287082
v 0.09964221 -0.04127315 0.00277164
v 0.09939633 -0.04117131 0.00264576
v 0.09916303 -0.04107467 0.00249441
v 0.09894456 -0.04098418 0.00231903
v 0.09874302 -0.04090070 0.00212132
v 0.09856036 -0.04082504 0.00190318
v 0.09839834 -0.04075793 0.00166671
v 0.09825850 -0.04070000 0.00141419
v 0.09814221 -0.04065183 0.00114805
v 0.09805058 -0.04061388 0.00087085
v 0.09798449 -0.04058650 0.00058527
v 0.09794458 -0.04056997 0.00029405
v 0.09793123 -0.04056444 0.00000000
v 0.09794458 -0.04056997 -0.00029405
v 0.09798449 -0.04058650 -0.00058527
v 0.09805058 -0.04061388 -0.00087085
v 0.09814221 -0.04065183 -0.00114805
v 0.09825850 -0.04070000 -0.00141419
v 0.09839834 -0.04075793 -0.00166671
v 0.09856036 -0.04082504 -0.00190318
v 0.09874302 -0.04090070 -0.00212132
v 0.09894456 -0.04098418 -0.00231903
v 0.09916303 -0.04107467 -0.00249441
v 0.09939633 -0.04117131 -0.00264576
v 0.09964221 -0.04127315 -0.00277164
v 0.09989830 -0.04137923 -0.00287082
v 0.10016215 -0.04148852 -0.00294236
v 0.10043120 -0.04159997 -0.00298555
v 0.10070287 -0.04171249 -0.00300000
v 0.10097454 -0.04182502 -0.00298555
v 0.10124359 -0.04193647 -0.00294236
v 0.10150743 -0.04204576 -0.00287082
v 0.10176353 -0.04215183 -0.00277164
v 0.10200941 -0.04225368 -0.00264576
v 0.10224271 -0.04235032 -0.00249441
v 0.10246118 -0.04244081 -0.00231903
v 0.10266271 -0.04252429 -0.00212132
v 0.10284537 -0.04259995 -0.00190318
v 0.10300740 -0.04266706 -0.00166671
v 0.10314724 -0.04272498 -0.00141419
v 0.10326353 -0.04277315 -0.00114805
v 0.10335516 -0.04281111 -0.00087085
v 0.10342125 -0.04283848 -0.00058527
v 0.10346116 -0.04285502 -0.00029405
v 0.10717732 -0.03251188 0.00000000
v 0.10716349 -0.03250769 0.00029405
v 0.10712216 -0.03249515 0.00058527
v 0.10705370 -0.03247439 0.00087085
v 0.10695879 -0.03244559 0.00114805
v 0.10683833 -0.03240905 0.00141419
v 0.10669350 -0.03236512 0.00166671
v 0.10652567 -0.03231421 0.00190318
v 0.10633647 -0.03225682 0.00212132
v 0.10612773 -0.03219349 0.00231903
v 0.10590144 -0.03212485 0.00249441
v 0.10565979 -0.03205155 0.00264576
v 0.10540511 -0.03197429 0.00277164
v 0.10513985 -0.03189383 0.00287082
v 0.10486657 -0.03181093 0.00294236
v 0.10458789 -0.03172639 0.00298555
v 0.10430650 -0.03164103 0.00300000
v 0.10402511 -0.03155567 0.00298555
v 0.10374643 -0.03147113 0.00294236
v 0.10347314 -0.03138823 0.00287082
v 0.10320788 -0.03130777 0.00277164
v 0.10295320 -0.03123051 0.00264576
v 0.10271155 -0.03115721 0.00249441
v 0.10248527 -0.03108857 0.00231903
v 0.10227652 -0.03102524 0.00212132
v 0.10208732 -0.03096785 0.00190318
v 0.10191950 -0.03091694 0.00166671
v 0.10177466 -0.03087301 0.00141419
v 0.10165420 -0.03083647 0.00114805
v 0.10155929 -0.03080767 0.00087085
v 0.10149084 -0.03078691 0.00058527
v 0.10144950 -0.03077437 0.00029405
v 0.10143568 -0.03077018 0.00000000
v 0.10144950 -0.03077437 -0.00029405
v 0.10149084 -0.03078691 -0.00058527
v 0.10155929 -0.03080767 -0.00087085
v 0.10165420 -0.03083647 -0.00114805
v 0.10177466 -0.03087301 -0.00141419
v 0.10191950 -0.03091694 -0.00166671
v 0.10208732 -0.03096785 -0.00190318
v 0.10227652 -0.03102524 -0.00212132
v 0.10248527 -0.03108857 -0.00231903
v 0.10271155 -0.03115721 -0.00249441
v 0.10295320 -0.03123051 -0.00264576
v 0.10320788 -0.03130777 -0.00277164
v 0.10347314 -0.03138823 -0.00287082
v 0.10374643 -0.03147113 -0.00294236
v 0.10402511 -0.03155567 -0.00298555
v 0.10430650 -0.03164103 -0.00300000
v 0.10458789 -0.03172639 -0.00298555
v 0.10486657 -0.03181093 -0.00294236
v 0.10513985 -0.03189383 -0.00287082
v 0.10540511 -0.03197429 -0.00277164
v 0.10565979 -0.03205155 -0.00264576
v 0.10590144 -0.03212485 -0.00249441
v 0.10612773 -0.03219349 -0.00231903
v 0.10633647 -0.03225682 -0.00212132
v 0.10652567 -0.03231421 -0.00190318
v 0.10669350 -0.03236512 -0.00166671
v 0.10683833 -0.03240905 -0.00141419
v 0.10695879 -0.03244559 -0.00114805
v 0.10705370 -0.03247439 -0.00087085
v 0.10712216 -0.03249515 -0.00058527
v 0.10716349 -0.03250769 -0.00029405
v 0.10984795 -0.02185012 0.00000000
v 0.10983378 -0.02184730 0.00029405
v 0.10979141 -0.02183887 0.00058527
v 0.10972125 -0.02182491 0.00087085
v 0.10962398 -0.02180556 0.00114805
v 0.10950052 -0.02178101 0.00141419
v 0.10935208 -0.02175148 0.00166671
v 0.10918007 -0.02171727 0.00190318
v 0.10898616 -0.02167869 0.00212132
v 0.10877221 -0.02163614 0.00231903
v 0.10854028 -0.02159000 0.00249441
v 0.10829261 -0.02154074 0.00264576
v 0.10803159 -0.02148882 0.00277164
v 0.10775972 -0.02143474 0.00287082
v 0.10747962 -0.02137903 0.00294236
v 0.10719400 -0.02132221 0.00298555
v 0.10690560 -0.02126485 0.00300000
v 0.10661719 -0.02120748 0.00298555
v 0.10633157 -0.02115066 0.00294236
v 0.10605147 -0.02109495 0.00287082
v 0.10577960 -0.02104087 0.00277164
v 0.10551858 -0.02098895 0.00264576
v 0.10527091 -0.02093969 0.00249441
v 0.10503898 -0.02089355 0.00231903
v 0.10482504 -0.02085100 0.00212132
v 0.10463112 -0.02081242 0.00190318
v 0.10445912 -0.02077821 0.00166671
v 0.10431067 -0.02074868 0.00141419
v 0.10418721 -0.02072413 0.00114805
v 0.10408994 -0.02070478 0.00087085
v 0.10401978 -0.02069082 0.00058527
v 0.10397741 -0.02068239 0.00029405
v 0.10396324 -0.02067957 0.00000000
v 0.10397741 -0.02068239 -0.00029405
v 0.10401978 -0.02069082 -0.00058527
v 0.10408994 -0.02070478 -0.00087085
v 0.10418721 -0.02072413 -0.00114805
v 0.10431067 -0.02074868 -0.00141419
v 0.10445912 -0.02077821 -0.00166671
v 0.10463112 -0.02081242 -0.00190318
v 0.10482504 -0.02085100 -0.00212132
v 0.10503898 -0.02089355 -0.00231903
v 0.10527091 -0.02093969 -0.00249441
v 0.10551858 -0.02098895 -0.00264576
v 0.10577960 -0.02104087 -0.00277164
v 0.10605147 -0.02109495 -0.00287082
v 0.10633157 -0.02115066 -0.00294236
v 0.10661719 -0.02120748 -0.00298555
v 0.10690560 -0.02126485 -0.00300000
v 0.10719400 -0.02132221 -0.00298555
v 0.10747962 -0.02137903 -0.00294236
v 0.10775972 -0.02143474 -0.00287082
v 0.10803159 -0.02148882 -0.00277164
v 0.10829261 -0.02154074 -0.00264576
v 0.10854028 -0.02159000 -0.00249441
v 0.10877221 -0.02163614 -0.00231903
v 0.10898616 -0.02167869 -0.00212132
v 0.10918007 -0.02171727 -0.00190318
v 0.10935208 -0.02175148 -0.00166671
v 0.10950052 -0.02178101 -0.00141419
v 0.10962398 -0.02180556 -0.00114805
v 0.10972125 -0.02182491 -0.00087085
v 0.10979141 -0.02183887 -0.00058527
v 0.10983378 -0.02184730 -0.00029405
v 0.11146069 -0.01097792 0.00000000
v 0.11144631 -0.01097650 0.00029405
v 0.11140332 -0.01097227 0.00058527
v 0.11133213 -0.01096526 0.00087085
v 0.11123343 -0.01095554 0.00114805
v 0.11110816 -0.01094320 0.00141419
v 0.11095753 -0.01092836 0.00166671
v 0.11078300 -0.01091117 0.00190318
v 0.11058624 -0.01089179 0.00212132
v 0.11036915 -0.01087041 0.00231903
v 0.11013382 -0.01084723 0.00249441
v 0.10988252 -0.01082248 0.00264576
v 0.10961766 -0.01079640 0.00277164
v 0.10934180 -0.01076923 0.00287082
v 0.10905759 -0.01074123 0.00294236
v 0.10876777 -0.01071269 0.00298555
v 0.10847514 -0.01068387 0.00300000
v 0.10818250 -0.01065505 0.00298555
v 0.10789268 -0.01062650 0.00294236
v 0.10760847 -0.01059851 0.00287082
v 0.10733261 -0.01057134 0.00277164
v 0.10706775 -0.01054525 0.00264576
v 0.10681645 -0.01052050 0.00249441
v 0.10658112 -0.01049732 0.00231903
v 0.10636403 -0.01047594 0.00212132
v 0.10616727 -0.01045656 0.00190318
v 0.10599274 -0.01043937 0.00166671
v 0.10584211 -0.01042454 0.00141419
v 0.10571684 -0.01041220 0.00114805
v 0.10561814 -0.01040248 0.00087085
v 0.10554695 -0.01039547 0.00058527
v 0.10550396 -0.01039123 0.00029405
v 0.10548958 -0.01038982 0.00000000
v 0.10550396 -0.01039123 -0.00029405
v 0.10554695 -0.01039547 -0.00058527
v 0.10561814 -0.01040248 -0.00087085
v 0.10571684 -0.01041220 -0.00114805
v 0.10584211 -0.01042454 -0.00141419
v 0.10599274 -0.01043937 -0.00166671
v 0.10616727 -0.01045656 -0.00190318
v 0.10636403 -0.01047594 -0.00212132
v 0.10658112 -0.01049732 -0.00231903
v 0.10681645 -0.01052050 -0.00249441
v 0.10706775 -0.01054525 -0.00264576
v 0.10733261 -0.01057134 -0.00277164
v 0.10760847 -0.01059851 -0.00287082
v 0.10789268 -0.01062650 -0.00294236
v 0.10818250 -0.01065505 -0.00298555
v 0.10847514 -0.01068387 -0.00300000
v 0.10876777 -0.01071269 -0.00298555
v 0.10905759 -0.01074123 -0.00294236
v 0.10934180 -0.01076923 -0.00287082
v 0.10961766 -0.01079640 -0.00277164
v 0.10988252 -0.01082248 -0.00264576
v 0.11013382 -0.01084723 -0.00249441
v 0.11036915 -0.01087041 -0.00231903
v 0.11058624 -0.01089179 -0.00212132
v 0.11078300 -0.01091117 -0.00190318
v 0.11095753 -0.01092836 -0.00166671
v 0.11110816 -0.01094320 -0.00141419
v 0.11123343 -0.01095554 -0.00114805
v 0.11133213 -0.01096526 -0.00087085
v 0.11140332 -0.01097227 -0.00058527
v 0.11144631 -0.01097650 -0.00029405
v 0.07550000 0.00000000 0.00000000
v 0.07548555 0.00000000 0.00029405
v 0.07544236 0.00000000 0.00058527
v 0.07537082 0.00000000 0.00087085
v 0.07527164 0.00000000 0.00114805
v 0.07514576 0.00000000 0.00141419
v 0.07499441 0.00000000 0.00166671
v 0.07481903 0.00000000 0.00190318
v 0.07462132 0.00000000 0.00212132
v 0.07440318 0.00000000 0.00231903
v 0.07416671 0.00000000 0.00249441
v 0.07391419 0.00000000 0.00264576
v 0.07364805 0.00000000 0.00277164
v 0.07337085 0.00000000 0.00287082
v 0.07308527 0.00000000 0.00294236
v 0.07279405 0.00000000 0.00298555
v 0.07250000 0.00000000 0.00300000
v 0.07220595 0.00000000 0.00298555
v 0.07191473 0.00000000 0.00294236
v 0.07162915 0.00000000 0.00287082
v 0.07135195 0.00000000 0.00277164
v 0.07108581 0.00000000 0.00264576
v 0.07083329 0.00000000 0.00249441
v 0.07059682 0.00000000 0.00231903
v 0.07037868 0.00000000 0.00212132
v 0.07018097 0.00000000 0.00190318
v 0.07000559 0.00000000 0.00166671
v 0.06985424 0.00000000 0.00141419
v 0.06972836 0.00000000 0.00114805
v 0.06962918 0.00000000 0.00087085
v 0.06955764 0.00000000 0.00058527
v 0.06951445 0.00000000 0.00029405
v 0.06950000 0.00000000 0.00000000
v 0.06951445 0.00000000 -0.00029405
v 0.06955764 0.00000000 -0.00058527
v 0.06962918 0.00000000 -0.00087085
v 0.06972836 0.00000000 -0.00114805
v 0.06985424 0.00000000 -0.00141419
v 0.07000559 0.00000000 -0.00166671
v 0.07018097 0.00000000 -0.00190318
v 0.07037868 0.00000000 -0.00212132
v 0.07059682 0.00000000 -0.00231903
v 0.07083329 0.00000000 -0.00249441
v 0.07108581 0.00000000 -0.00264576
v 0.07135195 0.00000000 -0.00277164
v 0.07162915 0.00000000 -0.00287082
v 0.07191473 0.00000000 -0.00294236
v 0.07220595 0.00000000 -0.00298555
v 0.07250000 0.00000000 -0.00300000
v 0.07279405 0.00000000 -0.00298555
v 0.07308527 0.00000000 -0.00294236
v 0.07337085 0.00000000 -0.00287082
v 0.07364805 0.00000000 -0.00277164
v 0.07391419 0.00000000 -0.00264576
v 0.07416671 0.00000000 -0.00249441
v 0.07440318 0.00000000 -0.00231903
v 0.07462132 0.00000000 -0.00212132
v 0.07481903 0.00000000 -0.00190318
v 0.07499441 0.00000000 -0.00166671
v 0.07514576 0.00000000 -0.00141419
v 0.07527164 0.00000000 -0.00114805
v 0.07537082 0.00000000 -0.00087085
v 0.07544236 0.00000000 -0.00058527
v 0.07548555 0.00000000 -0.00029405
v 0.07513645 0.00740029 0.00000000
v 0.07512207 0.00739888 0.00029405
v 0.07507908 0.00739464 0.00058527
v 0.07500789 0.00738763 0.00087085
v 0.07490919 0.00737791 0.00114805
v 0.07478392 0.00736557 0.00141419
v 0.07463329 0.00735074 0.00166671
v 0.07445876 0.00733355 0.00190318
v 0.07426200 0.00731417 0.00212132
v 0.07404491 0.00729279 0.00231903
v 0.07380958 0.00726961 0.00249441
v 0.07355827 0.00724486 0.00264576
v 0.07329341 0.00721877 0.00277164
v 0.07301755 0.00719160 0.00287082
v 0.07273335 0.00716361 0.00294236
v 0.07244353 0.00713506 0.00298555
v 0.07215089 0.00710624 0.00300000
v 0.07185826 0.00707742 0.00298555
v 0.07156844 0.00704888 0.00294236
v 0.07128423 0.00702088 0.00287082
v 0.07100837 0.00699371 0.00277164
v 0.07074351 0.00696763 0.00264576
v 0.07049221 0.00694288 0.00249441
v 0.07025688 0.00691970 0.00231903
v 0.07003979 0.00689832 0.00212132
v 0.06984303 0.00687894 0.00190318
v 0.06966850 0.00686175 0.00166671
v 0.06951787 0.00684691 0.00141419
v 0.06939260 0.00683457 0.00114805
v 0.06929390 0.00682485 0.00087085
v 0.06922271 0.00681784 0.00058527
v 0.06917971 0.00681361 0.00029405
v 0.06916534 0.00681219 0.00000000
v 0.06917971 0.00681361 -0.00029405
v 0.06922271 0.00681784 -0.00058527
v 0.06929390 0.00682485 -0.00087085
v 0.06939260 0.00683457 -0.00114805
v 0.06951787 0.00684691 -0.00141419
v 0.06966850 0.00686175 -0.00166671
v 0.06984303 0.00687894 -0.00190318
v 0.07003979 0.00689832 -0.00212132
v 0.07025688 0.00691970 -0.00231903
v 0.07049221 0.00694288 -0.00249441
v 0.07074351 0.00696763 -0.00264576
v 0.07100837 0.00699371 -0.00277164
v 0.07128423 0.00702088 -0.00287082
v 0.07156844 0.00704888 -0.00294236
v 0.07185826 0.00707742 -0.00298555
v 0.07215089 0.00710624 -0.00300000
v 0.07244353 0.00713506 -0.00298555
v 0.07273335 0.00716361 -0.00294236
v 0.07301755 0.00719160 -0.00287082
v 0.07329341 0.00721877 -0.00277164
v 0.07355827 0.00724486 -0.00264576
v 0.07380958 0.00726961 -0.00249441
v 0.07404491 0.00729279 -0.00231903
v 0.07426200 0.00731417 -0.00212132
v 0.07445876 0.00733355 -0.00190318
v 0.07463329 0.00735074 -0.00166671
v 0.07478392 0.00736557 -0.00141419
v 0.07490919 0.00737791 -0.00114805
v 0.07500789 0.00738763 -0.00087085
v 0.07507908 0.00739464 -0.00058527
v 0.07512207 0.00739888 -0.00029405
v 0.07404929 0.01472932 0.00000000
v 0.07403512 0.01472650 0.00029405
v 0.07399275 0.01471807 0.00058527
v 0.07392259 0.01470412 0.00087085
v 0.07382532 0.01468477 0.00114805
v 0.07370186 0.01466021 0.00141419
v 0.07355341 0.01463068 0.00166671
v 0.07338140 0.01459647 0.00190318
v 0.07318749 0.01455790 0.00212132
v 0.07297354 0.01451534 0.00231903
v 0.07274162 0.01446921 0.00249441
v 0.07249395 0.01441994 0.00264576
v 0.07223292 0.01436802 0.00277164
v 0.07196105 0.01431394 0.00287082
v 0.07168096 0.01425823 0.00294236
v 0.07139533 0.01420141 0.00298555
v 0.07110693 0.01414405 0.00300000
v 0.07081853 0.01408668 0.00298555
v 0.07053291 0.01402987 0.00294236
v 0.07025281 0.01397415 0.00287082
v 0.06998094 0.01392007 0.00277164
v 0.06971992 0.01386815 0.00264576
v 0.06947225 0.01381889 0.00249441
v 0.06924032 0.01377276 0.00231903
v 0.06902637 0.01373020 0.00212132
v 0.06883246 0.01369163 0.00190318
v 0.06866045 0.01365741 0.00166671
v 0.06851201 0.01362789 0.00141419
v 0.06838855 0.01360333 0.00114805
v 0.06829127 0.01358398 0.00087085
v 0.06822111 0.01357002 0.00058527
v 0.06817875 0.01356160 0.00029405
v 0.06816458 0.01355878 0.00000000
v 0.06817875 0.01356160 -0.00029405
v 0.06822111 0.01357002 -0.00058527
v 0.06829127 0.01358398 -0.00087085
v 0.06838855 0.01360333 -0.00114805
v 0.06851201 0.01362789 -0.00141419
v 0.06866045 0.01365741 -0.00166671
v 0.06883246 0.01369163 -0.00190318
v 0.06902637 0.01373020 -0.00212132
v 0.06924032 0.01377276 -0.00231903
v 0.06947225 0.01381889 -0.00249441
v 0.06971992 0.01386815 -0.00264576
v 0.06998094 0.01392007 -0.00277164
v 0.07025281 0.01397415 -0.00287082
v 0.07053291 0.01402987 -0.00294236
v 0.07081853 0.01408668 -0.00298555
v 0.07110693 0.01414405 -0.00300000
v 0.07139533 0.01420141 -0.00298555
v 0.07168096 0.01425823 -0.00294236
v 0.07196105 0.01431394 -0.00287082
v 0.07223292 0.01436802 -0.00277164
v 0.07249395 0.01441994 -0.00264576
v 0.07274162 0.01446921 -0.00249441
v 0.07297354 0.01451534 -0.00231903
v 0.07318749 0.01455790 -0.00212132
v 0.07338140 0.01459647 -0.00190318
v 0.07355341 0.01463068 -0.00166671
v 0.07370186 0.01466021 -0.00141419
v 0.07382532 0.01468477 -0.00114805
v 0.07392259 0.01470412 -0.00087085
v 0.07399275 0.01471807 -0.00058527
v 0.07403512 0.01472650 -0.00029405
v 0.07224900 0.02191649 0.00000000
v 0.07223517 0.02191230 0.00029405
v 0.07219383 0.02189976 0.00058527
v 0.07212538 0.02187899 0.00087085
v 0.07203047 0.02185020 0.00114805
v 0.07191001 0.02181366 0.00141419
v 0.07176517 0.02176973 0.00166671
v 0.07159735 0.02171882 0.00190318
v 0.07140815 0.02166143 0.00212132
v 0.07119940 0.02159810 0.00231903
v 0.07097312 0.02152946 0.00249441
v 0.07073147 0.02145616 0.00264576
v 0.07047679 0.02137890 0.00277164
v 0.07021153 0.02129843 0.00287082
v 0.06993824 0.02121553 0.00294236
v 0.06965956 0.02113100 0.00298555
v 0.06937817 0.02104564 0.00300000
v 0.06909678 0.02096028 0.00298555
v 0.06881810 0.02087574 0.00294236
v 0.06854482 0.02079284 0.00287082
v 0.06827956 0.02071238 0.00277164
v 0.06802488 0.02063512 0.00264576
v 0.06778323 0.02056182 0.00249441
v 0.06755694 0.02049318 0.00231903
v 0.06734820 0.02042985 0.00212132
v 0.06715900 0.02037246 0.00190318
v 0.06699117 0.02032155 0.00166671
v 0.06684634 0.02027761 0.00141419
v 0.06672588 0.02024107 0.00114805
v 0.06663097 0.02021228 0.00087085
v 0.06656252 0.02019152 0.00058527
v 0.06652118 0.02017898 0.00029405
v 0.06650735 0.02017479 0.00000000
v 0.06652118 0.02017898 -0.00029405
v 0.06656252 0.02019152 -0.00058527
v 0.06663097 0.02021228 -0.00087085
v 0.06672588 0.02024107 -0.00114805
v 0.06684634 0.02027761 -0.00141419
v 0.06699117 0.02032155 -0.00166671
v 0.06715900 0.02037246 -0.00190318
v 0.06734820 0.02042985 -0.00212132
v 0.06755694 0.02049318 -0.00231903
v 0.06778323 0.02056182 -0.00249441
v 0.06802488 0.02063512 -0.00264576
v 0.06827956 0.02071238 -0.00277164
v 0.06854482 0.02079284 -0.00287082
v 0.06881810 0.02087574 -0.00294236
v 0.06909678 0.02096028 -0.00298555
v 0.06937817 0.02104564 -0.00300000
v 0.06965956 0.02113100 -0.00298555
v 0.06993824 0.02121553 -0.00294236
v 0.07021153 0.02129843 -0.00287082
v 0.07047679 0.02137890 -0.00277164
v 0.07073147 0.02145616 -0.00264576
v 0.07097312 0.02152946 -0.00249441
v 0.07119940 0.02159810 -0.00231903
v 0.07140815 0.02166143 -0.00212132
v 0.07159735 0.02171882 -0.00190318
v 0.07176517 0.02176973 -0.00166671
v 0.07191001 0.02181366 -0.00141419
v 0.07203047 0.02185020 -0.00114805
v 0.07212538 0.02187899 -0.00087085
v 0.07219383 0.02189976 -0.00058527
v 0.07223517 0.02191230 -0.00029405
v 0.06975290 0.02889260 0.00000000
v 0.06973956 0.02888707 0.00029405
v 0.06969965 0.02887054 0.00058527
v 0.06963356 0.02884316 0.00087085
v 0.06954193 0.02880521 0.00114805
v 0.06942563 0.02875704 0.00141419
v 0.06928580 0.02869912 0.00166671
v 0.06912377 0.02863200 0.00190318
v 0.06894111 0.02855634 0.00212132
v 0.06873958 0.02847286 0.00231903
v 0.06852111 0.02838237 0.00249441
v 0.06828781 0.02828574 0.00264576
v 0.06804193 0.02818389 0.00277164
v 0.06778583 0.02807781 0.00287082
v 0.06752199 0.02796852 0.00294236
v 0.06725293 0.02785708 0.00298555
v 0.06698127 0.02774455 0.00300000
v 0.06670960 0.02763202 0.00298555
v 0.06644055 0.02752058 0.00294236
v 0.06617670 0.02741129 0.00287082
v 0.06592061 0.02730521 0.00277164
v 0.06567472 0.02720336 0.00264576
v 0.06544143 0.02710673 0.00249441
v 0.06522296 0.02701623 0.00231903
v 0.06502142 0.02693275 0.00212132
v 0.06483876 0.02685709 0.00190318
v 0.06467673 0.02678998 0.00166671
v 0.06453690 0.02673206 0.00141419
v 0.06442061 0.02668389 0.00114805
v 0.06432897 0.02664593 0.00087085
v 0.06426288 0.02661856 0.00058527
v 0.06422297 0.02660203 0.00029405
v 0.06420963 0.02659650 0.00000000
v 0.06422297 0.02660203 -0.00029405
v 0.06426288 0.02661856 -0.00058527
v 0.06432897 0.02664593 -0.00087085
v 0.06442061 0.02668389 -0.00114805
v 0.06453690 0.02673206 -0.00141419
v 0.06467673 0.02678998 -0.00166671
v 0.06483876 0.02685709 -0.00190318
v 0.06502142 0.02693275 -0.00212132
v 0.06522296 0.02701623 -0.00231903
v 0.06544143 0.02710673 -0.00249441
v 0.06567472 0.02720336 -0.00264576
v 0.06592061 0.02730521 -0.00277164
v 0.06617670 0.02741129 -0.00287082
v 0.06644055 0.02752058 -0.00294236
v 0.06670960 0.02763202 -0.00298555
v 0.06698127 0.02774455 -0.00300000
v 0.06725293 0.02785708 -0.00298555
v 0.06752199 0.02796852 -0.00294236
v 0.06778583 0.02807781 -0.00287082
v 0.06804193 0.02818389 -0.00277164
v 0.06828781 0.02828574 -0.00264576
v 0.06852111 0.02838237 -0.00249441
v 0.06873958 0.02847286 -0.00231903
v 0.06894111 0.02855634 -0.00212132
v 0.06912377 0.02863200 -0.00190318
v 0.06928580 0.02869912 -0.00166671
v 0.06942563 0.02875704 -0.00141419
v 0.06954193 0.02880521 -0.00114805
v 0.06963356 0.02884316 -0.00087085
v 0.06969965 0.02887054 -0.00058527
v 0.06973956 0.02888707 -0.00029405
v 0.06658506 0.03559045 0.00000000
v 0.06657232 0.03558364 0.00029405
v 0.06653422 0.03556328 0.00058527
v 0.06647113 0.03552956 0.00087085
v 0.06638366 0.03548280 0.00114805
v 0.06627265 0.03542347 0.00141419
v 0.06613916 0.03535212 0.00166671
v 0.06598449 0.03526945 0.00190318
v 0.06581013 0.03517625 0.00212132
v 0.06561775 0.03507342 0.00231903
v 0.06540920 0.03496195 0.00249441
v 0.06518650 0.03484291 0.00264576
v 0.06495178 0.03471745 0.00277164
v 0.06470732 0.03458678 0.00287082
v 0.06445545 0.03445216 0.00294236
v 0.06419862 0.03431488 0.00298555
v 0.06393929 0.03417626 0.00300000
v 0.06367996 0.03403765 0.00298555
v 0.06342313 0.03390037 0.00294236
v 0.06317127 0.03376575 0.00287082
v 0.06292680 0.03363508 0.00277164
v 0.06269209 0.03350962 0.00264576
v 0.06246938 0.03339058 0.00249441
v 0.06226084 0.03327911 0.00231903
v 0.06206845 0.03317628 0.00212132
v 0.06189409 0.03308308 0.00190318
v 0.06173942 0.03300041 0.00166671
v 0.06160594 0.03292906 0.00141419
v 0.06149492 0.03286972 0.00114805
v 0.06140745 0.03282297 0.00087085
v 0.06134437 0.03278925 0.00058527
v 0.06130627 0.03276888 0.00029405
v 0.06129353 0.03276207 0.00000000
v 0.06130627 0.03276888 -0.00029405
v 0.06134437 0.03278925 -0.00058527
v 0.06140745 0.03282297 -0.00087085
v 0.06149492 0.03286972 -0.00114805
v 0.06160594 0.03292906 -0.00141419
v 0.06173942 0.03300041 -0.00166671
v 0.06189409 0.03308308 -0.00190318
v 0.06206845 0.03317628 -0.00212132
v 0.06226084 0.03327911 -0.00231903
v 0.06246938 0.03339058 -0.00249441
v 0.06269209 0.03350962 -0.00264576
v 0.06292680 0.03363508 -0.00277164
v 0.06317127 0.03376575 -0.00287082
v 0.06342313 0.03390037 -0.00294236
v 0.06367996 0.03403765 -0.00298555
v 0.06393929 0.03417626 -0.00300000
v 0.06419862 0.03431488 -0.00298555
v 0.06445545 0.03445216 -0.00294236
v 0.06470732 0.03458678 -0.00287082
v 0.06495178 0.03471745 -0.00277164
v 0.06518650 0.03484291 -0.00264576
v 0.06540920 0.03496195 -0.00249441
v 0.06561775 0.03507342 -0.00231903
v 0.06581013 0.03517625 -0.00212132
v 0.06598449 0.03526945 -0.00190318
v 0.06613916 0.03535212 -0.00166671
v 0.06627265 0.03542347 -0.00141419
v 0.06638366 0.03548280 -0.00114805
v 0.06647113 0.03552956 -0.00087085
v 0.06653422 0.03556328 -0.00058527
v 0.06657232 0.03558364 -0.00029405
v 0.06277596 0.04194555 0.00000000
v 0.06276394 0.04193753 0.00029405
v 0.06272803 0.04191353 0.00058527
v 0.06266855 0.04187378 0.00087085
v 0.06258608 0.04181868 0.00114805
v 0.06248142 0.04174875 0.00141419
v 0.06235557 0.04166466 0.00166671
v 0.06220975 0.04156723 0.00190318
v 0.06204536 0.04145738 0.00212132
v 0.06186398 0.04133619 0.00231903
v 0.06166737 0.04120482 0.00249441
v 0.06145740 0.04106452 0.00264576
v 0.06123612 0.04091666 0.00277164
v 0.06100564 0.04076266 0.00287082
v 0.06076818 0.04060400 0.00294236
v 0.06052604 0.04044221 0.00298555
v 0.06028155 0.04027884 0.00300000
v 0.06003705 0.04011548 0.00298555
v 0.05979491 0.03995368 0.00294236
v 0.05955746 0.03979502 0.00287082
v 0.05932698 0.03964102 0.00277164
v 0.05910569 0.03949316 0.00264576
v 0.05889573 0.03935287 0.00249441
v 0.05869911 0.03922149 0.00231903
v 0.05851773 0.03910030 0.00212132
v 0.05835334 0.03899046 0.00190318
v 0.05820752 0.03889302 0.00166671
v 0.05808167 0.03880893 0.00141419
v 0.05797701 0.03873900 0.00114805
v 0.05789455 0.03868390 0.00087085
v 0.05783507 0.03864416 0.00058527
v 0.05779915 0.03862016 0.00029405
v 0.05778714 0.03861213 0.00000000
v 0.05779915 0.03862016 -0.00029405
v 0.05783507 0.03864416 -0.00058527
v 0.05789455 0.03868390 -0.00087085
v 0.05797701 0.03873900 -0.00114805
v 0.05808167 0.03880893 -0.00141419
v 0.05820752 0.03889302 -0.00166671
v 0.05835334 0.03899046 -0.00190318
v 0.05851773 0.03910030 -0.00212132
v 0.05869911 0.03922149 -0.00231903
v 0.05889573 0.03935287 -0.00249441
v 0.05910569 0.03949316 -0.00264576
v 0.05932698 0.03964102 -0.00277164
v 0.05955746 0.03979502 -0.00287082
v 0.05979491 0.03995368 -0.00294236
v 0.06003705 0.04011548 -0.00298555
v 0.06028155 0.04027884 -0.00300000
v 0.06052604 0.04044221 -0.00298555
v 0.06076818 0.04060400 -0.00294236
v 0.06100564 0.04076266 -0.00287082
v 0.06123612 0.04091666 -0.00277164
v 0.06145740 0.04106452 -0.00264576
v 0.06166737 0.04120482 -0.00249441
v 0.06186398 0.04133619 -0.00231903
v 0.06204536 0.04145738 -0.00212132
v 0.06220975 0.04156723 -0.00190318
v 0.06235557 0.04166466 -0.00166671
v 0.06248142 0.04174875 -0.00141419
v 0.06258608 0.04181868 -0.00114805
v 0.06266855 0.04187378 -0.00087085
v 0.06272803 0.04191353 -0.00058527
v 0.06276394 0.04193753 -0.00029405
v 0.05836229 0.04789669 0.00000000
v 0.05835112 0.04788753 0.00029405
v 0.05831773 0.04786012 0.00058527
v 0.05826243 0.04781474 0.00087085
v 0.05818576 0.04775182 0.00114805
v 0.05808846 0.04767197 0.00141419
v 0.05797146 0.04757595 0.00166671
v 0.05783589 0.04746469 0.00190318
v 0.05768306 0.04733926 0.00212132
v 0.05751444 0.04720088 0.00231903
v 0.05733164 0.04705086 0.00249441
v 0.05713644 0.04689067 0.00264576
v 0.05693071 0.04672183 0.00277164
v 0.05671644 0.04654598 0.00287082
v 0.05649568 0.04636481 0.00294236
v 0.05627056 0.04618006 0.00298555
v 0.05604326 0.04599351 0.00300000
v 0.05581595 0.04580697 0.00298555
v 0.05559084 0.04562222 0.00294236
v 0.05537008 0.04544105 0.00287082
v 0.05515580 0.04526520 0.00277164
v 0.05495007 0.04509636 0.00264576
v 0.05475487 0.04493616 0.00249441
v 0.05457208 0.04478615 0.00231903
v 0.05440346 0.04464776 0.00212132
v 0.05425062 0.04452234 0.00190318
v 0.05411505 0.04441108 0.00166671
v 0.05399805 0.04431506 0.00141419
v 0.05390075 0.04423520 0.00114805
v 0.05382408 0.04417228 0.00087085
v 0.05376879 0.04412690 0.00058527
v 0.05373539 0.04409950 0.00029405
v 0.05372423 0.04409033 0.00000000
v 0.05373539 0.04409950 -0.00029405
v 0.05376879 0.04412690 -0.00058527
v 0.05382408 0.04417228 -0.00087085
v 0.05390075 0.04423520 -0.00114805
v 0.05399805 0.04431506 -0.00141419
v 0.05411505 0.04441108 -0.00166671
v 0.05425062 0.04452234 -0.00190318
v 0.05440346 0.04464776 -0.00212132
v 0.05457208 0.04478615 -0.00231903
v 0.05475487 0.04493616 -0.00249441
v 0.05495007 0.04509636 -0.00264576
v 0.05515580 0.04526520 -0.00277164
v 0.05537008 0.04544105 -0.00287082
v 0.05559084 0.04562222 -0.00294236
v 0.05581595 0.04580697 -0.00298555
v 0.05604326 0.04599351 -0.00300000
v 0.05627056 0.04618006 -0.00298555
v 0.05649568 0.04636481 -0.00294236
v 0.05671644 0.04654598 -0.00287082
v 0.05693071 0.04672183 -0.00277164
v 0.05713644 0.04689067 -0.00264576
v 0.05733164 0.04705086 -0.00249441
v 0.05751444 0.04720088 -0.00231903
v 0.05768306 0.04733926 -0.00212132
v 0.05783589 0.04746469 -0.00190318
v 0.05797146 0.04757595 -0.00166671
v 0.05808846 0.04767197 -0.00141419
v 0.05818576 0.04775182 -0.00114805
v 0.05826243 0.04781474 -0.00087085
v 0.05831773 0.04786012 -0.00058527
v 0.05835112 0.04788753 -0.00029405
v 0.05338656 0.05338656 0.00000000
v 0.05337635 0.05337635 0.00029405
v 0.05334580 0.05334580 0.00058527
v 0.05329522 0.05329522 0.00087085
v 0.05322509 0.05322509 0.00114805
v 0.05313608 0.05313608 0.00141419
v 0.05302906 0.05302906 0.00166671
v 0.05290504 0.05290504 0.00190318
v 0.05276524 0.05276524 0.00212132
v 0.05261099 0.05261099 0.00231903
v 0.05244378 0.05244378 0.00249441
v 0.05226523 0.05226523 0.00264576
v 0.05207704 0.05207704 0.00277164
v 0.05188103 0.05188103 0.00287082
v 0.05167909 0.05167909 0.00294236
v 0.05147317 0.05147317 0.00298555
v 0.05126524 0.05126524 0.00300000
v 0.05105732 0.05105732 0.00298555
v 0.05085139 0.05085139 0.00294236
v 0.05064945 0.05064945 0.00287082
v 0.05045345 0.05045345 0.00277164
v 0.05026526 0.05026526 0.00264576
v 0.05008670 0.05008670 0.00249441
v 0.04991949 0.04991949 0.00231903
v 0.04976524 0.04976524 0.00212132
v 0.04962544 0.04962544 0.00190318
v 0.04950143 0.04950143 0.00166671
v 0.04939440 0.04939440 0.00141419
v 0.04930540 0.04930540 0.00114805
v 0.04923526 0.04923526 0.00087085
v 0.04918468 0.04918468 0.00058527
v 0.04915414 0.04915414 0.00029405
v 0.04914392 0.04914392 0.00000000
v 0.04915414 0.04915414 -0.00029405
v 0.04918468 0.04918468 -0.00058527
v 0.04923526 0.04923526 -0.00087085
v 0.04930540 0.04930540 -0.00114805
v 0.04939440 0.04939440 -0.00141419
v 0.04950143 0.04950143 -0.00166671
v 0.04962544 0.04962544 -0.00190318
v 0.04976524 0.04976524 -0.00212132
v 0.04991949 0.04991949 -0.00231903
v 0.05008670 0.05008670 -0.00249441
v 0.05026526 0.05026526 -0.00264576
v 0.05045345 0.05045345 -0.00277164
v 0.05064945 0.05064945 -0.00287082
v 0.05085139 0.05085139 -0.00294236
v 0.05105732 0.05105732 -0.00298555
v 0.05126524 0.05126524 -0.00300000
v 0.05147317 0.05147317 -0.00298555
v 0.05167909 0.05167909 -0.00294236
v 0.05188103 0.05188103 -0.00287082
v 0.05207704 0.05207704 -0.00277164
v 0.05226523 0.05226523 -0.00264576
v 0.05244378 0.05244378 -0.00249441
v 0.05261099 0.05261099 -0.00231903
v 0.05276524 0.05276524 -0.00212132
v 0.05290504 0.05290504 -0.00190318
v 0.05302906 0.05302906 -0.00166671
v 0.05313608 0.05313608 -0.00141419
v 0.05322509 0.05322509 -0.00114805
v 0.05329522 0.05329522 -0.00087085
v 0.05334580 0.05334580 -0.00058527
v 0.05337635 0.05337635 -0.00029405
v 0.04789669 0.05836229 0.00000000
v 0.04788753 0.05835112 0.00029405
v 0.04786012 0.05831773 0.00058527
v 0.04781474 0.05826243 0.00087085
v 0.04775182 0.05818576 0.00114805
v 0.04767197 0.05808846 0.00141419
v 0.04757595 0.05797146 0.00166671
v 0.04746469 0.05783589 0.00190318
v 0.04733926 0.05768306 0.00212132
v 0.04720088 0.05751444 0.00231903
v 0.04705086 0.05733164 0.00249441
v 0.04689067 0.05713644 0.00264576
v 0.04672183 0.05693071 0.00277164
v 0.04654598 0.05671644 0.00287082
v 0.04636481 0.05649568 0.00294236
v 0.04618006 0.05627056 0.00298555
v 0.04599351 0.05604326 0.00300000
v 0.04580697 0.05581595 0.00298555
v 0.04562222 0.05559084 0.00294236
v 0.04544105 0.05537008 0.00287082
v 0.04526520 0.05515580 0.00277164
v 0.04509636 0.05495007 0.00264576
v 0.04493616 0.05475487 0.00249441
v 0.04478615 0.05457208 0.00231903
v 0.04464776 0.05440346 0.00212132
v 0.04452234 0.05425062 0.00190318
v 0.04441108 0.05411505 0.00166671
v 0.04431506 0.05399805 0.00141419
v 0.04423520 0.05390075 0.00114805
v 0.04417228 0.05382408 0.00087085
v 0.04412690 0.05376879 0.00058527
v 0.04409950 0.05373539 0.00029405
v 0.04409033 0.05372423 0.00000000
v 0.04409950 0.05373539 -0.00029405
v 0.04412690 0.05376879 -0.00058527
v 0.04417228 0.05382408 -0.00087085
v 0.04423520 0.05390075 -0.00114805
v 0.04431506 0.05399805 -0.00141419
v 0.04441108 0.05411505 -0.00166671
v 0.04452234 0.05425062 -0.00190318
v 0.04464776 0.05440346 -0.00212132
v 0.04478615 0.05457208 -0.00231903
v 0.04493616 0.05475487 -0.00249441
v 0.04509636 0.05495007 -0.00264576
v 0.04526520 0.05515580 -0.00277164
v 0.04544105 0.05537008 -0.00287082
v 0.04562222 0.05559084 -0.00294236
v 0.04580697 0.05581595 -0.00298555
v 0.04599351 0.05604326 -0.00300000
v 0.04618006 0.05627056 -0.00298555
v 0.04636481 0.05649568 -0.00294236
v 0.04654598 0.05671644 -0.00287082
v 0.04672183 0.05693071 -0.00277164
v 0.04689067 0.05713644 -0.00264576
v 0.04705086 0.05733164 -0.00249441
v 0.04720088 0.05751444 -0.00231903
v 0.04733926 0.05768306 -0.00212132
v 0.04746469 0.05783589 -0.00190318
v 0.04757595 0.05797146 -0.00166671
v 0.04767197 0.05808846 -0.00141419
v 0.04775182 0.05818576 -0.00114805
v 0.04781474 0.05826243 -0.00087085
v 0.04786012 0.05831773 -0.00058527
v 0.04788753 0.05835112 -0.00029405
v 0.04194555 0.06277596 0.00000000
v 0.04193753 0.06276394 0.00029405
v 0.04191353 0.06272803 0.00058527
v 0.04187378 0.06266855 0.00087085
v 0.04181868 0.06258608 0.00114805
v 0.04174875 0.06248142 0.00141419
v 0.04166466 0.06235557 0.00166671
v 0.04156723 0.06220975 0.00190318
v 0.04145738 0.06204536 0.00212132
v 0.04133619 0.06186398 0.00231903
v 0.04120482 0.06166737 0.00249441
v 0.04106452 0.06145740 0.00264576
v 0.04091666 0.06123612 0.00277164
v 0.04076266 0.06100564 0.00287082
v 0.04060400 0.06076818 0.00294236
v 0.04044221 0.06052604 0.00298555
v 0.04027884 0.06028155 0.00300000
v 0.04011548 0.06003705 0.00298555
v 0.03995368 0.05979491 0.00294236
v 0.03979502 0.05955746 0.00287082
v 0.03964102 0.05932698 0.00277164
v 0.03949316 0.05910569 0.00264576
v 0.03935287 0.05889573 0.00249441
v 0.03922149 0.05869911 0.00231903
v 0.03910030 0.05851773 0.00212132
v 0.03899046 0.05835334 0.00190318
v 0.03889302 0.05820752 0.00166671
v 0.03880893 0.05808167 0.00141419
v 0.03873900 0.05797701 0.00114805
v 0.03868390 0.05789455 0.00087085
v 0.03864416 0.05783507 0.00058527
v 0.03862016 0.05779915 0.00029405
v 0.03861213 0.05778714 0.00000000
v 0.03862016 0.05779915 -0.00029405
v 0.03864416 0.05783507 -0.00058527
v 0.03868390 0.05789455 -0.00087085
v 0.03873900 0.05797701 -0.00114805
v 0.03880893 0.05808167 -0.00141419
v 0.03889302 0.05820752 -0.00166671
v 0.03899046 0.05835334 -0.00190318
v 0.03910030 0.05851773 -0.00212132
v 0.03922149 0.05869911 -0.00231903
v 0.03935287 0.05889573 -0.00249441
v 0.03949316 0.05910569 -0.00264576
v 0.03964102 0.05932698 -0.00277164
v 0.03979502 0.05955746 -0.00287082
v 0.03995368 0.05979491 -0.00294236
v 0.04011548 0.06003705 -0.00298555
v 0.04027884 0.06028155 -0.00300000
v 0.04044221 0.06052604 -0.00298555
v 0.04060400 0.06076818 -0.00294236
v 0.04076266 0.06100564 -0.00287082
v 0.04091666 0.06123612 -0.00277164
v 0.04106452 0.06145740 -0.00264576
v 0.04120482 0.06166737 -0.00249441
v 0.04133619 0.06186398 -0.00231903
v 0.04145738 0.06204536 -0.00212132
v 0.04156723 0.06220975 -0.00190318
v 0.04166466 0.06235557 -0.00166671
v 0.04174875 0.06248142 -0.00141419
v 0.04181868 0.06258608 -0.00114805
v 0.04187378 0.06266855 -0.00087085
v 0.04191353 0.06272803 -0.00058527
v 0.04193753 0.06276394 -0.00029405
v 0.03559045 0.06658506 0.00000000
v 0.03558364 0.06657232 0.00029405
v 0.03556328 0.06653422 0.00058527
v 0.03552956 0.06647113 0.00087085
v 0.03548280 0.06638366 0.00114805
v 0.03542347 0.06627265 0.00141419
v 0.03535212 0.06613916 0.00166671
v 0.03526945 0.06598449 0.00190318
v 0.03517625 0.06581013 0.00212132
v 0.03507342 0.06561775 0.00231903
v 0.03496195 0.06540920 0.00249441
v 0.03484291 0.06518650 0.00264576
v 0.03471745 0.06495178 0.00277164
v 0.03458678 0.06470732 0.00287082
v 0.03445216 0.06445545 0.00294236
v 0.03431488 0.06419862 0.00298555
v 0.03417626 0.06393929 0.00300000
v 0.03403765 0.06367996 0.00298555
v 0.03390037 0.06342313 0.00294236
v 0.03376575 0.06317127 0.00287082
v 0.03363508 0.06292680 0.00277164
v 0.03350962 0.06269209 0.00264576
v 0.03339058 0.06246938 0.00249441
v 0.03327911 0.06226084 0.00231903
v 0.03317628 0.06206845 0.00212132
v 0.03308308 0.06189409 0.00190318
v 0.03300041 0.06173942 0.00166671
v 0.03292906 0.06160594 0.00141419
v 0.03286972 0.06149492 0.00114805
v 0.03282297 0.06140745 0.00087085
v 0.03278925 0.06134437 0.00058527
v 0.03276888 0.06130627 0.00029405
v 0.03276207 0.06129353 0.00000000
v 0.03276888 0.06130627 -0.00029405
v 0.03278925 0.06134437 -0.00058527
v 0.03282297 0.06140745 -0.00087085
v 0.03286972 0.06149492 -0.00114805
v 0.03292906 0.06160594 -0.00141419
v 0.03300041 0.06173942 -0.00166671
v 0.03308308 0.06189409 -0.00190318
v 0.03317628 0.06206845 -0.00212132
v 0.03327911 0.06226084 -0.00231903
v 0.03339058 0.06246938 -0.00249441
v 0.03350962 0.06269209 -0.00264576
v 0.03363508 0.06292680 -0.00277164
v 0.03376575 0.06317127 -0.00287082
v 0.03390037 0.06342313 -0.00294236
v 0.03403765 0.06367996 -0.00298555
v 0.03417626 0.06393929 -0.00300000
v 0.03431488 0.06419862 -0.00298555
v 0.03445216 0.06445545 -0.00294236
v 0.03458678 0.06470732 -0.00287082
v 0.03471745 0.06495178 -0.00277164
v 0.03484291 0.06518650 -0.00264576
v 0.03496195 0.06540920 -0.00249441
v 0.03507342 0.06561775 -0.00231903
v 0.03517625 0.06581013 -0.00212132
v 0.03526945 0.06598449 -0.00190318
v 0.03535212 0.06613916 -0.00166671
v 0.03542347 0.06627265 -0.00141419
v 0.03548280 0.06638366 -0.00114805
v 0.03552956 0.06647113 -0.00087085
v 0.03556328 0.06653422 -0.00058527
v 0.03558364 0.06657232 -0.00029405
v 0.02889260 0.06975290 0.00000000
v 0.02888707 0.06973956 0.00029405
v 0.02887054 0.06969965 0.00058527
v 0.02884316 0.06963356 0.00087085
v 0.02880521 0.06954193 0.00114805
v 0.02875704 0.06942563 0.00141419
v 0.02869912 0.06928580 0.00166671
v 0.02863200 0.06912377 0.00190318
v 0.02855634 0.06894111 0.00212132
v 0.02847286 0.06873958 0.00231903
v 0.02838237 0.06852111 0.00249441
v 0.02828574 0.06828781 0.00264576
v 0.02818389 0.06804193 0.00277164
v 0.02807781 0.06778583 0.00287082
v 0.02796852 0.06752199 0.00294236
v 0.02785708 0.06725293 0.00298555
v 0.02774455 0.06698127 0.00300000
v 0.02763202 0.06670960 0.00298555
v 0.02752058 0.06644055 0.00294236
v 0.02741129 0.06617670 0.00287082
v 0.02730521 0.06592061 0.00277164
v 0.02720336 0.06567472 0.00264576
v 0.02710673 0.06544143 0.00249441
v 0.02701623 0.06522296 0.00231903
v 0.02693275 0.06502142 0.00212132
v 0.02685709 0.06483876 0.00190318
v 0.02678998 0.06467673 0.00166671
v 0.02673206 0.06453690 0.00141419
v 0.02668389 0.06442061 0.00114805
v 0.02664593 0.06432897 0.00087085
v 0.02661856 0.06426288 0.00058527
v 0.02660203 0.06422297 0.00029405
v 0.02659650 0.06420963 0.00000000
v 0.02660203 0.06422297 -0.00029405
v 0.02661856 0.06426288 -0.00058527
v 0.02664593 0.06432897 -0.00087085
v 0.02668389 0.06442061 -0.00114805
v 0.02673206 0.06453690 -0.00141419
v 0.02678998 0.06467673 -0.00166671
v 0.02685709 0.06483876 -0.00190318
v 0.02693275 0.06502142 -0.00212132
v 0.02701623 0.06522296 -0.00231903
v 0.02710673 0.06544143 -0.00249441
v 0.02720336 0.06567472 -0.00264576
v 0.02730521 0.06592061 -0.00277164
v 0.02741129 0.06617670 -0.00287082
v 0.02752058 0.06644055 -0.00294236
v 0.02763202 0.06670960 -0.00298555
v 0.02774455 0.06698127 -0.00300000
v 0.02785708 0.06725293 -0.00298555
v 0.02796852 0.06752199 -0.00294236
v 0.02807781 0.06778583 -0.00287082
v 0.02818389 0.06804193 -0.00277164
v 0.02828574 0.06828781 -0.00264576
v 0.02838237 0.06852111 -0.00249441
v 0.02847286 0.06873958 -0.00231903
v 0.02855634 0.06894111 -0.00212132
v 0.02863200 0.06912377 -0.00190318
v 0.02869912 0.06928580 -0.00166671
v 0.02875704 0.06942563 -0.00141419
v 0.02880521 0.06954193 -0.00114805
v 0.02884316 0.06963356 -0.00087085
v 0.02887054 0.06969965 -0.00058527
v 0.02888707 0.06973956 -0.00029405
v 0.02191649 0.07224900 0.00000000
v 0.02191230 0.07223517 0.00029405
v 0.02189976 0.07219383 0.00058527
v 0.02187899 0.07212538 0.00087085
v 0.02185020 0.07203047 0.00114805
v 0.02181366 0.07191001 0.00141419
v 0.02176973 0.07176517 0.00166671
v 0.02171882 0.07159735 0.00190318
v 0.02166143 0.07140815 0.00212132
v 0.02159810 0.07119940 0.00231903
v 0.02152946 0.07097312 0.00249441
v 0.02145616 0.07073147 0.00264576
v 0.02137890 0.07047679 0.00277164
v 0.02129843 0.07021153 0.00287082
v 0.02121553 0.06993824 0.00294236
v 0.02113100 0.06965956 0.00298555
v 0.02104564 0.06937817 0.00300000
v 0.02096028 0.06909678 0.00298555
v 0.02087574 0.06881810 0.00294236
v 0.02079284 0.06854482 0.00287082
v 0.02071238 0.06827956 0.00277164
v 0.02063512 0.06802488 0.00264576
v 0.02056182 0.06778323 0.00249441
v 0.02049318 0.06755694 0.00231903
v 0.02042985 0.06734820 0.00212132
v 0.02037246 0.06715900 0.00190318
v 0.02032155 0.06699117 0.00166671
v 0.02027761 0.06684634 0.00141419
v 0.02024107 0.06672588 0.00114805
v 0.02021228 0.06663097 0.00087085
v 0.02019152 0.06656252 0.00058527
v 0.02017898 0.06652118 0.00029405
v 0.02017479 0.06650735 0.00000000
v 0.02017898 0.06652118 -0.00029405
v 0.02019152 0.06656252 -0.00058527
v 0.02021228 0.06663097 -0.00087085
v 0.02024107 0.06672588 -0.00114805
v 0.02027761 0.06684634 -0.00141419
v 0.02032155 0.06699117 -0.00166671
v 0.02037246 0.06715900 -0.00190318
v 0.02042985 0.06734820 -0.00212132
v 0.02049318 0.06755694 -0.00231903
v 0.02056182 0.06778323 -0.00249441
v 0.02063512 0.06802488 -0.00264576
v 0.02071238 0.06827956 -0.00277164
v 0.02079284 0.06854482 -0.00287082
v 0.02087574 0.06881810 -0.00294236
v 0.02096028 0.06909678 -0.00298555
v 0.02104564 0.06937817 -0.00300000
v 0.02113100 0.06965956 -0.00298555
v 0.02121553 0.06993824 -0.00294236
v 0.02129843 0.07021153 -0.00287082
v 0.02137890 0.07047679 -0.00277164
v 0.02145616 0.07073147 -0.00264576
v 0.02152946 0.07097312 -0.00249441
v 0.02159810 0.07119940 -0.00231903
v 0.02166143 0.07140815 -0.00212132
v 0.02171882 0.07159735 -0.00190318
v 0.02176973 0.07176517 -0.00166671
v 0.02181366 0.07191001 -0.00141419
v 0.02185020 0.07203047 -0.00114805
v 0.02187899 0.07212538 -0.00087085
v 0.02189976 0.07219383 -0.00058527
v 0.02191230 0.07223517 -0.00029405
v 0.01472932 0.07404929 0.00000000
v 0.01472650 0.07403512 0.00029405
v 0.01471807 0.07399275 0.00058527
v 0.01470412 0.07392259 0.00087085
v 0.01468477 0.07382532 0.00114805
v 0.01466021 0.07370186 0.00141419
v 0.01463068 0.07355341 0.00166671
v 0.01459647 0.07338140 0.00190318
v 0.01455790 0.07318749 0.00212132
v 0.01451534 0.07297354 0.00231903
v 0.01446921 0.07274162 0.00249441
v 0.01441994 0.07249395 0.00264576
v 0.01436802 0.07223292 0.00277164
v 0.01431394 0.07196105 0.00287082
v 0.01425823 0.07168096 0.00294236
v 0.01420141 0.07139533 0.00298555
v 0.01414405 0.07110693 0.00300000
v 0.01408668 0.07081853 0.00298555
v 0.01402987 0.07053291 0.00294236
v 0.01397415 0.07025281 0.00287082
v 0.01392007 0.06998094 0.00277164
v 0.01386815 0.06971992 0.00264576
v 0.01381889 0.06947225 0.00249441
v 0.01377276 0.06924032 0.00231903
v 0.01373020 0.06902637 0.00212132
v 0.01369163 0.06883246 0.00190318
v 0.01365741 0.06866045 0.00166671
v 0.01362789 0.06851201 0.00141419
v 0.01360333 0.06838855 0.00114805
v 0.01358398 0.06829127 0.00087085
v 0.01357002 0.06822111 0.00058527
v 0.01356160 0.06817875 0.00029405
v 0.01355878 0.06816458 0.00000000
v 0.01356160 0.06817875 -0.00029405
v 0.01357002 0.06822111 -0.00058527
v 0.01358398 0.06829127 -0.00087085
v 0.01360333 0.06838855 -0.00114805
v 0.01362789 0.06851201 -0.00141419
v 0.01365741 0.06866045 -0.00166671
v 0.01369163 0.06883246 -0.00190318
v 0.01373020 0.06902637 -0.00212132
v 0.01377276 0.06924032 -0.00231903
v 0.01381889 0.06947225 -0.00249441
v 0.01386815 0.06971992 -0.00264576
v 0.01392007 0.06998094 -0.00277164
v 0.01397415 0.07025281 -0.00287082
v 0.01402987 0.07053291 -0.00294236
v 0.01408668 0.07081853 -0.00298555
v 0.01414405 0.07110693 -0.00300000
v 0.01420141 0.07139533 -0.00298555
v 0.01425823 0.07168096 -0.00294236
v 0.01431394 0.07196105 -0.00287082
v 0.01436802 0.07223292 -0.00277164
v 0.01441994 0.07249395 -0.00264576
v 0.01446921 0.07274162 -0.00249441
v 0.01451534 0.07297354 -0.00231903
v 0.01455790 0.07318749 -0.00212132
v 0.01459647 0.07338140 -0.00190318
v 0.01463068 0.07355341 -0.00166671
v 0.01466021 0.07370186 -0.00141419
v 0.01468477 0.07382532 -0.00114805
v 0.01470412 0.07392259 -0.00087085
v 0.01471807 0.07399275 -0.00058527
v 0.01472650 0.07403512 -0.00029405
v 0.00740029 0.07513645 0.00000000
v 0.00739888 0.07512207 0.00029405
v 0.00739464 0.07507908 0.00058527
v 0.00738763 0.07500789 0.00087085
v 0.00737791 0.07490919 0.00114805
v 0.00736557 0.07478392 0.00141419
v 0.00735074 0.07463329 0.00166671
v 0.00733355 0.07445876 0.00190318
v 0.00731417 0.07426200 0.00212132
v 0.00729279 0.07404491 0.00231903
v 0.00726961 0.07380958 0.00249441
v 0.00724486 0.07355827 0.00264576
v 0.00721877 0.07329341 0.00277164
v 0.00719160 0.07301755 0.00287082
v 0.00716361 0.07273335 0.00294236
v 0.00713506 0.07244353 0.00298555
v 0.00710624 0.07215089 0.00300000
v 0.00707742 0.07185826 0.00298555
v 0.00704888 0.07156844 0.00294236
v 0.00702088 0.07128423 0.00287082
v 0.00699371 0.07100837 0.00277164
v 0.00696763 0.07074351 0.00264576
v 0.00694288 0.07049221 0.00249441
v 0.00691970 0.07025688 0.00231903
v 0.00689832 0.07003979 0.00212132
v 0.00687894 0.06984303 0.00190318
v 0.00686175 0.06966850 0.00166671
v 0.00684691 0.06951787 0.00141419
v 0.00683457 0.06939260 0.00114805
v 0.00682485 0.06929390 0.00087085
v 0.00681784 0.06922271 0.00058527
v 0.00681361 0.06917971 0.00029405
v 0.00681219 0.06916534 0.00000000
v 0.00681361 0.06917971 -0.00029405
v 0.00681784 0.06922271 -0.00058527
v 0.00682485 0.06929390 -0.00087085
v 0.00683457 0.06939260 -0.00114805
v 0.00684691 0.06951787 -0.00141419
v 0.00686175 0.06966850 -0.00166671
v 0.00687894 0.06984303 -0.00190318
v 0.00689832 0.07003979 -0.00212132
v 0.00691970 0.07025688 -0.00231903
v 0.00694288 0.07049221 -0.00249441
v 0.00696763 0.07074351 -0.00264576
v 0.00699371 0.07100837 -0.00277164
v 0.00702088 0.07128423 -0.00287082
v 0.00704888 0.07156844 -0.00294236
v 0.00707742 0.07185826 -0.00298555
v 0.00710624 0.07215089 -0.00300000
v 0.00713506 0.07244353 -0.00298555
v 0.00716361 0.07273335 -0.00294236
v 0.00719160 0.07301755 -0.00287082
v 0.00721877 0.07329341 -0.00277164
v 0.00724486 0.07355827 -0.00264576
v 0.00726961 0.07380958 -0.00249441
v 0.00729279 0.07404491 -0.00231903
v 0.00731417 0.07426200 -0.00212132
v 0.00733355 0.07445876 -0.00190318
v 0.00735074 0.07463329 -0.00166671
v 0.00736557 0.07478392 -0.00141419
v 0.00737791 0.07490919 -0.00114805
v 0.00738763 0.07500789 -0.00087085
v 0.00739464 0.07507908 -0.00058527
v 0.00739888 0.07512207 -0.00029405
v 0.00000000 0.07550000 0.00000000
v 0.00000000 0.07548555 0.00029405
v 0.00000000 0.07544236 0.00058527
v 0.00000000 0.07537082 0.00087085
v 0.00000000 0.07527164 0.00114805
v 0.00000000 0.07514576 0.00141419
v 0.00000000 0.07499441 0.00166671
v 0.00000000 0.07481903 0.00190318
v 0.00000000 0.07462132 0.00212132
v 0.00000000 0.07440318 0.00231903
v 0.00000000 0.07416671 0.00249441
v 0.00000000 0.07391419 0.00264576
v 0.00000000 0.07364805 0.00277164
v 0.00000000 0.07337085 0.00287082
v 0.00000000 0.07308527 0.00294236
v 0.00000000 0.07279405 0.00298555
v 0.00000000 0.07250000 0.00300000
v 0.00000000 0.07220595 0.00298555
v 0.00000000 0.07191473 0.00294236
v 0.00000000 0.07162915 0.00287082
v 0.00000000 0.07135195 0.00277164
v 0.00000000 0.07108581 0.00264576
v 0.00000000 0.07083329 0.00249441
v 0.00000000 0.07059682 0.00231903
v 0.00000000 0.07037868 0.00212132
v 0.00000000 0.07018097 0.00190318
v 0.00000000 0.07000559 0.00166671
v 0.00000000 0.06985424 0.00141419
v 0.00000000 0.06972836 0.00114805
v 0.00000000 0.06962918 0.00087085
v 0.00000000 0.06955764 0.00058527
v 0.00000000 0.06951445 0.00029405
v 0.00000000 0.06950000 0.00000000
v 0.00000000 0.06951445 -0.00029405
v 0.00000000 0.06955764 -0.00058527
v 0.00000000 0.06962918 -0.00087085
v 0.00000000 0.06972836 -0.00114805
v 0.00000000 0.06985424 -0.00141419
v 0.00000000 0.07000559 -0.00166671
v 0.00000000 0.07018097 -0.00190318
v 0.00000000 0.07037868 -0.00212132
v 0.00000000 0.07059682 -0.00231903
v 0.00000000 0.07083329 -0.00249441
v 0.00000000 0.07108581 -0.00264576
v 0.00000000 0.07135195 -0.00277164
v 0.00000000 0.07162915 -0.00287082
v 0.00000000 0.07191473 -0.00294236
v 0.00000000 0.07220595 -0.00298555
v 0.00000000 0.07250000 -0.00300000
v 0.00000000 0.07279405 -0.00298555
v 0.00000000 0.07308527 -0.00294236
v 0.00000000 0.07337085 -0.00287082
v 0.00000000 0.07364805 -0.00277164
v 0.00000000 0.07391419 -0.00264576
v 0.00000000 0.07416671 -0.00249441
v 0.00000000 0.07440318 -0.00231903
v 0.00000000 0.07462132 -0.00212132
v 0.00000000 0.07481903 -0.00190318
v 0.00000000 0.07499441 -0.00166671
v 0.00000000 0.07514576 -0.00141419
v 0.00000000 0.07527164 -0.00114805
v 0.00000000 0.07537082 -0.00087085
v 0.00000000 0.07544236 -0.00058527
v 0.00000000 0.07548555 -0.00029405
v -0.00740029 0.07513645 0.00000000
v -0.00739888 0.07512207 0.00029405
v -0.00739464 0.07507908 0.00058527
v -0.00738763 0.07500789 0.00087085
v -0.00737791 0.07490919 0.00114805
v -0.00736557 0.07478392 0.00141419
v -0.00735074 0.07463329 0.00166671
v -0.00733355 0.07445876 0.00190318
v -0.00731417 0.07426200 0.00212132
v -0.00729279 0.07404491 0.00231903
v -0.00726961 0.07380958 0.00249441
v -0.00724486 0.07355827 0.00264576
v -0.00721877 0.07329341 0.00277164
v -0.00719160 0.07301755 0.00287082
v -0.00716361 0.07273335 0.00294236
v -0.00713506 0.07244353 0.00298555
v -0.00710624 0.07215089 0.00300000
v -0.00707742 0.07185826 0.00298555
v -0.00704888 0.07156844 0.00294236
v -0.00702088 0.07128423 0.00287082
v -0.00699371 0.07100837 0.00277164
v -0.00696763 0.07074351 0.00264576
v -0.00694288 0.07049221 0.00249441
v -0.00691970 0.07025688 0.00231903
v -0.00689832 0.07003979 0.00212132
v -0.00687894 0.06984303 0.00190318
v -0.00686175 0.06966850 0.00166671
v -0.00684691 0.06951787 0.00141419
v -0.00683457 0.06939260 0.00114805
v -0.00682485 0.06929390 0.00087085
v -0.00681784 0.06922271 0.00058527
v -0.00681361 0.06917971 0.00029405
v -0.00681219 0.06916534 0.00000000
v -0.00681361 0.06917971 -0.00029405
v -0.00681784 0.06922271 -0.00058527
v -0.00682485 0.06929390 -0.00087085
v -0.00683457 0.06939260 -0.00114805
v -0.00684691 0.06951787 -0.00141419
v -0.00686175 0.06966850 -0.00166671
v -0.00687894 0.06984303 -0.00190318
v -0.00689832 0.07003979 -0.00212132
v -0.00691970 0.07025688 -0.00231903
v -0.00694288 0.07049221 -0.00249441
v -0.00696763 0.07074351 -0.00264576
v -0.00699371 0.07100837 -0.00277164
v -0.00702088 0.07128423 -0.00287082
v -0.00704888 0.07156844 -0.00294236
v -0.00707742 0.07185826 -0.00298555
v -0.00710624 0.07215089 -0.00300000
v -0.00713506 0.07244353 -0.00298555
v -0.00716361 0.07273335 -0.00294236
v -0.00719160 0.07301755 -0.00287082
v -0.00721877 0.07329341 -0.00277164
v -0.00724486 0.07355827 -0.00264576
v -0.00726961 0.07380958 -0.00249441
v -0.00729279 0.07404491 -0.00231903
v -0.00731417 0.07426200 -0.00212132
v -0.00733355 0.07445876 -0.00190318
v -0.00735074 0.07463329 -0.00166671
v -0.00736557 0.07478392 -0.00141419
v -0.00737791 0.07490919 -0.00114805
v -0.00738763 0.07500789 -0.00087085
v -0.00739464 0.07507908 -0.00058527
v -0.00739888 0.07512207 -0.00029405
v -0.01472932 0.07404929 0.00000000
v -0.01472650 0.07403512 0.00029405
v -0.01471807 0.07399275 0.00058527
v -0.01470412 0.07392259 0.00087085
v -0.01468477 0.07382532 0.00114805
v -0.01466021 0.07370186 0.00141419
v -0.01463068 0.07355341 0.00166671
v -0.01459647 0.07338140 0.00190318
v -0.01455790 0.07318749 0.00212132
v -0.01451534 0.07297354 0.00231903
v -0.01446921 0.07274162 0.00249441
v -0.01441994 0.07249395 0.00264576
v -0.01436802 0.07223292 0.00277164
v -0.01431394 0.07196105 0.00287082
v -0.01425823 0.07168096 0.00294236
v -0.01420141 0.07139533 0.00298555
v -0.01414405 0.07110693 0.00300000
v -0.01408668 0.07081853 0.00298555
v -0.01402987 0.07053291 0.00294236
v -0.01397415 0.07025281 0.00287082
v -0.01392007 0.06998094 0.00277164
v -0.01386815 0.06971992 0.00264576
v -0.01381889 0.06947225 0.00249441
v -0.01377276 0.06924032 0.00231903
v -0.01373020 0.06902637 0.00212132
v -0.01369163 0.06883246 0.00190318
v -0.01365741 0.06866045 0.00166671
v -0.01362789 0.06851201 0.00141419
v -0.01360333 0.06838855 0.00114805
v -0.01358398 0.06829127 0.00087085
v -0.01357002 0.06822111 0.00058527
v -0.01356160 0.06817875 0.00029405
v -0.01355878 0.06816458 0.00000000
v -0.01356160 0.06817875 -0.00029405
v -0.01357002 0.06822111 -0.00058527
v -0.01358398 0.06829127 -0.00087085
v -0.01360333 0.06838855 -0.00114805
v -0.01362789 0.06851201 -0.00141419
v -0.01365741 0.06866045 -0.00166671
v -0.01369163 0.06883246 -0.00190318
v -0.01373020 0.06902637 -0.00212132
v -0.01377276 0.06924032 -0.00231903
v -0.01381889 0.06947225 -0.00249441
v -0.01386815 0.06971992 -0.00264576
v -0.01392007 0.06998094 -0.00277164
v -0.01397415 0.07025281 -0.00287082
v -0.01402987 0.07053291 -0.00294236
v -0.01408668 0.07081853 -0.00298555
v -0.01414405 0.07110693 -0.00300000
v -0.01420141 0.07139533 -0.00298555
v -0.01425823 0.07168096 -0.00294236
v -0.01431394 0.07196105 -0.00287082
v -0.01436802 0.07223292 -0.00277164
v -0.01441994 0.07249395 -0.00264576
v -0.01446921 0.07274162 -0.00249441
v -0.01451534 0.07297354 -0.00231903
v -0.01455790 0.07318749 -0.00212132
v -0.01459647 0.07338140 -0.00190318
v -0.01463068 0.07355341 -0.00166671
v -0.01466021 0.07370186 -0.00141419
v -0.01468477 0.07382532 -0.00114805
v -0.01470412 0.07392259 -0.00087085
v -0.01471807 0.07399275 -0.00058527
v -0.01472650 0.07403512 -0.00029405
v -0.02191649 0.07224900 0.00000000
v -0.02191230 0.07223517 0.00029405
v -0.02189976 0.07219383 0.00058527
v -0.02187899 0.07212538 0.00087085
v -0.02185020 0.07203047 0.00114805
v -0.02181366 0.07191001 0.00141419
v -0.02176973 0.07176517 0.00166671
v -0.02171882 0.07159735 0.00190318
v -0.02166143 0.07140815 0.00212132
v -0.02159810 0.07119940 0.00231903
v -0.02152946 0.07097312 0.00249441
v -0.02145616 0.07073147 0.00264576
v -0.02137890 0.07047679 0.00277164
v -0.02129843 0.07021153 0.00287082
v -0.02121553 0.06993824 0.00294236
v -0.02113100 0.06965956 0.00298555
v -0.02104564 0.06937817 0.00300000
v -0.02096028 0.06909678 0.00298555
v -0.02087574 0.06881810 0.00294236
v -0.02079284 0.06854482 0.00287082
v -0.02071238 0.06827956 0.00277164
v -0.02063512 0.06802488 0.00264576
v -0.02056182 0.06778323 0.00249441
v -0.02049318 0.06755694 0.00231903
v -0.02042985 0.06734820 0.00212132
v -0.02037246 0.06715900 0.00190318
v -0.02032155 0.06699117 0.00166671
v -0.02027761 0.06684634 0.00141419
v -0.02024107 0.06672588 0.00114805
v -0.02021228 0.06663097 0.00087085
v -0.02019152 0.06656252 0.00058527
v -0.02017898 0.06652118 0.00029405
v -0.02017479 0.06650735 0.00000000
v -0.02017898 0.06652118 -0.00029405
v -0.02019152 0.06656252 -0.00058527
v -0.02021228 0.06663097 -0.00087085
v -0.02024107 0.06672588 -0.00114805
v -0.02027761 0.06684634 -0.00141419
v -0.02032155 0.06699117 -0.00166671
v -0.02037246 0.06715900 -0.00190318
v -0.02042985 0.06734820 -0.00212132
v -0.02049318 0.06755694 -0.00231903
v -0.02056182 0.06778323 -0.00249441
v -0.02063512 0.06802488 -0.00264576
v -0.02071238 0.06827956 -0.00277164
v -0.02079284 0.06854482 -0.00287082
v -0.02087574 0.06881810 -0.00294236
v -0.02096028 0.06909678 -0.00298555
v -0.02104564 0.06937817 -0.00300000
v -0.02113100 0.06965956 -0.00298555
v -0.02121553 0.06993824 -0.00294236
v -0.02129843 0.07021153 -0.00287082
v -0.02137890 0.07047679 -0.00277164
v -0.02145616 0.07073147 -0.00264576
v -0.02152946 0.07097312 -0.00249441
v -0.02159810 0.07119940 -0.00231903
v -0.02166143 0.07140815 -0.00212132
v -0.02171882 0.07159735 -0.00190318
v -0.02176973 0.07176517 -0.00166671
v -0.02181366 0.07191001 -0.00141419
v -0.02185020 0.07203047 -0.00114805
v -0.02187899 0.07212538 -0.00087085
v -0.02189976 0.07219383 -0.00058527
v -0.02191230 0.07223517 -0.00029405
v -0.02889260 0.06975290 0.00000000
v -0.02888707 0.06973956 0.00029405
v -0.02887054 0.06969965 0.00058527
v -0.02884316 0.06963356 0.00087085
v -0.02880521 0.06954193 0.00114805
v -0.02875704 0.06942563 0.00141419
v -0.02869912 0.06928580 0.00166671
v -0.02863200 0.06912377 0.00190318
v -0.02855634 0.06894111 0.00212132
v -0.02847286 0.06873958 0.00231903
v -0.02838237 0.06852111 0.00249441
v -0.02828574 0.06828781 0.00264576
v -0.02818389 0.06804193 0.00277164
v -0.02807781 0.06778583 0.00287082
v -0.02796852 0.06752199 0.00294236
v -0.02785708 0.06725293 0.00298555
v -0.02774455 0.06698127 0.00300000
v -0.02763202 0.06670960 0.00298555
v -0.02752058 0.06644055 0.00294236
v -0.02741129 0.06617670 0.00287082
v -0.02730521 0.06592061 0.00277164
v -0.02720336 0.06567472 0.00264576
v -0.02710673 0.06544143 0.00249441
v -0.02701623 0.06522296 0.00231903
v -0.02693275 0.06502142 0.00212132
v -0.02685709 0.06483876 0.00190318
v -0.02678998 0.06467673 0.00166671
v -0.02673206 0.06453690 0.00141419
v -0.02668389 0.06442061 0.00114805
v -0.02664593 0.06432897 0.00087085
v -0.02661856 0.06426288 0.00058527
v -0.02660203 0.06422297 0.00029405
v -0.02659650 0.06420963 0.00000000
v -0.02660203 0.06422297 -0.00029405
v -0.02661856 0.06426288 -0.00058527
v -0.02664593 0.06432897 -0.00087085
v -0.02668389 0.06442061 -0.00114805
v -0.02673206 0.06453690 -0.00141419
v -0.02678998 0.06467673 -0.00166671
v -0.02685709 0.06483876 -0.00190318
v -0.02693275 0.06502142 -0.00212132
v -0.02701623 0.06522296 -0.00231903
v -0.02710673 0.06544143 -0.00249441
v -0.02720336 0.06567472 -0.00264576
v -0.02730521 0.06592061 -0.00277164
v -0.02741129 0.06617670 -0.00287082
v -0.02752058 0.06644055 -0.00294236
v -0.02763202 0.06670960 -0.00298555
v -0.02774455 0.06698127 -0.00300000
v -0.02785708 0.06725293 -0.00298555
v -0.02796852 0.06752199 -0.00294236
v -0.02807781 0.06778583 -0.00287082
v -0.02818389 0.06804193 -0.00277164
v -0.02828574 0.06828781 -0.00264576
v -0.02838237 0.06852111 -0.00249441
v -0.02847286 0.06873958 -0.00231903
v -0.02855634 0.06894111 -0.00212132
v -0.02863200 0.06912377 -0.00190318
v -0.02869912 0.06928580 -0.00166671
v -0.02875704 0.06942563 -0.00141419
v -0.02880521 0.06954193 -0.00114805
v -0.02884316 0.06963356 -0.00087085
v -0.02887054 0.06969965 -0.00058527
v -0.02888707 0.06973956 -0.00029405
v -0.03559045 0.06658506 0.00000000
v -0.03558364 0.06657232 0.00029405
v -0.03556328 0.06653422 0.00058527
v -0.03552956 0.06647113 0.00087085
v -0.03548280 0.06638366 0.00114805
v -0.03542347 0.06627265 0.00141419
v -0.03535212 0.06613916 0.00166671
v -0.03526945 0.06598449 0.00190318
v -0.03517625 0.06581013 0.00212132
v -0.03507342 0.06561775 0.00231903
v -0.03496195 0.06540920 0.00249441
v -0.03484291 0.06518650 0.00264576
v -0.03471745 0.06495178 0.00277164
v -0.03458678 0.06470732 0.00287082
v -0.03445216 0.06445545 0.00294236
v -0.03431488 0.06419862 0.00298555
v -0.03417626 0.06393929 0.00300000
v -0.03403765 0.06367996 0.00298555
v -0.03390037 0.06342313 0.00294236
v -0.03376575 0.06317127 0.00287082
v -0.03363508 0.06292680 0.00277164
v -0.03350962 0.06269209 0.00264576
v -0.03339058 0.06246938 0.00249441
v -0.03327911 0.06226084 0.00231903
v -0.03317628 0.06206845 0.00212132
v -0.03308308 0.06189409 0.00190318
v -0.03300041 0.06173942 0.00166671
v -0.03292906 0.06160594 0.00141419
v -0.03286972 0.06149492 0.00114805
v -0.03282297 0.06140745 0.00087085
v -0.03278925 0.06134437 0.00058527
v -0.03276888 0.06130627 0.00029405
v -0.03276207 0.06129353 0.00000000
v -0.03276888 0.06130627 -0.00029405
v -0.03278925 0.06134437 -0.00058527
v -0.03282297 0.06140745 -0.00087085
v -0.03286972 0.06149492 -0.00114805
v -0.03292906 0.06160594 -0.00141419
v -0.03300041 0.06173942 -0.00166671
v -0.03308308 0.06189409 -0.00190318
v -0.03317628 0.06206845 -0.00212132
v -0.03327911 0.06226084 -0.00231903
v -0.03339058 0.06246938 -0.00249441
v -0.03350962 0.06269209 -0.00264576
v -0.03363508 0.06292680 -0.00277164
v -0.03376575 0.06317127 -0.00287082
v -0.03390037 0.06342313 -0.00294236
v -0.03403765 0.06367996 -0.00298555
v -0.03417626 0.06393929 -0.00300000
v -0.03431488 0.06419862 -0.00298555
v -0.03445216 0.06445545 -0.00294236
v -0.03458678 0.06470732 -0.00287082
v -0.03471745 0.06495178 -0.00277164
v -0.03484291 0.06518650 -0.00264576
v -0.03496195 0.06540920 -0.00249441
v -0.03507342 0.06561775 -0.00231903
v -0.03517625 0.06581013 -0.00212132
v -0.03526945 0.06598449 -0.00190318
v -0.03535212 0.06613916 -0.00166671
v -0.03542347 0.06627265 -0.00141419
v -0.03548280 0.06638366 -0.00114805
v -0.03552956 0.06647113 -0.00087085
v -0.03556328 0.06653422 -0.00058527
v -0.03558364 0.06657232 -0.00029405
v -0.04194555 0.06277596 0.00000000
v -0.04193753 0.06276394 0.00029405
v -0.04191353 0.06272803 0.00058527
v -0.04187378 0.06266855 0.00087085
v -0.04181868 0.06258608 0.00114805
v -0.04174875 0.06248142 0.00141419
v -0.04166466 0.06235557 0.00166671
v -0.04156723 0.06220975 0.00190318
v -0.04145738 0.06204536 0.00212132
v -0.04133619 0.06186398 0.00231903
v -0.04120482 0.06166737 0.00249441
v -0.04106452 0.06145740 0.00264576
v -0.04091666 0.06123612 0.00277164
v -0.04076266 0.06100564 0.00287082
v -0.04060400 0.06076818 0.00294236
v -0.04044221 0.06052604 0.00298555
v -0.04027884 0.06028155 0.00300000
v -0.04011548 0.06003705 0.00298555
v -0.03995368 0.05979491 0.00294236
v -0.03979502 0.05955746 0.00287082
v -0.03964102 0.05932698 0.00277164
v -0.03949316 0.05910569 0.00264576
v -0.03935287 0.05889573 0.00249441
v -0.03922149 0.05869911 0.00231903
v -0.03910030 0.05851773 0.00212132
v -0.03899046 0.05835334 0.00190318
v -0.03889302 0.05820752 0.00166671
v -0.03880893 0.05808167 0.00141419
v -0.03873900 0.05797701 0.00114805
v -0.03868390 0.05789455 0.00087085
v -0.03864416 0.05783507 0.00058527
v -0.03862016 0.05779915 0.00029405
v -0.03861213 0.05778714 0.00000000
v -0.03862016 0.05779915 -0.00029405
v -0.03864416 0.05783507 -0.00058527
v -0.03868390 0.05789455 -0.00087085
v -0.03873900 0.05797701 -0.00114805
v -0.03880893 0.05808167 -0.00141419
v -0.03889302 0.05820752 -0.00166671
v -0.03899046 0.05835334 -0.00190318
v -0.03910030 0.05851773 -0.00212132
v -0.03922149 0.05869911 -0.00231903
v -0.03935287 0.05889573 -0.00249441
v -0.03949316 0.05910569 -0.00264576
v -0.03964102 0.05932698 -0.00277164
v -0.03979502 0.05955746 -0.00287082
v -0.03995368 0.05979491 -0.00294236
v -0.04011548 0.06003705 -0.00298555
v -0.04027884 0.06028155 -0.00300000
v -0.04044221 0.06052604 -0.00298555
v -0.04060400 0.06076818 -0.00294236
v -0.04076266 0.06100564 -0.00287082
v -0.04091666 0.06123612 -0.00277164
v -0.04106452 0.06145740 -0.00264576
v -0.04120482 0.06166737 -0.00249441
v -0.04133619 0.06186398 -0.00231903
v -0.04145738 0.06204536 -0.00212132
v -0.04156723 0.06220975 -0.00190318
v -0.04166466 0.06235557 -0.00166671
v -0.04174875 0.06248142 -0.00141419
v -0.04181868 0.06258608 -0.00114805
v -0.04187378 0.06266855 -0.00087085
v -0.04191353 0.06272803 -0.00058527
v -0.04193753 0.06276394 -0.00029405
v -0.04789669 0.05836229 0.00000000
v -0.04788753 0.05835112 0.00029405
v -0.04786012 0.05831773 0.00058527
v -0.04781474 0.05826243 0.00087085
v -0.04775182 0.05818576 0.00114805
v -0.04767197 0.05808846 0.00141419
v -0.04757595 0.05797146 0.00166671
v -0.04746469 0.05783589 0.00190318
v -0.04733926 0.05768306 0.00212132
v -0.04720088 0.05751444 0.00231903
v -0.04705086 0.05733164 0.00249441
v -0.04689067 0.05713644 0.00264576
v -0.04672183 0.05693071 0.00277164
v -0.04654598 0.05671644 0.00287082
v -0.04636481 0.05649568 0.00294236
v -0.04618006 0.05627056 0.00298555
v -0.04599351 0.05604326 0.00300000
v -0.04580697 0.05581595 0.00298555
v -0.04562222 0.05559084 0.00294236
v -0.04544105 0.05537008 0.00287082
v -0.04526520 0.05515580 0.00277164
v -0.04509636 0.05495007 0.00264576
v -0.04493616 0.05475487 0.00249441
v -0.04478615 0.05457208 0.00231903
v -0.04464776 0.05440346 0.00212132
v -0.04452234 0.05425062 0.00190318
v -0.04441108 0.05411505 0.00166671
v -0.04431506 0.05399805 0.00141419
v -0.04423520 0.05390075 0.00114805
v -0.04417228 0.05382408 0.00087085
v -0.04412690 0.05376879 0.00058527
v -0.04409950 0.05373539 0.00029405
v -0.04409033 0.05372423 0.00000000
v -0.04409950 0.05373539 -0.00029405
v -0.04412690 0.05376879 -0.00058527
v -0.04417228 0.05382408 -0.00087085
v -0.04423520 0.05390075 -0.00114805
v -0.04431506 0.05399805 -0.00141419
v -0.04441108 0.05411505 -0.00166671
v -0.04452234 0.05425062 -0.00190318
v -0.04464776 0.05440346 -0.00212132
v -0.04478615 0.05457208 -0.00231903
v -0.04493616 0.05475487 -0.00249441
v -0.04509636 0.05495007 -0.00264576
v -0.04526520 0.05515580 -0.00277164
v -0.04544105 0.05537008 -0.00287082
v -0.04562222 0.05559084 -0.00294236
v -0.04580697 0.05581595 -0.00298555
v -0.04599351 0.05604326 -0.00300000
v -0.04618006 0.05627056 -0.00298555
v -0.04636481 0.05649568 -0.00294236
v -0.04654598 0.05671644 -0.00287082
v -0.04672183 0.05693071 -0.00277164
v -0.04689067 0.05713644 -0.00264576
v -0.04705086 0.05733164 -0.00249441
v -0.04720088 0.05751444 -0.00231903
v -0.04733926 0.05768306 -0.00212132
v -0.04746469 0.05783589 -0.00190318
v -0.04757595 0.05797146 -0.00166671
v -0.04767197 0.05808846 -0.00141419
v -0.04775182 0.05818576 -0.00114805
v -0.04781474 0.05826243 -0.00087085
v -0.04786012 0.05831773 -0.00058527
v -0.04788753 0.05835112 -0.00029405
v -0.05338656 0.05338656 0.00000000
v -0.05337635 0.05337635 0.00029405
v -0.05334580 0.05334580 0.00058527
v -0.05329522 0.05329522 0.00087085
v -0.05322509 0.05322509 0.00114805
v -0.05313608 0.05313608 0.00141419
v -0.05302906 0.05302906 0.00166671
v -0.05290504 0.05290504 0.00190318
v -0.05276524 0.05276524 0.00212132
v -0.05261099 0.05261099 0.00231903
v -0.05244378 0.05244378 0.00249441
v -0.05226523 0.05226523 0.00264576
v -0.05207704 0.05207704 0.00277164
v -0.05188103 0.05188103 0.00287082
v -0.05167909 0.05167909 0.00294236
v -0.05147317 0.05147317 0.00298555
v -0.05126524 0.05126524 0.00300000
v -0.05105732 0.05105732 0.00298555
v -0.05085139 0.05085139 0.00294236
v -0.05064945 0.05064945 0.00287082
v -0.05045345 0.05045345 0.00277164
v -0.05026526 0.05026526 0.00264576
v -0.05008670 0.05008670 0.00249441
v -0.04991949 0.04991949 0.00231903
v -0.04976524 0.04976524 0.00212132
v -0.04962544 0.04962544 0.00190318
v -0.04950143 0.04950143 0.00166671
v -0.04939440 0.04939440 0.00141419
v -0.04930540 0.04930540 0.00114805
v -0.04923526 0.04923526 0.00087085
v -0.04918468 0.04918468 0.00058527
v -0.04915414 0.04915414 0.00029405
v -0.04914392 0.04914392 0.00000000
v -0.04915414 0.04915414 -0.00029405
v -0.04918468 0.04918468 -0.00058527
v -0.04923526 0.04923526 -0.00087085
v -0.04930540 0.04930540 -0.00114805
v -0.04939440 0.04939440 -0.00141419
v -0.04950143 0.04950143 -0.00166671
v -0.04962544 0.04962544 -0.00190318
v -0.04976524 0.04976524 -0.00212132
v -0.04991949 0.04991949 -0.00231903
v -0.05008670 0.05008670 -0.00249441
v -0.05026526 0.05026526 -0.00264576
v -0.05045345 0.05045345 -0.00277164
v -0.05064945 0.05064945 -0.00287082
v -0.05085139 0.05085139 -0.00294236
v -0.05105732 0.05105732 -0.00298555
v -0.05126524 0.05126524 -0.00300000
v -0.05147317 0.05147317 -0.00298555
v -0.05167909 0.05167909 -0.00294236
v -0.05188103 0.05188103 -0.00287082
v -0.05207704 0.05207704 -0.00277164
v -0.05226523 0.05226523 -0.00264576
v -0.05244378 0.05244378 -0.00249441
v -0.05261099 0.05261099 -0.00231903
v -0.05276524 0.05276524 -0.00212132
v -0.05290504 0.05290504 -0.00190318
v -0.05302906 0.05302906 -0.00166671
v -0.05313608 0.05313608 -0.00141419
v -0.05322509 0.05322509 -0.00114805
v -0.05329522 0.05329522 -0.00087085
v -0.05334580 0.05334580 -0.00058527
v -0.05337635 0.05337635 -0.00029405
v -0.05836229 0.04789669 0.00000000
v -0.05835112 0.04788753 0.00029405
v -0.05831773 0.04786012 0.00058527
v -0.05826243 0.04781474 0.00087085
v -0.05818576 0.04775182 0.00114805
v -0.05808846 0.04767197 0.00141419
v -0.05797146 0.04757595 0.00166671
v -0.05783589 0.04746469 0.00190318
v -0.05768306 0.04733926 0.00212132
v -0.05751444 0.04720088 0.00231903
v -0.05733164 0.04705086 0.00249441
v -0.05713644 0.04689067 0.00264576
v -0.05693071 0.04672183 0.00277164
v -0.05671644 0.04654598 0.00287082
v -0.05649568 0.04636481 0.00294236
v -0.05627056 0.04618006 0.00298555
v -0.05604326 0.04599351 0.00300000
v -0.05581595 0.04580697 0.00298555
v -0.05559084 0.04562222 0.00294236
v -0.05537008 0.04544105 0.00287082
v -0.05515580 0.04526520 0.00277164
v -0.05495007 0.04509636 0.00264576
v -0.05475487 0.04493616 0.00249441
v -0.05457208 0.04478615 0.00231903
v -0.05440346 0.04464776 0.00212132
v -0.05425062 0.04452234 0.00190318
v -0.05411505 0.04441108 0.00166671
v -0.05399805 0.04431506 0.00141419
v -0.05390075 0.04423520 0.00114805
v -0.05382408 0.04417228 0.00087085
v -0.05376879 0.04412690 0.00058527
v -0.05373539 0.04409950 0.00029405
v -0.05372423 0.04409033 0.00000000
v -0.05373539 0.04409950 -0.00029405
v -0.05376879 0.04412690 -0.00058527
v -0.05382408 0.04417228 -0.00087085
v -0.05390075 0.04423520 -0.00114805
v -0.05399805 0.04431506 -0.00141419
v -0.05411505 0.04441108 -0.00166671
v -0.05425062 0.04452234 -0.00190318
v -0.05440346 0.04464776 -0.00212132
v -0.05457208 0.04478615 -0.00231903
v -0.05475487 0.04493616 -0.00249441
v -0.05495007 0.04509636 -0.00264576
v -0.05515580 0.04526520 -0.00277164
v -0.05537008 0.04544105 -0.00287082
v -0.05559084 0.04562222 -0.00294236
v -0.05581595 0.04580697 -0.00298555
v -0.05604326 0.04599351 -0.00300000
v -0.05627056 0.04618006 -0.00298555
v -0.05649568 0.04636481 -0.00294236
v -0.05671644 0.04654598 -0.00287082
v -0.05693071 0.04672183 -0.00277164
v -0.05713644 0.04689067 -0.00264576
v -0.05733164 0.04705086 -0.00249441
v -0.05751444 0.04720088 -0.00231903
v -0.05768306 0.04733926 -0.00212132
v -0.05783589 0.04746469 -0.00190318
v -0.05797146 0.04757595 -0.00166671
v -0.05808846 0.04767197 -0.00141419
v -0.05818576 0.04775182 -0.00114805
v -0.05826243 0.04781474 -0.00087085
v -0.05831773 0.04786012 -0.00058527
v -0.05835112 0.04788753 -0.00029405
v -0.06277596 0.04194555 0.00000000
v -0.06276394 0.04193753 0.00029405
v -0.06272803 0.04191353 0.00058527
v -0.06266855 0.04187378 0.00087085
v -0.06258608 0.04181868 0.00114805
v -0.06248142 0.04174875 0.00141419
v -0.06235557 0.04166466 0.00166671
v -0.06220975 0.04156723 0.00190318
v -0.06204536 0.04145738 0.00212132
v -0.06186398 0.04133619 0.00231903
v -0.06166737 0.04120482 0.00249441
v -0.06145740 0.04106452 0.00264576
v -0.06123612 0.04091666 0.00277164
v -0.06100564 0.04076266 0.00287082
v -0.06076818 0.04060400 0.00294236
v -0.06052604 0.04044221 0.00298555
v -0.06028155 0.04027884 0.00300000
v -0.06003705 0.04011548 0.00298555
v -0.05979491 0.03995368 0.00294236
v -0.05955746 0.03979502 0.00287082
v -0.05932698 0.03964102 0.00277164
v -0.05910569 0.03949316 0.00264576
v -0.05889573 0.03935287 0.00249441
v -0.05869911 0.03922149 0.00231903
v -0.05851773 0.03910030 0.00212132
v -0.05835334 0.03899046 0.00190318
v -0.05820752 0.03889302 0.00166671
v -0.05808167 0.03880893 0.00141419
v -0.05797701 0.03873900 0.00114805
v -0.05789455 0.03868390 0.00087085
v -0.05783507 0.03864416 0.00058527
v -0.05779915 0.03862016 0.00029405
v -0.05778714 0.03861213 0.00000000
v -0.05779915 0.03862016 -0.00029405
v -0.05783507 0.03864416 -0.00058527
v -0.05789455 0.03868390 -0.00087085
v -0.05797701 0.03873900 -0.00114805
v -0.05808167 0.03880893 -0.00141419
v -0.05820752 0.03889302 -0.00166671
v -0.05835334 0.03899046 -0.00190318
v -0.05851773 0.03910030 -0.00212132
v -0.05869911 0.03922149 -0.00231903
v -0.05889573 0.03935287 -0.00249441
v -0.05910569 0.03949316 -0.00264576
v -0.05932698 0.03964102 -0.00277164
v -0.05955746 0.03979502 -0.00287082
v -0.05979491 0.03995368 -0.00294236
v -0.06003705 0.04011548 -0.00298555
v -0.06028155 0.04027884 -0.00300000
v -0.06052604 0.04044221 -0.00298555
v -0.06076818 0.04060400 -0.00294236
v -0.06100564 0.04076266 -0.00287082
v -0.06123612 0.04091666 -0.00277164
v -0.06145740 0.04106452 -0.00264576
v -0.06166737 0.04120482 -0.00249441
v -0.06186398 0.04133619 -0.00231903
v -0.06204536 0.04145738 -0.00212132
v -0.06220975 0.04156723 -0.00190318
v -0.06235557 0.04166466 -0.00166671
v -0.06248142 0.04174875 -0.00141419
v -0.06258608 0.04181868 -0.00114805
v -0.06266855 0.04187378 -0.00087085
v -0.06272803 0.04191353 -0.00058527
v -0.06276394 0.04193753 -0.00029405
v -0.06658506 0.03559045 0.00000000
v -0.06657232 0.03558364 0.00029405
v -0.06653422 0.03556328 0.00058527
v -0.06647113 0.03552956 0.00087085
v -0.06638366 0.03548280 0.00114805
v -0.06627265 0.03542347 0.00141419
v -0.06613916 0.03535212 0.00166671
v -0.06598449 0.03526945 0.00190318
v -0.06581013 0.03517625 0.00212132
v -0.06561775 0.03507342 0.00231903
v -0.06540920 0.03496195 0.00249441
v -0.06518650 0.03484291 0.00264576
v -0.06495178 0.03471745 0.00277164
v -0.06470732 0.03458678 0.00287082
v -0.06445545 0.03445216 0.00294236
v -0.06419862 0.03431488 0.00298555
v -0.06393929 0.03417626 0.00300000
v -0.06367996 0.03403765 0.00298555
v -0.06342313 0.03390037 0.00294236
v -0.06317127 0.03376575 0.00287082
v -0.06292680 0.03363508 0.00277164
v -0.06269209 0.03350962 0.00264576
v -0.06246938 0.03339058 0.00249441
v -0.06226084 0.03327911 0.00231903
v -0.06206845 0.03317628 0.00212132
v -0.06189409 0.03308308 0.00190318
v -0.06173942 0.03300041 0.00166671
v -0.06160594 0.03292906 0.00141419
v -0.06149492 0.03286972 0.00114805
v -0.06140745 0.03282297 0.00087085
v -0.06134437 0.03278925 0.00058527
v -0.06130627 0.03276888 0.00029405
v -0.06129353 0.03276207 0.00000000
v -0.06130627 0.03276888 -0.00029405
v -0.06134437 0.03278925 -0.00058527
v -0.06140745 0.03282297 -0.00087085
v -0.06149492 0.03286972 -0.00114805
v -0.06160594 0.03292906 -0.00141419
v -0.06173942 0.03300041 -0.00166671
v -0.06189409 0.03308308 -0.00190318
v -0.06206845 0.03317628 -0.00212132
v -0.06226084 0.03327911 -0.00231903
v -0.06246938 0.03339058 -0.00249441
v -0.06269209 0.03350962 -0.00264576
v -0.06292680 0.03363508 -0.00277164
v -0.06317127 0.03376575 -0.00287082
v -0.06342313 0.03390037 -0.00294236
v -0.06367996 0.03403765 -0.00298555
v -0.06393929 0.03417626 -0.00300000
v -0.06419862 0.03431488 -0.00298555
v -0.06445545 0.03445216 -0.00294236
v -0.06470732 0.03458678 -0.00287082
v -0.06495178 0.03471745 -0.00277164
v -0.06518650 0.03484291 -0.00264576
v -0.06540920 0.03496195 -0.00249441
v -0.06561775 0.03507342 -0.00231903
v -0.06581013 0.03517625 -0.00212132
v -0.06598449 0.03526945 -0.00190318
v -0.06613916 0.03535212 -0.00166671
v -0.06627265 0.03542347 -0.00141419
v -0.06638366 0.03548280 -0.00114805
v -0.06647113 0.03552956 -0.00087085
v -0.06653422 0.03556328 -0.00058527
v -0.06657232 0.03558364 -0.00029405
v -0.06975290 0.02889260 0.00000000
v -0.06973956 0.02888707 0.00029405
v -0.06969965 0.02887054 0.00058527
v -0.06963356 0.02884316 0.00087085
v -0.06954193 0.02880521 0.00114805
v -0.06942563 0.02875704 0.00141419
v -0.06928580 0.02869912 0.00166671
v -0.06912377 0.02863200 0.00190318
v -0.06894111 0.02855634 0.00212132
v -0.06873958 0.02847286 0.00231903
v -0.06852111 0.02838237 0.00249441
v -0.06828781 0.02828574 0.00264576
v -0.06804193 0.02818389 0.00277164
v -0.06778583 0.02807781 0.00287082
v -0.06752199 0.02796852 0.00294236
v -0.06725293 0.02785708 0.00298555
v -0.06698127 0.02774455 0.00300000
v -0.06670960 0.02763202 0.00298555
v -0.06644055 0.02752058 0.00294236
v -0.06617670 0.02741129 0.00287082
v -0.06592061 0.02730521 0.00277164
v -0.06567472 0.02720336 0.00264576
v -0.06544143 0.02710673 0.00249441
v -0.06522296 0.02701623 0.00231903
v -0.06502142 0.02693275 0.00212132
v -0.06483876 0.02685709 0.00190318
v -0.06467673 0.02678998 0.00166671
v -0.06453690 0.02673206 0.00141419
v -0.06442061 0.02668389 0.00114805
v -0.06432897 0.02664593 0.00087085
v -0.06426288 0.02661856 0.00058527
v -0.06422297 0.02660203 0.00029405
v -0.06420963 0.02659650 0.00000000
v -0.06422297 0.02660203 -0.00029405
v -0.06426288 0.02661856 -0.00058527
v -0.06432897 0.02664593 -0.00087085
v -0.06442061 0.02668389 -0.00114805
v -0.06453690 0.02673206 -0.00141419
v -0.06467673 0.02678998 -0.00166671
v -0.06483876 0.02685709 -0.00190318
v -0.06502142 0.02693275 -0.00212132
v -0.06522296 0.02701623 -0.00231903
v -0.06544143 0.02710673 -0.00249441
v -0.06567472 0.02720336 -0.00264576
v -0.06592061 0.02730521 -0.00277164
v -0.06617670 0.02741129 -0.00287082
v -0.06644055 0.02752058 -0.00294236
v -0.06670960 0.02763202 -0.00298555
v -0.06698127 0.02774455 -0.00300000
v -0.06725293 0.02785708 -0.00298555
v -0.06752199 0.02796852 -0.00294236
v -0.06778583 0.02807781 -0.00287082
v -0.06804193 0.02818389 -0.00277164
v -0.06828781 0.02828574 -0.00264576
v -0.06852111 0.02838237 -0.00249441
v -0.06873958 0.02847286 -0.00231903
v -0.06894111 0.02855634 -0.00212132
v -0.06912377 0.02863200 -0.00190318
v -0.06928580 0.02869912 -0.00166671
v -0.06942563 0.02875704 -0.00141419
v -0.06954193 0.02880521 -0.00114805
v -0.06963356 0.02884316 -0.00087085
v -0.06969965 0.02887054 -0.00058527
v -0.06973956 0.02888707 -0.00029405
v -0.07224900 0.02191649 0.00000000
v -0.07223517 0.02191230 0.00029405
v -0.07219383 0.02189976 0.00058527
v -0.07212538 0.02187899 0.00087085
v -0.07203047 0.02185020 0.00114805
v -0.07191001 0.02181366 0.00141419
v -0.07176517 0.02176973 0.00166671
v -0.07159735 0.02171882 0.00190318
v -0.07140815 0.02166143 0.00212132
v -0.07119940 0.02159810 0.00231903
v -0.07097312 0.02152946 0.00249441
v -0.07073147 0.02145616 0.00264576
v -0.07047679 0.02137890 0.00277164
v -0.07021153 0.02129843 0.00287082
v -0.06993824 0.02121553 0.00294236
v -0.06965956 0.02113100 0.00298555
v -0.06937817 0.02104564 0.00300000
v -0.06909678 0.02096028 0.00298555
v -0.06881810 0.02087574 0.00294236
v -0.06854482 0.02079284 0.00287082
v -0.06827956 0.02071238 0.00277164
v -0.06802488 0.02063512 0.00264576
v -0.06778323 0.02056182 0.00249441
v -0.06755694 0.02049318 0.00231903
v -0.06734820 0.02042985 0.00212132
v -0.06715900 0.02037246 0.00190318
v -0.06699117 0.02032155 0.00166671
v -0.06684634 0.02027761 0.00141419
v -0.06672588 0.02024107 0.00114805
v -0.06663097 0.02021228 0.00087085
v -0.06656252 0.02019152 0.00058527
v -0.06652118 0.02017898 0.00029405
v -0.06650735 0.02017479 0.00000000
v -0.06652118 0.02017898 -0.00029405
v -0.06656252 0.02019152 -0.00058527
v -0.06663097 0.02021228 -0.00087085
v -0.06672588 0.02024107 -0.00114805
v -0.06684634 0.02027761 -0.00141419
v -0.06699117 0.02032155 -0.00166671
v -0.06715900 0.02037246 -0.00190318
v -0.06734820 0.02042985 -0.00212132
v -0.06755694 0.02049318 -0.00231903
v -0.06778323 0.02056182 -0.00249441
v -0.06802488 0.02063512 -0.00264576
v -0.06827956 0.02071238 -0.00277164
v -0.06854482 0.02079284 -0.00287082
v -0.06881810 0.02087574 -0.00294236
v -0.06909678 0.02096028 -0.00298555
v -0.06937817 0.02104564 -0.00300000
v -0.06965956 0.02113100 -0.00298555
v -0.06993824 0.02121553 -0.00294236
v -0.07021153 0.02129843 -0.00287082
v -0.07047679 0.02137890 -0.00277164
v -0.07073147 0.02145616 -0.00264576
v -0.07097312 0.02152946 -0.00249441
v -0.07119940 0.02159810 -0.00231903
v -0.07140815 0.02166143 -0.00212132
v -0.07159735 0.02171882 -0.00190318
v -0.07176517 0.02176973 -0.00166671
v -0.07191001 0.02181366 -0.00141419
v -0.07203047 0.02185020 -0.00114805
v -0.07212538 0.02187899 -0.00087085
v -0.07219383 0.02189976 -0.00058527
v -0.07223517 0.02191230 -0.00029405
v -0.07404929 0.01472932 0.00000000
v -0.07403512 0.01472650 0.00029405
v -0.07399275 0.01471807 0.00058527
v -0.07392259 0.01470412 0.00087085
v -0.07382532 0.01468477 0.00114805
v -0.07370186 0.01466021 0.00141419
v -0.07355341 0.01463068 0.00166671
v -0.07338140 0.01459647 0.00190318
v -0.07318749 0.01455790 0.00212132
v -0.07297354 0.01451534 0.00231903
v -0.07274162 0.01446921 0.00249441
v -0.07249395 0.01441994 0.00264576
v -0.07223292 0.01436802 0.00277164
v -0.07196105 0.01431394 0.00287082
v -0.07168096 0.01425823 0.00294236
v -0.07139533 0.01420141 0.00298555
v -0.07110693 0.01414405 0.00300000
v -0.07081853 0.01408668 0.00298555
v -0.07053291 0.01402987 0.00294236
v -0.07025281 0.01397415 0.00287082
v -0.06998094 0.01392007 0.00277164
v -0.06971992 0.01386815 0.00264576
v -0.06947225 0.01381889 0.00249441
v -0.06924032 0.01377276 0.00231903
v -0.06902637 0.01373020 0.00212132
v -0.06883246 0.01369163 0.00190318
v -0.06866045 0.01365741 0.00166671
v -0.06851201 0.01362789 0.00141419
v -0.06838855 0.01360333 0.00114805
v -0.06829127 0.01358398 0.00087085
v -0.06822111 0.01357002 0.00058527
v -0.06817875 0.01356160 0.00029405
v -0.06816458 0.01355878 0.00000000
v -0.06817875 0.01356160 -0.00029405
v -0.06822111 0.01357002 -0.00058527
v -0.06829127 0.01358398 -0.00087085
v -0.06838855 0.01360333 -0.00114805
v -0.06851201 0.01362789 -0.00141419
v -0.06866045 0.01365741 -0.00166671
v -0.06883246 0.01369163 -0.00190318
v -0.06902637 0.01373020 -0.00212132
v -0.06924032 0.01377276 -0.00231903
v -0.06947225 0.01381889 -0.00249441
v -0.06971992 0.01386815 -0.00264576
v -0.06998094 0.01392007 -0.00277164
v -0.07025281 0.01397415 -0.00287082
v -0.07053291 0.01402987 -0.00294236
v -0.07081853 0.01408668 -0.00298555
v -0.07110693 0.01414405 -0.00300000
v -0.07139533 0.01420141 -0.00298555
v -0.07168096 0.01425823 -0.00294236
v -0.07196105 0.01431394 -0.00287082
v -0.07223292 0.01436802 -0.00277164
v -0.07249395 0.01441994 -0.00264576
v -0.07274162 0.01446921 -0.00249441
v -0.07297354 0.01451534 -0.00231903
v -0.07318749 0.01455790 -0.00212132
v -0.07338140 0.01459647 -0.00190318
v -0.07355341 0.01463068 -0.00166671
v -0.07370186 0.01466021 -0.00141419
v -0.07382532 0.01468477 -0.00114805
v -0.07392259 0.01470412 -0.00087085
v -0.07399275 0.01471807 -0.00058527
v -0.07403512 0.01472650 -0.00029405
v -0.07513645 0.00740029 0.00000000
v -0.07512207 0.00739888 0.00029405
v -0.07507908 0.00739464 0.00058527
v -0.07500789 0.00738763 0.00087085
v -0.07490919 0.00737791 0.00114805
v -0.07478392 0.00736557 0.00141419
v -0.07463329 0.00735074 0.00166671
v -0.07445876 0.00733355 0.00190318
v -0.07426200 0.00731417 0.00212132
v -0.07404491 0.00729279 0.00231903
v -0.07380958 0.00726961 0.00249441
v -0.07355827 0.00724486 0.00264576
v -0.07329341 0.00721877 0.00277164
v -0.07301755 0.00719160 0.00287082
v -0.07273335 0.00716361 0.00294236
v -0.07244353 0.00713506 0.00298555
v -0.07215089 0.00710624 0.00300000
v -0.07185826 0.00707742 0.00298555
v -0.07156844 0.00704888 0.00294236
v -0.07128423 0.00702088 0.00287082
v -0.07100837 0.00699371 0.00277164
v -0.07074351 0.00696763 0.00264576
v -0.07049221 0.00694288 0.00249441
v -0.07025688 0.00691970 0.00231903
v -0.07003979 0.00689832 0.00212132
v -0.06984303 0.00687894 0.00190318
v -0.06966850 0.00686175 0.00166671
v -0.06951787 0.00684691 0.00141419
v -0.06939260 0.00683457 0.00114805
v -0.06929390 0.00682485 0.00087085
v -0.06922271 0.00681784 0.00058527
v -0.06917971 0.00681361 0.00029405
v -0.06916534 0.00681219 0.00000000
v -0.06917971 0.00681361 -0.00029405
v -0.06922271 0.00681784 -0.00058527
v -0.06929390 0.00682485 -0.00087085
v -0.06939260 0.00683457 -0.00114805
v -0.06951787 0.00684691 -0.00141419
v -0.06966850 0.00686175 -0.00166671
v -0.06984303 0.00687894 -0.00190318
v -0.07003979 0.00689832 -0.00212132
v -0.07025688 0.00691970 -0.00231903
v -0.07049221 0.00694288 -0.00249441
v -0.07074351 0.00696763 -0.00264576
v -0.07100837 0.00699371 -0.00277164
v -0.07128423 0.00702088 -0.00287082
v -0.07156844 0.00704888 -0.00294236
v -0.07185826 0.00707742 -0.00298555
v -0.07215089 0.00710624 -0.00300000
v -0.07244353 0.00713506 -0.00298555
v -0.07273335 0.00716361 -0.00294236
v -0.07301755 0.00719160 -0.00287082
v -0.07329341 0.00721877 -0.00277164
v -0.07355827 0.00724486 -0.00264576
v -0.07380958 0.00726961 -0.00249441
v -0.07404491 0.00729279 -0.00231903
v -0.07426200 0.00731417 -0.00212132
v -0.07445876 0.00733355 -0.00190318
v -0.07463329 0.00735074 -0.00166671
v -0.07478392 0.00736557 -0.00141419
v -0.07490919 0.00737791 -0.00114805
v -0.07500789 0.00738763 -0.00087085
v -0.07507908 0.00739464 -0.00058527
v -0.07512207 0.00739888 -0.00029405
v -0.07550000 0.00000000 0.00000000
v -0.07548555 0.00000000 0.00029405
v -0.07544236 0.00000000 0.00058527
v -0.07537082 0.00000000 0.00087085
v -0.07527164 0.00000000 0.00114805
v -0.07514576 0.00000000 0.00141419
v -0.07499441 0.00000000 0.00166671
v -0.07481903 0.00000000 0.00190318
v -0.07462132 0.00000000 0.00212132
v -0.07440318 0.00000000 0.00231903
v -0.07416671 0.00000000 0.00249441
v -0.07391419 0.00000000 0.00264576
v -0.07364805 0.00000000 0.00277164
v -0.07337085 0.00000000 0.00287082
v -0.07308527 0.00000000 0.00294236
v -0.07279405 0.00000000 0.00298555
v -0.07250000 0.00000000 0.00300000
v -0.07220595 0.00000000 0.00298555
v -0.07191473 0.00000000 0.00294236
v -0.07162915 0.00000000 0.00287082
v -0.07135195 0.00000000 0.00277164
v -0.07108581 0.00000000 0.00264576
v -0.07083329 0.00000000 0.00249441
v -0.07059682 0.00000000 0.00231903
v -0.07037868 0.00000000 0.00212132
v -0.07018097 0.00000000 0.00190318
v -0.07000559 0.00000000 0.00166671
v -0.06985424 0.00000000 0.00141419
v -0.06972836 0.00000000 0.00114805
v -0.06962918 0.00000000 0.00087085
v -0.06955764 0.00000000 0.00058527
v -0.06951445 0.00000000 0.00029405
v -0.06950000 0.00000000 0.00000000
v -0.06951445 0.00000000 -0.00029405
v -0.06955764 0.00000000 -0.00058527
v -0.06962918 0.00000000 -0.00087085
v -0.06972836 0.00000000 -0.00114805
v -0.06985424 0.00000000 -0.00141419
v -0.07000559 0.00000000 -0.00166671
v -0.07018097 0.00000000 -0.00190318
v -0.07037868 0.00000000 -0.00212132
v -0.07059682 0.00000000 -0.00231903
v -0.07083329 0.00000000 -0.00249441
v -0.07108581 0.00000000 -0.00264576
v -0.07135195 0.00000000 -0.00277164
v -0.07162915 0.00000000 -0.00287082
v -0.07191473 0.00000000 -0.00294236
v -0.07220595 0.00000000 -0.00298555
v -0.07250000 0.00000000 -0.00300000
v -0.07279405 0.00000000 -0.00298555
v -0.07308527 0.00000000 -0.00294236
v -0.07337085 0.00000000 -0.00287082
v -0.07364805 0.00000000 -0.00277164
v -0.07391419 0.00000000 -0.00264576
v -0.07416671 0.00000000 -0.00249441
v -0.07440318 0.00000000 -0.00231903
v -0.07462132 0.00000000 -0.00212132
v -0.07481903 0.00000000 -0.00190318
v -0.07499441 0.00000000 -0.00166671
v -0.07514576 0.00000000 -0.00141419
v -0.07527164 0.00000000 -0.00114805
v -0.07537082 0.00000000 -0.00087085
v -0.07544236 0.00000000 -0.00058527
v -0.07548555 0.00000000 -0.00029405
v -0.07513645 -0.00740029 0.00000000
v -0.07512207 -0.00739888 0.00029405
v -0.07507908 -0.00739464 0.00058527
v -0.07500789 -0.00738763 0.00087085
v -0.07490919 -0.00737791 0.00114805
v -0.07478392 -0.00736557 0.00141419
v -0.07463329 -0.00735074 0.00166671
v -0.07445876 -0.00733355 0.00190318
v -0.07426200 -0.00731417 0.00212132
v -0.07404491 -0.00729279 0.00231903
v -0.07380958 -0.00726961 0.00249441
v -0.07355827 -0.00724486 0.00264576
v -0.07329341 -0.00721877 0.00277164
v -0.07301755 -0.00719160 0.00287082
v -0.07273335 -0.00716361 0.00294236
v -0.07244353 -0.00713506 0.00298555
v -0.07215089 -0.00710624 0.00300000
v -0.07185826 -0.00707742 0.00298555
v -0.07156844 -0.00704888 0.00294236
v -0.07128423 -0.00702088 0.00287082
v -0.07100837 -0.00699371 0.00277164
v -0.07074351 -0.00696763 0.00264576
v -0.07049221 -0.00694288 0.00249441
v -0.07025688 -0.00691970 0.00231903
v -0.07003979 -0.00689832 0.00212132
v -0.06984303 -0.00687894 0.00190318
v -0.06966850 -0.00686175 0.00166671
v -0.06951787 -0.00684691 0.00141419
v -0.06939260 -0.00683457 0.00114805
v -0.06929390 -0.00682485 0.00087085
v -0.06922271 -0.00681784 0.00058527
v -0.06917971 -0.00681361 0.00029405
v -0.06916534 -0.00681219 0.00000000
v -0.06917971 -0.00681361 -0.00029405
v -0.06922271 -0.00681784 -0.00058527
v -0.06929390 -0.00682485 -0.00087085
v -0.06939260 -0.00683457 -0.00114805
v -0.06951787 -0.00684691 -0.00141419
v -0.06966850 -0.00686175 -0.00166671
v -0.06984303 -0.00687894 -0.00190318
v -0.07003979 -0.00689832 -0.00212132
v -0.07025688 -0.00691970 -0.00231903
v -0.07049221 -0.00694288 -0.00249441
v -0.07074351 -0.00696763 -0.00264576
v -0.07100837 -0.00699371 -0.00277164
v -0.07128423 -0.00702088 -0.00287082
v -0.07156844 -0.00704888 -0.00294236
v -0.07185826 -0.00707742 -0.00298555
v -0.07215089 -0.00710624 -0.00300000
v -0.07244353 -0.00713506 -0.00298555
v -0.07273335 -0.00716361 -0.00294236
v -0.07301755 -0.00719160 -0.00287082
v -0.07329341 -0.00721877 -0.00277164
v -0.07355827 -0.00724486 -0.00264576
v -0.07380958 -0.00726961 -0.00249441
v -0.07404491 -0.00729279 -0.00231903
v -0.07426200 -0.00731417 -0.00212132
v -0.07445876 -0.00733355 -0.00190318
v -0.07463329 -0.00735074 -0.00166671
v -0.07478392 -0.00736557 -0.00141419
v -0.07490919 -0.00737791 -0.00114805
v -0.07500789 -0.00738763 -0.00087085
v -0.07507908 -0.00739464 -0.00058527
v -0.07512207 -0.00739888 -0.00029405
v -0.07404929 -0.01472932 0.00000000
v -0.07403512 -0.01472650 0.00029405
v -0.07399275 -0.01471807 0.00058527
v -0.07392259 -0.01470412 0.00087085
v -0.07382532 -0.01468477 0.00114805
v -0.07370186 -0.01466021 0.00141419
v -0.07355341 -0.01463068 0.00166671
v -0.07338140 -0.01459647 0.00190318
v -0.07318749 -0.01455790 0.00212132
v -0.07297354 -0.01451534 0.00231903
v -0.07274162 -0.01446921 0.00249441
v -0.07249395 -0.01441994 0.00264576
v -0.07223292 -0.01436802 0.00277164
v -0.07196105 -0.01431394 0.00287082
v -0.07168096 -0.01425823 0.00294236
v -0.07139533 -0.01420141 0.00298555
v -0.07110693 -0.01414405 0.00300000
v -0.07081853 -0.01408668 0.00298555
v -0.07053291 -0.01402987 0.00294236
v -0.07025281 -0.01397415 0.00287082
v -0.06998094 -0.01392007 0.00277164
v -0.06971992 -0.01386815 0.00264576
v -0.06947225 -0.01381889 0.00249441
v -0.06924032 -0.01377276 0.00231903
v -0.06902637 -0.01373020 0.00212132
v -0.06883246 -0.01369163 0.00190318
v -0.06866045 -0.01365741 0.00166671
v -0.06851201 -0.01362789 0.00141419
v -0.06838855 -0.01360333 0.00114805
v -0.06829127 -0.01358398 0.00087085
v -0.06822111 -0.01357002 0.00058527
v -0.06817875 -0.01356160 0.00029405
v -0.06816458 -0.01355878 0.00000000
v -0.06817875 -0.01356160 -0.00029405
v -0.06822111 -0.01357002 -0.00058527
v -0.06829127 -0.01358398 -0.00087085
v -0.06838855 -0.01360333 -0.00114805
v -0.06851201 -0.01362789 -0.00141419
v -0.06866045 -0.01365741 -0.00166671
v -0.06883246 -0.01369163 -0.00190318
v -0.06902637 -0.01373020 -0.00212132
v -0.06924032 -0.01377276 -0.00231903
v -0.06947225 -0.01381889 -0.00249441
v -0.06971992 -0.01386815 -0.00264576
v -0.06998094 -0.01392007 -0.00277164
v -0.07025281 -0.01397415 -0.00287082
v -0.07053291 -0.01402987 -0.00294236
v -0.07081853 -0.01408668 -0.00298555
v -0.07110693 -0.01414405 -0.00300000
v -0.07139533 -0.01420141 -0.00298555
v -0.07168096 -0.01425823 -0.00294236
v -0.07196105 -0.01431394 -0.00287082
v -0.07223292 -0.01436802 -0.00277164
v -0.07249395 -0.01441994 -0.00264576
v -0.07274162 -0.01446921 -0.00249441
v -0.07297354 -0.01451534 -0.00231903
v -0.07318749 -0.01455790 -0.00212132
v -0.07338140 -0.01459647 -0.00190318
v -0.07355341 -0.01463068 -0.00166671
v -0.07370186 -0.01466021 -0.00141419
v -0.07382532 -0.01468477 -0.00114805
v -0.07392259 -0.01470412 -0.00087085
v -0.07399275 -0.01471807 -0.00058527
v -0.07403512 -0.01472650 -0.00029405
v -0.07224900 -0.02191649 0.00000000
v -0.07223517 -0.02191230 0.00029405
v -0.07219383 -0.02189976 0.00058527
v -0.07212538 -0.02187899 0.00087085
v -0.07203047 -0.02185020 0.00114805
v -0.07191001 -0.02181366 0.00141419
v -0.07176517 -0.02176973 0.00166671
v -0.07159735 -0.02171882 0.00190318
v -0.07140815 -0.02166143 0.00212132
v -0.07119940 -0.02159810 0.00231903
v -0.07097312 -0.02152946 0.00249441
v -0.07073147 -0.02145616 0.00264576
v -0.07047679 -0.02137890 0.00277164
v -0.07021153 -0.02129843 0.00287082
v -0.06993824 -0.02121553 0.00294236
v -0.06965956 -0.02113100 0.00298555
v -0.06937817 -0.02104564 0.00300000
v -0.06909678 -0.02096028 0.00298555
v -0.06881810 -0.02087574 0.00294236
v -0.06854482 -0.02079284 0.00287082
v -0.06827956 -0.02071238 0.00277164
v -0.06802488 -0.02063512 0.00264576
v -0.06778323 -0.02056182 0.00249441
v -0.06755694 -0.02049318 0.00231903
v -0.06734820 -0.02042985 0.00212132
v -0.06715900 -0.02037246 0.00190318
v -0.06699117 -0.02032155 0.00166671
v -0.06684634 -0.02027761 0.00141419
v -0.06672588 -0.02024107 0.00114805
v -0.06663097 -0.02021228 0.00087085
v -0.06656252 -0.02019152 0.00058527
v -0.06652118 -0.02017898 0.00029405
v -0.06650735 -0.02017479 0.00000000
v -0.06652118 -0.02017898 -0.00029405
v -0.06656252 -0.02019152 -0.00058527
v -0.06663097 -0.02021228 -0.00087085
v -0.06672588 -0.02024107 -0.00114805
v -0.06684634 -0.02027761 -0.00141419
v -0.06699117 -0.02032155 -0.00166671
v -0.06715900 -0.02037246 -0.00190318
v -0.06734820 -0.02042985 -0.00212132
v -0.06755694 -0.02049318 -0.00231903
v -0.06778323 -0.02056182 -0.00249441
v -0.06802488 -0.02063512 -0.00264576
v -0.06827956 -0.02071238 -0.00277164
v -0.06854482 -0.02079284 -0.00287082
v -0.06881810 -0.02087574 -0.00294236
v -0.06909678 -0.02096028 -0.00298555
v -0.06937817 -0.02104564 -0.00300000
v -0.06965956 -0.02113100 -0.00298555
v -0.06993824 -0.02121553 -0.00294236
v -0.07021153 -0.02129843 -0.00287082
v -0.07047679 -0.02137890 -0.00277164
v -0.07073147 -0.02145616 -0.00264576
v -0.07097312 -0.02152946 -0.00249441
v -0.07119940 -0.02159810 -0.00231903
v -0.07140815 -0.02166143 -0.00212132
v -0.07159735 -0.02171882 -0.00190318
v -0.07176517 -0.02176973 -0.00166671
v -0.07191001 -0.02181366 -0.00141419
v -0.07203047 -0.02185020 -0.00114805
v -0.07212538 -0.02187899 -0.00087085
v -0.07219383 -0.02189976 -0.00058527
v -0.07223517 -0.02191230 -0.00029405
v -0.06975290 -0.02889260 0.00000000
v -0.06973956 -0.02888707 0.00029405
v -0.06969965 -0.02887054 0.00058527
v -0.06963356 -0.02884316 0.00087085
v -0.06954193 -0.02880521 0.00114805
v -0.06942563 -0.02875704 0.00141419
v -0.06928580 -0.02869912 0.00166671
v -0.06912377 -0.02863200 0.00190318
v -0.06894111 -0.02855634 0.00212132
v -0.06873958 -0.02847286 0.00231903
v -0.06852111 -0.02838237 0.00249441
v -0.06828781 -0.02828574 0.00264576
v -0.06804193 -0.02818389 0.00277164
v -0.06778583 -0.02807781 0.00287082
v -0.06752199 -0.02796852 0.00294236
v -0.06725293 -0.02785708 0.00298555
v -0.06698127 -0.02774455 0.00300000
v -0.06670960 -0.02763202 0.00298555
v -0.06644055 -0.02752058 0.00294236
v -0.06617670 -0.02741129 0.00287082
v -0.06592061 -0.02730521 0.00277164
v -0.06567472 -0.02720336 0.00264576
v -0.06544143 -0.02710673 0.00249441
v -0.06522296 -0.02701623 0.00231903
v -0.06502142 -0.02693275 0.00212132
v -0.06483876 -0.02685709 0.00190318
v -0.06467673 -0.02678998 0.00166671
v -0.06453690 -0.02673206 0.00141419
v -0.06442061 -0.02668389 0.00114805
v -0.06432897 -0.02664593 0.00087085
v -0.06426288 -0.02661856 0.00058527
v -0.06422297 -0.02660203 0.00029405
v -0.06420963 -0.02659650 0.00000000
v -0.06422297 -0.02660203 -0.00029405
v -0.06426288 -0.02661856 -0.00058527
v -0.06432897 -0.02664593 -0.00087085
v -0.06442061 -0.02668389 -0.00114805
v -0.06453690 -0.02673206 -0.00141419
v -0.06467673 -0.02678998 -0.00166671
v -0.06483876 -0.02685709 -0.00190318
v -0.06502142 -0.02693275 -0.00212132
v -0.06522296 -0.02701623 -0.00231903
v -0.06544143 -0.02710673 -0.00249441
v -0.06567472 -0.02720336 -0.00264576
v -0.06592061 -0.02730521 -0.00277164
v -0.06617670 -0.02741129 -0.00287082
v -0.06644055 -0.02752058 -0.00294236
v -0.06670960 -0.02763202 -0.00298555
v -0.06698127 -0.02774455 -0.00300000
v -0.06725293 -0.02785708 -0.00298555
v -0.06752199 -0.02796852 -0.00294236
v -0.06778583 -0.02807781 -0.00287082
v -0.06804193 -0.02818389 -0.00277164
v -0.06828781 -0.02828574 -0.00264576
v -0.06852111 -0.02838237 -0.00249441
v -0.06873958 -0.02847286 -0.00231903
v -0.06894111 -0.02855634 -0.00212132
v -0.06912377 -0.02863200 -0.00190318
v -0.06928580 -0.02869912 -0.00166671
v -0.06942563 -0.02875704 -0.00141419
v -0.06954193 -0.02880521 -0.00114805
v -0.06963356 -0.02884316 -0.00087085
v -0.06969965 -0.02887054 -0.00058527
v -0.06973956 -0.02888707 -0.00029405
v -0.06658506 -0.03559045 0.00000000
v -0.06657232 -0.03558364 0.00029405
v -0.06653422 -0.03556328 0.00058527
v -0.06647113 -0.03552956 0.00087085
v -0.06638366 -0.03548280 0.00114805
v -0.06627265 -0.03542347 0.00141419
v -0.06613916 -0.03535212 0.00166671
v -0.06598449 -0.03526945 0.00190318
v -0.06581013 -0.03517625 0.00212132
v -0.06561775 -0.03507342 0.00231903
v -0.06540920 -0.03496195 0.00249441
v -0.06518650 -0.03484291 0.00264576
v -0.06495178 -0.03471745 0.00277164
v -0.06470732 -0.03458678 0.00287082
v -0.06445545 -0.03445216 0.00294236
v -0.06419862 -0.03431488 0.00298555
v -0.06393929 -0.03417626 0.00300000
v -0.06367996 -0.03403765 0.00298555
v -0.06342313 -0.03390037 0.00294236
v -0.06317127 -0.03376575 0.00287082
v -0.06292680 -0.03363508 0.00277164
v -0.06269209 -0.03350962 0.00264576
v -0.06246938 -0.03339058 0.00249441
v -0.06226084 -0.03327911 0.00231903
v -0.06206845 -0.03317628 0.00212132
v -0.06189409 -0.03308308 0.00190318
v -0.06173942 -0.03300041 0.00166671
v -0.06160594 -0.03292906 0.00141419
v -0.06149492 -0.03286972 0.00114805
v -0.06140745 -0.03282297 0.00087085
v -0.06134437 -0.03278925 0.00058527
v -0.06130627 -0.03276888 0.00029405
v -0.06129353 -0.03276207 0.00000000
v -0.06130627 -0.03276888 -0.00029405
v -0.06134437 -0.03278925 -0.00058527
v -0.06140745 -0.03282297 -0.00087085
v -0.06149492 -0.03286972 -0.00114805
v -0.06160594 -0.03292906 -0.00141419
v -0.06173942 -0.03300041 -0.00166671
v -0.06189409 -0.03308308 -0.00190318
v -0.06206845 -0.03317628 -0.00212132
v -0.06226084 -0.03327911 -0.00231903
v -0.06246938 -0.03339058 -0.00249441
v -0.06269209 -0.03350962 -0.00264576
v -0.06292680 -0.03363508 -0.00277164
v -0.06317127 -0.03376575 -0.00287082
v -0.06342313 -0.03390037 -0.00294236
v -0.06367996 -0.03403765 -0.00298555
v -0.06393929 -0.03417626 -0.00300000
v -0.06419862 -0.03431488 -0.00298555
v -0.06445545 -0.03445216 -0.00294236
v -0.06470732 -0.03458678 -0.00287082
v -0.06495178 -0.03471745 -0.00277164
v -0.06518650 -0.03484291 -0.00264576
v -0.06540920 -0.03496195 -0.00249441
v -0.06561775 -0.03507342 -0.00231903
v -0.06581013 -0.03517625 -0.00212132
v -0.06598449 -0.03526945 -0.00190318
v -0.06613916 -0.03535212 -0.00166671
v -0.06627265 -0.03542347 -0.00141419
v -0.06638366 -0.03548280 -0.00114805
v -0.06647113 -0.03552956 -0.00087085
v -0.06653422 -0.03556328 -0.00058527
v -0.06657232 -0.03558364 -0.00029405
v -0.06277596 -0.04194555 0.00000000
v -0.06276394 -0.04193753 0.00029405
v -0.06272803 -0.04191353 0.00058527
v -0.06266855 -0.04187378 0.00087085
v -0.06258608 -0.04181868 0.00114805
v -0.06248142 -0.04174875 0.00141419
v -0.06235557 -0.04166466 0.00166671
v -0.06220975 -0.04156723 0.00190318
v -0.06204536 -0.04145738 0.00212132
v -0.06186398 -0.04133619 0.00231903
v -0.06166737 -0.04120482 0.00249441
v -0.06145740 -0.04106452 0.00264576
v -0.06123612 -0.04091666 0.00277164
v -0.06100564 -0.04076266 0.00287082
v -0.06076818 -0.04060400 0.00294236
v -0.06052604 -0.04044221 0.00298555
v -0.06028155 -0.04027884 0.00300000
v -0.06003705 -0.04011548 0.00298555
v -0.05979491 -0.03995368 0.00294236
v -0.05955746 -0.03979502 0.00287082
v -0.05932698 -0.03964102 0.00277164
v -0.05910569 -0.03949316 0.00264576
v -0.05889573 -0.03935287 0.00249441
v -0.05869911 -0.03922149 0.00231903
v -0.05851773 -0.03910030 0.00212132
v -0.05835334 -0.03899046 0.00190318
v -0.05820752 -0.03889302 0.00166671
v -0.05808167 -0.03880893 0.00141419
v -0.05797701 -0.03873900 0.00114805
v -0.05789455 -0.03868390 0.00087085
v -0.05783507 -0.03864416 0.00058527
v -0.05779915 -0.03862016 0.00029405
v -0.05778714 -0.03861213 0.00000000
v -0.05779915 -0.03862016 -0.00029405
v -0.05783507 -0.03864416 -0.00058527
v -0.05789455 -0.03868390 -0.00087085
v -0.05797701 -0.03873900 -0.00114805
v -0.05808167 -0.03880893 -0.00141419
v -0.05820752 -0.03889302 -0.00166671
v -0.05835334 -0.03899046 -0.00190318
v -0.05851773 -0.03910030 -0.00212132
v -0.05869911 -0.03922149 -0.00231903
v -0.05889573 -0.03935287 -0.00249441
v -0.05910569 -0.03949316 -0.00264576
v -0.05932698 -0.03964102 -0.00277164
v -0.05955746 -0.03979502 -0.00287082
v -0.05979491 -0.03995368 -0.00294236
v -0.06003705 -0.04011548 -0.00298555
v -0.06028155 -0.04027884 -0.00300000
v -0.06052604 -0.04044221 -0.00298555
v -0.06076818 -0.04060400 -0.00294236
v -0.06100564 -0.04076266 -0.00287082
v -0.06123612 -0.04091666 -0.00277164
v -0.06145740 -0.04106452 -0.00264576
v -0.06166737 -0.04120482 -0.00249441
v -0.06186398 -0.04133619 -0.00231903
v -0.06204536 -0.04145738 -0.00212132
v -0.06220975 -0.04156723 -0.00190318
v -0.06235557 -0.04166466 -0.00166671
v -0.06248142 -0.04174875 -0.00141419
v -0.06258608 -0.04181868 -0.00114805
v -0.06266855 -0.04187378 -0.00087085
v -0.06272803 -0.04191353 -0.00058527
v -0.06276394 -0.04193753 -0.00029405
v -0.05836229 -0.04789669 0.00000000
v -0.05835112 -0.04788753 0.00029405
v -0.05831773 -0.04786012 0.00058527
v -0.05826243 -0.04781474 0.00087085
v -0.05818576 -0.04775182 0.00114805
v -0.05808846 -0.04767197 0.00141419
v -0.05797146 -0.04757595 0.00166671
v -0.05783589 -0.04746469 0.00190318
v -0.05768306 -0.04733926 0.00212132
v -0.05751444 -0.04720088 0.00231903
v -0.05733164 -0.04705086 0.00249441
v -0.05713644 -0.04689067 0.00264576
v -0.05693071 -0.04672183 0.00277164
v -0.05671644 -0.04654598 0.00287082
v -0.05649568 -0.04636481 0.00294236
v -0.05627056 -0.04618006 0.00298555
v -0.05604326 -0.04599351 0.00300000
v -0.05581595 -0.04580697 0.00298555
v -0.05559084 -0.04562222 0.00294236
v -0.05537008 -0.04544105 0.00287082
v -0.05515580 -0.04526520 0.00277164
v -0.05495007 -0.04509636 0.00264576
v -0.05475487 -0.04493616 0.00249441
v -0.05457208 -0.04478615 0.00231903
v -0.05440346 -0.04464776 0.00212132
v -0.05425062 -0.04452234 0.00190318
v -0.05411505 -0.04441108 0.00166671
v -0.05399805 -0.04431506 0.00141419
v -0.05390075 -0.04423520 0.00114805
v -0.05382408 -0.04417228 0.00087085
v -0.05376879 -0.04412690 0.00058527
v -0.05373539 -0.04409950 0.00029405
v -0.05372423 -0.04409033 0.00000000
v -0.05373539 -0.04409950 -0.00029405
v -0.05376879 -0.04412690 -0.00058527
v -0.05382408 -0.04417228 -0.00087085
v -0.05390075 -0.04423520 -0.00114805
v -0.05399805 -0.04431506 -0.00141419
v -0.05411505 -0.04441108 -0.00166671
v -0.05425062 -0.04452234 -0.00190318
v -0.05440346 -0.04464776 -0.00212132
v -0.05457208 -0.04478615 -0.00231903
v -0.05475487 -0.04493616 -0.00249441
v -0.05495007 -0.04509636 -0.00264576
v -0.05515580 -0.04526520 -0.00277164
v -0.05537008 -0.04544105 -0.00287082
v -0.05559084 -0.04562222 -0.00294236
v -0.05581595 -0.04580697 -0.00298555
v -0.05604326 -0.04599351 -0.00300000
v -0.05627056 -0.04618006 -0.00298555
v -0.05649568 -0.04636481 -0.00294236
v -0.05671644 -0.04654598 -0.00287082
v -0.05693071 -0.04672183 -0.00277164
v -0.05713644 -0.04689067 -0.00264576
v -0.05733164 -0.04705086 -0.00249441
v -0.05751444 -0.04720088 -0.00231903
v -0.05768306 -0.04733926 -0.00212132
v -0.05783589 -0.04746469 -0.00190318
v -0.05797146 -0.04757595 -0.00166671
v -0.05808846 -0.04767197 -0.00141419
v -0.05818576 -0.04775182 -0.00114805
v -0.05826243 -0.04781474 -0.00087085
v -0.05831773 -0.04786012 -0.00058527
v -0.05835112 -0.04788753 -0.00029405
v -0.05338656 -0.05338656 0.00000000
v -0.05337635 -0.05337635 0.00029405
v -0.05334580 -0.05334580 0.00058527
v -0.05329522 -0.05329522 0.00087085
v -0.05322509 -0.05322509 0.00114805
v -0.05313608 -0.05313608 0.00141419
v -0.05302906 -0.05302906 0.00166671
v -0.05290504 -0.05290504 0.00190318
v -0.05276524 -0.05276524 0.00212132
v -0.05261099 -0.05261099 0.00231903
v -0.05244378 -0.05244378 0.00249441
v -0.05226523 -0.05226523 0.00264576
v -0.05207704 -0.05207704 0.00277164
v -0.05188103 -0.05188103 0.00287082
v -0.05167909 -0.05167909 0.00294236
v -0.05147317 -0.05147317 0.00298555
v -0.05126524 -0.05126524 0.00300000
v -0.05105732 -0.05105732 0.00298555
v -0.05085139 -0.05085139 0.00294236
v -0.05064945 -0.05064945 0.00287082
v -0.05045345 -0.05045345 0.00277164
v -0.05026526 -0.05026526 0.00264576
v -0.05008670 -0.05008670 0.00249441
v -0.04991949 -0.04991949 0.00231903
v -0.04976524 -0.04976524 0.00212132
v -0.04962544 -0.04962544 0.00190318
v -0.04950143 -0.04950143 0.00166671
v -0.04939440 -0.04939440 0.00141419
v -0.04930540 -0.04930540 0.00114805
v -0.04923526 -0.04923526 0.00087085
v -0.04918468 -0.04918468 0.00058527
v -0.04915414 -0.04915414 0.00029405
v -0.04914392 -0.04914392 0.00000000
v -0.04915414 -0.04915414 -0.00029405
v -0.04918468 -0.04918468 -0.00058527
v -0.04923526 -0.04923526 -0.00087085
v -0.04930540 -0.04930540 -0.00114805
v -0.04939440 -0.04939440 -0.00141419
v -0.04950143 -0.04950143 -0.00166671
v -0.04962544 -0.04962544 -0.00190318
v -0.04976524 -0.04976524 -0.00212132
v -0.04991949 -0.04991949 -0.00231903
v -0.05008670 -0.05008670 -0.00249441
v -0.05026526 -0.05026526 -0.00264576
v -0.05045345 -0.05045345 -0.00277164
v -0.05064945 -0.05064945 -0.00287082
v -0.05085139 -0.05085139 -0.00294236
v -0.05105732 -0.05105732 -0.00298555
v -0.05126524 -0.05126524 -0.00300000
v -0.05147317 -0.05147317 -0.00298555
v -0.05167909 -0.05167909 -0.00294236
v -0.05188103 -0.05188103 -0.00287082
v -0.05207704 -0.05207704 -0.00277164
v -0.05226523 -0.05226523 -0.00264576
v -0.05244378 -0.05244378 -0.00249441
v -0.05261099 -0.05261099 -0.00231903
v -0.05276524 -0.05276524 -0.00212132
v -0.05290504 -0.05290504 -0.00190318
v -0.05302906 -0.05302906 -0.00166671
v -0.05313608 -0.05313608 -0.00141419
v -0.05322509 -0.05322509 -0.00114805
v -0.05329522 -0.05329522 -0.00087085
v -0.05334580 -0.05334580 -0.00058527
v -0.05337635 -0.05337635 -0.00029405
v -0.04789669 -0.05836229 0.00000000
v -0.04788753 -0.05835112 0.00029405
v -0.04786012 -0.05831773 0.00058527
v -0.04781474 -0.05826243 0.00087085
v -0.04775182 -0.05818576 0.00114805
v -0.04767197 -0.05808846 0.00141419
v -0.04757595 -0.05797146 0.00166671
v -0.04746469 -0.05783589 0.00190318
v -0.04733926 -0.05768306 0.00212132
v -0.04720088 -0.05751444 0.00231903
v -0.04705086 -0.05733164 0.00249441
v -0.04689067 -0.05713644 0.00264576
v -0.04672183 -0.05693071 0.00277164
v -0.04654598 -0.05671644 0.00287082
v -0.04636481 -0.05649568 0.00294236
v -0.04618006 -0.05627056 0.00298555
v -0.04599351 -0.05604326 0.00300000
v -0.04580697 -0.05581595 0.00298555
v -0.04562222 -0.05559084 0.00294236
v -0.04544105 -0.05537008 0.00287082
v -0.04526520 -0.05515580 0.00277164
v -0.04509636 -0.05495007 0.00264576
v -0.04493616 -0.05475487 0.00249441
v -0.04478615 -0.05457208 0.00231903
v -0.04464776 -0.05440346 0.00212132
v -0.04452234 -0.05425062 0.00190318
v -0.04441108 -0.05411505 0.00166671
v -0.04431506 -0.05399805 0.00141419
v -0.04423520 -0.05390075 0.00114805
v -0.04417228 -0.05382408 0.00087085
v -0.04412690 -0.05376879 0.00058527
v -0.04409950 -0.05373539 0.00029405
v -0.04409033 -0.05372423 0.00000000
v -0.04409950 -0.05373539 -0.00029405
v -0.04412690 -0.05376879 -0.00058527
v -0.04417228 -0.05382408 -0.00087085
v -0.04423520 -0.05390075 -0.00114805
v -0.04431506 -0.05399805 -0.00141419
v -0.04441108 -0.05411505 -0.00166671
v -0.04452234 -0.05425062 -0.00190318
v -0.04464776 -0.05440346 -0.00212132
v -0.04478615 -0.05457208 -0.00231903
v -0.04493616 -0.05475487 -0.00249441
v -0.04509636 -0.05495007 -0.00264576
v -0.04526520 -0.05515580 -0.00277164
v -0.04544105 -0.05537008 -0.00287082
v -0.04562222 -0.05559084 -0.00294236
v -0.04580697 -0.05581595 -0.00298555
v -0.04599351 -0.05604326 -0.00300000
v -0.04618006 -0.05627056 -0.00298555
v -0.04636481 -0.05649568 -0.00294236
v -0.04654598 -0.05671644 -0.00287082
v -0.04672183 -0.05693071 -0.00277164
v -0.04689067 -0.05713644 -0.00264576
v -0.04705086 -0.05733164 -0.00249441
v -0.04720088 -0.05751444 -0.00231903
v -0.04733926 -0.05768306 -0.00212132
v -0.04746469 -0.05783589 -0.00190318
v -0.04757595 -0.05797146 -0.00166671
v -0.04767197 -0.05808846 -0.00141419
v -0.04775182 -0.05818576 -0.00114805
v -0.04781474 -0.05826243 -0.00087085
v -0.04786012 -0.05831773 -0.00058527
v -0.04788753 -0.05835112 -0.00029405
v -0.04194555 -0.06277596 0.00000000
v -0.04193753 -0.06276394 0.00029405
v -0.04191353 -0.06272803 0.00058527
v -0.04187378 -0.06266855 0.00087085
v -0.04181868 -0.06258608 0.00114805
v -0.04174875 -0.06248142 0.00141419
v -0.04166466 -0.06235557 0.00166671
v -0.04156723 -0.06220975 0.00190318
v -0.04145738 -0.06204536 0.00212132
v -0.04133619 -0.06186398 0.00231903
v -0.04120482 -0.06166737 0.00249441
v -0.04106452 -0.06145740 0.00264576
v -0.04091666 -0.06123612 0.00277164
v -0.04076266 -0.06100564 0.00287082
v -0.04060400 -0.06076818 0.00294236
v -0.04044221 -0.06052604 0.00298555
v -0.04027884 -0.06028155 0.00300000
v -0.04011548 -0.06003705 0.00298555
v -0.03995368 -0.05979491 0.00294236
v -0.03979502 -0.05955746 0.00287082
v -0.03964102 -0.05932698 0.00277164
v -0.03949316 -0.05910569 0.00264576
v -0.03935287 -0.05889573 0.00249441
v -0.03922149 -0.05869911 0.00231903
v -0.03910030 -0.05851773 0.00212132
v -0.03899046 -0.05835334 0.00190318
v -0.03889302 -0.05820752 0.00166671
v -0.03880893 -0.05808167 0.00141419
v -0.03873900 -0.05797701 0.00114805
v -0.03868390 -0.05789455 0.00087085
v -0.03864416 -0.05783507 0.00058527
v -0.03862016 -0.05779915 0.00029405
v -0.03861213 -0.05778714 0.00000000
v -0.03862016 -0.05779915 -0.00029405
v -0.03864416 -0.05783507 -0.00058527
v -0.03868390 -0.05789455 -0.00087085
v -0.03873900 -0.05797701 -0.00114805
v -0.03880893 -0.05808167 -0.00141419
v -0.03889302 -0.05820752 -0.00166671
v -0.03899046 -0.05835334 -0.00190318
v -0.03910030 -0.05851773 -0.00212132
v -0.03922149 -0.05869911 -0.00231903
v -0.03935287 -0.05889573 -0.00249441
v -0.03949316 -0.05910569 -0.00264576
v -0.03964102 -0.05932698 -0.00277164
v -0.03979502 -0.05955746 -0.00287082
v -0.03995368 -0.05979491 -0.00294236
v -0.04011548 -0.06003705 -0.00298555
v -0.04027884 -0.06028155 -0.00300000
v -0.04044221 -0.06052604 -0.00298555
v -0.04060400 -0.06076818 -0.00294236
v -0.04076266 -0.06100564 -0.00287082
v -0.04091666 -0.06123612 -0.00277164
v -0.04106452 -0.06145740 -0.00264576
v -0.04120482 -0.06166737 -0.00249441
v -0.04133619 -0.06186398 -0.00231903
v -0.04145738 -0.06204536 -0.00212132
v -0.04156723 -0.06220975 -0.00190318
v -0.04166466 -0.06235557 -0.00166671
v -0.04174875 -0.06248142 -0.00141419
v -0.04181868 -0.06258608 -0.00114805
v -0.04187378 -0.06266855 -0.00087085
v -0.04191353 -0.06272803 -0.00058527
v -0.04193753 -0.06276394 -0.00029405
v -0.03559045 -0.06658506 0.00000000
v -0.03558364 -0.06657232 0.00029405
v -0.03556328 -0.06653422 0.00058527
v -0.03552956 -0.06647113 0.00087085
v -0.03548280 -0.06638366 0.00114805
v -0.03542347 -0.06627265 0.00141419
v -0.03535212 -0.06613916 0.00166671
v -0.03526945 -0.06598449 0.00190318
v -0.03517625 -0.06581013 0.00212132
v -0.03507342 -0.06561775 0.00231903
v -0.03496195 -0.06540920 0.00249441
v -0.03484291 -0.06518650 0.00264576
v -0.03471745 -0.06495178 0.00277164
v -0.03458678 -0.06470732 0.00287082
v -0.03445216 -0.06445545 0.00294236
v -0.03431488 -0.06419862 0.00298555
v -0.03417626 -0.06393929 0.00300000
v -0.03403765 -0.06367996 0.00298555
v -0.03390037 -0.06342313 0.00294236
v -0.03376575 -0.06317127 0.00287082
v -0.03363508 -0.06292680 0.00277164
v -0.03350962 -0.06269209 0.00264576
v -0.03339058 -0.06246938 0.00249441
v -0.03327911 -0.06226084 0.00231903
v -0.03317628 -0.06206845 0.00212132
v -0.03308308 -0.06189409 0.00190318
v -0.03300041 -0.06173942 0.00166671
v -0.03292906 -0.06160594 0.00141419
v -0.03286972 -0.06149492 0.00114805
v -0.03282297 -0.06140745 0.00087085
v -0.03278925 -0.06134437 0.00058527
v -0.03276888 -0.06130627 0.00029405
v -0.03276207 -0.06129353 0.00000000
v -0.03276888 -0.06130627 -0.00029405
v -0.03278925 -0.06134437 -0.00058527
v -0.03282297 -0.06140745 -0.00087085
v -0.03286972 -0.06149492 -0.00114805
v -0.03292906 -0.06160594 -0.00141419
v -0.03300041 -0.06173942 -0.00166671
v -0.03308308 -0.06189409 -0.00190318
v -0.03317628 -0.06206845 -0.00212132
v -0.03327911 -0.06226084 -0.00231903
v -0.03339058 -0.06246938 -0.00249441
v -0.03350962 -0.06269209 -0.00264576
v -0.03363508 -0.06292680 -0.00277164
v -0.03376575 -0.06317127 -0.00287082
v -0.03390037 -0.06342313 -0.00294236
v -0.03403765 -0.06367996 -0.00298555
v -0.03417626 -0.06393929 -0.00300000
v -0.03431488 -0.06419862 -0.00298555
v -0.03445216 -0.06445545 -0.00294236
v -0.03458678 -0.06470732 -0.00287082
v -0.03471745 -0.06495178 -0.00277164
v -0.03484291 -0.06518650 -0.00264576
v -0.03496195 -0.06540920 -0.00249441
v -0.03507342 -0.06561775 -0.00231903
v -0.03517625 -0.06581013 -0.00212132
v -0.03526945 -0.06598449 -0.00190318
v -0.03535212 -0.06613916 -0.00166671
v -0.03542347 -0.06627265 -0.00141419
v -0.03548280 -0.06638366 -0.00114805
v -0.03552956 -0.06647113 -0.00087085
v -0.03556328 -0.06653422 -0.00058527
v -0.03558364 -0.06657232 -0.00029405
v -0.02889260 -0.06975290 0.00000000
v -0.02888707 -0.06973956 0.00029405
v -0.02887054 -0.06969965 0.00058527
v -0.02884316 -0.06963356 0.00087085
v -0.02880521 -0.06954193 0.00114805
v -0.02875704 -0.06942563 0.00141419
v -0.02869912 -0.06928580 0.00166671
v -0.02863200 -0.06912377 0.00190318
v -0.02855634 -0.06894111 0.00212132
v -0.02847286 -0.06873958 0.00231903
v -0.02838237 -0.06852111 0.00249441
v -0.02828574 -0.06828781 0.00264576
v -0.02818389 -0.06804193 0.00277164
v -0.02807781 -0.06778583 0.00287082
v -0.02796852 -0.06752199 0.00294236
v -0.02785708 -0.06725293 0.00298555
v -0.02774455 -0.06698127 0.00300000
v -0.02763202 -0.06670960 0.00298555
v -0.02752058 -0.06644055 0.00294236
v -0.02741129 -0.06617670 0.00287082
v -0.02730521 -0.06592061 0.00277164
v -0.02720336 -0.06567472 0.00264576
v -0.02710673 -0.06544143 0.00249441
v -0.02701623 -0.06522296 0.00231903
v -0.02693275 -0.06502142 0.00212132
v -0.02685709 -0.06483876 0.00190318
v -0.02678998 -0.06467673 0.00166671
v -0.02673206 -0.06453690 0.00141419
v -0.02668389 -0.06442061 0.00114805
v -0.02664593 -0.06432897 0.00087085
v -0.02661856 -0.06426288 0.00058527
v -0.02660203 -0.06422297 0.00029405
v -0.02659650 -0.06420963 0.00000000
v -0.02660203 -0.06422297 -0.00029405
v -0.02661856 -0.06426288 -0.00058527
v -0.02664593 -0.06432897 -0.00087085
v -0.02668389 -0.06442061 -0.00114805
v -0.02673206 -0.06453690 -0.00141419
v -0.02678998 -0.06467673 -0.00166671
v -0.02685709 -0.06483876 -0.00190318
v -0.02693275 -0.06502142 -0.00212132
v -0.02701623 -0.06522296 -0.00231903
v -0.02710673 -0.06544143 -0.00249441
v -0.02720336 -0.06567472 -0.00264576
v -0.02730521 -0.06592061 -0.00277164
v -0.02741129 -0.06617670 -0.00287082
v -0.02752058 -0.06644055 -0.00294236
v -0.02763202 -0.06670960 -0.00298555
v -0.02774455 -0.06698127 -0.00300000
v -0.02785708 -0.06725293 -0.00298555
v -0.02796852 -0.06752199 -0.00294236
v -0.02807781 -0.06778583 -0.00287082
v -0.02818389 -0.06804193 -0.00277164
v -0.02828574 -0.06828781 -0.00264576
v -0.02838237 -0.06852111 -0.00249441
v -0.02847286 -0.06873958 -0.00231903
v -0.02855634 -0.06894111 -0.00212132
v -0.02863200 -0.06912377 -0.00190318
v -0.02869912 -0.06928580 -0.00166671
v -0.02875704 -0.06942563 -0.00141419
v -0.02880521 -0.06954193 -0.00114805
v -0.02884316 -0.06963356 -0.00087085
v -0.02887054 -0.06969965 -0.00058527
v -0.02888707 -0.06973956 -0.00029405
v -0.02191649 -0.07224900 0.00000000
v -0.02191230 -0.07223517 0.00029405
v -0.02189976 -0.07219383 0.00058527
v -0.02187899 -0.07212538 0.00087085
v -0.02185020 -0.07203047 0.00114805
v -0.02181366 -0.07191001 0.00141419
v -0.02176973 -0.07176517 0.00166671
v -0.02171882 -0.07159735 0.00190318
v -0.02166143 -0.07140815 0.00212132
v -0.02159810 -0.07119940 0.00231903
v -0.02152946 -0.07097312 0.00249441
v -0.02145616 -0.07073147 0.00264576
v -0.02137890 -0.07047679 0.00277164
v -0.02129843 -0.07021153 0.00287082
v -0.02121553 -0.06993824 0.00294236
v -0.02113100 -0.06965956 0.00298555
v -0.02104564 -0.06937817 0.00300000
v -0.02096028 -0.06909678 0.00298555
v -0.02087574 -0.06881810 0.00294236
v -0.02079284 -0.06854482 0.00287082
v -0.02071238 -0.06827956 0.00277164
v -0.02063512 -0.06802488 0.00264576
v -0.02056182 -0.06778323 0.00249441
v -0.02049318 -0.06755694 0.00231903
v -0.02042985 -0.06734820 0.00212132
v -0.02037246 -0.06715900 0.00190318
v -0.02032155 -0.06699117 0.00166671
v -0.02027761 -0.06684634 0.00141419
v -0.02024107 -0.06672588 0.00114805
v -0.02021228 -0.06663097 0.00087085
v -0.02019152 -0.06656252 0.00058527
v -0.02017898 -0.06652118 0.00029405
v -0.02017479 -0.06650735 0.00000000
v -0.02017898 -0.06652118 -0.00029405
v -0.02019152 -0.06656252 -0.00058527
v -0.02021228 -0.06663097 -0.00087085
v -0.02024107 -0.06672588 -0.00114805
v -0.02027761 -0.06684634 -0.00141419
v -0.02032155 -0.06699117 -0.00166671
v -0.02037246 -0.06715900 -0.00190318
v -0.02042985 -0.06734820 -0.00212132
v -0.02049318 -0.06755694 -0.00231903
v -0.02056182 -0.06778323 -0.00249441
v -0.02063512 -0.06802488 -0.00264576
v -0.02071238 -0.06827956 -0.00277164
v -0.02079284 -0.06854482 -0.00287082
v -0.02087574 -0.06881810 -0.00294236
v -0.02096028 -0.06909678 -0.00298555
v -0.02104564 -0.06937817 -0.00300000
v -0.02113100 -0.06965956 -0.00298555
v -0.02121553 -0.06993824 -0.00294236
v -0.02129843 -0.07021153 -0.00287082
v -0.02137890 -0.07047679 -0.00277164
v -0.02145616 -0.07073147 -0.00264576
v -0.02152946 -0.07097312 -0.00249441
v -0.02159810 -0.07119940 -0.00231903
v -0.02166143 -0.07140815 -0.00212132
v -0.02171882 -0.07159735 -0.00190318
v -0.02176973 -0.07176517 -0.00166671
v -0.02181366 -0.07191001 -0.00141419
v -0.02185020 -0.07203047 -0.00114805
v -0.02187899 -0.07212538 -0.00087085
v -0.02189976 -0.07219383 -0.00058527
v -0.02191230 -0.07223517 -0.00029405
v -0.01472932 -0.07404929 0.00000000
v -0.01472650 -0.07403512 0.00029405
v -0.01471807 -0.07399275 0.00058527
v -0.01470412 -0.07392259 0.00087085
v -0.01468477 -0.07382532 0.00114805
v -0.01466021 -0.07370186 0.00141419
v -0.01463068 -0.07355341 0.00166671
v -0.01459647 -0.07338140 0.00190318
v -0.01455790 -0.07318749 0.00212132
v -0.01451534 -0.07297354 0.00231903
v -0.01446921 -0.07274162 0.00249441
v -0.01441994 -0.07249395 0.00264576
v -0.01436802 -0.07223292 0.00277164
v -0.01431394 -0.07196105 0.00287082
v -0.01425823 -0.07168096 0.00294236
v -0.01420141 -0.07139533 0.00298555
v -0.01414405 -0.07110693 0.00300000
v -0.01408668 -0.07081853 0.00298555
v -0.01402987 -0.07053291 0.00294236
v -0.01397415 -0.07025281 0.00287082
v -0.01392007 -0.06998094 0.00277164
v -0.01386815 -0.06971992 0.00264576
v -0.01381889 -0.06947225 0.00249441
v -0.01377276 -0.06924032 0.00231903
v -0.01373020 -0.06902637 0.00212132
v -0.01369163 -0.06883246 0.00190318
v -0.01365741 -0.06866045 0.00166671
v -0.01362789 -0.06851201 0.00141419
v -0.01360333 -0.06838855 0.00114805
v -0.01358398 -0.06829127 0.00087085
v -0.01357002 -0.06822111 0.00058527
v -0.01356160 -0.06817875 0.00029405
v -0.01355878 -0.06816458 0.00000000
v -0.01356160 -0.06817875 -0.00029405
v -0.01357002 -0.06822111 -0.00058527
v -0.01358398 -0.06829127 -0.00087085
v -0.01360333 -0.06838855 -0.00114805
v -0.01362789 -0.06851201 -0.00141419
v -0.01365741 -0.06866045 -0.00166671
v -0.01369163 -0.06883246 -0.00190318
v -0.01373020 -0.06902637 -0.00212132
v -0.01377276 -0.06924032 -0.00231903
v -0.01381889 -0.06947225 -0.00249441
v -0.01386815 -0.06971992 -0.00264576
v -0.01392007 -0.06998094 -0.00277164
v -0.01397415 -0.07025281 -0.00287082
v -0.01402987 -0.07053291 -0.00294236
v -0.01408668 -0.07081853 -0.00298555
v -0.01414405 -0.07110693 -0.00300000
v -0.01420141 -0.07139533 -0.00298555
v -0.01425823 -0.07168096 -0.00294236
v -0.01431394 -0.07196105 -0.00287082
v -0.01436802 -0.07223292 -0.00277164
v -0.01441994 -0.07249395 -0.00264576
v -0.01446921 -0.07274162 -0.00249441
v -0.01451534 -0.07297354 -0.00231903
v -0.01455790 -0.07318749 -0.00212132
v -0.01459647 -0.07338140 -0.00190318
v -0.01463068 -0.07355341 -0.00166671
v -0.01466021 -0.07370186 -0.00141419
v -0.01468477 -0.07382532 -0.00114805
v -0.01470412 -0.07392259 -0.00087085
v -0.01471807 -0.07399275 -0.00058527
v -0.01472650 -0.07403512 -0.00029405
v -0.00740029 -0.07513645 0.00000000
v -0.00739888 -0.07512207 0.00029405
v -0.00739464 -0.07507908 0.00058527
v -0.00738763 -0.07500789 0.00087085
v -0.00737791 -0.07490919 0.00114805
v -0.00736557 -0.07478392 0.00141419
v -0.00735074 -0.07463329 0.00166671
v -0.00733355 -0.07445876 0.00190318
v -0.00731417 -0.07426200 0.00212132
v -0.00729279 -0.07404491 0.00231903
v -0.00726961 -0.07380958 0.00249441
v -0.00724486 -0.07355827 0.00264576
v -0.00721877 -0.07329341 0.00277164
v -0.00719160 -0.07301755 0.00287082
v -0.00716361 -0.07273335 0.00294236
v -0.00713506 -0.07244353 0.00298555
v -0.00710624 -0.07215089 0.00300000
v -0.00707742 -0.07185826 0.00298555
v -0.00704888 -0.07156844 0.00294236
v -0.00702088 -0.07128423 0.00287082
v -0.00699371 -0.07100837 0.00277164
v -0.00696763 -0.07074351 0.00264576
v -0.00694288 -0.07049221 0.00249441
v -0.00691970 -0.07025688 0.00231903
v -0.00689832 -0.07003979 0.00212132
v -0.00687894 -0.06984303 0.00190318
v -0.00686175 -0.06966850 0.00166671
v -0.00684691 -0.06951787 0.00141419
v -0.00683457 -0.06939260 0.00114805
v -0.00682485 -0.06929390 0.00087085
v -0.00681784 -0.06922271 0.00058527
v -0.00681361 -0.06917971 0.00029405
v -0.00681219 -0.06916534 0.00000000
v -0.00681361 -0.06917971 -0.00029405
v -0.00681784 -0.06922271 -0.00058527
v -0.00682485 -0.06929390 -0.00087085
v -0.00683457 -0.06939260 -0.00114805
v -0.00684691 -0.06951787 -0.00141419
v -0.00686175 -0.06966850 -0.00166671
v -0.00687894 -0.06984303 -0.00190318
v -0.00689832 -0.07003979 -0.00212132
v -0.00691970 -0.07025688 -0.00231903
v -0.00694288 -0.07049221 -0.00249441
v -0.00696763 -0.07074351 -0.00264576
v -0.00699371 -0.07100837 -0.00277164
v -0.00702088 -0.07128423 -0.00287082
v -0.00704888 -0.07156844 -0.00294236
v -0.00707742 -0.07185826 -0.00298555
v -0.00710624 -0.07215089 -0.00300000
v -0.00713506 -0.07244353 -0.00298555
v -0.00716361 -0.07273335 -0.00294236
v -0.00719160 -0.07301755 -0.00287082
v -0.00721877 -0.07329341 -0.00277164
v -0.00724486 -0.07355827 -0.00264576
v -0.00726961 -0.07380958 -0.00249441
v -0.00729279 -0.07404491 -0.00231903
v -0.00731417 -0.07426200 -0.00212132
v -0.00733355 -0.07445876 -0.00190318
v -0.00735074 -0.07463329 -0.00166671
v -0.00736557 -0.07478392 -0.00141419
v -0.00737791 -0.07490919 -0.00114805
v -0.00738763 -0.07500789 -0.00087085
v -0.00739464 -0.07507908 -0.00058527
v -0.00739888 -0.07512207 -0.00029405
v -0.00000000 -0.07550000 0.00000000
v -0.00000000 -0.07548555 0.00029405
v -0.00000000 -0.07544236 0.00058527
v -0.00000000 -0.07537082 0.00087085
v -0.00000000 -0.07527164 0.00114805
v -0.00000000 -0.07514576 0.00141419
v -0.00000000 -0.07499441 0.00166671
v -0.00000000 -0.07481903 0.00190318
v -0.00000000 -0.07462132 0.00212132
v -0.00000000 -0.07440318 0.00231903
v -0.00000000 -0.07416671 0.00249441
v -0.00000000 -0.07391419 0.00264576
v -0.00000000 -0.07364805 0.00277164
v -0.00000000 -0.07337085 0.00287082
v -0.00000000 -0.07308527 0.00294236
v -0.00000000 -0.07279405 0.00298555
v -0.00000000 -0.07250000 0.00300000
v -0.00000000 -0.07220595 0.00298555
v -0.00000000 -0.07191473 0.00294236
v -0.00000000 -0.07162915 0.00287082
v -0.00000000 -0.07135195 0.00277164
v -0.00000000 -0.07108581 0.00264576
v -0.00000000 -0.07083329 0.00249441
v -0.00000000 -0.07059682 0.00231903
v -0.00000000 -0.07037868 0.00212132
v -0.00000000 -0.07018097 0.00190318
v -0.00000000 -0.07000559 0.00166671
v -0.00000000 -0.06985424 0.00141419
v -0.00000000 -0.06972836 0.00114805
v -0.00000000 -0.06962918 0.00087085
v -0.00000000 -0.06955764 0.00058527
v -0.00000000 -0.06951445 0.00029405
v -0.00000000 -0.06950000 0.00000000
v -0.00000000 -0.06951445 -0.00029405
v -0.00000000 -0.06955764 -0.00058527
v -0.00000000 -0.06962918 -0.00087085
v -0.00000000 -0.06972836 -0.00114805
v -0.00000000 -0.06985424 -0.00141419
v -0.00000000 -0.07000559 -0.00166671
v -0.00000000 -0.07018097 -0.00190318
v -0.00000000 -0.07037868 -0.00212132
v -0.00000000 -0.07059682 -0.00231903
v -0.00000000 -0.07083329 -0.00249441
v -0.00000000 -0.07108581 -0.00264576
v -0.00000000 -0.07135195 -0.00277164
v -0.00000000 -0.07162915 -0.00287082
v -0.00000000 -0.07191473 -0.00294236
v -0.00000000 -0.07220595 -0.00298555
v -0.00000000 -0.07250000 -0.00300000
v -0.00000000 -0.07279405 -0.00298555
v -0.00000000 -0.07308527 -0.00294236
v -0.00000000 -0.07337085 -0.00287082
v -0.00000000 -0.07364805 -0.00277164
v -0.00000000 -0.07391419 -0.00264576
v -0.00000000 -0.07416671 -0.00249441
v -0.00000000 -0.07440318 -0.00231903
v -0.00000000 -0.07462132 -0.00212132
v -0.00000000 -0.07481903 -0.00190318
v -0.00000000 -0.07499441 -0.00166671
v -0.00000000 -0.07514576 -0.00141419
v -0.00000000 -0.07527164 -0.00114805
v -0.00000000 -0.07537082 -0.00087085
v -0.00000000 -0.07544236 -0.00058527
v -0.00000000 -0.07548555 -0.00029405
v 0.00740029 -0.07513645 0.00000000
v 0.00739888 -0.07512207 0.00029405
v 0.00739464 -0.07507908 0.00058527
v 0.00738763 -0.07500789 0.00087085
v 0.00737791 -0.07490919 0.00114805
v 0.00736557 -0.07478392 0.00141419
v 0.00735074 -0.07463329 0.00166671
v 0.00733355 -0.07445876 0.00190318
v 0.00731417 -0.07426200 0.00212132
v 0.00729279 -0.07404491 0.00231903
v 0.00726961 -0.07380958 0.00249441
v 0.00724486 -0.07355827 0.00264576
v 0.00721877 -0.07329341 0.00277164
v 0.00719160 -0.07301755 0.00287082
v 0.00716361 -0.07273335 0.00294236
v 0.00713506 -0.07244353 0.00298555
v 0.00710624 -0.07215089 0.00300000
v 0.00707742 -0.07185826 0.00298555
v 0.00704888 -0.07156844 0.00294236
v 0.00702088 -0.07128423 0.00287082
v 0.00699371 -0.07100837 0.00277164
v 0.00696763 -0.07074351 0.00264576
v 0.00694288 -0.07049221 0.00249441
v 0.00691970 -0.07025688 0.00231903
v 0.00689832 -0.07003979 0.00212132
v 0.00687894 -0.06984303 0.00190318
v 0.00686175 -0.06966850 0.00166671
v 0.00684691 -0.06951787 0.00141419
v 0.00683457 -0.06939260 0.00114805
v 0.00682485 -0.06929390 0.00087085
v 0.00681784 -0.06922271 0.00058527
v 0.00681361 -0.06917971 0.00029405
v 0.00681219 -0.06916534 0.00000000
v 0.00681361 -0.06917971 -0.00029405
v 0.00681784 -0.06922271 -0.00058527
v 0.00682485 -0.06929390 -0.00087085
v 0.00683457 -0.06939260 -0.00114805
v 0.00684691 -0.06951787 -0.00141419
v 0.00686175 -0.06966850 -0.00166671
v 0.00687894 -0.06984303 -0.00190318
v 0.00689832 -0.07003979 -0.00212132
v 0.00691970 -0.07025688 -0.00231903
v 0.00694288 -0.07049221 -0.00249441
v 0.00696763 -0.07074351 -0.00264576
v 0.00699371 -0.07100837 -0.00277164
v 0.00702088 -0.07128423 -0.00287082
v 0.00704888 -0.07156844 -0.00294236
v 0.00707742 -0.07185826 -0.00298555
v 0.00710624 -0.07215089 -0.00300000
v 0.00713506 -0.07244353 -0.00298555
v 0.00716361 -0.07273335 -0.00294236
v 0.00719160 -0.07301755 -0.00287082
v 0.00721877 -0.07329341 -0.00277164
v 0.00724486 -0.07355827 -0.00264576
v 0.00726961 -0.07380958 -0.00249441
v 0.00729279 -0.07404491 -0.00231903
v 0.00731417 -0.07426200 -0.00212132
v 0.00733355 -0.07445876 -0.00190318
v 0.00735074 -0.07463329 -0.00166671
v 0.00736557 -0.07478392 -0.00141419
v 0.00737791 -0.07490919 -0.00114805
v 0.00738763 -0.07500789 -0.00087085
v 0.00739464 -0.07507908 -0.00058527
v 0.00739888 -0.07512207 -0.00029405
v 0.01472932 -0.07404929 0.00000000
v 0.01472650 -0.07403512 0.00029405
v 0.01471807 -0.07399275 0.00058527
v 0.01470412 -0.07392259 0.00087085
v 0.01468477 -0.07382532 0.00114805
v 0.01466021 -0.07370186 0.00141419
v 0.01463068 -0.07355341 0.00166671
v 0.01459647 -0.07338140 0.00190318
v 0.01455790 -0.07318749 0.00212132
v 0.01451534 -0.07297354 0.00231903
v 0.01446921 -0.07274162 0.00249441
v 0.01441994 -0.07249395 0.00264576
v 0.01436802 -0.07223292 0.00277164
v 0.01431394 -0.07196105 0.00287082
v 0.01425823 -0.07168096 0.00294236
v 0.01420141 -0.07139533 0.00298555
v 0.01414405 -0.07110693 0.00300000
v 0.01408668 -0.07081853 0.00298555
v 0.01402987 -0.07053291 0.00294236
v 0.01397415 -0.07025281 0.00287082
v 0.01392007 -0.06998094 0.00277164
v 0.01386815 -0.06971992 0.00264576
v 0.01381889 -0.06947225 0.00249441
v 0.01377276 -0.06924032 0.00231903
v 0.01373020 -0.06902637 0.00212132
v 0.01369163 -0.06883246 0.00190318
v 0.01365741 -0.06866045 0.00166671
v 0.01362789 -0.06851201 0.00141419
v 0.01360333 -0.06838855 0.00114805
v 0.01358398 -0.06829127 0.00087085
v 0.01357002 -0.06822111 0.00058527
v 0.01356160 -0.06817875 0.00029405
v 0.01355878 -0.06816458 0.00000000
v 0.01356160 -0.06817875 -0.00029405
v 0.01357002 -0.06822111 -0.00058527
v 0.01358398 -0.06829127 -0.00087085
v 0.01360333 -0.06838855 -0.00114805
v 0.01362789 -0.06851201 -0.00141419
v 0.01365741 -0.06866045 -0.00166671
v 0.01369163 -0.06883246 -0.00190318
v 0.01373020 -0.06902637 -0.00212132
v 0.01377276 -0.06924032 -0.00231903
v 0.01381889 -0.06947225 -0.00249441
v 0.01386815 -0.06971992 -0.00264576
v 0.01392007 -0.06998094 -0.00277164
v 0.01397415 -0.07025281 -0.00287082
v 0.01402987 -0.07053291 -0.00294236
v 0.01408668 -0.07081853 -0.00298555
v 0.01414405 -0.07110693 -0.00300000
v 0.01420141 -0.07139533 -0.00298555
v 0.01425823 -0.07168096 -0.00294236
v 0.01431394 -0.07196105 -0.00287082
v 0.01436802 -0.07223292 -0.00277164
v 0.01441994 -0.07249395 -0.00264576
v 0.01446921 -0.07274162 -0.00249441
v 0.01451534 -0.07297354 -0.00231903
v 0.01455790 -0.07318749 -0.00212132
v 0.01459647 -0.07338140 -0.00190318
v 0.01463068 -0.07355341 -0.00166671
v 0.01466021 -0.07370186 -0.00141419
v 0.01468477 -0.07382532 -0.00114805
v 0.01470412 -0.07392259 -0.00087085
v 0.01471807 -0.07399275 -0.00058527
v 0.01472650 -0.07403512 -0.00029405
v 0.02191649 -0.07224900 0.00000000
v 0.02191230 -0.07223517 0.00029405
v 0.02189976 -0.07219383 0.00058527
v 0.02187899 -0.07212538 0.00087085
v 0.02185020 -0.07203047 0.00114805
v 0.02181366 -0.07191001 0.00141419
v 0.02176973 -0.07176517 0.00166671
v 0.02171882 -0.07159735 0.00190318
v 0.02166143 -0.07140815 0.00212132
v 0.02159810 -0.07119940 0.00231903
v 0.02152946 -0.07097312 0.00249441
v 0.02145616 -0.07073147 0.00264576
v 0.02137890 -0.07047679 0.00277164
v 0.02129843 -0.07021153 0.00287082
v 0.02121553 -0.06993824 0.00294236
v 0.02113100 -0.06965956 0.00298555
v 0.02104564 -0.06937817 0.00300000
v 0.02096028 -0.06909678 0.00298555
v 0.02087574 -0.06881810 0.00294236
v 0.02079284 -0.06854482 0.00287082
v 0.02071238 -0.06827956 0.00277164
v 0.02063512 -0.06802488 0.00264576
v 0.02056182 -0.06778323 0.00249441
v 0.02049318 -0.06755694 0.00231903
v 0.02042985 -0.06734820 0.00212132
v 0.02037246 -0.06715900 0.00190318
v 0.02032155 -0.06699117 0.00166671
v 0.02027761 -0.06684634 0.00141419
v 0.02024107 -0.06672588 0.00114805
v 0.02021228 -0.06663097 0.00087085
v 0.02019152 -0.06656252 0.00058527
v 0.02017898 -0.06652118 0.00029405
v 0.02017479 -0.06650735 0.00000000
v 0.02017898 -0.06652118 -0.00029405
v 0.02019152 -0.06656252 -0.00058527
v 0.02021228 -0.06663097 -0.00087085
v 0.02024107 -0.06672588 -0.00114805
v 0.02027761 -0.06684634 -0.00141419
v 0.02032155 -0.06699117 -0.00166671
v 0.02037246 -0.06715900 -0.00190318
v 0.02042985 -0.06734820 -0.00212132
v 0.02049318 -0.06755694 -0.00231903
v 0.02056182 -0.06778323 -0.00249441
v 0.02063512 -0.06802488 -0.00264576
v 0.02071238 -0.06827956 -0.00277164
v 0.02079284 -0.06854482 -0.00287082
v 0.02087574 -0.06881810 -0.00294236
v 0.02096028 -0.06909678 -0.00298555
v 0.02104564 -0.06937817 -0.00300000
v 0.02113100 -0.06965956 -0.00298555
v 0.02121553 -0.06993824 -0.00294236
v 0.02129843 -0.07021153 -0.00287082
v 0.02137890 -0.07047679 -0.00277164
v 0.02145616 -0.07073147 -0.00264576
v 0.02152946 -0.07097312 -0.00249441
v 0.02159810 -0.07119940 -0.00231903
v 0.02166143 -0.07140815 -0.00212132
v 0.02171882 -0.07159735 -0.00190318
v 0.02176973 -0.07176517 -0.00166671
v 0.02181366 -0.07191001 -0.00141419
v 0.02185020 -0.07203047 -0.00114805
v 0.02187899 -0.07212538 -0.00087085
v 0.02189976 -0.07219383 -0.00058527
v 0.02191230 -0.07223517 -0.00029405
v 0.02889260 -0.06975290 0.00000000
v 0.02888707 -0.06973956 0.00029405
v 0.02887054 -0.06969965 0.00058527
v 0.02884316 -0.06963356 0.00087085
v 0.02880521 -0.06954193 0.00114805
v 0.02875704 -0.06942563 0.00141419
v 0.02869912 -0.06928580 0.00166671
v 0.02863200 -0.06912377 0.00190318
v 0.02855634 -0.06894111 0.00212132
v 0.02847286 -0.06873958 0.00231903
v 0.02838237 -0.06852111 0.00249441
v 0.02828574 -0.06828781 0.00264576
v 0.02818389 -0.06804193 0.00277164
v 0.02807781 -0.06778583 0.00287082
v 0.02796852 -0.06752199 0.00294236
v 0.02785708 -0.06725293 0.00298555
v 0.02774455 -0.06698127 0.00300000
v 0.02763202 -0.06670960 0.00298555
v 0.02752058 -0.06644055 0.00294236
v 0.02741129 -0.06617670 0.00287082
v 0.02730521 -0.06592061 0.00277164
v 0.02720336 -0.06567472 0.00264576
v 0.02710673 -0.06544143 0.00249441
v 0.02701623 -0.06522296 0.00231903
v 0.02693275 -0.06502142 0.00212132
v 0.02685709 -0.06483876 0.00190318
v 0.02678998 -0.06467673 0.00166671
v 0.02673206 -0.06453690 0.00141419
v 0.02668389 -0.06442061 0.00114805
v 0.02664593 -0.06432897 0.00087085
v 0.02661856 -0.06426288 0.00058527
v 0.02660203 -0.06422297 0.00029405
v 0.02659650 -0.06420963 0.00000000
v 0.02660203 -0.06422297 -0.00029405
v 0.02661856 -0.06426288 -0.00058527
v 0.02664593 -0.06432897 -0.00087085
v 0.02668389 -0.06442061 -0.00114805
v 0.02673206 -0.06453690 -0.00141419
v 0.02678998 -0.06467673 -0.00166671
v 0.02685709 -0.06483876 -0.00190318
v 0.02693275 -0.06502142 -0.00212132
v 0.02701623 -0.06522296 -0.00231903
v 0.02710673 -0.06544143 -0.00249441
v 0.02720336 -0.06567472 -0.00264576
v 0.02730521 -0.06592061 -0.00277164
v 0.02741129 -0.06617670 -0.00287082
v 0.02752058 -0.06644055 -0.00294236
v 0.02763202 -0.06670960 -0.00298555
v 0.02774455 -0.06698127 -0.00300000
v 0.02785708 -0.06725293 -0.00298555
v 0.02796852 -0.06752199 -0.00294236
v 0.02807781 -0.06778583 -0.00287082
v 0.02818389 -0.06804193 -0.00277164
v 0.02828574 -0.06828781 -0.00264576
v 0.02838237 -0.06852111 -0.00249441
v 0.02847286 -0.06873958 -0.00231903
v 0.02855634 -0.06894111 -0.00212132
v 0.02863200 -0.06912377 -0.00190318
v 0.02869912 -0.06928580 -0.00166671
v 0.02875704 -0.06942563 -0.00141419
v 0.02880521 -0.06954193 -0.00114805
v 0.02884316 -0.06963356 -0.00087085
v 0.02887054 -0.06969965 -0.00058527
v 0.02888707 -0.06973956 -0.00029405
v 0.03559045 -0.06658506 0.00000000
v 0.03558364 -0.06657232 0.00029405
v 0.03556328 -0.06653422 0.00058527
v 0.03552956 -0.06647113 0.00087085
v 0.03548280 -0.06638366 0.00114805
v 0.03542347 -0.06627265 0.00141419
v 0.03535212 -0.06613916 0.00166671
v 0.03526945 -0.06598449 0.00190318
v 0.03517625 -0.06581013 0.00212132
v 0.03507342 -0.06561775 0.00231903
v 0.03496195 -0.06540920 0.00249441
v 0.03484291 -0.06518650 0.00264576
v 0.03471745 -0.06495178 0.00277164
v 0.03458678 -0.06470732 0.00287082
v 0.03445216 -0.06445545 0.00294236
v 0.03431488 -0.06419862 0.00298555
v 0.03417626 -0.06393929 0.00300000
v 0.03403765 -0.06367996 0.00298555
v 0.03390037 -0.06342313 0.00294236
v 0.03376575 -0.06317127 0.00287082
v 0.03363508 -0.06292680 0.00277164
v 0.03350962 -0.06269209 0.00264576
v 0.03339058 -0.06246938 0.00249441
v 0.03327911 -0.06226084 0.00231903
v 0.03317628 -0.06206845 0.00212132
v 0.03308308 -0.06189409 0.00190318
v 0.03300041 -0.06173942 0.00166671
v 0.03292906 -0.06160594 0.00141419
v 0.03286972 -0.06149492 0.00114805
v 0.03282297 -0.06140745 0.00087085
v 0.03278925 -0.06134437 0.00058527
v 0.03276888 -0.06130627 0.00029405
v 0.03276207 -0.06129353 0.00000000
v 0.03276888 -0.06130627 -0.00029405
v 0.03278925 -0.06134437 -0.00058527
v 0.03282297 -0.06140745 -0.00087085
v 0.03286972 -0.06149492 -0.00114805
v 0.03292906 -0.06160594 -0.00141419
v 0.03300041 -0.06173942 -0.00166671
v 0.03308308 -0.06189409 -0.00190318
v 0.03317628 -0.06206845 -0.00212132
v 0.03327911 -0.06226084 -0.00231903
v 0.03339058 -0.06246938 -0.00249441
v 0.03350962 -0.06269209 -0.00264576
v 0.03363508 -0.06292680 -0.00277164
v 0.03376575 -0.06317127 -0.00287082
v 0.03390037 -0.06342313 -0.00294236
v 0.03403765 -0.06367996 -0.00298555
v 0.03417626 -0.06393929 -0.00300000
v 0.03431488 -0.06419862 -0.00298555
v 0.03445216 -0.06445545 -0.00294236
v 0.03458678 -0.06470732 -0.00287082
v 0.03471745 -0.06495178 -0.00277164
v 0.03484291 -0.06518650 -0.00264576
v 0.03496195 -0.06540920 -0.00249441
v 0.03507342 -0.06561775 -0.00231903
v 0.03517625 -0.06581013 -0.00212132
v 0.03526945 -0.06598449 -0.00190318
v 0.03535212 -0.06613916 -0.00166671
v 0.03542347 -0.06627265 -0.00141419
v 0.03548280 -0.06638366 -0.00114805
v 0.03552956 -0.06647113 -0.00087085
v 0.03556328 -0.06653422 -0.00058527
v 0.03558364 -0.06657232 -0.00029405
v 0.04194555 -0.06277596 0.00000000
v 0.04193753 -0.06276394 0.00029405
v 0.04191353 -0.06272803 0.00058527
v 0.04187378 -0.06266855 0.00087085
v 0.04181868 -0.06258608 0.00114805
v 0.04174875 -0.06248142 0.00141419
v 0.04166466 -0.06235557 0.00166671
v 0.04156723 -0.06220975 0.00190318
v 0.04145738 -0.06204536 0.00212132
v 0.04133619 -0.06186398 0.00231903
v 0.04120482 -0.06166737 0.00249441
v 0.04106452 -0.06145740 0.00264576
v 0.04091666 -0.06123612 0.00277164
v 0.04076266 -0.06100564 0.00287082
v 0.04060400 -0.06076818 0.00294236
v 0.04044221 -0.06052604 0.00298555
v 0.04027884 -0.06028155 0.00300000
v 0.04011548 -0.06003705 0.00298555
v 0.03995368 -0.05979491 0.00294236
v 0.03979502 -0.05955746 0.00287082
v 0.03964102 -0.05932698 0.00277164
v 0.03949316 -0.05910569 0.00264576
v 0.03935287 -0.05889573 0.00249441
v 0.03922149 -0.05869911 0.00231903
v 0.03910030 -0.05851773 0.00212132
v 0.03899046 -0.05835334 0.00190318
v 0.03889302 -0.05820752 0.00166671
v 0.03880893 -0.05808167 0.00141419
v 0.03873900 -0.05797701 0.00114805
v 0.03868390 -0.05789455 0.00087085
v 0.03864416 -0.05783507 0.00058527
v 0.03862016 -0.05779915 0.00029405
v 0.03861213 -0.05778714 0.00000000
v 0.03862016 -0.05779915 -0.00029405
v 0.03864416 -0.05783507 -0.00058527
v 0.03868390 -0.05789455 -0.00087085
v 0.03873900 -0.05797701 -0.00114805
v 0.03880893 -0.05808167 -0.00141419
v 0.03889302 -0.05820752 -0.00166671
v 0.03899046 -0.05835334 -0.00190318
v 0.03910030 -0.05851773 -0.00212132
v 0.03922149 -0.05869911 -0.00231903
v 0.03935287 -0.05889573 -0.00249441
v 0.03949316 -0.05910569 -0.00264576
v 0.03964102 -0.05932698 -0.00277164
v 0.03979502 -0.05955746 -0.00287082
v 0.03995368 -0.05979491 -0.00294236
v 0.04011548 -0.06003705 -0.00298555
v 0.04027884 -0.06028155 -0.00300000
v 0.04044221 -0.06052604 -0.00298555
v 0.04060400 -0.06076818 -0.00294236
v 0.04076266 -0.06100564 -0.00287082
v 0.04091666 -0.06123612 -0.00277164
v 0.04106452 -0.06145740 -0.00264576
v 0.04120482 -0.06166737 -0.00249441
v 0.04133619 -0.06186398 -0.00231903
v 0.04145738 -0.06204536 -0.00212132
v 0.04156723 -0.06220975 -0.00190318
v 0.04166466 -0.06235557 -0.00166671
v 0.04174875 -0.06248142 -0.00141419
v 0.04181868 -0.06258608 -0.00114805
v 0.04187378 -0.06266855 -0.00087085
v 0.04191353 -0.06272803 -0.00058527
v 0.04193753 -0.06276394 -0.00029405
v 0.04789669 -0.05836229 0.00000000
v 0.04788753 -0.05835112 0.00029405
v 0.04786012 -0.05831773 0.00058527
v 0.04781474 -0.05826243 0.00087085
v 0.04775182 -0.05818576 0.00114805
v 0.04767197 -0.05808846 0.00141419
v 0.04757595 -0.05797146 0.00166671
v 0.04746469 -0.05783589 0.00190318
v 0.04733926 -0.05768306 0.00212132
v 0.04720088 -0.05751444 0.00231903
v 0.04705086 -0.05733164 0.00249441
v 0.04689067 -0.05713644 0.00264576
v 0.04672183 -0.05693071 0.00277164
v 0.04654598 -0.05671644 0.00287082
v 0.04636481 -0.05649568 0.00294236
v 0.04618006 -0.05627056 0.00298555
v 0.04599351 -0.05604326 0.00300000
v 0.04580697 -0.05581595 0.00298555
v 0.04562222 -0.05559084 0.00294236
v 0.04544105 -0.05537008 0.00287082
v 0.04526520 -0.05515580 0.00277164
v 0.04509636 -0.05495007 0.00264576
v 0.04493616 -0.05475487 0.00249441
v 0.04478615 -0.05457208 0.00231903
v 0.04464776 -0.05440346 0.00212132
v 0.04452234 -0.05425062 0.00190318
v 0.04441108 -0.05411505 0.00166671
v 0.04431506 -0.05399805 0.00141419
v 0.04423520 -0.05390075 0.00114805
v 0.04417228 -0.05382408 0.00087085
v 0.04412690 -0.05376879 0.00058527
v 0.04409950 -0.05373539 0.00029405
v 0.04409033 -0.05372423 0.00000000
v 0.04409950 -0.05373539 -0.00029405
v 0.04412690 -0.05376879 -0.00058527
v 0.04417228 -0.05382408 -0.00087085
v 0.04423520 -0.05390075 -0.00114805
v 0.04431506 -0.05399805 -0.00141419
v 0.04441108 -0.05411505 -0.00166671
v 0.04452234 -0.05425062 -0.00190318
v 0.04464776 -0.05440346 -0.00212132
v 0.04478615 -0.05457208 -0.00231903
v 0.04493616 -0.05475487 -0.00249441
v 0.04509636 -0.05495007 -0.00264576
v 0.04526520 -0.05515580 -0.00277164
v 0.04544105 -0.05537008 -0.00287082
v 0.04562222 -0.05559084 -0.00294236
v 0.04580697 -0.05581595 -0.00298555
v 0.04599351 -0.05604326 -0.00300000
v 0.04618006 -0.05627056 -0.00298555
v 0.04636481 -0.05649568 -0.00294236
v 0.04654598 -0.05671644 -0.00287082
v 0.04672183 -0.05693071 -0.00277164
v 0.04689067 -0.05713644 -0.00264576
v 0.04705086 -0.05733164 -0.00249441
v 0.04720088 -0.05751444 -0.00231903
v 0.04733926 -0.05768306 -0.00212132
v 0.04746469 -0.05783589 -0.00190318
v 0.04757595 -0.05797146 -0.00166671
v 0.04767197 -0.05808846 -0.00141419
v 0.04775182 -0.05818576 -0.00114805
v 0.04781474 -0.05826243 -0.00087085
v 0.04786012 -0.05831773 -0.00058527
v 0.04788753 -0.05835112 -0.00029405
v 0.05338656 -0.05338656 0.00000000
v 0.05337635 -0.05337635 0.00029405
v 0.05334580 -0.05334580 0.00058527
v 0.05329522 -0.05329522 0.00087085
v 0.05322509 -0.05322509 0.00114805
v 0.05313608 -0.05313608 0.00141419
v 0.05302906 -0.05302906 0.00166671
v 0.05290504 -0.05290504 0.00190318
v 0.05276524 -0.05276524 0.00212132
v 0.05261099 -0.05261099 0.00231903
v 0.05244378 -0.05244378 0.00249441
v 0.05226523 -0.05226523 0.00264576
v 0.05207704 -0.05207704 0.00277164
v 0.05188103 -0.05188103 0.00287082
v 0.05167909 -0.05167909 0.00294236
v 0.05147317 -0.05147317 0.00298555
v 0.05126524 -0.05126524 0.00300000
v 0.05105732 -0.05105732 0.00298555
v 0.05085139 -0.05085139 0.00294236
v 0.05064945 -0.05064945 0.00287082
v 0.05045345 -0.05045345 0.00277164
v 0.05026526 -0.05026526 0.00264576
v 0.05008670 -0.05008670 0.00249441
v 0.04991949 -0.04991949 0.00231903
v 0.04976524 -0.04976524 0.00212132
v 0.04962544 -0.04962544 0.00190318
v 0.04950143 -0.04950143 0.00166671
v 0.04939440 -0.04939440 0.00141419
v 0.04930540 -0.04930540 0.00114805
v 0.04923526 -0.04923526 0.00087085
v 0.04918468 -0.04918468 0.00058527
v 0.04915414 -0.04915414 0.00029405
v 0.04914392 -0.04914392 0.00000000
v 0.04915414 -0.04915414 -0.00029405
v 0.04918468 -0.04918468 -0.00058527
v 0.04923526 -0.04923526 -0.00087085
v 0.04930540 -0.04930540 -0.00114805
v 0.04939440 -0.04939440 -0.00141419
v 0.04950143 -0.04950143 -0.00166671
v 0.04962544 -0.04962544 -0.00190318
v 0.04976524 -0.04976524 -0.00212132
v 0.04991949 -0.04991949 -0.00231903
v 0.05008670 -0.05008670 -0.00249441
v 0.05026526 -0.05026526 -0.00264576
v 0.05045345 -0.05045345 -0.00277164
v 0.05064945 -0.05064945 -0.00287082
v 0.05085139 -0.05085139 -0.00294236
v 0.05105732 -0.05105732 -0.00298555
v 0.05126524 -0.05126524 -0.00300000
v 0.05147317 -0.05147317 -0.00298555
v 0.05167909 -0.05167909 -0.00294236
v 0.05188103 -0.05188103 -0.00287082
v 0.05207704 -0.05207704 -0.00277164
v 0.05226523 -0.05226523 -0.00264576
v 0.05244378 -0.05244378 -0.00249441
v 0.05261099 -0.05261099 -0.00231903
v 0.05276524 -0.05276524 -0.00212132
v 0.05290504 -0.05290504 -0.00190318
v 0.05302906 -0.05302906 -0.00166671
v 0.05313608 -0.05313608 -0.00141419
v 0.05322509 -0.05322509 -0.00114805
v 0.05329522 -0.05329522 -0.00087085
v 0.05334580 -0.05334580 -0.00058527
v 0.05337635 -0.05337635 -0.00029405
v 0.05836229 -0.04789669 0.00000000
v 0.05835112 -0.04788753 0.00029405
v 0.05831773 -0.04786012 0.00058527
v 0.05826243 -0.04781474 0.00087085
v 0.05818576 -0.04775182 0.00114805
v 0.05808846 -0.04767197 0.00141419
v 0.05797146 -0.04757595 0.00166671
v 0.05783589 -0.04746469 0.00190318
v 0.05768306 -0.04733926 0.00212132
v 0.05751444 -0.04720088 0.00231903
v 0.05733164 -0.04705086 0.00249441
v 0.05713644 -0.04689067 0.00264576
v 0.05693071 -0.04672183 0.00277164
v 0.05671644 -0.04654598 0.00287082
v 0.05649568 -0.04636481 0.00294236
v 0.05627056 -0.04618006 0.00298555
v 0.05604326 -0.04599351 0.00300000
v 0.05581595 -0.04580697 0.00298555
v 0.05559084 -0.04562222 0.00294236
v 0.05537008 -0.04544105 0.00287082
v 0.05515580 -0.04526520 0.00277164
v 0.05495007 -0.04509636 0.00264576
v 0.05475487 -0.04493616 0.00249441
v 0.05457208 -0.04478615 0.00231903
v 0.05440346 -0.04464776 0.00212132
v 0.05425062 -0.04452234 0.00190318
v 0.05411505 -0.04441108 0.00166671
v 0.05399805 -0.04431506 0.00141419
v 0.05390075 -0.04423520 0.00114805
v 0.05382408 -0.04417228 0.00087085
v 0.05376879 -0.04412690 0.00058527
v 0.05373539 -0.04409950 0.00029405
v 0.05372423 -0.04409033 0.00000000
v 0.05373539 -0.04409950 -0.00029405
v 0.05376879 -0.04412690 -0.00058527
v 0.05382408 -0.04417228 -0.00087085
v 0.05390075 -0.04423520 -0.00114805
v 0.05399805 -0.04431506 -0.00141419
v 0.05411505 -0.04441108 -0.00166671
v 0.05425062 -0.04452234 -0.00190318
v 0.05440346 -0.04464776 -0.00212132
v 0.05457208 -0.04478615 -0.00231903
v 0.05475487 -0.04493616 -0.00249441
v 0.05495007 -0.04509636 -0.00264576
v 0.05515580 -0.04526520 -0.00277164
v 0.05537008 -0.04544105 -0.00287082
v 0.05559084 -0.04562222 -0.00294236
v 0.05581595 -0.04580697 -0.00298555
v 0.05604326 -0.04599351 -0.00300000
v 0.05627056 -0.04618006 -0.00298555
v 0.05649568 -0.04636481 -0.00294236
v 0.05671644 -0.04654598 -0.00287082
v 0.05693071 -0.04672183 -0.00277164
v 0.05713644 -0.04689067 -0.00264576
v 0.05733164 -0.04705086 -0.00249441
v 0.05751444 -0.04720088 -0.00231903
v 0.05768306 -0.04733926 -0.00212132
v 0.05783589 -0.04746469 -0.00190318
v 0.05797146 -0.04757595 -0.00166671
v 0.05808846 -0.04767197 -0.00141419
v 0.05818576 -0.04775182 -0.00114805
v 0.05826243 -0.04781474 -0.00087085
v 0.05831773 -0.04786012 -0.00058527
v 0.05835112 -0.04788753 -0.00029405
v 0.06277596 -0.04194555 0.00000000
v 0.06276394 -0.04193753 0.00029405
v 0.06272803 -0.04191353 0.00058527
v 0.06266855 -0.04187378 0.00087085
v 0.06258608 -0.04181868 0.00114805
v 0.06248142 -0.04174875 0.00141419
v 0.06235557 -0.04166466 0.00166671
v 0.06220975 -0.04156723 0.00190318
v 0.06204536 -0.04145738 0.00212132
v 0.06186398 -0.04133619 0.00231903
v 0.06166737 -0.04120482 0.00249441
v 0.06145740 -0.04106452 0.00264576
v 0.06123612 -0.04091666 0.00277164
v 0.06100564 -0.04076266 0.00287082
v 0.06076818 -0.04060400 0.00294236
v 0.06052604 -0.04044221 0.00298555
v 0.06028155 -0.04027884 0.00300000
v 0.06003705 -0.04011548 0.00298555
v 0.05979491 -0.03995368 0.00294236
v 0.05955746 -0.03979502 0.00287082
v 0.05932698 -0.03964102 0.00277164
v 0.05910569 -0.03949316 0.00264576
v 0.05889573 -0.03935287 0.00249441
v 0.05869911 -0.03922149 0.00231903
v 0.05851773 -0.03910030 0.00212132
v 0.05835334 -0.03899046 0.00190318
v 0.05820752 -0.03889302 0.00166671
v 0.05808167 -0.03880893 0.00141419
v 0.05797701 -0.03873900 0.00114805
v 0.05789455 -0.03868390 0.00087085
v 0.05783507 -0.03864416 0.00058527
v 0.05779915 -0.03862016 0.00029405
v 0.05778714 -0.03861213 0.00000000
v 0.05779915 -0.03862016 -0.00029405
v 0.05783507 -0.03864416 -0.00058527
v 0.05789455 -0.03868390 -0.00087085
v 0.05797701 -0.03873900 -0.00114805
v 0.05808167 -0.03880893 -0.00141419
v 0.05820752 -0.03889302 -0.00166671
v 0.05835334 -0.03899046 -0.00190318
v 0.05851773 -0.03910030 -0.00212132
v 0.05869911 -0.03922149 -0.00231903
v 0.05889573 -0.03935287 -0.00249441
v 0.05910569 -0.03949316 -0.00264576
v 0.05932698 -0.03964102 -0.00277164
v 0.05955746 -0.03979502 -0.00287082
v 0.05979491 -0.03995368 -0.00294236
v 0.06003705 -0.04011548 -0.00298555
v 0.06028155 -0.04027884 -0.00300000
v 0.06052604 -0.04044221 -0.00298555
v 0.06076818 -0.04060400 -0.00294236
v 0.06100564 -0.04076266 -0.00287082
v 0.06123612 -0.04091666 -0.00277164
v 0.06145740 -0.04106452 -0.00264576
v 0.06166737 -0.04120482 -0.00249441
v 0.06186398 -0.04133619 -0.00231903
v 0.06204536 -0.04145738 -0.00212132
v 0.06220975 -0.04156723 -0.00190318
v 0.06235557 -0.04166466 -0.00166671
v 0.06248142 -0.04174875 -0.00141419
v 0.06258608 -0.04181868 -0.00114805
v 0.06266855 -0.04187378 -0.00087085
v 0.06272803 -0.04191353 -0.00058527
v 0.06276394 -0.04193753 -0.00029405
v 0.06658506 -0.03559045 0.00000000
v 0.06657232 -0.03558364 0.00029405
v 0.06653422 -0.03556328 0.00058527
v 0.06647113 -0.03552956 0.00087085
v 0.06638366 -0.03548280 0.00114805
v 0.06627265 -0.03542347 0.00141419
v 0.06613916 -0.03535212 0.00166671
v 0.06598449 -0.03526945 0.00190318
v 0.06581013 -0.03517625 0.00212132
v 0.06561775 -0.03507342 0.00231903
v 0.06540920 -0.03496195 0.00249441
v 0.06518650 -0.03484291 0.00264576
v 0.06495178 -0.03471745 0.00277164
v 0.06470732 -0.03458678 0.00287082
v 0.06445545 -0.03445216 0.00294236
v 0.06419862 -0.03431488 0.00298555
v 0.06393929 -0.03417626 0.00300000
v 0.06367996 -0.03403765 0.00298555
v 0.06342313 -0.03390037 0.00294236
v 0.06317127 -0.03376575 0.00287082
v 0.06292680 -0.03363508 0.00277164
v 0.06269209 -0.03350962 0.00264576
v 0.06246938 -0.03339058 0.00249441
v 0.06226084 -0.03327911 0.00231903
v 0.06206845 -0.03317628 0.00212132
v 0.06189409 -0.03308308 0.00190318
v 0.06173942 -0.03300041 0.00166671
v 0.06160594 -0.03292906 0.00141419
v 0.06149492 -0.03286972 0.00114805
v 0.06140745 -0.03282297 0.00087085
v 0.06134437 -0.03278925 0.00058527
v 0.06130627 -0.03276888 0.00029405
v 0.06129353 -0.03276207 0.00000000
v 0.06130627 -0.03276888 -0.00029405
v 0.06134437 -0.03278925 -0.00058527
v 0.06140745 -0.03282297 -0.00087085
v 0.06149492 -0.03286972 -0.00114805
v 0.06160594 -0.03292906 -0.00141419
v 0.06173942 -0.03300041 -0.00166671
v 0.06189409 -0.03308308 -0.00190318
v 0.06206845 -0.03317628 -0.00212132
v 0.06226084 -0.03327911 -0.00231903
v 0.06246938 -0.03339058 -0.00249441
v 0.06269209 -0.03350962 -0.00264576
v 0.06292680 -0.03363508 -0.00277164
v 0.06317127 -0.03376575 -0.00287082
v 0.06342313 -0.03390037 -0.00294236
v 0.06367996 -0.03403765 -0.00298555
v 0.06393929 -0.03417626 -0.00300000
v 0.06419862 -0.03431488 -0.00298555
v 0.06445545 -0.03445216 -0.00294236
v 0.06470732 -0.03458678 -0.00287082
v 0.06495178 -0.03471745 -0.00277164
v 0.06518650 -0.03484291 -0.00264576
v 0.06540920 -0.03496195 -0.00249441
v 0.06561775 -0.03507342 -0.00231903
v 0.06581013 -0.03517625 -0.00212132
v 0.06598449 -0.03526945 -0.00190318
v 0.06613916 -0.03535212 -0.00166671
v 0.06627265 -0.03542347 -0.00141419
v 0.06638366 -0.03548280 -0.00114805
v 0.06647113 -0.03552956 -0.00087085
v 0.06653422 -0.03556328 -0.00058527
v 0.06657232 -0.03558364 -0.00029405
v 0.06975290 -0.02889260 0.00000000
v 0.06973956 -0.02888707 0.00029405
v 0.06969965 -0.02887054 0.00058527
v 0.06963356 -0.02884316 0.00087085
v 0.06954193 -0.02880521 0.00114805
v 0.06942563 -0.02875704 0.00141419
v 0.06928580 -0.02869912 0.00166671
v 0.06912377 -0.02863200 0.00190318
v 0.06894111 -0.02855634 0.00212132
v 0.06873958 -0.02847286 0.00231903
v 0.06852111 -0.02838237 0.00249441
v 0.06828781 -0.02828574 0.00264576
v 0.06804193 -0.02818389 0.00277164
v 0.06778583 -0.02807781 0.00287082
v 0.06752199 -0.02796852 0.00294236
v 0.06725293 -0.02785708 0.00298555
v 0.06698127 -0.02774455 0.00300000
v 0.06670960 -0.02763202 0.00298555
v 0.06644055 -0.02752058 0.00294236
v 0.06617670 -0.02741129 0.00287082
v 0.06592061 -0.02730521 0.00277164
v 0.06567472 -0.02720336 0.00264576
v 0.06544143 -0.02710673 0.00249441
v 0.06522296 -0.02701623 0.00231903
v 0.06502142 -0.02693275 0.00212132
v 0.06483876 -0.02685709 0.00190318
v 0.06467673 -0.02678998 0.00166671
v 0.06453690 -0.02673206 0.00141419
v 0.06442061 -0.02668389 0.00114805
v 0.06432897 -0.02664593 0.00087085
v 0.06426288 -0.02661856 0.00058527
v 0.06422297 -0.02660203 0.00029405
v 0.06420963 -0.02659650 0.00000000
v 0.06422297 -0.02660203 -0.00029405
v 0.06426288 -0.02661856 -0.00058527
v 0.06432897 -0.02664593 -0.00087085
v 0.06442061 -0.02668389 -0.00114805
v 0.06453690 -0.02673206 -0.00141419
v 0.06467673 -0.02678998 -0.00166671
v 0.06483876 -0.02685709 -0.00190318
v 0.06502142 -0.02693275 -0.00212132
v 0.06522296 -0.02701623 -0.00231903
v 0.06544143 -0.02710673 -0.00249441
v 0.06567472 -0.02720336 -0.00264576
v 0.06592061 -0.02730521 -0.00277164
v 0.06617670 -0.02741129 -0.00287082
v 0.06644055 -0.02752058 -0.00294236
v 0.06670960 -0.02763202 -0.00298555
v 0.06698127 -0.02774455 -0.00300000
v 0.06725293 -0.02785708 -0.00298555
v 0.06752199 -0.02796852 -0.00294236
v 0.06778583 -0.02807781 -0.00287082
v 0.06804193 -0.02818389 -0.00277164
v 0.06828781 -0.02828574 -0.00264576
v 0.06852111 -0.02838237 -0.00249441
v 0.06873958 -0.02847286 -0.00231903
v 0.06894111 -0.02855634 -0.00212132
v 0.06912377 -0.02863200 -0.00190318
v 0.06928580 -0.02869912 -0.00166671
v 0.06942563 -0.02875704 -0.00141419
v 0.06954193 -0.02880521 -0.00114805
v 0.06963356 -0.02884316 -0.00087085
v 0.06969965 -0.02887054 -0.00058527
v 0.06973956 -0.02888707 -0.00029405
v 0.07224900 -0.02191649 0.00000000
v 0.07223517 -0.02191230 0.00029405
v 0.07219383 -0.02189976 0.00058527
v 0.07212538 -0.02187899 0.00087085
v 0.07203047 -0.02185020 0.00114805
v 0.07191001 -0.02181366 0.00141419
v 0.07176517 -0.02176973 0.00166671
v 0.07159735 -0.02171882 0.00190318
v 0.07140815 -0.02166143 0.00212132
v 0.07119940 -0.02159810 0.00231903
v 0.07097312 -0.02152946 0.00249441
v 0.07073147 -0.02145616 0.00264576
v 0.07047679 -0.02137890 0.00277164
v 0.07021153 -0.02129843 0.00287082
v 0.06993824 -0.02121553 0.00294236
v 0.06965956 -0.02113100 0.00298555
v 0.06937817 -0.02104564 0.00300000
v 0.06909678 -0.02096028 0.00298555
v 0.06881810 -0.02087574 0.00294236
v 0.06854482 -0.02079284 0.00287082
v 0.06827956 -0.02071238 0.00277164
v 0.06802488 -0.02063512 0.00264576
v 0.06778323 -0.02056182 0.00249441
v 0.06755694 -0.02049318 0.00231903
v 0.06734820 -0.02042985 0.00212132
v 0.06715900 -0.02037246 0.00190318
v 0.06699117 -0.02032155 0.00166671
v 0.06684634 -0.02027761 0.00141419
v 0.06672588 -0.02024107 0.00114805
v 0.06663097 -0.02021228 0.00087085
v 0.06656252 -0.02019152 0.00058527
v 0.06652118 -0.02017898 0.00029405
v 0.06650735 -0.02017479 0.00000000
v 0.06652118 -0.02017898 -0.00029405
v 0.06656252 -0.02019152 -0.00058527
v 0.06663097 -0.02021228 -0.00087085
v 0.06672588 -0.02024107 -0.00114805
v 0.06684634 -0.02027761 -0.00141419
v 0.06699117 -0.02032155 -0.00166671
v 0.06715900 -0.02037246 -0.00190318
v 0.06734820 -0.02042985 -0.00212132
v 0.06755694 -0.02049318 -0.00231903
v 0.06778323 -0.02056182 -0.00249441
v 0.06802488 -0.02063512 -0.00264576
v 0.06827956 -0.02071238 -0.00277164
v 0.06854482 -0.02079284 -0.00287082
v 0.06881810 -0.02087574 -0.00294236
v 0.06909678 -0.02096028 -0.00298555
v 0.06937817 -0.02104564 -0.00300000
v 0.06965956 -0.02113100 -0.00298555
v 0.06993824 -0.02121553 -0.00294236
v 0.07021153 -0.02129843 -0.00287082
v 0.07047679 -0.02137890 -0.00277164
v 0.07073147 -0.02145616 -0.00264576
v 0.07097312 -0.02152946 -0.00249441
v 0.07119940 -0.02159810 -0.00231903
v 0.07140815 -0.02166143 -0.00212132
v 0.07159735 -0.02171882 -0.00190318
v 0.07176517 -0.02176973 -0.00166671
v 0.07191001 -0.02181366 -0.00141419
v 0.07203047 -0.02185020 -0.00114805
v 0.07212538 -0.02187899 -0.00087085
v 0.07219383 -0.02189976 -0.00058527
v 0.07223517 -0.02191230 -0.00029405
v 0.07404929 -0.01472932 0.00000000
v 0.07403512 -0.01472650 0.00029405
v 0.07399275 -0.01471807 0.00058527
v 0.07392259 -0.01470412 0.00087085
v 0.07382532 -0.01468477 0.00114805
v 0.07370186 -0.01466021 0.00141419
v 0.07355341 -0.01463068 0.00166671
v 0.07338140 -0.01459647 0.00190318
v 0.07318749 -0.01455790 0.00212132
v 0.07297354 -0.01451534 0.00231903
v 0.07274162 -0.01446921 0.00249441
v 0.07249395 -0.01441994 0.00264576
v 0.07223292 -0.01436802 0.00277164
v 0.07196105 -0.01431394 0.00287082
v 0.07168096 -0.01425823 0.00294236
v 0.07139533 -0.01420141 0.00298555
v 0.07110693 -0.01414405 0.00300000
v 0.07081853 -0.01408668 0.00298555
v 0.07053291 -0.01402987 0.00294236
v 0.07025281 -0.01397415 0.00287082
v 0.06998094 -0.01392007 0.00277164
v 0.06971992 -0.01386815 0.00264576
v 0.06947225 -0.01381889 0.00249441
v 0.06924032 -0.01377276 0.00231903
v 0.06902637 -0.01373020 0.00212132
v 0.06883246 -0.01369163 0.00190318
v 0.06866045 -0.01365741 0.00166671
v 0.06851201 -0.01362789 0.00141419
v 0.06838855 -0.01360333 0.00114805
v 0.06829127 -0.01358398 0.00087085
v 0.06822111 -0.01357002 0.00058527
v 0.06817875 -0.01356160 0.00029405
v 0.06816458 -0.01355878 0.00000000
v 0.06817875 -0.01356160 -0.00029405
v 0.06822111 -0.01357002 -0.00058527
v 0.06829127 -0.01358398 -0.00087085
v 0.06838855 -0.01360333 -0.00114805
v 0.06851201 -0.01362789 -0.00141419
v 0.06866045 -0.01365741 -0.00166671
v 0.06883246 -0.01369163 -0.00190318
v 0.06902637 -0.01373020 -0.00212132
v 0.06924032 -0.01377276 -0.00231903
v 0.06947225 -0.01381889 -0.00249441
v 0.06971992 -0.01386815 -0.00264576
v 0.06998094 -0.01392007 -0.00277164
v 0.07025281 -0.01397415 -0.00287082
v 0.07053291 -0.01402987 -0.00294236
v 0.07081853 -0.01408668 -0.00298555
v 0.07110693 -0.01414405 -0.00300000
v 0.07139533 -0.01420141 -0.00298555
v 0.07168096 -0.01425823 -0.00294236
v 0.07196105 -0.01431394 -0.00287082
v 0.07223292 -0.01436802 -0.00277164
v 0.07249395 -0.01441994 -0.00264576
v 0.07274162 -0.01446921 -0.00249441
v 0.07297354 -0.01451534 -0.00231903
v 0.07318749 -0.01455790 -0.00212132
v 0.07338140 -0.01459647 -0.00190318
v 0.07355341 -0.01463068 -0.00166671
v 0.07370186 -0.01466021 -0.00141419
v 0.07382532 -0.01468477 -0.00114805
v 0.07392259 -0.01470412 -0.00087085
v 0.07399275 -0.01471807 -0.00058527
v 0.07403512 -0.01472650 -0.00029405
v 0.07513645 -0.00740029 0.00000000
v 0.07512207 -0.00739888 0.00029405
v 0.07507908 -0.00739464 0.00058527
v 0.07500789 -0.00738763 0.00087085
v 0.07490919 -0.00737791 0.00114805
v 0.07478392 -0.00736557 0.00141419
v 0.07463329 -0.00735074 0.00166671
v 0.07445876 -0.00733355 0.00190318
v 0.07426200 -0.00731417 0.00212132
v 0.07404491 -0.00729279 0.00231903
v 0.07380958 -0.00726961 0.00249441
v 0.07355827 -0.00724486 0.00264576
v 0.07329341 -0.00721877 0.00277164
v 0.07301755 -0.00719160 0.00287082
v 0.07273335 -0.00716361 0.00294236
v 0.07244353 -0.00713506 0.00298555
v 0.07215089 -0.00710624 0.00300000
v 0.07185826 -0.00707742 0.00298555
v 0.07156844 -0.00704888 0.00294236
v 0.07128423 -0.00702088 0.00287082
v 0.07100837 -0.00699371 0.00277164
v 0.07074351 -0.00696763 0.00264576
v 0.07049221 -0.00694288 0.00249441
v 0.07025688 -0.00691970 0.00231903
v 0.07003979 -0.00689832 0.00212132
v 0.06984303 -0.00687894 0.00190318
v 0.06966850 -0.00686175 0.00166671
v 0.06951787 -0.00684691 0.00141419
v 0.06939260 -0.00683457 0.00114805
v 0.06929390 -0.00682485 0.00087085
v 0.06922271 -0.00681784 0.00058527
v 0.06917971 -0.00681361 0.00029405
v 0.06916534 -0.00681219 0.00000000
v 0.06917971 -0.00681361 -0.00029405
v 0.06922271 -0.00681784 -0.00058527
v 0.06929390 -0.00682485 -0.00087085
v 0.06939260 -0.00683457 -0.00114805
v 0.06951787 -0.00684691 -0.00141419
v 0.06966850 -0.00686175 -0.00166671
v 0.06984303 -0.00687894 -0.00190318
v 0.07003979 -0.00689832 -0.00212132
v 0.07025688 -0.00691970 -0.00231903
v 0.07049221 -0.00694288 -0.00249441
v 0.07074351 -0.00696763 -0.00264576
v 0.07100837 -0.00699371 -0.00277164
v 0.07128423 -0.00702088 -0.00287082
v 0.07156844 -0.00704888 -0.00294236
v 0.07185826 -0.00707742 -0.00298555
v 0.07215089 -0.00710624 -0.00300000
v 0.07244353 -0.00713506 -0.00298555
v 0.07273335 -0.00716361 -0.00294236
v 0.07301755 -0.00719160 -0.00287082
v 0.07329341 -0.00721877 -0.00277164
v 0.07355827 -0.00724486 -0.00264576
v 0.07380958 -0.00726961 -0.00249441
v 0.07404491 -0.00729279 -0.00231903
v 0.07426200 -0.00731417 -0.00212132
v 0.07445876 -0.00733355 -0.00190318
v 0.07463329 -0.00735074 -0.00166671
v 0.07478392 -0.00736557 -0.00141419
v 0.07490919 -0.00737791 -0.00114805
v 0.07500789 -0.00738763 -0.00087085
v 0.07507908 -0.00739464 -0.00058527
v 0.07512207 -0.00739888 -0.00029405
v 0.00000000 0.00000000 0.00800000
v -0.00011002 0.00000000 0.00500202
v 0.10888998 0.00000000 0.00100202
v 0.10900000 0.00000000 0.00400000
v -0.00010790 0.00058527 0.00505962
v 0.10889210 0.00058527 0.00105962
v -0.00010164 0.00114805 0.00523023
v 0.10889836 0.00114805 0.00123023
v -0.00009148 0.00166671 0.00550727
v 0.10890852 0.00166671 0.00150727
v -0.00007779 0.00212132 0.00588011
v 0.10892221 0.00212132 0.00188011
v -0.00006112 0.00249441 0.00633441
v 0.10893888 0.00249441 0.00233441
v -0.00004210 0.00277164 0.00685272
v 0.10895790 0.00277164 0.00285272
v -0.00002146 0.00294236 0.00741512
v 0.10897854 0.00294236 0.00341512
v -0.00000000 0.00300000 0.00800000
v 0.10900000 0.00300000 0.00400000
v 0.00002146 0.00294236 0.00858488
v 0.10902146 0.00294236 0.00458488
v 0.00004210 0.00277164 0.00914728
v 0.10904210 0.00277164 0.00514728
v 0.00006112 0.00249441 0.00966559
v 0.10906112 0.00249441 0.00566559
v 0.00007779 0.00212132 0.01011989
v 0.10907779 0.00212132 0.00611989
v 0.00009148 0.00166671 0.01049273
v 0.10909148 0.00166671 0.00649273
v 0.00010164 0.00114805 0.01076977
v 0.10910164 0.00114805 0.00676977
v 0.00010790 0.00058527 0.01094038
v 0.10910790 0.00058527 0.00694038
v 0.00011002 0.00000000 0.01099798
v 0.10911002 0.00000000 0.00699798
v 0.00010790 -0.00058527 0.01094038
v 0.10910790 -0.00058527 0.00694038
v 0.00010164 -0.00114805 0.01076977
v 0.10910164 -0.00114805 0.00676977
v 0.00009148 -0.00166671 0.01049273
v 0.10909148 -0.00166671 0.00649273
v 0.00007779 -0.00212132 0.01011989
v 0.10907779 -0.00212132 0.00611989
v 0.00006112 -0.00249441 0.00966559
v 0.10906112 -0.00249441 0.00566559
v 0.00004210 -0.00277164 0.00914728
v 0.10904210 -0.00277164 0.00514728
v 0.00002146 -0.00294236 0.00858488
v 0.10902146 -0.00294236 0.00458488
v 0.00000000 -0.00300000 0.00800000
v 0.10900000 -0.00300000 0.00400000
v -0.00002146 -0.00294236 0.00741512
v 0.10897854 -0.00294236 0.00341512
v -0.00004210 -0.00277164 0.00685272
v 0.10895790 -0.00277164 0.00285272
v -0.00006112 -0.00249441 0.00633441
v 0.10893888 -0.00249441 0.00233441
v -0.00007779 -0.00212132 0.00588011
v 0.10892221 -0.00212132 0.00188011
v -0.00009148 -0.00166671 0.00550727
v 0.10890852 -0.00166671 0.00150727
v -0.00010164 -0.00114805 0.00523023
v 0.10889836 -0.00114805 0.00123023
v -0.00010790 -0.00058527 0.00505962
v 0.10889210 -0.00058527 0.00105962
v 0.00000000 0.00000000 0.00800000
v 0.00222250 0.00134668 0.00949899
v -0.05227750 0.09574345 0.00549899
v -0.05450000 0.09439677 0.00400000
v 0.00244251 0.00145102 0.00896367
v -0.05205749 0.09584779 0.00496367
v 0.00256867 0.00149960 0.00839132
v -0.05193133 0.09589637 0.00439132
v 0.00259611 0.00149056 0.00780392
v -0.05190389 0.09588733 0.00380392
v 0.00252379 0.00142423 0.00722407
v -0.05197621 0.09582100 0.00322407
v 0.00235447 0.00130317 0.00667403
v -0.05214553 0.09569994 0.00267403
v 0.00209468 0.00113203 0.00617494
v -0.05240532 0.09552880 0.00217494
v 0.00175439 0.00091738 0.00574600
v -0.05274561 0.09531415 0.00174600
v 0.00134668 0.00066749 0.00540367
v -0.05315332 0.09506426 0.00140367
v 0.00088721 0.00039194 0.00516112
v -0.05361279 0.09478871 0.00116112
v 0.00039366 0.00010133 0.00502767
v -0.05410634 0.09449810 0.00102767
v -0.00011503 -0.00019318 0.00500844
v -0.05461503 0.09420359 0.00100844
v -0.00061930 -0.00048026 0.00510417
v -0.05511930 0.09391651 0.00110417
v -0.00109976 -0.00074889 0.00531119
v -0.05559976 0.09364788 0.00131119
v -0.00153797 -0.00098873 0.00562154
v -0.05603797 0.09340804 0.00162154
v -0.00191707 -0.00119058 0.00602329
v -0.05641707 0.09320619 0.00202329
v -0.00222250 -0.00134668 0.00650101
v -0.05672250 0.09305009 0.00250101
v -0.00244251 -0.00145102 0.00703633
v -0.05694251 0.09294575 0.00303633
v -0.00256867 -0.00149960 0.00760868
v -0.05706867 0.09289717 0.00360868
v -0.00259611 -0.00149056 0.00819608
v -0.05709611 0.09290621 0.00419608
v -0.00252379 -0.00142423 0.00877593
v -0.05702379 0.09297254 0.00477593
v -0.00235447 -0.00130317 0.00932597
v -0.05685447 0.09309360 0.00532597
v -0.00209468 -0.00113203 0.00982506
v -0.05659468 0.09326474 0.00582506
v -0.00175439 -0.00091738 0.01025400
v -0.05625439 0.09347938 0.00625400
v -0.00134668 -0.00066749 0.01059633
v -0.05584668 0.09372928 0.00659633
v -0.00088721 -0.00039194 0.01083888
v -0.05538721 0.09400483 0.00683888
v -0.00039366 -0.00010133 0.01097233
v -0.05489366 0.09429544 0.00697233
v 0.00011503 0.00019318 0.01099156
v -0.05438497 0.09458995 0.00699156
v 0.00061930 0.00048026 0.01089583
v -0.05388070 0.09487703 0.00689583
v 0.00109976 0.00074889 0.01068881
v -0.05340024 0.09514565 0.00668881
v 0.00153797 0.00098873 0.01037846
v -0.05296203 0.09538550 0.00637846
v 0.00191707 0.00119058 0.00997671
v -0.05258293 0.09558735 0.00597671
v 0.00000000 0.00000000 0.00800000
v 0.00222250 -0.00134668 0.00949899
v -0.05227750 -0.09574345 0.00549899
v -0.05450000 -0.09439677 0.00400000
v 0.00191707 -0.00119058 0.00997671
v -0.05258293 -0.09558735 0.00597671
v 0.00153797 -0.00098873 0.01037846
v -0.05296203 -0.09538550 0.00637846
v 0.00109976 -0.00074889 0.01068881
v -0.05340024 -0.09514565 0.00668881
v 0.00061930 -0.00048026 0.01089583
v -0.05388070 -0.09487703 0.00689583
v 0.00011503 -0.00019318 0.01099156
v -0.05438497 -0.09458995 0.00699156
v -0.00039366 0.00010133 0.01097233
v -0.05489366 -0.09429544 0.00697233
v -0.00088721 0.00039194 0.01083888
v -0.05538721 -0.09400483 0.00683888
v -0.00134668 0.00066749 0.01059633
v -0.05584668 -0.09372928 0.00659633
v -0.00175439 0.00091738 0.01025400
v -0.05625439 -0.09347938 0.00625400
v -0.00209468 0.00113203 0.00982506
v -0.05659468 -0.09326474 0.00582506
v -0.00235447 0.00130317 0.00932597
v -0.05685447 -0.09309360 0.00532597
v -0.00252379 0.00142423 0.00877593
v -0.05702379 -0.09297254 0.00477593
v -0.00259611 0.00149056 0.00819608
v -0.05709611 -0.09290621 0.00419608
v -0.00256867 0.00149960 0.00760868
v -0.05706867 -0.09289717 0.00360868
v -0.00244251 0.00145102 0.00703633
v -0.05694251 -0.09294575 0.00303633
v -0.00222250 0.00134668 0.00650101
v -0.05672250 -0.09305009 0.00250101
v -0.00191707 0.00119058 0.00602329
v -0.05641707 -0.09320619 0.00202329
v -0.00153797 0.00098873 0.00562154
v -0.05603797 -0.09340804 0.00162154
v -0.00109976 0.00074889 0.00531119
v -0.05559976 -0.09364788 0.00131119
v -0.00061930 0.00048026 0.00510417
v -0.05511930 -0.09391651 0.00110417
v -0.00011503 0.00019318 0.00500844
v -0.05461503 -0.09420359 0.00100844
v 0.00039366 -0.00010133 0.00502767
v -0.05410634 -0.09449810 0.00102767
v 0.00088721 -0.00039194 0.00516112
v -0.05361279 -0.09478871 0.00116112
v 0.00134668 -0.00066749 0.00540367
v -0.05315332 -0.09506426 0.00140367
v 0.00175439 -0.00091738 0.00574600
v -0.05274561 -0.09531415 0.00174600
v 0.00209468 -0.00113203 0.00617494
v -0.05240532 -0.09552880 0.00217494
v 0.00235447 -0.00130317 0.00667403
v -0.05214553 -0.09569994 0.00267403
v 0.00252379 -0.00142423 0.00722407
v -0.05197621 -0.09582100 0.00322407
v 0.00259611 -0.00149056 0.00780392
v -0.05190389 -0.09588733 0.00380392
v 0.00256867 -0.00149960 0.00839132
v -0.05193133 -0.09589637 0.00439132
v 0.00244251 -0.00145102 0.00896367
v -0.05205749 -0.09584779 0.00496367
f 1 65 2
f 2 65 66
f 2 66 3
f 3 66 67
f 3 67 4
f 4 67 68
f 4 68 5
f 5 68 69
f 5 69 6
f 6 69 70
f 6 70 7
f 7 70 71
f 7 71 8
f 8 71 72
f 8 72 9
f 9 72 73
f 9 73 10
f 10 73 74
f 10 74 11
f 11 74 75
f 11 75 12
f 12 75 76
f 12 76 13
f 13 76 77
f 13 77 14
f 14 77 78
f 14 78 15
f 15 78 79
f 15 79 16
f 16 79 80
f 16 80 17
f 17 80 81
f 17 81 18
f 18 81 82
f 18 82 19
f 19 82 83
f 19 83 20
f 20 83 84
f 20 84 21
f 21 84 85
f 21 85 22
f 22 85 86
f 22 86 23
f 23 86 87
f 23 87 24
f 24 87 88
f 24 88 25
f 25 88 89
f 25 89 26
f 26 89 90
f 26 90 27
f 27 90 91
f 27 91 28
f 28 91 92
f 28 92 29
f 29 92 93
f 29 93 30
f 30 93 94
f 30 94 31
f 31 94 95
f 31 95 32
f 32 95 96
f 32 96 33
f 33 96 97
f 33 97 34
f 34 97 98
f 34 98 35
f 35 98 99
f 35 99 36
f 36 99 100
f 36 100 37
f 37 100 101
f 37 101 38
f 38 101 102
f 38 102 39
f 39 102 103
f 39 103 40
f 40 103 104
f 40 104 41
f 41 104 105
f 41 105 42
f 42 105 106
f 42 106 43
f 43 106 107
f 43 107 44
f 44 107 108
f 44 108 45
f 45 108 109
f 45 109 46
f 46 109 110
f 46 110 47
f 47 110 111
f 47 111 48
f 48 111 112
f 48 112 49
f 49 112 113
f 49 113 50
f 50 113 114
f 50 114 51
f 51 114 115
f 51 115 52
f 52 115 116
f 52 116 53
f 53 116 117
f 53 117 54
f 54 117 118
f 54 118 55
f 55 118 119
f 55 119 56
f 56 119 120
f 56 120 57
f 57 120 121
f 57 121 58
f 58 121 122
f 58 122 59
f 59 122 123
f 59 123 60
f 60 123 124
f 60 124 61
f 61 124 125
f 61 125 62
f 62 125 126
f 62 126 63
f 63 126 127
f 63 127 64
f 64 127 128
f 64 128 65
f 65 128 129
f 65 129 66
f 66 129 130
f 66 130 67
f 67 130 131
f 67 131 68
f 68 131 132
f 68 132 69
f 69 132 133
f 69 133 70
f 70 133 134
f 70 134 71
f 71 134 135
f 71 135 72
f 72 135 136
f 72 136 73
f 73 136 137
f 73 137 74
f 74 137 138
f 74 138 75
f 75 138 139
f 75 139 76
f 76 139 140
f 76 140 77
f 77 140 141
f 77 141 78
f 78 141 142
f 78 142 79
f 79 142 143
f 79 143 80
f 80 143 144
f 80 144 81
f 81 144 145
f 81 145 82
f 82 145 146
f 82 146 83
f 83 146 147
f 83 147 84
f 84 147 148
f 84 148 85
f 85 148 149
f 85 149 86
f 86 149 150
f 86 150 87
f 87 150 151
f 87 151 88
f 88 151 152
f 88 152 89
f 89 152 153
f 89 153 90
f 90 153 154
f 90 154 91
f 91 154 155
f 91 155 92
f 92 155 156
f 92 156 93
f 93 156 157
f 93 157 94
f 94 157 158
f 94 158 95
f 95 158 159
f 95 159 96
f 96 159 160
f 96 160 97
f 97 160 161
f 97 161 98
f 98 161 162
f 98 162 99
f 99 162 163
f 99 163 100
f 100 163 164
f 100 164 101
f 101 164 165
f 101 165 102
f 102 165 166
f 102 166 103
f 103 166 167
f 103 167 104
f 104 167 168
f 104 168 105
f 105 168 169
f 105 169 106
f 106 169 170
f 106 170 107
f 107 170 171
f 107 171 108
f 108 171 172
f 108 172 109
f 109 172 173
f 109 173 110
f 110 173 174
f 110 174 111
f 111 174 175
f 111 175 112
f 112 175 176
f 112 176 113
f 113 176 177
f 113 177 114
f 114 177 178
f 114 178 115
f 115 178 179
f 115 179 116
f 116 179 180
f 116 180 117
f 117 180 181
f 117 181 118
f 118 181 182
f 118 182 119
f 119 182 183
f 119 183 120
f 120 183 184
f 120 184 121
f 121 184 185
f 121 185 122
f 122 185 186
f 122 186 123
f 123 186 187
f 123 187 124
f 124 187 188
f 124 188 125
f 125 188 189
f 125 189 126
f 126 189 190
f 126 190 127
f 127 190 191
f 127 191 128
f 128 191 192
f 128 192 129
f 129 192 193
f 129 193 130
f 130 193 194
f 130 194 131
f 131 194 195
f 131 195 132
f 132 195 196
f 132 196 133
f 133 196 197
f 133 197 134
f 134 197 198
f 134 198 135
f 135 198 199
f 135 199 136
f 136 199 200
f 136 200 137
f 137 200 201
f 137 201 138
f 138 201 202
f 138 202 139
f 139 202 203
f 139 203 140
f 140 203 204
f 140 204 141
f 141 204 205
f 141 205 142
f 142 205 206
f 142 206 143
f 143 206 207
f 143 207 144
f 144 207 208
f 144 208 145
f 145 208 209
f 145 209 146
f 146 209 210
f 146 210 147
f 147 210 211
f 147 211 148
f 148 211 212
f 148 212 149
f 149 212 213
f 149 213 150
f 150 213 214
f 150 214 151
f 151 214 215
f 151 215 152
f 152 215 216
f 152 216 153
f 153 216 217
f 153 217 154
f 154 217 218
f 154 218 155
f 155 218 219
f 155 219 156
f 156 219 220
f 156 220 157
f 157 220 221
f 157 221 158
f 158 221 222
f 158 222 159
f 159 222 223
f 159 223 160
f 160 223 224
f 160 224 161
f 161 224 225
f 161 225 162
f 162 225 226
f 162 226 163
f 163 226 227
f 163 227 164
f 164 227 228
f 164 228 165
f 165 228 229
f 165 229 166
f 166 229 230
f 166 230 167
f 167 230 231
f 167 231 168
f 168 231 232
f 168 232 169
f 169 232 233
f 169 233 170
f 170 233 234
f 170 234 171
f 171 234 235
f 171 235 172
f 172 235 236
f 172 236 173
f 173 236 237
f 173 237 174
f 174 237 238
f 174 238 175
f 175 238 239
f 175 239 176
f 176 239 240
f 176 240 177
f 177 240 241
f 177 241 178
f 178 241 242
f 178 242 179
f 179 242 243
f 179 243 180
f 180 243 244
f 180 244 181
f 181 244 245
f 181 245 182
f 182 245 246
f 182 246 183
f 183 246 247
f 183 247 184
f 184 247 248
f 184 248 185
f 185 248 249
f 185 249 186
f 186 249 250
f 186 250 187
f 187 250 251
f 187 251 188
f 188 251 252
f 188 252 189
f 189 252 253
f 189 253 190
f 190 253 254
f 190 254 191
f 191 254 255
f 191 255 192
f 192 255 256
f 192 256 193
f 193 256 257
f 193 257 194
f 194 257 258
f 194 258 195
f 195 258 259
f 195 259 196
f 196 259 260
f 196 260 197
f 197 260 261
f 197 261 198
f 198 261 262
f 198 262 199
f 199 262 263
f 199 263 200
f 200 263 264
f 200 264 201
f 201 264 265
f 201 265 202
f 202 265 266
f 202 266 203
f 203 266 267
f 203 267 204
f 204 267 268
f 204 268 205
f 205 268 269
f 205 269 206
f 206 269 270
f 206 270 207
f 207 270 271
f 207 271 208
f 208 271 272
f 208 272 209
f 209 272 273
f 209 273 210
f 210 273 274
f 210 274 211
f 211 274 275
f 211 275 212
f 212 275 276
f 212 276 213
f 213 276 277
f 213 277 214
f 214 277 278
f 214 278 215
f 215 278 279
f 215 279 216
f 216 279 280
f 216 280 217
f 217 280 281
f 217 281 218
f 218 281 282
f 218 282 219
f 219 282 283
f 219 283 220
f 220 283 284
f 220 284 221
f 221 284 285
f 221 285 222
f 222 285 286
f 222 286 223
f 223 286 287
f 223 287 224
f 224 287 288
f 224 288 225
f 225 288 289
f 225 289 226
f 226 289 290
f 226 290 227
f 227 290 291
f 227 291 228
f 228 291 292
f 228 292 229
f 229 292 293
f 229 293 230
f 230 293 294
f 230 294 231
f 231 294 295
f 231 295 232
f 232 295 296
f 232 296 233
f 233 296 297
f 233 297 234
f 234 297 298
f 234 298 235
f 235 298 299
f 235 299 236
f 236 299 300
f 236 300 237
f 237 300 301
f 237 301 238
f 238 301 302
f 238 302 239
f 239 302 303
f 239 303 240
f 240 303 304
f 240 304 241
f 241 304 305
f 241 305 242
f 242 305 306
f 242 306 243
f 243 306 307
f 243 307 244
f 244 307 308
f 244 308 245
f 245 308 309
f 245 309 246
f 246 309 310
f 246 310 247
f 247 310 311
f 247 311 248
f 248 311 312
f 248 312 249
f 249 312 313
f 249 313 250
f 250 313 314
f 250 314 251
f 251 314 315
f 251 315 252
f 252 315 316
f 252 316 253
f 253 316 317
f 253 317 254
f 254 317 318
f 254 318 255
f 255 318 319
f 255 319 256
f 256 319 320
f 256 320 257
f 257 320 321
f 257 321 258
f 258 321 322
f 258 322 259
f 259 322 323
f 259 323 260
f 260 323 324
f 260 324 261
f 261 324 325
f 261 325 262
f 262 325 326
f 262 326 263
f 263 326 327
f 263 327 264
f 264 327 328
f 264 328 265
f 265 328 329
f 265 329 266
f 266 329 330
f 266 330 267
f 267 330 331
f 267 331 268
f 268 331 332
f 268 332 269
f 269 332 333
f 269 333 270
f 270 333 334
f 270 334 271
f 271 334 335
f 271 335 272
f 272 335 336
f 272 336 273
f 273 336 337
f 273 337 274
f 274 337 338
f 274 338 275
f 275 338 339
f 275 339 276
f 276 339 340
f 276 340 277
f 277 340 341
f 277 341 278
f 278 341 342
f 278 342 279
f 279 342 343
f 279 343 280
f 280 343 344
f 280 344 281
f 281 344 345
f 281 345 282
f 282 345 346
f 282 346 283
f 283 346 347
f 283 347 284
f 284 347 348
f 284 348 285
f 285 348 349
f 285 349 286
f 286 349 350
f 286 350 287
f 287 350 351
f 287 351 288
f 288 351 352
f 288 352 289
f 289 352 353
f 289 353 290
f 290 353 354
f 290 354 291
f 291 354 355
f 291 355 292
f 292 355 356
f 292 356 293
f 293 356 357
f 293 357 294
f 294 357 358
f 294 358 295
f 295 358 359
f 295 359 296
f 296 359 360
f 296 360 297
f 297 360 361
f 297 361 298
f 298 361 362
f 298 362 299
f 299 362 363
f 299 363 300
f 300 363 364
f 300 364 301
f 301 364 365
f 301 365 302
f 302 365 366
f 302 366 303
f 303 366 367
f 303 367 304
f 304 367 368
f 304 368 305
f 305 368 369
f 305 369 306
f 306 369 370
f 306 370 307
f 307 370 371
f 307 371 308
f 308 371 372
f 308 372 309
f 309 372 373
f 309 373 310
f 310 373 374
f 310 374 311
f 311 374 375
f 311 375 312
f 312 375 376
f 312 376 313
f 313 376 377
f 313 377 314
f 314 377 378
f 314 378 315
f 315 378 379
f 315 379 316
f 316 379 380
f 316 380 317
f 317 380 381
f 317 381 318
f 318 381 382
f 318 382 319
f 319 382 383
f 319 383 320
f 320 383 384
f 320 384 321
f 321 384 385
f 321 385 322
f 322 385 386
f 322 386 323
f 323 386 387
f 323 387 324
f 324 387 388
f 324 388 325
f 325 388 389
f 325 389 326
f 326 389 390
f 326 390 327
f 327 390 391
f 327 391 328
f 328 391 392
f 328 392 329
f 329 392 393
f 329 393 330
f 330 393 394
f 330 394 331
f 331 394 395
f 331 395 332
f 332 395 396
f 332 396 333
f 333 396 397
f 333 397 334
f 334 397 398
f 334 398 335
f 335 398 399
f 335 399 336
f 336 399 400
f 336 400 337
f 337 400 401
f 337 401 338
f 338 401 402
f 338 402 339
f 339 402 403
f 339 403 340
f 340 403 404
f 340 404 341
f 341 404 405
f 341 405 342
f 342 405 406
f 342 406 343
f 343 406 407
f 343 407 344
f 344 407 408
f 344 408 345
f 345 408 409
f 345 409 346
f 346 409 410
f 346 410 347
f 347 410 411
f 347 411 348
f 348 411 412
f 348 412 349
f 349 412 413
f 349 413 350
f 350 413 414
f 350 414 351
f 351 414 415
f 351 415 352
f 352 415 416
f 352 416 353
f 353 416 417
f 353 417 354
f 354 417 418
f 354 418 355
f 355 418 419
f 355 419 356
f 356 419 420
f 356 420 357
f 357 420 421
f 357 421 358
f 358 421 422
f 358 422 359
f 359 422 423
f 359 423 360
f 360 423 424
f 360 424 361
f 361 424 425
f 361 425 362
f 362 425 426
f 362 426 363
f 363 426 427
f 363 427 364
f 364 427 428
f 364 428 365
f 365 428 429
f 365 429 366
f 366 429 430
f 366 430 367
f 367 430 431
f 367 431 368
f 368 431 432
f 368 432 369
f 369 432 433
f 369 433 370
f 370 433 434
f 370 434 371
f 371 434 435
f 371 435 372
f 372 435 436
f 372 436 373
f 373 436 437
f 373 437 374
f 374 437 438
f 374 438 375
f 375 438 439
f 375 439 376
f 376 439 440
f 376 440 377
f 377 440 441
f 377 441 378
f 378 441 442
f 378 442 379
f 379 442 443
f 379 443 380
f 380 443 444
f 380 444 381
f 381 444 445
f 381 445 382
f 382 445 446
f 382 446 383
f 383 446 447
f 383 447 384
f 384 447 448
f 384 448 385
f 385 448 449
f 385 449 386
f 386 449 450
f 386 450 387
f 387 450 451
f 387 451 388
f 388 451 452
f 388 452 389
f 389 452 453
f 389 453 390
f 390 453 454
f 390 454 391
f 391 454 455
f 391 455 392
f 392 455 456
f 392 456 393
f 393 456 457
f 393 457 394
f 394 457 458
f 394 458 395
f 395 458 459
f 395 459 396
f 396 459 460
f 396 460 397
f 397 460 461
f 397 461 398
f 398 461 462
f 398 462 399
f 399 462 463
f 399 463 400
f 400 463 464
f 400 464 401
f 401 464 465
f 401 465 402
f 402 465 466
f 402 466 403
f 403 466 467
f 403 467 404
f 404 467 468
f 404 468 405
f 405 468 469
f 405 469 406
f 406 469 470
f 406 470 407
f 407 470 471
f 407 471 408
f 408 471 472
f 408 472 409
f 409 472 473
f 409 473 410
f 410 473 474
f 410 474 411
f 411 474 475
f 411 475 412
f 412 475 476
f 412 476 413
f 413 476 477
f 413 477 414
f 414 477 478
f 414 478 415
f 415 478 479
f 415 479 416
f 416 479 480
f 416 480 417
f 417 480 481
f 417 481 418
f 418 481 482
f 418 482 419
f 419 482 483
f 419 483 420
f 420 483 484
f 420 484 421
f 421 484 485
f 421 485 422
f 422 485 486
f 422 486 423
f 423 486 487
f 423 487 424
f 424 487 488
f 424 488 425
f 425 488 489
f 425 489 426
f 426 489 490
f 426 490 427
f 427 490 491
f 427 491 428
f 428 491 492
f 428 492 429
f 429 492 493
f 429 493 430
f 430 493 494
f 430 494 431
f 431 494 495
f 431 495 432
f 432 495 496
f 432 496 433
f 433 496 497
f 433 497 434
f 434 497 498
f 434 498 435
f 435 498 499
f 435 499 436
f 436 499 500
f 436 500 437
f 437 500 501
f 437 501 438
f 438 501 502
f 438 502 439
f 439 502 503
f 439 503 440
f 440 503 504
f 440 504 441
f 441 504 505
f 441 505 442
f 442 505 506
f 442 506 443
f 443 506 507
f 443 507 444
f 444 507 508
f 444 508 445
f 445 508 509
f 445 509 446
f 446 509 510
f 446 510 447
f 447 510 511
f 447 511 448
f 448 511 512
f 448 512 449
f 449 512 513
f 449 513 450
f 450 513 514
f 450 514 451
f 451 514 515
f 451 515 452
f 452 515 516
f 452 516 453
f 453 516 517
f 453 517 454
f 454 517 518
f 454 518 455
f 455 518 519
f 455 519 456
f 456 519 520
f 456 520 457
f 457 520 521
f 457 521 458
f 458 521 522
f 458 522 459
f 459 522 523
f 459 523 460
f 460 523 524
f 460 524 461
f 461 524 525
f 461 525 462
f 462 525 526
f 462 526 463
f 463 526 527
f 463 527 464
f 464 527 528
f 464 528 465
f 465 528 529
f 465 529 466
f 466 529 530
f 466 530 467
f 467 530 531
f 467 531 468
f 468 531 532
f 468 532 469
f 469 532 533
f 469 533 470
f 470 533 534
f 470 534 471
f 471 534 535
f 471 535 472
f 472 535 536
f 472 536 473
f 473 536 537
f 473 537 474
f 474 537 538
f 474 538 475
f 475 538 539
f 475 539 476
f 476 539 540
f 476 540 477
f 477 540 541
f 477 541 478
f 478 541 542
f 478 542 479
f 479 542 543
f 479 543 480
f 480 543 544
f 480 544 481
f 481 544 545
f 481 545 482
f 482 545 546
f 482 546 483
f 483 546 547
f 483 547 484
f 484 547 548
f 484 548 485
f 485 548 549
f 485 549 486
f 486 549 550
f 486 550 487
f 487 550 551
f 487 551 488
f 488 551 552
f 488 552 489
f 489 552 553
f 489 553 490
f 490 553 554
f 490 554 491
f 491 554 555
f 491 555 492
f 492 555 556
f 492 556 493
f 493 556 557
f 493 557 494
f 494 557 558
f 494 558 495
f 495 558 559
f 495 559 496
f 496 559 560
f 496 560 497
f 497 560 561
f 497 561 498
f 498 561 562
f 498 562 499
f 499 562 563
f 499 563 500
f 500 563 564
f 500 564 501
f 501 564 565
f 501 565 502
f 502 565 566
f 502 566 503
f 503 566 567
f 503 567 504
f 504 567 568
f 504 568 505
f 505 568 569
f 505 569 506
f 506 569 570
f 506 570 507
f 507 570 571
f 507 571 508
f 508 571 572
f 508 572 509
f 509 572 573
f 509 573 510
f 510 573 574
f 510 574 511
f 511 574 575
f 511 575 512
f 512 575 576
f 512 576 513
f 513 576 577
f 513 577 514
f 514 577 578
f 514 578 515
f 515 578 579
f 515 579 516
f 516 579 580
f 516 580 517
f 517 580 581
f 517 581 518
f 518 581 582
f 518 582 519
f 519 582 583
f 519 583 520
f 520 583 584
f 520 584 521
f 521 584 585
f 521 585 522
f 522 585 586
f 522 586 523
f 523 586 587
f 523 587 524
f 524 587 588
f 524 588 525
f 525 588 589
f 525 589 526
f 526 589 590
f 526 590 527
f 527 590 591
f 527 591 528
f 528 591 592
f 528 592 529
f 529 592 593
f 529 593 530
f 530 593 594
f 530 594 531
f 531 594 595
f 531 595 532
f 532 595 596
f 532 596 533
f 533 596 597
f 533 597 534
f 534 597 598
f 534 598 535
f 535 598 599
f 535 599 536
f 536 599 600
f 536 600 537
f 537 600 601
f 537 601 538
f 538 601 602
f 538 602 539
f 539 602 603
f 539 603 540
f 540 603 604
f 540 604 541
f 541 604 605
f 541 605 542
f 542 605 606
f 542 606 543
f 543 606 607
f 543 607 544
f 544 607 608
f 544 608 545
f 545 608 609
f 545 609 546
f 546 609 610
f 546 610 547
f 547 610 611
f 547 611 548
f 548 611 612
f 548 612 549
f 549 612 613
f 549 613 550
f 550 613 614
f 550 614 551
f 551 614 615
f 551 615 552
f 552 615 616
f 552 616 553
f 553 616 617
f 553 617 554
f 554 617 618
f 554 618 555
f 555 618 619
f 555 619 556
f 556 619 620
f 556 620 557
f 557 620 621
f 557 621 558
f 558 621 622
f 558 622 559
f 559 622 623
f 559 623 560
f 560 623 624
f 560 624 561
f 561 624 625
f 561 625 562
f 562 625 626
f 562 626 563
f 563 626 627
f 563 627 564
f 564 627 628
f 564 628 565
f 565 628 629
f 565 629 566
f 566 629 630
f 566 630 567
f 567 630 631
f 567 631 568
f 568 631 632
f 568 632 569
f 569 632 633
f 569 633 570
f 570 633 634
f 570 634 571
f 571 634 635
f 571 635 572
f 572 635 636
f 572 636 573
f 573 636 637
f 573 637 574
f 574 637 638
f 574 638 575
f 575 638 639
f 575 639 576
f 576 639 640
f 576 640 577
f 577 640 641
f 577 641 578
f 578 641 642
f 578 642 579
f 579 642 643
f 579 643 580
f 580 643 644
f 580 644 581
f 581 644 645
f 581 645 582
f 582 645 646
f 582 646 583
f 583 646 647
f 583 647 584
f 584 647 648
f 584 648 585
f 585 648 649
f 585 649 586
f 586 649 650
f 586 650 587
f 587 650 651
f 587 651 588
f 588 651 652
f 588 652 589
f 589 652 653
f 589 653 590
f 590 653 654
f 590 654 591
f 591 654 655
f 591 655 592
f 592 655 656
f 592 656 593
f 593 656 657
f 593 657 594
f 594 657 658
f 594 658 595
f 595 658 659
f 595 659 596
f 596 659 660
f 596 660 597
f 597 660 661
f 597 661 598
f 598 661 662
f 598 662 599
f 599 662 663
f 599 663 600
f 600 663 664
f 600 664 601
f 601 664 665
f 601 665 602
f 602 665 666
f 602 666 603
f 603 666 667
f 603 667 604
f 604 667 668
f 604 668 605
f 605 668 669
f 605 669 606
f 606 669 670
f 606 670 607
f 607 670 671
f 607 671 608
f 608 671 672
f 608 672 609
f 609 672 673
f 609 673 610
f 610 673 674
f 610 674 611
f 611 674 675
f 611 675 612
f 612 675 676
f 612 676 613
f 613 676 677
f 613 677 614
f 614 677 678
f 614 678 615
f 615 678 679
f 615 679 616
f 616 679 680
f 616 680 617
f 617 680 681
f 617 681 618
f 618 681 682
f 618 682 619
f 619 682 683
f 619 683 620
f 620 683 684
f 620 684 621
f 621 684 685
f 621 685 622
f 622 685 686
f 622 686 623
f 623 686 687
f 623 687 624
f 624 687 688
f 624 688 625
f 625 688 689
f 625 689 626
f 626 689 690
f 626 690 627
f 627 690 691
f 627 691 628
f 628 691 692
f 628 692 629
f 629 692 693
f 629 693 630
f 630 693 694
f 630 694 631
f 631 694 695
f 631 695 632
f 632 695 696
f 632 696 633
f 633 696 697
f 633 697 634
f 634 697 698
f 634 698 635
f 635 698 699
f 635 699 636
f 636 699 700
f 636 700 637
f 637 700 701
f 637 701 638
f 638 701 702
f 638 702 639
f 639 702 703
f 639 703 640
f 640 703 704
f 640 704 641
f 641 704 705
f 641 705 642
f 642 705 706
f 642 706 643
f 643 706 707
f 643 707 644
f 644 707 708
f 644 708 645
f 645 708 709
f 645 709 646
f 646 709 710
f 646 710 647
f 647 710 711
f 647 711 648
f 648 711 712
f 648 712 649
f 649 712 713
f 649 713 650
f 650 713 714
f 650 714 651
f 651 714 715
f 651 715 652
f 652 715 716
f 652 716 653
f 653 716 717
f 653 717 654
f 654 717 718
f 654 718 655
f 655 718 719
f 655 719 656
f 656 719 720
f 656 720 657
f 657 720 721
f 657 721 658
f 658 721 722
f 658 722 659
f 659 722 723
f 659 723 660
f 660 723 724
f 660 724 661
f 661 724 725
f 661 725 662
f 662 725 726
f 662 726 663
f 663 726 727
f 663 727 664
f 664 727 728
f 664 728 665
f 665 728 729
f 665 729 666
f 666 729 730
f 666 730 667
f 667 730 731
f 667 731 668
f 668 731 732
f 668 732 669
f 669 732 733
f 669 733 670
f 670 733 734
f 670 734 671
f 671 734 735
f 671 735 672
f 672 735 736
f 672 736 673
f 673 736 737
f 673 737 674
f 674 737 738
f 674 738 675
f 675 738 739
f 675 739 676
f 676 739 740
f 676 740 677
f 677 740 741
f 677 741 678
f 678 741 742
f 678 742 679
f 679 742 743
f 679 743 680
f 680 743 744
f 680 744 681
f 681 744 745
f 681 745 682
f 682 745 746
f 682 746 683
f 683 746 747
f 683 747 684
f 684 747 748
f 684 748 685
f 685 748 749
f 685 749 686
f 686 749 750
f 686 750 687
f 687 750 751
f 687 751 688
f 688 751 752
f 688 752 689
f 689 752 753
f 689 753 690
f 690 753 754
f 690 754 691
f 691 754 755
f 691 755 692
f 692 755 756
f 692 756 693
f 693 756 757
f 693 757 694
f 694 757 758
f 694 758 695
f 695 758 759
f 695 759 696
f 696 759 760
f 696 760 697
f 697 760 761
f 697 761 698
f 698 761 762
f 698 762 699
f 699 762 763
f 699 763 700
f 700 763 764
f 700 764 701
f 701 764 765
f 701 765 702
f 702 765 766
f 702 766 703
f 703 766 767
f 703 767 704
f 704 767 768
f 704 768 705
f 705 768 769
f 705 769 706
f 706 769 770
f 706 770 707
f 707 770 771
f 707 771 708
f 708 771 772
f 708 772 709
f 709 772 773
f 709 773 710
f 710 773 774
f 710 774 711
f 711 774 775
f 711 775 712
f 712 775 776
f 712 776 713
f 713 776 777
f 713 777 714
f 714 777 778
f 714 778 715
f 715 778 779
f 715 779 716
f 716 779 780
f 716 780 717
f 717 780 781
f 717 781 718
f 718 781 782
f 718 782 719
f 719 782 783
f 719 783 720
f 720 783 784
f 720 784 721
f 721 784 785
f 721 785 722
f 722 785 786
f 722 786 723
f 723 786 787
f 723 787 724
f 724 787 788
f 724 788 725
f 725 788 789
f 725 789 726
f 726 789 790
f 726 790 727
f 727 790 791
f 727 791 728
f 728 791 792
f 728 792 729
f 729 792 793
f 729 793 730
f 730 793 794
f 730 794 731
f 731 794 795
f 731 795 732
f 732 795 796
f 732 796 733
f 733 796 797
f 733 797 734
f 734 797 798
f 734 798 735
f 735 798 799
f 735 799 736
f 736 799 800
f 736 800 737
f 737 800 801
f 737 801 738
f 738 801 802
f 738 802 739
f 739 802 803
f 739 803 740
f 740 803 804
f 740 804 741
f 741 804 805
f 741 805 742
f 742 805 806
f 742 806 743
f 743 806 807
f 743 807 744
f 744 807 808
f 744 808 745
f 745 808 809
f 745 809 746
f 746 809 810
f 746 810 747
f 747 810 811
f 747 811 748
f 748 811 812
f 748 812 749
f 749 812 813
f 749 813 750
f 750 813 814
f 750 814 751
f 751 814 815
f 751 815 752
f 752 815 816
f 752 816 753
f 753 816 817
f 753 817 754
f 754 817 818
f 754 818 755
f 755 818 819
f 755 819 756
f 756 819 820
f 756 820 757
f 757 820 821
f 757 821 758
f 758 821 822
f 758 822 759
f 759 822 823
f 759 823 760
f 760 823 824
f 760 824 761
f 761 824 825
f 761 825 762
f 762 825 826
f 762 826 763
f 763 826 827
f 763 827 764
f 764 827 828
f 764 828 765
f 765 828 829
f 765 829 766
f 766 829 830
f 766 830 767
f 767 830 831
f 767 831 768
f 768 831 832
f 768 832 769
f 769 832 833
f 769 833 770
f 770 833 834
f 770 834 771
f 771 834 835
f 771 835 772
f 772 835 836
f 772 836 773
f 773 836 837
f 773 837 774
f 774 837 838
f 774 838 775
f 775 838 839
f 775 839 776
f 776 839 840
f 776 840 777
f 777 840 841
f 777 841 778
f 778 841 842
f 778 842 779
f 779 842 843
f 779 843 780
f 780 843 844
f 780 844 781
f 781 844 845
f 781 845 782
f 782 845 846
f 782 846 783
f 783 846 847
f 783 847 784
f 784 847 848
f 784 848 785
f 785 848 849
f 785 849 786
f 786 849 850
f 786 850 787
f 787 850 851
f 787 851 788
f 788 851 852
f 788 852 789
f 789 852 853
f 789 853 790
f 790 853 854
f 790 854 791
f 791 854 855
f 791 855 792
f 792 855 856
f 792 856 793
f 793 856 857
f 793 857 794
f 794 857 858
f 794 858 795
f 795 858 859
f 795 859 796
f 796 859 860
f 796 860 797
f 797 860 861
f 797 861 798
f 798 861 862
f 798 862 799
f 799 862 863
f 799 863 800
f 800 863 864
f 800 864 801
f 801 864 865
f 801 865 802
f 802 865 866
f 802 866 803
f 803 866 867
f 803 867 804
f 804 867 868
f 804 868 805
f 805 868 869
f 805 869 806
f 806 869 870
f 806 870 807
f 807 870 871
f 807 871 808
f 808 871 872
f 808 872 809
f 809 872 873
f 809 873 810
f 810 873 874
f 810 874 811
f 811 874 875
f 811 875 812
f 812 875 876
f 812 876 813
f 813 876 877
f 813 877 814
f 814 877 878
f 814 878 815
f 815 878 879
f 815 879 816
f 816 879 880
f 816 880 817
f 817 880 881
f 817 881 818
f 818 881 882
f 818 882 819
f 819 882 883
f 819 883 820
f 820 883 884
f 820 884 821
f 821 884 885
f 821 885 822
f 822 885 886
f 822 886 823
f 823 886 887
f 823 887 824
f 824 887 888
f 824 888 825
f 825 888 889
f 825 889 826
f 826 889 890
f 826 890 827
f 827 890 891
f 827 891 828
f 828 891 892
f 828 892 829
f 829 892 893
f 829 893 830
f 830 893 894
f 830 894 831
f 831 894 895
f 831 895 832
f 832 895 896
f 832 896 833
f 833 896 897
f 833 897 834
f 834 897 898
f 834 898 835
f 835 898 899
f 835 899 836
f 836 899 900
f 836 900 837
f 837 900 901
f 837 901 838
f 838 901 902
f 838 902 839
f 839 902 903
f 839 903 840
f 840 903 904
f 840 904 841
f 841 904 905
f 841 905 842
f 842 905 906
f 842 906 843
f 843 906 907
f 843 907 844
f 844 907 908
f 844 908 845
f 845 908 909
f 845 909 846
f 846 909 910
f 846 910 847
f 847 910 911
f 847 911 848
f 848 911 912
f 848 912 849
f 849 912 913
f 849 913 850
f 850 913 914
f 850 914 851
f 851 914 915
f 851 915 852
f 852 915 916
f 852 916 853
f 853 916 917
f 853 917 854
f 854 917 918
f 854 918 855
f 855 918 919
f 855 919 856
f 856 919 920
f 856 920 857
f 857 920 921
f 857 921 858
f 858 921 922
f 858 922 859
f 859 922 923
f 859 923 860
f 860 923 924
f 860 924 861
f 861 924 925
f 861 925 862
f 862 925 926
f 862 926 863
f 863 926 927
f 863 927 864
f 864 927 928
f 864 928 865
f 865 928 929
f 865 929 866
f 866 929 930
f 866 930 867
f 867 930 931
f 867 931 868
f 868 931 932
f 868 932 869
f 869 932 933
f 869 933 870
f 870 933 934
f 870 934 871
f 871 934 935
f 871 935 872
f 872 935 936
f 872 936 873
f 873 936 937
f 873 937 874
f 874 937 938
f 874 938 875
f 875 938 939
f 875 939 876
f 876 939 940
f 876 940 877
f 877 940 941
f 877 941 878
f 878 941 942
f 878 942 879
f 879 942 943
f 879 943 880
f 880 943 944
f 880 944 881
f 881 944 945
f 881 945 882
f 882 945 946
f 882 946 883
f 883 946 947
f 883 947 884
f 884 947 948
f 884 948 885
f 885 948 949
f 885 949 886
f 886 949 950
f 886 950 887
f 887 950 951
f 887 951 888
f 888 951 952
f 888 952 889
f 889 952 953
f 889 953 890
f 890 953 954
f 890 954 891
f 891 954 955
f 891 955 892
f 892 955 956
f 892 956 893
f 893 956 957
f 893 957 894
f 894 957 958
f 894 958 895
f 895 958 959
f 895 959 896
f 896 959 960
f 896 960 897
f 897 960 961
f 897 961 898
f 898 961 962
f 898 962 899
f 899 962 963
f 899 963 900
f 900 963 964
f 900 964 901
f 901 964 965
f 901 965 902
f 902 965 966
f 902 966 903
f 903 966 967
f 903 967 904
f 904 967 968
f 904 968 905
f 905 968 969
f 905 969 906
f 906 969 970
f 906 970 907
f 907 970 971
f 907 971 908
f 908 971 972
f 908 972 909
f 909 972 973
f 909 973 910
f 910 973 974
f 910 974 911
f 911 974 975
f 911 975 912
f 912 975 976
f 912 976 913
f 913 976 977
f 913 977 914
f 914 977 978
f 914 978 915
f 915 978 979
f 915 979 916
f 916 979 980
f 916 980 917
f 917 980 981
f 917 981 918
f 918 981 982
f 918 982 919
f 919 982 983
f 919 983 920
f 920 983 984
f 920 984 921
f 921 984 985
f 921 985 922
f 922 985 986
f 922 986 923
f 923 986 987
f 923 987 924
f 924 987 988
f 924 988 925
f 925 988 989
f 925 989 926
f 926 989 990
f 926 990 927
f 927 990 991
f 927 991 928
f 928 991 992
f 928 992 929
f 929 992 993
f 929 993 930
f 930 993 994
f 930 994 931
f 931 994 995
f 931 995 932
f 932 995 996
f 932 996 933
f 933 996 997
f 933 997 934
f 934 997 998
f 934 998 935
f 935 998 999
f 935 999 936
f 936 999 1000
f 936 1000 937
f 937 1000 1001
f 937 1001 938
f 938 1001 1002
f 938 1002 939
f 939 1002 1003
f 939 1003 940
f 940 1003 1004
f 940 1004 941
f 941 1004 1005
f 941 1005 942
f 942 1005 1006
f 942 1006 943
f 943 1006 1007
f 943 1007 944
f 944 1007 1008
f 944 1008 945
f 945 1008 1009
f 945 1009 946
f 946 1009 1010
f 946 1010 947
f 947 1010 1011
f 947 1011 948
f 948 1011 1012
f 948 1012 949
f 949 1012 1013
f 949 1013 950
f 950 1013 1014
f 950 1014 951
f 951 1014 1015
f 951 1015 952
f 952 1015 1016
f 952 1016 953
f 953 1016 1017
f 953 1017 954
f 954 1017 1018
f 954 1018 955
f 955 1018 1019
f 955 1019 956
f 956 1019 1020
f 956 1020 957
f 957 1020 1021
f 957 1021 958
f 958 1021 1022
f 958 1022 959
f 959 1022 1023
f 959 1023 960
f 960 1023 1024
f 960 1024 961
f 961 1024 1025
f 961 1025 962
f 962 1025 1026
f 962 1026 963
f 963 1026 1027
f 963 1027 964
f 964 1027 1028
f 964 1028 965
f 965 1028 1029
f 965 1029 966
f 966 1029 1030
f 966 1030 967
f 967 1030 1031
f 967 1031 968
f 968 1031 1032
f 968 1032 969
f 969 1032 1033
f 969 1033 970
f 970 1033 1034
f 970 1034 971
f 971 1034 1035
f 971 1035 972
f 972 1035 1036
f 972 1036 973
f 973 1036 1037
f 973 1037 974
f 974 1037 1038
f 974 1038 975
f 975 1038 1039
f 975 1039 976
f 976 1039 1040
f 976 1040 977
f 977 1040 1041
f 977 1041 978
f 978 1041 1042
f 978 1042 979
f 979 1042 1043
f 979 1043 980
f 980 1043 1044
f 980 1044 981
f 981 1044 1045
f 981 1045 982
f 982 1045 1046
f 982 1046 983
f 983 1046 1047
f 983 1047 984
f 984 1047 1048
f 984 1048 985
f 985 1048 1049
f 985 1049 986
f 986 1049 1050
f 986 1050 987
f 987 1050 1051
f 987 1051 988
f 988 1051 1052
f 988 1052 989
f 989 1052 1053
f 989 1053 990
f 990 1053 1054
f 990 1054 991
f 991 1054 1055
f 991 1055 992
f 992 1055 1056
f 992 1056 993
f 993 1056 1057
f 993 1057 994
f 994 1057 1058
f 994 1058 995
f 995 1058 1059
f 995 1059 996
f 996 1059 1060
f 996 1060 997
f 997 1060 1061
f 997 1061 998
f 998 1061 1062
f 998 1062 999
f 999 1062 1063
f 999 1063 1000
f 1000 1063 1064
f 1000 1064 1001
f 1001 1064 1065
f 1001 1065 1002
f 1002 1065 1066
f 1002 1066 1003
f 1003 1066 1067
f 1003 1067 1004
f 1004 1067 1068
f 1004 1068 1005
f 1005 1068 1069
f 1005 1069 1006
f 1006 1069 1070
f 1006 1070 1007
f 1007 1070 1071
f 1007 1071 1008
f 1008 1071 1072
f 1008 1072 1009
f 1009 1072 1073
f 1009 1073 1010
f 1010 1073 1074
f 1010 1074 1011
f 1011 1074 1075
f 1011 1075 1012
f 1012 1075 1076
f 1012 1076 1013
f 1013 1076 1077
f 1013 1077 1014
f 1014 1077 1078
f 1014 1078 1015
f 1015 1078 1079
f 1015 1079 1016
f 1016 1079 1080
f 1016 1080 1017
f 1017 1080 1081
f 1017 1081 1018
f 1018 1081 1082
f 1018 1082 1019
f 1019 1082 1083
f 1019 1083 1020
f 1020 1083 1084
f 1020 1084 1021
f 1021 1084 1085
f 1021 1085 1022
f 1022 1085 1086
f 1022 1086 1023
f 1023 1086 1087
f 1023 1087 1024
f 1024 1087 1088
f 1024 1088 1025
f 1025 1088 1089
f 1025 1089 1026
f 1026 1089 1090
f 1026 1090 1027
f 1027 1090 1091
f 1027 1091 1028
f 1028 1091 1092
f 1028 1092 1029
f 1029 1092 1093
f 1029 1093 1030
f 1030 1093 1094
f 1030 1094 1031
f 1031 1094 1095
f 1031 1095 1032
f 1032 1095 1096
f 1032 1096 1033
f 1033 1096 1097
f 1033 1097 1034
f 1034 1097 1098
f 1034 1098 1035
f 1035 1098 1099
f 1035 1099 1036
f 1036 1099 1100
f 1036 1100 1037
f 1037 1100 1101
f 1037 1101 1038
f 1038 1101 1102
f 1038 1102 1039
f 1039 1102 1103
f 1039 1103 1040
f 1040 1103 1104
f 1040 1104 1041
f 1041 1104 1105
f 1041 1105 1042
f 1042 1105 1106
f 1042 1106 1043
f 1043 1106 1107
f 1043 1107 1044
f 1044 1107 1108
f 1044 1108 1045
f 1045 1108 1109
f 1045 1109 1046
f 1046 1109 1110
f 1046 1110 1047
f 1047 1110 1111
f 1047 1111 1048
f 1048 1111 1112
f 1048 1112 1049
f 1049 1112 1113
f 1049 1113 1050
f 1050 1113 1114
f 1050 1114 1051
f 1051 1114 1115
f 1051 1115 1052
f 1052 1115 1116
f 1052 1116 1053
f 1053 1116 1117
f 1053 1117 1054
f 1054 1117 1118
f 1054 1118 1055
f 1055 1118 1119
f 1055 1119 1056
f 1056 1119 1120
f 1056 1120 1057
f 1057 1120 1121
f 1057 1121 1058
f 1058 1121 1122
f 1058 1122 1059
f 1059 1122 1123
f 1059 1123 1060
f 1060 1123 1124
f 1060 1124 1061
f 1061 1124 1125
f 1061 1125 1062
f 1062 1125 1126
f 1062 1126 1063
f 1063 1126 1127
f 1063 1127 1064
f 1064 1127 1128
f 1064 1128 1065
f 1065 1128 1129
f 1065 1129 1066
f 1066 1129 1130
f 1066 1130 1067
f 1067 1130 1131
f 1067 1131 1068
f 1068 1131 1132
f 1068 1132 1069
f 1069 1132 1133
f 1069 1133 1070
f 1070 1133 1134
f 1070 1134 1071
f 1071 1134 1135
f 1071 1135 1072
f 1072 1135 1136
f 1072 1136 1073
f 1073 1136 1137
f 1073 1137 1074
f 1074 1137 1138
f 1074 1138 1075
f 1075 1138 1139
f 1075 1139 1076
f 1076 1139 1140
f 1076 1140 1077
f 1077 1140 1141
f 1077 1141 1078
f 1078 1141 1142
f 1078 1142 1079
f 1079 1142 1143
f 1079 1143 1080
f 1080 1143 1144
f 1080 1144 1081
f 1081 1144 1145
f 1081 1145 1082
f 1082 1145 1146
f 1082 1146 1083
f 1083 1146 1147
f 1083 1147 1084
f 1084 1147 1148
f 1084 1148 1085
f 1085 1148 1149
f 1085 1149 1086
f 1086 1149 1150
f 1086 1150 1087
f 1087 1150 1151
f 1087 1151 1088
f 1088 1151 1152
f 1088 1152 1089
f 1089 1152 1153
f 1089 1153 1090
f 1090 1153 1154
f 1090 1154 1091
f 1091 1154 1155
f 1091 1155 1092
f 1092 1155 1156
f 1092 1156 1093
f 1093 1156 1157
f 1093 1157 1094
f 1094 1157 1158
f 1094 1158 1095
f 1095 1158 1159
f 1095 1159 1096
f 1096 1159 1160
f 1096 1160 1097
f 1097 1160 1161
f 1097 1161 1098
f 1098 1161 1162
f 1098 1162 1099
f 1099 1162 1163
f 1099 1163 1100
f 1100 1163 1164
f 1100 1164 1101
f 1101 1164 1165
f 1101 1165 1102
f 1102 1165 1166
f 1102 1166 1103
f 1103 1166 1167
f 1103 1167 1104
f 1104 1167 1168
f 1104 1168 1105
f 1105 1168 1169
f 1105 1169 1106
f 1106 1169 1170
f 1106 1170 1107
f 1107 1170 1171
f 1107 1171 1108
f 1108 1171 1172
f 1108 1172 1109
f 1109 1172 1173
f 1109 1173 1110
f 1110 1173 1174
f 1110 1174 1111
f 1111 1174 1175
f 1111 1175 1112
f 1112 1175 1176
f 1112 1176 1113
f 1113 1176 1177
f 1113 1177 1114
f 1114 1177 1178
f 1114 1178 1115
f 1115 1178 1179
f 1115 1179 1116
f 1116 1179 1180
f 1116 1180 1117
f 1117 1180 1181
f 1117 1181 1118
f 1118 1181 1182
f 1118 1182 1119
f 1119 1182 1183
f 1119 1183 1120
f 1120 1183 1184
f 1120 1184 1121
f 1121 1184 1185
f 1121 1185 1122
f 1122 1185 1186
f 1122 1186 1123
f 1123 1186 1187
f 1123 1187 1124
f 1124 1187 1188
f 1124 1188 1125
f 1125 1188 1189
f 1125 1189 1126
f 1126 1189 1190
f 1126 1190 1127
f 1127 1190 1191
f 1127 1191 1128
f 1128 1191 1192
f 1128 1192 1129
f 1129 1192 1193
f 1129 1193 1130
f 1130 1193 1194
f 1130 1194 1131
f 1131 1194 1195
f 1131 1195 1132
f 1132 1195 1196
f 1132 1196 1133
f 1133 1196 1197
f 1133 1197 1134
f 1134 1197 1198
f 1134 1198 1135
f 1135 1198 1199
f 1135 1199 1136
f 1136 1199 1200
f 1136 1200 1137
f 1137 1200 1201
f 1137 1201 1138
f 1138 1201 1202
f 1138 1202 1139
f 1139 1202 1203
f 1139 1203 1140
f 1140 1203 1204
f 1140 1204 1141
f 1141 1204 1205
f 1141 1205 1142
f 1142 1205 1206
f 1142 1206 1143
f 1143 1206 1207
f 1143 1207 1144
f 1144 1207 1208
f 1144 1208 1145
f 1145 1208 1209
f 1145 1209 1146
f 1146 1209 1210
f 1146 1210 1147
f 1147 1210 1211
f 1147 1211 1148
f 1148 1211 1212
f 1148 1212 1149
f 1149 1212 1213
f 1149 1213 1150
f 1150 1213 1214
f 1150 1214 1151
f 1151 1214 1215
f 1151 1215 1152
f 1152 1215 1216
f 1152 1216 1153
f 1153 1216 1217
f 1153 1217 1154
f 1154 1217 1218
f 1154 1218 1155
f 1155 1218 1219
f 1155 1219 1156
f 1156 1219 1220
f 1156 1220 1157
f 1157 1220 1221
f 1157 1221 1158
f 1158 1221 1222
f 1158 1222 1159
f 1159 1222 1223
f 1159 1223 1160
f 1160 1223 1224
f 1160 1224 1161
f 1161 1224 1225
f 1161 1225 1162
f 1162 1225 1226
f 1162 1226 1163
f 1163 1226 1227
f 1163 1227 1164
f 1164 1227 1228
f 1164 1228 1165
f 1165 1228 1229
f 1165 1229 1166
f 1166 1229 1230
f 1166 1230 1167
f 1167 1230 1231
f 1167 1231 1168
f 1168 1231 1232
f 1168 1232 1169
f 1169 1232 1233
f 1169 1233 1170
f 1170 1233 1234
f 1170 1234 1171
f 1171 1234 1235
f 1171 1235 1172
f 1172 1235 1236
f 1172 1236 1173
f 1173 1236 1237
f 1173 1237 1174
f 1174 1237 1238
f 1174 1238 1175
f 1175 1238 1239
f 1175 1239 1176
f 1176 1239 1240
f 1176 1240 1177
f 1177 1240 1241
f 1177 1241 1178
f 1178 1241 1242
f 1178 1242 1179
f 1179 1242 1243
f 1179 1243 1180
f 1180 1243 1244
f 1180 1244 1181
f 1181 1244 1245
f 1181 1245 1182
f 1182 1245 1246
f 1182 1246 1183
f 1183 1246 1247
f 1183 1247 1184
f 1184 1247 1248
f 1184 1248 1185
f 1185 1248 1249
f 1185 1249 1186
f 1186 1249 1250
f 1186 1250 1187
f 1187 1250 1251
f 1187 1251 1188
f 1188 1251 1252
f 1188 1252 1189
f 1189 1252 1253
f 1189 1253 1190
f 1190 1253 1254
f 1190 1254 1191
f 1191 1254 1255
f 1191 1255 1192
f 1192 1255 1256
f 1192 1256 1193
f 1193 1256 1257
f 1193 1257 1194
f 1194 1257 1258
f 1194 1258 1195
f 1195 1258 1259
f 1195 1259 1196
f 1196 1259 1260
f 1196 1260 1197
f 1197 1260 1261
f 1197 1261 1198
f 1198 1261 1262
f 1198 1262 1199
f 1199 1262 1263
f 1199 1263 1200
f 1200 1263 1264
f 1200 1264 1201
f 1201 1264 1265
f 1201 1265 1202
f 1202 1265 1266
f 1202 1266 1203
f 1203 1266 1267
f 1203 1267 1204
f 1204 1267 1268
f 1204 1268 1205
f 1205 1268 1269
f 1205 1269 1206
f 1206 1269 1270
f 1206 1270 1207
f 1207 1270 1271
f 1207 1271 1208
f 1208 1271 1272
f 1208 1272 1209
f 1209 1272 1273
f 1209 1273 1210
f 1210 1273 1274
f 1210 1274 1211
f 1211 1274 1275
f 1211 1275 1212
f 1212 1275 1276
f 1212 1276 1213
f 1213 1276 1277
f 1213 1277 1214
f 1214 1277 1278
f 1214 1278 1215
f 1215 1278 1279
f 1215 1279 1216
f 1216 1279 1280
f 1216 1280 1217
f 1217 1280 1281
f 1217 1281 1218
f 1218 1281 1282
f 1218 1282 1219
f 1219 1282 1283
f 1219 1283 1220
f 1220 1283 1284
f 1220 1284 1221
f 1221 1284 1285
f 1221 1285 1222
f 1222 1285 1286
f 1222 1286 1223
f 1223 1286 1287
f 1223 1287 1224
f 1224 1287 1288
f 1224 1288 1225
f 1225 1288 1289
f 1225 1289 1226
f 1226 1289 1290
f 1226 1290 1227
f 1227 1290 1291
f 1227 1291 1228
f 1228 1291 1292
f 1228 1292 1229
f 1229 1292 1293
f 1229 1293 1230
f 1230 1293 1294
f 1230 1294 1231
f 1231 1294 1295
f 1231 1295 1232
f 1232 1295 1296
f 1232 1296 1233
f 1233 1296 1297
f 1233 1297 1234
f 1234 1297 1298
f 1234 1298 1235
f 1235 1298 1299
f 1235 1299 1236
f 1236 1299 1300
f 1236 1300 1237
f 1237 1300 1301
f 1237 1301 1238
f 1238 1301 1302
f 1238 1302 1239
f 1239 1302 1303
f 1239 1303 1240
f 1240 1303 1304
f 1240 1304 1241
f 1241 1304 1305
f 1241 1305 1242
f 1242 1305 1306
f 1242 1306 1243
f 1243 1306 1307
f 1243 1307 1244
f 1244 1307 1308
f 1244 1308 1245
f 1245 1308 1309
f 1245 1309 1246
f 1246 1309 1310
f 1246 1310 1247
f 1247 1310 1311
f 1247 1311 1248
f 1248 1311 1312
f 1248 1312 1249
f 1249 1312 1313
f 1249 1313 1250
f 1250 1313 1314
f 1250 1314 1251
f 1251 1314 1315
f 1251 1315 1252
f 1252 1315 1316
f 1252 1316 1253
f 1253 1316 1317
f 1253 1317 1254
f 1254 1317 1318
f 1254 1318 1255
f 1255 1318 1319
f 1255 1319 1256
f 1256 1319 1320
f 1256 1320 1257
f 1257 1320 1321
f 1257 1321 1258
f 1258 1321 1322
f 1258 1322 1259
f 1259 1322 1323
f 1259 1323 1260
f 1260 1323 1324
f 1260 1324 1261
f 1261 1324 1325
f 1261 1325 1262
f 1262 1325 1326
f 1262 1326 1263
f 1263 1326 1327
f 1263 1327 1264
f 1264 1327 1328
f 1264 1328 1265
f 1265 1328 1329
f 1265 1329 1266
f 1266 1329 1330
f 1266 1330 1267
f 1267 1330 1331
f 1267 1331 1268
f 1268 1331 1332
f 1268 1332 1269
f 1269 1332 1333
f 1269 1333 1270
f 1270 1333 1334
f 1270 1334 1271
f 1271 1334 1335
f 1271 1335 1272
f 1272 1335 1336
f 1272 1336 1273
f 1273 1336 1337
f 1273 1337 1274
f 1274 1337 1338
f 1274 1338 1275
f 1275 1338 1339
f 1275 1339 1276
f 1276 1339 1340
f 1276 1340 1277
f 1277 1340 1341
f 1277 1341 1278
f 1278 1341 1342
f 1278 1342 1279
f 1279 1342 1343
f 1279 1343 1280
f 1280 1343 1344
f 1280 1344 1281
f 1281 1344 1345
f 1281 1345 1282
f 1282 1345 1346
f 1282 1346 1283
f 1283 1346 1347
f 1283 1347 1284
f 1284 1347 1348
f 1284 1348 1285
f 1285 1348 1349
f 1285 1349 1286
f 1286 1349 1350
f 1286 1350 1287
f 1287 1350 1351
f 1287 1351 1288
f 1288 1351 1352
f 1288 1352 1289
f 1289 1352 1353
f 1289 1353 1290
f 1290 1353 1354
f 1290 1354 1291
f 1291 1354 1355
f 1291 1355 1292
f 1292 1355 1356
f 1292 1356 1293
f 1293 1356 1357
f 1293 1357 1294
f 1294 1357 1358
f 1294 1358 1295
f 1295 1358 1359
f 1295 1359 1296
f 1296 1359 1360
f 1296 1360 1297
f 1297 1360 1361
f 1297 1361 1298
f 1298 1361 1362
f 1298 1362 1299
f 1299 1362 1363
f 1299 1363 1300
f 1300 1363 1364
f 1300 1364 1301
f 1301 1364 1365
f 1301 1365 1302
f 1302 1365 1366
f 1302 1366 1303
f 1303 1366 1367
f 1303 1367 1304
f 1304 1367 1368
f 1304 1368 1305
f 1305 1368 1369
f 1305 1369 1306
f 1306 1369 1370
f 1306 1370 1307
f 1307 1370 1371
f 1307 1371 1308
f 1308 1371 1372
f 1308 1372 1309
f 1309 1372 1373
f 1309 1373 1310
f 1310 1373 1374
f 1310 1374 1311
f 1311 1374 1375
f 1311 1375 1312
f 1312 1375 1376
f 1312 1376 1313
f 1313 1376 1377
f 1313 1377 1314
f 1314 1377 1378
f 1314 1378 1315
f 1315 1378 1379
f 1315 1379 1316
f 1316 1379 1380
f 1316 1380 1317
f 1317 1380 1381
f 1317 1381 1318
f 1318 1381 1382
f 1318 1382 1319
f 1319 1382 1383
f 1319 1383 1320
f 1320 1383 1384
f 1320 1384 1321
f 1321 1384 1385
f 1321 1385 1322
f 1322 1385 1386
f 1322 1386 1323
f 1323 1386 1387
f 1323 1387 1324
f 1324 1387 1388
f 1324 1388 1325
f 1325 1388 1389
f 1325 1389 1326
f 1326 1389 1390
f 1326 1390 1327
f 1327 1390 1391
f 1327 1391 1328
f 1328 1391 1392
f 1328 1392 1329
f 1329 1392 1393
f 1329 1393 1330
f 1330 1393 1394
f 1330 1394 1331
f 1331 1394 1395
f 1331 1395 1332
f 1332 1395 1396
f 1332 1396 1333
f 1333 1396 1397
f 1333 1397 1334
f 1334 1397 1398
f 1334 1398 1335
f 1335 1398 1399
f 1335 1399 1336
f 1336 1399 1400
f 1336 1400 1337
f 1337 1400 1401
f 1337 1401 1338
f 1338 1401 1402
f 1338 1402 1339
f 1339 1402 1403
f 1339 1403 1340
f 1340 1403 1404
f 1340 1404 1341
f 1341 1404 1405
f 1341 1405 1342
f 1342 1405 1406
f 1342 1406 1343
f 1343 1406 1407
f 1343 1407 1344
f 1344 1407 1408
f 1344 1408 1345
f 1345 1408 1409
f 1345 1409 1346
f 1346 1409 1410
f 1346 1410 1347
f 1347 1410 1411
f 1347 1411 1348
f 1348 1411 1412
f 1348 1412 1349
f 1349 1412 1413
f 1349 1413 1350
f 1350 1413 1414
f 1350 1414 1351
f 1351 1414 1415
f 1351 1415 1352
f 1352 1415 1416
f 1352 1416 1353
f 1353 1416 1417
f 1353 1417 1354
f 1354 1417 1418
f 1354 1418 1355
f 1355 1418 1419
f 1355 1419 1356
f 1356 1419 1420
f 1356 1420 1357
f 1357 1420 1421
f 1357 1421 1358
f 1358 1421 1422
f 1358 1422 1359
f 1359 1422 1423
f 1359 1423 1360
f 1360 1423 1424
f 1360 1424 1361
f 1361 1424 1425
f 1361 1425 1362
f 1362 1425 1426
f 1362 1426 1363
f 1363 1426 1427
f 1363 1427 1364
f 1364 1427 1428
f 1364 1428 1365
f 1365 1428 1429
f 1365 1429 1366
f 1366 1429 1430
f 1366 1430 1367
f 1367 1430 1431
f 1367 1431 1368
f 1368 1431 1432
f 1368 1432 1369
f 1369 1432 1433
f 1369 1433 1370
f 1370 1433 1434
f 1370 1434 1371
f 1371 1434 1435
f 1371 1435 1372
f 1372 1435 1436
f 1372 1436 1373
f 1373 1436 1437
f 1373 1437 1374
f 1374 1437 1438
f 1374 1438 1375
f 1375 1438 1439
f 1375 1439 1376
f 1376 1439 1440
f 1376 1440 1377
f 1377 1440 1441
f 1377 1441 1378
f 1378 1441 1442
f 1378 1442 1379
f 1379 1442 1443
f 1379 1443 1380
f 1380 1443 1444
f 1380 1444 1381
f 1381 1444 1445
f 1381 1445 1382
f 1382 1445 1446
f 1382 1446 1383
f 1383 1446 1447
f 1383 1447 1384
f 1384 1447 1448
f 1384 1448 1385
f 1385 1448 1449
f 1385 1449 1386
f 1386 1449 1450
f 1386 1450 1387
f 1387 1450 1451
f 1387 1451 1388
f 1388 1451 1452
f 1388 1452 1389
f 1389 1452 1453
f 1389 1453 1390
f 1390 1453 1454
f 1390 1454 1391
f 1391 1454 1455
f 1391 1455 1392
f 1392 1455 1456
f 1392 1456 1393
f 1393 1456 1457
f 1393 1457 1394
f 1394 1457 1458
f 1394 1458 1395
f 1395 1458 1459
f 1395 1459 1396
f 1396 1459 1460
f 1396 1460 1397
f 1397 1460 1461
f 1397 1461 1398
f 1398 1461 1462
f 1398 1462 1399
f 1399 1462 1463
f 1399 1463 1400
f 1400 1463 1464
f 1400 1464 1401
f 1401 1464 1465
f 1401 1465 1402
f 1402 1465 1466
f 1402 1466 1403
f 1403 1466 1467
f 1403 1467 1404
f 1404 1467 1468
f 1404 1468 1405
f 1405 1468 1469
f 1405 1469 1406
f 1406 1469 1470
f 1406 1470 1407
f 1407 1470 1471
f 1407 1471 1408
f 1408 1471 1472
f 1408 1472 1409
f 1409 1472 1473
f 1409 1473 1410
f 1410 1473 1474
f 1410 1474 1411
f 1411 1474 1475
f 1411 1475 1412
f 1412 1475 1476
f 1412 1476 1413
f 1413 1476 1477
f 1413 1477 1414
f 1414 1477 1478
f 1414 1478 1415
f 1415 1478 1479
f 1415 1479 1416
f 1416 1479 1480
f 1416 1480 1417
f 1417 1480 1481
f 1417 1481 1418
f 1418 1481 1482
f 1418 1482 1419
f 1419 1482 1483
f 1419 1483 1420
f 1420 1483 1484
f 1420 1484 1421
f 1421 1484 1485
f 1421 1485 1422
f 1422 1485 1486
f 1422 1486 1423
f 1423 1486 1487
f 1423 1487 1424
f 1424 1487 1488
f 1424 1488 1425
f 1425 1488 1489
f 1425 1489 1426
f 1426 1489 1490
f 1426 1490 1427
f 1427 1490 1491
f 1427 1491 1428
f 1428 1491 1492
f 1428 1492 1429
f 1429 1492 1493
f 1429 1493 1430
f 1430 1493 1494
f 1430 1494 1431
f 1431 1494 1495
f 1431 1495 1432
f 1432 1495 1496
f 1432 1496 1433
f 1433 1496 1497
f 1433 1497 1434
f 1434 1497 1498
f 1434 1498 1435
f 1435 1498 1499
f 1435 1499 1436
f 1436 1499 1500
f 1436 1500 1437
f 1437 1500 1501
f 1437 1501 1438
f 1438 1501 1502
f 1438 1502 1439
f 1439 1502 1503
f 1439 1503 1440
f 1440 1503 1504
f 1440 1504 1441
f 1441 1504 1505
f 1441 1505 1442
f 1442 1505 1506
f 1442 1506 1443
f 1443 1506 1507
f 1443 1507 1444
f 1444 1507 1508
f 1444 1508 1445
f 1445 1508 1509
f 1445 1509 1446
f 1446 1509 1510
f 1446 1510 1447
f 1447 1510 1511
f 1447 1511 1448
f 1448 1511 1512
f 1448 1512 1449
f 1449 1512 1513
f 1449 1513 1450
f 1450 1513 1514
f 1450 1514 1451
f 1451 1514 1515
f 1451 1515 1452
f 1452 1515 1516
f 1452 1516 1453
f 1453 1516 1517
f 1453 1517 1454
f 1454 1517 1518
f 1454 1518 1455
f 1455 1518 1519
f 1455 1519 1456
f 1456 1519 1520
f 1456 1520 1457
f 1457 1520 1521
f 1457 1521 1458
f 1458 1521 1522
f 1458 1522 1459
f 1459 1522 1523
f 1459 1523 1460
f 1460 1523 1524
f 1460 1524 1461
f 1461 1524 1525
f 1461 1525 1462
f 1462 1525 1526
f 1462 1526 1463
f 1463 1526 1527
f 1463 1527 1464
f 1464 1527 1528
f 1464 1528 1465
f 1465 1528 1529
f 1465 1529 1466
f 1466 1529 1530
f 1466 1530 1467
f 1467 1530 1531
f 1467 1531 1468
f 1468 1531 1532
f 1468 1532 1469
f 1469 1532 1533
f 1469 1533 1470
f 1470 1533 1534
f 1470 1534 1471
f 1471 1534 1535
f 1471 1535 1472
f 1472 1535 1536
f 1472 1536 1473
f 1473 1536 1537
f 1473 1537 1474
f 1474 1537 1538
f 1474 1538 1475
f 1475 1538 1539
f 1475 1539 1476
f 1476 1539 1540
f 1476 1540 1477
f 1477 1540 1541
f 1477 1541 1478
f 1478 1541 1542
f 1478 1542 1479
f 1479 1542 1543
f 1479 1543 1480
f 1480 1543 1544
f 1480 1544 1481
f 1481 1544 1545
f 1481 1545 1482
f 1482 1545 1546
f 1482 1546 1483
f 1483 1546 1547
f 1483 1547 1484
f 1484 1547 1548
f 1484 1548 1485
f 1485 1548 1549
f 1485 1549 1486
f 1486 1549 1550
f 1486 1550 1487
f 1487 1550 1551
f 1487 1551 1488
f 1488 1551 1552
f 1488 1552 1489
f 1489 1552 1553
f 1489 1553 1490
f 1490 1553 1554
f 1490 1554 1491
f 1491 1554 1555
f 1491 1555 1492
f 1492 1555 1556
f 1492 1556 1493
f 1493 1556 1557
f 1493 1557 1494
f 1494 1557 1558
f 1494 1558 1495
f 1495 1558 1559
f 1495 1559 1496
f 1496 1559 1560
f 1496 1560 1497
f 1497 1560 1561
f 1497 1561 1498
f 1498 1561 1562
f 1498 1562 1499
f 1499 1562 1563
f 1499 1563 1500
f 1500 1563 1564
f 1500 1564 1501
f 1501 1564 1565
f 1501 1565 1502
f 1502 1565 1566
f 1502 1566 1503
f 1503 1566 1567
f 1503 1567 1504
f 1504 1567 1568
f 1504 1568 1505
f 1505 1568 1569
f 1505 1569 1506
f 1506 1569 1570
f 1506 1570 1507
f 1507 1570 1571
f 1507 1571 1508
f 1508 1571 1572
f 1508 1572 1509
f 1509 1572 1573
f 1509 1573 1510
f 1510 1573 1574
f 1510 1574 1511
f 1511 1574 1575
f 1511 1575 1512
f 1512 1575 1576
f 1512 1576 1513
f 1513 1576 1577
f 1513 1577 1514
f 1514 1577 1578
f 1514 1578 1515
f 1515 1578 1579
f 1515 1579 1516
f 1516 1579 1580
f 1516 1580 1517
f 1517 1580 1581
f 1517 1581 1518
f 1518 1581 1582
f 1518 1582 1519
f 1519 1582 1583
f 1519 1583 1520
f 1520 1583 1584
f 1520 1584 1521
f 1521 1584 1585
f 1521 1585 1522
f 1522 1585 1586
f 1522 1586 1523
f 1523 1586 1587
f 1523 1587 1524
f 1524 1587 1588
f 1524 1588 1525
f 1525 1588 1589
f 1525 1589 1526
f 1526 1589 1590
f 1526 1590 1527
f 1527 1590 1591
f 1527 1591 1528
f 1528 1591 1592
f 1528 1592 1529
f 1529 1592 1593
f 1529 1593 1530
f 1530 1593 1594
f 1530 1594 1531
f 1531 1594 1595
f 1531 1595 1532
f 1532 1595 1596
f 1532 1596 1533
f 1533 1596 1597
f 1533 1597 1534
f 1534 1597 1598
f 1534 1598 1535
f 1535 1598 1599
f 1535 1599 1536
f 1536 1599 1600
f 1536 1600 1537
f 1537 1600 1601
f 1537 1601 1538
f 1538 1601 1602
f 1538 1602 1539
f 1539 1602 1603
f 1539 1603 1540
f 1540 1603 1604
f 1540 1604 1541
f 1541 1604 1605
f 1541 1605 1542
f 1542 1605 1606
f 1542 1606 1543
f 1543 1606 1607
f 1543 1607 1544
f 1544 1607 1608
f 1544 1608 1545
f 1545 1608 1609
f 1545 1609 1546
f 1546 1609 1610
f 1546 1610 1547
f 1547 1610 1611
f 1547 1611 1548
f 1548 1611 1612
f 1548 1612 1549
f 1549 1612 1613
f 1549 1613 1550
f 1550 1613 1614
f 1550 1614 1551
f 1551 1614 1615
f 1551 1615 1552
f 1552 1615 1616
f 1552 1616 1553
f 1553 1616 1617
f 1553 1617 1554
f 1554 1617 1618
f 1554 1618 1555
f 1555 1618 1619
f 1555 1619 1556
f 1556 1619 1620
f 1556 1620 1557
f 1557 1620 1621
f 1557 1621 1558
f 1558 1621 1622
f 1558 1622 1559
f 1559 1622 1623
f 1559 1623 1560
f 1560 1623 1624
f 1560 1624 1561
f 1561 1624 1625
f 1561 1625 1562
f 1562 1625 1626
f 1562 1626 1563
f 1563 1626 1627
f 1563 1627 1564
f 1564 1627 1628
f 1564 1628 1565
f 1565 1628 1629
f 1565 1629 1566
f 1566 1629 1630
f 1566 1630 1567
f 1567 1630 1631
f 1567 1631 1568
f 1568 1631 1632
f 1568 1632 1569
f 1569 1632 1633
f 1569 1633 1570
f 1570 1633 1634
f 1570 1634 1571
f 1571 1634 1635
f 1571 1635 1572
f 1572 1635 1636
f 1572 1636 1573
f 1573 1636 1637
f 1573 1637 1574
f 1574 1637 1638
f 1574 1638 1575
f 1575 1638 1639
f 1575 1639 1576
f 1576 1639 1640
f 1576 1640 1577
f 1577 1640 1641
f 1577 1641 1578
f 1578 1641 1642
f 1578 1642 1579
f 1579 1642 1643
f 1579 1643 1580
f 1580 1643 1644
f 1580 1644 1581
f 1581 1644 1645
f 1581 1645 1582
f 1582 1645 1646
f 1582 1646 1583
f 1583 1646 1647
f 1583 1647 1584
f 1584 1647 1648
f 1584 1648 1585
f 1585 1648 1649
f 1585 1649 1586
f 1586 1649 1650
f 1586 1650 1587
f 1587 1650 1651
f 1587 1651 1588
f 1588 1651 1652
f 1588 1652 1589
f 1589 1652 1653
f 1589 1653 1590
f 1590 1653 1654
f 1590 1654 1591
f 1591 1654 1655
f 1591 1655 1592
f 1592 1655 1656
f 1592 1656 1593
f 1593 1656 1657
f 1593 1657 1594
f 1594 1657 1658
f 1594 1658 1595
f 1595 1658 1659
f 1595 1659 1596
f 1596 1659 1660
f 1596 1660 1597
f 1597 1660 1661
f 1597 1661 1598
f 1598 1661 1662
f 1598 1662 1599
f 1599 1662 1663
f 1599 1663 1600
f 1600 1663 1664
f 1600 1664 1601
f 1601 1664 1665
f 1601 1665 1602
f 1602 1665 1666
f 1602 1666 1603
f 1603 1666 1667
f 1603 1667 1604
f 1604 1667 1668
f 1604 1668 1605
f 1605 1668 1669
f 1605 1669 1606
f 1606 1669 1670
f 1606 1670 1607
f 1607 1670 1671
f 1607 1671 1608
f 1608 1671 1672
f 1608 1672 1609
f 1609 1672 1673
f 1609 1673 1610
f 1610 1673 1674
f 1610 1674 1611
f 1611 1674 1675
f 1611 1675 1612
f 1612 1675 1676
f 1612 1676 1613
f 1613 1676 1677
f 1613 1677 1614
f 1614 1677 1678
f 1614 1678 1615
f 1615 1678 1679
f 1615 1679 1616
f 1616 1679 1680
f 1616 1680 1617
f 1617 1680 1681
f 1617 1681 1618
f 1618 1681 1682
f 1618 1682 1619
f 1619 1682 1683
f 1619 1683 1620
f 1620 1683 1684
f 1620 1684 1621
f 1621 1684 1685
f 1621 1685 1622
f 1622 1685 1686
f 1622 1686 1623
f 1623 1686 1687
f 1623 1687 1624
f 1624 1687 1688
f 1624 1688 1625
f 1625 1688 1689
f 1625 1689 1626
f 1626 1689 1690
f 1626 1690 1627
f 1627 1690 1691
f 1627 1691 1628
f 1628 1691 1692
f 1628 1692 1629
f 1629 1692 1693
f 1629 1693 1630
f 1630 1693 1694
f 1630 1694 1631
f 1631 1694 1695
f 1631 1695 1632
f 1632 1695 1696
f 1632 1696 1633
f 1633 1696 1697
f 1633 1697 1634
f 1634 1697 1698
f 1634 1698 1635
f 1635 1698 1699
f 1635 1699 1636
f 1636 1699 1700
f 1636 1700 1637
f 1637 1700 1701
f 1637 1701 1638
f 1638 1701 1702
f 1638 1702 1639
f 1639 1702 1703
f 1639 1703 1640
f 1640 1703 1704
f 1640 1704 1641
f 1641 1704 1705
f 1641 1705 1642
f 1642 1705 1706
f 1642 1706 1643
f 1643 1706 1707
f 1643 1707 1644
f 1644 1707 1708
f 1644 1708 1645
f 1645 1708 1709
f 1645 1709 1646
f 1646 1709 1710
f 1646 1710 1647
f 1647 1710 1711
f 1647 1711 1648
f 1648 1711 1712
f 1648 1712 1649
f 1649 1712 1713
f 1649 1713 1650
f 1650 1713 1714
f 1650 1714 1651
f 1651 1714 1715
f 1651 1715 1652
f 1652 1715 1716
f 1652 1716 1653
f 1653 1716 1717
f 1653 1717 1654
f 1654 1717 1718
f 1654 1718 1655
f 1655 1718 1719
f 1655 1719 1656
f 1656 1719 1720
f 1656 1720 1657
f 1657 1720 1721
f 1657 1721 1658
f 1658 1721 1722
f 1658 1722 1659
f 1659 1722 1723
f 1659 1723 1660
f 1660 1723 1724
f 1660 1724 1661
f 1661 1724 1725
f 1661 1725 1662
f 1662 1725 1726
f 1662 1726 1663
f 1663 1726 1727
f 1663 1727 1664
f 1664 1727 1728
f 1664 1728 1665
f 1665 1728 1729
f 1665 1729 1666
f 1666 1729 1730
f 1666 1730 1667
f 1667 1730 1731
f 1667 1731 1668
f 1668 1731 1732
f 1668 1732 1669
f 1669 1732 1733
f 1669 1733 1670
f 1670 1733 1734
f 1670 1734 1671
f 1671 1734 1735
f 1671 1735 1672
f 1672 1735 1736
f 1672 1736 1673
f 1673 1736 1737
f 1673 1737 1674
f 1674 1737 1738
f 1674 1738 1675
f 1675 1738 1739
f 1675 1739 1676
f 1676 1739 1740
f 1676 1740 1677
f 1677 1740 1741
f 1677 1741 1678
f 1678 1741 1742
f 1678 1742 1679
f 1679 1742 1743
f 1679 1743 1680
f 1680 1743 1744
f 1680 1744 1681
f 1681 1744 1745
f 1681 1745 1682
f 1682 1745 1746
f 1682 1746 1683
f 1683 1746 1747
f 1683 1747 1684
f 1684 1747 1748
f 1684 1748 1685
f 1685 1748 1749
f 1685 1749 1686
f 1686 1749 1750
f 1686 1750 1687
f 1687 1750 1751
f 1687 1751 1688
f 1688 1751 1752
f 1688 1752 1689
f 1689 1752 1753
f 1689 1753 1690
f 1690 1753 1754
f 1690 1754 1691
f 1691 1754 1755
f 1691 1755 1692
f 1692 1755 1756
f 1692 1756 1693
f 1693 1756 1757
f 1693 1757 1694
f 1694 1757 1758
f 1694 1758 1695
f 1695 1758 1759
f 1695 1759 1696
f 1696 1759 1760
f 1696 1760 1697
f 1697 1760 1761
f 1697 1761 1698
f 1698 1761 1762
f 1698 1762 1699
f 1699 1762 1763
f 1699 1763 1700
f 1700 1763 1764
f 1700 1764 1701
f 1701 1764 1765
f 1701 1765 1702
f 1702 1765 1766
f 1702 1766 1703
f 1703 1766 1767
f 1703 1767 1704
f 1704 1767 1768
f 1704 1768 1705
f 1705 1768 1769
f 1705 1769 1706
f 1706 1769 1770
f 1706 1770 1707
f 1707 1770 1771
f 1707 1771 1708
f 1708 1771 1772
f 1708 1772 1709
f 1709 1772 1773
f 1709 1773 1710
f 1710 1773 1774
f 1710 1774 1711
f 1711 1774 1775
f 1711 1775 1712
f 1712 1775 1776
f 1712 1776 1713
f 1713 1776 1777
f 1713 1777 1714
f 1714 1777 1778
f 1714 1778 1715
f 1715 1778 1779
f 1715 1779 1716
f 1716 1779 1780
f 1716 1780 1717
f 1717 1780 1781
f 1717 1781 1718
f 1718 1781 1782
f 1718 1782 1719
f 1719 1782 1783
f 1719 1783 1720
f 1720 1783 1784
f 1720 1784 1721
f 1721 1784 1785
f 1721 1785 1722
f 1722 1785 1786
f 1722 1786 1723
f 1723 1786 1787
f 1723 1787 1724
f 1724 1787 1788
f 1724 1788 1725
f 1725 1788 1789
f 1725 1789 1726
f 1726 1789 1790
f 1726 1790 1727
f 1727 1790 1791
f 1727 1791 1728
f 1728 1791 1792
f 1728 1792 1729
f 1729 1792 1793
f 1729 1793 1730
f 1730 1793 1794
f 1730 1794 1731
f 1731 1794 1795
f 1731 1795 1732
f 1732 1795 1796
f 1732 1796 1733
f 1733 1796 1797
f 1733 1797 1734
f 1734 1797 1798
f 1734 1798 1735
f 1735 1798 1799
f 1735 1799 1736
f 1736 1799 1800
f 1736 1800 1737
f 1737 1800 1801
f 1737 1801 1738
f 1738 1801 1802
f 1738 1802 1739
f 1739 1802 1803
f 1739 1803 1740
f 1740 1803 1804
f 1740 1804 1741
f 1741 1804 1805
f 1741 1805 1742
f 1742 1805 1806
f 1742 1806 1743
f 1743 1806 1807
f 1743 1807 1744
f 1744 1807 1808
f 1744 1808 1745
f 1745 1808 1809
f 1745 1809 1746
f 1746 1809 1810
f 1746 1810 1747
f 1747 1810 1811
f 1747 1811 1748
f 1748 1811 1812
f 1748 1812 1749
f 1749 1812 1813
f 1749 1813 1750
f 1750 1813 1814
f 1750 1814 1751
f 1751 1814 1815
f 1751 1815 1752
f 1752 1815 1816
f 1752 1816 1753
f 1753 1816 1817
f 1753 1817 1754
f 1754 1817 1818
f 1754 1818 1755
f 1755 1818 1819
f 1755 1819 1756
f 1756 1819 1820
f 1756 1820 1757
f 1757 1820 1821
f 1757 1821 1758
f 1758 1821 1822
f 1758 1822 1759
f 1759 1822 1823
f 1759 1823 1760
f 1760 1823 1824
f 1760 1824 1761
f 1761 1824 1825
f 1761 1825 1762
f 1762 1825 1826
f 1762 1826 1763
f 1763 1826 1827
f 1763 1827 1764
f 1764 1827 1828
f 1764 1828 1765
f 1765 1828 1829
f 1765 1829 1766
f 1766 1829 1830
f 1766 1830 1767
f 1767 1830 1831
f 1767 1831 1768
f 1768 1831 1832
f 1768 1832 1769
f 1769 1832 1833
f 1769 1833 1770
f 1770 1833 1834
f 1770 1834 1771
f 1771 1834 1835
f 1771 1835 1772
f 1772 1835 1836
f 1772 1836 1773
f 1773 1836 1837
f 1773 1837 1774
f 1774 1837 1838
f 1774 1838 1775
f 1775 1838 1839
f 1775 1839 1776
f 1776 1839 1840
f 1776 1840 1777
f 1777 1840 1841
f 1777 1841 1778
f 1778 1841 1842
f 1778 1842 1779
f 1779 1842 1843
f 1779 1843 1780
f 1780 1843 1844
f 1780 1844 1781
f 1781 1844 1845
f 1781 1845 1782
f 1782 1845 1846
f 1782 1846 1783
f 1783 1846 1847
f 1783 1847 1784
f 1784 1847 1848
f 1784 1848 1785
f 1785 1848 1849
f 1785 1849 1786
f 1786 1849 1850
f 1786 1850 1787
f 1787 1850 1851
f 1787 1851 1788
f 1788 1851 1852
f 1788 1852 1789
f 1789 1852 1853
f 1789 1853 1790
f 1790 1853 1854
f 1790 1854 1791
f 1791 1854 1855
f 1791 1855 1792
f 1792 1855 1856
f 1792 1856 1793
f 1793 1856 1857
f 1793 1857 1794
f 1794 1857 1858
f 1794 1858 1795
f 1795 1858 1859
f 1795 1859 1796
f 1796 1859 1860
f 1796 1860 1797
f 1797 1860 1861
f 1797 1861 1798
f 1798 1861 1862
f 1798 1862 1799
f 1799 1862 1863
f 1799 1863 1800
f 1800 1863 1864
f 1800 1864 1801
f 1801 1864 1865
f 1801 1865 1802
f 1802 1865 1866
f 1802 1866 1803
f 1803 1866 1867
f 1803 1867 1804
f 1804 1867 1868
f 1804 1868 1805
f 1805 1868 1869
f 1805 1869 1806
f 1806 1869 1870
f 1806 1870 1807
f 1807 1870 1871
f 1807 1871 1808
f 1808 1871 1872
f 1808 1872 1809
f 1809 1872 1873
f 1809 1873 1810
f 1810 1873 1874
f 1810 1874 1811
f 1811 1874 1875
f 1811 1875 1812
f 1812 1875 1876
f 1812 1876 1813
f 1813 1876 1877
f 1813 1877 1814
f 1814 1877 1878
f 1814 1878 1815
f 1815 1878 1879
f 1815 1879 1816
f 1816 1879 1880
f 1816 1880 1817
f 1817 1880 1881
f 1817 1881 1818
f 1818 1881 1882
f 1818 1882 1819
f 1819 1882 1883
f 1819 1883 1820
f 1820 1883 1884
f 1820 1884 1821
f 1821 1884 1885
f 1821 1885 1822
f 1822 1885 1886
f 1822 1886 1823
f 1823 1886 1887
f 1823 1887 1824
f 1824 1887 1888
f 1824 1888 1825
f 1825 1888 1889
f 1825 1889 1826
f 1826 1889 1890
f 1826 1890 1827
f 1827 1890 1891
f 1827 1891 1828
f 1828 1891 1892
f 1828 1892 1829
f 1829 1892 1893
f 1829 1893 1830
f 1830 1893 1894
f 1830 1894 1831
f 1831 1894 1895
f 1831 1895 1832
f 1832 1895 1896
f 1832 1896 1833
f 1833 1896 1897
f 1833 1897 1834
f 1834 1897 1898
f 1834 1898 1835
f 1835 1898 1899
f 1835 1899 1836
f 1836 1899 1900
f 1836 1900 1837
f 1837 1900 1901
f 1837 1901 1838
f 1838 1901 1902
f 1838 1902 1839
f 1839 1902 1903
f 1839 1903 1840
f 1840 1903 1904
f 1840 1904 1841
f 1841 1904 1905
f 1841 1905 1842
f 1842 1905 1906
f 1842 1906 1843
f 1843 1906 1907
f 1843 1907 1844
f 1844 1907 1908
f 1844 1908 1845
f 1845 1908 1909
f 1845 1909 1846
f 1846 1909 1910
f 1846 1910 1847
f 1847 1910 1911
f 1847 1911 1848
f 1848 1911 1912
f 1848 1912 1849
f 1849 1912 1913
f 1849 1913 1850
f 1850 1913 1914
f 1850 1914 1851
f 1851 1914 1915
f 1851 1915 1852
f 1852 1915 1916
f 1852 1916 1853
f 1853 1916 1917
f 1853 1917 1854
f 1854 1917 1918
f 1854 1918 1855
f 1855 1918 1919
f 1855 1919 1856
f 1856 1919 1920
f 1856 1920 1857
f 1857 1920 1921
f 1857 1921 1858
f 1858 1921 1922
f 1858 1922 1859
f 1859 1922 1923
f 1859 1923 1860
f 1860 1923 1924
f 1860 1924 1861
f 1861 1924 1925
f 1861 1925 1862
f 1862 1925 1926
f 1862 1926 1863
f 1863 1926 1927
f 1863 1927 1864
f 1864 1927 1928
f 1864 1928 1865
f 1865 1928 1929
f 1865 1929 1866
f 1866 1929 1930
f 1866 1930 1867
f 1867 1930 1931
f 1867 1931 1868
f 1868 1931 1932
f 1868 1932 1869
f 1869 1932 1933
f 1869 1933 1870
f 1870 1933 1934
f 1870 1934 1871
f 1871 1934 1935
f 1871 1935 1872
f 1872 1935 1936
f 1872 1936 1873
f 1873 1936 1937
f 1873 1937 1874
f 1874 1937 1938
f 1874 1938 1875
f 1875 1938 1939
f 1875 1939 1876
f 1876 1939 1940
f 1876 1940 1877
f 1877 1940 1941
f 1877 1941 1878
f 1878 1941 1942
f 1878 1942 1879
f 1879 1942 1943
f 1879 1943 1880
f 1880 1943 1944
f 1880 1944 1881
f 1881 1944 1945
f 1881 1945 1882
f 1882 1945 1946
f 1882 1946 1883
f 1883 1946 1947
f 1883 1947 1884
f 1884 1947 1948
f 1884 1948 1885
f 1885 1948 1949
f 1885 1949 1886
f 1886 1949 1950
f 1886 1950 1887
f 1887 1950 1951
f 1887 1951 1888
f 1888 1951 1952
f 1888 1952 1889
f 1889 1952 1953
f 1889 1953 1890
f 1890 1953 1954
f 1890 1954 1891
f 1891 1954 1955
f 1891 1955 1892
f 1892 1955 1956
f 1892 1956 1893
f 1893 1956 1957
f 1893 1957 1894
f 1894 1957 1958
f 1894 1958 1895
f 1895 1958 1959
f 1895 1959 1896
f 1896 1959 1960
f 1896 1960 1897
f 1897 1960 1961
f 1897 1961 1898
f 1898 1961 1962
f 1898 1962 1899
f 1899 1962 1963
f 1899 1963 1900
f 1900 1963 1964
f 1900 1964 1901
f 1901 1964 1965
f 1901 1965 1902
f 1902 1965 1966
f 1902 1966 1903
f 1903 1966 1967
f 1903 1967 1904
f 1904 1967 1968
f 1904 1968 1905
f 1905 1968 1969
f 1905 1969 1906
f 1906 1969 1970
f 1906 1970 1907
f 1907 1970 1971
f 1907 1971 1908
f 1908 1971 1972
f 1908 1972 1909
f 1909 1972 1973
f 1909 1973 1910
f 1910 1973 1974
f 1910 1974 1911
f 1911 1974 1975
f 1911 1975 1912
f 1912 1975 1976
f 1912 1976 1913
f 1913 1976 1977
f 1913 1977 1914
f 1914 1977 1978
f 1914 1978 1915
f 1915 1978 1979
f 1915 1979 1916
f 1916 1979 1980
f 1916 1980 1917
f 1917 1980 1981
f 1917 1981 1918
f 1918 1981 1982
f 1918 1982 1919
f 1919 1982 1983
f 1919 1983 1920
f 1920 1983 1984
f 1920 1984 1921
f 1921 1984 1985
f 1921 1985 1922
f 1922 1985 1986
f 1922 1986 1923
f 1923 1986 1987
f 1923 1987 1924
f 1924 1987 1988
f 1924 1988 1925
f 1925 1988 1989
f 1925 1989 1926
f 1926 1989 1990
f 1926 1990 1927
f 1927 1990 1991
f 1927 1991 1928
f 1928 1991 1992
f 1928 1992 1929
f 1929 1992 1993
f 1929 1993 1930
f 1930 1993 1994
f 1930 1994 1931
f 1931 1994 1995
f 1931 1995 1932
f 1932 1995 1996
f 1932 1996 1933
f 1933 1996 1997
f 1933 1997 1934
f 1934 1997 1998
f 1934 1998 1935
f 1935 1998 1999
f 1935 1999 1936
f 1936 1999 2000
f 1936 2000 1937
f 1937 2000 2001
f 1937 2001 1938
f 1938 2001 2002
f 1938 2002 1939
f 1939 2002 2003
f 1939 2003 1940
f 1940 2003 2004
f 1940 2004 1941
f 1941 2004 2005
f 1941 2005 1942
f 1942 2005 2006
f 1942 2006 1943
f 1943 2006 2007
f 1943 2007 1944
f 1944 2007 2008
f 1944 2008 1945
f 1945 2008 2009
f 1945 2009 1946
f 1946 2009 2010
f 1946 2010 1947
f 1947 2010 2011
f 1947 2011 1948
f 1948 2011 2012
f 1948 2012 1949
f 1949 2012 2013
f 1949 2013 1950
f 1950 2013 2014
f 1950 2014 1951
f 1951 2014 2015
f 1951 2015 1952
f 1952 2015 2016
f 1952 2016 1953
f 1953 2016 2017
f 1953 2017 1954
f 1954 2017 2018
f 1954 2018 1955
f 1955 2018 2019
f 1955 2019 1956
f 1956 2019 2020
f 1956 2020 1957
f 1957 2020 2021
f 1957 2021 1958
f 1958 2021 2022
f 1958 2022 1959
f 1959 2022 2023
f 1959 2023 1960
f 1960 2023 2024
f 1960 2024 1961
f 1961 2024 2025
f 1961 2025 1962
f 1962 2025 2026
f 1962 2026 1963
f 1963 2026 2027
f 1963 2027 1964
f 1964 2027 2028
f 1964 2028 1965
f 1965 2028 2029
f 1965 2029 1966
f 1966 2029 2030
f 1966 2030 1967
f 1967 2030 2031
f 1967 2031 1968
f 1968 2031 2032
f 1968 2032 1969
f 1969 2032 2033
f 1969 2033 1970
f 1970 2033 2034
f 1970 2034 1971
f 1971 2034 2035
f 1971 2035 1972
f 1972 2035 2036
f 1972 2036 1973
f 1973 2036 2037
f 1973 2037 1974
f 1974 2037 2038
f 1974 2038 1975
f 1975 2038 2039
f 1975 2039 1976
f 1976 2039 2040
f 1976 2040 1977
f 1977 2040 2041
f 1977 2041 1978
f 1978 2041 2042
f 1978 2042 1979
f 1979 2042 2043
f 1979 2043 1980
f 1980 2043 2044
f 1980 2044 1981
f 1981 2044 2045
f 1981 2045 1982
f 1982 2045 2046
f 1982 2046 1983
f 1983 2046 2047
f 1983 2047 1984
f 1984 2047 2048
f 1984 2048 1985
f 1985 2048 2049
f 1985 2049 1986
f 1986 2049 2050
f 1986 2050 1987
f 1987 2050 2051
f 1987 2051 1988
f 1988 2051 2052
f 1988 2052 1989
f 1989 2052 2053
f 1989 2053 1990
f 1990 2053 2054
f 1990 2054 1991
f 1991 2054 2055
f 1991 2055 1992
f 1992 2055 2056
f 1992 2056 1993
f 1993 2056 2057
f 1993 2057 1994
f 1994 2057 2058
f 1994 2058 1995
f 1995 2058 2059
f 1995 2059 1996
f 1996 2059 2060
f 1996 2060 1997
f 1997 2060 2061
f 1997 2061 1998
f 1998 2061 2062
f 1998 2062 1999
f 1999 2062 2063
f 1999 2063 2000
f 2000 2063 2064
f 2000 2064 2001
f 2001 2064 2065
f 2001 2065 2002
f 2002 2065 2066
f 2002 2066 2003
f 2003 2066 2067
f 2003 2067 2004
f 2004 2067 2068
f 2004 2068 2005
f 2005 2068 2069
f 2005 2069 2006
f 2006 2069 2070
f 2006 2070 2007
f 2007 2070 2071
f 2007 2071 2008
f 2008 2071 2072
f 2008 2072 2009
f 2009 2072 2073
f 2009 2073 2010
f 2010 2073 2074
f 2010 2074 2011
f 2011 2074 2075
f 2011 2075 2012
f 2012 2075 2076
f 2012 2076 2013
f 2013 2076 2077
f 2013 2077 2014
f 2014 2077 2078
f 2014 2078 2015
f 2015 2078 2079
f 2015 2079 2016
f 2016 2079 2080
f 2016 2080 2017
f 2017 2080 2081
f 2017 2081 2018
f 2018 2081 2082
f 2018 2082 2019
f 2019 2082 2083
f 2019 2083 2020
f 2020 2083 2084
f 2020 2084 2021
f 2021 2084 2085
f 2021 2085 2022
f 2022 2085 2086
f 2022 2086 2023
f 2023 2086 2087
f 2023 2087 2024
f 2024 2087 2088
f 2024 2088 2025
f 2025 2088 2089
f 2025 2089 2026
f 2026 2089 2090
f 2026 2090 2027
f 2027 2090 2091
f 2027 2091 2028
f 2028 2091 2092
f 2028 2092 2029
f 2029 2092 2093
f 2029 2093 2030
f 2030 2093 2094
f 2030 2094 2031
f 2031 2094 2095
f 2031 2095 2032
f 2032 2095 2096
f 2032 2096 2033
f 2033 2096 2097
f 2033 2097 2034
f 2034 2097 2098
f 2034 2098 2035
f 2035 2098 2099
f 2035 2099 2036
f 2036 2099 2100
f 2036 2100 2037
f 2037 2100 2101
f 2037 2101 2038
f 2038 2101 2102
f 2038 2102 2039
f 2039 2102 2103
f 2039 2103 2040
f 2040 2103 2104
f 2040 2104 2041
f 2041 2104 2105
f 2041 2105 2042
f 2042 2105 2106
f 2042 2106 2043
f 2043 2106 2107
f 2043 2107 2044
f 2044 2107 2108
f 2044 2108 2045
f 2045 2108 2109
f 2045 2109 2046
f 2046 2109 2110
f 2046 2110 2047
f 2047 2110 2111
f 2047 2111 2048
f 2048 2111 2112
f 2048 2112 2049
f 2049 2112 2113
f 2049 2113 2050
f 2050 2113 2114
f 2050 2114 2051
f 2051 2114 2115
f 2051 2115 2052
f 2052 2115 2116
f 2052 2116 2053
f 2053 2116 2117
f 2053 2117 2054
f 2054 2117 2118
f 2054 2118 2055
f 2055 2118 2119
f 2055 2119 2056
f 2056 2119 2120
f 2056 2120 2057
f 2057 2120 2121
f 2057 2121 2058
f 2058 2121 2122
f 2058 2122 2059
f 2059 2122 2123
f 2059 2123 2060
f 2060 2123 2124
f 2060 2124 2061
f 2061 2124 2125
f 2061 2125 2062
f 2062 2125 2126
f 2062 2126 2063
f 2063 2126 2127
f 2063 2127 2064
f 2064 2127 2128
f 2064 2128 2065
f 2065 2128 2129
f 2065 2129 2066
f 2066 2129 2130
f 2066 2130 2067
f 2067 2130 2131
f 2067 2131 2068
f 2068 2131 2132
f 2068 2132 2069
f 2069 2132 2133
f 2069 2133 2070
f 2070 2133 2134
f 2070 2134 2071
f 2071 2134 2135
f 2071 2135 2072
f 2072 2135 2136
f 2072 2136 2073
f 2073 2136 2137
f 2073 2137 2074
f 2074 2137 2138
f 2074 2138 2075
f 2075 2138 2139
f 2075 2139 2076
f 2076 2139 2140
f 2076 2140 2077
f 2077 2140 2141
f 2077 2141 2078
f 2078 2141 2142
f 2078 2142 2079
f 2079 2142 2143
f 2079 2143 2080
f 2080 2143 2144
f 2080 2144 2081
f 2081 2144 2145
f 2081 2145 2082
f 2082 2145 2146
f 2082 2146 2083
f 2083 2146 2147
f 2083 2147 2084
f 2084 2147 2148
f 2084 2148 2085
f 2085 2148 2149
f 2085 2149 2086
f 2086 2149 2150
f 2086 2150 2087
f 2087 2150 2151
f 2087 2151 2088
f 2088 2151 2152
f 2088 2152 2089
f 2089 2152 2153
f 2089 2153 2090
f 2090 2153 2154
f 2090 2154 2091
f 2091 2154 2155
f 2091 2155 2092
f 2092 2155 2156
f 2092 2156 2093
f 2093 2156 2157
f 2093 2157 2094
f 2094 2157 2158
f 2094 2158 2095
f 2095 2158 2159
f 2095 2159 2096
f 2096 2159 2160
f 2096 2160 2097
f 2097 2160 2161
f 2097 2161 2098
f 2098 2161 2162
f 2098 2162 2099
f 2099 2162 2163
f 2099 2163 2100
f 2100 2163 2164
f 2100 2164 2101
f 2101 2164 2165
f 2101 2165 2102
f 2102 2165 2166
f 2102 2166 2103
f 2103 2166 2167
f 2103 2167 2104
f 2104 2167 2168
f 2104 2168 2105
f 2105 2168 2169
f 2105 2169 2106
f 2106 2169 2170
f 2106 2170 2107
f 2107 2170 2171
f 2107 2171 2108
f 2108 2171 2172
f 2108 2172 2109
f 2109 2172 2173
f 2109 2173 2110
f 2110 2173 2174
f 2110 2174 2111
f 2111 2174 2175
f 2111 2175 2112
f 2112 2175 2176
f 2112 2176 2113
f 2113 2176 2177
f 2113 2177 2114
f 2114 2177 2178
f 2114 2178 2115
f 2115 2178 2179
f 2115 2179 2116
f 2116 2179 2180
f 2116 2180 2117
f 2117 2180 2181
f 2117 2181 2118
f 2118 2181 2182
f 2118 2182 2119
f 2119 2182 2183
f 2119 2183 2120
f 2120 2183 2184
f 2120 2184 2121
f 2121 2184 2185
f 2121 2185 2122
f 2122 2185 2186
f 2122 2186 2123
f 2123 2186 2187
f 2123 2187 2124
f 2124 2187 2188
f 2124 2188 2125
f 2125 2188 2189
f 2125 2189 2126
f 2126 2189 2190
f 2126 2190 2127
f 2127 2190 2191
f 2127 2191 2128
f 2128 2191 2192
f 2128 2192 2129
f 2129 2192 2193
f 2129 2193 2130
f 2130 2193 2194
f 2130 2194 2131
f 2131 2194 2195
f 2131 2195 2132
f 2132 2195 2196
f 2132 2196 2133
f 2133 2196 2197
f 2133 2197 2134
f 2134 2197 2198
f 2134 2198 2135
f 2135 2198 2199
f 2135 2199 2136
f 2136 2199 2200
f 2136 2200 2137
f 2137 2200 2201
f 2137 2201 2138
f 2138 2201 2202
f 2138 2202 2139
f 2139 2202 2203
f 2139 2203 2140
f 2140 2203 2204
f 2140 2204 2141
f 2141 2204 2205
f 2141 2205 2142
f 2142 2205 2206
f 2142 2206 2143
f 2143 2206 2207
f 2143 2207 2144
f 2144 2207 2208
f 2144 2208 2145
f 2145 2208 2209
f 2145 2209 2146
f 2146 2209 2210
f 2146 2210 2147
f 2147 2210 2211
f 2147 2211 2148
f 2148 2211 2212
f 2148 2212 2149
f 2149 2212 2213
f 2149 2213 2150
f 2150 2213 2214
f 2150 2214 2151
f 2151 2214 2215
f 2151 2215 2152
f 2152 2215 2216
f 2152 2216 2153
f 2153 2216 2217
f 2153 2217 2154
f 2154 2217 2218
f 2154 2218 2155
f 2155 2218 2219
f 2155 2219 2156
f 2156 2219 2220
f 2156 2220 2157
f 2157 2220 2221
f 2157 2221 2158
f 2158 2221 2222
f 2158 2222 2159
f 2159 2222 2223
f 2159 2223 2160
f 2160 2223 2224
f 2160 2224 2161
f 2161 2224 2225
f 2161 2225 2162
f 2162 2225 2226
f 2162 2226 2163
f 2163 2226 2227
f 2163 2227 2164
f 2164 2227 2228
f 2164 2228 2165
f 2165 2228 2229
f 2165 2229 2166
f 2166 2229 2230
f 2166 2230 2167
f 2167 2230 2231
f 2167 2231 2168
f 2168 2231 2232
f 2168 2232 2169
f 2169 2232 2233
f 2169 2233 2170
f 2170 2233 2234
f 2170 2234 2171
f 2171 2234 2235
f 2171 2235 2172
f 2172 2235 2236
f 2172 2236 2173
f 2173 2236 2237
f 2173 2237 2174
f 2174 2237 2238
f 2174 2238 2175
f 2175 2238 2239
f 2175 2239 2176
f 2176 2239 2240
f 2176 2240 2177
f 2177 2240 2241
f 2177 2241 2178
f 2178 2241 2242
f 2178 2242 2179
f 2179 2242 2243
f 2179 2243 2180
f 2180 2243 2244
f 2180 2244 2181
f 2181 2244 2245
f 2181 2245 2182
f 2182 2245 2246
f 2182 2246 2183
f 2183 2246 2247
f 2183 2247 2184
f 2184 2247 2248
f 2184 2248 2185
f 2185 2248 2249
f 2185 2249 2186
f 2186 2249 2250
f 2186 2250 2187
f 2187 2250 2251
f 2187 2251 2188
f 2188 2251 2252
f 2188 2252 2189
f 2189 2252 2253
f 2189 2253 2190
f 2190 2253 2254
f 2190 2254 2191
f 2191 2254 2255
f 2191 2255 2192
f 2192 2255 2256
f 2192 2256 2193
f 2193 2256 2257
f 2193 2257 2194
f 2194 2257 2258
f 2194 2258 2195
f 2195 2258 2259
f 2195 2259 2196
f 2196 2259 2260
f 2196 2260 2197
f 2197 2260 2261
f 2197 2261 2198
f 2198 2261 2262
f 2198 2262 2199
f 2199 2262 2263
f 2199 2263 2200
f 2200 2263 2264
f 2200 2264 2201
f 2201 2264 2265
f 2201 2265 2202
f 2202 2265 2266
f 2202 2266 2203
f 2203 2266 2267
f 2203 2267 2204
f 2204 2267 2268
f 2204 2268 2205
f 2205 2268 2269
f 2205 2269 2206
f 2206 2269 2270
f 2206 2270 2207
f 2207 2270 2271
f 2207 2271 2208
f 2208 2271 2272
f 2208 2272 2209
f 2209 2272 2273
f 2209 2273 2210
f 2210 2273 2274
f 2210 2274 2211
f 2211 2274 2275
f 2211 2275 2212
f 2212 2275 2276
f 2212 2276 2213
f 2213 2276 2277
f 2213 2277 2214
f 2214 2277 2278
f 2214 2278 2215
f 2215 2278 2279
f 2215 2279 2216
f 2216 2279 2280
f 2216 2280 2217
f 2217 2280 2281
f 2217 2281 2218
f 2218 2281 2282
f 2218 2282 2219
f 2219 2282 2283
f 2219 2283 2220
f 2220 2283 2284
f 2220 2284 2221
f 2221 2284 2285
f 2221 2285 2222
f 2222 2285 2286
f 2222 2286 2223
f 2223 2286 2287
f 2223 2287 2224
f 2224 2287 2288
f 2224 2288 2225
f 2225 2288 2289
f 2225 2289 2226
f 2226 2289 2290
f 2226 2290 2227
f 2227 2290 2291
f 2227 2291 2228
f 2228 2291 2292
f 2228 2292 2229
f 2229 2292 2293
f 2229 2293 2230
f 2230 2293 2294
f 2230 2294 2231
f 2231 2294 2295
f 2231 2295 2232
f 2232 2295 2296
f 2232 2296 2233
f 2233 2296 2297
f 2233 2297 2234
f 2234 2297 2298
f 2234 2298 2235
f 2235 2298 2299
f 2235 2299 2236
f 2236 2299 2300
f 2236 2300 2237
f 2237 2300 2301
f 2237 2301 2238
f 2238 2301 2302
f 2238 2302 2239
f 2239 2302 2303
f 2239 2303 2240
f 2240 2303 2304
f 2240 2304 2241
f 2241 2304 2305
f 2241 2305 2242
f 2242 2305 2306
f 2242 2306 2243
f 2243 2306 2307
f 2243 2307 2244
f 2244 2307 2308
f 2244 2308 2245
f 2245 2308 2309
f 2245 2309 2246
f 2246 2309 2310
f 2246 2310 2247
f 2247 2310 2311
f 2247 2311 2248
f 2248 2311 2312
f 2248 2312 2249
f 2249 2312 2313
f 2249 2313 2250
f 2250 2313 2314
f 2250 2314 2251
f 2251 2314 2315
f 2251 2315 2252
f 2252 2315 2316
f 2252 2316 2253
f 2253 2316 2317
f 2253 2317 2254
f 2254 2317 2318
f 2254 2318 2255
f 2255 2318 2319
f 2255 2319 2256
f 2256 2319 2320
f 2256 2320 2257
f 2257 2320 2321
f 2257 2321 2258
f 2258 2321 2322
f 2258 2322 2259
f 2259 2322 2323
f 2259 2323 2260
f 2260 2323 2324
f 2260 2324 2261
f 2261 2324 2325
f 2261 2325 2262
f 2262 2325 2326
f 2262 2326 2263
f 2263 2326 2327
f 2263 2327 2264
f 2264 2327 2328
f 2264 2328 2265
f 2265 2328 2329
f 2265 2329 2266
f 2266 2329 2330
f 2266 2330 2267
f 2267 2330 2331
f 2267 2331 2268
f 2268 2331 2332
f 2268 2332 2269
f 2269 2332 2333
f 2269 2333 2270
f 2270 2333 2334
f 2270 2334 2271
f 2271 2334 2335
f 2271 2335 2272
f 2272 2335 2336
f 2272 2336 2273
f 2273 2336 2337
f 2273 2337 2274
f 2274 2337 2338
f 2274 2338 2275
f 2275 2338 2339
f 2275 2339 2276
f 2276 2339 2340
f 2276 2340 2277
f 2277 2340 2341
f 2277 2341 2278
f 2278 2341 2342
f 2278 2342 2279
f 2279 2342 2343
f 2279 2343 2280
f 2280 2343 2344
f 2280 2344 2281
f 2281 2344 2345
f 2281 2345 2282
f 2282 2345 2346
f 2282 2346 2283
f 2283 2346 2347
f 2283 2347 2284
f 2284 2347 2348
f 2284 2348 2285
f 2285 2348 2349
f 2285 2349 2286
f 2286 2349 2350
f 2286 2350 2287
f 2287 2350 2351
f 2287 2351 2288
f 2288 2351 2352
f 2288 2352 2289
f 2289 2352 2353
f 2289 2353 2290
f 2290 2353 2354
f 2290 2354 2291
f 2291 2354 2355
f 2291 2355 2292
f 2292 2355 2356
f 2292 2356 2293
f 2293 2356 2357
f 2293 2357 2294
f 2294 2357 2358
f 2294 2358 2295
f 2295 2358 2359
f 2295 2359 2296
f 2296 2359 2360
f 2296 2360 2297
f 2297 2360 2361
f 2297 2361 2298
f 2298 2361 2362
f 2298 2362 2299
f 2299 2362 2363
f 2299 2363 2300
f 2300 2363 2364
f 2300 2364 2301
f 2301 2364 2365
f 2301 2365 2302
f 2302 2365 2366
f 2302 2366 2303
f 2303 2366 2367
f 2303 2367 2304
f 2304 2367 2368
f 2304 2368 2305
f 2305 2368 2369
f 2305 2369 2306
f 2306 2369 2370
f 2306 2370 2307
f 2307 2370 2371
f 2307 2371 2308
f 2308 2371 2372
f 2308 2372 2309
f 2309 2372 2373
f 2309 2373 2310
f 2310 2373 2374
f 2310 2374 2311
f 2311 2374 2375
f 2311 2375 2312
f 2312 2375 2376
f 2312 2376 2313
f 2313 2376 2377
f 2313 2377 2314
f 2314 2377 2378
f 2314 2378 2315
f 2315 2378 2379
f 2315 2379 2316
f 2316 2379 2380
f 2316 2380 2317
f 2317 2380 2381
f 2317 2381 2318
f 2318 2381 2382
f 2318 2382 2319
f 2319 2382 2383
f 2319 2383 2320
f 2320 2383 2384
f 2320 2384 2321
f 2321 2384 2385
f 2321 2385 2322
f 2322 2385 2386
f 2322 2386 2323
f 2323 2386 2387
f 2323 2387 2324
f 2324 2387 2388
f 2324 2388 2325
f 2325 2388 2389
f 2325 2389 2326
f 2326 2389 2390
f 2326 2390 2327
f 2327 2390 2391
f 2327 2391 2328
f 2328 2391 2392
f 2328 2392 2329
f 2329 2392 2393
f 2329 2393 2330
f 2330 2393 2394
f 2330 2394 2331
f 2331 2394 2395
f 2331 2395 2332
f 2332 2395 2396
f 2332 2396 2333
f 2333 2396 2397
f 2333 2397 2334
f 2334 2397 2398
f 2334 2398 2335
f 2335 2398 2399
f 2335 2399 2336
f 2336 2399 2400
f 2336 2400 2337
f 2337 2400 2401
f 2337 2401 2338
f 2338 2401 2402
f 2338 2402 2339
f 2339 2402 2403
f 2339 2403 2340
f 2340 2403 2404
f 2340 2404 2341
f 2341 2404 2405
f 2341 2405 2342
f 2342 2405 2406
f 2342 2406 2343
f 2343 2406 2407
f 2343 2407 2344
f 2344 2407 2408
f 2344 2408 2345
f 2345 2408 2409
f 2345 2409 2346
f 2346 2409 2410
f 2346 2410 2347
f 2347 2410 2411
f 2347 2411 2348
f 2348 2411 2412
f 2348 2412 2349
f 2349 2412 2413
f 2349 2413 2350
f 2350 2413 2414
f 2350 2414 2351
f 2351 2414 2415
f 2351 2415 2352
f 2352 2415 2416
f 2352 2416 2353
f 2353 2416 2417
f 2353 2417 2354
f 2354 2417 2418
f 2354 2418 2355
f 2355 2418 2419
f 2355 2419 2356
f 2356 2419 2420
f 2356 2420 2357
f 2357 2420 2421
f 2357 2421 2358
f 2358 2421 2422
f 2358 2422 2359
f 2359 2422 2423
f 2359 2423 2360
f 2360 2423 2424
f 2360 2424 2361
f 2361 2424 2425
f 2361 2425 2362
f 2362 2425 2426
f 2362 2426 2363
f 2363 2426 2427
f 2363 2427 2364
f 2364 2427 2428
f 2364 2428 2365
f 2365 2428 2429
f 2365 2429 2366
f 2366 2429 2430
f 2366 2430 2367
f 2367 2430 2431
f 2367 2431 2368
f 2368 2431 2432
f 2368 2432 2369
f 2369 2432 2433
f 2369 2433 2370
f 2370 2433 2434
f 2370 2434 2371
f 2371 2434 2435
f 2371 2435 2372
f 2372 2435 2436
f 2372 2436 2373
f 2373 2436 2437
f 2373 2437 2374
f 2374 2437 2438
f 2374 2438 2375
f 2375 2438 2439
f 2375 2439 2376
f 2376 2439 2440
f 2376 2440 2377
f 2377 2440 2441
f 2377 2441 2378
f 2378 2441 2442
f 2378 2442 2379
f 2379 2442 2443
f 2379 2443 2380
f 2380 2443 2444
f 2380 2444 2381
f 2381 2444 2445
f 2381 2445 2382
f 2382 2445 2446
f 2382 2446 2383
f 2383 2446 2447
f 2383 2447 2384
f 2384 2447 2448
f 2384 2448 2385
f 2385 2448 2449
f 2385 2449 2386
f 2386 2449 2450
f 2386 2450 2387
f 2387 2450 2451
f 2387 2451 2388
f 2388 2451 2452
f 2388 2452 2389
f 2389 2452 2453
f 2389 2453 2390
f 2390 2453 2454
f 2390 2454 2391
f 2391 2454 2455
f 2391 2455 2392
f 2392 2455 2456
f 2392 2456 2393
f 2393 2456 2457
f 2393 2457 2394
f 2394 2457 2458
f 2394 2458 2395
f 2395 2458 2459
f 2395 2459 2396
f 2396 2459 2460
f 2396 2460 2397
f 2397 2460 2461
f 2397 2461 2398
f 2398 2461 2462
f 2398 2462 2399
f 2399 2462 2463
f 2399 2463 2400
f 2400 2463 2464
f 2400 2464 2401
f 2401 2464 2465
f 2401 2465 2402
f 2402 2465 2466
f 2402 2466 2403
f 2403 2466 2467
f 2403 2467 2404
f 2404 2467 2468
f 2404 2468 2405
f 2405 2468 2469
f 2405 2469 2406
f 2406 2469 2470
f 2406 2470 2407
f 2407 2470 2471
f 2407 2471 2408
f 2408 2471 2472
f 2408 2472 2409
f 2409 2472 2473
f 2409 2473 2410
f 2410 2473 2474
f 2410 2474 2411
f 2411 2474 2475
f 2411 2475 2412
f 2412 2475 2476
f 2412 2476 2413
f 2413 2476 2477
f 2413 2477 2414
f 2414 2477 2478
f 2414 2478 2415
f 2415 2478 2479
f 2415 2479 2416
f 2416 2479 2480
f 2416 2480 2417
f 2417 2480 2481
f 2417 2481 2418
f 2418 2481 2482
f 2418 2482 2419
f 2419 2482 2483
f 2419 2483 2420
f 2420 2483 2484
f 2420 2484 2421
f 2421 2484 2485
f 2421 2485 2422
f 2422 2485 2486
f 2422 2486 2423
f 2423 2486 2487
f 2423 2487 2424
f 2424 2487 2488
f 2424 2488 2425
f 2425 2488 2489
f 2425 2489 2426
f 2426 2489 2490
f 2426 2490 2427
f 2427 2490 2491
f 2427 2491 2428
f 2428 2491 2492
f 2428 2492 2429
f 2429 2492 2493
f 2429 2493 2430
f 2430 2493 2494
f 2430 2494 2431
f 2431 2494 2495
f 2431 2495 2432
f 2432 2495 2496
f 2432 2496 2433
f 2433 2496 2497
f 2433 2497 2434
f 2434 2497 2498
f 2434 2498 2435
f 2435 2498 2499
f 2435 2499 2436
f 2436 2499 2500
f 2436 2500 2437
f 2437 2500 2501
f 2437 2501 2438
f 2438 2501 2502
f 2438 2502 2439
f 2439 2502 2503
f 2439 2503 2440
f 2440 2503 2504
f 2440 2504 2441
f 2441 2504 2505
f 2441 2505 2442
f 2442 2505 2506
f 2442 2506 2443
f 2443 2506 2507
f 2443 2507 2444
f 2444 2507 2508
f 2444 2508 2445
f 2445 2508 2509
f 2445 2509 2446
f 2446 2509 2510
f 2446 2510 2447
f 2447 2510 2511
f 2447 2511 2448
f 2448 2511 2512
f 2448 2512 2449
f 2449 2512 2513
f 2449 2513 2450
f 2450 2513 2514
f 2450 2514 2451
f 2451 2514 2515
f 2451 2515 2452
f 2452 2515 2516
f 2452 2516 2453
f 2453 2516 2517
f 2453 2517 2454
f 2454 2517 2518
f 2454 2518 2455
f 2455 2518 2519
f 2455 2519 2456
f 2456 2519 2520
f 2456 2520 2457
f 2457 2520 2521
f 2457 2521 2458
f 2458 2521 2522
f 2458 2522 2459
f 2459 2522 2523
f 2459 2523 2460
f 2460 2523 2524
f 2460 2524 2461
f 2461 2524 2525
f 2461 2525 2462
f 2462 2525 2526
f 2462 2526 2463
f 2463 2526 2527
f 2463 2527 2464
f 2464 2527 2528
f 2464 2528 2465
f 2465 2528 2529
f 2465 2529 2466
f 2466 2529 2530
f 2466 2530 2467
f 2467 2530 2531
f 2467 2531 2468
f 2468 2531 2532
f 2468 2532 2469
f 2469 2532 2533
f 2469 2533 2470
f 2470 2533 2534
f 2470 2534 2471
f 2471 2534 2535
f 2471 2535 2472
f 2472 2535 2536
f 2472 2536 2473
f 2473 2536 2537
f 2473 2537 2474
f 2474 2537 2538
f 2474 2538 2475
f 2475 2538 2539
f 2475 2539 2476
f 2476 2539 2540
f 2476 2540 2477
f 2477 2540 2541
f 2477 2541 2478
f 2478 2541 2542
f 2478 2542 2479
f 2479 2542 2543
f 2479 2543 2480
f 2480 2543 2544
f 2480 2544 2481
f 2481 2544 2545
f 2481 2545 2482
f 2482 2545 2546
f 2482 2546 2483
f 2483 2546 2547
f 2483 2547 2484
f 2484 2547 2548
f 2484 2548 2485
f 2485 2548 2549
f 2485 2549 2486
f 2486 2549 2550
f 2486 2550 2487
f 2487 2550 2551
f 2487 2551 2488
f 2488 2551 2552
f 2488 2552 2489
f 2489 2552 2553
f 2489 2553 2490
f 2490 2553 2554
f 2490 2554 2491
f 2491 2554 2555
f 2491 2555 2492
f 2492 2555 2556
f 2492 2556 2493
f 2493 2556 2557
f 2493 2557 2494
f 2494 2557 2558
f 2494 2558 2495
f 2495 2558 2559
f 2495 2559 2496
f 2496 2559 2560
f 2496 2560 2497
f 2497 2560 2561
f 2497 2561 2498
f 2498 2561 2562
f 2498 2562 2499
f 2499 2562 2563
f 2499 2563 2500
f 2500 2563 2564
f 2500 2564 2501
f 2501 2564 2565
f 2501 2565 2502
f 2502 2565 2566
f 2502 2566 2503
f 2503 2566 2567
f 2503 2567 2504
f 2504 2567 2568
f 2504 2568 2505
f 2505 2568 2569
f 2505 2569 2506
f 2506 2569 2570
f 2506 2570 2507
f 2507 2570 2571
f 2507 2571 2508
f 2508 2571 2572
f 2508 2572 2509
f 2509 2572 2573
f 2509 2573 2510
f 2510 2573 2574
f 2510 2574 2511
f 2511 2574 2575
f 2511 2575 2512
f 2512 2575 2576
f 2512 2576 2513
f 2513 2576 2577
f 2513 2577 2514
f 2514 2577 2578
f 2514 2578 2515
f 2515 2578 2579
f 2515 2579 2516
f 2516 2579 2580
f 2516 2580 2517
f 2517 2580 2581
f 2517 2581 2518
f 2518 2581 2582
f 2518 2582 2519
f 2519 2582 2583
f 2519 2583 2520
f 2520 2583 2584
f 2520 2584 2521
f 2521 2584 2585
f 2521 2585 2522
f 2522 2585 2586
f 2522 2586 2523
f 2523 2586 2587
f 2523 2587 2524
f 2524 2587 2588
f 2524 2588 2525
f 2525 2588 2589
f 2525 2589 2526
f 2526 2589 2590
f 2526 2590 2527
f 2527 2590 2591
f 2527 2591 2528
f 2528 2591 2592
f 2528 2592 2529
f 2529 2592 2593
f 2529 2593 2530
f 2530 2593 2594
f 2530 2594 2531
f 2531 2594 2595
f 2531 2595 2532
f 2532 2595 2596
f 2532 2596 2533
f 2533 2596 2597
f 2533 2597 2534
f 2534 2597 2598
f 2534 2598 2535
f 2535 2598 2599
f 2535 2599 2536
f 2536 2599 2600
f 2536 2600 2537
f 2537 2600 2601
f 2537 2601 2538
f 2538 2601 2602
f 2538 2602 2539
f 2539 2602 2603
f 2539 2603 2540
f 2540 2603 2604
f 2540 2604 2541
f 2541 2604 2605
f 2541 2605 2542
f 2542 2605 2606
f 2542 2606 2543
f 2543 2606 2607
f 2543 2607 2544
f 2544 2607 2608
f 2544 2608 2545
f 2545 2608 2609
f 2545 2609 2546
f 2546 2609 2610
f 2546 2610 2547
f 2547 2610 2611
f 2547 2611 2548
f 2548 2611 2612
f 2548 2612 2549
f 2549 2612 2613
f 2549 2613 2550
f 2550 2613 2614
f 2550 2614 2551
f 2551 2614 2615
f 2551 2615 2552
f 2552 2615 2616
f 2552 2616 2553
f 2553 2616 2617
f 2553 2617 2554
f 2554 2617 2618
f 2554 2618 2555
f 2555 2618 2619
f 2555 2619 2556
f 2556 2619 2620
f 2556 2620 2557
f 2557 2620 2621
f 2557 2621 2558
f 2558 2621 2622
f 2558 2622 2559
f 2559 2622 2623
f 2559 2623 2560
f 2560 2623 2624
f 2560 2624 2561
f 2561 2624 2625
f 2561 2625 2562
f 2562 2625 2626
f 2562 2626 2563
f 2563 2626 2627
f 2563 2627 2564
f 2564 2627 2628
f 2564 2628 2565
f 2565 2628 2629
f 2565 2629 2566
f 2566 2629 2630
f 2566 2630 2567
f 2567 2630 2631
f 2567 2631 2568
f 2568 2631 2632
f 2568 2632 2569
f 2569 2632 2633
f 2569 2633 2570
f 2570 2633 2634
f 2570 2634 2571
f 2571 2634 2635
f 2571 2635 2572
f 2572 2635 2636
f 2572 2636 2573
f 2573 2636 2637
f 2573 2637 2574
f 2574 2637 2638
f 2574 2638 2575
f 2575 2638 2639
f 2575 2639 2576
f 2576 2639 2640
f 2576 2640 2577
f 2577 2640 2641
f 2577 2641 2578
f 2578 2641 2642
f 2578 2642 2579
f 2579 2642 2643
f 2579 2643 2580
f 2580 2643 2644
f 2580 2644 2581
f 2581 2644 2645
f 2581 2645 2582
f 2582 2645 2646
f 2582 2646 2583
f 2583 2646 2647
f 2583 2647 2584
f 2584 2647 2648
f 2584 2648 2585
f 2585 2648 2649
f 2585 2649 2586
f 2586 2649 2650
f 2586 2650 2587
f 2587 2650 2651
f 2587 2651 2588
f 2588 2651 2652
f 2588 2652 2589
f 2589 2652 2653
f 2589 2653 2590
f 2590 2653 2654
f 2590 2654 2591
f 2591 2654 2655
f 2591 2655 2592
f 2592 2655 2656
f 2592 2656 2593
f 2593 2656 2657
f 2593 2657 2594
f 2594 2657 2658
f 2594 2658 2595
f 2595 2658 2659
f 2595 2659 2596
f 2596 2659 2660
f 2596 2660 2597
f 2597 2660 2661
f 2597 2661 2598
f 2598 2661 2662
f 2598 2662 2599
f 2599 2662 2663
f 2599 2663 2600
f 2600 2663 2664
f 2600 2664 2601
f 2601 2664 2665
f 2601 2665 2602
f 2602 2665 2666
f 2602 2666 2603
f 2603 2666 2667
f 2603 2667 2604
f 2604 2667 2668
f 2604 2668 2605
f 2605 2668 2669
f 2605 2669 2606
f 2606 2669 2670
f 2606 2670 2607
f 2607 2670 2671
f 2607 2671 2608
f 2608 2671 2672
f 2608 2672 2609
f 2609 2672 2673
f 2609 2673 2610
f 2610 2673 2674
f 2610 2674 2611
f 2611 2674 2675
f 2611 2675 2612
f 2612 2675 2676
f 2612 2676 2613
f 2613 2676 2677
f 2613 2677 2614
f 2614 2677 2678
f 2614 2678 2615
f 2615 2678 2679
f 2615 2679 2616
f 2616 2679 2680
f 2616 2680 2617
f 2617 2680 2681
f 2617 2681 2618
f 2618 2681 2682
f 2618 2682 2619
f 2619 2682 2683
f 2619 2683 2620
f 2620 2683 2684
f 2620 2684 2621
f 2621 2684 2685
f 2621 2685 2622
f 2622 2685 2686
f 2622 2686 2623
f 2623 2686 2687
f 2623 2687 2624
f 2624 2687 2688
f 2624 2688 2625
f 2625 2688 2689
f 2625 2689 2626
f 2626 2689 2690
f 2626 2690 2627
f 2627 2690 2691
f 2627 2691 2628
f 2628 2691 2692
f 2628 2692 2629
f 2629 2692 2693
f 2629 2693 2630
f 2630 2693 2694
f 2630 2694 2631
f 2631 2694 2695
f 2631 2695 2632
f 2632 2695 2696
f 2632 2696 2633
f 2633 2696 2697
f 2633 2697 2634
f 2634 2697 2698
f 2634 2698 2635
f 2635 2698 2699
f 2635 2699 2636
f 2636 2699 2700
f 2636 2700 2637
f 2637 2700 2701
f 2637 2701 2638
f 2638 2701 2702
f 2638 2702 2639
f 2639 2702 2703
f 2639 2703 2640
f 2640 2703 2704
f 2640 2704 2641
f 2641 2704 2705
f 2641 2705 2642
f 2642 2705 2706
f 2642 2706 2643
f 2643 2706 2707
f 2643 2707 2644
f 2644 2707 2708
f 2644 2708 2645
f 2645 2708 2709
f 2645 2709 2646
f 2646 2709 2710
f 2646 2710 2647
f 2647 2710 2711
f 2647 2711 2648
f 2648 2711 2712
f 2648 2712 2649
f 2649 2712 2713
f 2649 2713 2650
f 2650 2713 2714
f 2650 2714 2651
f 2651 2714 2715
f 2651 2715 2652
f 2652 2715 2716
f 2652 2716 2653
f 2653 2716 2717
f 2653 2717 2654
f 2654 2717 2718
f 2654 2718 2655
f 2655 2718 2719
f 2655 2719 2656
f 2656 2719 2720
f 2656 2720 2657
f 2657 2720 2721
f 2657 2721 2658
f 2658 2721 2722
f 2658 2722 2659
f 2659 2722 2723
f 2659 2723 2660
f 2660 2723 2724
f 2660 2724 2661
f 2661 2724 2725
f 2661 2725 2662
f 2662 2725 2726
f 2662 2726 2663
f 2663 2726 2727
f 2663 2727 2664
f 2664 2727 2728
f 2664 2728 2665
f 2665 2728 2729
f 2665 2729 2666
f 2666 2729 2730
f 2666 2730 2667
f 2667 2730 2731
f 2667 2731 2668
f 2668 2731 2732
f 2668 2732 2669
f 2669 2732 2733
f 2669 2733 2670
f 2670 2733 2734
f 2670 2734 2671
f 2671 2734 2735
f 2671 2735 2672
f 2672 2735 2736
f 2672 2736 2673
f 2673 2736 2737
f 2673 2737 2674
f 2674 2737 2738
f 2674 2738 2675
f 2675 2738 2739
f 2675 2739 2676
f 2676 2739 2740
f 2676 2740 2677
f 2677 2740 2741
f 2677 2741 2678
f 2678 2741 2742
f 2678 2742 2679
f 2679 2742 2743
f 2679 2743 2680
f 2680 2743 2744
f 2680 2744 2681
f 2681 2744 2745
f 2681 2745 2682
f 2682 2745 2746
f 2682 2746 2683
f 2683 2746 2747
f 2683 2747 2684
f 2684 2747 2748
f 2684 2748 2685
f 2685 2748 2749
f 2685 2749 2686
f 2686 2749 2750
f 2686 2750 2687
f 2687 2750 2751
f 2687 2751 2688
f 2688 2751 2752
f 2688 2752 2689
f 2689 2752 2753
f 2689 2753 2690
f 2690 2753 2754
f 2690 2754 2691
f 2691 2754 2755
f 2691 2755 2692
f 2692 2755 2756
f 2692 2756 2693
f 2693 2756 2757
f 2693 2757 2694
f 2694 2757 2758
f 2694 2758 2695
f 2695 2758 2759
f 2695 2759 2696
f 2696 2759 2760
f 2696 2760 2697
f 2697 2760 2761
f 2697 2761 2698
f 2698 2761 2762
f 2698 2762 2699
f 2699 2762 2763
f 2699 2763 2700
f 2700 2763 2764
f 2700 2764 2701
f 2701 2764 2765
f 2701 2765 2702
f 2702 2765 2766
f 2702 2766 2703
f 2703 2766 2767
f 2703 2767 2704
f 2704 2767 2768
f 2704 2768 2705
f 2705 2768 2769
f 2705 2769 2706
f 2706 2769 2770
f 2706 2770 2707
f 2707 2770 2771
f 2707 2771 2708
f 2708 2771 2772
f 2708 2772 2709
f 2709 2772 2773
f 2709 2773 2710
f 2710 2773 2774
f 2710 2774 2711
f 2711 2774 2775
f 2711 2775 2712
f 2712 2775 2776
f 2712 2776 2713
f 2713 2776 2777
f 2713 2777 2714
f 2714 2777 2778
f 2714 2778 2715
f 2715 2778 2779
f 2715 2779 2716
f 2716 2779 2780
f 2716 2780 2717
f 2717 2780 2781
f 2717 2781 2718
f 2718 2781 2782
f 2718 2782 2719
f 2719 2782 2783
f 2719 2783 2720
f 2720 2783 2784
f 2720 2784 2721
f 2721 2784 2785
f 2721 2785 2722
f 2722 2785 2786
f 2722 2786 2723
f 2723 2786 2787
f 2723 2787 2724
f 2724 2787 2788
f 2724 2788 2725
f 2725 2788 2789
f 2725 2789 2726
f 2726 2789 2790
f 2726 2790 2727
f 2727 2790 2791
f 2727 2791 2728
f 2728 2791 2792
f 2728 2792 2729
f 2729 2792 2793
f 2729 2793 2730
f 2730 2793 2794
f 2730 2794 2731
f 2731 2794 2795
f 2731 2795 2732
f 2732 2795 2796
f 2732 2796 2733
f 2733 2796 2797
f 2733 2797 2734
f 2734 2797 2798
f 2734 2798 2735
f 2735 2798 2799
f 2735 2799 2736
f 2736 2799 2800
f 2736 2800 2737
f 2737 2800 2801
f 2737 2801 2738
f 2738 2801 2802
f 2738 2802 2739
f 2739 2802 2803
f 2739 2803 2740
f 2740 2803 2804
f 2740 2804 2741
f 2741 2804 2805
f 2741 2805 2742
f 2742 2805 2806
f 2742 2806 2743
f 2743 2806 2807
f 2743 2807 2744
f 2744 2807 2808
f 2744 2808 2745
f 2745 2808 2809
f 2745 2809 2746
f 2746 2809 2810
f 2746 2810 2747
f 2747 2810 2811
f 2747 2811 2748
f 2748 2811 2812
f 2748 2812 2749
f 2749 2812 2813
f 2749 2813 2750
f 2750 2813 2814
f 2750 2814 2751
f 2751 2814 2815
f 2751 2815 2752
f 2752 2815 2816
f 2752 2816 2753
f 2753 2816 2817
f 2753 2817 2754
f 2754 2817 2818
f 2754 2818 2755
f 2755 2818 2819
f 2755 2819 2756
f 2756 2819 2820
f 2756 2820 2757
f 2757 2820 2821
f 2757 2821 2758
f 2758 2821 2822
f 2758 2822 2759
f 2759 2822 2823
f 2759 2823 2760
f 2760 2823 2824
f 2760 2824 2761
f 2761 2824 2825
f 2761 2825 2762
f 2762 2825 2826
f 2762 2826 2763
f 2763 2826 2827
f 2763 2827 2764
f 2764 2827 2828
f 2764 2828 2765
f 2765 2828 2829
f 2765 2829 2766
f 2766 2829 2830
f 2766 2830 2767
f 2767 2830 2831
f 2767 2831 2768
f 2768 2831 2832
f 2768 2832 2769
f 2769 2832 2833
f 2769 2833 2770
f 2770 2833 2834
f 2770 2834 2771
f 2771 2834 2835
f 2771 2835 2772
f 2772 2835 2836
f 2772 2836 2773
f 2773 2836 2837
f 2773 2837 2774
f 2774 2837 2838
f 2774 2838 2775
f 2775 2838 2839
f 2775 2839 2776
f 2776 2839 2840
f 2776 2840 2777
f 2777 2840 2841
f 2777 2841 2778
f 2778 2841 2842
f 2778 2842 2779
f 2779 2842 2843
f 2779 2843 2780
f 2780 2843 2844
f 2780 2844 2781
f 2781 2844 2845
f 2781 2845 2782
f 2782 2845 2846
f 2782 2846 2783
f 2783 2846 2847
f 2783 2847 2784
f 2784 2847 2848
f 2784 2848 2785
f 2785 2848 2849
f 2785 2849 2786
f 2786 2849 2850
f 2786 2850 2787
f 2787 2850 2851
f 2787 2851 2788
f 2788 2851 2852
f 2788 2852 2789
f 2789 2852 2853
f 2789 2853 2790
f 2790 2853 2854
f 2790 2854 2791
f 2791 2854 2855
f 2791 2855 2792
f 2792 2855 2856
f 2792 2856 2793
f 2793 2856 2857
f 2793 2857 2794
f 2794 2857 2858
f 2794 2858 2795
f 2795 2858 2859
f 2795 2859 2796
f 2796 2859 2860
f 2796 2860 2797
f 2797 2860 2861
f 2797 2861 2798
f 2798 2861 2862
f 2798 2862 2799
f 2799 2862 2863
f 2799 2863 2800
f 2800 2863 2864
f 2800 2864 2801
f 2801 2864 2865
f 2801 2865 2802
f 2802 2865 2866
f 2802 2866 2803
f 2803 2866 2867
f 2803 2867 2804
f 2804 2867 2868
f 2804 2868 2805
f 2805 2868 2869
f 2805 2869 2806
f 2806 2869 2870
f 2806 2870 2807
f 2807 2870 2871
f 2807 2871 2808
f 2808 2871 2872
f 2808 2872 2809
f 2809 2872 2873
f 2809 2873 2810
f 2810 2873 2874
f 2810 2874 2811
f 2811 2874 2875
f 2811 2875 2812
f 2812 2875 2876
f 2812 2876 2813
f 2813 2876 2877
f 2813 2877 2814
f 2814 2877 2878
f 2814 2878 2815
f 2815 2878 2879
f 2815 2879 2816
f 2816 2879 2880
f 2816 2880 2817
f 2817 2880 2881
f 2817 2881 2818
f 2818 2881 2882
f 2818 2882 2819
f 2819 2882 2883
f 2819 2883 2820
f 2820 2883 2884
f 2820 2884 2821
f 2821 2884 2885
f 2821 2885 2822
f 2822 2885 2886
f 2822 2886 2823
f 2823 2886 2887
f 2823 2887 2824
f 2824 2887 2888
f 2824 2888 2825
f 2825 2888 2889
f 2825 2889 2826
f 2826 2889 2890
f 2826 2890 2827
f 2827 2890 2891
f 2827 2891 2828
f 2828 2891 2892
f 2828 2892 2829
f 2829 2892 2893
f 2829 2893 2830
f 2830 2893 2894
f 2830 2894 2831
f 2831 2894 2895
f 2831 2895 2832
f 2832 2895 2896
f 2832 2896 2833
f 2833 2896 2897
f 2833 2897 2834
f 2834 2897 2898
f 2834 2898 2835
f 2835 2898 2899
f 2835 2899 2836
f 2836 2899 2900
f 2836 2900 2837
f 2837 2900 2901
f 2837 2901 2838
f 2838 2901 2902
f 2838 2902 2839
f 2839 2902 2903
f 2839 2903 2840
f 2840 2903 2904
f 2840 2904 2841
f 2841 2904 2905
f 2841 2905 2842
f 2842 2905 2906
f 2842 2906 2843
f 2843 2906 2907
f 2843 2907 2844
f 2844 2907 2908
f 2844 2908 2845
f 2845 2908 2909
f 2845 2909 2846
f 2846 2909 2910
f 2846 2910 2847
f 2847 2910 2911
f 2847 2911 2848
f 2848 2911 2912
f 2848 2912 2849
f 2849 2912 2913
f 2849 2913 2850
f 2850 2913 2914
f 2850 2914 2851
f 2851 2914 2915
f 2851 2915 2852
f 2852 2915 2916
f 2852 2916 2853
f 2853 2916 2917
f 2853 2917 2854
f 2854 2917 2918
f 2854 2918 2855
f 2855 2918 2919
f 2855 2919 2856
f 2856 2919 2920
f 2856 2920 2857
f 2857 2920 2921
f 2857 2921 2858
f 2858 2921 2922
f 2858 2922 2859
f 2859 2922 2923
f 2859 2923 2860
f 2860 2923 2924
f 2860 2924 2861
f 2861 2924 2925
f 2861 2925 2862
f 2862 2925 2926
f 2862 2926 2863
f 2863 2926 2927
f 2863 2927 2864
f 2864 2927 2928
f 2864 2928 2865
f 2865 2928 2929
f 2865 2929 2866
f 2866 2929 2930
f 2866 2930 2867
f 2867 2930 2931
f 2867 2931 2868
f 2868 2931 2932
f 2868 2932 2869
f 2869 2932 2933
f 2869 2933 2870
f 2870 2933 2934
f 2870 2934 2871
f 2871 2934 2935
f 2871 2935 2872
f 2872 2935 2936
f 2872 2936 2873
f 2873 2936 2937
f 2873 2937 2874
f 2874 2937 2938
f 2874 2938 2875
f 2875 2938 2939
f 2875 2939 2876
f 2876 2939 2940
f 2876 2940 2877
f 2877 2940 2941
f 2877 2941 2878
f 2878 2941 2942
f 2878 2942 2879
f 2879 2942 2943
f 2879 2943 2880
f 2880 2943 2944
f 2880 2944 2881
f 2881 2944 2945
f 2881 2945 2882
f 2882 2945 2946
f 2882 2946 2883
f 2883 2946 2947
f 2883 2947 2884
f 2884 2947 2948
f 2884 2948 2885
f 2885 2948 2949
f 2885 2949 2886
f 2886 2949 2950
f 2886 2950 2887
f 2887 2950 2951
f 2887 2951 2888
f 2888 2951 2952
f 2888 2952 2889
f 2889 2952 2953
f 2889 2953 2890
f 2890 2953 2954
f 2890 2954 2891
f 2891 2954 2955
f 2891 2955 2892
f 2892 2955 2956
f 2892 2956 2893
f 2893 2956 2957
f 2893 2957 2894
f 2894 2957 2958
f 2894 2958 2895
f 2895 2958 2959
f 2895 2959 2896
f 2896 2959 2960
f 2896 2960 2897
f 2897 2960 2961
f 2897 2961 2898
f 2898 2961 2962
f 2898 2962 2899
f 2899 2962 2963
f 2899 2963 2900
f 2900 2963 2964
f 2900 2964 2901
f 2901 2964 2965
f 2901 2965 2902
f 2902 2965 2966
f 2902 2966 2903
f 2903 2966 2967
f 2903 2967 2904
f 2904 2967 2968
f 2904 2968 2905
f 2905 2968 2969
f 2905 2969 2906
f 2906 2969 2970
f 2906 2970 2907
f 2907 2970 2971
f 2907 2971 2908
f 2908 2971 2972
f 2908 2972 2909
f 2909 2972 2973
f 2909 2973 2910
f 2910 2973 2974
f 2910 2974 2911
f 2911 2974 2975
f 2911 2975 2912
f 2912 2975 2976
f 2912 2976 2913
f 2913 2976 2977
f 2913 2977 2914
f 2914 2977 2978
f 2914 2978 2915
f 2915 2978 2979
f 2915 2979 2916
f 2916 2979 2980
f 2916 2980 2917
f 2917 2980 2981
f 2917 2981 2918
f 2918 2981 2982
f 2918 2982 2919
f 2919 2982 2983
f 2919 2983 2920
f 2920 2983 2984
f 2920 2984 2921
f 2921 2984 2985
f 2921 2985 2922
f 2922 2985 2986
f 2922 2986 2923
f 2923 2986 2987
f 2923 2987 2924
f 2924 2987 2988
f 2924 2988 2925
f 2925 2988 2989
f 2925 2989 2926
f 2926 2989 2990
f 2926 2990 2927
f 2927 2990 2991
f 2927 2991 2928
f 2928 2991 2992
f 2928 2992 2929
f 2929 2992 2993
f 2929 2993 2930
f 2930 2993 2994
f 2930 2994 2931
f 2931 2994 2995
f 2931 2995 2932
f 2932 2995 2996
f 2932 2996 2933
f 2933 2996 2997
f 2933 2997 2934
f 2934 2997 2998
f 2934 2998 2935
f 2935 2998 2999
f 2935 2999 2936
f 2936 2999 3000
f 2936 3000 2937
f 2937 3000 3001
f 2937 3001 2938
f 2938 3001 3002
f 2938 3002 2939
f 2939 3002 3003
f 2939 3003 2940
f 2940 3003 3004
f 2940 3004 2941
f 2941 3004 3005
f 2941 3005 2942
f 2942 3005 3006
f 2942 3006 2943
f 2943 3006 3007
f 2943 3007 2944
f 2944 3007 3008
f 2944 3008 2945
f 2945 3008 3009
f 2945 3009 2946
f 2946 3009 3010
f 2946 3010 2947
f 2947 3010 3011
f 2947 3011 2948
f 2948 3011 3012
f 2948 3012 2949
f 2949 3012 3013
f 2949 3013 2950
f 2950 3013 3014
f 2950 3014 2951
f 2951 3014 3015
f 2951 3015 2952
f 2952 3015 3016
f 2952 3016 2953
f 2953 3016 3017
f 2953 3017 2954
f 2954 3017 3018
f 2954 3018 2955
f 2955 3018 3019
f 2955 3019 2956
f 2956 3019 3020
f 2956 3020 2957
f 2957 3020 3021
f 2957 3021 2958
f 2958 3021 3022
f 2958 3022 2959
f 2959 3022 3023
f 2959 3023 2960
f 2960 3023 3024
f 2960 3024 2961
f 2961 3024 3025
f 2961 3025 2962
f 2962 3025 3026
f 2962 3026 2963
f 2963 3026 3027
f 2963 3027 2964
f 2964 3027 3028
f 2964 3028 2965
f 2965 3028 3029
f 2965 3029 2966
f 2966 3029 3030
f 2966 3030 2967
f 2967 3030 3031
f 2967 3031 2968
f 2968 3031 3032
f 2968 3032 2969
f 2969 3032 3033
f 2969 3033 2970
f 2970 3033 3034
f 2970 3034 2971
f 2971 3034 3035
f 2971 3035 2972
f 2972 3035 3036
f 2972 3036 2973
f 2973 3036 3037
f 2973 3037 2974
f 2974 3037 3038
f 2974 3038 2975
f 2975 3038 3039
f 2975 3039 2976
f 2976 3039 3040
f 2976 3040 2977
f 2977 3040 3041
f 2977 3041 2978
f 2978 3041 3042
f 2978 3042 2979
f 2979 3042 3043
f 2979 3043 2980
f 2980 3043 3044
f 2980 3044 2981
f 2981 3044 3045
f 2981 3045 2982
f 2982 3045 3046
f 2982 3046 2983
f 2983 3046 3047
f 2983 3047 2984
f 2984 3047 3048
f 2984 3048 2985
f 2985 3048 3049
f 2985 3049 2986
f 2986 3049 3050
f 2986 3050 2987
f 2987 3050 3051
f 2987 3051 2988
f 2988 3051 3052
f 2988 3052 2989
f 2989 3052 3053
f 2989 3053 2990
f 2990 3053 3054
f 2990 3054 2991
f 2991 3054 3055
f 2991 3055 2992
f 2992 3055 3056
f 2992 3056 2993
f 2993 3056 3057
f 2993 3057 2994
f 2994 3057 3058
f 2994 3058 2995
f 2995 3058 3059
f 2995 3059 2996
f 2996 3059 3060
f 2996 3060 2997
f 2997 3060 3061
f 2997 3061 2998
f 2998 3061 3062
f 2998 3062 2999
f 2999 3062 3063
f 2999 3063 3000
f 3000 3063 3064
f 3000 3064 3001
f 3001 3064 3065
f 3001 3065 3002
f 3002 3065 3066
f 3002 3066 3003
f 3003 3066 3067
f 3003 3067 3004
f 3004 3067 3068
f 3004 3068 3005
f 3005 3068 3069
f 3005 3069 3006
f 3006 3069 3070
f 3006 3070 3007
f 3007 3070 3071
f 3007 3071 3008
f 3008 3071 3072
f 3008 3072 3009
f 3009 3072 3073
f 3009 3073 3010
f 3010 3073 3074
f 3010 3074 3011
f 3011 3074 3075
f 3011 3075 3012
f 3012 3075 3076
f 3012 3076 3013
f 3013 3076 3077
f 3013 3077 3014
f 3014 3077 3078
f 3014 3078 3015
f 3015 3078 3079
f 3015 3079 3016
f 3016 3079 3080
f 3016 3080 3017
f 3017 3080 3081
f 3017 3081 3018
f 3018 3081 3082
f 3018 3082 3019
f 3019 3082 3083
f 3019 3083 3020
f 3020 3083 3084
f 3020 3084 3021
f 3021 3084 3085
f 3021 3085 3022
f 3022 3085 3086
f 3022 3086 3023
f 3023 3086 3087
f 3023 3087 3024
f 3024 3087 3088
f 3024 3088 3025
f 3025 3088 3089
f 3025 3089 3026
f 3026 3089 3090
f 3026 3090 3027
f 3027 3090 3091
f 3027 3091 3028
f 3028 3091 3092
f 3028 3092 3029
f 3029 3092 3093
f 3029 3093 3030
f 3030 3093 3094
f 3030 3094 3031
f 3031 3094 3095
f 3031 3095 3032
f 3032 3095 3096
f 3032 3096 3033
f 3033 3096 3097
f 3033 3097 3034
f 3034 3097 3098
f 3034 3098 3035
f 3035 3098 3099
f 3035 3099 3036
f 3036 3099 3100
f 3036 3100 3037
f 3037 3100 3101
f 3037 3101 3038
f 3038 3101 3102
f 3038 3102 3039
f 3039 3102 3103
f 3039 3103 3040
f 3040 3103 3104
f 3040 3104 3041
f 3041 3104 3105
f 3041 3105 3042
f 3042 3105 3106
f 3042 3106 3043
f 3043 3106 3107
f 3043 3107 3044
f 3044 3107 3108
f 3044 3108 3045
f 3045 3108 3109
f 3045 3109 3046
f 3046 3109 3110
f 3046 3110 3047
f 3047 3110 3111
f 3047 3111 3048
f 3048 3111 3112
f 3048 3112 3049
f 3049 3112 3113
f 3049 3113 3050
f 3050 3113 3114
f 3050 3114 3051
f 3051 3114 3115
f 3051 3115 3052
f 3052 3115 3116
f 3052 3116 3053
f 3053 3116 3117
f 3053 3117 3054
f 3054 3117 3118
f 3054 3118 3055
f 3055 3118 3119
f 3055 3119 3056
f 3056 3119 3120
f 3056 3120 3057
f 3057 3120 3121
f 3057 3121 3058
f 3058 3121 3122
f 3058 3122 3059
f 3059 3122 3123
f 3059 3123 3060
f 3060 3123 3124
f 3060 3124 3061
f 3061 3124 3125
f 3061 3125 3062
f 3062 3125 3126
f 3062 3126 3063
f 3063 3126 3127
f 3063 3127 3064
f 3064 3127 3128
f 3064 3128 3065
f 3065 3128 3129
f 3065 3129 3066
f 3066 3129 3130
f 3066 3130 3067
f 3067 3130 3131
f 3067 3131 3068
f 3068 3131 3132
f 3068 3132 3069
f 3069 3132 3133
f 3069 3133 3070
f 3070 3133 3134
f 3070 3134 3071
f 3071 3134 3135
f 3071 3135 3072
f 3072 3135 3136
f 3072 3136 3073
f 3073 3136 3137
f 3073 3137 3074
f 3074 3137 3138
f 3074 3138 3075
f 3075 3138 3139
f 3075 3139 3076
f 3076 3139 3140
f 3076 3140 3077
f 3077 3140 3141
f 3077 3141 3078
f 3078 3141 3142
f 3078 3142 3079
f 3079 3142 3143
f 3079 3143 3080
f 3080 3143 3144
f 3080 3144 3081
f 3081 3144 3145
f 3081 3145 3082
f 3082 3145 3146
f 3082 3146 3083
f 3083 3146 3147
f 3083 3147 3084
f 3084 3147 3148
f 3084 3148 3085
f 3085 3148 3149
f 3085 3149 3086
f 3086 3149 3150
f 3086 3150 3087
f 3087 3150 3151
f 3087 3151 3088
f 3088 3151 3152
f 3088 3152 3089
f 3089 3152 3153
f 3089 3153 3090
f 3090 3153 3154
f 3090 3154 3091
f 3091 3154 3155
f 3091 3155 3092
f 3092 3155 3156
f 3092 3156 3093
f 3093 3156 3157
f 3093 3157 3094
f 3094 3157 3158
f 3094 3158 3095
f 3095 3158 3159
f 3095 3159 3096
f 3096 3159 3160
f 3096 3160 3097
f 3097 3160 3161
f 3097 3161 3098
f 3098 3161 3162
f 3098 3162 3099
f 3099 3162 3163
f 3099 3163 3100
f 3100 3163 3164
f 3100 3164 3101
f 3101 3164 3165
f 3101 3165 3102
f 3102 3165 3166
f 3102 3166 3103
f 3103 3166 3167
f 3103 3167 3104
f 3104 3167 3168
f 3104 3168 3105
f 3105 3168 3169
f 3105 3169 3106
f 3106 3169 3170
f 3106 3170 3107
f 3107 3170 3171
f 3107 3171 3108
f 3108 3171 3172
f 3108 3172 3109
f 3109 3172 3173
f 3109 3173 3110
f 3110 3173 3174
f 3110 3174 3111
f 3111 3174 3175
f 3111 3175 3112
f 3112 3175 3176
f 3112 3176 3113
f 3113 3176 3177
f 3113 3177 3114
f 3114 3177 3178
f 3114 3178 3115
f 3115 3178 3179
f 3115 3179 3116
f 3116 3179 3180
f 3116 3180 3117
f 3117 3180 3181
f 3117 3181 3118
f 3118 3181 3182
f 3118 3182 3119
f 3119 3182 3183
f 3119 3183 3120
f 3120 3183 3184
f 3120 3184 3121
f 3121 3184 3185
f 3121 3185 3122
f 3122 3185 3186
f 3122 3186 3123
f 3123 3186 3187
f 3123 3187 3124
f 3124 3187 3188
f 3124 3188 3125
f 3125 3188 3189
f 3125 3189 3126
f 3126 3189 3190
f 3126 3190 3127
f 3127 3190 3191
f 3127 3191 3128
f 3128 3191 3192
f 3128 3192 3129
f 3129 3192 3193
f 3129 3193 3130
f 3130 3193 3194
f 3130 3194 3131
f 3131 3194 3195
f 3131 3195 3132
f 3132 3195 3196
f 3132 3196 3133
f 3133 3196 3197
f 3133 3197 3134
f 3134 3197 3198
f 3134 3198 3135
f 3135 3198 3199
f 3135 3199 3136
f 3136 3199 3200
f 3136 3200 3137
f 3137 3200 3201
f 3137 3201 3138
f 3138 3201 3202
f 3138 3202 3139
f 3139 3202 3203
f 3139 3203 3140
f 3140 3203 3204
f 3140 3204 3141
f 3141 3204 3205
f 3141 3205 3142
f 3142 3205 3206
f 3142 3206 3143
f 3143 3206 3207
f 3143 3207 3144
f 3144 3207 3208
f 3144 3208 3145
f 3145 3208 3209
f 3145 3209 3146
f 3146 3209 3210
f 3146 3210 3147
f 3147 3210 3211
f 3147 3211 3148
f 3148 3211 3212
f 3148 3212 3149
f 3149 3212 3213
f 3149 3213 3150
f 3150 3213 3214
f 3150 3214 3151
f 3151 3214 3215
f 3151 3215 3152
f 3152 3215 3216
f 3152 3216 3153
f 3153 3216 3217
f 3153 3217 3154
f 3154 3217 3218
f 3154 3218 3155
f 3155 3218 3219
f 3155 3219 3156
f 3156 3219 3220
f 3156 3220 3157
f 3157 3220 3221
f 3157 3221 3158
f 3158 3221 3222
f 3158 3222 3159
f 3159 3222 3223
f 3159 3223 3160
f 3160 3223 3224
f 3160 3224 3161
f 3161 3224 3225
f 3161 3225 3162
f 3162 3225 3226
f 3162 3226 3163
f 3163 3226 3227
f 3163 3227 3164
f 3164 3227 3228
f 3164 3228 3165
f 3165 3228 3229
f 3165 3229 3166
f 3166 3229 3230
f 3166 3230 3167
f 3167 3230 3231
f 3167 3231 3168
f 3168 3231 3232
f 3168 3232 3169
f 3169 3232 3233
f 3169 3233 3170
f 3170 3233 3234
f 3170 3234 3171
f 3171 3234 3235
f 3171 3235 3172
f 3172 3235 3236
f 3172 3236 3173
f 3173 3236 3237
f 3173 3237 3174
f 3174 3237 3238
f 3174 3238 3175
f 3175 3238 3239
f 3175 3239 3176
f 3176 3239 3240
f 3176 3240 3177
f 3177 3240 3241
f 3177 3241 3178
f 3178 3241 3242
f 3178 3242 3179
f 3179 3242 3243
f 3179 3243 3180
f 3180 3243 3244
f 3180 3244 3181
f 3181 3244 3245
f 3181 3245 3182
f 3182 3245 3246
f 3182 3246 3183
f 3183 3246 3247
f 3183 3247 3184
f 3184 3247 3248
f 3184 3248 3185
f 3185 3248 3249
f 3185 3249 3186
f 3186 3249 3250
f 3186 3250 3187
f 3187 3250 3251
f 3187 3251 3188
f 3188 3251 3252
f 3188 3252 3189
f 3189 3252 3253
f 3189 3253 3190
f 3190 3253 3254
f 3190 3254 3191
f 3191 3254 3255
f 3191 3255 3192
f 3192 3255 3256
f 3192 3256 3193
f 3193 3256 3257
f 3193 3257 3194
f 3194 3257 3258
f 3194 3258 3195
f 3195 3258 3259
f 3195 3259 3196
f 3196 3259 3260
f 3196 3260 3197
f 3197 3260 3261
f 3197 3261 3198
f 3198 3261 3262
f 3198 3262 3199
f 3199 3262 3263
f 3199 3263 3200
f 3200 3263 3264
f 3200 3264 3201
f 3201 3264 3265
f 3201 3265 3202
f 3202 3265 3266
f 3202 3266 3203
f 3203 3266 3267
f 3203 3267 3204
f 3204 3267 3268
f 3204 3268 3205
f 3205 3268 3269
f 3205 3269 3206
f 3206 3269 3270
f 3206 3270 3207
f 3207 3270 3271
f 3207 3271 3208
f 3208 3271 3272
f 3208 3272 3209
f 3209 3272 3273
f 3209 3273 3210
f 3210 3273 3274
f 3210 3274 3211
f 3211 3274 3275
f 3211 3275 3212
f 3212 3275 3276
f 3212 3276 3213
f 3213 3276 3277
f 3213 3277 3214
f 3214 3277 3278
f 3214 3278 3215
f 3215 3278 3279
f 3215 3279 3216
f 3216 3279 3280
f 3216 3280 3217
f 3217 3280 3281
f 3217 3281 3218
f 3218 3281 3282
f 3218 3282 3219
f 3219 3282 3283
f 3219 3283 3220
f 3220 3283 3284
f 3220 3284 3221
f 3221 3284 3285
f 3221 3285 3222
f 3222 3285 3286
f 3222 3286 3223
f 3223 3286 3287
f 3223 3287 3224
f 3224 3287 3288
f 3224 3288 3225
f 3225 3288 3289
f 3225 3289 3226
f 3226 3289 3290
f 3226 3290 3227
f 3227 3290 3291
f 3227 3291 3228
f 3228 3291 3292
f 3228 3292 3229
f 3229 3292 3293
f 3229 3293 3230
f 3230 3293 3294
f 3230 3294 3231
f 3231 3294 3295
f 3231 3295 3232
f 3232 3295 3296
f 3232 3296 3233
f 3233 3296 3297
f 3233 3297 3234
f 3234 3297 3298
f 3234 3298 3235
f 3235 3298 3299
f 3235 3299 3236
f 3236 3299 3300
f 3236 3300 3237
f 3237 3300 3301
f 3237 3301 3238
f 3238 3301 3302
f 3238 3302 3239
f 3239 3302 3303
f 3239 3303 3240
f 3240 3303 3304
f 3240 3304 3241
f 3241 3304 3305
f 3241 3305 3242
f 3242 3305 3306
f 3242 3306 3243
f 3243 3306 3307
f 3243 3307 3244
f 3244 3307 3308
f 3244 3308 3245
f 3245 3308 3309
f 3245 3309 3246
f 3246 3309 3310
f 3246 3310 3247
f 3247 3310 3311
f 3247 3311 3248
f 3248 3311 3312
f 3248 3312 3249
f 3249 3312 3313
f 3249 3313 3250
f 3250 3313 3314
f 3250 3314 3251
f 3251 3314 3315
f 3251 3315 3252
f 3252 3315 3316
f 3252 3316 3253
f 3253 3316 3317
f 3253 3317 3254
f 3254 3317 3318
f 3254 3318 3255
f 3255 3318 3319
f 3255 3319 3256
f 3256 3319 3320
f 3256 3320 3257
f 3257 3320 3321
f 3257 3321 3258
f 3258 3321 3322
f 3258 3322 3259
f 3259 3322 3323
f 3259 3323 3260
f 3260 3323 3324
f 3260 3324 3261
f 3261 3324 3325
f 3261 3325 3262
f 3262 3325 3326
f 3262 3326 3263
f 3263 3326 3327
f 3263 3327 3264
f 3264 3327 3328
f 3264 3328 3265
f 3265 3328 3329
f 3265 3329 3266
f 3266 3329 3330
f 3266 3330 3267
f 3267 3330 3331
f 3267 3331 3268
f 3268 3331 3332
f 3268 3332 3269
f 3269 3332 3333
f 3269 3333 3270
f 3270 3333 3334
f 3270 3334 3271
f 3271 3334 3335
f 3271 3335 3272
f 3272 3335 3336
f 3272 3336 3273
f 3273 3336 3337
f 3273 3337 3274
f 3274 3337 3338
f 3274 3338 3275
f 3275 3338 3339
f 3275 3339 3276
f 3276 3339 3340
f 3276 3340 3277
f 3277 3340 3341
f 3277 3341 3278
f 3278 3341 3342
f 3278 3342 3279
f 3279 3342 3343
f 3279 3343 3280
f 3280 3343 3344
f 3280 3344 3281
f 3281 3344 3345
f 3281 3345 3282
f 3282 3345 3346
f 3282 3346 3283
f 3283 3346 3347
f 3283 3347 3284
f 3284 3347 3348
f 3284 3348 3285
f 3285 3348 3349
f 3285 3349 3286
f 3286 3349 3350
f 3286 3350 3287
f 3287 3350 3351
f 3287 3351 3288
f 3288 3351 3352
f 3288 3352 3289
f 3289 3352 3353
f 3289 3353 3290
f 3290 3353 3354
f 3290 3354 3291
f 3291 3354 3355
f 3291 3355 3292
f 3292 3355 3356
f 3292 3356 3293
f 3293 3356 3357
f 3293 3357 3294
f 3294 3357 3358
f 3294 3358 3295
f 3295 3358 3359
f 3295 3359 3296
f 3296 3359 3360
f 3296 3360 3297
f 3297 3360 3361
f 3297 3361 3298
f 3298 3361 3362
f 3298 3362 3299
f 3299 3362 3363
f 3299 3363 3300
f 3300 3363 3364
f 3300 3364 3301
f 3301 3364 3365
f 3301 3365 3302
f 3302 3365 3366
f 3302 3366 3303
f 3303 3366 3367
f 3303 3367 3304
f 3304 3367 3368
f 3304 3368 3305
f 3305 3368 3369
f 3305 3369 3306
f 3306 3369 3370
f 3306 3370 3307
f 3307 3370 3371
f 3307 3371 3308
f 3308 3371 3372
f 3308 3372 3309
f 3309 3372 3373
f 3309 3373 3310
f 3310 3373 3374
f 3310 3374 3311
f 3311 3374 3375
f 3311 3375 3312
f 3312 3375 3376
f 3312 3376 3313
f 3313 3376 3377
f 3313 3377 3314
f 3314 3377 3378
f 3314 3378 3315
f 3315 3378 3379
f 3315 3379 3316
f 3316 3379 3380
f 3316 3380 3317
f 3317 3380 3381
f 3317 3381 3318
f 3318 3381 3382
f 3318 3382 3319
f 3319 3382 3383
f 3319 3383 3320
f 3320 3383 3384
f 3320 3384 3321
f 3321 3384 3385
f 3321 3385 3322
f 3322 3385 3386
f 3322 3386 3323
f 3323 3386 3387
f 3323 3387 3324
f 3324 3387 3388
f 3324 3388 3325
f 3325 3388 3389
f 3325 3389 3326
f 3326 3389 3390
f 3326 3390 3327
f 3327 3390 3391
f 3327 3391 3328
f 3328 3391 3392
f 3328 3392 3329
f 3329 3392 3393
f 3329 3393 3330
f 3330 3393 3394
f 3330 3394 3331
f 3331 3394 3395
f 3331 3395 3332
f 3332 3395 3396
f 3332 3396 3333
f 3333 3396 3397
f 3333 3397 3334
f 3334 3397 3398
f 3334 3398 3335
f 3335 3398 3399
f 3335 3399 3336
f 3336 3399 3400
f 3336 3400 3337
f 3337 3400 3401
f 3337 3401 3338
f 3338 3401 3402
f 3338 3402 3339
f 3339 3402 3403
f 3339 3403 3340
f 3340 3403 3404
f 3340 3404 3341
f 3341 3404 3405
f 3341 3405 3342
f 3342 3405 3406
f 3342 3406 3343
f 3343 3406 3407
f 3343 3407 3344
f 3344 3407 3408
f 3344 3408 3345
f 3345 3408 3409
f 3345 3409 3346
f 3346 3409 3410
f 3346 3410 3347
f 3347 3410 3411
f 3347 3411 3348
f 3348 3411 3412
f 3348 3412 3349
f 3349 3412 3413
f 3349 3413 3350
f 3350 3413 3414
f 3350 3414 3351
f 3351 3414 3415
f 3351 3415 3352
f 3352 3415 3416
f 3352 3416 3353
f 3353 3416 3417
f 3353 3417 3354
f 3354 3417 3418
f 3354 3418 3355
f 3355 3418 3419
f 3355 3419 3356
f 3356 3419 3420
f 3356 3420 3357
f 3357 3420 3421
f 3357 3421 3358
f 3358 3421 3422
f 3358 3422 3359
f 3359 3422 3423
f 3359 3423 3360
f 3360 3423 3424
f 3360 3424 3361
f 3361 3424 3425
f 3361 3425 3362
f 3362 3425 3426
f 3362 3426 3363
f 3363 3426 3427
f 3363 3427 3364
f 3364 3427 3428
f 3364 3428 3365
f 3365 3428 3429
f 3365 3429 3366
f 3366 3429 3430
f 3366 3430 3367
f 3367 3430 3431
f 3367 3431 3368
f 3368 3431 3432
f 3368 3432 3369
f 3369 3432 3433
f 3369 3433 3370
f 3370 3433 3434
f 3370 3434 3371
f 3371 3434 3435
f 3371 3435 3372
f 3372 3435 3436
f 3372 3436 3373
f 3373 3436 3437
f 3373 3437 3374
f 3374 3437 3438
f 3374 3438 3375
f 3375 3438 3439
f 3375 3439 3376
f 3376 3439 3440
f 3376 3440 3377
f 3377 3440 3441
f 3377 3441 3378
f 3378 3441 3442
f 3378 3442 3379
f 3379 3442 3443
f 3379 3443 3380
f 3380 3443 3444
f 3380 3444 3381
f 3381 3444 3445
f 3381 3445 3382
f 3382 3445 3446
f 3382 3446 3383
f 3383 3446 3447
f 3383 3447 3384
f 3384 3447 3448
f 3384 3448 3385
f 3385 3448 3449
f 3385 3449 3386
f 3386 3449 3450
f 3386 3450 3387
f 3387 3450 3451
f 3387 3451 3388
f 3388 3451 3452
f 3388 3452 3389
f 3389 3452 3453
f 3389 3453 3390
f 3390 3453 3454
f 3390 3454 3391
f 3391 3454 3455
f 3391 3455 3392
f 3392 3455 3456
f 3392 3456 3393
f 3393 3456 3457
f 3393 3457 3394
f 3394 3457 3458
f 3394 3458 3395
f 3395 3458 3459
f 3395 3459 3396
f 3396 3459 3460
f 3396 3460 3397
f 3397 3460 3461
f 3397 3461 3398
f 3398 3461 3462
f 3398 3462 3399
f 3399 3462 3463
f 3399 3463 3400
f 3400 3463 3464
f 3400 3464 3401
f 3401 3464 3465
f 3401 3465 3402
f 3402 3465 3466
f 3402 3466 3403
f 3403 3466 3467
f 3403 3467 3404
f 3404 3467 3468
f 3404 3468 3405
f 3405 3468 3469
f 3405 3469 3406
f 3406 3469 3470
f 3406 3470 3407
f 3407 3470 3471
f 3407 3471 3408
f 3408 3471 3472
f 3408 3472 3409
f 3409 3472 3473
f 3409 3473 3410
f 3410 3473 3474
f 3410 3474 3411
f 3411 3474 3475
f 3411 3475 3412
f 3412 3475 3476
f 3412 3476 3413
f 3413 3476 3477
f 3413 3477 3414
f 3414 3477 3478
f 3414 3478 3415
f 3415 3478 3479
f 3415 3479 3416
f 3416 3479 3480
f 3416 3480 3417
f 3417 3480 3481
f 3417 3481 3418
f 3418 3481 3482
f 3418 3482 3419
f 3419 3482 3483
f 3419 3483 3420
f 3420 3483 3484
f 3420 3484 3421
f 3421 3484 3485
f 3421 3485 3422
f 3422 3485 3486
f 3422 3486 3423
f 3423 3486 3487
f 3423 3487 3424
f 3424 3487 3488
f 3424 3488 3425
f 3425 3488 3489
f 3425 3489 3426
f 3426 3489 3490
f 3426 3490 3427
f 3427 3490 3491
f 3427 3491 3428
f 3428 3491 3492
f 3428 3492 3429
f 3429 3492 3493
f 3429 3493 3430
f 3430 3493 3494
f 3430 3494 3431
f 3431 3494 3495
f 3431 3495 3432
f 3432 3495 3496
f 3432 3496 3433
f 3433 3496 3497
f 3433 3497 3434
f 3434 3497 3498
f 3434 3498 3435
f 3435 3498 3499
f 3435 3499 3436
f 3436 3499 3500
f 3436 3500 3437
f 3437 3500 3501
f 3437 3501 3438
f 3438 3501 3502
f 3438 3502 3439
f 3439 3502 3503
f 3439 3503 3440
f 3440 3503 3504
f 3440 3504 3441
f 3441 3504 3505
f 3441 3505 3442
f 3442 3505 3506
f 3442 3506 3443
f 3443 3506 3507
f 3443 3507 3444
f 3444 3507 3508
f 3444 3508 3445
f 3445 3508 3509
f 3445 3509 3446
f 3446 3509 3510
f 3446 3510 3447
f 3447 3510 3511
f 3447 3511 3448
f 3448 3511 3512
f 3448 3512 3449
f 3449 3512 3513
f 3449 3513 3450
f 3450 3513 3514
f 3450 3514 3451
f 3451 3514 3515
f 3451 3515 3452
f 3452 3515 3516
f 3452 3516 3453
f 3453 3516 3517
f 3453 3517 3454
f 3454 3517 3518
f 3454 3518 3455
f 3455 3518 3519
f 3455 3519 3456
f 3456 3519 3520
f 3456 3520 3457
f 3457 3520 3521
f 3457 3521 3458
f 3458 3521 3522
f 3458 3522 3459
f 3459 3522 3523
f 3459 3523 3460
f 3460 3523 3524
f 3460 3524 3461
f 3461 3524 3525
f 3461 3525 3462
f 3462 3525 3526
f 3462 3526 3463
f 3463 3526 3527
f 3463 3527 3464
f 3464 3527 3528
f 3464 3528 3465
f 3465 3528 3529
f 3465 3529 3466
f 3466 3529 3530
f 3466 3530 3467
f 3467 3530 3531
f 3467 3531 3468
f 3468 3531 3532
f 3468 3532 3469
f 3469 3532 3533
f 3469 3533 3470
f 3470 3533 3534
f 3470 3534 3471
f 3471 3534 3535
f 3471 3535 3472
f 3472 3535 3536
f 3472 3536 3473
f 3473 3536 3537
f 3473 3537 3474
f 3474 3537 3538
f 3474 3538 3475
f 3475 3538 3539
f 3475 3539 3476
f 3476 3539 3540
f 3476 3540 3477
f 3477 3540 3541
f 3477 3541 3478
f 3478 3541 3542
f 3478 3542 3479
f 3479 3542 3543
f 3479 3543 3480
f 3480 3543 3544
f 3480 3544 3481
f 3481 3544 3545
f 3481 3545 3482
f 3482 3545 3546
f 3482 3546 3483
f 3483 3546 3547
f 3483 3547 3484
f 3484 3547 3548
f 3484 3548 3485
f 3485 3548 3549
f 3485 3549 3486
f 3486 3549 3550
f 3486 3550 3487
f 3487 3550 3551
f 3487 3551 3488
f 3488 3551 3552
f 3488 3552 3489
f 3489 3552 3553
f 3489 3553 3490
f 3490 3553 3554
f 3490 3554 3491
f 3491 3554 3555
f 3491 3555 3492
f 3492 3555 3556
f 3492 3556 3493
f 3493 3556 3557
f 3493 3557 3494
f 3494 3557 3558
f 3494 3558 3495
f 3495 3558 3559
f 3495 3559 3496
f 3496 3559 3560
f 3496 3560 3497
f 3497 3560 3561
f 3497 3561 3498
f 3498 3561 3562
f 3498 3562 3499
f 3499 3562 3563
f 3499 3563 3500
f 3500 3563 3564
f 3500 3564 3501
f 3501 3564 3565
f 3501 3565 3502
f 3502 3565 3566
f 3502 3566 3503
f 3503 3566 3567
f 3503 3567 3504
f 3504 3567 3568
f 3504 3568 3505
f 3505 3568 3569
f 3505 3569 3506
f 3506 3569 3570
f 3506 3570 3507
f 3507 3570 3571
f 3507 3571 3508
f 3508 3571 3572
f 3508 3572 3509
f 3509 3572 3573
f 3509 3573 3510
f 3510 3573 3574
f 3510 3574 3511
f 3511 3574 3575
f 3511 3575 3512
f 3512 3575 3576
f 3512 3576 3513
f 3513 3576 3577
f 3513 3577 3514
f 3514 3577 3578
f 3514 3578 3515
f 3515 3578 3579
f 3515 3579 3516
f 3516 3579 3580
f 3516 3580 3517
f 3517 3580 3581
f 3517 3581 3518
f 3518 3581 3582
f 3518 3582 3519
f 3519 3582 3583
f 3519 3583 3520
f 3520 3583 3584
f 3520 3584 3521
f 3521 3584 3585
f 3521 3585 3522
f 3522 3585 3586
f 3522 3586 3523
f 3523 3586 3587
f 3523 3587 3524
f 3524 3587 3588
f 3524 3588 3525
f 3525 3588 3589
f 3525 3589 3526
f 3526 3589 3590
f 3526 3590 3527
f 3527 3590 3591
f 3527 3591 3528
f 3528 3591 3592
f 3528 3592 3529
f 3529 3592 3593
f 3529 3593 3530
f 3530 3593 3594
f 3530 3594 3531
f 3531 3594 3595
f 3531 3595 3532
f 3532 3595 3596
f 3532 3596 3533
f 3533 3596 3597
f 3533 3597 3534
f 3534 3597 3598
f 3534 3598 3535
f 3535 3598 3599
f 3535 3599 3536
f 3536 3599 3600
f 3536 3600 3537
f 3537 3600 3601
f 3537 3601 3538
f 3538 3601 3602
f 3538 3602 3539
f 3539 3602 3603
f 3539 3603 3540
f 3540 3603 3604
f 3540 3604 3541
f 3541 3604 3605
f 3541 3605 3542
f 3542 3605 3606
f 3542 3606 3543
f 3543 3606 3607
f 3543 3607 3544
f 3544 3607 3608
f 3544 3608 3545
f 3545 3608 3609
f 3545 3609 3546
f 3546 3609 3610
f 3546 3610 3547
f 3547 3610 3611
f 3547 3611 3548
f 3548 3611 3612
f 3548 3612 3549
f 3549 3612 3613
f 3549 3613 3550
f 3550 3613 3614
f 3550 3614 3551
f 3551 3614 3615
f 3551 3615 3552
f 3552 3615 3616
f 3552 3616 3553
f 3553 3616 3617
f 3553 3617 3554
f 3554 3617 3618
f 3554 3618 3555
f 3555 3618 3619
f 3555 3619 3556
f 3556 3619 3620
f 3556 3620 3557
f 3557 3620 3621
f 3557 3621 3558
f 3558 3621 3622
f 3558 3622 3559
f 3559 3622 3623
f 3559 3623 3560
f 3560 3623 3624
f 3560 3624 3561
f 3561 3624 3625
f 3561 3625 3562
f 3562 3625 3626
f 3562 3626 3563
f 3563 3626 3627
f 3563 3627 3564
f 3564 3627 3628
f 3564 3628 3565
f 3565 3628 3629
f 3565 3629 3566
f 3566 3629 3630
f 3566 3630 3567
f 3567 3630 3631
f 3567 3631 3568
f 3568 3631 3632
f 3568 3632 3569
f 3569 3632 3633
f 3569 3633 3570
f 3570 3633 3634
f 3570 3634 3571
f 3571 3634 3635
f 3571 3635 3572
f 3572 3635 3636
f 3572 3636 3573
f 3573 3636 3637
f 3573 3637 3574
f 3574 3637 3638
f 3574 3638 3575
f 3575 3638 3639
f 3575 3639 3576
f 3576 3639 3640
f 3576 3640 3577
f 3577 3640 3641
f 3577 3641 3578
f 3578 3641 3642
f 3578 3642 3579
f 3579 3642 3643
f 3579 3643 3580
f 3580 3643 3644
f 3580 3644 3581
f 3581 3644 3645
f 3581 3645 3582
f 3582 3645 3646
f 3582 3646 3583
f 3583 3646 3647
f 3583 3647 3584
f 3584 3647 3648
f 3584 3648 3585
f 3585 3648 3649
f 3585 3649 3586
f 3586 3649 3650
f 3586 3650 3587
f 3587 3650 3651
f 3587 3651 3588
f 3588 3651 3652
f 3588 3652 3589
f 3589 3652 3653
f 3589 3653 3590
f 3590 3653 3654
f 3590 3654 3591
f 3591 3654 3655
f 3591 3655 3592
f 3592 3655 3656
f 3592 3656 3593
f 3593 3656 3657
f 3593 3657 3594
f 3594 3657 3658
f 3594 3658 3595
f 3595 3658 3659
f 3595 3659 3596
f 3596 3659 3660
f 3596 3660 3597
f 3597 3660 3661
f 3597 3661 3598
f 3598 3661 3662
f 3598 3662 3599
f 3599 3662 3663
f 3599 3663 3600
f 3600 3663 3664
f 3600 3664 3601
f 3601 3664 3665
f 3601 3665 3602
f 3602 3665 3666
f 3602 3666 3603
f 3603 3666 3667
f 3603 3667 3604
f 3604 3667 3668
f 3604 3668 3605
f 3605 3668 3669
f 3605 3669 3606
f 3606 3669 3670
f 3606 3670 3607
f 3607 3670 3671
f 3607 3671 3608
f 3608 3671 3672
f 3608 3672 3609
f 3609 3672 3673
f 3609 3673 3610
f 3610 3673 3674
f 3610 3674 3611
f 3611 3674 3675
f 3611 3675 3612
f 3612 3675 3676
f 3612 3676 3613
f 3613 3676 3677
f 3613 3677 3614
f 3614 3677 3678
f 3614 3678 3615
f 3615 3678 3679
f 3615 3679 3616
f 3616 3679 3680
f 3616 3680 3617
f 3617 3680 3681
f 3617 3681 3618
f 3618 3681 3682
f 3618 3682 3619
f 3619 3682 3683
f 3619 3683 3620
f 3620 3683 3684
f 3620 3684 3621
f 3621 3684 3685
f 3621 3685 3622
f 3622 3685 3686
f 3622 3686 3623
f 3623 3686 3687
f 3623 3687 3624
f 3624 3687 3688
f 3624 3688 3625
f 3625 3688 3689
f 3625 3689 3626
f 3626 3689 3690
f 3626 3690 3627
f 3627 3690 3691
f 3627 3691 3628
f 3628 3691 3692
f 3628 3692 3629
f 3629 3692 3693
f 3629 3693 3630
f 3630 3693 3694
f 3630 3694 3631
f 3631 3694 3695
f 3631 3695 3632
f 3632 3695 3696
f 3632 3696 3633
f 3633 3696 3697
f 3633 3697 3634
f 3634 3697 3698
f 3634 3698 3635
f 3635 3698 3699
f 3635 3699 3636
f 3636 3699 3700
f 3636 3700 3637
f 3637 3700 3701
f 3637 3701 3638
f 3638 3701 3702
f 3638 3702 3639
f 3639 3702 3703
f 3639 3703 3640
f 3640 3703 3704
f 3640 3704 3641
f 3641 3704 3705
f 3641 3705 3642
f 3642 3705 3706
f 3642 3706 3643
f 3643 3706 3707
f 3643 3707 3644
f 3644 3707 3708
f 3644 3708 3645
f 3645 3708 3709
f 3645 3709 3646
f 3646 3709 3710
f 3646 3710 3647
f 3647 3710 3711
f 3647 3711 3648
f 3648 3711 3712
f 3648 3712 3649
f 3649 3712 3713
f 3649 3713 3650
f 3650 3713 3714
f 3650 3714 3651
f 3651 3714 3715
f 3651 3715 3652
f 3652 3715 3716
f 3652 3716 3653
f 3653 3716 3717
f 3653 3717 3654
f 3654 3717 3718
f 3654 3718 3655
f 3655 3718 3719
f 3655 3719 3656
f 3656 3719 3720
f 3656 3720 3657
f 3657 3720 3721
f 3657 3721 3658
f 3658 3721 3722
f 3658 3722 3659
f 3659 3722 3723
f 3659 3723 3660
f 3660 3723 3724
f 3660 3724 3661
f 3661 3724 3725
f 3661 3725 3662
f 3662 3725 3726
f 3662 3726 3663
f 3663 3726 3727
f 3663 3727 3664
f 3664 3727 3728
f 3664 3728 3665
f 3665 3728 3729
f 3665 3729 3666
f 3666 3729 3730
f 3666 3730 3667
f 3667 3730 3731
f 3667 3731 3668
f 3668 3731 3732
f 3668 3732 3669
f 3669 3732 3733
f 3669 3733 3670
f 3670 3733 3734
f 3670 3734 3671
f 3671 3734 3735
f 3671 3735 3672
f 3672 3735 3736
f 3672 3736 3673
f 3673 3736 3737
f 3673 3737 3674
f 3674 3737 3738
f 3674 3738 3675
f 3675 3738 3739
f 3675 3739 3676
f 3676 3739 3740
f 3676 3740 3677
f 3677 3740 3741
f 3677 3741 3678
f 3678 3741 3742
f 3678 3742 3679
f 3679 3742 3743
f 3679 3743 3680
f 3680 3743 3744
f 3680 3744 3681
f 3681 3744 3745
f 3681 3745 3682
f 3682 3745 3746
f 3682 3746 3683
f 3683 3746 3747
f 3683 3747 3684
f 3684 3747 3748
f 3684 3748 3685
f 3685 3748 3749
f 3685 3749 3686
f 3686 3749 3750
f 3686 3750 3687
f 3687 3750 3751
f 3687 3751 3688
f 3688 3751 3752
f 3688 3752 3689
f 3689 3752 3753
f 3689 3753 3690
f 3690 3753 3754
f 3690 3754 3691
f 3691 3754 3755
f 3691 3755 3692
f 3692 3755 3756
f 3692 3756 3693
f 3693 3756 3757
f 3693 3757 3694
f 3694 3757 3758
f 3694 3758 3695
f 3695 3758 3759
f 3695 3759 3696
f 3696 3759 3760
f 3696 3760 3697
f 3697 3760 3761
f 3697 3761 3698
f 3698 3761 3762
f 3698 3762 3699
f 3699 3762 3763
f 3699 3763 3700
f 3700 3763 3764
f 3700 3764 3701
f 3701 3764 3765
f 3701 3765 3702
f 3702 3765 3766
f 3702 3766 3703
f 3703 3766 3767
f 3703 3767 3704
f 3704 3767 3768
f 3704 3768 3705
f 3705 3768 3769
f 3705 3769 3706
f 3706 3769 3770
f 3706 3770 3707
f 3707 3770 3771
f 3707 3771 3708
f 3708 3771 3772
f 3708 3772 3709
f 3709 3772 3773
f 3709 3773 3710
f 3710 3773 3774
f 3710 3774 3711
f 3711 3774 3775
f 3711 3775 3712
f 3712 3775 3776
f 3712 3776 3713
f 3713 3776 3777
f 3713 3777 3714
f 3714 3777 3778
f 3714 3778 3715
f 3715 3778 3779
f 3715 3779 3716
f 3716 3779 3780
f 3716 3780 3717
f 3717 3780 3781
f 3717 3781 3718
f 3718 3781 3782
f 3718 3782 3719
f 3719 3782 3783
f 3719 3783 3720
f 3720 3783 3784
f 3720 3784 3721
f 3721 3784 3785
f 3721 3785 3722
f 3722 3785 3786
f 3722 3786 3723
f 3723 3786 3787
f 3723 3787 3724
f 3724 3787 3788
f 3724 3788 3725
f 3725 3788 3789
f 3725 3789 3726
f 3726 3789 3790
f 3726 3790 3727
f 3727 3790 3791
f 3727 3791 3728
f 3728 3791 3792
f 3728 3792 3729
f 3729 3792 3793
f 3729 3793 3730
f 3730 3793 3794
f 3730 3794 3731
f 3731 3794 3795
f 3731 3795 3732
f 3732 3795 3796
f 3732 3796 3733
f 3733 3796 3797
f 3733 3797 3734
f 3734 3797 3798
f 3734 3798 3735
f 3735 3798 3799
f 3735 3799 3736
f 3736 3799 3800
f 3736 3800 3737
f 3737 3800 3801
f 3737 3801 3738
f 3738 3801 3802
f 3738 3802 3739
f 3739 3802 3803
f 3739 3803 3740
f 3740 3803 3804
f 3740 3804 3741
f 3741 3804 3805
f 3741 3805 3742
f 3742 3805 3806
f 3742 3806 3743
f 3743 3806 3807
f 3743 3807 3744
f 3744 3807 3808
f 3744 3808 3745
f 3745 3808 3809
f 3745 3809 3746
f 3746 3809 3810
f 3746 3810 3747
f 3747 3810 3811
f 3747 3811 3748
f 3748 3811 3812
f 3748 3812 3749
f 3749 3812 3813
f 3749 3813 3750
f 3750 3813 3814
f 3750 3814 3751
f 3751 3814 3815
f 3751 3815 3752
f 3752 3815 3816
f 3752 3816 3753
f 3753 3816 3817
f 3753 3817 3754
f 3754 3817 3818
f 3754 3818 3755
f 3755 3818 3819
f 3755 3819 3756
f 3756 3819 3820
f 3756 3820 3757
f 3757 3820 3821
f 3757 3821 3758
f 3758 3821 3822
f 3758 3822 3759
f 3759 3822 3823
f 3759 3823 3760
f 3760 3823 3824
f 3760 3824 3761
f 3761 3824 3825
f 3761 3825 3762
f 3762 3825 3826
f 3762 3826 3763
f 3763 3826 3827
f 3763 3827 3764
f 3764 3827 3828
f 3764 3828 3765
f 3765 3828 3829
f 3765 3829 3766
f 3766 3829 3830
f 3766 3830 3767
f 3767 3830 3831
f 3767 3831 3768
f 3768 3831 3832
f 3768 3832 3769
f 3769 3832 3833
f 3769 3833 3770
f 3770 3833 3834
f 3770 3834 3771
f 3771 3834 3835
f 3771 3835 3772
f 3772 3835 3836
f 3772 3836 3773
f 3773 3836 3837
f 3773 3837 3774
f 3774 3837 3838
f 3774 3838 3775
f 3775 3838 3839
f 3775 3839 3776
f 3776 3839 3840
f 3776 3840 3777
f 3777 3840 3841
f 3777 3841 3778
f 3778 3841 3842
f 3778 3842 3779
f 3779 3842 3843
f 3779 3843 3780
f 3780 3843 3844
f 3780 3844 3781
f 3781 3844 3845
f 3781 3845 3782
f 3782 3845 3846
f 3782 3846 3783
f 3783 3846 3847
f 3783 3847 3784
f 3784 3847 3848
f 3784 3848 3785
f 3785 3848 3849
f 3785 3849 3786
f 3786 3849 3850
f 3786 3850 3787
f 3787 3850 3851
f 3787 3851 3788
f 3788 3851 3852
f 3788 3852 3789
f 3789 3852 3853
f 3789 3853 3790
f 3790 3853 3854
f 3790 3854 3791
f 3791 3854 3855
f 3791 3855 3792
f 3792 3855 3856
f 3792 3856 3793
f 3793 3856 3857
f 3793 3857 3794
f 3794 3857 3858
f 3794 3858 3795
f 3795 3858 3859
f 3795 3859 3796
f 3796 3859 3860
f 3796 3860 3797
f 3797 3860 3861
f 3797 3861 3798
f 3798 3861 3862
f 3798 3862 3799
f 3799 3862 3863
f 3799 3863 3800
f 3800 3863 3864
f 3800 3864 3801
f 3801 3864 3865
f 3801 3865 3802
f 3802 3865 3866
f 3802 3866 3803
f 3803 3866 3867
f 3803 3867 3804
f 3804 3867 3868
f 3804 3868 3805
f 3805 3868 3869
f 3805 3869 3806
f 3806 3869 3870
f 3806 3870 3807
f 3807 3870 3871
f 3807 3871 3808
f 3808 3871 3872
f 3808 3872 3809
f 3809 3872 3873
f 3809 3873 3810
f 3810 3873 3874
f 3810 3874 3811
f 3811 3874 3875
f 3811 3875 3812
f 3812 3875 3876
f 3812 3876 3813
f 3813 3876 3877
f 3813 3877 3814
f 3814 3877 3878
f 3814 3878 3815
f 3815 3878 3879
f 3815 3879 3816
f 3816 3879 3880
f 3816 3880 3817
f 3817 3880 3881
f 3817 3881 3818
f 3818 3881 3882
f 3818 3882 3819
f 3819 3882 3883
f 3819 3883 3820
f 3820 3883 3884
f 3820 3884 3821
f 3821 3884 3885
f 3821 3885 3822
f 3822 3885 3886
f 3822 3886 3823
f 3823 3886 3887
f 3823 3887 3824
f 3824 3887 3888
f 3824 3888 3825
f 3825 3888 3889
f 3825 3889 3826
f 3826 3889 3890
f 3826 3890 3827
f 3827 3890 3891
f 3827 3891 3828
f 3828 3891 3892
f 3828 3892 3829
f 3829 3892 3893
f 3829 3893 3830
f 3830 3893 3894
f 3830 3894 3831
f 3831 3894 3895
f 3831 3895 3832
f 3832 3895 3896
f 3832 3896 3833
f 3833 3896 3897
f 3833 3897 3834
f 3834 3897 3898
f 3834 3898 3835
f 3835 3898 3899
f 3835 3899 3836
f 3836 3899 3900
f 3836 3900 3837
f 3837 3900 3901
f 3837 3901 3838
f 3838 3901 3902
f 3838 3902 3839
f 3839 3902 3903
f 3839 3903 3840
f 3840 3903 3904
f 3840 3904 3841
f 3841 3904 3905
f 3841 3905 3842
f 3842 3905 3906
f 3842 3906 3843
f 3843 3906 3907
f 3843 3907 3844
f 3844 3907 3908
f 3844 3908 3845
f 3845 3908 3909
f 3845 3909 3846
f 3846 3909 3910
f 3846 3910 3847
f 3847 3910 3911
f 3847 3911 3848
f 3848 3911 3912
f 3848 3912 3849
f 3849 3912 3913
f 3849 3913 3850
f 3850 3913 3914
f 3850 3914 3851
f 3851 3914 3915
f 3851 3915 3852
f 3852 3915 3916
f 3852 3916 3853
f 3853 3916 3917
f 3853 3917 3854
f 3854 3917 3918
f 3854 3918 3855
f 3855 3918 3919
f 3855 3919 3856
f 3856 3919 3920
f 3856 3920 3857
f 3857 3920 3921
f 3857 3921 3858
f 3858 3921 3922
f 3858 3922 3859
f 3859 3922 3923
f 3859 3923 3860
f 3860 3923 3924
f 3860 3924 3861
f 3861 3924 3925
f 3861 3925 3862
f 3862 3925 3926
f 3862 3926 3863
f 3863 3926 3927
f 3863 3927 3864
f 3864 3927 3928
f 3864 3928 3865
f 3865 3928 3929
f 3865 3929 3866
f 3866 3929 3930
f 3866 3930 3867
f 3867 3930 3931
f 3867 3931 3868
f 3868 3931 3932
f 3868 3932 3869
f 3869 3932 3933
f 3869 3933 3870
f 3870 3933 3934
f 3870 3934 3871
f 3871 3934 3935
f 3871 3935 3872
f 3872 3935 3936
f 3872 3936 3873
f 3873 3936 3937
f 3873 3937 3874
f 3874 3937 3938
f 3874 3938 3875
f 3875 3938 3939
f 3875 3939 3876
f 3876 3939 3940
f 3876 3940 3877
f 3877 3940 3941
f 3877 3941 3878
f 3878 3941 3942
f 3878 3942 3879
f 3879 3942 3943
f 3879 3943 3880
f 3880 3943 3944
f 3880 3944 3881
f 3881 3944 3945
f 3881 3945 3882
f 3882 3945 3946
f 3882 3946 3883
f 3883 3946 3947
f 3883 3947 3884
f 3884 3947 3948
f 3884 3948 3885
f 3885 3948 3949
f 3885 3949 3886
f 3886 3949 3950
f 3886 3950 3887
f 3887 3950 3951
f 3887 3951 3888
f 3888 3951 3952
f 3888 3952 3889
f 3889 3952 3953
f 3889 3953 3890
f 3890 3953 3954
f 3890 3954 3891
f 3891 3954 3955
f 3891 3955 3892
f 3892 3955 3956
f 3892 3956 3893
f 3893 3956 3957
f 3893 3957 3894
f 3894 3957 3958
f 3894 3958 3895
f 3895 3958 3959
f 3895 3959 3896
f 3896 3959 3960
f 3896 3960 3897
f 3897 3960 3961
f 3897 3961 3898
f 3898 3961 3962
f 3898 3962 3899
f 3899 3962 3963
f 3899 3963 3900
f 3900 3963 3964
f 3900 3964 3901
f 3901 3964 3965
f 3901 3965 3902
f 3902 3965 3966
f 3902 3966 3903
f 3903 3966 3967
f 3903 3967 3904
f 3904 3967 3968
f 3904 3968 3905
f 3905 3968 3969
f 3905 3969 3906
f 3906 3969 3970
f 3906 3970 3907
f 3907 3970 3971
f 3907 3971 3908
f 3908 3971 3972
f 3908 3972 3909
f 3909 3972 3973
f 3909 3973 3910
f 3910 3973 3974
f 3910 3974 3911
f 3911 3974 3975
f 3911 3975 3912
f 3912 3975 3976
f 3912 3976 3913
f 3913 3976 3977
f 3913 3977 3914
f 3914 3977 3978
f 3914 3978 3915
f 3915 3978 3979
f 3915 3979 3916
f 3916 3979 3980
f 3916 3980 3917
f 3917 3980 3981
f 3917 3981 3918
f 3918 3981 3982
f 3918 3982 3919
f 3919 3982 3983
f 3919 3983 3920
f 3920 3983 3984
f 3920 3984 3921
f 3921 3984 3985
f 3921 3985 3922
f 3922 3985 3986
f 3922 3986 3923
f 3923 3986 3987
f 3923 3987 3924
f 3924 3987 3988
f 3924 3988 3925
f 3925 3988 3989
f 3925 3989 3926
f 3926 3989 3990
f 3926 3990 3927
f 3927 3990 3991
f 3927 3991 3928
f 3928 3991 3992
f 3928 3992 3929
f 3929 3992 3993
f 3929 3993 3930
f 3930 3993 3994
f 3930 3994 3931
f 3931 3994 3995
f 3931 3995 3932
f 3932 3995 3996
f 3932 3996 3933
f 3933 3996 3997
f 3933 3997 3934
f 3934 3997 3998
f 3934 3998 3935
f 3935 3998 3999
f 3935 3999 3936
f 3936 3999 4000
f 3936 4000 3937
f 3937 4000 4001
f 3937 4001 3938
f 3938 4001 4002
f 3938 4002 3939
f 3939 4002 4003
f 3939 4003 3940
f 3940 4003 4004
f 3940 4004 3941
f 3941 4004 4005
f 3941 4005 3942
f 3942 4005 4006
f 3942 4006 3943
f 3943 4006 4007
f 3943 4007 3944
f 3944 4007 4008
f 3944 4008 3945
f 3945 4008 4009
f 3945 4009 3946
f 3946 4009 4010
f 3946 4010 3947
f 3947 4010 4011
f 3947 4011 3948
f 3948 4011 4012
f 3948 4012 3949
f 3949 4012 4013
f 3949 4013 3950
f 3950 4013 4014
f 3950 4014 3951
f 3951 4014 4015
f 3951 4015 3952
f 3952 4015 4016
f 3952 4016 3953
f 3953 4016 4017
f 3953 4017 3954
f 3954 4017 4018
f 3954 4018 3955
f 3955 4018 4019
f 3955 4019 3956
f 3956 4019 4020
f 3956 4020 3957
f 3957 4020 4021
f 3957 4021 3958
f 3958 4021 4022
f 3958 4022 3959
f 3959 4022 4023
f 3959 4023 3960
f 3960 4023 4024
f 3960 4024 3961
f 3961 4024 4025
f 3961 4025 3962
f 3962 4025 4026
f 3962 4026 3963
f 3963 4026 4027
f 3963 4027 3964
f 3964 4027 4028
f 3964 4028 3965
f 3965 4028 4029
f 3965 4029 3966
f 3966 4029 4030
f 3966 4030 3967
f 3967 4030 4031
f 3967 4031 3968
f 3968 4031 4032
f 3968 4032 3969
f 3969 4032 4033
f 3969 4033 3970
f 3970 4033 4034
f 3970 4034 3971
f 3971 4034 4035
f 3971 4035 3972
f 3972 4035 4036
f 3972 4036 3973
f 3973 4036 4037
f 3973 4037 3974
f 3974 4037 4038
f 3974 4038 3975
f 3975 4038 4039
f 3975 4039 3976
f 3976 4039 4040
f 3976 4040 3977
f 3977 4040 4041
f 3977 4041 3978
f 3978 4041 4042
f 3978 4042 3979
f 3979 4042 4043
f 3979 4043 3980
f 3980 4043 4044
f 3980 4044 3981
f 3981 4044 4045
f 3981 4045 3982
f 3982 4045 4046
f 3982 4046 3983
f 3983 4046 4047
f 3983 4047 3984
f 3984 4047 4048
f 3984 4048 3985
f 3985 4048 4049
f 3985 4049 3986
f 3986 4049 4050
f 3986 4050 3987
f 3987 4050 4051
f 3987 4051 3988
f 3988 4051 4052
f 3988 4052 3989
f 3989 4052 4053
f 3989 4053 3990
f 3990 4053 4054
f 3990 4054 3991
f 3991 4054 4055
f 3991 4055 3992
f 3992 4055 4056
f 3992 4056 3993
f 3993 4056 4057
f 3993 4057 3994
f 3994 4057 4058
f 3994 4058 3995
f 3995 4058 4059
f 3995 4059 3996
f 3996 4059 4060
f 3996 4060 3997
f 3997 4060 4061
f 3997 4061 3998
f 3998 4061 4062
f 3998 4062 3999
f 3999 4062 4063
f 3999 4063 4000
f 4000 4063 4064
f 4000 4064 4001
f 4001 4064 4065
f 4001 4065 4002
f 4002 4065 4066
f 4002 4066 4003
f 4003 4066 4067
f 4003 4067 4004
f 4004 4067 4068
f 4004 4068 4005
f 4005 4068 4069
f 4005 4069 4006
f 4006 4069 4070
f 4006 4070 4007
f 4007 4070 4071
f 4007 4071 4008
f 4008 4071 4072
f 4008 4072 4009
f 4009 4072 4073
f 4009 4073 4010
f 4010 4073 4074
f 4010 4074 4011
f 4011 4074 4075
f 4011 4075 4012
f 4012 4075 4076
f 4012 4076 4013
f 4013 4076 4077
f 4013 4077 4014
f 4014 4077 4078
f 4014 4078 4015
f 4015 4078 4079
f 4015 4079 4016
f 4016 4079 4080
f 4016 4080 4017
f 4017 4080 4081
f 4017 4081 4018
f 4018 4081 4082
f 4018 4082 4019
f 4019 4082 4083
f 4019 4083 4020
f 4020 4083 4084
f 4020 4084 4021
f 4021 4084 4085
f 4021 4085 4022
f 4022 4085 4086
f 4022 4086 4023
f 4023 4086 4087
f 4023 4087 4024
f 4024 4087 4088
f 4024 4088 4025
f 4025 4088 4089
f 4025 4089 4026
f 4026 4089 4090
f 4026 4090 4027
f 4027 4090 4091
f 4027 4091 4028
f 4028 4091 4092
f 4028 4092 4029
f 4029 4092 4093
f 4029 4093 4030
f 4030 4093 4094
f 4030 4094 4031
f 4031 4094 4095
f 4031 4095 4032
f 4032 4095 4096
f 4032 4096 4033
f 4033 4096 1
f 4033 1 4034
f 4034 1 2
f 4034 2 4035
f 4035 2 3
f 4035 3 4036
f 4036 3 4
f 4036 4 4037
f 4037 4 5
f 4037 5 4038
f 4038 5 6
f 4038 6 4039
f 4039 6 7
f 4039 7 4040
f 4040 7 8
f 4040 8 4041
f 4041 8 9
f 4041 9 4042
f 4042 9 10
f 4042 10 4043
f 4043 10 11
f 4043 11 4044
f 4044 11 12
f 4044 12 4045
f 4045 12 13
f 4045 13 4046
f 4046 13 14
f 4046 14 4047
f 4047 14 15
f 4047 15 4048
f 4048 15 16
f 4048 16 4049
f 4049 16 17
f 4049 17 4050
f 4050 17 18
f 4050 18 4051
f 4051 18 19
f 4051 19 4052
f 4052 19 20
f 4052 20 4053
f 4053 20 21
f 4053 21 4054
f 4054 21 22
f 4054 22 4055
f 4055 22 23
f 4055 23 4056
f 4056 23 24
f 4056 24 4057
f 4057 24 25
f 4057 25 4058
f 4058 25 26
f 4058 26 4059
f 4059 26 27
f 4059 27 4060
f 4060 27 28
f 4060 28 4061
f 4061 28 29
f 4061 29 4062
f 4062 29 30
f 4062 30 4063
f 4063 30 31
f 4063 31 4064
f 4064 31 32
f 4064 32 4065
f 4065 32 33
f 4065 33 4066
f 4066 33 34
f 4066 34 4067
f 4067 34 35
f 4067 35 4068
f 4068 35 36
f 4068 36 4069
f 4069 36 37
f 4069 37 4070
f 4070 37 38
f 4070 38 4071
f 4071 38 39
f 4071 39 4072
f 4072 39 40
f 4072 40 4073
f 4073 40 41
f 4073 41 4074
f 4074 41 42
f 4074 42 4075
f 4075 42 43
f 4075 43 4076
f 4076 43 44
f 4076 44 4077
f 4077 44 45
f 4077 45 4078
f 4078 45 46
f 4078 46 4079
f 4079 46 47
f 4079 47 4080
f 4080 47 48
f 4080 48 4081
f 4081 48 49
f 4081 49 4082
f 4082 49 50
f 4082 50 4083
f 4083 50 51
f 4083 51 4084
f 4084 51 52
f 4084 52 4085
f 4085 52 53
f 4085 53 4086
f 4086 53 54
f 4086 54 4087
f 4087 54 55
f 4087 55 4088
f 4088 55 56
f 4088 56 4089
f 4089 56 57
f 4089 57 4090
f 4090 57 58
f 4090 58 4091
f 4091 58 59
f 4091 59 4092
f 4092 59 60
f 4092 60 4093
f 4093 60 61
f 4093 61 4094
f 4094 61 62
f 4094 62 4095
f 4095 62 63
f 4095 63 4096
f 4096 63 64
f 4096 64 1
f 1 64 65
f 4097 4161 4098
f 4098 4161 4162
f 4098 4162 4099
f 4099 4162 4163
f 4099 4163 4100
f 4100 4163 4164
f 4100 4164 4101
f 4101 4164 4165
f 4101 4165 4102
f 4102 4165 4166
f 4102 4166 4103
f 4103 4166 4167
f 4103 4167 4104
f 4104 4167 4168
f 4104 4168 4105
f 4105 4168 4169
f 4105 4169 4106
f 4106 4169 4170
f 4106 4170 4107
f 4107 4170 4171
f 4107 4171 4108
f 4108 4171 4172
f 4108 4172 4109
f 4109 4172 4173
f 4109 4173 4110
f 4110 4173 4174
f 4110 4174 4111
f 4111 4174 4175
f 4111 4175 4112
f 4112 4175 4176
f 4112 4176 4113
f 4113 4176 4177
f 4113 4177 4114
f 4114 4177 4178
f 4114 4178 4115
f 4115 4178 4179
f 4115 4179 4116
f 4116 4179 4180
f 4116 4180 4117
f 4117 4180 4181
f 4117 4181 4118
f 4118 4181 4182
f 4118 4182 4119
f 4119 4182 4183
f 4119 4183 4120
f 4120 4183 4184
f 4120 4184 4121
f 4121 4184 4185
f 4121 4185 4122
f 4122 4185 4186
f 4122 4186 4123
f 4123 4186 4187
f 4123 4187 4124
f 4124 4187 4188
f 4124 4188 4125
f 4125 4188 4189
f 4125 4189 4126
f 4126 4189 4190
f 4126 4190 4127
f 4127 4190 4191
f 4127 4191 4128
f 4128 4191 4192
f 4128 4192 4129
f 4129 4192 4193
f 4129 4193 4130
f 4130 4193 4194
f 4130 4194 4131
f 4131 4194 4195
f 4131 4195 4132
f 4132 4195 4196
f 4132 4196 4133
f 4133 4196 4197
f 4133 4197 4134
f 4134 4197 4198
f 4134 4198 4135
f 4135 4198 4199
f 4135 4199 4136
f 4136 4199 4200
f 4136 4200 4137
f 4137 4200 4201
f 4137 4201 4138
f 4138 4201 4202
f 4138 4202 4139
f 4139 4202 4203
f 4139 4203 4140
f 4140 4203 4204
f 4140 4204 4141
f 4141 4204 4205
f 4141 4205 4142
f 4142 4205 4206
f 4142 4206 4143
f 4143 4206 4207
f 4143 4207 4144
f 4144 4207 4208
f 4144 4208 4145
f 4145 4208 4209
f 4145 4209 4146
f 4146 4209 4210
f 4146 4210 4147
f 4147 4210 4211
f 4147 4211 4148
f 4148 4211 4212
f 4148 4212 4149
f 4149 4212 4213
f 4149 4213 4150
f 4150 4213 4214
f 4150 4214 4151
f 4151 4214 4215
f 4151 4215 4152
f 4152 4215 4216
f 4152 4216 4153
f 4153 4216 4217
f 4153 4217 4154
f 4154 4217 4218
f 4154 4218 4155
f 4155 4218 4219
f 4155 4219 4156
f 4156 4219 4220
f 4156 4220 4157
f 4157 4220 4221
f 4157 4221 4158
f 4158 4221 4222
f 4158 4222 4159
f 4159 4222 4223
f 4159 4223 4160
f 4160 4223 4224
f 4160 4224 4161
f 4161 4224 4225
f 4161 4225 4162
f 4162 4225 4226
f 4162 4226 4163
f 4163 4226 4227
f 4163 4227 4164
f 4164 4227 4228
f 4164 4228 4165
f 4165 4228 4229
f 4165 4229 4166
f 4166 4229 4230
f 4166 4230 4167
f 4167 4230 4231
f 4167 4231 4168
f 4168 4231 4232
f 4168 4232 4169
f 4169 4232 4233
f 4169 4233 4170
f 4170 4233 4234
f 4170 4234 4171
f 4171 4234 4235
f 4171 4235 4172
f 4172 4235 4236
f 4172 4236 4173
f 4173 4236 4237
f 4173 4237 4174
f 4174 4237 4238
f 4174 4238 4175
f 4175 4238 4239
f 4175 4239 4176
f 4176 4239 4240
f 4176 4240 4177
f 4177 4240 4241
f 4177 4241 4178
f 4178 4241 4242
f 4178 4242 4179
f 4179 4242 4243
f 4179 4243 4180
f 4180 4243 4244
f 4180 4244 4181
f 4181 4244 4245
f 4181 4245 4182
f 4182 4245 4246
f 4182 4246 4183
f 4183 4246 4247
f 4183 4247 4184
f 4184 4247 4248
f 4184 4248 4185
f 4185 4248 4249
f 4185 4249 4186
f 4186 4249 4250
f 4186 4250 4187
f 4187 4250 4251
f 4187 4251 4188
f 4188 4251 4252
f 4188 4252 4189
f 4189 4252 4253
f 4189 4253 4190
f 4190 4253 4254
f 4190 4254 4191
f 4191 4254 4255
f 4191 4255 4192
f 4192 4255 4256
f 4192 4256 4193
f 4193 4256 4257
f 4193 4257 4194
f 4194 4257 4258
f 4194 4258 4195
f 4195 4258 4259
f 4195 4259 4196
f 4196 4259 4260
f 4196 4260 4197
f 4197 4260 4261
f 4197 4261 4198
f 4198 4261 4262
f 4198 4262 4199
f 4199 4262 4263
f 4199 4263 4200
f 4200 4263 4264
f 4200 4264 4201
f 4201 4264 4265
f 4201 4265 4202
f 4202 4265 4266
f 4202 4266 4203
f 4203 4266 4267
f 4203 4267 4204
f 4204 4267 4268
f 4204 4268 4205
f 4205 4268 4269
f 4205 4269 4206
f 4206 4269 4270
f 4206 4270 4207
f 4207 4270 4271
f 4207 4271 4208
f 4208 4271 4272
f 4208 4272 4209
f 4209 4272 4273
f 4209 4273 4210
f 4210 4273 4274
f 4210 4274 4211
f 4211 4274 4275
f 4211 4275 4212
f 4212 4275 4276
f 4212 4276 4213
f 4213 4276 4277
f 4213 4277 4214
f 4214 4277 4278
f 4214 4278 4215
f 4215 4278 4279
f 4215 4279 4216
f 4216 4279 4280
f 4216 4280 4217
f 4217 4280 4281
f 4217 4281 4218
f 4218 4281 4282
f 4218 4282 4219
f 4219 4282 4283
f 4219 4283 4220
f 4220 4283 4284
f 4220 4284 4221
f 4221 4284 4285
f 4221 4285 4222
f 4222 4285 4286
f 4222 4286 4223
f 4223 4286 4287
f 4223 4287 4224
f 4224 4287 4288
f 4224 4288 4225
f 4225 4288 4289
f 4225 4289 4226
f 4226 4289 4290
f 4226 4290 4227
f 4227 4290 4291
f 4227 4291 4228
f 4228 4291 4292
f 4228 4292 4229
f 4229 4292 4293
f 4229 4293 4230
f 4230 4293 4294
f 4230 4294 4231
f 4231 4294 4295
f 4231 4295 4232
f 4232 4295 4296
f 4232 4296 4233
f 4233 4296 4297
f 4233 4297 4234
f 4234 4297 4298
f 4234 4298 4235
f 4235 4298 4299
f 4235 4299 4236
f 4236 4299 4300
f 4236 4300 4237
f 4237 4300 4301
f 4237 4301 4238
f 4238 4301 4302
f 4238 4302 4239
f 4239 4302 4303
f 4239 4303 4240
f 4240 4303 4304
f 4240 4304 4241
f 4241 4304 4305
f 4241 4305 4242
f 4242 4305 4306
f 4242 4306 4243
f 4243 4306 4307
f 4243 4307 4244
f 4244 4307 4308
f 4244 4308 4245
f 4245 4308 4309
f 4245 4309 4246
f 4246 4309 4310
f 4246 4310 4247
f 4247 4310 4311
f 4247 4311 4248
f 4248 4311 4312
f 4248 4312 4249
f 4249 4312 4313
f 4249 4313 4250
f 4250 4313 4314
f 4250 4314 4251
f 4251 4314 4315
f 4251 4315 4252
f 4252 4315 4316
f 4252 4316 4253
f 4253 4316 4317
f 4253 4317 4254
f 4254 4317 4318
f 4254 4318 4255
f 4255 4318 4319
f 4255 4319 4256
f 4256 4319 4320
f 4256 4320 4257
f 4257 4320 4321
f 4257 4321 4258
f 4258 4321 4322
f 4258 4322 4259
f 4259 4322 4323
f 4259 4323 4260
f 4260 4323 4324
f 4260 4324 4261
f 4261 4324 4325
f 4261 4325 4262
f 4262 4325 4326
f 4262 4326 4263
f 4263 4326 4327
f 4263 4327 4264
f 4264 4327 4328
f 4264 4328 4265
f 4265 4328 4329
f 4265 4329 4266
f 4266 4329 4330
f 4266 4330 4267
f 4267 4330 4331
f 4267 4331 4268
f 4268 4331 4332
f 4268 4332 4269
f 4269 4332 4333
f 4269 4333 4270
f 4270 4333 4334
f 4270 4334 4271
f 4271 4334 4335
f 4271 4335 4272
f 4272 4335 4336
f 4272 4336 4273
f 4273 4336 4337
f 4273 4337 4274
f 4274 4337 4338
f 4274 4338 4275
f 4275 4338 4339
f 4275 4339 4276
f 4276 4339 4340
f 4276 4340 4277
f 4277 4340 4341
f 4277 4341 4278
f 4278 4341 4342
f 4278 4342 4279
f 4279 4342 4343
f 4279 4343 4280
f 4280 4343 4344
f 4280 4344 4281
f 4281 4344 4345
f 4281 4345 4282
f 4282 4345 4346
f 4282 4346 4283
f 4283 4346 4347
f 4283 4347 4284
f 4284 4347 4348
f 4284 4348 4285
f 4285 4348 4349
f 4285 4349 4286
f 4286 4349 4350
f 4286 4350 4287
f 4287 4350 4351
f 4287 4351 4288
f 4288 4351 4352
f 4288 4352 4289
f 4289 4352 4353
f 4289 4353 4290
f 4290 4353 4354
f 4290 4354 4291
f 4291 4354 4355
f 4291 4355 4292
f 4292 4355 4356
f 4292 4356 4293
f 4293 4356 4357
f 4293 4357 4294
f 4294 4357 4358
f 4294 4358 4295
f 4295 4358 4359
f 4295 4359 4296
f 4296 4359 4360
f 4296 4360 4297
f 4297 4360 4361
f 4297 4361 4298
f 4298 4361 4362
f 4298 4362 4299
f 4299 4362 4363
f 4299 4363 4300
f 4300 4363 4364
f 4300 4364 4301
f 4301 4364 4365
f 4301 4365 4302
f 4302 4365 4366
f 4302 4366 4303
f 4303 4366 4367
f 4303 4367 4304
f 4304 4367 4368
f 4304 4368 4305
f 4305 4368 4369
f 4305 4369 4306
f 4306 4369 4370
f 4306 4370 4307
f 4307 4370 4371
f 4307 4371 4308
f 4308 4371 4372
f 4308 4372 4309
f 4309 4372 4373
f 4309 4373 4310
f 4310 4373 4374
f 4310 4374 4311
f 4311 4374 4375
f 4311 4375 4312
f 4312 4375 4376
f 4312 4376 4313
f 4313 4376 4377
f 4313 4377 4314
f 4314 4377 4378
f 4314 4378 4315
f 4315 4378 4379
f 4315 4379 4316
f 4316 4379 4380
f 4316 4380 4317
f 4317 4380 4381
f 4317 4381 4318
f 4318 4381 4382
f 4318 4382 4319
f 4319 4382 4383
f 4319 4383 4320
f 4320 4383 4384
f 4320 4384 4321
f 4321 4384 4385
f 4321 4385 4322
f 4322 4385 4386
f 4322 4386 4323
f 4323 4386 4387
f 4323 4387 4324
f 4324 4387 4388
f 4324 4388 4325
f 4325 4388 4389
f 4325 4389 4326
f 4326 4389 4390
f 4326 4390 4327
f 4327 4390 4391
f 4327 4391 4328
f 4328 4391 4392
f 4328 4392 4329
f 4329 4392 4393
f 4329 4393 4330
f 4330 4393 4394
f 4330 4394 4331
f 4331 4394 4395
f 4331 4395 4332
f 4332 4395 4396
f 4332 4396 4333
f 4333 4396 4397
f 4333 4397 4334
f 4334 4397 4398
f 4334 4398 4335
f 4335 4398 4399
f 4335 4399 4336
f 4336 4399 4400
f 4336 4400 4337
f 4337 4400 4401
f 4337 4401 4338
f 4338 4401 4402
f 4338 4402 4339
f 4339 4402 4403
f 4339 4403 4340
f 4340 4403 4404
f 4340 4404 4341
f 4341 4404 4405
f 4341 4405 4342
f 4342 4405 4406
f 4342 4406 4343
f 4343 4406 4407
f 4343 4407 4344
f 4344 4407 4408
f 4344 4408 4345
f 4345 4408 4409
f 4345 4409 4346
f 4346 4409 4410
f 4346 4410 4347
f 4347 4410 4411
f 4347 4411 4348
f 4348 4411 4412
f 4348 4412 4349
f 4349 4412 4413
f 4349 4413 4350
f 4350 4413 4414
f 4350 4414 4351
f 4351 4414 4415
f 4351 4415 4352
f 4352 4415 4416
f 4352 4416 4353
f 4353 4416 4417
f 4353 4417 4354
f 4354 4417 4418
f 4354 4418 4355
f 4355 4418 4419
f 4355 4419 4356
f 4356 4419 4420
f 4356 4420 4357
f 4357 4420 4421
f 4357 4421 4358
f 4358 4421 4422
f 4358 4422 4359
f 4359 4422 4423
f 4359 4423 4360
f 4360 4423 4424
f 4360 4424 4361
f 4361 4424 4425
f 4361 4425 4362
f 4362 4425 4426
f 4362 4426 4363
f 4363 4426 4427
f 4363 4427 4364
f 4364 4427 4428
f 4364 4428 4365
f 4365 4428 4429
f 4365 4429 4366
f 4366 4429 4430
f 4366 4430 4367
f 4367 4430 4431
f 4367 4431 4368
f 4368 4431 4432
f 4368 4432 4369
f 4369 4432 4433
f 4369 4433 4370
f 4370 4433 4434
f 4370 4434 4371
f 4371 4434 4435
f 4371 4435 4372
f 4372 4435 4436
f 4372 4436 4373
f 4373 4436 4437
f 4373 4437 4374
f 4374 4437 4438
f 4374 4438 4375
f 4375 4438 4439
f 4375 4439 4376
f 4376 4439 4440
f 4376 4440 4377
f 4377 4440 4441
f 4377 4441 4378
f 4378 4441 4442
f 4378 4442 4379
f 4379 4442 4443
f 4379 4443 4380
f 4380 4443 4444
f 4380 4444 4381
f 4381 4444 4445
f 4381 4445 4382
f 4382 4445 4446
f 4382 4446 4383
f 4383 4446 4447
f 4383 4447 4384
f 4384 4447 4448
f 4384 4448 4385
f 4385 4448 4449
f 4385 4449 4386
f 4386 4449 4450
f 4386 4450 4387
f 4387 4450 4451
f 4387 4451 4388
f 4388 4451 4452
f 4388 4452 4389
f 4389 4452 4453
f 4389 4453 4390
f 4390 4453 4454
f 4390 4454 4391
f 4391 4454 4455
f 4391 4455 4392
f 4392 4455 4456
f 4392 4456 4393
f 4393 4456 4457
f 4393 4457 4394
f 4394 4457 4458
f 4394 4458 4395
f 4395 4458 4459
f 4395 4459 4396
f 4396 4459 4460
f 4396 4460 4397
f 4397 4460 4461
f 4397 4461 4398
f 4398 4461 4462
f 4398 4462 4399
f 4399 4462 4463
f 4399 4463 4400
f 4400 4463 4464
f 4400 4464 4401
f 4401 4464 4465
f 4401 4465 4402
f 4402 4465 4466
f 4402 4466 4403
f 4403 4466 4467
f 4403 4467 4404
f 4404 4467 4468
f 4404 4468 4405
f 4405 4468 4469
f 4405 4469 4406
f 4406 4469 4470
f 4406 4470 4407
f 4407 4470 4471
f 4407 4471 4408
f 4408 4471 4472
f 4408 4472 4409
f 4409 4472 4473
f 4409 4473 4410
f 4410 4473 4474
f 4410 4474 4411
f 4411 4474 4475
f 4411 4475 4412
f 4412 4475 4476
f 4412 4476 4413
f 4413 4476 4477
f 4413 4477 4414
f 4414 4477 4478
f 4414 4478 4415
f 4415 4478 4479
f 4415 4479 4416
f 4416 4479 4480
f 4416 4480 4417
f 4417 4480 4481
f 4417 4481 4418
f 4418 4481 4482
f 4418 4482 4419
f 4419 4482 4483
f 4419 4483 4420
f 4420 4483 4484
f 4420 4484 4421
f 4421 4484 4485
f 4421 4485 4422
f 4422 4485 4486
f 4422 4486 4423
f 4423 4486 4487
f 4423 4487 4424
f 4424 4487 4488
f 4424 4488 4425
f 4425 4488 4489
f 4425 4489 4426
f 4426 4489 4490
f 4426 4490 4427
f 4427 4490 4491
f 4427 4491 4428
f 4428 4491 4492
f 4428 4492 4429
f 4429 4492 4493
f 4429 4493 4430
f 4430 4493 4494
f 4430 4494 4431
f 4431 4494 4495
f 4431 4495 4432
f 4432 4495 4496
f 4432 4496 4433
f 4433 4496 4497
f 4433 4497 4434
f 4434 4497 4498
f 4434 4498 4435
f 4435 4498 4499
f 4435 4499 4436
f 4436 4499 4500
f 4436 4500 4437
f 4437 4500 4501
f 4437 4501 4438
f 4438 4501 4502
f 4438 4502 4439
f 4439 4502 4503
f 4439 4503 4440
f 4440 4503 4504
f 4440 4504 4441
f 4441 4504 4505
f 4441 4505 4442
f 4442 4505 4506
f 4442 4506 4443
f 4443 4506 4507
f 4443 4507 4444
f 4444 4507 4508
f 4444 4508 4445
f 4445 4508 4509
f 4445 4509 4446
f 4446 4509 4510
f 4446 4510 4447
f 4447 4510 4511
f 4447 4511 4448
f 4448 4511 4512
f 4448 4512 4449
f 4449 4512 4513
f 4449 4513 4450
f 4450 4513 4514
f 4450 4514 4451
f 4451 4514 4515
f 4451 4515 4452
f 4452 4515 4516
f 4452 4516 4453
f 4453 4516 4517
f 4453 4517 4454
f 4454 4517 4518
f 4454 4518 4455
f 4455 4518 4519
f 4455 4519 4456
f 4456 4519 4520
f 4456 4520 4457
f 4457 4520 4521
f 4457 4521 4458
f 4458 4521 4522
f 4458 4522 4459
f 4459 4522 4523
f 4459 4523 4460
f 4460 4523 4524
f 4460 4524 4461
f 4461 4524 4525
f 4461 4525 4462
f 4462 4525 4526
f 4462 4526 4463
f 4463 4526 4527
f 4463 4527 4464
f 4464 4527 4528
f 4464 4528 4465
f 4465 4528 4529
f 4465 4529 4466
f 4466 4529 4530
f 4466 4530 4467
f 4467 4530 4531
f 4467 4531 4468
f 4468 4531 4532
f 4468 4532 4469
f 4469 4532 4533
f 4469 4533 4470
f 4470 4533 4534
f 4470 4534 4471
f 4471 4534 4535
f 4471 4535 4472
f 4472 4535 4536
f 4472 4536 4473
f 4473 4536 4537
f 4473 4537 4474
f 4474 4537 4538
f 4474 4538 4475
f 4475 4538 4539
f 4475 4539 4476
f 4476 4539 4540
f 4476 4540 4477
f 4477 4540 4541
f 4477 4541 4478
f 4478 4541 4542
f 4478 4542 4479
f 4479 4542 4543
f 4479 4543 4480
f 4480 4543 4544
f 4480 4544 4481
f 4481 4544 4545
f 4481 4545 4482
f 4482 4545 4546
f 4482 4546 4483
f 4483 4546 4547
f 4483 4547 4484
f 4484 4547 4548
f 4484 4548 4485
f 4485 4548 4549
f 4485 4549 4486
f 4486 4549 4550
f 4486 4550 4487
f 4487 4550 4551
f 4487 4551 4488
f 4488 4551 4552
f 4488 4552 4489
f 4489 4552 4553
f 4489 4553 4490
f 4490 4553 4554
f 4490 4554 4491
f 4491 4554 4555
f 4491 4555 4492
f 4492 4555 4556
f 4492 4556 4493
f 4493 4556 4557
f 4493 4557 4494
f 4494 4557 4558
f 4494 4558 4495
f 4495 4558 4559
f 4495 4559 4496
f 4496 4559 4560
f 4496 4560 4497
f 4497 4560 4561
f 4497 4561 4498
f 4498 4561 4562
f 4498 4562 4499
f 4499 4562 4563
f 4499 4563 4500
f 4500 4563 4564
f 4500 4564 4501
f 4501 4564 4565
f 4501 4565 4502
f 4502 4565 4566
f 4502 4566 4503
f 4503 4566 4567
f 4503 4567 4504
f 4504 4567 4568
f 4504 4568 4505
f 4505 4568 4569
f 4505 4569 4506
f 4506 4569 4570
f 4506 4570 4507
f 4507 4570 4571
f 4507 4571 4508
f 4508 4571 4572
f 4508 4572 4509
f 4509 4572 4573
f 4509 4573 4510
f 4510 4573 4574
f 4510 4574 4511
f 4511 4574 4575
f 4511 4575 4512
f 4512 4575 4576
f 4512 4576 4513
f 4513 4576 4577
f 4513 4577 4514
f 4514 4577 4578
f 4514 4578 4515
f 4515 4578 4579
f 4515 4579 4516
f 4516 4579 4580
f 4516 4580 4517
f 4517 4580 4581
f 4517 4581 4518
f 4518 4581 4582
f 4518 4582 4519
f 4519 4582 4583
f 4519 4583 4520
f 4520 4583 4584
f 4520 4584 4521
f 4521 4584 4585
f 4521 4585 4522
f 4522 4585 4586
f 4522 4586 4523
f 4523 4586 4587
f 4523 4587 4524
f 4524 4587 4588
f 4524 4588 4525
f 4525 4588 4589
f 4525 4589 4526
f 4526 4589 4590
f 4526 4590 4527
f 4527 4590 4591
f 4527 4591 4528
f 4528 4591 4592
f 4528 4592 4529
f 4529 4592 4593
f 4529 4593 4530
f 4530 4593 4594
f 4530 4594 4531
f 4531 4594 4595
f 4531 4595 4532
f 4532 4595 4596
f 4532 4596 4533
f 4533 4596 4597
f 4533 4597 4534
f 4534 4597 4598
f 4534 4598 4535
f 4535 4598 4599
f 4535 4599 4536
f 4536 4599 4600
f 4536 4600 4537
f 4537 4600 4601
f 4537 4601 4538
f 4538 4601 4602
f 4538 4602 4539
f 4539 4602 4603
f 4539 4603 4540
f 4540 4603 4604
f 4540 4604 4541
f 4541 4604 4605
f 4541 4605 4542
f 4542 4605 4606
f 4542 4606 4543
f 4543 4606 4607
f 4543 4607 4544
f 4544 4607 4608
f 4544 4608 4545
f 4545 4608 4609
f 4545 4609 4546
f 4546 4609 4610
f 4546 4610 4547
f 4547 4610 4611
f 4547 4611 4548
f 4548 4611 4612
f 4548 4612 4549
f 4549 4612 4613
f 4549 4613 4550
f 4550 4613 4614
f 4550 4614 4551
f 4551 4614 4615
f 4551 4615 4552
f 4552 4615 4616
f 4552 4616 4553
f 4553 4616 4617
f 4553 4617 4554
f 4554 4617 4618
f 4554 4618 4555
f 4555 4618 4619
f 4555 4619 4556
f 4556 4619 4620
f 4556 4620 4557
f 4557 4620 4621
f 4557 4621 4558
f 4558 4621 4622
f 4558 4622 4559
f 4559 4622 4623
f 4559 4623 4560
f 4560 4623 4624
f 4560 4624 4561
f 4561 4624 4625
f 4561 4625 4562
f 4562 4625 4626
f 4562 4626 4563
f 4563 4626 4627
f 4563 4627 4564
f 4564 4627 4628
f 4564 4628 4565
f 4565 4628 4629
f 4565 4629 4566
f 4566 4629 4630
f 4566 4630 4567
f 4567 4630 4631
f 4567 4631 4568
f 4568 4631 4632
f 4568 4632 4569
f 4569 4632 4633
f 4569 4633 4570
f 4570 4633 4634
f 4570 4634 4571
f 4571 4634 4635
f 4571 4635 4572
f 4572 4635 4636
f 4572 4636 4573
f 4573 4636 4637
f 4573 4637 4574
f 4574 4637 4638
f 4574 4638 4575
f 4575 4638 4639
f 4575 4639 4576
f 4576 4639 4640
f 4576 4640 4577
f 4577 4640 4641
f 4577 4641 4578
f 4578 4641 4642
f 4578 4642 4579
f 4579 4642 4643
f 4579 4643 4580
f 4580 4643 4644
f 4580 4644 4581
f 4581 4644 4645
f 4581 4645 4582
f 4582 4645 4646
f 4582 4646 4583
f 4583 4646 4647
f 4583 4647 4584
f 4584 4647 4648
f 4584 4648 4585
f 4585 4648 4649
f 4585 4649 4586
f 4586 4649 4650
f 4586 4650 4587
f 4587 4650 4651
f 4587 4651 4588
f 4588 4651 4652
f 4588 4652 4589
f 4589 4652 4653
f 4589 4653 4590
f 4590 4653 4654
f 4590 4654 4591
f 4591 4654 4655
f 4591 4655 4592
f 4592 4655 4656
f 4592 4656 4593
f 4593 4656 4657
f 4593 4657 4594
f 4594 4657 4658
f 4594 4658 4595
f 4595 4658 4659
f 4595 4659 4596
f 4596 4659 4660
f 4596 4660 4597
f 4597 4660 4661
f 4597 4661 4598
f 4598 4661 4662
f 4598 4662 4599
f 4599 4662 4663
f 4599 4663 4600
f 4600 4663 4664
f 4600 4664 4601
f 4601 4664 4665
f 4601 4665 4602
f 4602 4665 4666
f 4602 4666 4603
f 4603 4666 4667
f 4603 4667 4604
f 4604 4667 4668
f 4604 4668 4605
f 4605 4668 4669
f 4605 4669 4606
f 4606 4669 4670
f 4606 4670 4607
f 4607 4670 4671
f 4607 4671 4608
f 4608 4671 4672
f 4608 4672 4609
f 4609 4672 4673
f 4609 4673 4610
f 4610 4673 4674
f 4610 4674 4611
f 4611 4674 4675
f 4611 4675 4612
f 4612 4675 4676
f 4612 4676 4613
f 4613 4676 4677
f 4613 4677 4614
f 4614 4677 4678
f 4614 4678 4615
f 4615 4678 4679
f 4615 4679 4616
f 4616 4679 4680
f 4616 4680 4617
f 4617 4680 4681
f 4617 4681 4618
f 4618 4681 4682
f 4618 4682 4619
f 4619 4682 4683
f 4619 4683 4620
f 4620 4683 4684
f 4620 4684 4621
f 4621 4684 4685
f 4621 4685 4622
f 4622 4685 4686
f 4622 4686 4623
f 4623 4686 4687
f 4623 4687 4624
f 4624 4687 4688
f 4624 4688 4625
f 4625 4688 4689
f 4625 4689 4626
f 4626 4689 4690
f 4626 4690 4627
f 4627 4690 4691
f 4627 4691 4628
f 4628 4691 4692
f 4628 4692 4629
f 4629 4692 4693
f 4629 4693 4630
f 4630 4693 4694
f 4630 4694 4631
f 4631 4694 4695
f 4631 4695 4632
f 4632 4695 4696
f 4632 4696 4633
f 4633 4696 4697
f 4633 4697 4634
f 4634 4697 4698
f 4634 4698 4635
f 4635 4698 4699
f 4635 4699 4636
f 4636 4699 4700
f 4636 4700 4637
f 4637 4700 4701
f 4637 4701 4638
f 4638 4701 4702
f 4638 4702 4639
f 4639 4702 4703
f 4639 4703 4640
f 4640 4703 4704
f 4640 4704 4641
f 4641 4704 4705
f 4641 4705 4642
f 4642 4705 4706
f 4642 4706 4643
f 4643 4706 4707
f 4643 4707 4644
f 4644 4707 4708
f 4644 4708 4645
f 4645 4708 4709
f 4645 4709 4646
f 4646 4709 4710
f 4646 4710 4647
f 4647 4710 4711
f 4647 4711 4648
f 4648 4711 4712
f 4648 4712 4649
f 4649 4712 4713
f 4649 4713 4650
f 4650 4713 4714
f 4650 4714 4651
f 4651 4714 4715
f 4651 4715 4652
f 4652 4715 4716
f 4652 4716 4653
f 4653 4716 4717
f 4653 4717 4654
f 4654 4717 4718
f 4654 4718 4655
f 4655 4718 4719
f 4655 4719 4656
f 4656 4719 4720
f 4656 4720 4657
f 4657 4720 4721
f 4657 4721 4658
f 4658 4721 4722
f 4658 4722 4659
f 4659 4722 4723
f 4659 4723 4660
f 4660 4723 4724
f 4660 4724 4661
f 4661 4724 4725
f 4661 4725 4662
f 4662 4725 4726
f 4662 4726 4663
f 4663 4726 4727
f 4663 4727 4664
f 4664 4727 4728
f 4664 4728 4665
f 4665 4728 4729
f 4665 4729 4666
f 4666 4729 4730
f 4666 4730 4667
f 4667 4730 4731
f 4667 4731 4668
f 4668 4731 4732
f 4668 4732 4669
f 4669 4732 4733
f 4669 4733 4670
f 4670 4733 4734
f 4670 4734 4671
f 4671 4734 4735
f 4671 4735 4672
f 4672 4735 4736
f 4672 4736 4673
f 4673 4736 4737
f 4673 4737 4674
f 4674 4737 4738
f 4674 4738 4675
f 4675 4738 4739
f 4675 4739 4676
f 4676 4739 4740
f 4676 4740 4677
f 4677 4740 4741
f 4677 4741 4678
f 4678 4741 4742
f 4678 4742 4679
f 4679 4742 4743
f 4679 4743 4680
f 4680 4743 4744
f 4680 4744 4681
f 4681 4744 4745
f 4681 4745 4682
f 4682 4745 4746
f 4682 4746 4683
f 4683 4746 4747
f 4683 4747 4684
f 4684 4747 4748
f 4684 4748 4685
f 4685 4748 4749
f 4685 4749 4686
f 4686 4749 4750
f 4686 4750 4687
f 4687 4750 4751
f 4687 4751 4688
f 4688 4751 4752
f 4688 4752 4689
f 4689 4752 4753
f 4689 4753 4690
f 4690 4753 4754
f 4690 4754 4691
f 4691 4754 4755
f 4691 4755 4692
f 4692 4755 4756
f 4692 4756 4693
f 4693 4756 4757
f 4693 4757 4694
f 4694 4757 4758
f 4694 4758 4695
f 4695 4758 4759
f 4695 4759 4696
f 4696 4759 4760
f 4696 4760 4697
f 4697 4760 4761
f 4697 4761 4698
f 4698 4761 4762
f 4698 4762 4699
f 4699 4762 4763
f 4699 4763 4700
f 4700 4763 4764
f 4700 4764 4701
f 4701 4764 4765
f 4701 4765 4702
f 4702 4765 4766
f 4702 4766 4703
f 4703 4766 4767
f 4703 4767 4704
f 4704 4767 4768
f 4704 4768 4705
f 4705 4768 4769
f 4705 4769 4706
f 4706 4769 4770
f 4706 4770 4707
f 4707 4770 4771
f 4707 4771 4708
f 4708 4771 4772
f 4708 4772 4709
f 4709 4772 4773
f 4709 4773 4710
f 4710 4773 4774
f 4710 4774 4711
f 4711 4774 4775
f 4711 4775 4712
f 4712 4775 4776
f 4712 4776 4713
f 4713 4776 4777
f 4713 4777 4714
f 4714 4777 4778
f 4714 4778 4715
f 4715 4778 4779
f 4715 4779 4716
f 4716 4779 4780
f 4716 4780 4717
f 4717 4780 4781
f 4717 4781 4718
f 4718 4781 4782
f 4718 4782 4719
f 4719 4782 4783
f 4719 4783 4720
f 4720 4783 4784
f 4720 4784 4721
f 4721 4784 4785
f 4721 4785 4722
f 4722 4785 4786
f 4722 4786 4723
f 4723 4786 4787
f 4723 4787 4724
f 4724 4787 4788
f 4724 4788 4725
f 4725 4788 4789
f 4725 4789 4726
f 4726 4789 4790
f 4726 4790 4727
f 4727 4790 4791
f 4727 4791 4728
f 4728 4791 4792
f 4728 4792 4729
f 4729 4792 4793
f 4729 4793 4730
f 4730 4793 4794
f 4730 4794 4731
f 4731 4794 4795
f 4731 4795 4732
f 4732 4795 4796
f 4732 4796 4733
f 4733 4796 4797
f 4733 4797 4734
f 4734 4797 4798
f 4734 4798 4735
f 4735 4798 4799
f 4735 4799 4736
f 4736 4799 4800
f 4736 4800 4737
f 4737 4800 4801
f 4737 4801 4738
f 4738 4801 4802
f 4738 4802 4739
f 4739 4802 4803
f 4739 4803 4740
f 4740 4803 4804
f 4740 4804 4741
f 4741 4804 4805
f 4741 4805 4742
f 4742 4805 4806
f 4742 4806 4743
f 4743 4806 4807
f 4743 4807 4744
f 4744 4807 4808
f 4744 4808 4745
f 4745 4808 4809
f 4745 4809 4746
f 4746 4809 4810
f 4746 4810 4747
f 4747 4810 4811
f 4747 4811 4748
f 4748 4811 4812
f 4748 4812 4749
f 4749 4812 4813
f 4749 4813 4750
f 4750 4813 4814
f 4750 4814 4751
f 4751 4814 4815
f 4751 4815 4752
f 4752 4815 4816
f 4752 4816 4753
f 4753 4816 4817
f 4753 4817 4754
f 4754 4817 4818
f 4754 4818 4755
f 4755 4818 4819
f 4755 4819 4756
f 4756 4819 4820
f 4756 4820 4757
f 4757 4820 4821
f 4757 4821 4758
f 4758 4821 4822
f 4758 4822 4759
f 4759 4822 4823
f 4759 4823 4760
f 4760 4823 4824
f 4760 4824 4761
f 4761 4824 4825
f 4761 4825 4762
f 4762 4825 4826
f 4762 4826 4763
f 4763 4826 4827
f 4763 4827 4764
f 4764 4827 4828
f 4764 4828 4765
f 4765 4828 4829
f 4765 4829 4766
f 4766 4829 4830
f 4766 4830 4767
f 4767 4830 4831
f 4767 4831 4768
f 4768 4831 4832
f 4768 4832 4769
f 4769 4832 4833
f 4769 4833 4770
f 4770 4833 4834
f 4770 4834 4771
f 4771 4834 4835
f 4771 4835 4772
f 4772 4835 4836
f 4772 4836 4773
f 4773 4836 4837
f 4773 4837 4774
f 4774 4837 4838
f 4774 4838 4775
f 4775 4838 4839
f 4775 4839 4776
f 4776 4839 4840
f 4776 4840 4777
f 4777 4840 4841
f 4777 4841 4778
f 4778 4841 4842
f 4778 4842 4779
f 4779 4842 4843
f 4779 4843 4780
f 4780 4843 4844
f 4780 4844 4781
f 4781 4844 4845
f 4781 4845 4782
f 4782 4845 4846
f 4782 4846 4783
f 4783 4846 4847
f 4783 4847 4784
f 4784 4847 4848
f 4784 4848 4785
f 4785 4848 4849
f 4785 4849 4786
f 4786 4849 4850
f 4786 4850 4787
f 4787 4850 4851
f 4787 4851 4788
f 4788 4851 4852
f 4788 4852 4789
f 4789 4852 4853
f 4789 4853 4790
f 4790 4853 4854
f 4790 4854 4791
f 4791 4854 4855
f 4791 4855 4792
f 4792 4855 4856
f 4792 4856 4793
f 4793 4856 4857
f 4793 4857 4794
f 4794 4857 4858
f 4794 4858 4795
f 4795 4858 4859
f 4795 4859 4796
f 4796 4859 4860
f 4796 4860 4797
f 4797 4860 4861
f 4797 4861 4798
f 4798 4861 4862
f 4798 4862 4799
f 4799 4862 4863
f 4799 4863 4800
f 4800 4863 4864
f 4800 4864 4801
f 4801 4864 4865
f 4801 4865 4802
f 4802 4865 4866
f 4802 4866 4803
f 4803 4866 4867
f 4803 4867 4804
f 4804 4867 4868
f 4804 4868 4805
f 4805 4868 4869
f 4805 4869 4806
f 4806 4869 4870
f 4806 4870 4807
f 4807 4870 4871
f 4807 4871 4808
f 4808 4871 4872
f 4808 4872 4809
f 4809 4872 4873
f 4809 4873 4810
f 4810 4873 4874
f 4810 4874 4811
f 4811 4874 4875
f 4811 4875 4812
f 4812 4875 4876
f 4812 4876 4813
f 4813 4876 4877
f 4813 4877 4814
f 4814 4877 4878
f 4814 4878 4815
f 4815 4878 4879
f 4815 4879 4816
f 4816 4879 4880
f 4816 4880 4817
f 4817 4880 4881
f 4817 4881 4818
f 4818 4881 4882
f 4818 4882 4819
f 4819 4882 4883
f 4819 4883 4820
f 4820 4883 4884
f 4820 4884 4821
f 4821 4884 4885
f 4821 4885 4822
f 4822 4885 4886
f 4822 4886 4823
f 4823 4886 4887
f 4823 4887 4824
f 4824 4887 4888
f 4824 4888 4825
f 4825 4888 4889
f 4825 4889 4826
f 4826 4889 4890
f 4826 4890 4827
f 4827 4890 4891
f 4827 4891 4828
f 4828 4891 4892
f 4828 4892 4829
f 4829 4892 4893
f 4829 4893 4830
f 4830 4893 4894
f 4830 4894 4831
f 4831 4894 4895
f 4831 4895 4832
f 4832 4895 4896
f 4832 4896 4833
f 4833 4896 4897
f 4833 4897 4834
f 4834 4897 4898
f 4834 4898 4835
f 4835 4898 4899
f 4835 4899 4836
f 4836 4899 4900
f 4836 4900 4837
f 4837 4900 4901
f 4837 4901 4838
f 4838 4901 4902
f 4838 4902 4839
f 4839 4902 4903
f 4839 4903 4840
f 4840 4903 4904
f 4840 4904 4841
f 4841 4904 4905
f 4841 4905 4842
f 4842 4905 4906
f 4842 4906 4843
f 4843 4906 4907
f 4843 4907 4844
f 4844 4907 4908
f 4844 4908 4845
f 4845 4908 4909
f 4845 4909 4846
f 4846 4909 4910
f 4846 4910 4847
f 4847 4910 4911
f 4847 4911 4848
f 4848 4911 4912
f 4848 4912 4849
f 4849 4912 4913
f 4849 4913 4850
f 4850 4913 4914
f 4850 4914 4851
f 4851 4914 4915
f 4851 4915 4852
f 4852 4915 4916
f 4852 4916 4853
f 4853 4916 4917
f 4853 4917 4854
f 4854 4917 4918
f 4854 4918 4855
f 4855 4918 4919
f 4855 4919 4856
f 4856 4919 4920
f 4856 4920 4857
f 4857 4920 4921
f 4857 4921 4858
f 4858 4921 4922
f 4858 4922 4859
f 4859 4922 4923
f 4859 4923 4860
f 4860 4923 4924
f 4860 4924 4861
f 4861 4924 4925
f 4861 4925 4862
f 4862 4925 4926
f 4862 4926 4863
f 4863 4926 4927
f 4863 4927 4864
f 4864 4927 4928
f 4864 4928 4865
f 4865 4928 4929
f 4865 4929 4866
f 4866 4929 4930
f 4866 4930 4867
f 4867 4930 4931
f 4867 4931 4868
f 4868 4931 4932
f 4868 4932 4869
f 4869 4932 4933
f 4869 4933 4870
f 4870 4933 4934
f 4870 4934 4871
f 4871 4934 4935
f 4871 4935 4872
f 4872 4935 4936
f 4872 4936 4873
f 4873 4936 4937
f 4873 4937 4874
f 4874 4937 4938
f 4874 4938 4875
f 4875 4938 4939
f 4875 4939 4876
f 4876 4939 4940
f 4876 4940 4877
f 4877 4940 4941
f 4877 4941 4878
f 4878 4941 4942
f 4878 4942 4879
f 4879 4942 4943
f 4879 4943 4880
f 4880 4943 4944
f 4880 4944 4881
f 4881 4944 4945
f 4881 4945 4882
f 4882 4945 4946
f 4882 4946 4883
f 4883 4946 4947
f 4883 4947 4884
f 4884 4947 4948
f 4884 4948 4885
f 4885 4948 4949
f 4885 4949 4886
f 4886 4949 4950
f 4886 4950 4887
f 4887 4950 4951
f 4887 4951 4888
f 4888 4951 4952
f 4888 4952 4889
f 4889 4952 4953
f 4889 4953 4890
f 4890 4953 4954
f 4890 4954 4891
f 4891 4954 4955
f 4891 4955 4892
f 4892 4955 4956
f 4892 4956 4893
f 4893 4956 4957
f 4893 4957 4894
f 4894 4957 4958
f 4894 4958 4895
f 4895 4958 4959
f 4895 4959 4896
f 4896 4959 4960
f 4896 4960 4897
f 4897 4960 4961
f 4897 4961 4898
f 4898 4961 4962
f 4898 4962 4899
f 4899 4962 4963
f 4899 4963 4900
f 4900 4963 4964
f 4900 4964 4901
f 4901 4964 4965
f 4901 4965 4902
f 4902 4965 4966
f 4902 4966 4903
f 4903 4966 4967
f 4903 4967 4904
f 4904 4967 4968
f 4904 4968 4905
f 4905 4968 4969
f 4905 4969 4906
f 4906 4969 4970
f 4906 4970 4907
f 4907 4970 4971
f 4907 4971 4908
f 4908 4971 4972
f 4908 4972 4909
f 4909 4972 4973
f 4909 4973 4910
f 4910 4973 4974
f 4910 4974 4911
f 4911 4974 4975
f 4911 4975 4912
f 4912 4975 4976
f 4912 4976 4913
f 4913 4976 4977
f 4913 4977 4914
f 4914 4977 4978
f 4914 4978 4915
f 4915 4978 4979
f 4915 4979 4916
f 4916 4979 4980
f 4916 4980 4917
f 4917 4980 4981
f 4917 4981 4918
f 4918 4981 4982
f 4918 4982 4919
f 4919 4982 4983
f 4919 4983 4920
f 4920 4983 4984
f 4920 4984 4921
f 4921 4984 4985
f 4921 4985 4922
f 4922 4985 4986
f 4922 4986 4923
f 4923 4986 4987
f 4923 4987 4924
f 4924 4987 4988
f 4924 4988 4925
f 4925 4988 4989
f 4925 4989 4926
f 4926 4989 4990
f 4926 4990 4927
f 4927 4990 4991
f 4927 4991 4928
f 4928 4991 4992
f 4928 4992 4929
f 4929 4992 4993
f 4929 4993 4930
f 4930 4993 4994
f 4930 4994 4931
f 4931 4994 4995
f 4931 4995 4932
f 4932 4995 4996
f 4932 4996 4933
f 4933 4996 4997
f 4933 4997 4934
f 4934 4997 4998
f 4934 4998 4935
f 4935 4998 4999
f 4935 4999 4936
f 4936 4999 5000
f 4936 5000 4937
f 4937 5000 5001
f 4937 5001 4938
f 4938 5001 5002
f 4938 5002 4939
f 4939 5002 5003
f 4939 5003 4940
f 4940 5003 5004
f 4940 5004 4941
f 4941 5004 5005
f 4941 5005 4942
f 4942 5005 5006
f 4942 5006 4943
f 4943 5006 5007
f 4943 5007 4944
f 4944 5007 5008
f 4944 5008 4945
f 4945 5008 5009
f 4945 5009 4946
f 4946 5009 5010
f 4946 5010 4947
f 4947 5010 5011
f 4947 5011 4948
f 4948 5011 5012
f 4948 5012 4949
f 4949 5012 5013
f 4949 5013 4950
f 4950 5013 5014
f 4950 5014 4951
f 4951 5014 5015
f 4951 5015 4952
f 4952 5015 5016
f 4952 5016 4953
f 4953 5016 5017
f 4953 5017 4954
f 4954 5017 5018
f 4954 5018 4955
f 4955 5018 5019
f 4955 5019 4956
f 4956 5019 5020
f 4956 5020 4957
f 4957 5020 5021
f 4957 5021 4958
f 4958 5021 5022
f 4958 5022 4959
f 4959 5022 5023
f 4959 5023 4960
f 4960 5023 5024
f 4960 5024 4961
f 4961 5024 5025
f 4961 5025 4962
f 4962 5025 5026
f 4962 5026 4963
f 4963 5026 5027
f 4963 5027 4964
f 4964 5027 5028
f 4964 5028 4965
f 4965 5028 5029
f 4965 5029 4966
f 4966 5029 5030
f 4966 5030 4967
f 4967 5030 5031
f 4967 5031 4968
f 4968 5031 5032
f 4968 5032 4969
f 4969 5032 5033
f 4969 5033 4970
f 4970 5033 5034
f 4970 5034 4971
f 4971 5034 5035
f 4971 5035 4972
f 4972 5035 5036
f 4972 5036 4973
f 4973 5036 5037
f 4973 5037 4974
f 4974 5037 5038
f 4974 5038 4975
f 4975 5038 5039
f 4975 5039 4976
f 4976 5039 5040
f 4976 5040 4977
f 4977 5040 5041
f 4977 5041 4978
f 4978 5041 5042
f 4978 5042 4979
f 4979 5042 5043
f 4979 5043 4980
f 4980 5043 5044
f 4980 5044 4981
f 4981 5044 5045
f 4981 5045 4982
f 4982 5045 5046
f 4982 5046 4983
f 4983 5046 5047
f 4983 5047 4984
f 4984 5047 5048
f 4984 5048 4985
f 4985 5048 5049
f 4985 5049 4986
f 4986 5049 5050
f 4986 5050 4987
f 4987 5050 5051
f 4987 5051 4988
f 4988 5051 5052
f 4988 5052 4989
f 4989 5052 5053
f 4989 5053 4990
f 4990 5053 5054
f 4990 5054 4991
f 4991 5054 5055
f 4991 5055 4992
f 4992 5055 5056
f 4992 5056 4993
f 4993 5056 5057
f 4993 5057 4994
f 4994 5057 5058
f 4994 5058 4995
f 4995 5058 5059
f 4995 5059 4996
f 4996 5059 5060
f 4996 5060 4997
f 4997 5060 5061
f 4997 5061 4998
f 4998 5061 5062
f 4998 5062 4999
f 4999 5062 5063
f 4999 5063 5000
f 5000 5063 5064
f 5000 5064 5001
f 5001 5064 5065
f 5001 5065 5002
f 5002 5065 5066
f 5002 5066 5003
f 5003 5066 5067
f 5003 5067 5004
f 5004 5067 5068
f 5004 5068 5005
f 5005 5068 5069
f 5005 5069 5006
f 5006 5069 5070
f 5006 5070 5007
f 5007 5070 5071
f 5007 5071 5008
f 5008 5071 5072
f 5008 5072 5009
f 5009 5072 5073
f 5009 5073 5010
f 5010 5073 5074
f 5010 5074 5011
f 5011 5074 5075
f 5011 5075 5012
f 5012 5075 5076
f 5012 5076 5013
f 5013 5076 5077
f 5013 5077 5014
f 5014 5077 5078
f 5014 5078 5015
f 5015 5078 5079
f 5015 5079 5016
f 5016 5079 5080
f 5016 5080 5017
f 5017 5080 5081
f 5017 5081 5018
f 5018 5081 5082
f 5018 5082 5019
f 5019 5082 5083
f 5019 5083 5020
f 5020 5083 5084
f 5020 5084 5021
f 5021 5084 5085
f 5021 5085 5022
f 5022 5085 5086
f 5022 5086 5023
f 5023 5086 5087
f 5023 5087 5024
f 5024 5087 5088
f 5024 5088 5025
f 5025 5088 5089
f 5025 5089 5026
f 5026 5089 5090
f 5026 5090 5027
f 5027 5090 5091
f 5027 5091 5028
f 5028 5091 5092
f 5028 5092 5029
f 5029 5092 5093
f 5029 5093 5030
f 5030 5093 5094
f 5030 5094 5031
f 5031 5094 5095
f 5031 5095 5032
f 5032 5095 5096
f 5032 5096 5033
f 5033 5096 5097
f 5033 5097 5034
f 5034 5097 5098
f 5034 5098 5035
f 5035 5098 5099
f 5035 5099 5036
f 5036 5099 5100
f 5036 5100 5037
f 5037 5100 5101
f 5037 5101 5038
f 5038 5101 5102
f 5038 5102 5039
f 5039 5102 5103
f 5039 5103 5040
f 5040 5103 5104
f 5040 5104 5041
f 5041 5104 5105
f 5041 5105 5042
f 5042 5105 5106
f 5042 5106 5043
f 5043 5106 5107
f 5043 5107 5044
f 5044 5107 5108
f 5044 5108 5045
f 5045 5108 5109
f 5045 5109 5046
f 5046 5109 5110
f 5046 5110 5047
f 5047 5110 5111
f 5047 5111 5048
f 5048 5111 5112
f 5048 5112 5049
f 5049 5112 5113
f 5049 5113 5050
f 5050 5113 5114
f 5050 5114 5051
f 5051 5114 5115
f 5051 5115 5052
f 5052 5115 5116
f 5052 5116 5053
f 5053 5116 5117
f 5053 5117 5054
f 5054 5117 5118
f 5054 5118 5055
f 5055 5118 5119
f 5055 5119 5056
f 5056 5119 5120
f 5056 5120 5057
f 5057 5120 5121
f 5057 5121 5058
f 5058 5121 5122
f 5058 5122 5059
f 5059 5122 5123
f 5059 5123 5060
f 5060 5123 5124
f 5060 5124 5061
f 5061 5124 5125
f 5061 5125 5062
f 5062 5125 5126
f 5062 5126 5063
f 5063 5126 5127
f 5063 5127 5064
f 5064 5127 5128
f 5064 5128 5065
f 5065 5128 5129
f 5065 5129 5066
f 5066 5129 5130
f 5066 5130 5067
f 5067 5130 5131
f 5067 5131 5068
f 5068 5131 5132
f 5068 5132 5069
f 5069 5132 5133
f 5069 5133 5070
f 5070 5133 5134
f 5070 5134 5071
f 5071 5134 5135
f 5071 5135 5072
f 5072 5135 5136
f 5072 5136 5073
f 5073 5136 5137
f 5073 5137 5074
f 5074 5137 5138
f 5074 5138 5075
f 5075 5138 5139
f 5075 5139 5076
f 5076 5139 5140
f 5076 5140 5077
f 5077 5140 5141
f 5077 5141 5078
f 5078 5141 5142
f 5078 5142 5079
f 5079 5142 5143
f 5079 5143 5080
f 5080 5143 5144
f 5080 5144 5081
f 5081 5144 5145
f 5081 5145 5082
f 5082 5145 5146
f 5082 5146 5083
f 5083 5146 5147
f 5083 5147 5084
f 5084 5147 5148
f 5084 5148 5085
f 5085 5148 5149
f 5085 5149 5086
f 5086 5149 5150
f 5086 5150 5087
f 5087 5150 5151
f 5087 5151 5088
f 5088 5151 5152
f 5088 5152 5089
f 5089 5152 5153
f 5089 5153 5090
f 5090 5153 5154
f 5090 5154 5091
f 5091 5154 5155
f 5091 5155 5092
f 5092 5155 5156
f 5092 5156 5093
f 5093 5156 5157
f 5093 5157 5094
f 5094 5157 5158
f 5094 5158 5095
f 5095 5158 5159
f 5095 5159 5096
f 5096 5159 5160
f 5096 5160 5097
f 5097 5160 5161
f 5097 5161 5098
f 5098 5161 5162
f 5098 5162 5099
f 5099 5162 5163
f 5099 5163 5100
f 5100 5163 5164
f 5100 5164 5101
f 5101 5164 5165
f 5101 5165 5102
f 5102 5165 5166
f 5102 5166 5103
f 5103 5166 5167
f 5103 5167 5104
f 5104 5167 5168
f 5104 5168 5105
f 5105 5168 5169
f 5105 5169 5106
f 5106 5169 5170
f 5106 5170 5107
f 5107 5170 5171
f 5107 5171 5108
f 5108 5171 5172
f 5108 5172 5109
f 5109 5172 5173
f 5109 5173 5110
f 5110 5173 5174
f 5110 5174 5111
f 5111 5174 5175
f 5111 5175 5112
f 5112 5175 5176
f 5112 5176 5113
f 5113 5176 5177
f 5113 5177 5114
f 5114 5177 5178
f 5114 5178 5115
f 5115 5178 5179
f 5115 5179 5116
f 5116 5179 5180
f 5116 5180 5117
f 5117 5180 5181
f 5117 5181 5118
f 5118 5181 5182
f 5118 5182 5119
f 5119 5182 5183
f 5119 5183 5120
f 5120 5183 5184
f 5120 5184 5121
f 5121 5184 5185
f 5121 5185 5122
f 5122 5185 5186
f 5122 5186 5123
f 5123 5186 5187
f 5123 5187 5124
f 5124 5187 5188
f 5124 5188 5125
f 5125 5188 5189
f 5125 5189 5126
f 5126 5189 5190
f 5126 5190 5127
f 5127 5190 5191
f 5127 5191 5128
f 5128 5191 5192
f 5128 5192 5129
f 5129 5192 5193
f 5129 5193 5130
f 5130 5193 5194
f 5130 5194 5131
f 5131 5194 5195
f 5131 5195 5132
f 5132 5195 5196
f 5132 5196 5133
f 5133 5196 5197
f 5133 5197 5134
f 5134 5197 5198
f 5134 5198 5135
f 5135 5198 5199
f 5135 5199 5136
f 5136 5199 5200
f 5136 5200 5137
f 5137 5200 5201
f 5137 5201 5138
f 5138 5201 5202
f 5138 5202 5139
f 5139 5202 5203
f 5139 5203 5140
f 5140 5203 5204
f 5140 5204 5141
f 5141 5204 5205
f 5141 5205 5142
f 5142 5205 5206
f 5142 5206 5143
f 5143 5206 5207
f 5143 5207 5144
f 5144 5207 5208
f 5144 5208 5145
f 5145 5208 5209
f 5145 5209 5146
f 5146 5209 5210
f 5146 5210 5147
f 5147 5210 5211
f 5147 5211 5148
f 5148 5211 5212
f 5148 5212 5149
f 5149 5212 5213
f 5149 5213 5150
f 5150 5213 5214
f 5150 5214 5151
f 5151 5214 5215
f 5151 5215 5152
f 5152 5215 5216
f 5152 5216 5153
f 5153 5216 5217
f 5153 5217 5154
f 5154 5217 5218
f 5154 5218 5155
f 5155 5218 5219
f 5155 5219 5156
f 5156 5219 5220
f 5156 5220 5157
f 5157 5220 5221
f 5157 5221 5158
f 5158 5221 5222
f 5158 5222 5159
f 5159 5222 5223
f 5159 5223 5160
f 5160 5223 5224
f 5160 5224 5161
f 5161 5224 5225
f 5161 5225 5162
f 5162 5225 5226
f 5162 5226 5163
f 5163 5226 5227
f 5163 5227 5164
f 5164 5227 5228
f 5164 5228 5165
f 5165 5228 5229
f 5165 5229 5166
f 5166 5229 5230
f 5166 5230 5167
f 5167 5230 5231
f 5167 5231 5168
f 5168 5231 5232
f 5168 5232 5169
f 5169 5232 5233
f 5169 5233 5170
f 5170 5233 5234
f 5170 5234 5171
f 5171 5234 5235
f 5171 5235 5172
f 5172 5235 5236
f 5172 5236 5173
f 5173 5236 5237
f 5173 5237 5174
f 5174 5237 5238
f 5174 5238 5175
f 5175 5238 5239
f 5175 5239 5176
f 5176 5239 5240
f 5176 5240 5177
f 5177 5240 5241
f 5177 5241 5178
f 5178 5241 5242
f 5178 5242 5179
f 5179 5242 5243
f 5179 5243 5180
f 5180 5243 5244
f 5180 5244 5181
f 5181 5244 5245
f 5181 5245 5182
f 5182 5245 5246
f 5182 5246 5183
f 5183 5246 5247
f 5183 5247 5184
f 5184 5247 5248
f 5184 5248 5185
f 5185 5248 5249
f 5185 5249 5186
f 5186 5249 5250
f 5186 5250 5187
f 5187 5250 5251
f 5187 5251 5188
f 5188 5251 5252
f 5188 5252 5189
f 5189 5252 5253
f 5189 5253 5190
f 5190 5253 5254
f 5190 5254 5191
f 5191 5254 5255
f 5191 5255 5192
f 5192 5255 5256
f 5192 5256 5193
f 5193 5256 5257
f 5193 5257 5194
f 5194 5257 5258
f 5194 5258 5195
f 5195 5258 5259
f 5195 5259 5196
f 5196 5259 5260
f 5196 5260 5197
f 5197 5260 5261
f 5197 5261 5198
f 5198 5261 5262
f 5198 5262 5199
f 5199 5262 5263
f 5199 5263 5200
f 5200 5263 5264
f 5200 5264 5201
f 5201 5264 5265
f 5201 5265 5202
f 5202 5265 5266
f 5202 5266 5203
f 5203 5266 5267
f 5203 5267 5204
f 5204 5267 5268
f 5204 5268 5205
f 5205 5268 5269
f 5205 5269 5206
f 5206 5269 5270
f 5206 5270 5207
f 5207 5270 5271
f 5207 5271 5208
f 5208 5271 5272
f 5208 5272 5209
f 5209 5272 5273
f 5209 5273 5210
f 5210 5273 5274
f 5210 5274 5211
f 5211 5274 5275
f 5211 5275 5212
f 5212 5275 5276
f 5212 5276 5213
f 5213 5276 5277
f 5213 5277 5214
f 5214 5277 5278
f 5214 5278 5215
f 5215 5278 5279
f 5215 5279 5216
f 5216 5279 5280
f 5216 5280 5217
f 5217 5280 5281
f 5217 5281 5218
f 5218 5281 5282
f 5218 5282 5219
f 5219 5282 5283
f 5219 5283 5220
f 5220 5283 5284
f 5220 5284 5221
f 5221 5284 5285
f 5221 5285 5222
f 5222 5285 5286
f 5222 5286 5223
f 5223 5286 5287
f 5223 5287 5224
f 5224 5287 5288
f 5224 5288 5225
f 5225 5288 5289
f 5225 5289 5226
f 5226 5289 5290
f 5226 5290 5227
f 5227 5290 5291
f 5227 5291 5228
f 5228 5291 5292
f 5228 5292 5229
f 5229 5292 5293
f 5229 5293 5230
f 5230 5293 5294
f 5230 5294 5231
f 5231 5294 5295
f 5231 5295 5232
f 5232 5295 5296
f 5232 5296 5233
f 5233 5296 5297
f 5233 5297 5234
f 5234 5297 5298
f 5234 5298 5235
f 5235 5298 5299
f 5235 5299 5236
f 5236 5299 5300
f 5236 5300 5237
f 5237 5300 5301
f 5237 5301 5238
f 5238 5301 5302
f 5238 5302 5239
f 5239 5302 5303
f 5239 5303 5240
f 5240 5303 5304
f 5240 5304 5241
f 5241 5304 5305
f 5241 5305 5242
f 5242 5305 5306
f 5242 5306 5243
f 5243 5306 5307
f 5243 5307 5244
f 5244 5307 5308
f 5244 5308 5245
f 5245 5308 5309
f 5245 5309 5246
f 5246 5309 5310
f 5246 5310 5247
f 5247 5310 5311
f 5247 5311 5248
f 5248 5311 5312
f 5248 5312 5249
f 5249 5312 5313
f 5249 5313 5250
f 5250 5313 5314
f 5250 5314 5251
f 5251 5314 5315
f 5251 5315 5252
f 5252 5315 5316
f 5252 5316 5253
f 5253 5316 5317
f 5253 5317 5254
f 5254 5317 5318
f 5254 5318 5255
f 5255 5318 5319
f 5255 5319 5256
f 5256 5319 5320
f 5256 5320 5257
f 5257 5320 5321
f 5257 5321 5258
f 5258 5321 5322
f 5258 5322 5259
f 5259 5322 5323
f 5259 5323 5260
f 5260 5323 5324
f 5260 5324 5261
f 5261 5324 5325
f 5261 5325 5262
f 5262 5325 5326
f 5262 5326 5263
f 5263 5326 5327
f 5263 5327 5264
f 5264 5327 5328
f 5264 5328 5265
f 5265 5328 5329
f 5265 5329 5266
f 5266 5329 5330
f 5266 5330 5267
f 5267 5330 5331
f 5267 5331 5268
f 5268 5331 5332
f 5268 5332 5269
f 5269 5332 5333
f 5269 5333 5270
f 5270 5333 5334
f 5270 5334 5271
f 5271 5334 5335
f 5271 5335 5272
f 5272 5335 5336
f 5272 5336 5273
f 5273 5336 5337
f 5273 5337 5274
f 5274 5337 5338
f 5274 5338 5275
f 5275 5338 5339
f 5275 5339 5276
f 5276 5339 5340
f 5276 5340 5277
f 5277 5340 5341
f 5277 5341 5278
f 5278 5341 5342
f 5278 5342 5279
f 5279 5342 5343
f 5279 5343 5280
f 5280 5343 5344
f 5280 5344 5281
f 5281 5344 5345
f 5281 5345 5282
f 5282 5345 5346
f 5282 5346 5283
f 5283 5346 5347
f 5283 5347 5284
f 5284 5347 5348
f 5284 5348 5285
f 5285 5348 5349
f 5285 5349 5286
f 5286 5349 5350
f 5286 5350 5287
f 5287 5350 5351
f 5287 5351 5288
f 5288 5351 5352
f 5288 5352 5289
f 5289 5352 5353
f 5289 5353 5290
f 5290 5353 5354
f 5290 5354 5291
f 5291 5354 5355
f 5291 5355 5292
f 5292 5355 5356
f 5292 5356 5293
f 5293 5356 5357
f 5293 5357 5294
f 5294 5357 5358
f 5294 5358 5295
f 5295 5358 5359
f 5295 5359 5296
f 5296 5359 5360
f 5296 5360 5297
f 5297 5360 5361
f 5297 5361 5298
f 5298 5361 5362
f 5298 5362 5299
f 5299 5362 5363
f 5299 5363 5300
f 5300 5363 5364
f 5300 5364 5301
f 5301 5364 5365
f 5301 5365 5302
f 5302 5365 5366
f 5302 5366 5303
f 5303 5366 5367
f 5303 5367 5304
f 5304 5367 5368
f 5304 5368 5305
f 5305 5368 5369
f 5305 5369 5306
f 5306 5369 5370
f 5306 5370 5307
f 5307 5370 5371
f 5307 5371 5308
f 5308 5371 5372
f 5308 5372 5309
f 5309 5372 5373
f 5309 5373 5310
f 5310 5373 5374
f 5310 5374 5311
f 5311 5374 5375
f 5311 5375 5312
f 5312 5375 5376
f 5312 5376 5313
f 5313 5376 5377
f 5313 5377 5314
f 5314 5377 5378
f 5314 5378 5315
f 5315 5378 5379
f 5315 5379 5316
f 5316 5379 5380
f 5316 5380 5317
f 5317 5380 5381
f 5317 5381 5318
f 5318 5381 5382
f 5318 5382 5319
f 5319 5382 5383
f 5319 5383 5320
f 5320 5383 5384
f 5320 5384 5321
f 5321 5384 5385
f 5321 5385 5322
f 5322 5385 5386
f 5322 5386 5323
f 5323 5386 5387
f 5323 5387 5324
f 5324 5387 5388
f 5324 5388 5325
f 5325 5388 5389
f 5325 5389 5326
f 5326 5389 5390
f 5326 5390 5327
f 5327 5390 5391
f 5327 5391 5328
f 5328 5391 5392
f 5328 5392 5329
f 5329 5392 5393
f 5329 5393 5330
f 5330 5393 5394
f 5330 5394 5331
f 5331 5394 5395
f 5331 5395 5332
f 5332 5395 5396
f 5332 5396 5333
f 5333 5396 5397
f 5333 5397 5334
f 5334 5397 5398
f 5334 5398 5335
f 5335 5398 5399
f 5335 5399 5336
f 5336 5399 5400
f 5336 5400 5337
f 5337 5400 5401
f 5337 5401 5338
f 5338 5401 5402
f 5338 5402 5339
f 5339 5402 5403
f 5339 5403 5340
f 5340 5403 5404
f 5340 5404 5341
f 5341 5404 5405
f 5341 5405 5342
f 5342 5405 5406
f 5342 5406 5343
f 5343 5406 5407
f 5343 5407 5344
f 5344 5407 5408
f 5344 5408 5345
f 5345 5408 5409
f 5345 5409 5346
f 5346 5409 5410
f 5346 5410 5347
f 5347 5410 5411
f 5347 5411 5348
f 5348 5411 5412
f 5348 5412 5349
f 5349 5412 5413
f 5349 5413 5350
f 5350 5413 5414
f 5350 5414 5351
f 5351 5414 5415
f 5351 5415 5352
f 5352 5415 5416
f 5352 5416 5353
f 5353 5416 5417
f 5353 5417 5354
f 5354 5417 5418
f 5354 5418 5355
f 5355 5418 5419
f 5355 5419 5356
f 5356 5419 5420
f 5356 5420 5357
f 5357 5420 5421
f 5357 5421 5358
f 5358 5421 5422
f 5358 5422 5359
f 5359 5422 5423
f 5359 5423 5360
f 5360 5423 5424
f 5360 5424 5361
f 5361 5424 5425
f 5361 5425 5362
f 5362 5425 5426
f 5362 5426 5363
f 5363 5426 5427
f 5363 5427 5364
f 5364 5427 5428
f 5364 5428 5365
f 5365 5428 5429
f 5365 5429 5366
f 5366 5429 5430
f 5366 5430 5367
f 5367 5430 5431
f 5367 5431 5368
f 5368 5431 5432
f 5368 5432 5369
f 5369 5432 5433
f 5369 5433 5370
f 5370 5433 5434
f 5370 5434 5371
f 5371 5434 5435
f 5371 5435 5372
f 5372 5435 5436
f 5372 5436 5373
f 5373 5436 5437
f 5373 5437 5374
f 5374 5437 5438
f 5374 5438 5375
f 5375 5438 5439
f 5375 5439 5376
f 5376 5439 5440
f 5376 5440 5377
f 5377 5440 5441
f 5377 5441 5378
f 5378 5441 5442
f 5378 5442 5379
f 5379 5442 5443
f 5379 5443 5380
f 5380 5443 5444
f 5380 5444 5381
f 5381 5444 5445
f 5381 5445 5382
f 5382 5445 5446
f 5382 5446 5383
f 5383 5446 5447
f 5383 5447 5384
f 5384 5447 5448
f 5384 5448 5385
f 5385 5448 5449
f 5385 5449 5386
f 5386 5449 5450
f 5386 5450 5387
f 5387 5450 5451
f 5387 5451 5388
f 5388 5451 5452
f 5388 5452 5389
f 5389 5452 5453
f 5389 5453 5390
f 5390 5453 5454
f 5390 5454 5391
f 5391 5454 5455
f 5391 5455 5392
f 5392 5455 5456
f 5392 5456 5393
f 5393 5456 5457
f 5393 5457 5394
f 5394 5457 5458
f 5394 5458 5395
f 5395 5458 5459
f 5395 5459 5396
f 5396 5459 5460
f 5396 5460 5397
f 5397 5460 5461
f 5397 5461 5398
f 5398 5461 5462
f 5398 5462 5399
f 5399 5462 5463
f 5399 5463 5400
f 5400 5463 5464
f 5400 5464 5401
f 5401 5464 5465
f 5401 5465 5402
f 5402 5465 5466
f 5402 5466 5403
f 5403 5466 5467
f 5403 5467 5404
f 5404 5467 5468
f 5404 5468 5405
f 5405 5468 5469
f 5405 5469 5406
f 5406 5469 5470
f 5406 5470 5407
f 5407 5470 5471
f 5407 5471 5408
f 5408 5471 5472
f 5408 5472 5409
f 5409 5472 5473
f 5409 5473 5410
f 5410 5473 5474
f 5410 5474 5411
f 5411 5474 5475
f 5411 5475 5412
f 5412 5475 5476
f 5412 5476 5413
f 5413 5476 5477
f 5413 5477 5414
f 5414 5477 5478
f 5414 5478 5415
f 5415 5478 5479
f 5415 5479 5416
f 5416 5479 5480
f 5416 5480 5417
f 5417 5480 5481
f 5417 5481 5418
f 5418 5481 5482
f 5418 5482 5419
f 5419 5482 5483
f 5419 5483 5420
f 5420 5483 5484
f 5420 5484 5421
f 5421 5484 5485
f 5421 5485 5422
f 5422 5485 5486
f 5422 5486 5423
f 5423 5486 5487
f 5423 5487 5424
f 5424 5487 5488
f 5424 5488 5425
f 5425 5488 5489
f 5425 5489 5426
f 5426 5489 5490
f 5426 5490 5427
f 5427 5490 5491
f 5427 5491 5428
f 5428 5491 5492
f 5428 5492 5429
f 5429 5492 5493
f 5429 5493 5430
f 5430 5493 5494
f 5430 5494 5431
f 5431 5494 5495
f 5431 5495 5432
f 5432 5495 5496
f 5432 5496 5433
f 5433 5496 5497
f 5433 5497 5434
f 5434 5497 5498
f 5434 5498 5435
f 5435 5498 5499
f 5435 5499 5436
f 5436 5499 5500
f 5436 5500 5437
f 5437 5500 5501
f 5437 5501 5438
f 5438 5501 5502
f 5438 5502 5439
f 5439 5502 5503
f 5439 5503 5440
f 5440 5503 5504
f 5440 5504 5441
f 5441 5504 5505
f 5441 5505 5442
f 5442 5505 5506
f 5442 5506 5443
f 5443 5506 5507
f 5443 5507 5444
f 5444 5507 5508
f 5444 5508 5445
f 5445 5508 5509
f 5445 5509 5446
f 5446 5509 5510
f 5446 5510 5447
f 5447 5510 5511
f 5447 5511 5448
f 5448 5511 5512
f 5448 5512 5449
f 5449 5512 5513
f 5449 5513 5450
f 5450 5513 5514
f 5450 5514 5451
f 5451 5514 5515
f 5451 5515 5452
f 5452 5515 5516
f 5452 5516 5453
f 5453 5516 5517
f 5453 5517 5454
f 5454 5517 5518
f 5454 5518 5455
f 5455 5518 5519
f 5455 5519 5456
f 5456 5519 5520
f 5456 5520 5457
f 5457 5520 5521
f 5457 5521 5458
f 5458 5521 5522
f 5458 5522 5459
f 5459 5522 5523
f 5459 5523 5460
f 5460 5523 5524
f 5460 5524 5461
f 5461 5524 5525
f 5461 5525 5462
f 5462 5525 5526
f 5462 5526 5463
f 5463 5526 5527
f 5463 5527 5464
f 5464 5527 5528
f 5464 5528 5465
f 5465 5528 5529
f 5465 5529 5466
f 5466 5529 5530
f 5466 5530 5467
f 5467 5530 5531
f 5467 5531 5468
f 5468 5531 5532
f 5468 5532 5469
f 5469 5532 5533
f 5469 5533 5470
f 5470 5533 5534
f 5470 5534 5471
f 5471 5534 5535
f 5471 5535 5472
f 5472 5535 5536
f 5472 5536 5473
f 5473 5536 5537
f 5473 5537 5474
f 5474 5537 5538
f 5474 5538 5475
f 5475 5538 5539
f 5475 5539 5476
f 5476 5539 5540
f 5476 5540 5477
f 5477 5540 5541
f 5477 5541 5478
f 5478 5541 5542
f 5478 5542 5479
f 5479 5542 5543
f 5479 5543 5480
f 5480 5543 5544
f 5480 5544 5481
f 5481 5544 5545
f 5481 5545 5482
f 5482 5545 5546
f 5482 5546 5483
f 5483 5546 5547
f 5483 5547 5484
f 5484 5547 5548
f 5484 5548 5485
f 5485 5548 5549
f 5485 5549 5486
f 5486 5549 5550
f 5486 5550 5487
f 5487 5550 5551
f 5487 5551 5488
f 5488 5551 5552
f 5488 5552 5489
f 5489 5552 5553
f 5489 5553 5490
f 5490 5553 5554
f 5490 5554 5491
f 5491 5554 5555
f 5491 5555 5492
f 5492 5555 5556
f 5492 5556 5493
f 5493 5556 5557
f 5493 5557 5494
f 5494 5557 5558
f 5494 5558 5495
f 5495 5558 5559
f 5495 5559 5496
f 5496 5559 5560
f 5496 5560 5497
f 5497 5560 5561
f 5497 5561 5498
f 5498 5561 5562
f 5498 5562 5499
f 5499 5562 5563
f 5499 5563 5500
f 5500 5563 5564
f 5500 5564 5501
f 5501 5564 5565
f 5501 5565 5502
f 5502 5565 5566
f 5502 5566 5503
f 5503 5566 5567
f 5503 5567 5504
f 5504 5567 5568
f 5504 5568 5505
f 5505 5568 5569
f 5505 5569 5506
f 5506 5569 5570
f 5506 5570 5507
f 5507 5570 5571
f 5507 5571 5508
f 5508 5571 5572
f 5508 5572 5509
f 5509 5572 5573
f 5509 5573 5510
f 5510 5573 5574
f 5510 5574 5511
f 5511 5574 5575
f 5511 5575 5512
f 5512 5575 5576
f 5512 5576 5513
f 5513 5576 5577
f 5513 5577 5514
f 5514 5577 5578
f 5514 5578 5515
f 5515 5578 5579
f 5515 5579 5516
f 5516 5579 5580
f 5516 5580 5517
f 5517 5580 5581
f 5517 5581 5518
f 5518 5581 5582
f 5518 5582 5519
f 5519 5582 5583
f 5519 5583 5520
f 5520 5583 5584
f 5520 5584 5521
f 5521 5584 5585
f 5521 5585 5522
f 5522 5585 5586
f 5522 5586 5523
f 5523 5586 5587
f 5523 5587 5524
f 5524 5587 5588
f 5524 5588 5525
f 5525 5588 5589
f 5525 5589 5526
f 5526 5589 5590
f 5526 5590 5527
f 5527 5590 5591
f 5527 5591 5528
f 5528 5591 5592
f 5528 5592 5529
f 5529 5592 5593
f 5529 5593 5530
f 5530 5593 5594
f 5530 5594 5531
f 5531 5594 5595
f 5531 5595 5532
f 5532 5595 5596
f 5532 5596 5533
f 5533 5596 5597
f 5533 5597 5534
f 5534 5597 5598
f 5534 5598 5535
f 5535 5598 5599
f 5535 5599 5536
f 5536 5599 5600
f 5536 5600 5537
f 5537 5600 5601
f 5537 5601 5538
f 5538 5601 5602
f 5538 5602 5539
f 5539 5602 5603
f 5539 5603 5540
f 5540 5603 5604
f 5540 5604 5541
f 5541 5604 5605
f 5541 5605 5542
f 5542 5605 5606
f 5542 5606 5543
f 5543 5606 5607
f 5543 5607 5544
f 5544 5607 5608
f 5544 5608 5545
f 5545 5608 5609
f 5545 5609 5546
f 5546 5609 5610
f 5546 5610 5547
f 5547 5610 5611
f 5547 5611 5548
f 5548 5611 5612
f 5548 5612 5549
f 5549 5612 5613
f 5549 5613 5550
f 5550 5613 5614
f 5550 5614 5551
f 5551 5614 5615
f 5551 5615 5552
f 5552 5615 5616
f 5552 5616 5553
f 5553 5616 5617
f 5553 5617 5554
f 5554 5617 5618
f 5554 5618 5555
f 5555 5618 5619
f 5555 5619 5556
f 5556 5619 5620
f 5556 5620 5557
f 5557 5620 5621
f 5557 5621 5558
f 5558 5621 5622
f 5558 5622 5559
f 5559 5622 5623
f 5559 5623 5560
f 5560 5623 5624
f 5560 5624 5561
f 5561 5624 5625
f 5561 5625 5562
f 5562 5625 5626
f 5562 5626 5563
f 5563 5626 5627
f 5563 5627 5564
f 5564 5627 5628
f 5564 5628 5565
f 5565 5628 5629
f 5565 5629 5566
f 5566 5629 5630
f 5566 5630 5567
f 5567 5630 5631
f 5567 5631 5568
f 5568 5631 5632
f 5568 5632 5569
f 5569 5632 5633
f 5569 5633 5570
f 5570 5633 5634
f 5570 5634 5571
f 5571 5634 5635
f 5571 5635 5572
f 5572 5635 5636
f 5572 5636 5573
f 5573 5636 5637
f 5573 5637 5574
f 5574 5637 5638
f 5574 5638 5575
f 5575 5638 5639
f 5575 5639 5576
f 5576 5639 5640
f 5576 5640 5577
f 5577 5640 5641
f 5577 5641 5578
f 5578 5641 5642
f 5578 5642 5579
f 5579 5642 5643
f 5579 5643 5580
f 5580 5643 5644
f 5580 5644 5581
f 5581 5644 5645
f 5581 5645 5582
f 5582 5645 5646
f 5582 5646 5583
f 5583 5646 5647
f 5583 5647 5584
f 5584 5647 5648
f 5584 5648 5585
f 5585 5648 5649
f 5585 5649 5586
f 5586 5649 5650
f 5586 5650 5587
f 5587 5650 5651
f 5587 5651 5588
f 5588 5651 5652
f 5588 5652 5589
f 5589 5652 5653
f 5589 5653 5590
f 5590 5653 5654
f 5590 5654 5591
f 5591 5654 5655
f 5591 5655 5592
f 5592 5655 5656
f 5592 5656 5593
f 5593 5656 5657
f 5593 5657 5594
f 5594 5657 5658
f 5594 5658 5595
f 5595 5658 5659
f 5595 5659 5596
f 5596 5659 5660
f 5596 5660 5597
f 5597 5660 5661
f 5597 5661 5598
f 5598 5661 5662
f 5598 5662 5599
f 5599 5662 5663
f 5599 5663 5600
f 5600 5663 5664
f 5600 5664 5601
f 5601 5664 5665
f 5601 5665 5602
f 5602 5665 5666
f 5602 5666 5603
f 5603 5666 5667
f 5603 5667 5604
f 5604 5667 5668
f 5604 5668 5605
f 5605 5668 5669
f 5605 5669 5606
f 5606 5669 5670
f 5606 5670 5607
f 5607 5670 5671
f 5607 5671 5608
f 5608 5671 5672
f 5608 5672 5609
f 5609 5672 5673
f 5609 5673 5610
f 5610 5673 5674
f 5610 5674 5611
f 5611 5674 5675
f 5611 5675 5612
f 5612 5675 5676
f 5612 5676 5613
f 5613 5676 5677
f 5613 5677 5614
f 5614 5677 5678
f 5614 5678 5615
f 5615 5678 5679
f 5615 5679 5616
f 5616 5679 5680
f 5616 5680 5617
f 5617 5680 5681
f 5617 5681 5618
f 5618 5681 5682
f 5618 5682 5619
f 5619 5682 5683
f 5619 5683 5620
f 5620 5683 5684
f 5620 5684 5621
f 5621 5684 5685
f 5621 5685 5622
f 5622 5685 5686
f 5622 5686 5623
f 5623 5686 5687
f 5623 5687 5624
f 5624 5687 5688
f 5624 5688 5625
f 5625 5688 5689
f 5625 5689 5626
f 5626 5689 5690
f 5626 5690 5627
f 5627 5690 5691
f 5627 5691 5628
f 5628 5691 5692
f 5628 5692 5629
f 5629 5692 5693
f 5629 5693 5630
f 5630 5693 5694
f 5630 5694 5631
f 5631 5694 5695
f 5631 5695 5632
f 5632 5695 5696
f 5632 5696 5633
f 5633 5696 5697
f 5633 5697 5634
f 5634 5697 5698
f 5634 5698 5635
f 5635 5698 5699
f 5635 5699 5636
f 5636 5699 5700
f 5636 5700 5637
f 5637 5700 5701
f 5637 5701 5638
f 5638 5701 5702
f 5638 5702 5639
f 5639 5702 5703
f 5639 5703 5640
f 5640 5703 5704
f 5640 5704 5641
f 5641 5704 5705
f 5641 5705 5642
f 5642 5705 5706
f 5642 5706 5643
f 5643 5706 5707
f 5643 5707 5644
f 5644 5707 5708
f 5644 5708 5645
f 5645 5708 5709
f 5645 5709 5646
f 5646 5709 5710
f 5646 5710 5647
f 5647 5710 5711
f 5647 5711 5648
f 5648 5711 5712
f 5648 5712 5649
f 5649 5712 5713
f 5649 5713 5650
f 5650 5713 5714
f 5650 5714 5651
f 5651 5714 5715
f 5651 5715 5652
f 5652 5715 5716
f 5652 5716 5653
f 5653 5716 5717
f 5653 5717 5654
f 5654 5717 5718
f 5654 5718 5655
f 5655 5718 5719
f 5655 5719 5656
f 5656 5719 5720
f 5656 5720 5657
f 5657 5720 5721
f 5657 5721 5658
f 5658 5721 5722
f 5658 5722 5659
f 5659 5722 5723
f 5659 5723 5660
f 5660 5723 5724
f 5660 5724 5661
f 5661 5724 5725
f 5661 5725 5662
f 5662 5725 5726
f 5662 5726 5663
f 5663 5726 5727
f 5663 5727 5664
f 5664 5727 5728
f 5664 5728 5665
f 5665 5728 5729
f 5665 5729 5666
f 5666 5729 5730
f 5666 5730 5667
f 5667 5730 5731
f 5667 5731 5668
f 5668 5731 5732
f 5668 5732 5669
f 5669 5732 5733
f 5669 5733 5670
f 5670 5733 5734
f 5670 5734 5671
f 5671 5734 5735
f 5671 5735 5672
f 5672 5735 5736
f 5672 5736 5673
f 5673 5736 5737
f 5673 5737 5674
f 5674 5737 5738
f 5674 5738 5675
f 5675 5738 5739
f 5675 5739 5676
f 5676 5739 5740
f 5676 5740 5677
f 5677 5740 5741
f 5677 5741 5678
f 5678 5741 5742
f 5678 5742 5679
f 5679 5742 5743
f 5679 5743 5680
f 5680 5743 5744
f 5680 5744 5681
f 5681 5744 5745
f 5681 5745 5682
f 5682 5745 5746
f 5682 5746 5683
f 5683 5746 5747
f 5683 5747 5684
f 5684 5747 5748
f 5684 5748 5685
f 5685 5748 5749
f 5685 5749 5686
f 5686 5749 5750
f 5686 5750 5687
f 5687 5750 5751
f 5687 5751 5688
f 5688 5751 5752
f 5688 5752 5689
f 5689 5752 5753
f 5689 5753 5690
f 5690 5753 5754
f 5690 5754 5691
f 5691 5754 5755
f 5691 5755 5692
f 5692 5755 5756
f 5692 5756 5693
f 5693 5756 5757
f 5693 5757 5694
f 5694 5757 5758
f 5694 5758 5695
f 5695 5758 5759
f 5695 5759 5696
f 5696 5759 5760
f 5696 5760 5697
f 5697 5760 5761
f 5697 5761 5698
f 5698 5761 5762
f 5698 5762 5699
f 5699 5762 5763
f 5699 5763 5700
f 5700 5763 5764
f 5700 5764 5701
f 5701 5764 5765
f 5701 5765 5702
f 5702 5765 5766
f 5702 5766 5703
f 5703 5766 5767
f 5703 5767 5704
f 5704 5767 5768
f 5704 5768 5705
f 5705 5768 5769
f 5705 5769 5706
f 5706 5769 5770
f 5706 5770 5707
f 5707 5770 5771
f 5707 5771 5708
f 5708 5771 5772
f 5708 5772 5709
f 5709 5772 5773
f 5709 5773 5710
f 5710 5773 5774
f 5710 5774 5711
f 5711 5774 5775
f 5711 5775 5712
f 5712 5775 5776
f 5712 5776 5713
f 5713 5776 5777
f 5713 5777 5714
f 5714 5777 5778
f 5714 5778 5715
f 5715 5778 5779
f 5715 5779 5716
f 5716 5779 5780
f 5716 5780 5717
f 5717 5780 5781
f 5717 5781 5718
f 5718 5781 5782
f 5718 5782 5719
f 5719 5782 5783
f 5719 5783 5720
f 5720 5783 5784
f 5720 5784 5721
f 5721 5784 5785
f 5721 5785 5722
f 5722 5785 5786
f 5722 5786 5723
f 5723 5786 5787
f 5723 5787 5724
f 5724 5787 5788
f 5724 5788 5725
f 5725 5788 5789
f 5725 5789 5726
f 5726 5789 5790
f 5726 5790 5727
f 5727 5790 5791
f 5727 5791 5728
f 5728 5791 5792
f 5728 5792 5729
f 5729 5792 5793
f 5729 5793 5730
f 5730 5793 5794
f 5730 5794 5731
f 5731 5794 5795
f 5731 5795 5732
f 5732 5795 5796
f 5732 5796 5733
f 5733 5796 5797
f 5733 5797 5734
f 5734 5797 5798
f 5734 5798 5735
f 5735 5798 5799
f 5735 5799 5736
f 5736 5799 5800
f 5736 5800 5737
f 5737 5800 5801
f 5737 5801 5738
f 5738 5801 5802
f 5738 5802 5739
f 5739 5802 5803
f 5739 5803 5740
f 5740 5803 5804
f 5740 5804 5741
f 5741 5804 5805
f 5741 5805 5742
f 5742 5805 5806
f 5742 5806 5743
f 5743 5806 5807
f 5743 5807 5744
f 5744 5807 5808
f 5744 5808 5745
f 5745 5808 5809
f 5745 5809 5746
f 5746 5809 5810
f 5746 5810 5747
f 5747 5810 5811
f 5747 5811 5748
f 5748 5811 5812
f 5748 5812 5749
f 5749 5812 5813
f 5749 5813 5750
f 5750 5813 5814
f 5750 5814 5751
f 5751 5814 5815
f 5751 5815 5752
f 5752 5815 5816
f 5752 5816 5753
f 5753 5816 5817
f 5753 5817 5754
f 5754 5817 5818
f 5754 5818 5755
f 5755 5818 5819
f 5755 5819 5756
f 5756 5819 5820
f 5756 5820 5757
f 5757 5820 5821
f 5757 5821 5758
f 5758 5821 5822
f 5758 5822 5759
f 5759 5822 5823
f 5759 5823 5760
f 5760 5823 5824
f 5760 5824 5761
f 5761 5824 5825
f 5761 5825 5762
f 5762 5825 5826
f 5762 5826 5763
f 5763 5826 5827
f 5763 5827 5764
f 5764 5827 5828
f 5764 5828 5765
f 5765 5828 5829
f 5765 5829 5766
f 5766 5829 5830
f 5766 5830 5767
f 5767 5830 5831
f 5767 5831 5768
f 5768 5831 5832
f 5768 5832 5769
f 5769 5832 5833
f 5769 5833 5770
f 5770 5833 5834
f 5770 5834 5771
f 5771 5834 5835
f 5771 5835 5772
f 5772 5835 5836
f 5772 5836 5773
f 5773 5836 5837
f 5773 5837 5774
f 5774 5837 5838
f 5774 5838 5775
f 5775 5838 5839
f 5775 5839 5776
f 5776 5839 5840
f 5776 5840 5777
f 5777 5840 5841
f 5777 5841 5778
f 5778 5841 5842
f 5778 5842 5779
f 5779 5842 5843
f 5779 5843 5780
f 5780 5843 5844
f 5780 5844 5781
f 5781 5844 5845
f 5781 5845 5782
f 5782 5845 5846
f 5782 5846 5783
f 5783 5846 5847
f 5783 5847 5784
f 5784 5847 5848
f 5784 5848 5785
f 5785 5848 5849
f 5785 5849 5786
f 5786 5849 5850
f 5786 5850 5787
f 5787 5850 5851
f 5787 5851 5788
f 5788 5851 5852
f 5788 5852 5789
f 5789 5852 5853
f 5789 5853 5790
f 5790 5853 5854
f 5790 5854 5791
f 5791 5854 5855
f 5791 5855 5792
f 5792 5855 5856
f 5792 5856 5793
f 5793 5856 5857
f 5793 5857 5794
f 5794 5857 5858
f 5794 5858 5795
f 5795 5858 5859
f 5795 5859 5796
f 5796 5859 5860
f 5796 5860 5797
f 5797 5860 5861
f 5797 5861 5798
f 5798 5861 5862
f 5798 5862 5799
f 5799 5862 5863
f 5799 5863 5800
f 5800 5863 5864
f 5800 5864 5801
f 5801 5864 5865
f 5801 5865 5802
f 5802 5865 5866
f 5802 5866 5803
f 5803 5866 5867
f 5803 5867 5804
f 5804 5867 5868
f 5804 5868 5805
f 5805 5868 5869
f 5805 5869 5806
f 5806 5869 5870
f 5806 5870 5807
f 5807 5870 5871
f 5807 5871 5808
f 5808 5871 5872
f 5808 5872 5809
f 5809 5872 5873
f 5809 5873 5810
f 5810 5873 5874
f 5810 5874 5811
f 5811 5874 5875
f 5811 5875 5812
f 5812 5875 5876
f 5812 5876 5813
f 5813 5876 5877
f 5813 5877 5814
f 5814 5877 5878
f 5814 5878 5815
f 5815 5878 5879
f 5815 5879 5816
f 5816 5879 5880
f 5816 5880 5817
f 5817 5880 5881
f 5817 5881 5818
f 5818 5881 5882
f 5818 5882 5819
f 5819 5882 5883
f 5819 5883 5820
f 5820 5883 5884
f 5820 5884 5821
f 5821 5884 5885
f 5821 5885 5822
f 5822 5885 5886
f 5822 5886 5823
f 5823 5886 5887
f 5823 5887 5824
f 5824 5887 5888
f 5824 5888 5825
f 5825 5888 5889
f 5825 5889 5826
f 5826 5889 5890
f 5826 5890 5827
f 5827 5890 5891
f 5827 5891 5828
f 5828 5891 5892
f 5828 5892 5829
f 5829 5892 5893
f 5829 5893 5830
f 5830 5893 5894
f 5830 5894 5831
f 5831 5894 5895
f 5831 5895 5832
f 5832 5895 5896
f 5832 5896 5833
f 5833 5896 5897
f 5833 5897 5834
f 5834 5897 5898
f 5834 5898 5835
f 5835 5898 5899
f 5835 5899 5836
f 5836 5899 5900
f 5836 5900 5837
f 5837 5900 5901
f 5837 5901 5838
f 5838 5901 5902
f 5838 5902 5839
f 5839 5902 5903
f 5839 5903 5840
f 5840 5903 5904
f 5840 5904 5841
f 5841 5904 5905
f 5841 5905 5842
f 5842 5905 5906
f 5842 5906 5843
f 5843 5906 5907
f 5843 5907 5844
f 5844 5907 5908
f 5844 5908 5845
f 5845 5908 5909
f 5845 5909 5846
f 5846 5909 5910
f 5846 5910 5847
f 5847 5910 5911
f 5847 5911 5848
f 5848 5911 5912
f 5848 5912 5849
f 5849 5912 5913
f 5849 5913 5850
f 5850 5913 5914
f 5850 5914 5851
f 5851 5914 5915
f 5851 5915 5852
f 5852 5915 5916
f 5852 5916 5853
f 5853 5916 5917
f 5853 5917 5854
f 5854 5917 5918
f 5854 5918 5855
f 5855 5918 5919
f 5855 5919 5856
f 5856 5919 5920
f 5856 5920 5857
f 5857 5920 5921
f 5857 5921 5858
f 5858 5921 5922
f 5858 5922 5859
f 5859 5922 5923
f 5859 5923 5860
f 5860 5923 5924
f 5860 5924 5861
f 5861 5924 5925
f 5861 5925 5862
f 5862 5925 5926
f 5862 5926 5863
f 5863 5926 5927
f 5863 5927 5864
f 5864 5927 5928
f 5864 5928 5865
f 5865 5928 5929
f 5865 5929 5866
f 5866 5929 5930
f 5866 5930 5867
f 5867 5930 5931
f 5867 5931 5868
f 5868 5931 5932
f 5868 5932 5869
f 5869 5932 5933
f 5869 5933 5870
f 5870 5933 5934
f 5870 5934 5871
f 5871 5934 5935
f 5871 5935 5872
f 5872 5935 5936
f 5872 5936 5873
f 5873 5936 5937
f 5873 5937 5874
f 5874 5937 5938
f 5874 5938 5875
f 5875 5938 5939
f 5875 5939 5876
f 5876 5939 5940
f 5876 5940 5877
f 5877 5940 5941
f 5877 5941 5878
f 5878 5941 5942
f 5878 5942 5879
f 5879 5942 5943
f 5879 5943 5880
f 5880 5943 5944
f 5880 5944 5881
f 5881 5944 5945
f 5881 5945 5882
f 5882 5945 5946
f 5882 5946 5883
f 5883 5946 5947
f 5883 5947 5884
f 5884 5947 5948
f 5884 5948 5885
f 5885 5948 5949
f 5885 5949 5886
f 5886 5949 5950
f 5886 5950 5887
f 5887 5950 5951
f 5887 5951 5888
f 5888 5951 5952
f 5888 5952 5889
f 5889 5952 5953
f 5889 5953 5890
f 5890 5953 5954
f 5890 5954 5891
f 5891 5954 5955
f 5891 5955 5892
f 5892 5955 5956
f 5892 5956 5893
f 5893 5956 5957
f 5893 5957 5894
f 5894 5957 5958
f 5894 5958 5895
f 5895 5958 5959
f 5895 5959 5896
f 5896 5959 5960
f 5896 5960 5897
f 5897 5960 5961
f 5897 5961 5898
f 5898 5961 5962
f 5898 5962 5899
f 5899 5962 5963
f 5899 5963 5900
f 5900 5963 5964
f 5900 5964 5901
f 5901 5964 5965
f 5901 5965 5902
f 5902 5965 5966
f 5902 5966 5903
f 5903 5966 5967
f 5903 5967 5904
f 5904 5967 5968
f 5904 5968 5905
f 5905 5968 5969
f 5905 5969 5906
f 5906 5969 5970
f 5906 5970 5907
f 5907 5970 5971
f 5907 5971 5908
f 5908 5971 5972
f 5908 5972 5909
f 5909 5972 5973
f 5909 5973 5910
f 5910 5973 5974
f 5910 5974 5911
f 5911 5974 5975
f 5911 5975 5912
f 5912 5975 5976
f 5912 5976 5913
f 5913 5976 5977
f 5913 5977 5914
f 5914 5977 5978
f 5914 5978 5915
f 5915 5978 5979
f 5915 5979 5916
f 5916 5979 5980
f 5916 5980 5917
f 5917 5980 5981
f 5917 5981 5918
f 5918 5981 5982
f 5918 5982 5919
f 5919 5982 5983
f 5919 5983 5920
f 5920 5983 5984
f 5920 5984 5921
f 5921 5984 5985
f 5921 5985 5922
f 5922 5985 5986
f 5922 5986 5923
f 5923 5986 5987
f 5923 5987 5924
f 5924 5987 5988
f 5924 5988 5925
f 5925 5988 5989
f 5925 5989 5926
f 5926 5989 5990
f 5926 5990 5927
f 5927 5990 5991
f 5927 5991 5928
f 5928 5991 5992
f 5928 5992 5929
f 5929 5992 5993
f 5929 5993 5930
f 5930 5993 5994
f 5930 5994 5931
f 5931 5994 5995
f 5931 5995 5932
f 5932 5995 5996
f 5932 5996 5933
f 5933 5996 5997
f 5933 5997 5934
f 5934 5997 5998
f 5934 5998 5935
f 5935 5998 5999
f 5935 5999 5936
f 5936 5999 6000
f 5936 6000 5937
f 5937 6000 6001
f 5937 6001 5938
f 5938 6001 6002
f 5938 6002 5939
f 5939 6002 6003
f 5939 6003 5940
f 5940 6003 6004
f 5940 6004 5941
f 5941 6004 6005
f 5941 6005 5942
f 5942 6005 6006
f 5942 6006 5943
f 5943 6006 6007
f 5943 6007 5944
f 5944 6007 6008
f 5944 6008 5945
f 5945 6008 6009
f 5945 6009 5946
f 5946 6009 6010
f 5946 6010 5947
f 5947 6010 6011
f 5947 6011 5948
f 5948 6011 6012
f 5948 6012 5949
f 5949 6012 6013
f 5949 6013 5950
f 5950 6013 6014
f 5950 6014 5951
f 5951 6014 6015
f 5951 6015 5952
f 5952 6015 6016
f 5952 6016 5953
f 5953 6016 6017
f 5953 6017 5954
f 5954 6017 6018
f 5954 6018 5955
f 5955 6018 6019
f 5955 6019 5956
f 5956 6019 6020
f 5956 6020 5957
f 5957 6020 6021
f 5957 6021 5958
f 5958 6021 6022
f 5958 6022 5959
f 5959 6022 6023
f 5959 6023 5960
f 5960 6023 6024
f 5960 6024 5961
f 5961 6024 6025
f 5961 6025 5962
f 5962 6025 6026
f 5962 6026 5963
f 5963 6026 6027
f 5963 6027 5964
f 5964 6027 6028
f 5964 6028 5965
f 5965 6028 6029
f 5965 6029 5966
f 5966 6029 6030
f 5966 6030 5967
f 5967 6030 6031
f 5967 6031 5968
f 5968 6031 6032
f 5968 6032 5969
f 5969 6032 6033
f 5969 6033 5970
f 5970 6033 6034
f 5970 6034 5971
f 5971 6034 6035
f 5971 6035 5972
f 5972 6035 6036
f 5972 6036 5973
f 5973 6036 6037
f 5973 6037 5974
f 5974 6037 6038
f 5974 6038 5975
f 5975 6038 6039
f 5975 6039 5976
f 5976 6039 6040
f 5976 6040 5977
f 5977 6040 6041
f 5977 6041 5978
f 5978 6041 6042
f 5978 6042 5979
f 5979 6042 6043
f 5979 6043 5980
f 5980 6043 6044
f 5980 6044 5981
f 5981 6044 6045
f 5981 6045 5982
f 5982 6045 6046
f 5982 6046 5983
f 5983 6046 6047
f 5983 6047 5984
f 5984 6047 6048
f 5984 6048 5985
f 5985 6048 6049
f 5985 6049 5986
f 5986 6049 6050
f 5986 6050 5987
f 5987 6050 6051
f 5987 6051 5988
f 5988 6051 6052
f 5988 6052 5989
f 5989 6052 6053
f 5989 6053 5990
f 5990 6053 6054
f 5990 6054 5991
f 5991 6054 6055
f 5991 6055 5992
f 5992 6055 6056
f 5992 6056 5993
f 5993 6056 6057
f 5993 6057 5994
f 5994 6057 6058
f 5994 6058 5995
f 5995 6058 6059
f 5995 6059 5996
f 5996 6059 6060
f 5996 6060 5997
f 5997 6060 6061
f 5997 6061 5998
f 5998 6061 6062
f 5998 6062 5999
f 5999 6062 6063
f 5999 6063 6000
f 6000 6063 6064
f 6000 6064 6001
f 6001 6064 6065
f 6001 6065 6002
f 6002 6065 6066
f 6002 6066 6003
f 6003 6066 6067
f 6003 6067 6004
f 6004 6067 6068
f 6004 6068 6005
f 6005 6068 6069
f 6005 6069 6006
f 6006 6069 6070
f 6006 6070 6007
f 6007 6070 6071
f 6007 6071 6008
f 6008 6071 6072
f 6008 6072 6009
f 6009 6072 6073
f 6009 6073 6010
f 6010 6073 6074
f 6010 6074 6011
f 6011 6074 6075
f 6011 6075 6012
f 6012 6075 6076
f 6012 6076 6013
f 6013 6076 6077
f 6013 6077 6014
f 6014 6077 6078
f 6014 6078 6015
f 6015 6078 6079
f 6015 6079 6016
f 6016 6079 6080
f 6016 6080 6017
f 6017 6080 6081
f 6017 6081 6018
f 6018 6081 6082
f 6018 6082 6019
f 6019 6082 6083
f 6019 6083 6020
f 6020 6083 6084
f 6020 6084 6021
f 6021 6084 6085
f 6021 6085 6022
f 6022 6085 6086
f 6022 6086 6023
f 6023 6086 6087
f 6023 6087 6024
f 6024 6087 6088
f 6024 6088 6025
f 6025 6088 6089
f 6025 6089 6026
f 6026 6089 6090
f 6026 6090 6027
f 6027 6090 6091
f 6027 6091 6028
f 6028 6091 6092
f 6028 6092 6029
f 6029 6092 6093
f 6029 6093 6030
f 6030 6093 6094
f 6030 6094 6031
f 6031 6094 6095
f 6031 6095 6032
f 6032 6095 6096
f 6032 6096 6033
f 6033 6096 6097
f 6033 6097 6034
f 6034 6097 6098
f 6034 6098 6035
f 6035 6098 6099
f 6035 6099 6036
f 6036 6099 6100
f 6036 6100 6037
f 6037 6100 6101
f 6037 6101 6038
f 6038 6101 6102
f 6038 6102 6039
f 6039 6102 6103
f 6039 6103 6040
f 6040 6103 6104
f 6040 6104 6041
f 6041 6104 6105
f 6041 6105 6042
f 6042 6105 6106
f 6042 6106 6043
f 6043 6106 6107
f 6043 6107 6044
f 6044 6107 6108
f 6044 6108 6045
f 6045 6108 6109
f 6045 6109 6046
f 6046 6109 6110
f 6046 6110 6047
f 6047 6110 6111
f 6047 6111 6048
f 6048 6111 6112
f 6048 6112 6049
f 6049 6112 6113
f 6049 6113 6050
f 6050 6113 6114
f 6050 6114 6051
f 6051 6114 6115
f 6051 6115 6052
f 6052 6115 6116
f 6052 6116 6053
f 6053 6116 6117
f 6053 6117 6054
f 6054 6117 6118
f 6054 6118 6055
f 6055 6118 6119
f 6055 6119 6056
f 6056 6119 6120
f 6056 6120 6057
f 6057 6120 6121
f 6057 6121 6058
f 6058 6121 6122
f 6058 6122 6059
f 6059 6122 6123
f 6059 6123 6060
f 6060 6123 6124
f 6060 6124 6061
f 6061 6124 6125
f 6061 6125 6062
f 6062 6125 6126
f 6062 6126 6063
f 6063 6126 6127
f 6063 6127 6064
f 6064 6127 6128
f 6064 6128 6065
f 6065 6128 6129
f 6065 6129 6066
f 6066 6129 6130
f 6066 6130 6067
f 6067 6130 6131
f 6067 6131 6068
f 6068 6131 6132
f 6068 6132 6069
f 6069 6132 6133
f 6069 6133 6070
f 6070 6133 6134
f 6070 6134 6071
f 6071 6134 6135
f 6071 6135 6072
f 6072 6135 6136
f 6072 6136 6073
f 6073 6136 6137
f 6073 6137 6074
f 6074 6137 6138
f 6074 6138 6075
f 6075 6138 6139
f 6075 6139 6076
f 6076 6139 6140
f 6076 6140 6077
f 6077 6140 6141
f 6077 6141 6078
f 6078 6141 6142
f 6078 6142 6079
f 6079 6142 6143
f 6079 6143 6080
f 6080 6143 6144
f 6080 6144 6081
f 6081 6144 6145
f 6081 6145 6082
f 6082 6145 6146
f 6082 6146 6083
f 6083 6146 6147
f 6083 6147 6084
f 6084 6147 6148
f 6084 6148 6085
f 6085 6148 6149
f 6085 6149 6086
f 6086 6149 6150
f 6086 6150 6087
f 6087 6150 6151
f 6087 6151 6088
f 6088 6151 6152
f 6088 6152 6089
f 6089 6152 6153
f 6089 6153 6090
f 6090 6153 6154
f 6090 6154 6091
f 6091 6154 6155
f 6091 6155 6092
f 6092 6155 6156
f 6092 6156 6093
f 6093 6156 6157
f 6093 6157 6094
f 6094 6157 6158
f 6094 6158 6095
f 6095 6158 6159
f 6095 6159 6096
f 6096 6159 6160
f 6096 6160 6097
f 6097 6160 6161
f 6097 6161 6098
f 6098 6161 6162
f 6098 6162 6099
f 6099 6162 6163
f 6099 6163 6100
f 6100 6163 6164
f 6100 6164 6101
f 6101 6164 6165
f 6101 6165 6102
f 6102 6165 6166
f 6102 6166 6103
f 6103 6166 6167
f 6103 6167 6104
f 6104 6167 6168
f 6104 6168 6105
f 6105 6168 6169
f 6105 6169 6106
f 6106 6169 6170
f 6106 6170 6107
f 6107 6170 6171
f 6107 6171 6108
f 6108 6171 6172
f 6108 6172 6109
f 6109 6172 6173
f 6109 6173 6110
f 6110 6173 6174
f 6110 6174 6111
f 6111 6174 6175
f 6111 6175 6112
f 6112 6175 6176
f 6112 6176 6113
f 6113 6176 6177
f 6113 6177 6114
f 6114 6177 6178
f 6114 6178 6115
f 6115 6178 6179
f 6115 6179 6116
f 6116 6179 6180
f 6116 6180 6117
f 6117 6180 6181
f 6117 6181 6118
f 6118 6181 6182
f 6118 6182 6119
f 6119 6182 6183
f 6119 6183 6120
f 6120 6183 6184
f 6120 6184 6121
f 6121 6184 6185
f 6121 6185 6122
f 6122 6185 6186
f 6122 6186 6123
f 6123 6186 6187
f 6123 6187 6124
f 6124 6187 6188
f 6124 6188 6125
f 6125 6188 6189
f 6125 6189 6126
f 6126 6189 6190
f 6126 6190 6127
f 6127 6190 6191
f 6127 6191 6128
f 6128 6191 6192
f 6128 6192 6129
f 6129 6192 6193
f 6129 6193 6130
f 6130 6193 6194
f 6130 6194 6131
f 6131 6194 6195
f 6131 6195 6132
f 6132 6195 6196
f 6132 6196 6133
f 6133 6196 6197
f 6133 6197 6134
f 6134 6197 6198
f 6134 6198 6135
f 6135 6198 6199
f 6135 6199 6136
f 6136 6199 6200
f 6136 6200 6137
f 6137 6200 6201
f 6137 6201 6138
f 6138 6201 6202
f 6138 6202 6139
f 6139 6202 6203
f 6139 6203 6140
f 6140 6203 6204
f 6140 6204 6141
f 6141 6204 6205
f 6141 6205 6142
f 6142 6205 6206
f 6142 6206 6143
f 6143 6206 6207
f 6143 6207 6144
f 6144 6207 6208
f 6144 6208 6145
f 6145 6208 6209
f 6145 6209 6146
f 6146 6209 6210
f 6146 6210 6147
f 6147 6210 6211
f 6147 6211 6148
f 6148 6211 6212
f 6148 6212 6149
f 6149 6212 6213
f 6149 6213 6150
f 6150 6213 6214
f 6150 6214 6151
f 6151 6214 6215
f 6151 6215 6152
f 6152 6215 6216
f 6152 6216 6153
f 6153 6216 6217
f 6153 6217 6154
f 6154 6217 6218
f 6154 6218 6155
f 6155 6218 6219
f 6155 6219 6156
f 6156 6219 6220
f 6156 6220 6157
f 6157 6220 6221
f 6157 6221 6158
f 6158 6221 6222
f 6158 6222 6159
f 6159 6222 6223
f 6159 6223 6160
f 6160 6223 6224
f 6160 6224 6161
f 6161 6224 6225
f 6161 6225 6162
f 6162 6225 6226
f 6162 6226 6163
f 6163 6226 6227
f 6163 6227 6164
f 6164 6227 6228
f 6164 6228 6165
f 6165 6228 6229
f 6165 6229 6166
f 6166 6229 6230
f 6166 6230 6167
f 6167 6230 6231
f 6167 6231 6168
f 6168 6231 6232
f 6168 6232 6169
f 6169 6232 6233
f 6169 6233 6170
f 6170 6233 6234
f 6170 6234 6171
f 6171 6234 6235
f 6171 6235 6172
f 6172 6235 6236
f 6172 6236 6173
f 6173 6236 6237
f 6173 6237 6174
f 6174 6237 6238
f 6174 6238 6175
f 6175 6238 6239
f 6175 6239 6176
f 6176 6239 6240
f 6176 6240 6177
f 6177 6240 6241
f 6177 6241 6178
f 6178 6241 6242
f 6178 6242 6179
f 6179 6242 6243
f 6179 6243 6180
f 6180 6243 6244
f 6180 6244 6181
f 6181 6244 6245
f 6181 6245 6182
f 6182 6245 6246
f 6182 6246 6183
f 6183 6246 6247
f 6183 6247 6184
f 6184 6247 6248
f 6184 6248 6185
f 6185 6248 6249
f 6185 6249 6186
f 6186 6249 6250
f 6186 6250 6187
f 6187 6250 6251
f 6187 6251 6188
f 6188 6251 6252
f 6188 6252 6189
f 6189 6252 6253
f 6189 6253 6190
f 6190 6253 6254
f 6190 6254 6191
f 6191 6254 6255
f 6191 6255 6192
f 6192 6255 6256
f 6192 6256 6193
f 6193 6256 6257
f 6193 6257 6194
f 6194 6257 6258
f 6194 6258 6195
f 6195 6258 6259
f 6195 6259 6196
f 6196 6259 6260
f 6196 6260 6197
f 6197 6260 6261
f 6197 6261 6198
f 6198 6261 6262
f 6198 6262 6199
f 6199 6262 6263
f 6199 6263 6200
f 6200 6263 6264
f 6200 6264 6201
f 6201 6264 6265
f 6201 6265 6202
f 6202 6265 6266
f 6202 6266 6203
f 6203 6266 6267
f 6203 6267 6204
f 6204 6267 6268
f 6204 6268 6205
f 6205 6268 6269
f 6205 6269 6206
f 6206 6269 6270
f 6206 6270 6207
f 6207 6270 6271
f 6207 6271 6208
f 6208 6271 6272
f 6208 6272 6209
f 6209 6272 6273
f 6209 6273 6210
f 6210 6273 6274
f 6210 6274 6211
f 6211 6274 6275
f 6211 6275 6212
f 6212 6275 6276
f 6212 6276 6213
f 6213 6276 6277
f 6213 6277 6214
f 6214 6277 6278
f 6214 6278 6215
f 6215 6278 6279
f 6215 6279 6216
f 6216 6279 6280
f 6216 6280 6217
f 6217 6280 6281
f 6217 6281 6218
f 6218 6281 6282
f 6218 6282 6219
f 6219 6282 6283
f 6219 6283 6220
f 6220 6283 6284
f 6220 6284 6221
f 6221 6284 6285
f 6221 6285 6222
f 6222 6285 6286
f 6222 6286 6223
f 6223 6286 6287
f 6223 6287 6224
f 6224 6287 6288
f 6224 6288 6225
f 6225 6288 6289
f 6225 6289 6226
f 6226 6289 6290
f 6226 6290 6227
f 6227 6290 6291
f 6227 6291 6228
f 6228 6291 6292
f 6228 6292 6229
f 6229 6292 6293
f 6229 6293 6230
f 6230 6293 6294
f 6230 6294 6231
f 6231 6294 6295
f 6231 6295 6232
f 6232 6295 6296
f 6232 6296 6233
f 6233 6296 6297
f 6233 6297 6234
f 6234 6297 6298
f 6234 6298 6235
f 6235 6298 6299
f 6235 6299 6236
f 6236 6299 6300
f 6236 6300 6237
f 6237 6300 6301
f 6237 6301 6238
f 6238 6301 6302
f 6238 6302 6239
f 6239 6302 6303
f 6239 6303 6240
f 6240 6303 6304
f 6240 6304 6241
f 6241 6304 6305
f 6241 6305 6242
f 6242 6305 6306
f 6242 6306 6243
f 6243 6306 6307
f 6243 6307 6244
f 6244 6307 6308
f 6244 6308 6245
f 6245 6308 6309
f 6245 6309 6246
f 6246 6309 6310
f 6246 6310 6247
f 6247 6310 6311
f 6247 6311 6248
f 6248 6311 6312
f 6248 6312 6249
f 6249 6312 6313
f 6249 6313 6250
f 6250 6313 6314
f 6250 6314 6251
f 6251 6314 6315
f 6251 6315 6252
f 6252 6315 6316
f 6252 6316 6253
f 6253 6316 6317
f 6253 6317 6254
f 6254 6317 6318
f 6254 6318 6255
f 6255 6318 6319
f 6255 6319 6256
f 6256 6319 6320
f 6256 6320 6257
f 6257 6320 6321
f 6257 6321 6258
f 6258 6321 6322
f 6258 6322 6259
f 6259 6322 6323
f 6259 6323 6260
f 6260 6323 6324
f 6260 6324 6261
f 6261 6324 6325
f 6261 6325 6262
f 6262 6325 6326
f 6262 6326 6263
f 6263 6326 6327
f 6263 6327 6264
f 6264 6327 6328
f 6264 6328 6265
f 6265 6328 6329
f 6265 6329 6266
f 6266 6329 6330
f 6266 6330 6267
f 6267 6330 6331
f 6267 6331 6268
f 6268 6331 6332
f 6268 6332 6269
f 6269 6332 6333
f 6269 6333 6270
f 6270 6333 6334
f 6270 6334 6271
f 6271 6334 6335
f 6271 6335 6272
f 6272 6335 6336
f 6272 6336 6273
f 6273 6336 6337
f 6273 6337 6274
f 6274 6337 6338
f 6274 6338 6275
f 6275 6338 6339
f 6275 6339 6276
f 6276 6339 6340
f 6276 6340 6277
f 6277 6340 6341
f 6277 6341 6278
f 6278 6341 6342
f 6278 6342 6279
f 6279 6342 6343
f 6279 6343 6280
f 6280 6343 6344
f 6280 6344 6281
f 6281 6344 6345
f 6281 6345 6282
f 6282 6345 6346
f 6282 6346 6283
f 6283 6346 6347
f 6283 6347 6284
f 6284 6347 6348
f 6284 6348 6285
f 6285 6348 6349
f 6285 6349 6286
f 6286 6349 6350
f 6286 6350 6287
f 6287 6350 6351
f 6287 6351 6288
f 6288 6351 6352
f 6288 6352 6289
f 6289 6352 6353
f 6289 6353 6290
f 6290 6353 6354
f 6290 6354 6291
f 6291 6354 6355
f 6291 6355 6292
f 6292 6355 6356
f 6292 6356 6293
f 6293 6356 6357
f 6293 6357 6294
f 6294 6357 6358
f 6294 6358 6295
f 6295 6358 6359
f 6295 6359 6296
f 6296 6359 6360
f 6296 6360 6297
f 6297 6360 6361
f 6297 6361 6298
f 6298 6361 6362
f 6298 6362 6299
f 6299 6362 6363
f 6299 6363 6300
f 6300 6363 6364
f 6300 6364 6301
f 6301 6364 6365
f 6301 6365 6302
f 6302 6365 6366
f 6302 6366 6303
f 6303 6366 6367
f 6303 6367 6304
f 6304 6367 6368
f 6304 6368 6305
f 6305 6368 6369
f 6305 6369 6306
f 6306 6369 6370
f 6306 6370 6307
f 6307 6370 6371
f 6307 6371 6308
f 6308 6371 6372
f 6308 6372 6309
f 6309 6372 6373
f 6309 6373 6310
f 6310 6373 6374
f 6310 6374 6311
f 6311 6374 6375
f 6311 6375 6312
f 6312 6375 6376
f 6312 6376 6313
f 6313 6376 6377
f 6313 6377 6314
f 6314 6377 6378
f 6314 6378 6315
f 6315 6378 6379
f 6315 6379 6316
f 6316 6379 6380
f 6316 6380 6317
f 6317 6380 6381
f 6317 6381 6318
f 6318 6381 6382
f 6318 6382 6319
f 6319 6382 6383
f 6319 6383 6320
f 6320 6383 6384
f 6320 6384 6321
f 6321 6384 6385
f 6321 6385 6322
f 6322 6385 6386
f 6322 6386 6323
f 6323 6386 6387
f 6323 6387 6324
f 6324 6387 6388
f 6324 6388 6325
f 6325 6388 6389
f 6325 6389 6326
f 6326 6389 6390
f 6326 6390 6327
f 6327 6390 6391
f 6327 6391 6328
f 6328 6391 6392
f 6328 6392 6329
f 6329 6392 6393
f 6329 6393 6330
f 6330 6393 6394
f 6330 6394 6331
f 6331 6394 6395
f 6331 6395 6332
f 6332 6395 6396
f 6332 6396 6333
f 6333 6396 6397
f 6333 6397 6334
f 6334 6397 6398
f 6334 6398 6335
f 6335 6398 6399
f 6335 6399 6336
f 6336 6399 6400
f 6336 6400 6337
f 6337 6400 6401
f 6337 6401 6338
f 6338 6401 6402
f 6338 6402 6339
f 6339 6402 6403
f 6339 6403 6340
f 6340 6403 6404
f 6340 6404 6341
f 6341 6404 6405
f 6341 6405 6342
f 6342 6405 6406
f 6342 6406 6343
f 6343 6406 6407
f 6343 6407 6344
f 6344 6407 6408
f 6344 6408 6345
f 6345 6408 6409
f 6345 6409 6346
f 6346 6409 6410
f 6346 6410 6347
f 6347 6410 6411
f 6347 6411 6348
f 6348 6411 6412
f 6348 6412 6349
f 6349 6412 6413
f 6349 6413 6350
f 6350 6413 6414
f 6350 6414 6351
f 6351 6414 6415
f 6351 6415 6352
f 6352 6415 6416
f 6352 6416 6353
f 6353 6416 6417
f 6353 6417 6354
f 6354 6417 6418
f 6354 6418 6355
f 6355 6418 6419
f 6355 6419 6356
f 6356 6419 6420
f 6356 6420 6357
f 6357 6420 6421
f 6357 6421 6358
f 6358 6421 6422
f 6358 6422 6359
f 6359 6422 6423
f 6359 6423 6360
f 6360 6423 6424
f 6360 6424 6361
f 6361 6424 6425
f 6361 6425 6362
f 6362 6425 6426
f 6362 6426 6363
f 6363 6426 6427
f 6363 6427 6364
f 6364 6427 6428
f 6364 6428 6365
f 6365 6428 6429
f 6365 6429 6366
f 6366 6429 6430
f 6366 6430 6367
f 6367 6430 6431
f 6367 6431 6368
f 6368 6431 6432
f 6368 6432 6369
f 6369 6432 6433
f 6369 6433 6370
f 6370 6433 6434
f 6370 6434 6371
f 6371 6434 6435
f 6371 6435 6372
f 6372 6435 6436
f 6372 6436 6373
f 6373 6436 6437
f 6373 6437 6374
f 6374 6437 6438
f 6374 6438 6375
f 6375 6438 6439
f 6375 6439 6376
f 6376 6439 6440
f 6376 6440 6377
f 6377 6440 6441
f 6377 6441 6378
f 6378 6441 6442
f 6378 6442 6379
f 6379 6442 6443
f 6379 6443 6380
f 6380 6443 6444
f 6380 6444 6381
f 6381 6444 6445
f 6381 6445 6382
f 6382 6445 6446
f 6382 6446 6383
f 6383 6446 6447
f 6383 6447 6384
f 6384 6447 6448
f 6384 6448 6385
f 6385 6448 6449
f 6385 6449 6386
f 6386 6449 6450
f 6386 6450 6387
f 6387 6450 6451
f 6387 6451 6388
f 6388 6451 6452
f 6388 6452 6389
f 6389 6452 6453
f 6389 6453 6390
f 6390 6453 6454
f 6390 6454 6391
f 6391 6454 6455
f 6391 6455 6392
f 6392 6455 6456
f 6392 6456 6393
f 6393 6456 6457
f 6393 6457 6394
f 6394 6457 6458
f 6394 6458 6395
f 6395 6458 6459
f 6395 6459 6396
f 6396 6459 6460
f 6396 6460 6397
f 6397 6460 6461
f 6397 6461 6398
f 6398 6461 6462
f 6398 6462 6399
f 6399 6462 6463
f 6399 6463 6400
f 6400 6463 6464
f 6400 6464 6401
f 6401 6464 6465
f 6401 6465 6402
f 6402 6465 6466
f 6402 6466 6403
f 6403 6466 6467
f 6403 6467 6404
f 6404 6467 6468
f 6404 6468 6405
f 6405 6468 6469
f 6405 6469 6406
f 6406 6469 6470
f 6406 6470 6407
f 6407 6470 6471
f 6407 6471 6408
f 6408 6471 6472
f 6408 6472 6409
f 6409 6472 6473
f 6409 6473 6410
f 6410 6473 6474
f 6410 6474 6411
f 6411 6474 6475
f 6411 6475 6412
f 6412 6475 6476
f 6412 6476 6413
f 6413 6476 6477
f 6413 6477 6414
f 6414 6477 6478
f 6414 6478 6415
f 6415 6478 6479
f 6415 6479 6416
f 6416 6479 6480
f 6416 6480 6417
f 6417 6480 6481
f 6417 6481 6418
f 6418 6481 6482
f 6418 6482 6419
f 6419 6482 6483
f 6419 6483 6420
f 6420 6483 6484
f 6420 6484 6421
f 6421 6484 6485
f 6421 6485 6422
f 6422 6485 6486
f 6422 6486 6423
f 6423 6486 6487
f 6423 6487 6424
f 6424 6487 6488
f 6424 6488 6425
f 6425 6488 6489
f 6425 6489 6426
f 6426 6489 6490
f 6426 6490 6427
f 6427 6490 6491
f 6427 6491 6428
f 6428 6491 6492
f 6428 6492 6429
f 6429 6492 6493
f 6429 6493 6430
f 6430 6493 6494
f 6430 6494 6431
f 6431 6494 6495
f 6431 6495 6432
f 6432 6495 6496
f 6432 6496 6433
f 6433 6496 6497
f 6433 6497 6434
f 6434 6497 6498
f 6434 6498 6435
f 6435 6498 6499
f 6435 6499 6436
f 6436 6499 6500
f 6436 6500 6437
f 6437 6500 6501
f 6437 6501 6438
f 6438 6501 6502
f 6438 6502 6439
f 6439 6502 6503
f 6439 6503 6440
f 6440 6503 6504
f 6440 6504 6441
f 6441 6504 6505
f 6441 6505 6442
f 6442 6505 6506
f 6442 6506 6443
f 6443 6506 6507
f 6443 6507 6444
f 6444 6507 6508
f 6444 6508 6445
f 6445 6508 6509
f 6445 6509 6446
f 6446 6509 6510
f 6446 6510 6447
f 6447 6510 6511
f 6447 6511 6448
f 6448 6511 6512
f 6448 6512 6449
f 6449 6512 6513
f 6449 6513 6450
f 6450 6513 6514
f 6450 6514 6451
f 6451 6514 6515
f 6451 6515 6452
f 6452 6515 6516
f 6452 6516 6453
f 6453 6516 6517
f 6453 6517 6454
f 6454 6517 6518
f 6454 6518 6455
f 6455 6518 6519
f 6455 6519 6456
f 6456 6519 6520
f 6456 6520 6457
f 6457 6520 6521
f 6457 6521 6458
f 6458 6521 6522
f 6458 6522 6459
f 6459 6522 6523
f 6459 6523 6460
f 6460 6523 6524
f 6460 6524 6461
f 6461 6524 6525
f 6461 6525 6462
f 6462 6525 6526
f 6462 6526 6463
f 6463 6526 6527
f 6463 6527 6464
f 6464 6527 6528
f 6464 6528 6465
f 6465 6528 6529
f 6465 6529 6466
f 6466 6529 6530
f 6466 6530 6467
f 6467 6530 6531
f 6467 6531 6468
f 6468 6531 6532
f 6468 6532 6469
f 6469 6532 6533
f 6469 6533 6470
f 6470 6533 6534
f 6470 6534 6471
f 6471 6534 6535
f 6471 6535 6472
f 6472 6535 6536
f 6472 6536 6473
f 6473 6536 6537
f 6473 6537 6474
f 6474 6537 6538
f 6474 6538 6475
f 6475 6538 6539
f 6475 6539 6476
f 6476 6539 6540
f 6476 6540 6477
f 6477 6540 6541
f 6477 6541 6478
f 6478 6541 6542
f 6478 6542 6479
f 6479 6542 6543
f 6479 6543 6480
f 6480 6543 6544
f 6480 6544 6481
f 6481 6544 6545
f 6481 6545 6482
f 6482 6545 6546
f 6482 6546 6483
f 6483 6546 6547
f 6483 6547 6484
f 6484 6547 6548
f 6484 6548 6485
f 6485 6548 6549
f 6485 6549 6486
f 6486 6549 6550
f 6486 6550 6487
f 6487 6550 6551
f 6487 6551 6488
f 6488 6551 6552
f 6488 6552 6489
f 6489 6552 6553
f 6489 6553 6490
f 6490 6553 6554
f 6490 6554 6491
f 6491 6554 6555
f 6491 6555 6492
f 6492 6555 6556
f 6492 6556 6493
f 6493 6556 6557
f 6493 6557 6494
f 6494 6557 6558
f 6494 6558 6495
f 6495 6558 6559
f 6495 6559 6496
f 6496 6559 6560
f 6496 6560 6497
f 6497 6560 6561
f 6497 6561 6498
f 6498 6561 6562
f 6498 6562 6499
f 6499 6562 6563
f 6499 6563 6500
f 6500 6563 6564
f 6500 6564 6501
f 6501 6564 6565
f 6501 6565 6502
f 6502 6565 6566
f 6502 6566 6503
f 6503 6566 6567
f 6503 6567 6504
f 6504 6567 6568
f 6504 6568 6505
f 6505 6568 6569
f 6505 6569 6506
f 6506 6569 6570
f 6506 6570 6507
f 6507 6570 6571
f 6507 6571 6508
f 6508 6571 6572
f 6508 6572 6509
f 6509 6572 6573
f 6509 6573 6510
f 6510 6573 6574
f 6510 6574 6511
f 6511 6574 6575
f 6511 6575 6512
f 6512 6575 6576
f 6512 6576 6513
f 6513 6576 6577
f 6513 6577 6514
f 6514 6577 6578
f 6514 6578 6515
f 6515 6578 6579
f 6515 6579 6516
f 6516 6579 6580
f 6516 6580 6517
f 6517 6580 6581
f 6517 6581 6518
f 6518 6581 6582
f 6518 6582 6519
f 6519 6582 6583
f 6519 6583 6520
f 6520 6583 6584
f 6520 6584 6521
f 6521 6584 6585
f 6521 6585 6522
f 6522 6585 6586
f 6522 6586 6523
f 6523 6586 6587
f 6523 6587 6524
f 6524 6587 6588
f 6524 6588 6525
f 6525 6588 6589
f 6525 6589 6526
f 6526 6589 6590
f 6526 6590 6527
f 6527 6590 6591
f 6527 6591 6528
f 6528 6591 6592
f 6528 6592 6529
f 6529 6592 6593
f 6529 6593 6530
f 6530 6593 6594
f 6530 6594 6531
f 6531 6594 6595
f 6531 6595 6532
f 6532 6595 6596
f 6532 6596 6533
f 6533 6596 6597
f 6533 6597 6534
f 6534 6597 6598
f 6534 6598 6535
f 6535 6598 6599
f 6535 6599 6536
f 6536 6599 6600
f 6536 6600 6537
f 6537 6600 6601
f 6537 6601 6538
f 6538 6601 6602
f 6538 6602 6539
f 6539 6602 6603
f 6539 6603 6540
f 6540 6603 6604
f 6540 6604 6541
f 6541 6604 6605
f 6541 6605 6542
f 6542 6605 6606
f 6542 6606 6543
f 6543 6606 6607
f 6543 6607 6544
f 6544 6607 6608
f 6544 6608 6545
f 6545 6608 6609
f 6545 6609 6546
f 6546 6609 6610
f 6546 6610 6547
f 6547 6610 6611
f 6547 6611 6548
f 6548 6611 6612
f 6548 6612 6549
f 6549 6612 6613
f 6549 6613 6550
f 6550 6613 6614
f 6550 6614 6551
f 6551 6614 6615
f 6551 6615 6552
f 6552 6615 6616
f 6552 6616 6553
f 6553 6616 6617
f 6553 6617 6554
f 6554 6617 6618
f 6554 6618 6555
f 6555 6618 6619
f 6555 6619 6556
f 6556 6619 6620
f 6556 6620 6557
f 6557 6620 6621
f 6557 6621 6558
f 6558 6621 6622
f 6558 6622 6559
f 6559 6622 6623
f 6559 6623 6560
f 6560 6623 6624
f 6560 6624 6561
f 6561 6624 6625
f 6561 6625 6562
f 6562 6625 6626
f 6562 6626 6563
f 6563 6626 6627
f 6563 6627 6564
f 6564 6627 6628
f 6564 6628 6565
f 6565 6628 6629
f 6565 6629 6566
f 6566 6629 6630
f 6566 6630 6567
f 6567 6630 6631
f 6567 6631 6568
f 6568 6631 6632
f 6568 6632 6569
f 6569 6632 6633
f 6569 6633 6570
f 6570 6633 6634
f 6570 6634 6571
f 6571 6634 6635
f 6571 6635 6572
f 6572 6635 6636
f 6572 6636 6573
f 6573 6636 6637
f 6573 6637 6574
f 6574 6637 6638
f 6574 6638 6575
f 6575 6638 6639
f 6575 6639 6576
f 6576 6639 6640
f 6576 6640 6577
f 6577 6640 6641
f 6577 6641 6578
f 6578 6641 6642
f 6578 6642 6579
f 6579 6642 6643
f 6579 6643 6580
f 6580 6643 6644
f 6580 6644 6581
f 6581 6644 6645
f 6581 6645 6582
f 6582 6645 6646
f 6582 6646 6583
f 6583 6646 6647
f 6583 6647 6584
f 6584 6647 6648
f 6584 6648 6585
f 6585 6648 6649
f 6585 6649 6586
f 6586 6649 6650
f 6586 6650 6587
f 6587 6650 6651
f 6587 6651 6588
f 6588 6651 6652
f 6588 6652 6589
f 6589 6652 6653
f 6589 6653 6590
f 6590 6653 6654
f 6590 6654 6591
f 6591 6654 6655
f 6591 6655 6592
f 6592 6655 6656
f 6592 6656 6593
f 6593 6656 6657
f 6593 6657 6594
f 6594 6657 6658
f 6594 6658 6595
f 6595 6658 6659
f 6595 6659 6596
f 6596 6659 6660
f 6596 6660 6597
f 6597 6660 6661
f 6597 6661 6598
f 6598 6661 6662
f 6598 6662 6599
f 6599 6662 6663
f 6599 6663 6600
f 6600 6663 6664
f 6600 6664 6601
f 6601 6664 6665
f 6601 6665 6602
f 6602 6665 6666
f 6602 6666 6603
f 6603 6666 6667
f 6603 6667 6604
f 6604 6667 6668
f 6604 6668 6605
f 6605 6668 6669
f 6605 6669 6606
f 6606 6669 6670
f 6606 6670 6607
f 6607 6670 6671
f 6607 6671 6608
f 6608 6671 6672
f 6608 6672 6609
f 6609 6672 6673
f 6609 6673 6610
f 6610 6673 6674
f 6610 6674 6611
f 6611 6674 6675
f 6611 6675 6612
f 6612 6675 6676
f 6612 6676 6613
f 6613 6676 6677
f 6613 6677 6614
f 6614 6677 6678
f 6614 6678 6615
f 6615 6678 6679
f 6615 6679 6616
f 6616 6679 6680
f 6616 6680 6617
f 6617 6680 6681
f 6617 6681 6618
f 6618 6681 6682
f 6618 6682 6619
f 6619 6682 6683
f 6619 6683 6620
f 6620 6683 6684
f 6620 6684 6621
f 6621 6684 6685
f 6621 6685 6622
f 6622 6685 6686
f 6622 6686 6623
f 6623 6686 6687
f 6623 6687 6624
f 6624 6687 6688
f 6624 6688 6625
f 6625 6688 6689
f 6625 6689 6626
f 6626 6689 6690
f 6626 6690 6627
f 6627 6690 6691
f 6627 6691 6628
f 6628 6691 6692
f 6628 6692 6629
f 6629 6692 6693
f 6629 6693 6630
f 6630 6693 6694
f 6630 6694 6631
f 6631 6694 6695
f 6631 6695 6632
f 6632 6695 6696
f 6632 6696 6633
f 6633 6696 6697
f 6633 6697 6634
f 6634 6697 6698
f 6634 6698 6635
f 6635 6698 6699
f 6635 6699 6636
f 6636 6699 6700
f 6636 6700 6637
f 6637 6700 6701
f 6637 6701 6638
f 6638 6701 6702
f 6638 6702 6639
f 6639 6702 6703
f 6639 6703 6640
f 6640 6703 6704
f 6640 6704 6641
f 6641 6704 6705
f 6641 6705 6642
f 6642 6705 6706
f 6642 6706 6643
f 6643 6706 6707
f 6643 6707 6644
f 6644 6707 6708
f 6644 6708 6645
f 6645 6708 6709
f 6645 6709 6646
f 6646 6709 6710
f 6646 6710 6647
f 6647 6710 6711
f 6647 6711 6648
f 6648 6711 6712
f 6648 6712 6649
f 6649 6712 6713
f 6649 6713 6650
f 6650 6713 6714
f 6650 6714 6651
f 6651 6714 6715
f 6651 6715 6652
f 6652 6715 6716
f 6652 6716 6653
f 6653 6716 6717
f 6653 6717 6654
f 6654 6717 6718
f 6654 6718 6655
f 6655 6718 6719
f 6655 6719 6656
f 6656 6719 6720
f 6656 6720 6657
f 6657 6720 6721
f 6657 6721 6658
f 6658 6721 6722
f 6658 6722 6659
f 6659 6722 6723
f 6659 6723 6660
f 6660 6723 6724
f 6660 6724 6661
f 6661 6724 6725
f 6661 6725 6662
f 6662 6725 6726
f 6662 6726 6663
f 6663 6726 6727
f 6663 6727 6664
f 6664 6727 6728
f 6664 6728 6665
f 6665 6728 6729
f 6665 6729 6666
f 6666 6729 6730
f 6666 6730 6667
f 6667 6730 6731
f 6667 6731 6668
f 6668 6731 6732
f 6668 6732 6669
f 6669 6732 6733
f 6669 6733 6670
f 6670 6733 6734
f 6670 6734 6671
f 6671 6734 6735
f 6671 6735 6672
f 6672 6735 6736
f 6672 6736 6673
f 6673 6736 6737
f 6673 6737 6674
f 6674 6737 6738
f 6674 6738 6675
f 6675 6738 6739
f 6675 6739 6676
f 6676 6739 6740
f 6676 6740 6677
f 6677 6740 6741
f 6677 6741 6678
f 6678 6741 6742
f 6678 6742 6679
f 6679 6742 6743
f 6679 6743 6680
f 6680 6743 6744
f 6680 6744 6681
f 6681 6744 6745
f 6681 6745 6682
f 6682 6745 6746
f 6682 6746 6683
f 6683 6746 6747
f 6683 6747 6684
f 6684 6747 6748
f 6684 6748 6685
f 6685 6748 6749
f 6685 6749 6686
f 6686 6749 6750
f 6686 6750 6687
f 6687 6750 6751
f 6687 6751 6688
f 6688 6751 6752
f 6688 6752 6689
f 6689 6752 6753
f 6689 6753 6690
f 6690 6753 6754
f 6690 6754 6691
f 6691 6754 6755
f 6691 6755 6692
f 6692 6755 6756
f 6692 6756 6693
f 6693 6756 6757
f 6693 6757 6694
f 6694 6757 6758
f 6694 6758 6695
f 6695 6758 6759
f 6695 6759 6696
f 6696 6759 6760
f 6696 6760 6697
f 6697 6760 6761
f 6697 6761 6698
f 6698 6761 6762
f 6698 6762 6699
f 6699 6762 6763
f 6699 6763 6700
f 6700 6763 6764
f 6700 6764 6701
f 6701 6764 6765
f 6701 6765 6702
f 6702 6765 6766
f 6702 6766 6703
f 6703 6766 6767
f 6703 6767 6704
f 6704 6767 6768
f 6704 6768 6705
f 6705 6768 6769
f 6705 6769 6706
f 6706 6769 6770
f 6706 6770 6707
f 6707 6770 6771
f 6707 6771 6708
f 6708 6771 6772
f 6708 6772 6709
f 6709 6772 6773
f 6709 6773 6710
f 6710 6773 6774
f 6710 6774 6711
f 6711 6774 6775
f 6711 6775 6712
f 6712 6775 6776
f 6712 6776 6713
f 6713 6776 6777
f 6713 6777 6714
f 6714 6777 6778
f 6714 6778 6715
f 6715 6778 6779
f 6715 6779 6716
f 6716 6779 6780
f 6716 6780 6717
f 6717 6780 6781
f 6717 6781 6718
f 6718 6781 6782
f 6718 6782 6719
f 6719 6782 6783
f 6719 6783 6720
f 6720 6783 6784
f 6720 6784 6721
f 6721 6784 6785
f 6721 6785 6722
f 6722 6785 6786
f 6722 6786 6723
f 6723 6786 6787
f 6723 6787 6724
f 6724 6787 6788
f 6724 6788 6725
f 6725 6788 6789
f 6725 6789 6726
f 6726 6789 6790
f 6726 6790 6727
f 6727 6790 6791
f 6727 6791 6728
f 6728 6791 6792
f 6728 6792 6729
f 6729 6792 6793
f 6729 6793 6730
f 6730 6793 6794
f 6730 6794 6731
f 6731 6794 6795
f 6731 6795 6732
f 6732 6795 6796
f 6732 6796 6733
f 6733 6796 6797
f 6733 6797 6734
f 6734 6797 6798
f 6734 6798 6735
f 6735 6798 6799
f 6735 6799 6736
f 6736 6799 6800
f 6736 6800 6737
f 6737 6800 6801
f 6737 6801 6738
f 6738 6801 6802
f 6738 6802 6739
f 6739 6802 6803
f 6739 6803 6740
f 6740 6803 6804
f 6740 6804 6741
f 6741 6804 6805
f 6741 6805 6742
f 6742 6805 6806
f 6742 6806 6743
f 6743 6806 6807
f 6743 6807 6744
f 6744 6807 6808
f 6744 6808 6745
f 6745 6808 6809
f 6745 6809 6746
f 6746 6809 6810
f 6746 6810 6747
f 6747 6810 6811
f 6747 6811 6748
f 6748 6811 6812
f 6748 6812 6749
f 6749 6812 6813
f 6749 6813 6750
f 6750 6813 6814
f 6750 6814 6751
f 6751 6814 6815
f 6751 6815 6752
f 6752 6815 6816
f 6752 6816 6753
f 6753 6816 6817
f 6753 6817 6754
f 6754 6817 6818
f 6754 6818 6755
f 6755 6818 6819
f 6755 6819 6756
f 6756 6819 6820
f 6756 6820 6757
f 6757 6820 6821
f 6757 6821 6758
f 6758 6821 6822
f 6758 6822 6759
f 6759 6822 6823
f 6759 6823 6760
f 6760 6823 6824
f 6760 6824 6761
f 6761 6824 6825
f 6761 6825 6762
f 6762 6825 6826
f 6762 6826 6763
f 6763 6826 6827
f 6763 6827 6764
f 6764 6827 6828
f 6764 6828 6765
f 6765 6828 6829
f 6765 6829 6766
f 6766 6829 6830
f 6766 6830 6767
f 6767 6830 6831
f 6767 6831 6768
f 6768 6831 6832
f 6768 6832 6769
f 6769 6832 6833
f 6769 6833 6770
f 6770 6833 6834
f 6770 6834 6771
f 6771 6834 6835
f 6771 6835 6772
f 6772 6835 6836
f 6772 6836 6773
f 6773 6836 6837
f 6773 6837 6774
f 6774 6837 6838
f 6774 6838 6775
f 6775 6838 6839
f 6775 6839 6776
f 6776 6839 6840
f 6776 6840 6777
f 6777 6840 6841
f 6777 6841 6778
f 6778 6841 6842
f 6778 6842 6779
f 6779 6842 6843
f 6779 6843 6780
f 6780 6843 6844
f 6780 6844 6781
f 6781 6844 6845
f 6781 6845 6782
f 6782 6845 6846
f 6782 6846 6783
f 6783 6846 6847
f 6783 6847 6784
f 6784 6847 6848
f 6784 6848 6785
f 6785 6848 6849
f 6785 6849 6786
f 6786 6849 6850
f 6786 6850 6787
f 6787 6850 6851
f 6787 6851 6788
f 6788 6851 6852
f 6788 6852 6789
f 6789 6852 6853
f 6789 6853 6790
f 6790 6853 6854
f 6790 6854 6791
f 6791 6854 6855
f 6791 6855 6792
f 6792 6855 6856
f 6792 6856 6793
f 6793 6856 6857
f 6793 6857 6794
f 6794 6857 6858
f 6794 6858 6795
f 6795 6858 6859
f 6795 6859 6796
f 6796 6859 6860
f 6796 6860 6797
f 6797 6860 6861
f 6797 6861 6798
f 6798 6861 6862
f 6798 6862 6799
f 6799 6862 6863
f 6799 6863 6800
f 6800 6863 6864
f 6800 6864 6801
f 6801 6864 6865
f 6801 6865 6802
f 6802 6865 6866
f 6802 6866 6803
f 6803 6866 6867
f 6803 6867 6804
f 6804 6867 6868
f 6804 6868 6805
f 6805 6868 6869
f 6805 6869 6806
f 6806 6869 6870
f 6806 6870 6807
f 6807 6870 6871
f 6807 6871 6808
f 6808 6871 6872
f 6808 6872 6809
f 6809 6872 6873
f 6809 6873 6810
f 6810 6873 6874
f 6810 6874 6811
f 6811 6874 6875
f 6811 6875 6812
f 6812 6875 6876
f 6812 6876 6813
f 6813 6876 6877
f 6813 6877 6814
f 6814 6877 6878
f 6814 6878 6815
f 6815 6878 6879
f 6815 6879 6816
f 6816 6879 6880
f 6816 6880 6817
f 6817 6880 6881
f 6817 6881 6818
f 6818 6881 6882
f 6818 6882 6819
f 6819 6882 6883
f 6819 6883 6820
f 6820 6883 6884
f 6820 6884 6821
f 6821 6884 6885
f 6821 6885 6822
f 6822 6885 6886
f 6822 6886 6823
f 6823 6886 6887
f 6823 6887 6824
f 6824 6887 6888
f 6824 6888 6825
f 6825 6888 6889
f 6825 6889 6826
f 6826 6889 6890
f 6826 6890 6827
f 6827 6890 6891
f 6827 6891 6828
f 6828 6891 6892
f 6828 6892 6829
f 6829 6892 6893
f 6829 6893 6830
f 6830 6893 6894
f 6830 6894 6831
f 6831 6894 6895
f 6831 6895 6832
f 6832 6895 6896
f 6832 6896 6833
f 6833 6896 6897
f 6833 6897 6834
f 6834 6897 6898
f 6834 6898 6835
f 6835 6898 6899
f 6835 6899 6836
f 6836 6899 6900
f 6836 6900 6837
f 6837 6900 6901
f 6837 6901 6838
f 6838 6901 6902
f 6838 6902 6839
f 6839 6902 6903
f 6839 6903 6840
f 6840 6903 6904
f 6840 6904 6841
f 6841 6904 6905
f 6841 6905 6842
f 6842 6905 6906
f 6842 6906 6843
f 6843 6906 6907
f 6843 6907 6844
f 6844 6907 6908
f 6844 6908 6845
f 6845 6908 6909
f 6845 6909 6846
f 6846 6909 6910
f 6846 6910 6847
f 6847 6910 6911
f 6847 6911 6848
f 6848 6911 6912
f 6848 6912 6849
f 6849 6912 6913
f 6849 6913 6850
f 6850 6913 6914
f 6850 6914 6851
f 6851 6914 6915
f 6851 6915 6852
f 6852 6915 6916
f 6852 6916 6853
f 6853 6916 6917
f 6853 6917 6854
f 6854 6917 6918
f 6854 6918 6855
f 6855 6918 6919
f 6855 6919 6856
f 6856 6919 6920
f 6856 6920 6857
f 6857 6920 6921
f 6857 6921 6858
f 6858 6921 6922
f 6858 6922 6859
f 6859 6922 6923
f 6859 6923 6860
f 6860 6923 6924
f 6860 6924 6861
f 6861 6924 6925
f 6861 6925 6862
f 6862 6925 6926
f 6862 6926 6863
f 6863 6926 6927
f 6863 6927 6864
f 6864 6927 6928
f 6864 6928 6865
f 6865 6928 6929
f 6865 6929 6866
f 6866 6929 6930
f 6866 6930 6867
f 6867 6930 6931
f 6867 6931 6868
f 6868 6931 6932
f 6868 6932 6869
f 6869 6932 6933
f 6869 6933 6870
f 6870 6933 6934
f 6870 6934 6871
f 6871 6934 6935
f 6871 6935 6872
f 6872 6935 6936
f 6872 6936 6873
f 6873 6936 6937
f 6873 6937 6874
f 6874 6937 6938
f 6874 6938 6875
f 6875 6938 6939
f 6875 6939 6876
f 6876 6939 6940
f 6876 6940 6877
f 6877 6940 6941
f 6877 6941 6878
f 6878 6941 6942
f 6878 6942 6879
f 6879 6942 6943
f 6879 6943 6880
f 6880 6943 6944
f 6880 6944 6881
f 6881 6944 6945
f 6881 6945 6882
f 6882 6945 6946
f 6882 6946 6883
f 6883 6946 6947
f 6883 6947 6884
f 6884 6947 6948
f 6884 6948 6885
f 6885 6948 6949
f 6885 6949 6886
f 6886 6949 6950
f 6886 6950 6887
f 6887 6950 6951
f 6887 6951 6888
f 6888 6951 6952
f 6888 6952 6889
f 6889 6952 6953
f 6889 6953 6890
f 6890 6953 6954
f 6890 6954 6891
f 6891 6954 6955
f 6891 6955 6892
f 6892 6955 6956
f 6892 6956 6893
f 6893 6956 6957
f 6893 6957 6894
f 6894 6957 6958
f 6894 6958 6895
f 6895 6958 6959
f 6895 6959 6896
f 6896 6959 6960
f 6896 6960 6897
f 6897 6960 6961
f 6897 6961 6898
f 6898 6961 6962
f 6898 6962 6899
f 6899 6962 6963
f 6899 6963 6900
f 6900 6963 6964
f 6900 6964 6901
f 6901 6964 6965
f 6901 6965 6902
f 6902 6965 6966
f 6902 6966 6903
f 6903 6966 6967
f 6903 6967 6904
f 6904 6967 6968
f 6904 6968 6905
f 6905 6968 6969
f 6905 6969 6906
f 6906 6969 6970
f 6906 6970 6907
f 6907 6970 6971
f 6907 6971 6908
f 6908 6971 6972
f 6908 6972 6909
f 6909 6972 6973
f 6909 6973 6910
f 6910 6973 6974
f 6910 6974 6911
f 6911 6974 6975
f 6911 6975 6912
f 6912 6975 6976
f 6912 6976 6913
f 6913 6976 6977
f 6913 6977 6914
f 6914 6977 6978
f 6914 6978 6915
f 6915 6978 6979
f 6915 6979 6916
f 6916 6979 6980
f 6916 6980 6917
f 6917 6980 6981
f 6917 6981 6918
f 6918 6981 6982
f 6918 6982 6919
f 6919 6982 6983
f 6919 6983 6920
f 6920 6983 6984
f 6920 6984 6921
f 6921 6984 6985
f 6921 6985 6922
f 6922 6985 6986
f 6922 6986 6923
f 6923 6986 6987
f 6923 6987 6924
f 6924 6987 6988
f 6924 6988 6925
f 6925 6988 6989
f 6925 6989 6926
f 6926 6989 6990
f 6926 6990 6927
f 6927 6990 6991
f 6927 6991 6928
f 6928 6991 6992
f 6928 6992 6929
f 6929 6992 6993
f 6929 6993 6930
f 6930 6993 6994
f 6930 6994 6931
f 6931 6994 6995
f 6931 6995 6932
f 6932 6995 6996
f 6932 6996 6933
f 6933 6996 6997
f 6933 6997 6934
f 6934 6997 6998
f 6934 6998 6935
f 6935 6998 6999
f 6935 6999 6936
f 6936 6999 7000
f 6936 7000 6937
f 6937 7000 7001
f 6937 7001 6938
f 6938 7001 7002
f 6938 7002 6939
f 6939 7002 7003
f 6939 7003 6940
f 6940 7003 7004
f 6940 7004 6941
f 6941 7004 7005
f 6941 7005 6942
f 6942 7005 7006
f 6942 7006 6943
f 6943 7006 7007
f 6943 7007 6944
f 6944 7007 7008
f 6944 7008 6945
f 6945 7008 7009
f 6945 7009 6946
f 6946 7009 7010
f 6946 7010 6947
f 6947 7010 7011
f 6947 7011 6948
f 6948 7011 7012
f 6948 7012 6949
f 6949 7012 7013
f 6949 7013 6950
f 6950 7013 7014
f 6950 7014 6951
f 6951 7014 7015
f 6951 7015 6952
f 6952 7015 7016
f 6952 7016 6953
f 6953 7016 7017
f 6953 7017 6954
f 6954 7017 7018
f 6954 7018 6955
f 6955 7018 7019
f 6955 7019 6956
f 6956 7019 7020
f 6956 7020 6957
f 6957 7020 7021
f 6957 7021 6958
f 6958 7021 7022
f 6958 7022 6959
f 6959 7022 7023
f 6959 7023 6960
f 6960 7023 7024
f 6960 7024 6961
f 6961 7024 7025
f 6961 7025 6962
f 6962 7025 7026
f 6962 7026 6963
f 6963 7026 7027
f 6963 7027 6964
f 6964 7027 7028
f 6964 7028 6965
f 6965 7028 7029
f 6965 7029 6966
f 6966 7029 7030
f 6966 7030 6967
f 6967 7030 7031
f 6967 7031 6968
f 6968 7031 7032
f 6968 7032 6969
f 6969 7032 7033
f 6969 7033 6970
f 6970 7033 7034
f 6970 7034 6971
f 6971 7034 7035
f 6971 7035 6972
f 6972 7035 7036
f 6972 7036 6973
f 6973 7036 7037
f 6973 7037 6974
f 6974 7037 7038
f 6974 7038 6975
f 6975 7038 7039
f 6975 7039 6976
f 6976 7039 7040
f 6976 7040 6977
f 6977 7040 7041
f 6977 7041 6978
f 6978 7041 7042
f 6978 7042 6979
f 6979 7042 7043
f 6979 7043 6980
f 6980 7043 7044
f 6980 7044 6981
f 6981 7044 7045
f 6981 7045 6982
f 6982 7045 7046
f 6982 7046 6983
f 6983 7046 7047
f 6983 7047 6984
f 6984 7047 7048
f 6984 7048 6985
f 6985 7048 7049
f 6985 7049 6986
f 6986 7049 7050
f 6986 7050 6987
f 6987 7050 7051
f 6987 7051 6988
f 6988 7051 7052
f 6988 7052 6989
f 6989 7052 7053
f 6989 7053 6990
f 6990 7053 7054
f 6990 7054 6991
f 6991 7054 7055
f 6991 7055 6992
f 6992 7055 7056
f 6992 7056 6993
f 6993 7056 7057
f 6993 7057 6994
f 6994 7057 7058
f 6994 7058 6995
f 6995 7058 7059
f 6995 7059 6996
f 6996 7059 7060
f 6996 7060 6997
f 6997 7060 7061
f 6997 7061 6998
f 6998 7061 7062
f 6998 7062 6999
f 6999 7062 7063
f 6999 7063 7000
f 7000 7063 7064
f 7000 7064 7001
f 7001 7064 7065
f 7001 7065 7002
f 7002 7065 7066
f 7002 7066 7003
f 7003 7066 7067
f 7003 7067 7004
f 7004 7067 7068
f 7004 7068 7005
f 7005 7068 7069
f 7005 7069 7006
f 7006 7069 7070
f 7006 7070 7007
f 7007 7070 7071
f 7007 7071 7008
f 7008 7071 7072
f 7008 7072 7009
f 7009 7072 7073
f 7009 7073 7010
f 7010 7073 7074
f 7010 7074 7011
f 7011 7074 7075
f 7011 7075 7012
f 7012 7075 7076
f 7012 7076 7013
f 7013 7076 7077
f 7013 7077 7014
f 7014 7077 7078
f 7014 7078 7015
f 7015 7078 7079
f 7015 7079 7016
f 7016 7079 7080
f 7016 7080 7017
f 7017 7080 7081
f 7017 7081 7018
f 7018 7081 7082
f 7018 7082 7019
f 7019 7082 7083
f 7019 7083 7020
f 7020 7083 7084
f 7020 7084 7021
f 7021 7084 7085
f 7021 7085 7022
f 7022 7085 7086
f 7022 7086 7023
f 7023 7086 7087
f 7023 7087 7024
f 7024 7087 7088
f 7024 7088 7025
f 7025 7088 7089
f 7025 7089 7026
f 7026 7089 7090
f 7026 7090 7027
f 7027 7090 7091
f 7027 7091 7028
f 7028 7091 7092
f 7028 7092 7029
f 7029 7092 7093
f 7029 7093 7030
f 7030 7093 7094
f 7030 7094 7031
f 7031 7094 7095
f 7031 7095 7032
f 7032 7095 7096
f 7032 7096 7033
f 7033 7096 7097
f 7033 7097 7034
f 7034 7097 7098
f 7034 7098 7035
f 7035 7098 7099
f 7035 7099 7036
f 7036 7099 7100
f 7036 7100 7037
f 7037 7100 7101
f 7037 7101 7038
f 7038 7101 7102
f 7038 7102 7039
f 7039 7102 7103
f 7039 7103 7040
f 7040 7103 7104
f 7040 7104 7041
f 7041 7104 7105
f 7041 7105 7042
f 7042 7105 7106
f 7042 7106 7043
f 7043 7106 7107
f 7043 7107 7044
f 7044 7107 7108
f 7044 7108 7045
f 7045 7108 7109
f 7045 7109 7046
f 7046 7109 7110
f 7046 7110 7047
f 7047 7110 7111
f 7047 7111 7048
f 7048 7111 7112
f 7048 7112 7049
f 7049 7112 7113
f 7049 7113 7050
f 7050 7113 7114
f 7050 7114 7051
f 7051 7114 7115
f 7051 7115 7052
f 7052 7115 7116
f 7052 7116 7053
f 7053 7116 7117
f 7053 7117 7054
f 7054 7117 7118
f 7054 7118 7055
f 7055 7118 7119
f 7055 7119 7056
f 7056 7119 7120
f 7056 7120 7057
f 7057 7120 7121
f 7057 7121 7058
f 7058 7121 7122
f 7058 7122 7059
f 7059 7122 7123
f 7059 7123 7060
f 7060 7123 7124
f 7060 7124 7061
f 7061 7124 7125
f 7061 7125 7062
f 7062 7125 7126
f 7062 7126 7063
f 7063 7126 7127
f 7063 7127 7064
f 7064 7127 7128
f 7064 7128 7065
f 7065 7128 7129
f 7065 7129 7066
f 7066 7129 7130
f 7066 7130 7067
f 7067 7130 7131
f 7067 7131 7068
f 7068 7131 7132
f 7068 7132 7069
f 7069 7132 7133
f 7069 7133 7070
f 7070 7133 7134
f 7070 7134 7071
f 7071 7134 7135
f 7071 7135 7072
f 7072 7135 7136
f 7072 7136 7073
f 7073 7136 7137
f 7073 7137 7074
f 7074 7137 7138
f 7074 7138 7075
f 7075 7138 7139
f 7075 7139 7076
f 7076 7139 7140
f 7076 7140 7077
f 7077 7140 7141
f 7077 7141 7078
f 7078 7141 7142
f 7078 7142 7079
f 7079 7142 7143
f 7079 7143 7080
f 7080 7143 7144
f 7080 7144 7081
f 7081 7144 7145
f 7081 7145 7082
f 7082 7145 7146
f 7082 7146 7083
f 7083 7146 7147
f 7083 7147 7084
f 7084 7147 7148
f 7084 7148 7085
f 7085 7148 7149
f 7085 7149 7086
f 7086 7149 7150
f 7086 7150 7087
f 7087 7150 7151
f 7087 7151 7088
f 7088 7151 7152
f 7088 7152 7089
f 7089 7152 7153
f 7089 7153 7090
f 7090 7153 7154
f 7090 7154 7091
f 7091 7154 7155
f 7091 7155 7092
f 7092 7155 7156
f 7092 7156 7093
f 7093 7156 7157
f 7093 7157 7094
f 7094 7157 7158
f 7094 7158 7095
f 7095 7158 7159
f 7095 7159 7096
f 7096 7159 7160
f 7096 7160 7097
f 7097 7160 7161
f 7097 7161 7098
f 7098 7161 7162
f 7098 7162 7099
f 7099 7162 7163
f 7099 7163 7100
f 7100 7163 7164
f 7100 7164 7101
f 7101 7164 7165
f 7101 7165 7102
f 7102 7165 7166
f 7102 7166 7103
f 7103 7166 7167
f 7103 7167 7104
f 7104 7167 7168
f 7104 7168 7105
f 7105 7168 7169
f 7105 7169 7106
f 7106 7169 7170
f 7106 7170 7107
f 7107 7170 7171
f 7107 7171 7108
f 7108 7171 7172
f 7108 7172 7109
f 7109 7172 7173
f 7109 7173 7110
f 7110 7173 7174
f 7110 7174 7111
f 7111 7174 7175
f 7111 7175 7112
f 7112 7175 7176
f 7112 7176 7113
f 7113 7176 7177
f 7113 7177 7114
f 7114 7177 7178
f 7114 7178 7115
f 7115 7178 7179
f 7115 7179 7116
f 7116 7179 7180
f 7116 7180 7117
f 7117 7180 7181
f 7117 7181 7118
f 7118 7181 7182
f 7118 7182 7119
f 7119 7182 7183
f 7119 7183 7120
f 7120 7183 7184
f 7120 7184 7121
f 7121 7184 7185
f 7121 7185 7122
f 7122 7185 7186
f 7122 7186 7123
f 7123 7186 7187
f 7123 7187 7124
f 7124 7187 7188
f 7124 7188 7125
f 7125 7188 7189
f 7125 7189 7126
f 7126 7189 7190
f 7126 7190 7127
f 7127 7190 7191
f 7127 7191 7128
f 7128 7191 7192
f 7128 7192 7129
f 7129 7192 7193
f 7129 7193 7130
f 7130 7193 7194
f 7130 7194 7131
f 7131 7194 7195
f 7131 7195 7132
f 7132 7195 7196
f 7132 7196 7133
f 7133 7196 7197
f 7133 7197 7134
f 7134 7197 7198
f 7134 7198 7135
f 7135 7198 7199
f 7135 7199 7136
f 7136 7199 7200
f 7136 7200 7137
f 7137 7200 7201
f 7137 7201 7138
f 7138 7201 7202
f 7138 7202 7139
f 7139 7202 7203
f 7139 7203 7140
f 7140 7203 7204
f 7140 7204 7141
f 7141 7204 7205
f 7141 7205 7142
f 7142 7205 7206
f 7142 7206 7143
f 7143 7206 7207
f 7143 7207 7144
f 7144 7207 7208
f 7144 7208 7145
f 7145 7208 7209
f 7145 7209 7146
f 7146 7209 7210
f 7146 7210 7147
f 7147 7210 7211
f 7147 7211 7148
f 7148 7211 7212
f 7148 7212 7149
f 7149 7212 7213
f 7149 7213 7150
f 7150 7213 7214
f 7150 7214 7151
f 7151 7214 7215
f 7151 7215 7152
f 7152 7215 7216
f 7152 7216 7153
f 7153 7216 7217
f 7153 7217 7154
f 7154 7217 7218
f 7154 7218 7155
f 7155 7218 7219
f 7155 7219 7156
f 7156 7219 7220
f 7156 7220 7157
f 7157 7220 7221
f 7157 7221 7158
f 7158 7221 7222
f 7158 7222 7159
f 7159 7222 7223
f 7159 7223 7160
f 7160 7223 7224
f 7160 7224 7161
f 7161 7224 7225
f 7161 7225 7162
f 7162 7225 7226
f 7162 7226 7163
f 7163 7226 7227
f 7163 7227 7164
f 7164 7227 7228
f 7164 7228 7165
f 7165 7228 7229
f 7165 7229 7166
f 7166 7229 7230
f 7166 7230 7167
f 7167 7230 7231
f 7167 7231 7168
f 7168 7231 7232
f 7168 7232 7169
f 7169 7232 7233
f 7169 7233 7170
f 7170 7233 7234
f 7170 7234 7171
f 7171 7234 7235
f 7171 7235 7172
f 7172 7235 7236
f 7172 7236 7173
f 7173 7236 7237
f 7173 7237 7174
f 7174 7237 7238
f 7174 7238 7175
f 7175 7238 7239
f 7175 7239 7176
f 7176 7239 7240
f 7176 7240 7177
f 7177 7240 7241
f 7177 7241 7178
f 7178 7241 7242
f 7178 7242 7179
f 7179 7242 7243
f 7179 7243 7180
f 7180 7243 7244
f 7180 7244 7181
f 7181 7244 7245
f 7181 7245 7182
f 7182 7245 7246
f 7182 7246 7183
f 7183 7246 7247
f 7183 7247 7184
f 7184 7247 7248
f 7184 7248 7185
f 7185 7248 7249
f 7185 7249 7186
f 7186 7249 7250
f 7186 7250 7187
f 7187 7250 7251
f 7187 7251 7188
f 7188 7251 7252
f 7188 7252 7189
f 7189 7252 7253
f 7189 7253 7190
f 7190 7253 7254
f 7190 7254 7191
f 7191 7254 7255
f 7191 7255 7192
f 7192 7255 7256
f 7192 7256 7193
f 7193 7256 7257
f 7193 7257 7194
f 7194 7257 7258
f 7194 7258 7195
f 7195 7258 7259
f 7195 7259 7196
f 7196 7259 7260
f 7196 7260 7197
f 7197 7260 7261
f 7197 7261 7198
f 7198 7261 7262
f 7198 7262 7199
f 7199 7262 7263
f 7199 7263 7200
f 7200 7263 7264
f 7200 7264 7201
f 7201 7264 7265
f 7201 7265 7202
f 7202 7265 7266
f 7202 7266 7203
f 7203 7266 7267
f 7203 7267 7204
f 7204 7267 7268
f 7204 7268 7205
f 7205 7268 7269
f 7205 7269 7206
f 7206 7269 7270
f 7206 7270 7207
f 7207 7270 7271
f 7207 7271 7208
f 7208 7271 7272
f 7208 7272 7209
f 7209 7272 7273
f 7209 7273 7210
f 7210 7273 7274
f 7210 7274 7211
f 7211 7274 7275
f 7211 7275 7212
f 7212 7275 7276
f 7212 7276 7213
f 7213 7276 7277
f 7213 7277 7214
f 7214 7277 7278
f 7214 7278 7215
f 7215 7278 7279
f 7215 7279 7216
f 7216 7279 7280
f 7216 7280 7217
f 7217 7280 7281
f 7217 7281 7218
f 7218 7281 7282
f 7218 7282 7219
f 7219 7282 7283
f 7219 7283 7220
f 7220 7283 7284
f 7220 7284 7221
f 7221 7284 7285
f 7221 7285 7222
f 7222 7285 7286
f 7222 7286 7223
f 7223 7286 7287
f 7223 7287 7224
f 7224 7287 7288
f 7224 7288 7225
f 7225 7288 7289
f 7225 7289 7226
f 7226 7289 7290
f 7226 7290 7227
f 7227 7290 7291
f 7227 7291 7228
f 7228 7291 7292
f 7228 7292 7229
f 7229 7292 7293
f 7229 7293 7230
f 7230 7293 7294
f 7230 7294 7231
f 7231 7294 7295
f 7231 7295 7232
f 7232 7295 7296
f 7232 7296 7233
f 7233 7296 7297
f 7233 7297 7234
f 7234 7297 7298
f 7234 7298 7235
f 7235 7298 7299
f 7235 7299 7236
f 7236 7299 7300
f 7236 7300 7237
f 7237 7300 7301
f 7237 7301 7238
f 7238 7301 7302
f 7238 7302 7239
f 7239 7302 7303
f 7239 7303 7240
f 7240 7303 7304
f 7240 7304 7241
f 7241 7304 7305
f 7241 7305 7242
f 7242 7305 7306
f 7242 7306 7243
f 7243 7306 7307
f 7243 7307 7244
f 7244 7307 7308
f 7244 7308 7245
f 7245 7308 7309
f 7245 7309 7246
f 7246 7309 7310
f 7246 7310 7247
f 7247 7310 7311
f 7247 7311 7248
f 7248 7311 7312
f 7248 7312 7249
f 7249 7312 7313
f 7249 7313 7250
f 7250 7313 7314
f 7250 7314 7251
f 7251 7314 7315
f 7251 7315 7252
f 7252 7315 7316
f 7252 7316 7253
f 7253 7316 7317
f 7253 7317 7254
f 7254 7317 7318
f 7254 7318 7255
f 7255 7318 7319
f 7255 7319 7256
f 7256 7319 7320
f 7256 7320 7257
f 7257 7320 7321
f 7257 7321 7258
f 7258 7321 7322
f 7258 7322 7259
f 7259 7322 7323
f 7259 7323 7260
f 7260 7323 7324
f 7260 7324 7261
f 7261 7324 7325
f 7261 7325 7262
f 7262 7325 7326
f 7262 7326 7263
f 7263 7326 7327
f 7263 7327 7264
f 7264 7327 7328
f 7264 7328 7265
f 7265 7328 7329
f 7265 7329 7266
f 7266 7329 7330
f 7266 7330 7267
f 7267 7330 7331
f 7267 7331 7268
f 7268 7331 7332
f 7268 7332 7269
f 7269 7332 7333
f 7269 7333 7270
f 7270 7333 7334
f 7270 7334 7271
f 7271 7334 7335
f 7271 7335 7272
f 7272 7335 7336
f 7272 7336 7273
f 7273 7336 7337
f 7273 7337 7274
f 7274 7337 7338
f 7274 7338 7275
f 7275 7338 7339
f 7275 7339 7276
f 7276 7339 7340
f 7276 7340 7277
f 7277 7340 7341
f 7277 7341 7278
f 7278 7341 7342
f 7278 7342 7279
f 7279 7342 7343
f 7279 7343 7280
f 7280 7343 7344
f 7280 7344 7281
f 7281 7344 7345
f 7281 7345 7282
f 7282 7345 7346
f 7282 7346 7283
f 7283 7346 7347
f 7283 7347 7284
f 7284 7347 7348
f 7284 7348 7285
f 7285 7348 7349
f 7285 7349 7286
f 7286 7349 7350
f 7286 7350 7287
f 7287 7350 7351
f 7287 7351 7288
f 7288 7351 7352
f 7288 7352 7289
f 7289 7352 7353
f 7289 7353 7290
f 7290 7353 7354
f 7290 7354 7291
f 7291 7354 7355
f 7291 7355 7292
f 7292 7355 7356
f 7292 7356 7293
f 7293 7356 7357
f 7293 7357 7294
f 7294 7357 7358
f 7294 7358 7295
f 7295 7358 7359
f 7295 7359 7296
f 7296 7359 7360
f 7296 7360 7297
f 7297 7360 7361
f 7297 7361 7298
f 7298 7361 7362
f 7298 7362 7299
f 7299 7362 7363
f 7299 7363 7300
f 7300 7363 7364
f 7300 7364 7301
f 7301 7364 7365
f 7301 7365 7302
f 7302 7365 7366
f 7302 7366 7303
f 7303 7366 7367
f 7303 7367 7304
f 7304 7367 7368
f 7304 7368 7305
f 7305 7368 7369
f 7305 7369 7306
f 7306 7369 7370
f 7306 7370 7307
f 7307 7370 7371
f 7307 7371 7308
f 7308 7371 7372
f 7308 7372 7309
f 7309 7372 7373
f 7309 7373 7310
f 7310 7373 7374
f 7310 7374 7311
f 7311 7374 7375
f 7311 7375 7312
f 7312 7375 7376
f 7312 7376 7313
f 7313 7376 7377
f 7313 7377 7314
f 7314 7377 7378
f 7314 7378 7315
f 7315 7378 7379
f 7315 7379 7316
f 7316 7379 7380
f 7316 7380 7317
f 7317 7380 7381
f 7317 7381 7318
f 7318 7381 7382
f 7318 7382 7319
f 7319 7382 7383
f 7319 7383 7320
f 7320 7383 7384
f 7320 7384 7321
f 7321 7384 7385
f 7321 7385 7322
f 7322 7385 7386
f 7322 7386 7323
f 7323 7386 7387
f 7323 7387 7324
f 7324 7387 7388
f 7324 7388 7325
f 7325 7388 7389
f 7325 7389 7326
f 7326 7389 7390
f 7326 7390 7327
f 7327 7390 7391
f 7327 7391 7328
f 7328 7391 7392
f 7328 7392 7329
f 7329 7392 7393
f 7329 7393 7330
f 7330 7393 7394
f 7330 7394 7331
f 7331 7394 7395
f 7331 7395 7332
f 7332 7395 7396
f 7332 7396 7333
f 7333 7396 7397
f 7333 7397 7334
f 7334 7397 7398
f 7334 7398 7335
f 7335 7398 7399
f 7335 7399 7336
f 7336 7399 7400
f 7336 7400 7337
f 7337 7400 7401
f 7337 7401 7338
f 7338 7401 7402
f 7338 7402 7339
f 7339 7402 7403
f 7339 7403 7340
f 7340 7403 7404
f 7340 7404 7341
f 7341 7404 7405
f 7341 7405 7342
f 7342 7405 7406
f 7342 7406 7343
f 7343 7406 7407
f 7343 7407 7344
f 7344 7407 7408
f 7344 7408 7345
f 7345 7408 7409
f 7345 7409 7346
f 7346 7409 7410
f 7346 7410 7347
f 7347 7410 7411
f 7347 7411 7348
f 7348 7411 7412
f 7348 7412 7349
f 7349 7412 7413
f 7349 7413 7350
f 7350 7413 7414
f 7350 7414 7351
f 7351 7414 7415
f 7351 7415 7352
f 7352 7415 7416
f 7352 7416 7353
f 7353 7416 7417
f 7353 7417 7354
f 7354 7417 7418
f 7354 7418 7355
f 7355 7418 7419
f 7355 7419 7356
f 7356 7419 7420
f 7356 7420 7357
f 7357 7420 7421
f 7357 7421 7358
f 7358 7421 7422
f 7358 7422 7359
f 7359 7422 7423
f 7359 7423 7360
f 7360 7423 7424
f 7360 7424 7361
f 7361 7424 7425
f 7361 7425 7362
f 7362 7425 7426
f 7362 7426 7363
f 7363 7426 7427
f 7363 7427 7364
f 7364 7427 7428
f 7364 7428 7365
f 7365 7428 7429
f 7365 7429 7366
f 7366 7429 7430
f 7366 7430 7367
f 7367 7430 7431
f 7367 7431 7368
f 7368 7431 7432
f 7368 7432 7369
f 7369 7432 7433
f 7369 7433 7370
f 7370 7433 7434
f 7370 7434 7371
f 7371 7434 7435
f 7371 7435 7372
f 7372 7435 7436
f 7372 7436 7373
f 7373 7436 7437
f 7373 7437 7374
f 7374 7437 7438
f 7374 7438 7375
f 7375 7438 7439
f 7375 7439 7376
f 7376 7439 7440
f 7376 7440 7377
f 7377 7440 7441
f 7377 7441 7378
f 7378 7441 7442
f 7378 7442 7379
f 7379 7442 7443
f 7379 7443 7380
f 7380 7443 7444
f 7380 7444 7381
f 7381 7444 7445
f 7381 7445 7382
f 7382 7445 7446
f 7382 7446 7383
f 7383 7446 7447
f 7383 7447 7384
f 7384 7447 7448
f 7384 7448 7385
f 7385 7448 7449
f 7385 7449 7386
f 7386 7449 7450
f 7386 7450 7387
f 7387 7450 7451
f 7387 7451 7388
f 7388 7451 7452
f 7388 7452 7389
f 7389 7452 7453
f 7389 7453 7390
f 7390 7453 7454
f 7390 7454 7391
f 7391 7454 7455
f 7391 7455 7392
f 7392 7455 7456
f 7392 7456 7393
f 7393 7456 7457
f 7393 7457 7394
f 7394 7457 7458
f 7394 7458 7395
f 7395 7458 7459
f 7395 7459 7396
f 7396 7459 7460
f 7396 7460 7397
f 7397 7460 7461
f 7397 7461 7398
f 7398 7461 7462
f 7398 7462 7399
f 7399 7462 7463
f 7399 7463 7400
f 7400 7463 7464
f 7400 7464 7401
f 7401 7464 7465
f 7401 7465 7402
f 7402 7465 7466
f 7402 7466 7403
f 7403 7466 7467
f 7403 7467 7404
f 7404 7467 7468
f 7404 7468 7405
f 7405 7468 7469
f 7405 7469 7406
f 7406 7469 7470
f 7406 7470 7407
f 7407 7470 7471
f 7407 7471 7408
f 7408 7471 7472
f 7408 7472 7409
f 7409 7472 7473
f 7409 7473 7410
f 7410 7473 7474
f 7410 7474 7411
f 7411 7474 7475
f 7411 7475 7412
f 7412 7475 7476
f 7412 7476 7413
f 7413 7476 7477
f 7413 7477 7414
f 7414 7477 7478
f 7414 7478 7415
f 7415 7478 7479
f 7415 7479 7416
f 7416 7479 7480
f 7416 7480 7417
f 7417 7480 7481
f 7417 7481 7418
f 7418 7481 7482
f 7418 7482 7419
f 7419 7482 7483
f 7419 7483 7420
f 7420 7483 7484
f 7420 7484 7421
f 7421 7484 7485
f 7421 7485 7422
f 7422 7485 7486
f 7422 7486 7423
f 7423 7486 7487
f 7423 7487 7424
f 7424 7487 7488
f 7424 7488 7425
f 7425 7488 7489
f 7425 7489 7426
f 7426 7489 7490
f 7426 7490 7427
f 7427 7490 7491
f 7427 7491 7428
f 7428 7491 7492
f 7428 7492 7429
f 7429 7492 7493
f 7429 7493 7430
f 7430 7493 7494
f 7430 7494 7431
f 7431 7494 7495
f 7431 7495 7432
f 7432 7495 7496
f 7432 7496 7433
f 7433 7496 7497
f 7433 7497 7434
f 7434 7497 7498
f 7434 7498 7435
f 7435 7498 7499
f 7435 7499 7436
f 7436 7499 7500
f 7436 7500 7437
f 7437 7500 7501
f 7437 7501 7438
f 7438 7501 7502
f 7438 7502 7439
f 7439 7502 7503
f 7439 7503 7440
f 7440 7503 7504
f 7440 7504 7441
f 7441 7504 7505
f 7441 7505 7442
f 7442 7505 7506
f 7442 7506 7443
f 7443 7506 7507
f 7443 7507 7444
f 7444 7507 7508
f 7444 7508 7445
f 7445 7508 7509
f 7445 7509 7446
f 7446 7509 7510
f 7446 7510 7447
f 7447 7510 7511
f 7447 7511 7448
f 7448 7511 7512
f 7448 7512 7449
f 7449 7512 7513
f 7449 7513 7450
f 7450 7513 7514
f 7450 7514 7451
f 7451 7514 7515
f 7451 7515 7452
f 7452 7515 7516
f 7452 7516 7453
f 7453 7516 7517
f 7453 7517 7454
f 7454 7517 7518
f 7454 7518 7455
f 7455 7518 7519
f 7455 7519 7456
f 7456 7519 7520
f 7456 7520 7457
f 7457 7520 7521
f 7457 7521 7458
f 7458 7521 7522
f 7458 7522 7459
f 7459 7522 7523
f 7459 7523 7460
f 7460 7523 7524
f 7460 7524 7461
f 7461 7524 7525
f 7461 7525 7462
f 7462 7525 7526
f 7462 7526 7463
f 7463 7526 7527
f 7463 7527 7464
f 7464 7527 7528
f 7464 7528 7465
f 7465 7528 7529
f 7465 7529 7466
f 7466 7529 7530
f 7466 7530 7467
f 7467 7530 7531
f 7467 7531 7468
f 7468 7531 7532
f 7468 7532 7469
f 7469 7532 7533
f 7469 7533 7470
f 7470 7533 7534
f 7470 7534 7471
f 7471 7534 7535
f 7471 7535 7472
f 7472 7535 7536
f 7472 7536 7473
f 7473 7536 7537
f 7473 7537 7474
f 7474 7537 7538
f 7474 7538 7475
f 7475 7538 7539
f 7475 7539 7476
f 7476 7539 7540
f 7476 7540 7477
f 7477 7540 7541
f 7477 7541 7478
f 7478 7541 7542
f 7478 7542 7479
f 7479 7542 7543
f 7479 7543 7480
f 7480 7543 7544
f 7480 7544 7481
f 7481 7544 7545
f 7481 7545 7482
f 7482 7545 7546
f 7482 7546 7483
f 7483 7546 7547
f 7483 7547 7484
f 7484 7547 7548
f 7484 7548 7485
f 7485 7548 7549
f 7485 7549 7486
f 7486 7549 7550
f 7486 7550 7487
f 7487 7550 7551
f 7487 7551 7488
f 7488 7551 7552
f 7488 7552 7489
f 7489 7552 7553
f 7489 7553 7490
f 7490 7553 7554
f 7490 7554 7491
f 7491 7554 7555
f 7491 7555 7492
f 7492 7555 7556
f 7492 7556 7493
f 7493 7556 7557
f 7493 7557 7494
f 7494 7557 7558
f 7494 7558 7495
f 7495 7558 7559
f 7495 7559 7496
f 7496 7559 7560
f 7496 7560 7497
f 7497 7560 7561
f 7497 7561 7498
f 7498 7561 7562
f 7498 7562 7499
f 7499 7562 7563
f 7499 7563 7500
f 7500 7563 7564
f 7500 7564 7501
f 7501 7564 7565
f 7501 7565 7502
f 7502 7565 7566
f 7502 7566 7503
f 7503 7566 7567
f 7503 7567 7504
f 7504 7567 7568
f 7504 7568 7505
f 7505 7568 7569
f 7505 7569 7506
f 7506 7569 7570
f 7506 7570 7507
f 7507 7570 7571
f 7507 7571 7508
f 7508 7571 7572
f 7508 7572 7509
f 7509 7572 7573
f 7509 7573 7510
f 7510 7573 7574
f 7510 7574 7511
f 7511 7574 7575
f 7511 7575 7512
f 7512 7575 7576
f 7512 7576 7513
f 7513 7576 7577
f 7513 7577 7514
f 7514 7577 7578
f 7514 7578 7515
f 7515 7578 7579
f 7515 7579 7516
f 7516 7579 7580
f 7516 7580 7517
f 7517 7580 7581
f 7517 7581 7518
f 7518 7581 7582
f 7518 7582 7519
f 7519 7582 7583
f 7519 7583 7520
f 7520 7583 7584
f 7520 7584 7521
f 7521 7584 7585
f 7521 7585 7522
f 7522 7585 7586
f 7522 7586 7523
f 7523 7586 7587
f 7523 7587 7524
f 7524 7587 7588
f 7524 7588 7525
f 7525 7588 7589
f 7525 7589 7526
f 7526 7589 7590
f 7526 7590 7527
f 7527 7590 7591
f 7527 7591 7528
f 7528 7591 7592
f 7528 7592 7529
f 7529 7592 7593
f 7529 7593 7530
f 7530 7593 7594
f 7530 7594 7531
f 7531 7594 7595
f 7531 7595 7532
f 7532 7595 7596
f 7532 7596 7533
f 7533 7596 7597
f 7533 7597 7534
f 7534 7597 7598
f 7534 7598 7535
f 7535 7598 7599
f 7535 7599 7536
f 7536 7599 7600
f 7536 7600 7537
f 7537 7600 7601
f 7537 7601 7538
f 7538 7601 7602
f 7538 7602 7539
f 7539 7602 7603
f 7539 7603 7540
f 7540 7603 7604
f 7540 7604 7541
f 7541 7604 7605
f 7541 7605 7542
f 7542 7605 7606
f 7542 7606 7543
f 7543 7606 7607
f 7543 7607 7544
f 7544 7607 7608
f 7544 7608 7545
f 7545 7608 7609
f 7545 7609 7546
f 7546 7609 7610
f 7546 7610 7547
f 7547 7610 7611
f 7547 7611 7548
f 7548 7611 7612
f 7548 7612 7549
f 7549 7612 7613
f 7549 7613 7550
f 7550 7613 7614
f 7550 7614 7551
f 7551 7614 7615
f 7551 7615 7552
f 7552 7615 7616
f 7552 7616 7553
f 7553 7616 7617
f 7553 7617 7554
f 7554 7617 7618
f 7554 7618 7555
f 7555 7618 7619
f 7555 7619 7556
f 7556 7619 7620
f 7556 7620 7557
f 7557 7620 7621
f 7557 7621 7558
f 7558 7621 7622
f 7558 7622 7559
f 7559 7622 7623
f 7559 7623 7560
f 7560 7623 7624
f 7560 7624 7561
f 7561 7624 7625
f 7561 7625 7562
f 7562 7625 7626
f 7562 7626 7563
f 7563 7626 7627
f 7563 7627 7564
f 7564 7627 7628
f 7564 7628 7565
f 7565 7628 7629
f 7565 7629 7566
f 7566 7629 7630
f 7566 7630 7567
f 7567 7630 7631
f 7567 7631 7568
f 7568 7631 7632
f 7568 7632 7569
f 7569 7632 7633
f 7569 7633 7570
f 7570 7633 7634
f 7570 7634 7571
f 7571 7634 7635
f 7571 7635 7572
f 7572 7635 7636
f 7572 7636 7573
f 7573 7636 7637
f 7573 7637 7574
f 7574 7637 7638
f 7574 7638 7575
f 7575 7638 7639
f 7575 7639 7576
f 7576 7639 7640
f 7576 7640 7577
f 7577 7640 7641
f 7577 7641 7578
f 7578 7641 7642
f 7578 7642 7579
f 7579 7642 7643
f 7579 7643 7580
f 7580 7643 7644
f 7580 7644 7581
f 7581 7644 7645
f 7581 7645 7582
f 7582 7645 7646
f 7582 7646 7583
f 7583 7646 7647
f 7583 7647 7584
f 7584 7647 7648
f 7584 7648 7585
f 7585 7648 7649
f 7585 7649 7586
f 7586 7649 7650
f 7586 7650 7587
f 7587 7650 7651
f 7587 7651 7588
f 7588 7651 7652
f 7588 7652 7589
f 7589 7652 7653
f 7589 7653 7590
f 7590 7653 7654
f 7590 7654 7591
f 7591 7654 7655
f 7591 7655 7592
f 7592 7655 7656
f 7592 7656 7593
f 7593 7656 7657
f 7593 7657 7594
f 7594 7657 7658
f 7594 7658 7595
f 7595 7658 7659
f 7595 7659 7596
f 7596 7659 7660
f 7596 7660 7597
f 7597 7660 7661
f 7597 7661 7598
f 7598 7661 7662
f 7598 7662 7599
f 7599 7662 7663
f 7599 7663 7600
f 7600 7663 7664
f 7600 7664 7601
f 7601 7664 7665
f 7601 7665 7602
f 7602 7665 7666
f 7602 7666 7603
f 7603 7666 7667
f 7603 7667 7604
f 7604 7667 7668
f 7604 7668 7605
f 7605 7668 7669
f 7605 7669 7606
f 7606 7669 7670
f 7606 7670 7607
f 7607 7670 7671
f 7607 7671 7608
f 7608 7671 7672
f 7608 7672 7609
f 7609 7672 7673
f 7609 7673 7610
f 7610 7673 7674
f 7610 7674 7611
f 7611 7674 7675
f 7611 7675 7612
f 7612 7675 7676
f 7612 7676 7613
f 7613 7676 7677
f 7613 7677 7614
f 7614 7677 7678
f 7614 7678 7615
f 7615 7678 7679
f 7615 7679 7616
f 7616 7679 7680
f 7616 7680 7617
f 7617 7680 7681
f 7617 7681 7618
f 7618 7681 7682
f 7618 7682 7619
f 7619 7682 7683
f 7619 7683 7620
f 7620 7683 7684
f 7620 7684 7621
f 7621 7684 7685
f 7621 7685 7622
f 7622 7685 7686
f 7622 7686 7623
f 7623 7686 7687
f 7623 7687 7624
f 7624 7687 7688
f 7624 7688 7625
f 7625 7688 7689
f 7625 7689 7626
f 7626 7689 7690
f 7626 7690 7627
f 7627 7690 7691
f 7627 7691 7628
f 7628 7691 7692
f 7628 7692 7629
f 7629 7692 7693
f 7629 7693 7630
f 7630 7693 7694
f 7630 7694 7631
f 7631 7694 7695
f 7631 7695 7632
f 7632 7695 7696
f 7632 7696 7633
f 7633 7696 7697
f 7633 7697 7634
f 7634 7697 7698
f 7634 7698 7635
f 7635 7698 7699
f 7635 7699 7636
f 7636 7699 7700
f 7636 7700 7637
f 7637 7700 7701
f 7637 7701 7638
f 7638 7701 7702
f 7638 7702 7639
f 7639 7702 7703
f 7639 7703 7640
f 7640 7703 7704
f 7640 7704 7641
f 7641 7704 7705
f 7641 7705 7642
f 7642 7705 7706
f 7642 7706 7643
f 7643 7706 7707
f 7643 7707 7644
f 7644 7707 7708
f 7644 7708 7645
f 7645 7708 7709
f 7645 7709 7646
f 7646 7709 7710
f 7646 7710 7647
f 7647 7710 7711
f 7647 7711 7648
f 7648 7711 7712
f 7648 7712 7649
f 7649 7712 7713
f 7649 7713 7650
f 7650 7713 7714
f 7650 7714 7651
f 7651 7714 7715
f 7651 7715 7652
f 7652 7715 7716
f 7652 7716 7653
f 7653 7716 7717
f 7653 7717 7654
f 7654 7717 7718
f 7654 7718 7655
f 7655 7718 7719
f 7655 7719 7656
f 7656 7719 7720
f 7656 7720 7657
f 7657 7720 7721
f 7657 7721 7658
f 7658 7721 7722
f 7658 7722 7659
f 7659 7722 7723
f 7659 7723 7660
f 7660 7723 7724
f 7660 7724 7661
f 7661 7724 7725
f 7661 7725 7662
f 7662 7725 7726
f 7662 7726 7663
f 7663 7726 7727
f 7663 7727 7664
f 7664 7727 7728
f 7664 7728 7665
f 7665 7728 7729
f 7665 7729 7666
f 7666 7729 7730
f 7666 7730 7667
f 7667 7730 7731
f 7667 7731 7668
f 7668 7731 7732
f 7668 7732 7669
f 7669 7732 7733
f 7669 7733 7670
f 7670 7733 7734
f 7670 7734 7671
f 7671 7734 7735
f 7671 7735 7672
f 7672 7735 7736
f 7672 7736 7673
f 7673 7736 7737
f 7673 7737 7674
f 7674 7737 7738
f 7674 7738 7675
f 7675 7738 7739
f 7675 7739 7676
f 7676 7739 7740
f 7676 7740 7677
f 7677 7740 7741
f 7677 7741 7678
f 7678 7741 7742
f 7678 7742 7679
f 7679 7742 7743
f 7679 7743 7680
f 7680 7743 7744
f 7680 7744 7681
f 7681 7744 7745
f 7681 7745 7682
f 7682 7745 7746
f 7682 7746 7683
f 7683 7746 7747
f 7683 7747 7684
f 7684 7747 7748
f 7684 7748 7685
f 7685 7748 7749
f 7685 7749 7686
f 7686 7749 7750
f 7686 7750 7687
f 7687 7750 7751
f 7687 7751 7688
f 7688 7751 7752
f 7688 7752 7689
f 7689 7752 7753
f 7689 7753 7690
f 7690 7753 7754
f 7690 7754 7691
f 7691 7754 7755
f 7691 7755 7692
f 7692 7755 7756
f 7692 7756 7693
f 7693 7756 7757
f 7693 7757 7694
f 7694 7757 7758
f 7694 7758 7695
f 7695 7758 7759
f 7695 7759 7696
f 7696 7759 7760
f 7696 7760 7697
f 7697 7760 7761
f 7697 7761 7698
f 7698 7761 7762
f 7698 7762 7699
f 7699 7762 7763
f 7699 7763 7700
f 7700 7763 7764
f 7700 7764 7701
f 7701 7764 7765
f 7701 7765 7702
f 7702 7765 7766
f 7702 7766 7703
f 7703 7766 7767
f 7703 7767 7704
f 7704 7767 7768
f 7704 7768 7705
f 7705 7768 7769
f 7705 7769 7706
f 7706 7769 7770
f 7706 7770 7707
f 7707 7770 7771
f 7707 7771 7708
f 7708 7771 7772
f 7708 7772 7709
f 7709 7772 7773
f 7709 7773 7710
f 7710 7773 7774
f 7710 7774 7711
f 7711 7774 7775
f 7711 7775 7712
f 7712 7775 7776
f 7712 7776 7713
f 7713 7776 7777
f 7713 7777 7714
f 7714 7777 7778
f 7714 7778 7715
f 7715 7778 7779
f 7715 7779 7716
f 7716 7779 7780
f 7716 7780 7717
f 7717 7780 7781
f 7717 7781 7718
f 7718 7781 7782
f 7718 7782 7719
f 7719 7782 7783
f 7719 7783 7720
f 7720 7783 7784
f 7720 7784 7721
f 7721 7784 7785
f 7721 7785 7722
f 7722 7785 7786
f 7722 7786 7723
f 7723 7786 7787
f 7723 7787 7724
f 7724 7787 7788
f 7724 7788 7725
f 7725 7788 7789
f 7725 7789 7726
f 7726 7789 7790
f 7726 7790 7727
f 7727 7790 7791
f 7727 7791 7728
f 7728 7791 7792
f 7728 7792 7729
f 7729 7792 7793
f 7729 7793 7730
f 7730 7793 7794
f 7730 7794 7731
f 7731 7794 7795
f 7731 7795 7732
f 7732 7795 7796
f 7732 7796 7733
f 7733 7796 7797
f 7733 7797 7734
f 7734 7797 7798
f 7734 7798 7735
f 7735 7798 7799
f 7735 7799 7736
f 7736 7799 7800
f 7736 7800 7737
f 7737 7800 7801
f 7737 7801 7738
f 7738 7801 7802
f 7738 7802 7739
f 7739 7802 7803
f 7739 7803 7740
f 7740 7803 7804
f 7740 7804 7741
f 7741 7804 7805
f 7741 7805 7742
f 7742 7805 7806
f 7742 7806 7743
f 7743 7806 7807
f 7743 7807 7744
f 7744 7807 7808
f 7744 7808 7745
f 7745 7808 7809
f 7745 7809 7746
f 7746 7809 7810
f 7746 7810 7747
f 7747 7810 7811
f 7747 7811 7748
f 7748 7811 7812
f 7748 7812 7749
f 7749 7812 7813
f 7749 7813 7750
f 7750 7813 7814
f 7750 7814 7751
f 7751 7814 7815
f 7751 7815 7752
f 7752 7815 7816
f 7752 7816 7753
f 7753 7816 7817
f 7753 7817 7754
f 7754 7817 7818
f 7754 7818 7755
f 7755 7818 7819
f 7755 7819 7756
f 7756 7819 7820
f 7756 7820 7757
f 7757 7820 7821
f 7757 7821 7758
f 7758 7821 7822
f 7758 7822 7759
f 7759 7822 7823
f 7759 7823 7760
f 7760 7823 7824
f 7760 7824 7761
f 7761 7824 7825
f 7761 7825 7762
f 7762 7825 7826
f 7762 7826 7763
f 7763 7826 7827
f 7763 7827 7764
f 7764 7827 7828
f 7764 7828 7765
f 7765 7828 7829
f 7765 7829 7766
f 7766 7829 7830
f 7766 7830 7767
f 7767 7830 7831
f 7767 7831 7768
f 7768 7831 7832
f 7768 7832 7769
f 7769 7832 7833
f 7769 7833 7770
f 7770 7833 7834
f 7770 7834 7771
f 7771 7834 7835
f 7771 7835 7772
f 7772 7835 7836
f 7772 7836 7773
f 7773 7836 7837
f 7773 7837 7774
f 7774 7837 7838
f 7774 7838 7775
f 7775 7838 7839
f 7775 7839 7776
f 7776 7839 7840
f 7776 7840 7777
f 7777 7840 7841
f 7777 7841 7778
f 7778 7841 7842
f 7778 7842 7779
f 7779 7842 7843
f 7779 7843 7780
f 7780 7843 7844
f 7780 7844 7781
f 7781 7844 7845
f 7781 7845 7782
f 7782 7845 7846
f 7782 7846 7783
f 7783 7846 7847
f 7783 7847 7784
f 7784 7847 7848
f 7784 7848 7785
f 7785 7848 7849
f 7785 7849 7786
f 7786 7849 7850
f 7786 7850 7787
f 7787 7850 7851
f 7787 7851 7788
f 7788 7851 7852
f 7788 7852 7789
f 7789 7852 7853
f 7789 7853 7790
f 7790 7853 7854
f 7790 7854 7791
f 7791 7854 7855
f 7791 7855 7792
f 7792 7855 7856
f 7792 7856 7793
f 7793 7856 7857
f 7793 7857 7794
f 7794 7857 7858
f 7794 7858 7795
f 7795 7858 7859
f 7795 7859 7796
f 7796 7859 7860
f 7796 7860 7797
f 7797 7860 7861
f 7797 7861 7798
f 7798 7861 7862
f 7798 7862 7799
f 7799 7862 7863
f 7799 7863 7800
f 7800 7863 7864
f 7800 7864 7801
f 7801 7864 7865
f 7801 7865 7802
f 7802 7865 7866
f 7802 7866 7803
f 7803 7866 7867
f 7803 7867 7804
f 7804 7867 7868
f 7804 7868 7805
f 7805 7868 7869
f 7805 7869 7806
f 7806 7869 7870
f 7806 7870 7807
f 7807 7870 7871
f 7807 7871 7808
f 7808 7871 7872
f 7808 7872 7809
f 7809 7872 7873
f 7809 7873 7810
f 7810 7873 7874
f 7810 7874 7811
f 7811 7874 7875
f 7811 7875 7812
f 7812 7875 7876
f 7812 7876 7813
f 7813 7876 7877
f 7813 7877 7814
f 7814 7877 7878
f 7814 7878 7815
f 7815 7878 7879
f 7815 7879 7816
f 7816 7879 7880
f 7816 7880 7817
f 7817 7880 7881
f 7817 7881 7818
f 7818 7881 7882
f 7818 7882 7819
f 7819 7882 7883
f 7819 7883 7820
f 7820 7883 7884
f 7820 7884 7821
f 7821 7884 7885
f 7821 7885 7822
f 7822 7885 7886
f 7822 7886 7823
f 7823 7886 7887
f 7823 7887 7824
f 7824 7887 7888
f 7824 7888 7825
f 7825 7888 7889
f 7825 7889 7826
f 7826 7889 7890
f 7826 7890 7827
f 7827 7890 7891
f 7827 7891 7828
f 7828 7891 7892
f 7828 7892 7829
f 7829 7892 7893
f 7829 7893 7830
f 7830 7893 7894
f 7830 7894 7831
f 7831 7894 7895
f 7831 7895 7832
f 7832 7895 7896
f 7832 7896 7833
f 7833 7896 7897
f 7833 7897 7834
f 7834 7897 7898
f 7834 7898 7835
f 7835 7898 7899
f 7835 7899 7836
f 7836 7899 7900
f 7836 7900 7837
f 7837 7900 7901
f 7837 7901 7838
f 7838 7901 7902
f 7838 7902 7839
f 7839 7902 7903
f 7839 7903 7840
f 7840 7903 7904
f 7840 7904 7841
f 7841 7904 7905
f 7841 7905 7842
f 7842 7905 7906
f 7842 7906 7843
f 7843 7906 7907
f 7843 7907 7844
f 7844 7907 7908
f 7844 7908 7845
f 7845 7908 7909
f 7845 7909 7846
f 7846 7909 7910
f 7846 7910 7847
f 7847 7910 7911
f 7847 7911 7848
f 7848 7911 7912
f 7848 7912 7849
f 7849 7912 7913
f 7849 7913 7850
f 7850 7913 7914
f 7850 7914 7851
f 7851 7914 7915
f 7851 7915 7852
f 7852 7915 7916
f 7852 7916 7853
f 7853 7916 7917
f 7853 7917 7854
f 7854 7917 7918
f 7854 7918 7855
f 7855 7918 7919
f 7855 7919 7856
f 7856 7919 7920
f 7856 7920 7857
f 7857 7920 7921
f 7857 7921 7858
f 7858 7921 7922
f 7858 7922 7859
f 7859 7922 7923
f 7859 7923 7860
f 7860 7923 7924
f 7860 7924 7861
f 7861 7924 7925
f 7861 7925 7862
f 7862 7925 7926
f 7862 7926 7863
f 7863 7926 7927
f 7863 7927 7864
f 7864 7927 7928
f 7864 7928 7865
f 7865 7928 7929
f 7865 7929 7866
f 7866 7929 7930
f 7866 7930 7867
f 7867 7930 7931
f 7867 7931 7868
f 7868 7931 7932
f 7868 7932 7869
f 7869 7932 7933
f 7869 7933 7870
f 7870 7933 7934
f 7870 7934 7871
f 7871 7934 7935
f 7871 7935 7872
f 7872 7935 7936
f 7872 7936 7873
f 7873 7936 7937
f 7873 7937 7874
f 7874 7937 7938
f 7874 7938 7875
f 7875 7938 7939
f 7875 7939 7876
f 7876 7939 7940
f 7876 7940 7877
f 7877 7940 7941
f 7877 7941 7878
f 7878 7941 7942
f 7878 7942 7879
f 7879 7942 7943
f 7879 7943 7880
f 7880 7943 7944
f 7880 7944 7881
f 7881 7944 7945
f 7881 7945 7882
f 7882 7945 7946
f 7882 7946 7883
f 7883 7946 7947
f 7883 7947 7884
f 7884 7947 7948
f 7884 7948 7885
f 7885 7948 7949
f 7885 7949 7886
f 7886 7949 7950
f 7886 7950 7887
f 7887 7950 7951
f 7887 7951 7888
f 7888 7951 7952
f 7888 7952 7889
f 7889 7952 7953
f 7889 7953 7890
f 7890 7953 7954
f 7890 7954 7891
f 7891 7954 7955
f 7891 7955 7892
f 7892 7955 7956
f 7892 7956 7893
f 7893 7956 7957
f 7893 7957 7894
f 7894 7957 7958
f 7894 7958 7895
f 7895 7958 7959
f 7895 7959 7896
f 7896 7959 7960
f 7896 7960 7897
f 7897 7960 7961
f 7897 7961 7898
f 7898 7961 7962
f 7898 7962 7899
f 7899 7962 7963
f 7899 7963 7900
f 7900 7963 7964
f 7900 7964 7901
f 7901 7964 7965
f 7901 7965 7902
f 7902 7965 7966
f 7902 7966 7903
f 7903 7966 7967
f 7903 7967 7904
f 7904 7967 7968
f 7904 7968 7905
f 7905 7968 7969
f 7905 7969 7906
f 7906 7969 7970
f 7906 7970 7907
f 7907 7970 7971
f 7907 7971 7908
f 7908 7971 7972
f 7908 7972 7909
f 7909 7972 7973
f 7909 7973 7910
f 7910 7973 7974
f 7910 7974 7911
f 7911 7974 7975
f 7911 7975 7912
f 7912 7975 7976
f 7912 7976 7913
f 7913 7976 7977
f 7913 7977 7914
f 7914 7977 7978
f 7914 7978 7915
f 7915 7978 7979
f 7915 7979 7916
f 7916 7979 7980
f 7916 7980 7917
f 7917 7980 7981
f 7917 7981 7918
f 7918 7981 7982
f 7918 7982 7919
f 7919 7982 7983
f 7919 7983 7920
f 7920 7983 7984
f 7920 7984 7921
f 7921 7984 7985
f 7921 7985 7922
f 7922 7985 7986
f 7922 7986 7923
f 7923 7986 7987
f 7923 7987 7924
f 7924 7987 7988
f 7924 7988 7925
f 7925 7988 7989
f 7925 7989 7926
f 7926 7989 7990
f 7926 7990 7927
f 7927 7990 7991
f 7927 7991 7928
f 7928 7991 7992
f 7928 7992 7929
f 7929 7992 7993
f 7929 7993 7930
f 7930 7993 7994
f 7930 7994 7931
f 7931 7994 7995
f 7931 7995 7932
f 7932 7995 7996
f 7932 7996 7933
f 7933 7996 7997
f 7933 7997 7934
f 7934 7997 7998
f 7934 7998 7935
f 7935 7998 7999
f 7935 7999 7936
f 7936 7999 8000
f 7936 8000 7937
f 7937 8000 8001
f 7937 8001 7938
f 7938 8001 8002
f 7938 8002 7939
f 7939 8002 8003
f 7939 8003 7940
f 7940 8003 8004
f 7940 8004 7941
f 7941 8004 8005
f 7941 8005 7942
f 7942 8005 8006
f 7942 8006 7943
f 7943 8006 8007
f 7943 8007 7944
f 7944 8007 8008
f 7944 8008 7945
f 7945 8008 8009
f 7945 8009 7946
f 7946 8009 8010
f 7946 8010 7947
f 7947 8010 8011
f 7947 8011 7948
f 7948 8011 8012
f 7948 8012 7949
f 7949 8012 8013
f 7949 8013 7950
f 7950 8013 8014
f 7950 8014 7951
f 7951 8014 8015
f 7951 8015 7952
f 7952 8015 8016
f 7952 8016 7953
f 7953 8016 8017
f 7953 8017 7954
f 7954 8017 8018
f 7954 8018 7955
f 7955 8018 8019
f 7955 8019 7956
f 7956 8019 8020
f 7956 8020 7957
f 7957 8020 8021
f 7957 8021 7958
f 7958 8021 8022
f 7958 8022 7959
f 7959 8022 8023
f 7959 8023 7960
f 7960 8023 8024
f 7960 8024 7961
f 7961 8024 8025
f 7961 8025 7962
f 7962 8025 8026
f 7962 8026 7963
f 7963 8026 8027
f 7963 8027 7964
f 7964 8027 8028
f 7964 8028 7965
f 7965 8028 8029
f 7965 8029 7966
f 7966 8029 8030
f 7966 8030 7967
f 7967 8030 8031
f 7967 8031 7968
f 7968 8031 8032
f 7968 8032 7969
f 7969 8032 8033
f 7969 8033 7970
f 7970 8033 8034
f 7970 8034 7971
f 7971 8034 8035
f 7971 8035 7972
f 7972 8035 8036
f 7972 8036 7973
f 7973 8036 8037
f 7973 8037 7974
f 7974 8037 8038
f 7974 8038 7975
f 7975 8038 8039
f 7975 8039 7976
f 7976 8039 8040
f 7976 8040 7977
f 7977 8040 8041
f 7977 8041 7978
f 7978 8041 8042
f 7978 8042 7979
f 7979 8042 8043
f 7979 8043 7980
f 7980 8043 8044
f 7980 8044 7981
f 7981 8044 8045
f 7981 8045 7982
f 7982 8045 8046
f 7982 8046 7983
f 7983 8046 8047
f 7983 8047 7984
f 7984 8047 8048
f 7984 8048 7985
f 7985 8048 8049
f 7985 8049 7986
f 7986 8049 8050
f 7986 8050 7987
f 7987 8050 8051
f 7987 8051 7988
f 7988 8051 8052
f 7988 8052 7989
f 7989 8052 8053
f 7989 8053 7990
f 7990 8053 8054
f 7990 8054 7991
f 7991 8054 8055
f 7991 8055 7992
f 7992 8055 8056
f 7992 8056 7993
f 7993 8056 8057
f 7993 8057 7994
f 7994 8057 8058
f 7994 8058 7995
f 7995 8058 8059
f 7995 8059 7996
f 7996 8059 8060
f 7996 8060 7997
f 7997 8060 8061
f 7997 8061 7998
f 7998 8061 8062
f 7998 8062 7999
f 7999 8062 8063
f 7999 8063 8000
f 8000 8063 8064
f 8000 8064 8001
f 8001 8064 8065
f 8001 8065 8002
f 8002 8065 8066
f 8002 8066 8003
f 8003 8066 8067
f 8003 8067 8004
f 8004 8067 8068
f 8004 8068 8005
f 8005 8068 8069
f 8005 8069 8006
f 8006 8069 8070
f 8006 8070 8007
f 8007 8070 8071
f 8007 8071 8008
f 8008 8071 8072
f 8008 8072 8009
f 8009 8072 8073
f 8009 8073 8010
f 8010 8073 8074
f 8010 8074 8011
f 8011 8074 8075
f 8011 8075 8012
f 8012 8075 8076
f 8012 8076 8013
f 8013 8076 8077
f 8013 8077 8014
f 8014 8077 8078
f 8014 8078 8015
f 8015 8078 8079
f 8015 8079 8016
f 8016 8079 8080
f 8016 8080 8017
f 8017 8080 8081
f 8017 8081 8018
f 8018 8081 8082
f 8018 8082 8019
f 8019 8082 8083
f 8019 8083 8020
f 8020 8083 8084
f 8020 8084 8021
f 8021 8084 8085
f 8021 8085 8022
f 8022 8085 8086
f 8022 8086 8023
f 8023 8086 8087
f 8023 8087 8024
f 8024 8087 8088
f 8024 8088 8025
f 8025 8088 8089
f 8025 8089 8026
f 8026 8089 8090
f 8026 8090 8027
f 8027 8090 8091
f 8027 8091 8028
f 8028 8091 8092
f 8028 8092 8029
f 8029 8092 8093
f 8029 8093 8030
f 8030 8093 8094
f 8030 8094 8031
f 8031 8094 8095
f 8031 8095 8032
f 8032 8095 8096
f 8032 8096 8033
f 8033 8096 8097
f 8033 8097 8034
f 8034 8097 8098
f 8034 8098 8035
f 8035 8098 8099
f 8035 8099 8036
f 8036 8099 8100
f 8036 8100 8037
f 8037 8100 8101
f 8037 8101 8038
f 8038 8101 8102
f 8038 8102 8039
f 8039 8102 8103
f 8039 8103 8040
f 8040 8103 8104
f 8040 8104 8041
f 8041 8104 8105
f 8041 8105 8042
f 8042 8105 8106
f 8042 8106 8043
f 8043 8106 8107
f 8043 8107 8044
f 8044 8107 8108
f 8044 8108 8045
f 8045 8108 8109
f 8045 8109 8046
f 8046 8109 8110
f 8046 8110 8047
f 8047 8110 8111
f 8047 8111 8048
f 8048 8111 8112
f 8048 8112 8049
f 8049 8112 8113
f 8049 8113 8050
f 8050 8113 8114
f 8050 8114 8051
f 8051 8114 8115
f 8051 8115 8052
f 8052 8115 8116
f 8052 8116 8053
f 8053 8116 8117
f 8053 8117 8054
f 8054 8117 8118
f 8054 8118 8055
f 8055 8118 8119
f 8055 8119 8056
f 8056 8119 8120
f 8056 8120 8057
f 8057 8120 8121
f 8057 8121 8058
f 8058 8121 8122
f 8058 8122 8059
f 8059 8122 8123
f 8059 8123 8060
f 8060 8123 8124
f 8060 8124 8061
f 8061 8124 8125
f 8061 8125 8062
f 8062 8125 8126
f 8062 8126 8063
f 8063 8126 8127
f 8063 8127 8064
f 8064 8127 8128
f 8064 8128 8065
f 8065 8128 8129
f 8065 8129 8066
f 8066 8129 8130
f 8066 8130 8067
f 8067 8130 8131
f 8067 8131 8068
f 8068 8131 8132
f 8068 8132 8069
f 8069 8132 8133
f 8069 8133 8070
f 8070 8133 8134
f 8070 8134 8071
f 8071 8134 8135
f 8071 8135 8072
f 8072 8135 8136
f 8072 8136 8073
f 8073 8136 8137
f 8073 8137 8074
f 8074 8137 8138
f 8074 8138 8075
f 8075 8138 8139
f 8075 8139 8076
f 8076 8139 8140
f 8076 8140 8077
f 8077 8140 8141
f 8077 8141 8078
f 8078 8141 8142
f 8078 8142 8079
f 8079 8142 8143
f 8079 8143 8080
f 8080 8143 8144
f 8080 8144 8081
f 8081 8144 8145
f 8081 8145 8082
f 8082 8145 8146
f 8082 8146 8083
f 8083 8146 8147
f 8083 8147 8084
f 8084 8147 8148
f 8084 8148 8085
f 8085 8148 8149
f 8085 8149 8086
f 8086 8149 8150
f 8086 8150 8087
f 8087 8150 8151
f 8087 8151 8088
f 8088 8151 8152
f 8088 8152 8089
f 8089 8152 8153
f 8089 8153 8090
f 8090 8153 8154
f 8090 8154 8091
f 8091 8154 8155
f 8091 8155 8092
f 8092 8155 8156
f 8092 8156 8093
f 8093 8156 8157
f 8093 8157 8094
f 8094 8157 8158
f 8094 8158 8095
f 8095 8158 8159
f 8095 8159 8096
f 8096 8159 8160
f 8096 8160 8097
f 8097 8160 8161
f 8097 8161 8098
f 8098 8161 8162
f 8098 8162 8099
f 8099 8162 8163
f 8099 8163 8100
f 8100 8163 8164
f 8100 8164 8101
f 8101 8164 8165
f 8101 8165 8102
f 8102 8165 8166
f 8102 8166 8103
f 8103 8166 8167
f 8103 8167 8104
f 8104 8167 8168
f 8104 8168 8105
f 8105 8168 8169
f 8105 8169 8106
f 8106 8169 8170
f 8106 8170 8107
f 8107 8170 8171
f 8107 8171 8108
f 8108 8171 8172
f 8108 8172 8109
f 8109 8172 8173
f 8109 8173 8110
f 8110 8173 8174
f 8110 8174 8111
f 8111 8174 8175
f 8111 8175 8112
f 8112 8175 8176
f 8112 8176 8113
f 8113 8176 8177
f 8113 8177 8114
f 8114 8177 8178
f 8114 8178 8115
f 8115 8178 8179
f 8115 8179 8116
f 8116 8179 8180
f 8116 8180 8117
f 8117 8180 8181
f 8117 8181 8118
f 8118 8181 8182
f 8118 8182 8119
f 8119 8182 8183
f 8119 8183 8120
f 8120 8183 8184
f 8120 8184 8121
f 8121 8184 8185
f 8121 8185 8122
f 8122 8185 8186
f 8122 8186 8123
f 8123 8186 8187
f 8123 8187 8124
f 8124 8187 8188
f 8124 8188 8125
f 8125 8188 8189
f 8125 8189 8126
f 8126 8189 8190
f 8126 8190 8127
f 8127 8190 8191
f 8127 8191 8128
f 8128 8191 8192
f 8128 8192 8129
f 8129 8192 4097
f 8129 4097 8130
f 8130 4097 4098
f 8130 4098 8131
f 8131 4098 4099
f 8131 4099 8132
f 8132 4099 4100
f 8132 4100 8133
f 8133 4100 4101
f 8133 4101 8134
f 8134 4101 4102
f 8134 4102 8135
f 8135 4102 4103
f 8135 4103 8136
f 8136 4103 4104
f 8136 4104 8137
f 8137 4104 4105
f 8137 4105 8138
f 8138 4105 4106
f 8138 4106 8139
f 8139 4106 4107
f 8139 4107 8140
f 8140 4107 4108
f 8140 4108 8141
f 8141 4108 4109
f 8141 4109 8142
f 8142 4109 4110
f 8142 4110 8143
f 8143 4110 4111
f 8143 4111 8144
f 8144 4111 4112
f 8144 4112 8145
f 8145 4112 4113
f 8145 4113 8146
f 8146 4113 4114
f 8146 4114 8147
f 8147 4114 4115
f 8147 4115 8148
f 8148 4115 4116
f 8148 4116 8149
f 8149 4116 4117
f 8149 4117 8150
f 8150 4117 4118
f 8150 4118 8151
f 8151 4118 4119
f 8151 4119 8152
f 8152 4119 4120
f 8152 4120 8153
f 8153 4120 4121
f 8153 4121 8154
f 8154 4121 4122
f 8154 4122 8155
f 8155 4122 4123
f 8155 4123 8156
f 8156 4123 4124
f 8156 4124 8157
f 8157 4124 4125
f 8157 4125 8158
f 8158 4125 4126
f 8158 4126 8159
f 8159 4126 4127
f 8159 4127 8160
f 8160 4127 4128
f 8160 4128 8161
f 8161 4128 4129
f 8161 4129 8162
f 8162 4129 4130
f 8162 4130 8163
f 8163 4130 4131
f 8163 4131 8164
f 8164 4131 4132
f 8164 4132 8165
f 8165 4132 4133
f 8165 4133 8166
f 8166 4133 4134
f 8166 4134 8167
f 8167 4134 4135
f 8167 4135 8168
f 8168 4135 4136
f 8168 4136 8169
f 8169 4136 4137
f 8169 4137 8170
f 8170 4137 4138
f 8170 4138 8171
f 8171 4138 4139
f 8171 4139 8172
f 8172 4139 4140
f 8172 4140 8173
f 8173 4140 4141
f 8173 4141 8174
f 8174 4141 4142
f 8174 4142 8175
f 8175 4142 4143
f 8175 4143 8176
f 8176 4143 4144
f 8176 4144 8177
f 8177 4144 4145
f 8177 4145 8178
f 8178 4145 4146
f 8178 4146 8179
f 8179 4146 4147
f 8179 4147 8180
f 8180 4147 4148
f 8180 4148 8181
f 8181 4148 4149
f 8181 4149 8182
f 8182 4149 4150
f 8182 4150 8183
f 8183 4150 4151
f 8183 4151 8184
f 8184 4151 4152
f 8184 4152 8185
f 8185 4152 4153
f 8185 4153 8186
f 8186 4153 4154
f 8186 4154 8187
f 8187 4154 4155
f 8187 4155 8188
f 8188 4155 4156
f 8188 4156 8189
f 8189 4156 4157
f 8189 4157 8190
f 8190 4157 4158
f 8190 4158 8191
f 8191 4158 4159
f 8191 4159 8192
f 8192 4159 4160
f 8192 4160 4097
f 4097 4160 4161
f 8194 8193 8197
f 8194 8197 8195
f 8195 8197 8198
f 8195 8198 8196
f 8197 8193 8199
f 8197 8199 8198
f 8198 8199 8200
f 8198 8200 8196
f 8199 8193 8201
f 8199 8201 8200
f 8200 8201 8202
f 8200 8202 8196
f 8201 8193 8203
f 8201 8203 8202
f 8202 8203 8204
f 8202 8204 8196
f 8203 8193 8205
f 8203 8205 8204
f 8204 8205 8206
f 8204 8206 8196
f 8205 8193 8207
f 8205 8207 8206
f 8206 8207 8208
f 8206 8208 8196
f 8207 8193 8209
f 8207 8209 8208
f 8208 8209 8210
f 8208 8210 8196
f 8209 8193 8211
f 8209 8211 8210
f 8210 8211 8212
f 8210 8212 8196
f 8211 8193 8213
f 8211 8213 8212
f 8212 8213 8214
f 8212 8214 8196
f 8213 8193 8215
f 8213 8215 8214
f 8214 8215 8216
f 8214 8216 8196
f 8215 8193 8217
f 8215 8217 8216
f 8216 8217 8218
f 8216 8218 8196
f 8217 8193 8219
f 8217 8219 8218
f 8218 8219 8220
f 8218 8220 8196
f 8219 8193 8221
f 8219 8221 8220
f 8220 8221 8222
f 8220 8222 8196
f 8221 8193 8223
f 8221 8223 8222
f 8222 8223 8224
f 8222 8224 8196
f 8223 8193 8225
f 8223 8225 8224
f 8224 8225 8226
f 8224 8226 8196
f 8225 8193 8227
f 8225 8227 8226
f 8226 8227 8228
f 8226 8228 8196
f 8227 8193 8229
f 8227 8229 8228
f 8228 8229 8230
f 8228 8230 8196
f 8229 8193 8231
f 8229 8231 8230
f 8230 8231 8232
f 8230 8232 8196
f 8231 8193 8233
f 8231 8233 8232
f 8232 8233 8234
f 8232 8234 8196
f 8233 8193 8235
f 8233 8235 8234
f 8234 8235 8236
f 8234 8236 8196
f 8235 8193 8237
f 8235 8237 8236
f 8236 8237 8238
f 8236 8238 8196
f 8237 8193 8239
f 8237 8239 8238
f 8238 8239 8240
f 8238 8240 8196
f 8239 8193 8241
f 8239 8241 8240
f 8240 8241 8242
f 8240 8242 8196
f 8241 8193 8243
f 8241 8243 8242
f 8242 8243 8244
f 8242 8244 8196
f 8243 8193 8245
f 8243 8245 8244
f 8244 8245 8246
f 8244 8246 8196
f 8245 8193 8247
f 8245 8247 8246
f 8246 8247 8248
f 8246 8248 8196
f 8247 8193 8249
f 8247 8249 8248
f 8248 8249 8250
f 8248 8250 8196
f 8249 8193 8251
f 8249 8251 8250
f 8250 8251 8252
f 8250 8252 8196
f 8251 8193 8253
f 8251 8253 8252
f 8252 8253 8254
f 8252 8254 8196
f 8253 8193 8255
f 8253 8255 8254
f 8254 8255 8256
f 8254 8256 8196
f 8255 8193 8257
f 8255 8257 8256
f 8256 8257 8258
f 8256 8258 8196
f 8257 8193 8194
f 8257 8194 8258
f 8258 8194 8195
f 8258 8195 8196
f 8260 8259 8263
f 8260 8263 8261
f 8261 8263 8264
f 8261 8264 8262
f 8263 8259 8265
f 8263 8265 8264
f 8264 8265 8266
f 8264 8266 8262
f 8265 8259 8267
f 8265 8267 8266
f 8266 8267 8268
f 8266 8268 8262
f 8267 8259 8269
f 8267 8269 8268
f 8268 8269 8270
f 8268 8270 8262
f 8269 8259 8271
f 8269 8271 8270
f 8270 8271 8272
f 8270 8272 8262
f 8271 8259 8273
f 8271 8273 8272
f 8272 8273 8274
f 8272 8274 8262
f 8273 8259 8275
f 8273 8275 8274
f 8274 8275 8276
f 8274 8276 8262
f 8275 8259 8277
f 8275 8277 8276
f 8276 8277 8278
f 8276 8278 8262
f 8277 8259 8279
f 8277 8279 8278
f 8278 8279 8280
f 8278 8280 8262
f 8279 8259 8281
f 8279 8281 8280
f 8280 8281 8282
f 8280 8282 8262
f 8281 8259 8283
f 8281 8283 8282
f 8282 8283 8284
f 8282 8284 8262
f 8283 8259 8285
f 8283 8285 8284
f 8284 8285 8286
f 8284 8286 8262
f 8285 8259 8287
f 8285 8287 8286
f 8286 8287 8288
f 8286 8288 8262
f 8287 8259 8289
f 8287 8289 8288
f 8288 8289 8290
f 8288 8290 8262
f 8289 8259 8291
f 8289 8291 8290
f 8290 8291 8292
f 8290 8292 8262
f 8291 8259 8293
f 8291 8293 8292
f 8292 8293 8294
f 8292 8294 8262
f 8293 8259 8295
f 8293 8295 8294
f 8294 8295 8296
f 8294 8296 8262
f 8295 8259 8297
f 8295 8297 8296
f 8296 8297 8298
f 8296 8298 8262
f 8297 8259 8299
f 8297 8299 8298
f 8298 8299 8300
f 8298 8300 8262
f 8299 8259 8301
f 8299 8301 8300
f 8300 8301 8302
f 8300 8302 8262
f 8301 8259 8303
f 8301 8303 8302
f 8302 8303 8304
f 8302 8304 8262
f 8303 8259 8305
f 8303 8305 8304
f 8304 8305 8306
f 8304 8306 8262
f 8305 8259 8307
f 8305 8307 8306
f 8306 8307 8308
f 8306 8308 8262
f 8307 8259 8309
f 8307 8309 8308
f 8308 8309 8310
f 8308 8310 8262
f 8309 8259 8311
f 8309 8311 8310
f 8310 8311 8312
f 8310 8312 8262
f 8311 8259 8313
f 8311 8313 8312
f 8312 8313 8314
f 8312 8314 8262
f 8313 8259 8315
f 8313 8315 8314
f 8314 8315 8316
f 8314 8316 8262
f 8315 8259 8317
f 8315 8317 8316
f 8316 8317 8318
f 8316 8318 8262
f 8317 8259 8319
f 8317 8319 8318
f 8318 8319 8320
f 8318 8320 8262
f 8319 8259 8321
f 8319 8321 8320
f 8320 8321 8322
f 8320 8322 8262
f 8321 8259 8323
f 8321 8323 8322
f 8322 8323 8324
f 8322 8324 8262
f 8323 8259 8260
f 8323 8260 8324
f 8324 8260 8261
f 8324 8261 8262
f 8326 8325 8329
f 8326 8329 8327
f 8327 8329 8330
f 8327 8330 8328
f 8329 8325 8331
f 8329 8331 8330
f 8330 8331 8332
f 8330 8332 8328
f 8331 8325 8333
f 8331 8333 8332
f 8332 8333 8334
f 8332 8334 8328
f 8333 8325 8335
f 8333 8335 8334
f 8334 8335 8336
f 8334 8336 8328
f 8335 8325 8337
f 8335 8337 8336
f 8336 8337 8338
f 8336 8338 8328
f 8337 8325 8339
f 8337 8339 8338
f 8338 8339 8340
f 8338 8340 8328
f 8339 8325 8341
f 8339 8341 8340
f 8340 8341 8342
f 8340 8342 8328
f 8341 8325 8343
f 8341 8343 8342
f 8342 8343 8344
f 8342 8344 8328
f 8343 8325 8345
f 8343 8345 8344
f 8344 8345 8346
f 8344 8346 8328
f 8345 8325 8347
f 8345 8347 8346
f 8346 8347 8348
f 8346 8348 8328
f 8347 8325 8349
f 8347 8349 8348
f 8348 8349 8350
f 8348 8350 8328
f 8349 8325 8351
f 8349 8351 8350
f 8350 8351 8352
f 8350 8352 8328
f 8351 8325 8353
f 8351 8353 8352
f 8352 8353 8354
f 8352 8354 8328
f 8353 8325 8355
f 8353 8355 8354
f 8354 8355 8356
f 8354 8356 8328
f 8355 8325 8357
f 8355 8357 8356
f 8356 8357 8358
f 8356 8358 8328
f 8357 8325 8359
f 8357 8359 8358
f 8358 8359 8360
f 8358 8360 8328
f 8359 8325 8361
f 8359 8361 8360
f 8360 8361 8362
f 8360 8362 8328
f 8361 8325 8363
f 8361 8363 8362
f 8362 8363 8364
f 8362 8364 8328
f 8363 8325 8365
f 8363 8365 8364
f 8364 8365 8366
f 8364 8366 8328
f 8365 8325 8367
f 8365 8367 8366
f 8366 8367 8368
f 8366 8368 8328
f 8367 8325 8369
f 8367 8369 8368
f 8368 8369 8370
f 8368 8370 8328
f 8369 8325 8371
f 8369 8371 8370
f 8370 8371 8372
f 8370 8372 8328
f 8371 8325 8373
f 8371 8373 8372
f 8372 8373 8374
f 8372 8374 8328
f 8373 8325 8375
f 8373 8375 8374
f 8374 8375 8376
f 8374 8376 8328
f 8375 8325 8377
f 8375 8377 8376
f 8376 8377 8378
f 8376 8378 8328
f 8377 8325 8379
f 8377 8379 8378
f 8378 8379 8380
f 8378 8380 8328
f 8379 8325 8381
f 8379 8381 8380
f 8380 8381 8382
f 8380 8382 8328
f 8381 8325 8383
f 8381 8383 8382
f 8382 8383 8384
f 8382 8384 8328
f 8383 8325 8385
f 8383 8385 8384
f 8384 8385 8386
f 8384 8386 8328
f 8385 8325 8387
f 8385 8387 8386
f 8386 8387 8388
f 8386 8388 8328
f 8387 8325 8389
f 8387 8389 8388
f 8388 8389 8390
f 8388 8390 8328
f 8389 8325 8326
f 8389 8326 8390
f 8390 8326 8327
f 8390 8327 8328

