# https://github.com/mikedh/trimesh
v 0.12389128 -0.00001928 0.13851885
v 0.12387727 -0.00001928 0.13467504
v 0.12386325 0.00134342 0.13467504
v 0.12387727 0.00132952 0.13851885
v 0.12387727 0.00130171 0.14236264
v 0.12386325 -0.00001928 0.14631733
v 0.12384925 -0.00001928 0.13075732
v 0.12383523 0.00137124 0.13075732
v 0.12369511 0.00543153 0.13463809
v 0.12370912 0.00543153 0.13851885
v 0.12351295 0.00949184 0.14236264
v 0.12366708 0.00544544 0.14628036
v 0.12384925 0.00128780 0.14631733
v 0.12382123 0.00127390 0.15019808
v 0.12382123 -0.00001928 0.15023505
v 0.12380721 -0.00001928 0.12683960
v 0.12379319 0.00137124 0.12680265
v 0.12366708 0.00545935 0.13075732
v 0.12362506 0.00547325 0.12680265
v 0.12351295 0.00949184 0.13463809
v 0.12314863 0.01324622 0.14236264
v 0.12348493 0.00946403 0.14628036
v 0.12314863 0.01328794 0.13851885
v 0.12362506 0.00543153 0.15019808
v 0.12356900 0.00543153 0.15407884
v 0.12376517 0.00125999 0.15411581
v 0.12379319 -0.00001928 0.15252654
v 0.12375116 -0.00001928 0.12314365
v 0.12375116 0.00114875 0.12314365
v 0.12341487 0.00950574 0.12314365
v 0.12348493 0.00950574 0.13075732
v 0.12345691 0.00950574 0.12680265
v 0.12312061 0.01331575 0.13075732
v 0.12313463 0.01331575 0.13463809
v 0.12265822 0.01705623 0.14232569
v 0.12261618 0.01707014 0.14628036
v 0.12257414 0.01705623 0.15019808
v 0.12306457 0.01317670 0.15019808
v 0.12268624 0.01705623 0.13848188
v 0.12337283 0.00945012 0.15407884
v 0.12267223 0.01711185 0.13079428
v 0.12268624 0.01707014 0.13463809
v 0.12330278 0.00945012 0.15795960
v 0.12368110 0.00125999 0.15799656
v 0.12369511 -0.00001928 0.15799656
v 0.12373715 -0.00001928 0.15570507
v 0.11544197 -0.00001928 0.12314365
v 0.12305055 0.01324622 0.12314365
v 0.12309259 0.01330184 0.12680265
v 0.12211174 0.02068547 0.14624340
v 0.12199965 0.02067157 0.15404189
v 0.12251810 0.01704233 0.15407884
v 0.12300852 0.01316279 0.15407884
v 0.12216779 0.02065766 0.13463809
v 0.12216779 0.02064376 0.13844492
v 0.12213977 0.02067157 0.14232569
v 0.12263018 0.01715356 0.12683960
v 0.12212575 0.02072719 0.12683960
v 0.12215378 0.02068547 0.13075732
v 0.12293846 0.01314889 0.15795960
v 0.12320469 0.00945012 0.16187732
v 0.12358302 0.00124609 0.16191429
v 0.12359702 -0.00001928 0.16191429
v 0.11503561 -0.00000537 0.12314365
v 0.07036496 -0.00001928 0.49606620
v 0.12300852 0.01360776 0.12314365
v 0.12146718 0.02405051 0.14624340
v 0.12138311 0.02385584 0.15404189
v 0.12192958 0.02065766 0.15792265
v 0.12142515 0.02395318 0.15016112
v 0.12244803 0.01702842 0.15795960
v 0.12149522 0.02412004 0.13460113
v 0.12149522 0.02412004 0.13844492
v 0.12148120 0.02410614 0.14232569
v 0.12257414 0.01716747 0.12314365
v 0.12206971 0.02074109 0.12314365
v 0.12141113 0.02417566 0.12314365
v 0.12145318 0.02416176 0.12683960
v 0.12148120 0.02413395 0.13075732
v 0.12284037 0.01314889 0.16187732
v 0.12272827 0.01316279 0.16575809
v 0.12307859 0.00946403 0.16575809
v 0.12345691 0.00123218 0.16583201
v 0.12347091 -0.00001928 0.16583201
v -0.01925659 0.13203782 0.12314365
v 0.07063120 -0.00001928 0.49776636
v -0.01925659 0.09975009 0.49769242
v 0.11960357 0.03264389 0.14236264
v 0.11956153 0.03262999 0.14631733
v 0.11950549 0.03261608 0.15019808
v 0.11944944 0.03260217 0.15404189
v 0.11937938 0.03260217 0.15792265
v 0.12128503 0.02357774 0.16180341
v 0.12183150 0.02064376 0.16184037
v 0.12234995 0.01702842 0.16187732
v 0.12037424 0.02926494 0.13460113
v 0.12099077 0.02640048 0.13072037
v 0.11963159 0.03267170 0.13460113
v 0.12037424 0.02922323 0.13844492
v 0.12024813 0.02951523 0.12314365
v 0.11960357 0.03268561 0.12687656
v 0.12222384 0.01702842 0.16572113
v 0.12208371 0.01704233 0.16960189
v 0.12192958 0.01704233 0.17351961
v 0.12257414 0.01317670 0.16960189
v 0.12293846 0.00949184 0.16963885
v 0.12331678 0.00123218 0.16971276
v 0.12341487 -0.00001928 0.16742127
v -0.01925659 0.13974126 0.12314365
v 0.07092545 -0.00001928 0.49954043
v -0.01925659 0.09987523 0.49832075
v 0.11869278 0.03580036 0.14236264
v 0.11866476 0.03577255 0.14631733
v 0.11870680 0.03582817 0.13844492
v 0.11860871 0.03575864 0.15019808
v 0.11848261 0.03574473 0.15792265
v 0.11929531 0.03258827 0.16180341
v 0.11918321 0.03257436 0.16568416
v 0.12121496 0.02335526 0.16568416
v 0.12171941 0.02062985 0.16568416
v 0.11961759 0.03268561 0.13075732
v 0.11870680 0.03585598 0.13456416
v 0.11954753 0.03269951 0.12314365
v 0.11870680 0.03568911 0.12314365
v 0.11866476 0.03589769 0.12691353
v 0.12157928 0.02061594 0.16956492
v 0.12240599 0.01320451 0.17355657
v 0.12142515 0.02060204 0.17344569
v 0.12118694 0.01971211 0.18124417
v 0.12174743 0.01702842 0.17743733
v 0.12222384 0.01323232 0.17747428
v 0.12277031 0.00951965 0.17355657
v 0.12333080 -0.00001928 0.16971276
v 0.12314863 0.00123218 0.17363049
v -0.01925659 0.14132645 0.12602650
v -0.01921455 0.14117350 0.12314365
v 0.07260690 -0.00001928 0.50061222
v -0.01925659 0.10123794 0.49961434
v 0.11591838 0.04453278 0.14239961
v 0.11660498 0.04222453 0.14635429
v 0.11575023 0.04457450 0.15404189
v 0.11663300 0.04240530 0.13068341
v 0.11594640 0.04449107 0.13844492
v 0.11568017 0.04457450 0.15792265
v 0.11838452 0.03573083 0.16180341
v 0.11827242 0.03573083 0.16568416
v 0.11904308 0.03258827 0.16952797
v 0.11981376 0.02911198 0.16952797
v 0.12113090 0.02307715 0.16952797
v 0.11661898 0.04243311 0.12687656
v 0.11597443 0.04447716 0.12680265
v 0.11589036 0.04453278 0.12314365
v 0.12104681 0.02271562 0.17344569
v 0.12093473 0.02206208 0.17869395
v 0.12121496 0.02076890 0.17740036
v 0.12115892 0.01907247 0.18375742
v 0.12155126 0.01701452 0.18128112
v 0.12201365 0.01323232 0.18135505
v 0.12237797 0.00954746 0.18142896
v 0.12257414 0.00954746 0.17751124
v 0.12316265 -0.00001928 0.17363049
v 0.12295246 0.00120437 0.17758517
v 0.12296648 -0.00001928 0.17758517
v -0.01925659 0.14136816 0.12669177
v -0.01871011 0.14115958 0.12314365
v -0.01880820 0.14136816 0.12672872
v 0.07259289 0.00194135 0.50061222
v 0.06490023 0.03738554 0.50072312
v 0.01410628 0.09236645 0.50064921
v 0.00593721 0.09592618 0.50061222
v -0.00963026 0.10057049 0.50050139
v -0.01376383 0.10098764 0.50039049
v -0.01925659 0.10200272 0.49998395
v 0.07312535 -0.00001928 0.49983610
v 0.11474137 0.04793954 0.14236264
v 0.11469933 0.04793954 0.14631733
v 0.11586234 0.04454669 0.14635429
v 0.11476939 0.04792563 0.13840797
v 0.11451717 0.04793954 0.15788569
v 0.11464328 0.04793954 0.15016112
v 0.11597443 0.04446326 0.13060949
v 0.11558209 0.04456059 0.16180341
v 0.11547000 0.04454669 0.16568416
v 0.11708139 0.03904025 0.16956492
v 0.11813231 0.03573083 0.16952797
v 0.11888895 0.03258827 0.17344569
v 0.11483944 0.04757801 0.12314365
v 0.11476939 0.04787002 0.12665481
v 0.11476939 0.04791173 0.13057253
v 0.11476939 0.04792563 0.13449025
v 0.11946345 0.02912589 0.17732645
v 0.12097677 0.02245142 0.17610679
v 0.11926727 0.02913979 0.18120721
v 0.12003795 0.02457891 0.18505100
v 0.11981376 0.02460672 0.18893177
v 0.11957555 0.02462063 0.19292341
v 0.12037424 0.02054642 0.19292341
v 0.12061245 0.02054642 0.18893177
v 0.12086466 0.02036565 0.18505100
v 0.12012202 0.02056032 0.19687808
v 0.12111688 0.01821036 0.18630764
v 0.12178946 0.01323232 0.18519884
v 0.12256014 0.00544544 0.18146593
v 0.12215378 0.00953355 0.18527277
v 0.12274229 0.00114875 0.18150288
v 0.12284037 -0.00001928 0.17998753
v -0.01925659 0.14154893 0.13057253
v -0.01516504 0.14097882 0.12314365
v -0.01492684 0.14114569 0.12672872
v -0.01491283 0.14096492 0.12314365
v -0.01889227 0.14153503 0.13057253
v -0.01494085 0.14131255 0.13060949
v 0.07360177 0.00166324 0.49909690
v 0.07246678 0.00587650 0.50050139
v 0.06885166 0.02608067 0.50057530
v 0.06834722 0.02952914 0.50031658
v 0.06419963 0.04058372 0.50024267
v 0.06043037 0.04892681 0.50016873
v 0.06128511 0.04546443 0.50053831
v 0.05726363 0.05371017 0.50039049
v 0.04561955 0.06890849 0.50050139
v 0.04169616 0.07294098 0.50053831
v 0.03760461 0.07673709 0.50057530
v 0.02205116 0.08852864 0.50061222
v 0.01742716 0.09160167 0.50013177
v -0.00583297 0.10005600 0.50042745
v 0.00944024 0.09531435 0.49957738
v 0.00470415 0.09745574 0.49920780
v -0.00245605 0.09945808 0.50005786
v -0.01480073 0.10292045 0.49939258
v -0.01925659 0.10349056 0.49942953
v 0.07361578 -0.00001928 0.49909690
v 0.11341021 0.05115163 0.14236264
v 0.11339620 0.05109601 0.14628036
v 0.11341021 0.05122116 0.13840797
v 0.11341021 0.05126287 0.13449025
v 0.11334016 0.05095696 0.15400493
v 0.11329811 0.05087353 0.15788569
v 0.11324207 0.05076228 0.16180341
v 0.11441908 0.04791173 0.16180341
v 0.11336818 0.05102648 0.15016112
v 0.11430699 0.04791173 0.16568416
v 0.11532987 0.04453278 0.16956492
v 0.11517574 0.04453278 0.17344569
v 0.11797816 0.03573083 0.17344569
v 0.11781001 0.03570302 0.17732645
v 0.11870680 0.03257436 0.17732645
v 0.11472735 0.04788392 0.12314365
v 0.11460125 0.04820374 0.12314365
v 0.11338219 0.05115163 0.12314365
v 0.11338219 0.05127677 0.13057253
v 0.11851063 0.03257436 0.18120721
v 0.11830044 0.03258827 0.18505100
v 0.11806224 0.03262999 0.18893177
v 0.11781001 0.03267170 0.19292341
v 0.11828644 0.02930666 0.19691504
v 0.11930932 0.02463453 0.19687808
v 0.12059843 0.01708404 0.19691504
v 0.11904308 0.02463453 0.20083276
v 0.11985579 0.02056032 0.20079580
v 0.12033220 0.01709795 0.20083276
v 0.12085064 0.01705623 0.19296037
v 0.12152324 0.01349651 0.18904265
v 0.12139713 0.01248144 0.19299732
v 0.12251810 0.00110704 0.18538365
v 0.12191556 0.00954746 0.18911656
v 0.12275629 -0.00001928 0.18153984
v -0.01925659 0.14170188 0.13460113
v -0.01028883 0.14086758 0.12672872
v -0.01027482 0.14068681 0.12314365
v -0.01897635 0.14168798 0.13460113
v -0.01494085 0.14146550 0.13467504
v -0.01031685 0.14117350 0.13463809
v -0.01030284 0.14102053 0.13060949
v 0.07339158 0.00536201 0.49898601
v 0.07427435 0.00159371 0.49595534
v 0.07405015 0.00533420 0.49595534
v 0.07227061 0.00981165 0.50031658
v 0.07203241 0.01353823 0.49998395
v 0.07102353 0.02106091 0.49939258
v 0.07019682 0.02478749 0.49920780
v 0.06938412 0.02829158 0.49887514
v 0.06780075 0.03250484 0.49942953
v 0.06652565 0.03607846 0.49928171
v 0.06537665 0.03959646 0.49876428
v 0.06341495 0.04362895 0.49920780
v 0.05628278 0.05671368 0.49950344
v 0.06169146 0.04774487 0.49869036
v 0.05947754 0.05183298 0.49909690
v 0.05266765 0.06099647 0.50027960
v 0.04802964 0.06740674 0.49928171
v 0.04433044 0.07149484 0.49939258
v 0.04028093 0.07544391 0.49942953
v 0.02933746 0.08402337 0.50020568
v 0.03614736 0.07914268 0.49931867
v 0.02507778 0.08748576 0.49954043
v 0.02021557 0.09061441 0.49909690
v 0.01821184 0.09203274 0.49813594
v 0.01637625 0.09270018 0.49865338
v 0.01000073 0.09587055 0.49798812
v 0.01273310 0.09407679 0.49928171
v 0.00768873 0.09653800 0.49872729
v -0.01069518 0.10212787 0.49931867
v 0.00065464 0.09883235 0.49924473
v -0.00133508 0.09990304 0.49828380
v -0.00336684 0.10034801 0.49869036
v -0.00688388 0.10119622 0.49913386
v -0.01121363 0.10300389 0.49595534
v -0.01515103 0.10368524 0.49621406
v -0.01771526 0.10378257 0.49772941
v -0.01925659 0.10392163 0.49809899
v -0.01925659 0.10365743 0.49898601
v -0.01872413 0.10346276 0.49935562
v 0.07395207 -0.00001928 0.49747069
v 0.11139247 0.05580985 0.14628036
v 0.11144851 0.05579595 0.13840797
v 0.11142049 0.05580985 0.14236264
v 0.11146253 0.05578204 0.13452721
v 0.11251343 0.05332083 0.13057253
v 0.11146253 0.05576813 0.13060949
v 0.11128037 0.05579595 0.15404189
v 0.11119630 0.05579595 0.15792265
v 0.11109821 0.05580985 0.16180341
v 0.11318602 0.05062323 0.16564720
v 0.11311596 0.05047028 0.16949101
v 0.11416686 0.04789783 0.16952797
v 0.11401273 0.04788392 0.17340873
v 0.11499359 0.04453278 0.17732645
v 0.11691324 0.03852576 0.17732645
v 0.11762786 0.03567521 0.18120721
v 0.11137846 0.05578204 0.12314365
v 0.11143451 0.05576813 0.12669177
v 0.11741769 0.03567521 0.18505100
v 0.11702534 0.03541101 0.19292341
v 0.11689924 0.03497995 0.19687808
v 0.11677313 0.03452108 0.20079580
v 0.11727756 0.03271342 0.20079580
v 0.12114490 0.01120217 0.19898478
v 0.11701133 0.03267170 0.20467657
v 0.11876284 0.02463453 0.20471352
v 0.11930932 0.02056032 0.20855733
v 0.11958955 0.02054642 0.20467657
v 0.12005196 0.01711185 0.20471352
v 0.12253210 -0.00001928 0.18538365
v 0.12201365 0.00110704 0.19314517
v 0.12124299 0.00957526 0.19902174
v -0.01925659 0.14171579 0.13500768
v -0.00482410 0.14040871 0.12495467
v -0.00671574 0.14045042 0.12314365
v -0.01492684 0.14159066 0.13855580
v -0.00637945 0.14086758 0.13463809
v -0.00637945 0.14072853 0.13057253
v -0.01033086 0.14129864 0.13859276
v 0.07312535 0.00921373 0.49880123
v 0.09033224 0.00128780 0.41530944
v 0.09010804 0.00529248 0.41530944
v 0.09062649 0.00943621 0.41150262
v 0.07372787 0.00922764 0.49595534
v 0.07280307 0.01288469 0.49850556
v 0.07182223 0.01702842 0.49928171
v 0.07257888 0.01510951 0.49820986
v 0.07238271 0.01754291 0.49735979
v 0.07121970 0.02427300 0.49584447
v 0.07022485 0.02809691 0.49580749
v 0.06886567 0.03050250 0.49843165
v 0.06837524 0.03292199 0.49728588
v 0.06478814 0.04152927 0.49824684
v 0.05785214 0.05485039 0.49876428
v 0.05443318 0.05975891 0.49898601
v 0.06093480 0.04963597 0.49817293
v 0.06016414 0.05226404 0.49565967
v 0.05149063 0.06338815 0.49913386
v 0.04640423 0.06967328 0.49869036
v 0.04245281 0.07366405 0.49872729
v 0.03845936 0.07750187 0.49872729
v 0.03187366 0.08270238 0.49905995
v 0.02824452 0.08562247 0.49887514
v 0.03432578 0.08097815 0.49854251
v 0.02554018 0.08794462 0.49702716
v 0.02314410 0.08897361 0.49876428
v 0.02057988 0.09130967 0.49580749
v 0.01861818 0.09239427 0.49580749
v 0.01619409 0.09360401 0.49580749
v 0.01210255 0.09536997 0.49621406
v 0.01068732 0.09627380 0.49506832
v 0.00854347 0.09685782 0.49628797
v 0.00432582 0.09854034 0.49591838
v -0.00722017 0.10207224 0.49591838
v -0.00064849 0.10019505 0.49591838
v -0.00349295 0.10107107 0.49591838
v -0.01376383 0.10392163 0.49351601
v -0.00328277 0.10539557 0.47182070
v -0.00689789 0.10625769 0.47170983
v -0.01096141 0.10709200 0.47156198
v -0.01639811 0.10411630 0.49499438
v -0.01907443 0.10428316 0.49621406
v -0.01925659 0.10424144 0.49654668
v 0.09030421 -0.00001928 0.41530944
v 0.10982311 0.05923052 0.14628036
v 0.10976706 0.05911927 0.15404189
v 0.10985114 0.05927223 0.13840797
v 0.10983712 0.05925833 0.14232569
v 0.10985114 0.05927223 0.13452721
v 0.10983712 0.05928613 0.13064644
v 0.10982311 0.05927223 0.12672872
v 0.10972502 0.05906365 0.15792265
v 0.10966897 0.05898022 0.16180341
v 0.11097210 0.05580985 0.16568416
v 0.11083198 0.05580985 0.16952797
v 0.11066384 0.05580985 0.17340873
v 0.11301788 0.05028951 0.17337177
v 0.11383057 0.04788392 0.17728949
v 0.11481142 0.04451888 0.18120721
v 0.10994922 0.05889679 0.12314365
v 0.11659096 0.03777489 0.18793387
v 0.11706737 0.03605065 0.18911656
v 0.11642281 0.03735773 0.19292341
v 0.11615659 0.03652342 0.20079580
v 0.11664701 0.03404831 0.20463961
v 0.11654892 0.03374239 0.20722679
v 0.12054238 0.00958917 0.20863124
v 0.12110287 0.00957526 0.20098061
v 0.11977172 0.01713966 0.20855733
v 0.11992585 0.01330184 0.21251200
v 0.11995387 0.00961698 0.21646668
v 0.12024813 0.00961698 0.21254896
v 0.11650689 0.03318619 0.20985092
v 0.11674509 0.03260217 0.20855733
v 0.11848261 0.02463453 0.20855733
v 0.11818835 0.02463453 0.21247505
v 0.11900106 0.02056032 0.21247505
v 0.11886093 0.01708404 0.22031048
v 0.12227988 -0.00001928 0.18922745
v 0.12173341 0.00107922 0.19706289
v 0.12127101 0.00000853 0.20408522
v 0.12174743 -0.00001928 0.19709985
v 0.12201365 -0.00001928 0.19318213
v -0.01925659 0.14182703 0.13877757
v -0.01906041 0.14181313 0.13851885
v 0.00155142 0.13957440 0.12658089
v -0.00283438 0.14004718 0.12314365
v -0.00535656 0.14035308 0.12314365
v -0.00457188 0.14046434 0.12746792
v -0.00231593 0.14026966 0.13053556
v -0.01491283 0.14167408 0.14232569
v -0.01034488 0.14140988 0.14236264
v -0.00639346 0.14099272 0.13859276
v 0.09107489 0.00128780 0.41153954
v 0.09085069 0.00530639 0.41153954
v 0.09138315 0.00938059 0.40754791
v 0.09024817 0.01300983 0.41146563
v 0.08855270 0.01116045 0.42100123
v 0.07332152 0.01296812 0.49591838
v 0.08950553 0.01291250 0.41523553
v 0.07267696 0.01903076 0.49447694
v 0.07213049 0.02031003 0.49588140
v 0.08970170 0.01666688 0.41139172
v 0.08881893 0.01901686 0.41386800
v 0.07126174 0.02819425 0.49070705
v 0.07246678 0.02154759 0.49288768
v 0.07632012 0.02410614 0.47097063
v 0.07674048 0.02512121 0.46768125
v 0.07703474 0.02633096 0.46472446
v 0.07269098 0.03315838 0.47743854
v 0.07023886 0.03185130 0.49063314
v 0.06915992 0.03169834 0.49573358
v 0.06876758 0.03403440 0.49414432
v 0.06785679 0.03548054 0.49569662
v 0.06627342 0.03951303 0.49565967
v 0.06508239 0.04234967 0.49562268
v 0.06414358 0.04442154 0.49558575
v 0.06264429 0.04756410 0.49558575
v 0.05807633 0.05569861 0.49584447
v 0.05678722 0.05704741 0.49747069
v 0.05579235 0.05909146 0.49584447
v 0.05364850 0.06213669 0.49569662
v 0.05328418 0.06156658 0.49843165
v 0.06127109 0.05021999 0.49562268
v 0.06064055 0.05302882 0.49170499
v 0.06508239 0.04948301 0.48139325
v 0.05219124 0.06398607 0.49565967
v 0.04868821 0.06810199 0.49565967
v 0.04682460 0.07020166 0.49573358
v 0.04494697 0.07216229 0.49577053
v 0.04292922 0.07413682 0.49580749
v 0.04093950 0.07608354 0.49580749
v 0.03892175 0.07797464 0.49580749
v 0.03677790 0.07986574 0.49577053
v 0.03001004 0.08448224 0.49832075
v 0.03045843 0.08481597 0.49580749
v 0.02752990 0.08692955 0.49565967
v 0.03485824 0.08139531 0.49577053
v 0.02598856 0.08834788 0.49414432
v 0.02412495 0.08918218 0.49565967
v 0.02136456 0.09192149 0.49059621
v 0.01941688 0.09302000 0.49055923
v 0.02541407 0.09193540 0.47910174
v 0.02759996 0.09318686 0.46686811
v 0.01620810 0.09463299 0.49059621
v 0.01354580 0.09584274 0.49067012
v 0.01152805 0.09671876 0.49078099
v 0.00983258 0.09995866 0.47717982
v 0.00822119 0.09803976 0.49092884
v 0.00197178 0.09984742 0.49325730
v 0.00424175 0.10169681 0.47913873
v -0.00349295 0.10198881 0.49100275
v -0.00172742 0.10390772 0.47791905
v -0.00305857 0.10451955 0.47640370
v 0.00051452 0.10070954 0.49122448
v -0.01496888 0.10711981 0.47573842
v -0.01517906 0.10450564 0.49155714
v -0.00322672 0.10616036 0.46720074
v -0.00111089 0.10415801 0.47540579
v -0.00693993 0.10705029 0.46701593
v -0.01091937 0.10781507 0.46694202
v -0.01515103 0.10789850 0.47119240
v -0.01915850 0.10515918 0.49144627
v -0.01925659 0.10517309 0.49144627
v 0.09104686 -0.00001928 0.41153954
v 0.10875819 0.06134409 0.14228873
v 0.10728691 0.06418074 0.14225176
v 0.10725889 0.06416684 0.14624340
v 0.10721685 0.06415293 0.15016112
v 0.10871615 0.06126066 0.15016112
v 0.10868813 0.06120504 0.15404189
v 0.10873016 0.06144143 0.13064644
v 0.10874418 0.06141362 0.13452721
v 0.10730093 0.06419465 0.13837101
v 0.10978107 0.05925833 0.12314365
v 0.10878621 0.06119114 0.12314365
v 0.10723087 0.06427808 0.12676568
v 0.10864609 0.06114942 0.15792265
v 0.10699266 0.06411121 0.16184037
v 0.10850596 0.06096866 0.16568416
v 0.10958490 0.05888288 0.16568416
v 0.10710475 0.06411121 0.15792265
v 0.10950083 0.05875774 0.16952797
v 0.10940274 0.05860478 0.17340873
v 0.10929065 0.05843792 0.17732645
v 0.10916454 0.05824325 0.18120721
v 0.11024347 0.05578204 0.18120721
v 0.11280769 0.04985845 0.18117024
v 0.11291979 0.05008093 0.17728949
v 0.11363441 0.04787002 0.18117024
v 0.11458723 0.04450497 0.18508797
v 0.11649288 0.03758021 0.19059495
v 0.11409680 0.04449107 0.19296037
v 0.11384459 0.04446326 0.19687808
v 0.11496555 0.04019438 0.20079580
v 0.11335416 0.04433811 0.20463961
v 0.11310194 0.04426859 0.20852037
v 0.11556808 0.03567521 0.21240114
v 0.11596042 0.03534149 0.20852037
v 0.11525981 0.03568911 0.21628188
v 0.11615659 0.03265780 0.21631885
v 0.12122898 0.00545935 0.20157196
v 0.11961759 0.01328794 0.21642972
v 0.11964561 0.00960307 0.22034744
v 0.12009400 0.00551497 0.21654060
v 0.11647887 0.03260217 0.21217937
v 0.11673109 0.03193473 0.21073794
v 0.11786607 0.02464844 0.21639277
v 0.11869278 0.02053251 0.21639277
v 0.11838452 0.02049080 0.22027353
v 0.11853865 0.01702842 0.22415429
v 0.11897303 0.01327403 0.22419125
v 0.11929531 0.01328794 0.22031048
v 0.12127101 -0.00001928 0.20408522
v 0.12024813 0.00105142 0.21657757
v 0.11963159 0.00107922 0.22426516
v -0.01925659 0.14191046 0.14247352
v 0.00571302 0.13890696 0.12654393
v 0.00565697 0.13876791 0.12314365
v 0.00504044 0.13886523 0.12314365
v 0.00149537 0.13942144 0.12314365
v 0.00082279 0.13951878 0.12314365
v 0.00160747 0.13971345 0.13049861
v -0.00401140 0.14063119 0.13460113
v -0.00182550 0.14045042 0.13851885
v 0.00164950 0.13983860 0.13452721
v -0.01491283 0.14174361 0.14613252
v -0.00642148 0.14109006 0.14236264
v -0.01035889 0.14147940 0.14616949
v -0.00381523 0.14071461 0.13855580
v -0.00370313 0.14079805 0.14236264
v 0.09181753 0.00121828 0.40758487
v 0.09160735 0.00525077 0.40758487
v 0.09099081 0.01300983 0.40754791
v 0.09213981 0.00922764 0.40351933
v 0.09291048 0.01118826 0.39834498
v 0.09174747 0.01287078 0.40363020
v 0.09041632 0.01680594 0.40758487
v 0.08907115 0.02028222 0.41139172
v 0.08055178 0.02211770 0.45215820
v 0.07711881 0.02239580 0.46897480
v 0.08979978 0.02042127 0.40754791
v 0.07319541 0.03225455 0.47610803
v 0.08884695 0.02252095 0.41009813
v 0.07494692 0.03240750 0.46720074
v 0.07615197 0.02823596 0.46664638
v 0.08914121 0.02342478 0.40747400
v 0.08953355 0.02466234 0.40392587
v 0.07297122 0.03397878 0.47488835
v 0.06829117 0.03677372 0.49170499
v 0.07140186 0.03567521 0.47928655
v 0.06763260 0.03930445 0.49007878
v 0.06757655 0.04379581 0.48209546
v 0.06456395 0.04521413 0.49240720
v 0.06660971 0.04750848 0.47917565
v 0.05717955 0.05767314 0.49443999
v 0.06100486 0.05711693 0.47969309
v 0.05626877 0.06027340 0.49055923
v 0.05639487 0.06395826 0.47899085
v 0.05272370 0.06463961 0.49181586
v 0.06536264 0.04991407 0.47910174
v 0.04910857 0.06864429 0.49251807
v 0.04962702 0.07270459 0.47692111
v 0.04539536 0.07260725 0.49277679
v 0.04133184 0.07655631 0.49281377
v 0.04131783 0.08028289 0.47906479
v 0.03725431 0.08031070 0.49248114
v 0.03700209 0.08388432 0.47910174
v 0.03237809 0.08332812 0.49580749
v 0.03561490 0.08573371 0.47581233
v 0.03711419 0.08779167 0.46258081
v 0.03403153 0.08843130 0.46945528
v 0.03298062 0.08769433 0.47581233
v 0.03104694 0.08908484 0.47577540
v 0.02954764 0.09203274 0.46683115
v 0.02426507 0.09413241 0.47152502
v 0.02398483 0.09521702 0.46683115
v 0.02192505 0.09602351 0.46834650
v 0.02133654 0.09570369 0.47156198
v 0.01931879 0.09671876 0.47159894
v 0.02996801 0.09229693 0.46435484
v 0.03045843 0.09258894 0.46150895
v 0.02846871 0.09350668 0.46272863
v 0.02810439 0.09460519 0.45821956
v 0.02496568 0.09553683 0.46243296
v 0.01660044 0.09714982 0.47618194
v 0.01625014 0.09815099 0.47170983
v 0.01588582 0.09692734 0.47913873
v 0.01222866 0.09858206 0.47913873
v 0.00838934 0.10072344 0.47599713
v 0.01189237 0.09930512 0.47592322
v 0.01091152 0.10044535 0.47189464
v 0.00824921 0.10232253 0.46738554
v 0.00822119 0.10152994 0.47193156
v 0.00024829 0.10353228 0.47644066
v 0.00429779 0.10223911 0.47607104
v -0.00024213 0.10449174 0.47193156
v 0.00058458 0.10572929 0.46287648
v 0.00065464 0.10636894 0.45862613
v 0.01134589 0.12443171 0.32161680
v -0.00322672 0.10685561 0.46269167
v -0.00485212 0.10810708 0.45696293
v -0.00569285 0.10787069 0.45977187
v -0.00695394 0.10771773 0.46265472
v -0.01530517 0.10928901 0.46221119
v -0.01405809 0.10812098 0.46849432
v -0.00710808 0.10903872 0.45408008
v -0.01118561 0.10919167 0.45810870
v -0.01530517 0.10859375 0.46679420
v -0.01656626 0.10839908 0.46945528
v -0.01851394 0.10823222 0.47222727
v -0.01925659 0.10827394 0.47230118
v 0.09178950 -0.00001928 0.40758487
v 0.10573157 0.06703129 0.14620645
v 0.10574559 0.06708691 0.13833404
v 0.10571756 0.06698958 0.15012417
v 0.10717482 0.06412512 0.15400493
v 0.10727290 0.06425027 0.13064644
v 0.10574559 0.06710082 0.13064644
v 0.10717482 0.06427808 0.12314365
v 0.10566150 0.06710082 0.12314365
v 0.10570354 0.06711473 0.12676568
v 0.10560546 0.06673929 0.16180341
v 0.10686655 0.06409731 0.16572113
v 0.10672642 0.06406950 0.16956492
v 0.10840788 0.06085741 0.16956492
v 0.10568953 0.06692005 0.15400493
v 0.10564750 0.06685053 0.15788569
v 0.10830979 0.06070446 0.17344569
v 0.10639014 0.06397217 0.17736340
v 0.10519911 0.06583546 0.18120721
v 0.10512905 0.06573812 0.18327695
v 0.10902441 0.05806248 0.18508797
v 0.11268158 0.04963597 0.18505100
v 0.11254146 0.04941348 0.18900569
v 0.11341021 0.04784221 0.18508797
v 0.11318602 0.04780049 0.18900569
v 0.11266757 0.04713304 0.20072189
v 0.11254146 0.04675760 0.20456568
v 0.11238732 0.04638217 0.20848342
v 0.11214912 0.04581206 0.21439694
v 0.11206505 0.04557567 0.21631885
v 0.11191092 0.04504728 0.22019962
v 0.11460125 0.03568911 0.22404341
v 0.11551204 0.03268561 0.22404341
v 0.11638079 0.03011315 0.22023657
v 0.11898704 0.00958917 0.22807201
v 0.11754379 0.02464844 0.22027353
v 0.11701133 0.02402270 0.22799808
v 0.11681515 0.02336916 0.23184188
v 0.11772595 0.02042127 0.22799808
v 0.11820235 0.01700061 0.22803505
v 0.11796416 0.01319060 0.23579657
v 0.11993987 -0.00001928 0.22045834
v 0.11863674 0.00960307 0.23195277
v 0.11928129 0.00107922 0.22814592
v 0.11950549 -0.00001928 0.22566964
v 0.11982776 -0.00001928 0.22182583
v -0.01925659 0.14196609 0.14609557
v -0.01915850 0.14196609 0.14609557
v 0.00942623 0.13818389 0.12658089
v 0.00937019 0.13804483 0.12314365
v 0.00576907 0.13904601 0.13049861
v 0.00169154 0.13993593 0.13844492
v -0.00168538 0.14051995 0.14232569
v 0.00582512 0.13915724 0.13449025
v -0.01489882 0.14178532 0.15001329
v -0.00644951 0.14114569 0.14620645
v -0.01038691 0.14152113 0.15005024
v -0.00363307 0.14083977 0.14620645
v 0.09623135 -0.00001928 0.38315459
v 0.09683386 0.00102361 0.37990212
v 0.09568488 0.00942231 0.38385680
v 0.09641350 0.01174447 0.37860854
v 0.09534858 0.01280126 0.38385680
v 0.09187358 0.02093577 0.39616437
v 0.09550272 0.01655565 0.38001299
v 0.09118698 0.02078281 0.39997120
v 0.09050038 0.02061594 0.40374109
v 0.08858073 0.02146416 0.41268531
v 0.09037428 0.02445376 0.39993424
v 0.08067789 0.03051640 0.44081158
v 0.08455925 0.03342258 0.41719437
v 0.08755784 0.03221283 0.40366715
v 0.07468070 0.03591160 0.46283952
v 0.07369985 0.03606456 0.46745945
v 0.07281708 0.03751069 0.46915961
v 0.08894504 0.03375630 0.39442726
v 0.06872555 0.04179347 0.48061709
v 0.06893572 0.04234967 0.47862129
v 0.06820710 0.04369847 0.47947136
v 0.06844530 0.04494994 0.47584931
v 0.06728230 0.04757801 0.47581233
v 0.06887968 0.04913538 0.46446574
v 0.06125708 0.05740894 0.47780816
v 0.05986988 0.05904975 0.47888001
v 0.05677320 0.06447275 0.47581233
v 0.05446120 0.06643338 0.47899085
v 0.05275172 0.07199543 0.46712683
v 0.06572695 0.05052590 0.47573842
v 0.04994930 0.07306612 0.47444483
v 0.04745514 0.07437321 0.47899085
v 0.04543739 0.07641727 0.47895392
v 0.04336360 0.07839179 0.47899085
v 0.04166813 0.08057490 0.47677329
v 0.03934212 0.08197932 0.47906479
v 0.03754857 0.08425976 0.47581233
v 0.03883768 0.08535826 0.46716381
v 0.03760461 0.08811149 0.45958706
v 0.03513848 0.08923780 0.46250690
v 0.03440985 0.08872331 0.46701593
v 0.03219593 0.08932123 0.47119240
v 0.03184563 0.09140700 0.46276561
v 0.02301799 0.09655191 0.46250690
v 0.02034168 0.09788680 0.46258081
v 0.03295259 0.09164339 0.45821956
v 0.03100491 0.09290876 0.45818261
v 0.02907123 0.09559245 0.45023628
v 0.02572233 0.09591227 0.45825652
v 0.01816980 0.10004209 0.45611287
v 0.01688068 0.09947199 0.46265472
v 0.01567564 0.10073735 0.45851524
v 0.01295729 0.09956932 0.47182070
v 0.01220063 0.10148823 0.46280254
v 0.00433983 0.10367134 0.46779208
v 0.00433983 0.10294827 0.47196855
v 0.01346172 0.10378257 0.44639250
v 0.01255094 0.10478375 0.44258565
v 0.00789891 0.10328199 0.46246991
v 0.00632955 0.10415801 0.46076978
v 0.00565697 0.10390772 0.46365263
v 0.00170555 0.10383819 0.47200550
v 0.00228005 0.10406068 0.46960311
v 0.00080878 0.10485327 0.46771817
v 0.00439588 0.10453346 0.46250690
v 0.00450798 0.10511746 0.45870004
v 0.02091617 0.12144210 0.32198641
v 0.01699278 0.12270747 0.32191247
v 0.01346172 0.12379207 0.32172770
v 0.01206051 0.12477933 0.31788389
v 0.01280315 0.12571098 0.31012236
v 0.00882371 0.12625328 0.31392921
v 0.00879569 0.12569707 0.31777299
v 0.00872562 0.12514087 0.32157984
v 0.01085547 0.12418142 0.32413006
v 0.00480223 0.12665653 0.31773604
v 0.00059859 0.12703196 0.32154289
v -0.01533319 0.10991475 0.45799780
v -0.00193760 0.12794970 0.31899267
v -0.00328277 0.12728226 0.32534974
v -0.00429164 0.12814438 0.32080369
v -0.00516039 0.12793580 0.32331696
v -0.01844389 0.11035970 0.45796085
v -0.01849993 0.10974788 0.46213728
v -0.01925659 0.10856595 0.47037926
v 0.10475072 0.06878334 0.14225176
v 0.10473671 0.06875553 0.14624340
v 0.10475072 0.06881115 0.13837101
v 0.10470869 0.06872772 0.15012417
v 0.10468066 0.06868601 0.15400493
v 0.10473671 0.06882506 0.13449025
v 0.10469467 0.06886677 0.12676568
v 0.10476473 0.06867210 0.12314365
v 0.10459658 0.06851914 0.16184037
v 0.10553540 0.06660024 0.16572113
v 0.10546533 0.06643338 0.16956492
v 0.10539528 0.06623871 0.17344569
v 0.10463862 0.06861648 0.15792265
v 0.10529719 0.06604403 0.17732645
v 0.10409215 0.06771265 0.18124417
v 0.10414820 0.06723987 0.18479229
v 0.10364377 0.06760141 0.18904265
v 0.10337753 0.06758750 0.19296037
v 0.10503097 0.06559906 0.18582716
v 0.10891232 0.05790952 0.18797082
v 0.10880022 0.05778438 0.19059495
v 0.11242936 0.04926053 0.19177766
v 0.11284973 0.04799516 0.19303428
v 0.11279368 0.04748067 0.19684113
v 0.11221918 0.04895461 0.19680417
v 0.11205103 0.04867652 0.20068494
v 0.11186887 0.04839841 0.20456568
v 0.11164468 0.04736943 0.21280768
v 0.11091606 0.04757801 0.22019962
v 0.11056575 0.04757801 0.22404341
v 0.11021545 0.04757801 0.22785025
v 0.11115425 0.04412954 0.23176797
v 0.11174277 0.04450497 0.22404341
v 0.11228924 0.04282245 0.22408037
v 0.11426495 0.03567521 0.22792416
v 0.11517574 0.03269951 0.22792416
v 0.11587634 0.02941790 0.22796113
v 0.11552604 0.02944571 0.23187885
v 0.11660498 0.02270172 0.23572264
v 0.11738965 0.02039346 0.23187885
v 0.11750175 0.01700061 0.23575961
v 0.11713743 0.01698670 0.23960340
v 0.11759984 0.01317670 0.23960340
v 0.11792212 0.00963088 0.23964036
v 0.11877686 0.00552887 0.23198973
v 0.11858069 0.00109313 0.23587049
v 0.11915519 -0.00001928 0.22955039
v 0.11893099 -0.00001928 0.23202668
v -0.01925659 0.14200780 0.14982849
v -0.01918653 0.14200780 0.14993938
v 0.01311142 0.13734959 0.12658089
v 0.00949629 0.13830902 0.13053556
v 0.01305537 0.13721053 0.12314365
v 0.00955234 0.13842028 0.13449025
v 0.00173357 0.14000545 0.14232569
v 0.00590919 0.13932412 0.14228873
v 0.00586715 0.13925459 0.13844492
v -0.00161532 0.14056166 0.14620645
v 0.00174759 0.14006108 0.14620645
v 0.00960839 0.13851760 0.13844492
v -0.01925659 0.14203561 0.15385709
v -0.01488481 0.14179922 0.15385709
v -0.00647753 0.14118740 0.15008721
v -0.01038691 0.14153503 0.15389405
v -0.00651956 0.14121520 0.15393100
v -0.00360504 0.14086758 0.15008721
v 0.09681986 -0.00001928 0.37990212
v 0.10466665 -0.00001928 0.33562450
v 0.10466665 0.00000853 0.33562450
v 0.10681051 0.00516734 0.32202337
v 0.10661433 0.00929716 0.32198641
v 0.09775867 0.00954746 0.37217755
v 0.09707208 0.00949184 0.37605832
v 0.09742238 0.01275954 0.37217755
v 0.09603518 0.01287078 0.37993908
v 0.10476473 0.01117436 0.33159589
v 0.10689457 0.01338528 0.31810565
v 0.09627339 0.01413615 0.37764761
v 0.09107489 0.02459282 0.39612739
v 0.09634344 0.01815473 0.37391467
v 0.09557277 0.02037956 0.37616921
v 0.09638548 0.02189522 0.37003390
v 0.09473204 0.02441205 0.37620617
v 0.09180352 0.02462063 0.39209880
v 0.10577361 0.01698670 0.32187552
v 0.10494688 0.01939229 0.32449965
v 0.07315338 0.03826157 0.46609196
v 0.07689461 0.04187690 0.44058982
v 0.07224259 0.03986066 0.46745945
v 0.08489554 0.04247482 0.39834498
v 0.08462931 0.04184909 0.40093215
v 0.09302257 0.02665077 0.38282193
v 0.09181753 0.03267170 0.38049347
v 0.09417157 0.03222674 0.36837073
v 0.09288245 0.03332524 0.37358204
v 0.10086936 0.03399269 0.32867608
v 0.10116362 0.03479919 0.32564541
v 0.09293850 0.04168223 0.35831770
v 0.08869282 0.03716306 0.38910509
v 0.06920196 0.04308665 0.47588627
v 0.07264894 0.04126508 0.46276561
v 0.06956628 0.04425468 0.47178374
v 0.06871153 0.04554786 0.47329909
v 0.06901980 0.04625702 0.47023144
v 0.06973442 0.04793954 0.46295039
v 0.07298523 0.04921881 0.44410097
v 0.07322344 0.04983064 0.44147687
v 0.07246678 0.05229185 0.43885271
v 0.07278906 0.05294539 0.43560027
v 0.07182223 0.05507288 0.43456540
v 0.07040700 0.05585157 0.43922232
v 0.06562887 0.05850745 0.45433880
v 0.06575497 0.06235917 0.44269654
v 0.06498431 0.06457008 0.43973975
v 0.06212584 0.06260947 0.45829348
v 0.06166344 0.06191421 0.46243296
v 0.06031827 0.06384702 0.46246991
v 0.06894974 0.05708912 0.44277045
v 0.06918795 0.05742284 0.44073767
v 0.05709548 0.06491772 0.47304037
v 0.05745980 0.06539049 0.46997272
v 0.05755788 0.07282974 0.44472930
v 0.05723560 0.07246820 0.44727952
v 0.05359245 0.07287145 0.46088065
v 0.04788952 0.07490160 0.47544274
v 0.05032762 0.07345547 0.47159894
v 0.04898246 0.07609744 0.46697901
v 0.04647429 0.07741843 0.47148807
v 0.04556350 0.08038023 0.46387439
v 0.04199041 0.08092253 0.47429701
v 0.04081339 0.08373137 0.46712683
v 0.04142993 0.08428757 0.46269167
v 0.03946823 0.08591447 0.46265472
v 0.04035099 0.08713813 0.45430185
v 0.04091148 0.08758309 0.45034717
v 0.03802498 0.08840349 0.45677813
v 0.03611933 0.08946028 0.45818261
v 0.02717959 0.09662143 0.45027326
v 0.02429310 0.09812319 0.45034717
v 0.02469945 0.09933293 0.44262260
v 0.02392878 0.09908264 0.44613378
v 0.02191104 0.09987523 0.44720558
v 0.03618939 0.09101766 0.45027326
v 0.03530663 0.09317296 0.44262260
v 0.02960369 0.09587055 0.44713167
v 0.03232204 0.09509186 0.44262260
v 0.03003807 0.09609304 0.44461840
v 0.02814643 0.09751136 0.44262260
v 0.01625014 0.10258674 0.44646641
v 0.01626415 0.10189147 0.45042108
v 0.02032767 0.10141870 0.44262260
v 0.01399419 0.10397725 0.44395315
v 0.02545610 0.11974568 0.32194943
v 0.02353644 0.12051046 0.32194943
v 0.02294793 0.12026017 0.32479532
v 0.02102827 0.12201221 0.31814261
v 0.01707685 0.12326368 0.31806869
v 0.01709086 0.12494619 0.30657423
v 0.01664248 0.12571098 0.30217606
v 0.01274711 0.12629500 0.30613073
v 0.00483025 0.12721273 0.31389226
v 0.00880970 0.12680949 0.31004845
v 0.00613338 0.12788018 0.30709166
v 0.00260233 0.12801923 0.31171162
v 0.00041643 0.12762989 0.31769908
v -0.00111089 0.12814438 0.31644245
v -0.00671574 0.12896478 0.31788389
v -0.00315666 0.12890916 0.31400312
v -0.00314264 0.12836686 0.31777299
v -0.00671574 0.12950708 0.31411399
v -0.01925659 0.11040142 0.45796085
v -0.01925659 0.10978959 0.46213728
v -0.01072320 0.12947927 0.31792084
v -0.01070919 0.13002156 0.31411399
v -0.01503894 0.12940974 0.32165375
v -0.01871011 0.12970176 0.32161680
v 0.10301321 0.07159218 0.14624340
v 0.10305525 0.07159218 0.13837101
v 0.10288711 0.07161999 0.15400493
v 0.10281704 0.07161999 0.15792265
v 0.10299920 0.07166171 0.13060949
v 0.10451252 0.06908926 0.12314365
v 0.10295717 0.07167561 0.12676568
v 0.10270495 0.07161999 0.16184037
v 0.10255082 0.07161999 0.16572113
v 0.10442844 0.06824105 0.16960189
v 0.10431635 0.06807418 0.17348264
v 0.10206040 0.07107769 0.18124417
v 0.10190626 0.07092473 0.18516189
v 0.10175212 0.07074397 0.18904265
v 0.10159799 0.07053539 0.19299732
v 0.10309729 0.06755969 0.19691504
v 0.10473671 0.06520972 0.19292341
v 0.10753913 0.05988405 0.19292341
v 0.10870214 0.05764533 0.19288646
v 0.10853399 0.05739503 0.19680417
v 0.10836585 0.05711693 0.20068494
v 0.10818369 0.05682493 0.20460266
v 0.11021545 0.05145754 0.20852037
v 0.10990718 0.05144364 0.21243809
v 0.10959891 0.05142973 0.21631885
v 0.11125234 0.04757801 0.21631885
v 0.10909448 0.05101258 0.22404341
v 0.10873016 0.05016437 0.23169405
v 0.10983712 0.04759191 0.23173101
v 0.11193894 0.04172395 0.23180492
v 0.11207906 0.04212720 0.22888512
v 0.11163067 0.04382362 0.22770241
v 0.10945880 0.04759191 0.23557482
v 0.11074791 0.04418515 0.23564873
v 0.11175679 0.04115384 0.23568568
v 0.11391465 0.03564740 0.23184188
v 0.11482544 0.03269951 0.23184188
v 0.11516172 0.02945961 0.23579657
v 0.11646485 0.02224285 0.23823590
v 0.11702534 0.02039346 0.23572264
v 0.11652090 0.01932277 0.24274497
v 0.11638079 0.01851627 0.24533214
v 0.11668905 0.01723700 0.24381679
v 0.11554006 0.01693108 0.25531126
v 0.11719349 0.01316279 0.24348417
v 0.11633875 0.01120217 0.25357415
v 0.11752977 0.00965870 0.24344721
v 0.11782403 0.00116266 0.24348417
v 0.11806224 -0.00001928 0.24111875
v 0.11858069 -0.00001928 0.23587049
v 0.01553552 0.13675165 0.12661784
v 0.01543743 0.13664042 0.12314365
v 0.01340567 0.13712711 0.12314365
v 0.01316747 0.13747472 0.13053556
v 0.01322352 0.13758596 0.13449025
v 0.00595123 0.13935192 0.14620645
v 0.00965043 0.13857323 0.14228873
v -0.00360504 0.14089539 0.15396796
v -0.00157328 0.14057556 0.15008721
v 0.00174759 0.14007498 0.15008721
v 0.00596524 0.13937973 0.15012417
v 0.01327957 0.13766939 0.13840797
v -0.01925659 0.14202171 0.15762698
v -0.01918653 0.14202171 0.15762698
v -0.01487080 0.14179922 0.15770089
v -0.01038691 0.14153503 0.15777481
v -0.00653358 0.14121520 0.15781177
v 0.10699266 -0.00001928 0.32202337
v 0.10700668 0.00099580 0.32202337
v 0.10727290 0.00939450 0.31817956
v 0.10713278 0.01713966 0.31407704
v 0.10758117 0.01342699 0.31407704
v 0.09277035 0.02574694 0.38537215
v 0.09659567 0.01944791 0.37132749
v 0.10595576 0.02036565 0.31795780
v 0.09767459 0.02032394 0.36445301
v 0.10494688 0.02270172 0.32091456
v 0.09665171 0.02278515 0.36748368
v 0.10525516 0.02373070 0.31792084
v 0.10398005 0.03242141 0.31400312
v 0.10327945 0.03242141 0.31792084
v 0.10643218 0.01709795 0.31806869
v 0.07350368 0.03906806 0.46280254
v 0.08320007 0.04410172 0.40377805
v 0.08066388 0.04564519 0.41357236
v 0.08087406 0.04614578 0.41146563
v 0.08115430 0.04743896 0.40728920
v 0.07662838 0.04522804 0.43467630
v 0.07144390 0.04414344 0.46276561
v 0.07295721 0.04182128 0.46010450
v 0.08406882 0.04387924 0.39974943
v 0.08876289 0.04144584 0.38038260
v 0.08900109 0.04194643 0.37816504
v 0.08925331 0.04259997 0.37554088
v 0.10187823 0.03239360 0.32568237
v 0.10480677 0.03343648 0.30794176
v 0.10299920 0.03566130 0.31400312
v 0.10012672 0.03984675 0.32198641
v 0.09928599 0.04435202 0.31799475
v 0.09320473 0.04221063 0.35580444
v 0.08475542 0.04896852 0.38570478
v 0.07552143 0.04773096 0.43475021
v 0.08074795 0.04909367 0.40573689
v 0.07451256 0.05145754 0.43086945
v 0.07371386 0.05159659 0.43449149
v 0.07685258 0.05707522 0.40473898
v 0.07713282 0.05753409 0.40215180
v 0.07213049 0.05585157 0.43098031
v 0.06669379 0.05948081 0.44657728
v 0.06690397 0.06319348 0.43493502
v 0.06530659 0.06495943 0.43711562
v 0.06082271 0.06448666 0.45829348
v 0.07256487 0.05654682 0.42698868
v 0.06979047 0.05845183 0.43497194
v 0.06836123 0.05932785 0.43918536
v 0.06061253 0.07182857 0.43497194
v 0.06139721 0.07278803 0.42835618
v 0.06169146 0.07316346 0.42576901
v 0.05825849 0.07362233 0.43885271
v 0.05328418 0.08017165 0.43493502
v 0.05441917 0.07371967 0.45433880
v 0.05090212 0.07408120 0.46705292
v 0.05279376 0.07965716 0.43885271
v 0.04835192 0.07549953 0.47152502
v 0.04706280 0.07805807 0.46694202
v 0.04943085 0.07651460 0.46368959
v 0.04825383 0.07912877 0.45840434
v 0.04595584 0.08072786 0.46106546
v 0.04306934 0.08181246 0.46701593
v 0.04405019 0.08204885 0.46254382
v 0.04213053 0.08489940 0.45762819
v 0.04260694 0.08527484 0.45433880
v 0.03838929 0.08866769 0.45426486
v 0.04318144 0.08570590 0.45034717
v 0.04440049 0.08729108 0.43888969
v 0.04213053 0.08852864 0.44158773
v 0.03674988 0.09140700 0.44642942
v 0.02818847 0.09819271 0.43877879
v 0.02535802 0.09968056 0.43877879
v 0.03638556 0.11418361 0.32571932
v 0.03344301 0.11564366 0.32571932
v 0.02273775 0.10029239 0.44262260
v 0.03292456 0.09545340 0.43874184
v 0.03731036 0.09178245 0.44262260
v 0.03773073 0.09207445 0.43970280
v 0.04252287 0.09664924 0.39982334
v 0.05079003 0.10478375 0.32963704
v 0.04821179 0.10652189 0.32967400
v 0.04615201 0.10830174 0.32749339
v 0.03036035 0.09627380 0.44262260
v 0.04379797 0.10933072 0.32963704
v 0.04120573 0.11158336 0.32568237
v 0.03875361 0.11237595 0.32893480
v 0.02036970 0.10207224 0.43874184
v 0.03072466 0.11621377 0.32960009
v 0.03034634 0.11603300 0.33163287
v 0.02848272 0.11786848 0.32575628
v 0.01602594 0.10333761 0.44265956
v 0.01451263 0.10419973 0.44136597
v 0.02851075 0.11849421 0.32191247
v 0.02851075 0.11911995 0.31810565
v 0.02618473 0.12006549 0.31810565
v 0.02430711 0.12081638 0.31814261
v 0.02468544 0.12185925 0.31030717
v 0.02102827 0.12259623 0.31422489
v 0.01867423 0.12423703 0.30816352
v 0.01270507 0.12686511 0.30213907
v 0.01997736 0.12464029 0.30221301
v 0.01657242 0.12628109 0.29818440
v 0.00484427 0.12833905 0.30590897
v 0.00850143 0.12746302 0.30590897
v 0.00700214 0.12804704 0.30443058
v 0.00106099 0.12854763 0.31030717
v -0.00310061 0.12942365 0.31019627
v -0.00674376 0.13003548 0.31027021
v -0.01070919 0.13054997 0.31030717
v -0.01925659 0.13025795 0.31780998
v -0.01501091 0.12993814 0.31788389
v -0.01883622 0.13023014 0.31780998
v -0.01925659 0.13031358 0.31740341
v 0.10149991 0.07406730 0.14228873
v 0.10147188 0.07403948 0.14624340
v 0.10144386 0.07401168 0.15012417
v 0.10141583 0.07396996 0.15400493
v 0.10147188 0.07410901 0.13057253
v 0.10148590 0.07409510 0.13445329
v 0.10149991 0.07408120 0.13837101
v 0.10137380 0.07391434 0.15788569
v 0.10133176 0.07381701 0.16184037
v 0.10145787 0.07409510 0.12672872
v 0.10291513 0.07166171 0.12314365
v 0.10124769 0.07369186 0.16572113
v 0.10120565 0.07362233 0.16775390
v 0.10106553 0.07341376 0.17344569
v 0.10217249 0.07195371 0.16926925
v 0.10229859 0.07139751 0.17348264
v 0.10218650 0.07123065 0.17736340
v 0.10095343 0.07324689 0.17736340
v 0.10067319 0.07291317 0.18516189
v 0.10014073 0.07232916 0.19695200
v 0.10142984 0.07029900 0.19691504
v 0.10283106 0.06749016 0.20083276
v 0.10049103 0.07273240 0.18907960
v 0.10442844 0.06469523 0.20079580
v 0.10725889 0.05985624 0.19684113
v 0.10696464 0.05982843 0.20072189
v 0.10637612 0.05975891 0.20852037
v 0.10561947 0.05927223 0.22023657
v 0.10781937 0.05618529 0.21243809
v 0.10844992 0.05354331 0.21875818
v 0.10819770 0.05307054 0.22400644
v 0.10800153 0.05269510 0.22785025
v 0.10856202 0.04969159 0.23553785
v 0.10846393 0.04939958 0.23782933
v 0.10833782 0.04906586 0.24049044
v 0.10894035 0.04684104 0.24344721
v 0.11034156 0.04419906 0.23956645
v 0.11156061 0.04054201 0.23960340
v 0.11317201 0.03559178 0.23960340
v 0.11355033 0.03561959 0.23572264
v 0.11446112 0.03269951 0.23575961
v 0.11479742 0.02943180 0.23967733
v 0.11633875 0.02157540 0.24078612
v 0.11441908 0.02940399 0.24359505
v 0.11506364 0.02455110 0.24747581
v 0.11590436 0.02029613 0.24743884
v 0.11549802 0.02028222 0.25135656
v 0.11507766 0.02025441 0.25531126
v 0.11510568 0.01694499 0.25922895
v 0.11551204 0.01316279 0.25919199
v 0.11668905 0.00970041 0.25131960
v 0.11539993 0.00964479 0.26307276
v 0.11583432 0.00965870 0.25915504
v 0.11741769 0.00116266 0.24736493
v 0.11782403 -0.00001928 0.24348417
v 0.11701133 -0.00001928 0.25128265
v 0.01731506 0.13629279 0.12661784
v 0.01589983 0.13679338 0.13057253
v 0.01696476 0.13623717 0.12314365
v 0.01615205 0.13683509 0.13452721
v 0.00967845 0.13860104 0.14620645
v 0.01332160 0.13772502 0.14228873
v -0.00157328 0.14058948 0.15396796
v -0.00363307 0.14089539 0.15784872
v 0.00173357 0.14008889 0.15396796
v 0.00969246 0.13861496 0.15012417
v 0.00596524 0.13937973 0.15396796
v 0.00970647 0.13861496 0.15396796
v 0.01629217 0.13689070 0.13840797
v -0.01925659 0.14199388 0.16161860
v -0.01918653 0.14199388 0.16154469
v -0.01485678 0.14177141 0.16161860
v -0.01037290 0.14150722 0.16165558
v -0.00651956 0.14118740 0.16172949
v 0.10739901 -0.00001928 0.31958401
v 0.10763721 0.00109313 0.31821652
v 0.10745506 0.00527857 0.31821652
v 0.10794548 0.00945012 0.31407704
v 0.10867411 0.01206428 0.30831134
v 0.10662834 0.02039346 0.31400312
v 0.10849196 0.01487312 0.30753519
v 0.10833782 0.01697280 0.30690689
v 0.10850596 0.01886390 0.30428275
v 0.10731494 0.02033784 0.31001150
v 0.10828177 0.01344089 0.30978973
v 0.10720284 0.02438424 0.30605679
v 0.10650223 0.02439814 0.31004845
v 0.08255551 0.04759191 0.39989728
v 0.10500294 0.03421517 0.30535458
v 0.10368579 0.03567521 0.31012236
v 0.10748308 0.02897293 0.29822136
v 0.10728691 0.03243531 0.29426668
v 0.10039294 0.04116774 0.31795780
v 0.09995858 0.04436592 0.31407704
v 0.09937007 0.04775878 0.31015932
v 0.09799687 0.04770316 0.31795780
v 0.09859940 0.04432421 0.32183856
v 0.08901510 0.04955254 0.36216151
v 0.09687590 0.04599282 0.32771515
v 0.09733831 0.04770316 0.32150593
v 0.08752982 0.05163831 0.36467477
v 0.06908986 0.06470914 0.42037292
v 0.08583435 0.05491992 0.36467477
v 0.08497961 0.05753409 0.36197670
v 0.08418092 0.05948081 0.36075706
v 0.08325612 0.05975891 0.36471173
v 0.08356439 0.06338815 0.35299553
v 0.08280773 0.06337425 0.35687629
v 0.08161670 0.06274852 0.36467477
v 0.08189695 0.06356892 0.36090488
v 0.08091609 0.06479257 0.36227238
v 0.06555880 0.06526535 0.43493502
v 0.05872089 0.07412292 0.43497194
v 0.06544671 0.07302441 0.40917416
v 0.06487221 0.07622259 0.39989728
v 0.06285447 0.07447055 0.41560511
v 0.06251818 0.07800245 0.40385196
v 0.05360646 0.08049147 0.43238480
v 0.05750183 0.08057490 0.41553120
v 0.05035565 0.08111720 0.44269654
v 0.04999134 0.08076957 0.44550545
v 0.04965504 0.08044975 0.44805567
v 0.04630615 0.08106158 0.45840434
v 0.04458265 0.08356450 0.45430185
v 0.04514314 0.08402337 0.45034717
v 0.03894978 0.08907094 0.45031019
v 0.04249485 0.08883455 0.43885271
v 0.04660040 0.08537217 0.43888969
v 0.04489092 0.08774995 0.43500893
v 0.03677790 0.11322416 0.32996967
v 0.03927206 0.11266796 0.32571932
v 0.03677790 0.11529603 0.31803171
v 0.03600723 0.11508746 0.32157984
v 0.03440985 0.11613033 0.32013843
v 0.03254624 0.11675607 0.32161680
v 0.03143928 0.11656140 0.32571932
v 0.03963637 0.09094813 0.43859399
v 0.04501703 0.09568978 0.39586867
v 0.05322813 0.10379648 0.32571932
v 0.05133650 0.10515918 0.32571932
v 0.04898246 0.10750916 0.32180161
v 0.04800161 0.10737010 0.32597804
v 0.04655837 0.10853813 0.32483231
v 0.04420433 0.11054047 0.32180161
v 0.04180825 0.11193099 0.32183856
v 0.03239210 0.11742352 0.31806869
v 0.02708151 0.12042703 0.31352264
v 0.03239210 0.11804925 0.31422489
v 0.02956166 0.11991253 0.31030717
v 0.02509179 0.12105275 0.31459447
v 0.02771206 0.12066341 0.31030717
v 0.02846871 0.12153944 0.30232388
v 0.02461538 0.12245718 0.30627855
v 0.02081809 0.12323586 0.31027021
v 0.00956635 0.12769941 0.30210212
v 0.01358783 0.12765770 0.29419277
v 0.01245285 0.12746302 0.29811049
v 0.02193906 0.12395893 0.30221301
v 0.02083210 0.12484885 0.29848007
v 0.02043976 0.12553022 0.29426668
v 0.02039773 0.12604470 0.29042287
v 0.01650235 0.12680949 0.29422973
v 0.01479288 0.12796360 0.28912929
v 0.00491433 0.12882573 0.30221301
v 0.00083680 0.12915945 0.30620464
v 0.00763268 0.12820000 0.30213907
v 0.00497038 0.12932631 0.29829530
v 0.00090686 0.12967395 0.30228693
v -0.00300252 0.13043872 0.30236084
v -0.00677178 0.13054997 0.30635249
v -0.01070919 0.13107835 0.30635249
v -0.01496888 0.13043872 0.31411399
v -0.01489882 0.13093930 0.31030717
v -0.01925659 0.13075855 0.31404008
v 0.10016875 0.07611135 0.14228873
v 0.10015474 0.07608354 0.14624340
v 0.10018277 0.07611135 0.13837101
v 0.10012672 0.07605573 0.15012417
v 0.10008469 0.07602792 0.15400493
v 0.10004264 0.07598620 0.15788569
v 0.10018277 0.07609744 0.13053556
v 0.09998660 0.07588887 0.16180341
v 0.09774465 0.07883676 0.16956492
v 0.10277501 0.07188419 0.12314365
v 0.10141583 0.07403948 0.12314365
v 0.10128972 0.07423416 0.12314365
v 0.10011271 0.07604182 0.12314365
v 0.10016875 0.07606964 0.12669177
v 0.09962228 0.07565248 0.17344569
v 0.09942611 0.07561077 0.17736340
v 0.09921593 0.07555515 0.18124417
v 0.09742238 0.07832227 0.18124417
v 0.09897772 0.07552733 0.18516189
v 0.09840323 0.07547171 0.19303428
v 0.09810897 0.07544391 0.19695200
v 0.09770262 0.07508237 0.20467657
v 0.09754848 0.07481817 0.20859428
v 0.09739435 0.07454007 0.21251200
v 0.09981845 0.07180076 0.20471352
v 0.10127571 0.07002090 0.20083276
v 0.10255082 0.06742064 0.20471352
v 0.10428832 0.06438932 0.20467657
v 0.10413419 0.06406950 0.20855733
v 0.10372783 0.06355501 0.21639277
v 0.10339154 0.06354110 0.22027353
v 0.10304124 0.06351330 0.22411734
v 0.10542330 0.05893850 0.22408037
v 0.10706272 0.05555956 0.22404341
v 0.10762320 0.05586547 0.21631885
v 0.10759518 0.05519802 0.22012568
v 0.10668439 0.05557346 0.22788720
v 0.10627804 0.05560127 0.23176797
v 0.10779135 0.05229185 0.23169405
v 0.10752512 0.05113773 0.23930773
v 0.10686655 0.05161050 0.24352112
v 0.10636211 0.05174955 0.24754973
v 0.10536725 0.05092915 0.25948767
v 0.10517108 0.05037294 0.26333147
v 0.10816968 0.04867652 0.24344721
v 0.10993520 0.04418515 0.24348417
v 0.10807160 0.04775878 0.24769756
v 0.10867411 0.04586768 0.24913900
v 0.10906645 0.04304493 0.25545908
v 0.10926263 0.04368457 0.25146745
v 0.11088803 0.04011095 0.24747581
v 0.11273763 0.03577255 0.24329936
v 0.11370447 0.03261608 0.24355808
v 0.11408280 0.03267170 0.23964036
v 0.11401273 0.02936228 0.24751276
v 0.11360638 0.02929275 0.25143050
v 0.11464328 0.02453719 0.25139351
v 0.11464328 0.02025441 0.25919199
v 0.11464328 0.01697280 0.26307276
v 0.11458723 0.01319060 0.26695352
v 0.11504963 0.01319060 0.26307276
v 0.11682917 0.00576526 0.25131960
v 0.11552604 0.00575135 0.26307276
v 0.11635277 -0.00001928 0.25745491
v 0.11639479 -0.00001928 0.25708530
v 0.11493753 0.00961698 0.26691656
v 0.11654892 0.00109313 0.25534822
v 0.11699732 0.00113484 0.25128265
v 0.02050982 0.13540285 0.12661784
v 0.02003341 0.13538895 0.12314365
v 0.01765135 0.13633451 0.13057253
v 0.01790357 0.13637622 0.13452721
v 0.01333562 0.13773891 0.14620645
v 0.01636224 0.13696023 0.14616949
v 0.01634822 0.13693243 0.14225176
v 0.00170555 0.14008889 0.15784872
v -0.00370313 0.14086758 0.16172949
v -0.00168538 0.14057556 0.16176644
v 0.00596524 0.13935192 0.15784872
v 0.00970647 0.13858713 0.15784872
v 0.01336364 0.13773891 0.15396796
v 0.01802968 0.13641795 0.13840797
v -0.01925659 0.14193827 0.16549937
v -0.01918653 0.14193827 0.16538849
v -0.01484277 0.14171579 0.16546241
v -0.01034488 0.14145160 0.16553632
v -0.00650555 0.14114569 0.16561025
v -0.00380121 0.14083977 0.16564720
v 0.10762320 -0.00001928 0.31821652
v 0.10990718 0.00961698 0.30191734
v 0.10811363 0.00536201 0.31415098
v 0.10985114 -0.00001928 0.30435667
v 0.11088803 0.00112094 0.29785177
v 0.11055174 0.00958917 0.29788873
v 0.10957089 0.01337137 0.30195430
v 0.10829579 0.02125558 0.30317394
v 0.10913652 0.01700061 0.30195430
v 0.10976706 0.01702842 0.29796264
v 0.10987916 0.02040737 0.29408187
v 0.10793147 0.02417566 0.30195430
v 0.10822573 0.02577475 0.29807353
v 0.10840788 0.02659516 0.29589290
v 0.10477874 0.03748288 0.30003238
v 0.10459658 0.03694058 0.30228693
v 0.10823974 0.03290809 0.28742916
v 0.10626403 0.03574473 0.29430364
v 0.10809962 0.02891731 0.29445149
v 0.10829579 0.03028002 0.29123601
v 0.10802956 0.03217112 0.29005329
v 0.10058912 0.04432421 0.31049195
v 0.10084133 0.04561738 0.30624160
v 0.10002863 0.04777268 0.30620464
v 0.10079930 0.04873214 0.29918231
v 0.09792681 0.05091524 0.31015932
v 0.09753448 0.05028951 0.31404008
v 0.09714214 0.04963597 0.31792084
v 0.09693195 0.04926053 0.32002754
v 0.08923929 0.05012265 0.35957434
v 0.08949152 0.05066495 0.35687629
v 0.08901510 0.05315397 0.35303249
v 0.06937011 0.06509848 0.41778575
v 0.08691328 0.05572642 0.35691325
v 0.08605854 0.05594890 0.36072007
v 0.08919726 0.05771485 0.33961613
v 0.08443314 0.06038464 0.35691325
v 0.08490955 0.06469523 0.34231420
v 0.08516176 0.06515410 0.33969007
v 0.08119634 0.06516801 0.35964825
v 0.07706276 0.07299660 0.35380864
v 0.06600720 0.06580764 0.43101727
v 0.06080869 0.07993526 0.40381500
v 0.07402213 0.07405339 0.36463782
v 0.07692264 0.07676489 0.34105757
v 0.06915992 0.08021337 0.36530308
v 0.06880962 0.07979621 0.36848160
v 0.06129912 0.08040804 0.39986033
v 0.06530659 0.08036633 0.38211972
v 0.05419497 0.08115891 0.42713651
v 0.05132249 0.08203494 0.43497194
v 0.05083206 0.08158998 0.43885271
v 0.05802028 0.08125625 0.41057861
v 0.04735706 0.08202103 0.45034717
v 0.04538134 0.08819492 0.43109121
v 0.04299928 0.08925170 0.43497194
v 0.05289184 0.08774995 0.40385196
v 0.04709083 0.08581713 0.43500893
v 0.05014547 0.08873722 0.41013509
v 0.03987458 0.11301558 0.32183856
v 0.03474614 0.11631111 0.31803171
v 0.04039303 0.11401676 0.31415098
v 0.03739443 0.11560194 0.31418793
v 0.03534866 0.11663092 0.31418793
v 0.04655837 0.09293656 0.40377805
v 0.05423701 0.09664924 0.35676540
v 0.05465737 0.10107107 0.33355476
v 0.05514780 0.10148823 0.32963704
v 0.05362048 0.10407459 0.32279952
v 0.05219124 0.10531214 0.32161680
v 0.05193902 0.10614644 0.31795780
v 0.04950091 0.10784287 0.31792084
v 0.04755322 0.10913606 0.31792084
v 0.04702076 0.10880233 0.32176465
v 0.04489092 0.11145821 0.31407704
v 0.04301330 0.11255672 0.31411399
v 0.04217257 0.11212566 0.31947315
v 0.04068728 0.11319636 0.31814261
v 0.03595119 0.11693684 0.31030717
v 0.03236408 0.11866108 0.31030717
v 0.03005208 0.12009330 0.30768304
v 0.02866488 0.12087199 0.30631551
v 0.02455933 0.12304119 0.30224997
v 0.03051448 0.12028798 0.30502192
v 0.03096287 0.12046874 0.30236084
v 0.02848272 0.12208174 0.29836921
v 0.01029498 0.12786628 0.29936712
v 0.00883772 0.12890916 0.29430364
v 0.01283118 0.12833905 0.29042287
v 0.01168219 0.12817218 0.29422973
v 0.02286386 0.12429266 0.29737129
v 0.02341033 0.12450124 0.29430364
v 0.02548413 0.12377816 0.29434059
v 0.02406890 0.12476543 0.29045986
v 0.02443322 0.12561364 0.28266138
v 0.02080408 0.12733788 0.27870667
v 0.01997736 0.12717102 0.28236568
v 0.01787554 0.12771333 0.28351144
v 0.01623612 0.12736570 0.29042287
v 0.01654439 0.12825562 0.28236568
v 0.01535336 0.12811657 0.28646820
v 0.01270507 0.12929850 0.28266138
v 0.01266303 0.12885355 0.28650516
v 0.00499840 0.12982690 0.29437758
v 0.00096291 0.13016061 0.29836921
v -0.00681382 0.13106446 0.30239779
v 0.00099093 0.13064730 0.29445149
v -0.00298851 0.13092540 0.29844312
v -0.00684185 0.13156504 0.29844312
v -0.01070919 0.13159285 0.30239779
v -0.01481474 0.13145380 0.30635249
v -0.01896233 0.13123132 0.31023323
v -0.01925659 0.13124522 0.31023323
v 0.09810897 0.07921219 0.14232569
v 0.09808095 0.07921219 0.14624340
v 0.09813700 0.07919829 0.13837101
v 0.09815101 0.07918439 0.13441632
v 0.09782873 0.07951811 0.15034593
v 0.09694597 0.08068614 0.15788569
v 0.09788478 0.07910096 0.16180341
v 0.09812298 0.07915657 0.12665481
v 0.09781472 0.07897581 0.16572113
v 0.09681986 0.08047757 0.16568416
v 0.09672177 0.08035242 0.16952797
v 0.09660967 0.08021337 0.17340873
v 0.09766059 0.07865599 0.17340873
v 0.09805292 0.07917048 0.12314365
v 0.09754848 0.07848913 0.17732645
v 0.09634344 0.07992136 0.18124417
v 0.09725423 0.07814150 0.18519884
v 0.09708609 0.07794683 0.18911656
v 0.09691795 0.07772434 0.19303428
v 0.09667973 0.07734891 0.19898478
v 0.09763256 0.07572201 0.20050013
v 0.09658165 0.07718205 0.20149804
v 0.09644153 0.07698738 0.20467657
v 0.09607722 0.07650069 0.21251200
v 0.09590907 0.07623650 0.21639277
v 0.09575494 0.07594449 0.22027353
v 0.09707208 0.07396996 0.22027353
v 0.09915988 0.07125846 0.21639277
v 0.09972037 0.07091083 0.21247505
v 0.10096745 0.06945079 0.20855733
v 0.10063116 0.06890849 0.21639277
v 0.10179416 0.06701739 0.21639277
v 0.10162601 0.06672538 0.22027353
v 0.10145787 0.06639166 0.22411734
v 0.10128972 0.06603013 0.22799808
v 0.10266291 0.06349939 0.22799808
v 0.10522714 0.05857697 0.22792416
v 0.10480677 0.05782610 0.23572264
v 0.10535324 0.05586547 0.23927077
v 0.10531120 0.05494773 0.24363202
v 0.10497491 0.05396047 0.25072826
v 0.10486282 0.05355721 0.25338934
v 0.10556342 0.05148535 0.25560693
v 0.10428832 0.05222232 0.26333147
v 0.10501695 0.04995579 0.26617737
v 0.10487683 0.04956644 0.26876454
v 0.10882824 0.04251654 0.25933985
v 0.11045365 0.04013876 0.25146745
v 0.11263955 0.03470185 0.24743884
v 0.11329811 0.03254655 0.24747581
v 0.11245739 0.03237969 0.25531126
v 0.11233128 0.03161491 0.25797235
v 0.11219115 0.03091965 0.26055952
v 0.11317201 0.02922323 0.25534822
v 0.11419489 0.02452329 0.25534822
v 0.11374650 0.02452329 0.25922895
v 0.11328410 0.02452329 0.26307276
v 0.11416686 0.02026832 0.26303580
v 0.11369046 0.02025441 0.26691656
v 0.11416686 0.01695889 0.26695352
v 0.11367644 0.01693108 0.27079733
v 0.11357836 0.01316279 0.27464113
v 0.11444711 0.00957526 0.27079733
v 0.11566617 0.00109313 0.26299885
v 0.11520376 0.00109313 0.26687961
v 0.11521778 -0.00001928 0.26687961
v 0.11471334 0.00107922 0.27076037
v 0.02455933 0.13415141 0.12665481
v 0.02105630 0.13509695 0.12314365
v 0.02048180 0.13526380 0.12314365
v 0.02052384 0.13552800 0.13060949
v 0.02458735 0.13427655 0.13064644
v 0.02055186 0.13562534 0.13452721
v 0.02057988 0.13570877 0.13840797
v 0.01632020 0.13697414 0.15008721
v 0.01808572 0.13648746 0.14616949
v 0.01808572 0.13645964 0.14225176
v 0.00167753 0.14004718 0.16176644
v 0.00595123 0.13931020 0.16180341
v -0.00179748 0.14053386 0.16564720
v 0.01334963 0.13771112 0.15784872
v 0.00970647 0.13853152 0.16180341
v 0.01626415 0.13697414 0.15393100
v -0.01925659 0.14186875 0.16923229
v -0.01918653 0.14186875 0.16923229
v -0.01482875 0.14164627 0.16934318
v -0.01031685 0.14138208 0.16938013
v -0.00649154 0.14107616 0.16945404
v -0.00391331 0.14079805 0.16949101
v 0.11088803 -0.00001928 0.29781482
v 0.11125234 -0.00001928 0.29541245
v 0.11147654 0.00113484 0.29386014
v 0.11231727 0.00943621 0.28613557
v 0.11116827 0.00953355 0.29389710
v 0.11193894 0.01091016 0.28805746
v 0.11081797 0.01326013 0.29397101
v 0.11020144 0.01332965 0.29792568
v 0.11038359 0.01704233 0.29400796
v 0.10849196 0.02250704 0.30051286
v 0.11049569 0.02036565 0.29016416
v 0.10868813 0.02348040 0.29803658
v 0.10965497 0.02456501 0.29020114
v 0.11022946 0.02457891 0.28628339
v 0.10930466 0.02898684 0.28632038
v 0.10849196 0.03119776 0.28861185
v 0.10497491 0.03813642 0.29737129
v 0.10465263 0.04176566 0.29153168
v 0.10440041 0.04115384 0.29445149
v 0.10863207 0.03210159 0.28617253
v 0.10842190 0.03365897 0.28473109
v 0.10690859 0.03566130 0.29031201
v 0.10519911 0.03885949 0.29437758
v 0.10102350 0.04613187 0.30398705
v 0.10064517 0.04774487 0.30250869
v 0.10487683 0.04230796 0.28890755
v 0.10248076 0.04787002 0.29057073
v 0.10308328 0.04789783 0.28665301
v 0.10099547 0.04927444 0.29655818
v 0.10120565 0.04675760 0.30139991
v 0.09655363 0.05649120 0.30239779
v 0.09562882 0.05565689 0.31023323
v 0.09312065 0.05750628 0.31962100
v 0.09291048 0.05714474 0.32172770
v 0.09103285 0.05194422 0.34527096
v 0.08984182 0.05142973 0.35306944
v 0.09010804 0.05225013 0.34952131
v 0.08922529 0.05351550 0.35096275
v 0.08877690 0.06461180 0.32183856
v 0.08908516 0.06527925 0.31803171
v 0.08538596 0.06552954 0.33725072
v 0.08444715 0.06807418 0.33329604
v 0.08381661 0.06673929 0.34109452
v 0.08149059 0.06555735 0.35687629
v 0.07732899 0.07337204 0.35122146
v 0.07716085 0.07705690 0.33883998
v 0.07277505 0.07992136 0.34904086
v 0.07315338 0.08047757 0.34508615
v 0.06963633 0.08081129 0.36068312
v 0.07452656 0.07873942 0.34512311
v 0.06922998 0.08844521 0.33056105
v 0.06174751 0.08866769 0.36290071
v 0.06143924 0.08837568 0.36548788
v 0.05507774 0.08211837 0.41933805
v 0.05413892 0.08496892 0.41087429
v 0.05307400 0.08400947 0.41933805
v 0.04570362 0.08845912 0.42861490
v 0.05046775 0.08898751 0.40773272
v 0.05338227 0.08819492 0.39989728
v 0.04039303 0.11464248 0.31030717
v 0.03798294 0.11592176 0.31030717
v 0.05865083 0.09703858 0.33736161
v 0.05468540 0.09708030 0.35292162
v 0.05097218 0.08940466 0.40381500
v 0.05916928 0.09741403 0.33344389
v 0.05709548 0.09988914 0.32963704
v 0.05604457 0.10161338 0.32538670
v 0.05548409 0.10278140 0.32165375
v 0.05615667 0.10293437 0.31799475
v 0.05394275 0.10429706 0.32024930
v 0.05420898 0.10450564 0.31795780
v 0.05464336 0.10483937 0.31407704
v 0.05283580 0.10741182 0.30627855
v 0.05163075 0.10699466 0.31411399
v 0.04980918 0.10805145 0.31544453
v 0.04832389 0.10926120 0.31411399
v 0.04801562 0.11010941 0.31019627
v 0.04619405 0.11213956 0.30505891
v 0.04547943 0.11175022 0.31019627
v 0.04417630 0.11375256 0.30243478
v 0.03873960 0.11629720 0.30539154
v 0.03641358 0.11789629 0.30243478
v 0.03298062 0.11953710 0.30236084
v 0.03205581 0.11938414 0.30635249
v 0.03358314 0.11981520 0.29844312
v 0.03157940 0.12073293 0.29844312
v 0.02849673 0.12259623 0.29445149
v 0.00887976 0.12936803 0.29042287
v 0.02612868 0.12402845 0.29049681
v 0.02685732 0.12433437 0.28591381
v 0.02440519 0.12610032 0.27874366
v 0.01880034 0.12800533 0.27866972
v 0.02147666 0.12757427 0.27478896
v 0.01951496 0.12822781 0.27482591
v 0.01839399 0.12786628 0.28088731
v 0.01651637 0.12913165 0.27486290
v 0.01273310 0.12972956 0.27878062
v 0.00890778 0.13025795 0.28269833
v 0.00889377 0.12981300 0.28657910
v 0.01658643 0.12954879 0.27101909
v 0.00099093 0.13112008 0.29057073
v 0.00499840 0.13074464 0.28661605
v -0.00298851 0.13139819 0.29448844
v -0.00686987 0.13202391 0.29452540
v -0.00895768 0.13255231 0.29249261
v -0.01072320 0.13206562 0.29848007
v -0.01475870 0.13194048 0.30239779
v -0.01286706 0.13252449 0.29629947
v -0.01925659 0.13177362 0.30605679
v 0.09701603 0.08085300 0.13837101
v 0.09701603 0.08082519 0.14232569
v 0.09701603 0.08079738 0.14624340
v 0.09700201 0.08076957 0.14920018
v 0.09701603 0.08085300 0.13441632
v 0.09180352 0.08734670 0.15389405
v 0.09176148 0.08730498 0.15777481
v 0.09170543 0.08723546 0.16172949
v 0.09688992 0.08060271 0.16180341
v 0.09183154 0.08740232 0.15001329
v 0.09695998 0.08078348 0.12314365
v 0.09698800 0.08081129 0.12665481
v 0.09700201 0.08083910 0.13053556
v 0.09162136 0.08712422 0.16564720
v 0.09478810 0.08282754 0.16952797
v 0.09431168 0.08318907 0.17300218
v 0.09449385 0.08264676 0.17728949
v 0.09648356 0.08006041 0.17732645
v 0.09418557 0.08236867 0.18512493
v 0.09400342 0.08221571 0.18907960
v 0.09617530 0.07974059 0.18516189
v 0.09435372 0.08250772 0.18120721
v 0.09599314 0.07954592 0.18911656
v 0.09581098 0.07935125 0.19303428
v 0.09562882 0.07912877 0.19695200
v 0.09404545 0.07896190 0.21635581
v 0.09355504 0.07919829 0.22005177
v 0.09361108 0.07857256 0.22411734
v 0.09558679 0.07562467 0.22415429
v 0.09880958 0.07124455 0.22027353
v 0.09690393 0.07363623 0.22419125
v 0.09843125 0.07125846 0.22415429
v 0.10046301 0.06863039 0.22027353
v 0.10026684 0.06832447 0.22415429
v 0.10005666 0.06801856 0.22803505
v 0.09983246 0.06769874 0.23198973
v 0.10093942 0.06536268 0.23505738
v 0.10225656 0.06349939 0.23191582
v 0.10164003 0.06381921 0.23612921
v 0.10067319 0.06490381 0.23978821
v 0.10361574 0.05934175 0.23934468
v 0.10452652 0.05735332 0.24037955
v 0.10434437 0.05697788 0.24366897
v 0.10410616 0.05647729 0.24766060
v 0.10088337 0.05770095 0.26869063
v 0.10252279 0.05574032 0.26340541
v 0.10361574 0.05156878 0.27112996
v 0.10419024 0.05136020 0.26739704
v 0.10263489 0.05147145 0.27885453
v 0.10473671 0.04914929 0.27109300
v 0.10667038 0.04424077 0.27101909
v 0.10868813 0.04223843 0.26144654
v 0.11241535 0.03402050 0.25135656
v 0.11226122 0.03358944 0.25394373
v 0.11213511 0.03304714 0.25656786
v 0.11154660 0.03231016 0.26303580
v 0.11108420 0.03228235 0.26691656
v 0.11060778 0.03228235 0.27079733
v 0.11203702 0.03029392 0.26303580
v 0.11184085 0.02890341 0.26717528
v 0.11137846 0.02898684 0.27079733
v 0.11269560 0.02491263 0.26717528
v 0.11247140 0.02382803 0.27076037
v 0.11320003 0.02022660 0.27079733
v 0.11203702 0.01891952 0.28118298
v 0.11317201 0.01690327 0.27464113
v 0.11394267 0.00953355 0.27464113
v 0.11305991 0.01313498 0.27848494
v 0.11420891 0.00106532 0.27460418
v 0.11440508 -0.00001928 0.27316274
v 0.02788020 0.13298336 0.12665481
v 0.02765601 0.13292775 0.12314365
v 0.02454531 0.13401236 0.12314365
v 0.02810439 0.13305289 0.13064644
v 0.02461538 0.13438779 0.13456416
v 0.02462939 0.13447121 0.13840797
v 0.02060791 0.13575048 0.14225176
v 0.02465741 0.13452684 0.14225176
v 0.01807171 0.13648746 0.15005024
v 0.02063593 0.13577830 0.14616949
v -0.00192359 0.14049214 0.16952797
v 0.00163549 0.13999155 0.16568416
v 0.00589518 0.13917115 0.16963885
v 0.00970647 0.13846199 0.16572113
v 0.01613804 0.13697414 0.15781177
v 0.01334963 0.13765549 0.16176644
v 0.01595588 0.13697414 0.16172949
v 0.01788956 0.13648746 0.15781177
v 0.02066396 0.13575048 0.15393100
v -0.01925659 0.14178532 0.17326089
v -0.01917251 0.14178532 0.17315001
v -0.01482875 0.14156283 0.17326089
v -0.01028883 0.14128472 0.17333480
v -0.00647753 0.14097882 0.17337177
v -0.00405343 0.14072853 0.17340873
v 0.11280769 -0.00001928 0.28469413
v 0.11259751 0.00107922 0.28613557
v 0.11287775 0.00945012 0.28232872
v 0.11342422 0.00949184 0.27848494
v 0.11217715 0.01686156 0.28192218
v 0.11156061 0.01690327 0.28620948
v 0.11098611 0.01698670 0.29009025
v 0.11108420 0.02028222 0.28624644
v 0.11181283 0.02135292 0.27948283
v 0.11077593 0.02453719 0.28240266
v 0.10986514 0.02900074 0.28236568
v 0.10913652 0.03222674 0.28232872
v 0.10859005 0.03414565 0.28229176
v 0.10802956 0.04062544 0.27090819
v 0.10784740 0.03959646 0.27471505
v 0.10720284 0.03993018 0.27855885
v 0.10665637 0.03993018 0.28247657
v 0.10765123 0.03529977 0.28620948
v 0.11011736 0.03226845 0.27464113
v 0.10507300 0.04273902 0.28650516
v 0.10539528 0.04342037 0.28258744
v 0.10365777 0.04792563 0.28269833
v 0.10175212 0.05094305 0.28668996
v 0.09684788 0.05720036 0.29848007
v 0.09363910 0.05834058 0.31411399
v 0.09335886 0.05790952 0.31707078
v 0.08926732 0.06565469 0.31581415
v 0.08608657 0.06672538 0.32945224
v 0.08483948 0.06860258 0.32941528
v 0.08395672 0.07098035 0.32564541
v 0.08133646 0.07391434 0.32871304
v 0.07821175 0.07494332 0.34109452
v 0.07739905 0.07744625 0.33621585
v 0.07482082 0.07933734 0.34142715
v 0.07629209 0.07964326 0.33311124
v 0.07671245 0.08011603 0.32919352
v 0.07334955 0.08075567 0.34301641
v 0.07362979 0.08107549 0.34035533
v 0.07721689 0.08067224 0.32424093
v 0.06951023 0.08872331 0.32793692
v 0.06696002 0.09012773 0.33333300
v 0.06651163 0.08969667 0.33728767
v 0.06198571 0.08891799 0.36075706
v 0.06272835 0.09343715 0.33728767
v 0.06201374 0.09272799 0.34349689
v 0.05488157 0.08585885 0.40388891
v 0.06110295 0.09580102 0.33340691
v 0.04107963 0.11549070 0.30243478
v 0.06183158 0.09632942 0.32786298
v 0.06003803 0.09752527 0.32934137
v 0.05748782 0.10020895 0.32645852
v 0.05779609 0.10045925 0.32387135
v 0.05845466 0.10102936 0.31803171
v 0.05888903 0.10139089 0.31411399
v 0.05699740 0.10365743 0.31019627
v 0.05504971 0.10515918 0.31019627
v 0.05551211 0.10675828 0.29811049
v 0.05329820 0.10771773 0.30236084
v 0.05769800 0.10419973 0.30372833
v 0.05799226 0.10440830 0.30110420
v 0.05827250 0.10463079 0.29844312
v 0.05136452 0.10909434 0.30239779
v 0.05011744 0.10826003 0.31285739
v 0.05090212 0.10878843 0.30627855
v 0.04850605 0.11104106 0.30239779
v 0.04898246 0.11134697 0.29848007
v 0.04702076 0.11262624 0.29851703
v 0.04504506 0.11550461 0.28687477
v 0.04417630 0.11432267 0.29851703
v 0.04262096 0.11633891 0.29075553
v 0.04161209 0.11578271 0.29851703
v 0.03915996 0.11651968 0.30243478
v 0.03970643 0.11681169 0.29851703
v 0.03642760 0.11845250 0.29851703
v 0.03405955 0.12002377 0.29530155
v 0.03731036 0.11967615 0.28683781
v 0.03261630 0.12083027 0.29422973
v 0.03247618 0.12137257 0.29068159
v 0.03256025 0.12235984 0.28288311
v 0.02851075 0.12308291 0.29060768
v 0.02995400 0.12387550 0.27959372
v 0.03076670 0.12413970 0.27482591
v 0.02852476 0.12458466 0.27844796
v 0.02844069 0.12505743 0.27482591
v 0.02842667 0.12553022 0.27090819
v 0.02440519 0.12655919 0.27482591
v 0.02196708 0.12774113 0.27186915
v 0.02043976 0.12879792 0.26710137
v 0.02056587 0.12833905 0.27076037
v 0.00892180 0.13068903 0.27881757
v 0.01280315 0.13056387 0.27105604
v 0.01665649 0.12995205 0.26717528
v -0.00298851 0.13184314 0.29060768
v 0.00097692 0.13156504 0.28668996
v 0.00499840 0.13117569 0.28273529
v 0.00306473 0.13220467 0.27708046
v -0.00507632 0.13242715 0.28850099
v -0.00658963 0.13238545 0.29097729
v -0.01143782 0.13269136 0.29371229
v -0.00771060 0.13266354 0.28990544
v -0.01069518 0.13376205 0.28292010
v -0.01069518 0.13335881 0.28680083
v -0.01925659 0.13239935 0.30091943
v -0.01925659 0.13217688 0.30276740
v -0.01446444 0.13237154 0.29862792
v -0.01445043 0.13278870 0.29482107
v -0.01471666 0.13366472 0.28680083
v 0.09185956 0.08747185 0.13826013
v 0.09185956 0.08745794 0.14217785
v 0.09184555 0.08743014 0.14613252
v 0.09181753 0.08747185 0.13042469
v 0.08986985 0.08966886 0.15777481
v 0.08981379 0.08959933 0.16169253
v 0.08972972 0.08951590 0.16561025
v 0.08996793 0.08976620 0.14613252
v 0.08993990 0.08973839 0.15001329
v 0.08991188 0.08969667 0.15385709
v 0.09174747 0.08741623 0.12314365
v 0.09178950 0.08745794 0.12658089
v 0.08963163 0.08941857 0.16949101
v 0.09170543 0.08652630 0.17296521
v 0.08926732 0.08901532 0.18117024
v 0.08951954 0.08929342 0.17333480
v 0.08915523 0.08890408 0.18409006
v 0.08904312 0.08879283 0.18671419
v 0.08873486 0.08854254 0.19296037
v 0.09382126 0.08203494 0.19299732
v 0.09363910 0.08184027 0.19691504
v 0.09265826 0.08065833 0.21861034
v 0.09254616 0.08049147 0.22119752
v 0.09242005 0.08028289 0.22408037
v 0.09345695 0.07822494 0.22799808
v 0.09492822 0.07541609 0.23202668
v 0.09562882 0.07498504 0.22796113
v 0.09658165 0.07294098 0.23202668
v 0.09785676 0.07088302 0.23202668
v 0.09639950 0.07253773 0.23598136
v 0.09983246 0.06694787 0.23620312
v 0.10079930 0.06511239 0.23764456
v 0.09875353 0.06726769 0.24381679
v 0.10044900 0.06447275 0.24374288
v 0.10287309 0.05981453 0.24370593
v 0.10239668 0.05982843 0.24769756
v 0.10043499 0.06081570 0.25956161
v 0.10021079 0.06031511 0.26340541
v 0.10012672 0.05950862 0.26736009
v 0.09949617 0.05975891 0.27120387
v 0.10044900 0.05688055 0.27508463
v 0.10018277 0.05635215 0.27892844
v 0.10112158 0.05362674 0.28188523
v 0.10190626 0.05173564 0.28299401
v 0.10451252 0.04842622 0.27493681
v 0.10615193 0.04422687 0.27486290
v 0.10830979 0.04129288 0.26706442
v 0.10851998 0.04180738 0.26403372
v 0.10958490 0.03560569 0.27083428
v 0.10903843 0.03584207 0.27464113
v 0.10885627 0.03486871 0.27844796
v 0.11088803 0.02898684 0.27464113
v 0.11038359 0.02900074 0.27848494
v 0.11217715 0.02281296 0.27460418
v 0.11269560 0.02019879 0.27460418
v 0.11163067 0.02018489 0.28243962
v 0.11265356 0.01687546 0.27848494
v 0.11220517 0.02015708 0.27830014
v 0.11369046 0.00106532 0.27844796
v 0.11388663 -0.00001928 0.27700655
v 0.02972980 0.13228811 0.12665481
v 0.02951962 0.13221859 0.12314365
v 0.02827254 0.13310852 0.13456416
v 0.02992597 0.13235763 0.13064644
v 0.02838464 0.13315023 0.13840797
v 0.02467142 0.13454074 0.14616949
v 0.02884704 0.13306679 0.14631733
v 0.02881901 0.13305289 0.14247352
v -0.00207772 0.14042261 0.17344569
v 0.00156543 0.13983860 0.17351961
v 0.00160747 0.13992203 0.16960189
v 0.00585314 0.13907381 0.17359352
v 0.00969246 0.13837855 0.16963885
v 0.01334963 0.13757206 0.16568416
v 0.02066396 0.13565316 0.16169253
v 0.01550749 0.13691853 0.16956492
v 0.01728703 0.13643185 0.16956492
v 0.02067797 0.13558363 0.16561025
v 0.02066396 0.13570877 0.15777481
v 0.02468544 0.13448511 0.15777481
v 0.02468544 0.13451294 0.15389405
v 0.02468544 0.13452684 0.15005024
v -0.01925659 0.14167408 0.17706773
v -0.01917251 0.14167408 0.17706773
v -0.01482875 0.14145160 0.17717861
v -0.01030284 0.14117350 0.17725252
v -0.00646352 0.14086758 0.17728949
v -0.00423559 0.14064509 0.17736340
v -0.00227389 0.14035308 0.17740036
v 0.11335416 -0.00001928 0.28088731
v 0.11314398 0.00106532 0.28232872
v 0.11300386 0.00555668 0.28232872
v 0.11142049 0.02410614 0.27830014
v 0.09718417 0.05810420 0.29341662
v 0.09701603 0.05765923 0.29600379
v 0.09400342 0.05888288 0.31027021
v 0.08946349 0.06608575 0.31319002
v 0.08771198 0.06746236 0.31803171
v 0.08709544 0.06735111 0.32183856
v 0.08532991 0.06928393 0.32446269
v 0.08509171 0.06892239 0.32697596
v 0.08446116 0.07234306 0.31795780
v 0.08200904 0.07487379 0.32176465
v 0.08164472 0.07435930 0.32553452
v 0.08021549 0.07524924 0.32971095
v 0.07612395 0.07875332 0.33736161
v 0.08032759 0.07625040 0.32549756
v 0.08066388 0.07677880 0.32172770
v 0.07801559 0.07843351 0.32923047
v 0.07816972 0.07915657 0.32549756
v 0.06974843 0.08898751 0.32557147
v 0.08052376 0.07983793 0.31008541
v 0.08111226 0.08050537 0.30406099
v 0.07277505 0.08805587 0.31407704
v 0.07239672 0.08763871 0.31799475
v 0.06534862 0.09233865 0.33052406
v 0.06504035 0.09203274 0.33333300
v 0.06461999 0.09158777 0.33728767
v 0.06317675 0.09386821 0.33336995
v 0.06206978 0.09655191 0.32564541
v 0.06041636 0.09940246 0.31803171
v 0.05999599 0.09902701 0.32183856
v 0.05939347 0.09884625 0.32534974
v 0.06480215 0.09550902 0.31799475
v 0.06083672 0.09975009 0.31411399
v 0.06019216 0.10305951 0.29844312
v 0.05364850 0.10796803 0.29918231
v 0.05869286 0.10493670 0.29456235
v 0.05493762 0.10896919 0.28680083
v 0.05413892 0.10834346 0.29456235
v 0.06058450 0.10339323 0.29456235
v 0.06099085 0.10371306 0.29068159
v 0.05231735 0.11084638 0.28683781
v 0.05011744 0.11202832 0.28898146
v 0.04809970 0.11362742 0.28687477
v 0.04552147 0.11576880 0.28299401
v 0.04358779 0.11688122 0.28299401
v 0.04455463 0.11522651 0.29075553
v 0.04033698 0.11813268 0.28687477
v 0.04057519 0.11692294 0.29445149
v 0.03791288 0.11992644 0.28288311
v 0.03536267 0.12056608 0.28683781
v 0.03602124 0.12078856 0.28288311
v 0.03624544 0.12172020 0.27497376
v 0.03271438 0.12330539 0.27489985
v 0.03330290 0.12354178 0.27090819
v 0.03139725 0.12434828 0.27090819
v 0.02839865 0.12598909 0.26699048
v 0.02404088 0.12715712 0.27072342
v 0.02276578 0.12800533 0.26702746
v 0.02049581 0.12920118 0.26322061
v 0.00893581 0.13110617 0.27493681
v 0.00715627 0.13212125 0.26946678
v 0.01283118 0.13096712 0.26721224
v 0.00959438 0.13177362 0.26717528
v 0.01669853 0.13035529 0.26329452
v -0.00286240 0.13221859 0.28702259
v 0.00083680 0.13201001 0.28280920
v -0.00150323 0.13228811 0.28413974
v 0.00564296 0.13187096 0.27497376
v 0.00508247 0.13241325 0.27094515
v 0.00504044 0.13280260 0.26724919
v 0.00099093 0.13319194 0.27116691
v -0.00405343 0.13253841 0.28591381
v -0.00684185 0.13327537 0.28292010
v -0.00657562 0.13280260 0.28702259
v -0.00678579 0.13445731 0.27124085
v -0.01061111 0.13531943 0.26739704
v -0.01467462 0.13522210 0.27131476
v -0.01879419 0.13263573 0.29859097
v -0.01925659 0.13271917 0.29807353
v -0.01925659 0.13395673 0.28650516
v 0.08998194 0.08978010 0.13822318
v 0.08998194 0.08978010 0.14217785
v 0.08993990 0.08978010 0.13038772
v 0.08464331 0.09562026 0.15773784
v 0.08458727 0.09555073 0.16169253
v 0.08450320 0.09545340 0.16561025
v 0.08631077 0.09390993 0.14613252
v 0.08471338 0.09567588 0.15001329
v 0.09009404 0.08944638 0.12314365
v 0.08989787 0.08978010 0.12654393
v 0.08440512 0.09535606 0.16949101
v 0.08416691 0.09509186 0.17725252
v 0.08402679 0.09493891 0.18117024
v 0.08429301 0.09523091 0.17333480
v 0.08371852 0.09460519 0.18904265
v 0.08321408 0.09443833 0.19684113
v 0.08664706 0.09054489 0.19687808
v 0.08646490 0.09035021 0.20079580
v 0.08610058 0.08996086 0.20859428
v 0.08835653 0.08815320 0.20079580
v 0.08817437 0.08793072 0.20471352
v 0.08799222 0.08770823 0.20859428
v 0.09024817 0.08252162 0.22807201
v 0.08779605 0.08748576 0.21251200
v 0.08741772 0.08702689 0.22027353
v 0.08972972 0.08207665 0.23605528
v 0.09220986 0.08000479 0.22799808
v 0.09330281 0.07782168 0.23198973
v 0.09429768 0.07573591 0.23572264
v 0.09436773 0.07491551 0.23997300
v 0.09414354 0.07458179 0.24389073
v 0.09621733 0.07212058 0.23993605
v 0.09921593 0.06726769 0.23986212
v 0.09599314 0.07173123 0.24385376
v 0.09801089 0.06687834 0.25165223
v 0.09749244 0.06605793 0.25952465
v 0.09854335 0.06342987 0.26340541
v 0.10021079 0.06401388 0.24769756
v 0.10067319 0.06130238 0.25560693
v 0.10095343 0.06196983 0.25039561
v 0.09949617 0.06349939 0.25560693
v 0.09742238 0.06265118 0.27508463
v 0.09899173 0.05973110 0.27508463
v 0.09848730 0.05970329 0.27892844
v 0.10009869 0.05533708 0.28303096
v 0.09939809 0.05564299 0.28676387
v 0.11369046 -0.00001928 0.27844796
v 0.03223797 0.13127303 0.12665481
v 0.03223797 0.13142599 0.13064644
v 0.03279846 0.13088369 0.12314365
v 0.03008011 0.13241325 0.13456416
v 0.03019220 0.13246888 0.13840797
v 0.03030430 0.13252449 0.14391495
v 0.03026226 0.13249668 0.14132777
v 0.02848272 0.13319194 0.15005024
v 0.03030430 0.13252449 0.14775875
v 0.00152339 0.13972735 0.17747428
v 0.00967845 0.13826733 0.17359352
v 0.00581110 0.13894866 0.17751124
v 0.00965043 0.13814217 0.17754821
v 0.01333562 0.13748864 0.16960189
v 0.02468544 0.13442950 0.16165558
v 0.01526929 0.13687680 0.17351961
v 0.01706284 0.13639012 0.17351961
v 0.02069198 0.13548629 0.16952797
v 0.02468544 0.13434606 0.16557329
v 0.02842667 0.13316413 0.15773784
v -0.01925659 0.14154893 0.18091152
v -0.01033086 0.14104835 0.18105937
v -0.01482875 0.14117350 0.18482926
v -0.00649154 0.14074244 0.18113329
v -0.00441775 0.14054776 0.18117024
v -0.00245605 0.14025576 0.18124417
v 0.09733831 0.05857697 0.29071858
v 0.09681986 0.06133019 0.28458327
v 0.09666572 0.06099647 0.28676387
v 0.09638548 0.06038464 0.29071858
v 0.09541864 0.05981453 0.29855401
v 0.09111692 0.06399997 0.31030717
v 0.08967368 0.06655852 0.31027021
v 0.08856671 0.06828276 0.31023323
v 0.08587638 0.07024338 0.31799475
v 0.08619866 0.07079959 0.31407704
v 0.08483948 0.07281583 0.31404008
v 0.08216317 0.07566639 0.31780998
v 0.08114029 0.07746015 0.31644245
v 0.07905248 0.07894800 0.32165375
v 0.07011275 0.08937686 0.32180161
v 0.06663774 0.09367354 0.31799475
v 0.07350368 0.08884846 0.30624160
v 0.07306931 0.08838959 0.31086156
v 0.08135047 0.07776606 0.31400312
v 0.08397073 0.07504066 0.31001150
v 0.08510572 0.07313565 0.31126810
v 0.08221922 0.07928172 0.30261955
v 0.08307396 0.07900362 0.29851703
v 0.08443314 0.07969888 0.28676387
v 0.08502165 0.08057490 0.27892844
v 0.08157466 0.08106158 0.29848007
v 0.07682455 0.08816710 0.29071858
v 0.07648826 0.08779167 0.29459931
v 0.06247614 0.09692734 0.32183856
v 0.06288249 0.09728887 0.31799475
v 0.06520850 0.09588446 0.31407704
v 0.06206978 0.10076516 0.30232388
v 0.06244812 0.10111279 0.29844312
v 0.06138319 0.10403287 0.28680083
v 0.05947754 0.10553462 0.28680083
v 0.05734770 0.10775945 0.28292010
v 0.05695536 0.10745353 0.28680083
v 0.05531594 0.10927511 0.28292010
v 0.05313005 0.11144431 0.27903933
v 0.05272370 0.11115230 0.28292010
v 0.05034164 0.11219518 0.28683781
v 0.05076200 0.11248719 0.28292010
v 0.04809970 0.11418361 0.28295705
v 0.04613800 0.11611643 0.27770879
v 0.04435846 0.11696465 0.27903933
v 0.04026692 0.11870279 0.28295705
v 0.04406420 0.11764600 0.27512161
v 0.03822115 0.12005159 0.28081337
v 0.03617538 0.12223470 0.27098213
v 0.03854343 0.12021845 0.27818924
v 0.03373727 0.12372255 0.26776663
v 0.03235007 0.12443171 0.26665785
v 0.03213989 0.12490448 0.26310971
v 0.02837063 0.12640623 0.26310971
v 0.02544209 0.12746302 0.26314670
v 0.02485358 0.12726836 0.26702746
v 0.02341033 0.12818610 0.26318365
v 0.02401285 0.12836686 0.25930289
v 0.02052384 0.12957661 0.25937680
v 0.01671254 0.13074464 0.25941376
v 0.00767472 0.13223249 0.26721224
v 0.01285920 0.13137037 0.26333147
v 0.01043511 0.13196830 0.26333147
v -0.00293246 0.13306679 0.27900238
v -0.00284839 0.13264964 0.28288311
v 0.00852946 0.13242715 0.26333147
v 0.00505445 0.13355347 0.25952465
v 0.00100495 0.13356739 0.26728618
v -0.00289042 0.13499961 0.25959856
v -0.00290444 0.13424873 0.26732313
v -0.00291845 0.13385939 0.27124085
v -0.00677178 0.13484666 0.26736009
v -0.00674376 0.13522210 0.26347933
v -0.00671574 0.13558363 0.25963552
v -0.01056907 0.13604249 0.25967247
v -0.01191423 0.13662651 0.25449812
v -0.01466061 0.13559753 0.26743400
v -0.01925659 0.13545848 0.27131476
v -0.01925659 0.13508305 0.27515857
v -0.01925659 0.13434606 0.28262439
v 0.08632477 0.09390993 0.13822318
v 0.08472740 0.09573150 0.14221481
v 0.08472740 0.09570369 0.14613252
v 0.08467134 0.09571760 0.13035077
v 0.08469937 0.09574540 0.13826013
v 0.08824444 0.09165729 0.12650696
v 0.08629675 0.09385430 0.12647001
v 0.08268162 0.09763650 0.15777481
v 0.08262558 0.09758089 0.16169253
v 0.08254150 0.09751136 0.16564720
v 0.08276570 0.09770603 0.14613252
v 0.08273767 0.09769212 0.15001329
v 0.08985583 0.08973839 0.12314365
v 0.08653496 0.09352059 0.12314365
v 0.08244342 0.09741403 0.16949101
v 0.08233132 0.09730278 0.17337177
v 0.08220521 0.09717763 0.17728949
v 0.08206509 0.09705249 0.18120721
v 0.08191096 0.09691344 0.18512493
v 0.08175682 0.09676048 0.18904265
v 0.08160269 0.09659362 0.19296037
v 0.08143454 0.09642676 0.19687808
v 0.08115430 0.09614866 0.20297642
v 0.08290581 0.09439661 0.20075885
v 0.08102819 0.09602351 0.20556360
v 0.08572225 0.08955762 0.21639277
v 0.08552608 0.08934904 0.22031048
v 0.08534393 0.08912657 0.22419125
v 0.08645088 0.08722156 0.22844159
v 0.08507770 0.08873722 0.22999390
v 0.08998194 0.08231304 0.23202668
v 0.08954757 0.08172903 0.24000997
v 0.09199969 0.07965716 0.23198973
v 0.08943546 0.08146483 0.24267106
v 0.09321874 0.07757139 0.23420730
v 0.08930936 0.08121453 0.24525823
v 0.09387731 0.07426197 0.24777148
v 0.09361108 0.07392825 0.25165223
v 0.09316269 0.07333032 0.25808321
v 0.09724022 0.06564078 0.26340541
v 0.09900575 0.06348549 0.25952465
v 0.09697399 0.06523753 0.26728618
v 0.09683386 0.06500115 0.26942983
v 0.09806693 0.06336034 0.26728618
v 0.09750645 0.06348549 0.27090819
v 0.09662369 0.06473695 0.27201700
v 0.09638548 0.06440323 0.27508463
v 0.09717016 0.06213669 0.27892844
v 0.09698800 0.06169172 0.28199609
v 0.09757651 0.05924442 0.28676387
v 0.03623143 0.12956271 0.12665481
v 0.03222396 0.13153724 0.13456416
v 0.03621742 0.12984081 0.13456416
v 0.03621742 0.12971566 0.13064644
v 0.03653969 0.12927070 0.12314365
v 0.03225199 0.13162067 0.13840797
v 0.03188767 0.13187096 0.14631733
v 0.03624544 0.12997986 0.14225176
v 0.03187366 0.13184314 0.14247352
v 0.03030430 0.13251059 0.15001329
v 0.03229402 0.13169019 0.15005024
v 0.00146734 0.13960221 0.18131809
v 0.01332160 0.13737738 0.17355657
v 0.01358783 0.13719663 0.17736340
v 0.00576907 0.13880962 0.18139200
v 0.00962240 0.13800312 0.18139200
v 0.01511516 0.13684900 0.17599591
v 0.02823050 0.13309462 0.16557329
v 0.02837063 0.13312241 0.16165558
v 0.02069198 0.13537505 0.17348264
v 0.01653038 0.13641795 0.17732645
v 0.02468544 0.13424873 0.16949101
v 0.02807637 0.13305289 0.16945404
v 0.03026226 0.13246888 0.15773784
v 0.03027627 0.13249668 0.15385709
v -0.01925659 0.14124302 0.18863609
v -0.01914449 0.14124302 0.18863609
v -0.01915850 0.14139598 0.18475533
v -0.00653358 0.14060339 0.18494012
v -0.01034488 0.14074244 0.18874698
v -0.01470265 0.14083977 0.19262774
v -0.01030284 0.14057556 0.19270165
v -0.00474003 0.14036700 0.18723163
v -0.00461392 0.14043652 0.18497709
v -0.00265222 0.14013061 0.18505100
v 0.09312065 0.06544611 0.29249261
v 0.09023416 0.06765703 0.30258260
v 0.08888899 0.06881115 0.30638945
v 0.08303192 0.07538828 0.31404008
v 0.07049107 0.08973839 0.31799475
v 0.06831919 0.09505015 0.30232388
v 0.07386799 0.08922390 0.30236084
v 0.08709544 0.07145313 0.30631551
v 0.08771198 0.07148094 0.30250869
v 0.08853869 0.07216229 0.29471021
v 0.08554010 0.07370576 0.30627855
v 0.08881893 0.07266287 0.29075553
v 0.08898708 0.07294098 0.28842707
v 0.08517578 0.08078348 0.27689565
v 0.08188293 0.08143702 0.29459931
v 0.07717486 0.08851474 0.28680083
v 0.07420428 0.08958543 0.29848007
v 0.06327483 0.09763650 0.31407704
v 0.06599318 0.09660753 0.30624160
v 0.06635750 0.09695516 0.30232388
v 0.06194368 0.10447783 0.28103513
v 0.06673582 0.09727497 0.29840616
v 0.06710014 0.09759479 0.29452540
v 0.06026222 0.10556244 0.28258744
v 0.06002402 0.10627160 0.27903933
v 0.05771202 0.10805145 0.27903933
v 0.05568026 0.10958101 0.27903933
v 0.05353640 0.11172241 0.27515857
v 0.05116835 0.11276529 0.27903933
v 0.04845000 0.11501793 0.27515857
v 0.04640423 0.11629720 0.27512161
v 0.04091148 0.11937024 0.27508463
v 0.04000069 0.11931461 0.27933501
v 0.04405019 0.11816049 0.27112996
v 0.03572699 0.12291605 0.26669480
v 0.03894978 0.12039922 0.27504767
v 0.03945421 0.12062170 0.27105604
v 0.04011279 0.12119180 0.26318365
v 0.04011279 0.12162287 0.25930289
v 0.03635754 0.12301339 0.26310971
v 0.03428374 0.12397284 0.26310971
v 0.02831458 0.12682339 0.25926593
v 0.03211186 0.12571098 0.25534822
v 0.02600258 0.12765770 0.25926593
v 0.02478352 0.12846420 0.25560693
v 0.02444723 0.12899260 0.25146745
v 0.02055186 0.12995205 0.25545908
v 0.01671254 0.13112008 0.25549604
v 0.01392412 0.13185704 0.25553299
v 0.01274711 0.13174580 0.25978337
v 0.01137392 0.13219077 0.25874850
v 0.01086948 0.13206562 0.26129869
v 0.00937019 0.13256620 0.25982032
v 0.00900587 0.13305289 0.25556998
v 0.00096291 0.13469369 0.25564389
v 0.00097692 0.13431826 0.25956161
v 0.00501241 0.13429045 0.25168922
v -0.00667370 0.13593126 0.25575476
v -0.00287641 0.13570877 0.25180008
v -0.00820102 0.13658480 0.25050649
v -0.00937804 0.13648746 0.25313062
v -0.01061111 0.13639012 0.25579171
v -0.01047099 0.13702975 0.24803020
v -0.01041494 0.13764159 0.24012084
v -0.01468864 0.13762769 0.24407551
v -0.01466061 0.13730786 0.24806717
v -0.01464660 0.13698806 0.25202184
v -0.01466061 0.13652917 0.25723315
v -0.01466061 0.13630669 0.25974638
v -0.01464660 0.13595906 0.26355324
v -0.01901838 0.13582001 0.26743400
v -0.01925659 0.13583392 0.26739704
v 0.08276570 0.09773384 0.14221481
v 0.08273767 0.09776165 0.13826013
v 0.08269563 0.09773384 0.13035077
v 0.08272366 0.09774774 0.13430544
v 0.08464331 0.09570369 0.12643305
v 0.08268162 0.09770603 0.12643305
v 0.08600249 0.09411850 0.12314365
v 0.07864613 0.10159947 0.15777481
v 0.07859008 0.10154385 0.16172949
v 0.07850601 0.10147432 0.16564720
v 0.07873020 0.10165509 0.14613252
v 0.07870218 0.10164118 0.15001329
v 0.07839391 0.10137698 0.16949101
v 0.07623605 0.10325419 0.17337177
v 0.07814169 0.10114060 0.17728949
v 0.07599784 0.10297608 0.18120721
v 0.07587173 0.10282312 0.18512493
v 0.07787547 0.10086250 0.18512493
v 0.07772133 0.10069564 0.18907960
v 0.07755318 0.10052878 0.19299732
v 0.07578765 0.10187758 0.19713680
v 0.07923464 0.09820661 0.20079580
v 0.07525520 0.10205834 0.20083276
v 0.07894039 0.09777556 0.20859428
v 0.07850601 0.09744183 0.21642972
v 0.07828181 0.09727497 0.22031048
v 0.08086005 0.09588446 0.20859428
v 0.08165874 0.09324248 0.22419125
v 0.08185490 0.09347887 0.22027353
v 0.08104221 0.09239427 0.23690536
v 0.08088807 0.09218569 0.23986212
v 0.08203706 0.08973839 0.24773453
v 0.08474140 0.08825054 0.23601833
v 0.08425098 0.08763871 0.24385376
v 0.08566621 0.08528875 0.24780845
v 0.08743173 0.08311954 0.24780845
v 0.08667508 0.08339765 0.25187399
v 0.08667508 0.08277191 0.25568084
v 0.08915523 0.08097815 0.24777148
v 0.08890300 0.08058880 0.25172617
v 0.08865079 0.08017165 0.25568084
v 0.08537195 0.08103377 0.27434546
v 0.08970170 0.07392825 0.27889148
v 0.09296652 0.07306612 0.26067039
v 0.09277035 0.07277412 0.26336843
v 0.09247610 0.07237087 0.26724919
v 0.09219586 0.07193981 0.27112996
v 0.09256017 0.06868601 0.28277224
v 0.09226591 0.06821323 0.28680083
v 0.09141118 0.06769874 0.29471021
v 0.03843133 0.12858934 0.12665481
v 0.03857145 0.12867277 0.13064644
v 0.03623143 0.12992424 0.13844492
v 0.03873960 0.12878402 0.13844492
v 0.03745048 0.12886744 0.12314365
v 0.03625945 0.13000766 0.14616949
v 0.03625945 0.13000766 0.15008721
v 0.03882367 0.12885355 0.14620645
v 0.03879565 0.12882573 0.14228873
v 0.03230803 0.13163456 0.15773784
v 0.00142531 0.13943534 0.18512493
v 0.00571302 0.13865665 0.18519884
v 0.01304136 0.13716881 0.18135505
v 0.01480689 0.13672385 0.18131809
v 0.01494701 0.13679338 0.17858308
v 0.00956635 0.13785017 0.18519884
v 0.01288723 0.13704367 0.18516189
v 0.01683865 0.13618154 0.18128112
v 0.03008011 0.13239935 0.16553632
v 0.03020621 0.13242715 0.16161860
v 0.02468544 0.13413749 0.17344569
v 0.02069198 0.13524990 0.17740036
v 0.02067797 0.13511085 0.18124417
v 0.02790823 0.13299728 0.17340873
v 0.02993998 0.13234373 0.16945404
v 0.03233606 0.13156504 0.16161860
v -0.01925659 0.14109006 0.19240598
v -0.00740233 0.14035308 0.19270165
v -0.01925659 0.14089539 0.19647153
v -0.01911647 0.14068681 0.20042622
v -0.01463258 0.14063119 0.19654546
v -0.01014870 0.14036700 0.19650850
v -0.00874749 0.14021403 0.19772815
v -0.00799084 0.14028356 0.19514099
v -0.00503428 0.14028356 0.18981880
v -0.00279234 0.13978297 0.19281253
v -0.00318468 0.14004718 0.18871002
v 0.00141130 0.13925459 0.18900569
v 0.08933738 0.06961765 0.30047590
v 0.09041632 0.06825494 0.29896055
v 0.06869752 0.09542559 0.29840616
v 0.06941214 0.09613475 0.29064464
v 0.06906184 0.09578712 0.29452540
v 0.08970170 0.07042415 0.29471021
v 0.08996793 0.07091083 0.29079249
v 0.07760923 0.08894579 0.28181128
v 0.07738504 0.08872331 0.28439846
v 0.07455459 0.08991915 0.29459931
v 0.06958028 0.09630161 0.28868579
v 0.06977645 0.09653800 0.28609862
v 0.06812303 0.09916607 0.27907629
v 0.06879561 0.09979180 0.27131476
v 0.06499832 0.10383819 0.26743400
v 0.06533461 0.10413021 0.26359019
v 0.06243410 0.10493670 0.27519553
v 0.05971575 0.10707810 0.27512161
v 0.05818843 0.10844079 0.27379104
v 0.05838460 0.10864937 0.27127781
v 0.05568026 0.11072124 0.27098213
v 0.05406886 0.11213956 0.26946678
v 0.05383066 0.11194489 0.27209091
v 0.05156069 0.11302950 0.27515857
v 0.05205112 0.11373866 0.26728618
v 0.04882833 0.11528212 0.27120387
v 0.04716089 0.11682560 0.26721224
v 0.04140190 0.11960662 0.27109300
v 0.04178023 0.11978739 0.26787752
v 0.04424636 0.11899479 0.26325756
v 0.04207448 0.11994035 0.26525339
v 0.04033698 0.12066341 0.26676874
v 0.04267701 0.12030188 0.25933985
v 0.04305533 0.12052436 0.25545908
v 0.04012680 0.12202612 0.25542213
v 0.03676389 0.12323586 0.25926593
v 0.03554483 0.12459857 0.25143050
v 0.02891710 0.12737960 0.25139351
v 0.02703947 0.12806094 0.25143050
v 0.03211186 0.12610032 0.25143050
v 0.02446124 0.12935413 0.24751276
v 0.02055186 0.13032748 0.25150441
v 0.01725901 0.13169019 0.24754973
v 0.01640427 0.13157894 0.25139351
v 0.01493300 0.13210735 0.25002601
v 0.01304136 0.13245497 0.25146745
v 0.01199045 0.13234373 0.25553299
v 0.00900587 0.13341442 0.25165223
v 0.00090686 0.13538895 0.24780845
v 0.00901988 0.13376205 0.24769756
v 0.00498439 0.13463808 0.24773453
v -0.00461392 0.13650137 0.24588653
v -0.00679981 0.13629279 0.25180008
v -0.00286240 0.13604249 0.24788236
v -0.00729023 0.13668212 0.24795627
v -0.00640747 0.13721053 0.24004693
v -0.00633741 0.13750254 0.23616616
v -0.01040092 0.13822560 0.23232236
v -0.01474468 0.13822560 0.23624007
v -0.01925659 0.13754425 0.24806717
v -0.01925659 0.13846199 0.23624007
v -0.01925659 0.13818389 0.23989908
v -0.01925659 0.13721053 0.25202184
v -0.01925659 0.13684900 0.25619828
v -0.01925659 0.13679338 0.25682658
v -0.01925659 0.13644574 0.26070734
v -0.01925659 0.13609811 0.26451420
v 0.08063585 0.09977790 0.13430544
v 0.07873020 0.10165509 0.13826013
v 0.07870218 0.10162728 0.13035077
v 0.08461529 0.09566197 0.12314365
v 0.08432104 0.09598179 0.12314365
v 0.08265360 0.09766432 0.12314365
v 0.08057980 0.09975009 0.12647001
v 0.07661438 0.10362962 0.15385709
v 0.07658635 0.10360181 0.15773784
v 0.07653030 0.10354619 0.16172949
v 0.07644623 0.10346276 0.16564720
v 0.07634814 0.10336542 0.16949101
v 0.07664240 0.10367134 0.14613252
v 0.07662838 0.10365743 0.15001329
v 0.07433040 0.10500623 0.17337177
v 0.07420428 0.10489499 0.17728949
v 0.07407817 0.10476984 0.18117024
v 0.07393806 0.10463079 0.18512493
v 0.07376992 0.10449174 0.18907960
v 0.07348967 0.10429706 0.19477139
v 0.07568957 0.10267016 0.18907960
v 0.07511507 0.10286484 0.19329299
v 0.07318140 0.10406068 0.20083276
v 0.07298523 0.10389382 0.20475048
v 0.07277505 0.10372696 0.20866819
v 0.07416225 0.10125184 0.22034744
v 0.07805762 0.09709421 0.22415429
v 0.08043968 0.09548121 0.21639277
v 0.08022950 0.09527263 0.22027353
v 0.08000531 0.09506406 0.22415429
v 0.07979513 0.09482767 0.22807201
v 0.07861811 0.09470252 0.23945557
v 0.07871620 0.09404898 0.24370593
v 0.08066388 0.09189369 0.24374288
v 0.08036962 0.09164339 0.24769756
v 0.08181287 0.08939076 0.25176313
v 0.08164472 0.08916828 0.25438726
v 0.08640885 0.08241038 0.25959856
v 0.08125238 0.08868159 0.25974638
v 0.04049111 0.12757427 0.12669177
v 0.04000069 0.12765770 0.12314365
v 0.03911792 0.12808876 0.12314365
v 0.03826319 0.12850591 0.12314365
v 0.04079938 0.12778285 0.13851885
v 0.04071531 0.12772723 0.13463809
v 0.04063124 0.12765770 0.13068341
v 0.03882367 0.12885355 0.15012417
v 0.03625945 0.12997986 0.15393100
v 0.03879565 0.12883963 0.15396796
v 0.04086944 0.12783847 0.14628036
v 0.04084142 0.12782455 0.14236264
v 0.04086944 0.12785236 0.15019808
v 0.03627346 0.12993814 0.15777481
v 0.00560092 0.13829512 0.19296037
v 0.01465275 0.13658480 0.18512493
v 0.01676858 0.13584782 0.18896874
v 0.00949629 0.13766939 0.18904265
v 0.01241081 0.13676556 0.19292341
v 0.01271908 0.13689070 0.18900569
v 0.01420437 0.13632059 0.19292341
v 0.01448461 0.13644574 0.18896874
v 0.02064994 0.13494400 0.18508797
v 0.03237809 0.13135646 0.16945404
v 0.03236408 0.13146771 0.16557329
v 0.02468544 0.13401236 0.17736340
v 0.02467142 0.13385939 0.18124417
v 0.02774008 0.13292775 0.17732645
v 0.02977184 0.13228811 0.17340873
v 0.03628747 0.12986861 0.16165558
v 0.03628747 0.12978518 0.16557329
v -0.01925659 0.14068681 0.20057404
v -0.01890629 0.14043652 0.20463961
v -0.00629537 0.13982470 0.20068494
v -0.00663166 0.14008889 0.19654546
v -0.01009266 0.13922676 0.21665148
v -0.00560878 0.14018623 0.19273860
v -0.00276432 0.13957440 0.19676722
v 0.00138327 0.13905991 0.19288646
v 0.07292919 0.09580102 0.27135172
v 0.07783343 0.08918218 0.27907629
v 0.07322344 0.09616256 0.26743400
v 0.07002867 0.09681610 0.28292010
v 0.07092545 0.09781727 0.27131476
v 0.06913189 0.10008381 0.26739704
v 0.07030892 0.09716373 0.27907629
v 0.06586707 0.10458907 0.25727010
v 0.06310668 0.10549291 0.26743400
v 0.06069660 0.10741182 0.26739704
v 0.06036031 0.10711981 0.27131476
v 0.05869286 0.10895529 0.26739704
v 0.05626877 0.11079077 0.26732313
v 0.05657703 0.11108278 0.26347933
v 0.05423701 0.11230642 0.26728618
v 0.04919264 0.11554633 0.26724919
v 0.05454527 0.11258453 0.26340541
v 0.05226130 0.11501793 0.25560693
v 0.05165878 0.11496230 0.25922895
v 0.04982319 0.11599129 0.26033776
v 0.04751119 0.11707589 0.26329452
v 0.04498901 0.11946757 0.25549604
v 0.04535332 0.11970396 0.25154136
v 0.04341965 0.12074685 0.25150441
v 0.04014081 0.12242936 0.25146745
v 0.03717024 0.12344444 0.25534822
v 0.03756258 0.12365302 0.25143050
v 0.03787084 0.12383379 0.24817804
v 0.03634353 0.12464029 0.24710621
v 0.03610532 0.12508524 0.24355808
v 0.03211186 0.12647575 0.24747581
v 0.02940752 0.12756036 0.24747581
v 0.02754391 0.12824171 0.24747581
v 0.02052384 0.13068903 0.24751276
v 0.02802032 0.12842249 0.24355808
v 0.02446124 0.12970176 0.24355808
v 0.01832393 0.13194048 0.24111875
v 0.01536737 0.13220467 0.24758669
v 0.01605397 0.13235763 0.24363202
v 0.01288723 0.13316413 0.24366897
v 0.01287321 0.13283041 0.24762365
v 0.00078075 0.13605640 0.24000997
v -0.00060645 0.13640403 0.23879029
v -0.00141915 0.13633451 0.24137747
v 0.00903389 0.13409578 0.24374288
v 0.00495637 0.13527771 0.23986212
v -0.00371714 0.13657090 0.24322545
v -0.00269426 0.13697414 0.23612921
v -0.00265222 0.13726615 0.23224845
v -0.00629537 0.13778064 0.23228540
v -0.01475870 0.13851760 0.23232236
v -0.00625333 0.13805875 0.22836768
v -0.01037290 0.13850370 0.22840464
v -0.01925659 0.13876791 0.23210059
v 0.07664240 0.10367134 0.13826013
v 0.07866014 0.10161338 0.12647001
v 0.07655832 0.10362962 0.12647001
v 0.07658635 0.10364353 0.13035077
v 0.07861811 0.10158556 0.12314365
v 0.07468070 0.10531214 0.15777481
v 0.07475076 0.10535386 0.15001329
v 0.07463866 0.10525652 0.16172949
v 0.07455459 0.10518699 0.16564720
v 0.07444249 0.10510357 0.16949101
v 0.07476477 0.10536776 0.14217785
v 0.07217253 0.10700857 0.16949101
v 0.07204642 0.10691123 0.17337177
v 0.06994460 0.10845470 0.17728949
v 0.06980448 0.10834346 0.18120721
v 0.07128977 0.10686952 0.18482926
v 0.07164007 0.10628550 0.18907960
v 0.07196234 0.10570149 0.19329299
v 0.07142988 0.10586835 0.19695200
v 0.07123371 0.10572929 0.20086973
v 0.07103754 0.10557633 0.20475048
v 0.07082737 0.10542338 0.20866819
v 0.07023886 0.10492280 0.22034744
v 0.07004269 0.10474204 0.22419125
v 0.07235469 0.10336542 0.21650365
v 0.07196234 0.10297608 0.22419125
v 0.07567556 0.09898530 0.22803505
v 0.07762324 0.09667705 0.23191582
v 0.07731498 0.09630161 0.23786631
v 0.07690862 0.09595398 0.24370593
v 0.07843595 0.09375697 0.24769756
v 0.07713282 0.09614866 0.24049044
v 0.07999129 0.09140700 0.25180008
v 0.07909452 0.09043364 0.26362715
v 0.07846397 0.08982182 0.27135172
v 0.04403618 0.12576659 0.12672872
v 0.04353174 0.12587785 0.12314365
v 0.04424636 0.12597517 0.13855580
v 0.04419031 0.12591956 0.13467504
v 0.04430241 0.12601690 0.14239961
v 0.04412025 0.12585003 0.13072037
v 0.03875361 0.12882573 0.15781177
v 0.04084142 0.12783847 0.15404189
v 0.04433044 0.12603080 0.14631733
v 0.04431642 0.12604470 0.15027200
v 0.04430241 0.12604470 0.15411581
v 0.00132722 0.13885133 0.19687808
v 0.00551685 0.13808655 0.19691504
v 0.00935617 0.13728006 0.19691504
v 0.01672655 0.13566706 0.19292341
v 0.02063593 0.13476322 0.18896874
v 0.01197644 0.13665432 0.19687808
v 0.01378400 0.13620937 0.19687808
v 0.01668451 0.13547238 0.19684113
v 0.03628747 0.12953489 0.17340873
v 0.03628747 0.12967395 0.16945404
v 0.03237809 0.13107835 0.17732645
v 0.02759996 0.13281651 0.18120721
v 0.02465741 0.13367862 0.18508797
v 0.02744582 0.13269136 0.18508797
v 0.02961770 0.13220467 0.17732645
v 0.03868355 0.12878402 0.16169253
v 0.03859948 0.12874229 0.16561025
v -0.01925659 0.14039481 0.20571144
v -0.01464660 0.13926849 0.22060616
v -0.00266623 0.13932412 0.20075885
v -0.01020475 0.13900429 0.22056920
v -0.00607118 0.13907381 0.21277072
v 0.00129920 0.13862886 0.20083276
v 0.07350368 0.09649629 0.26362715
v 0.07369985 0.09671876 0.26096606
v 0.07121970 0.09812319 0.26743400
v 0.06990257 0.10070954 0.25830498
v 0.06759057 0.10321247 0.25590261
v 0.06344297 0.10575710 0.26359019
v 0.06609126 0.10475593 0.25464597
v 0.06131313 0.10796803 0.25970943
v 0.05900113 0.10924730 0.26351628
v 0.05687129 0.11136087 0.25963552
v 0.05715153 0.11163898 0.25571780
v 0.05511977 0.11311292 0.25568084
v 0.05024355 0.11629720 0.25556998
v 0.05254154 0.11528212 0.25165223
v 0.05056583 0.11654749 0.25161527
v 0.04800161 0.11768771 0.25553299
v 0.04802964 0.11810487 0.25157832
v 0.04804365 0.11852202 0.24762365
v 0.04568961 0.11992644 0.24758669
v 0.04378396 0.12095542 0.24754973
v 0.04035099 0.12308291 0.24355808
v 0.03974847 0.12304119 0.24714317
v 0.03810905 0.12397284 0.24555391
v 0.03827720 0.12408408 0.24352112
v 0.03611933 0.12543288 0.23967733
v 0.03211186 0.12683730 0.24355808
v 0.02986992 0.12774113 0.24352112
v 0.02447525 0.13003548 0.23967733
v 0.02049581 0.13103664 0.24355808
v 0.02866488 0.12850591 0.23993605
v 0.02020156 0.13145380 0.23975125
v 0.01901053 0.13214906 0.23583354
v 0.01662847 0.13342833 0.22807201
v 0.01661445 0.13283041 0.23587049
v 0.01689470 0.13244107 0.23978821
v 0.01290124 0.13348394 0.23975125
v 0.00320485 0.13630669 0.23113966
v 0.00015020 0.13648746 0.23609225
v -0.00261018 0.13664042 0.24008388
v 0.00906192 0.13470760 0.23594440
v 0.00495637 0.13558363 0.23598136
v 0.00097692 0.13691853 0.22829377
v -0.00261018 0.13754425 0.22836768
v -0.01473067 0.13878181 0.22844159
v -0.00258216 0.13782235 0.22444996
v -0.00619729 0.13832294 0.22448692
v -0.00615525 0.13858713 0.22056920
v -0.01925659 0.13901819 0.22844159
v 0.07473675 0.10533995 0.13430544
v 0.07466669 0.10531214 0.12650696
v 0.07470872 0.10532604 0.13035077
v 0.07650227 0.10358790 0.12314365
v 0.07461064 0.10527042 0.12314365
v 0.07245277 0.10724496 0.15389405
v 0.07241074 0.10721714 0.15777481
v 0.07248079 0.10725886 0.15005024
v 0.07235469 0.10716152 0.16176644
v 0.07227061 0.10709200 0.16568416
v 0.07249481 0.10727276 0.14221481
v 0.07016879 0.10867719 0.16952797
v 0.06777272 0.11022066 0.17732645
v 0.06547473 0.11187536 0.18124417
v 0.06775871 0.11001208 0.18124417
v 0.06808099 0.10952540 0.18482926
v 0.06750649 0.10972007 0.18911656
v 0.06960831 0.10819050 0.18593804
v 0.06946819 0.10809316 0.18911656
v 0.06910387 0.10782897 0.19695200
v 0.06890770 0.10767601 0.20086973
v 0.06871153 0.10752305 0.20475048
v 0.06850135 0.10737010 0.20866819
v 0.06809500 0.10703638 0.21646668
v 0.06789883 0.10685561 0.22034744
v 0.06963633 0.10438050 0.23187885
v 0.07176617 0.10275360 0.22803505
v 0.07350368 0.10065392 0.23191582
v 0.07546537 0.09876282 0.23191582
v 0.07134581 0.10232253 0.23561177
v 0.07081335 0.10187758 0.24377984
v 0.07493292 0.09787290 0.24374288
v 0.07459662 0.09767822 0.24777148
v 0.07424632 0.09746964 0.25187399
v 0.07399411 0.09716373 0.25590261
v 0.07660036 0.09568978 0.24769756
v 0.07811367 0.09345106 0.25183704
v 0.07791750 0.09327030 0.25423941
v 0.04619405 0.12462637 0.12672872
v 0.04608195 0.12454295 0.12314365
v 0.04393810 0.12566927 0.12314365
v 0.04643225 0.12479324 0.13859276
v 0.04629213 0.12468200 0.13072037
v 0.04651633 0.12484885 0.14635429
v 0.04648830 0.12482105 0.14243657
v 0.04880030 0.12355568 0.14243657
v 0.04074333 0.12778285 0.16176644
v 0.04079938 0.12782455 0.15788569
v 0.04650231 0.12484885 0.15027200
v 0.04648830 0.12484885 0.15415277
v 0.04426038 0.12601690 0.15795960
v 0.04644627 0.12483495 0.15799656
v 0.00128519 0.13839246 0.20486137
v 0.00534870 0.13764159 0.20486137
v 0.00928611 0.13705758 0.20086973
v 0.01148602 0.13654308 0.20083276
v 0.02060791 0.13456855 0.19292341
v 0.02462939 0.13349786 0.18896874
v 0.01330759 0.13609811 0.20083276
v 0.01665649 0.13524990 0.20079580
v 0.02056587 0.13437389 0.19684113
v 0.03836127 0.12860324 0.17340873
v 0.03665179 0.12922898 0.17728949
v 0.03827720 0.12854763 0.17595894
v 0.03850139 0.12867277 0.16949101
v 0.03236408 0.13092540 0.18120721
v 0.02933746 0.13196830 0.18505100
v 0.02947758 0.13209343 0.18120721
v 0.02709552 0.13242715 0.19288646
v 0.02729169 0.13255231 0.18896874
v 0.02918333 0.13182924 0.18896874
v 0.04056118 0.12767160 0.16952797
v 0.04065926 0.12772723 0.16568416
v -0.01925659 0.14000545 0.21243809
v -0.01925659 0.13926849 0.22456085
v -0.01899036 0.13925459 0.22456085
v -0.01468864 0.13903210 0.22452387
v -0.00247006 0.13879571 0.20885300
v 0.00117309 0.13793359 0.21269681
v -0.00255413 0.13832294 0.21665148
v -0.00251210 0.13855933 0.21277072
v 0.07032293 0.10125184 0.25187399
v 0.07007071 0.10091812 0.25582870
v 0.07151396 0.09841519 0.26359019
v 0.06823512 0.10319856 0.25183704
v 0.06377927 0.10599349 0.25974638
v 0.06162140 0.10823222 0.25582870
v 0.06855740 0.10347666 0.24777148
v 0.06632947 0.10492280 0.25180008
v 0.06368118 0.10711981 0.25157832
v 0.06031827 0.10976179 0.25154136
v 0.05995395 0.11049875 0.24769756
v 0.05741776 0.11191708 0.25172617
v 0.05772603 0.11216738 0.24766060
v 0.05541403 0.11336321 0.25168922
v 0.05282179 0.11553242 0.24766060
v 0.05087410 0.11678388 0.24766060
v 0.05118236 0.11700636 0.24366897
v 0.04770736 0.11913385 0.24355808
v 0.04591380 0.12007940 0.24481471
v 0.04445655 0.12098323 0.24355808
v 0.04419031 0.12148382 0.23971428
v 0.04067327 0.12327758 0.23967733
v 0.03889373 0.12445952 0.23583354
v 0.03611933 0.12575269 0.23583354
v 0.03263031 0.12728226 0.23583354
v 0.03185964 0.12725444 0.23997300
v 0.03010813 0.12783847 0.24141442
v 0.02100025 0.13150943 0.23579657
v 0.02835661 0.12928460 0.23195277
v 0.02447525 0.13066121 0.23195277
v 0.02251356 0.13205172 0.22263894
v 0.02073402 0.13251059 0.22400644
v 0.02046779 0.13287212 0.22027353
v 0.01662847 0.13401236 0.22031048
v 0.01290124 0.13438779 0.22810896
v 0.00703016 0.13620937 0.22208455
v 0.00455001 0.13652917 0.22430213
v 0.00104698 0.13746081 0.22049529
v 0.00100495 0.13719663 0.22437605
v 0.07248079 0.10725886 0.13829709
v 0.07238271 0.10720324 0.12654393
v 0.07241074 0.10723105 0.13038772
v 0.07232666 0.10716152 0.12314365
v 0.07245277 0.10724496 0.13434241
v 0.07044904 0.10891357 0.15389405
v 0.07040700 0.10888577 0.15781177
v 0.07047706 0.10892748 0.15005024
v 0.07035095 0.10883014 0.16176644
v 0.07026688 0.10876061 0.16568416
v 0.07049107 0.10892748 0.14221481
v 0.07049107 0.10892748 0.14616949
v 0.06798291 0.11061000 0.16568416
v 0.06787080 0.11052657 0.16952797
v 0.06582504 0.11208394 0.17148683
v 0.06740841 0.11073515 0.17303913
v 0.06561485 0.11197270 0.17736340
v 0.06352705 0.11330759 0.18128112
v 0.06338693 0.11319636 0.18519884
v 0.06518048 0.11162507 0.18911656
v 0.06714217 0.10945587 0.19695200
v 0.06694601 0.10930292 0.20086973
v 0.06674984 0.10914996 0.20475048
v 0.06653966 0.10899700 0.20866819
v 0.06632947 0.10883014 0.21258593
v 0.06611929 0.10866328 0.21646668
v 0.06592312 0.10848251 0.22034744
v 0.06541868 0.10803755 0.22980911
v 0.06743643 0.10618816 0.23187885
v 0.06780075 0.10552072 0.23564873
v 0.06949621 0.10425535 0.23428123
v 0.07155599 0.10253111 0.23191582
v 0.06932807 0.10411630 0.23690536
v 0.06885166 0.10374086 0.24374288
v 0.07056113 0.10158556 0.24784541
v 0.06913189 0.10396335 0.23975125
v 0.04873024 0.12324976 0.12672872
v 0.04871623 0.12313852 0.12314365
v 0.04877228 0.12350006 0.13855580
v 0.04875827 0.12343054 0.13467504
v 0.04874425 0.12334710 0.13072037
v 0.04881431 0.12358350 0.15027200
v 0.04881431 0.12358350 0.14635429
v 0.05226130 0.12163678 0.14631733
v 0.05223327 0.12160896 0.14239961
v 0.05217722 0.12158115 0.13851885
v 0.05210717 0.12155334 0.13463809
v 0.04420433 0.12598909 0.16187732
v 0.04413427 0.12593346 0.16575809
v 0.04881431 0.12356959 0.15415277
v 0.04880030 0.12354178 0.15799656
v 0.04637621 0.12480714 0.16191429
v 0.04878629 0.12348616 0.16191429
v 0.00868359 0.13670995 0.20870517
v 0.00520858 0.13718272 0.21265985
v 0.00774478 0.13643185 0.21650365
v 0.00822119 0.13657090 0.21258593
v 0.01056121 0.13627889 0.20866819
v 0.01291525 0.13572268 0.20863124
v 0.02460136 0.13330318 0.19288646
v 0.01664248 0.13477713 0.20859428
v 0.02454531 0.13309462 0.19684113
v 0.02052384 0.13390110 0.20467657
v 0.04044908 0.12758817 0.17344569
v 0.03614736 0.12928460 0.18120721
v 0.03819312 0.12847810 0.17858308
v 0.04032297 0.12732397 0.18124417
v 0.03602124 0.12915945 0.18505100
v 0.03232204 0.13056387 0.18896874
v 0.02898716 0.13169019 0.19288646
v 0.02682929 0.13230201 0.19680417
v 0.02874895 0.13156504 0.19680417
v 0.04405019 0.12586393 0.16963885
v 0.06213985 0.10856595 0.25002601
v 0.06662373 0.10517309 0.24773453
v 0.06424167 0.10713371 0.24769756
v 0.06232201 0.10870499 0.24769756
v 0.06031827 0.11112449 0.23971428
v 0.05960365 0.11118011 0.24400160
v 0.05573631 0.11357179 0.24766060
v 0.05809034 0.11241767 0.24289282
v 0.05311604 0.11576880 0.24366897
v 0.05341029 0.11596348 0.23975125
v 0.05149063 0.11718713 0.23975125
v 0.04832389 0.11913385 0.23975125
v 0.04613800 0.12020454 0.24219058
v 0.04660040 0.12049655 0.23587049
v 0.04424636 0.12209565 0.23202668
v 0.04096752 0.12345834 0.23587049
v 0.03917397 0.12462637 0.23198973
v 0.03610532 0.12605861 0.23198973
v 0.03331691 0.12760207 0.22803505
v 0.03066861 0.12808876 0.23583354
v 0.03104694 0.12824171 0.23195277
v 0.02835661 0.12959051 0.22803505
v 0.02446124 0.13096712 0.22803505
v 0.02476951 0.13145380 0.22027353
v 0.02275176 0.13214906 0.22027353
v 0.02049581 0.13315023 0.21639277
v 0.01662847 0.13427655 0.21642972
v 0.01288723 0.13495789 0.22034744
v 0.01288723 0.13467979 0.22419125
v 0.00513852 0.13694633 0.21654060
v 0.00544679 0.13661261 0.22064311
v 0.07047706 0.10891357 0.13833404
v 0.07033694 0.10878843 0.12314365
v 0.07039299 0.10883014 0.12658089
v 0.07042101 0.10887185 0.13038772
v 0.07044904 0.10889967 0.13437937
v 0.06815105 0.11077686 0.15393100
v 0.06812303 0.11074905 0.15784872
v 0.06817907 0.11079077 0.15008721
v 0.06817907 0.11080467 0.14620645
v 0.06806697 0.11069343 0.16180341
v 0.06816506 0.11080467 0.14225176
v 0.06813704 0.11080467 0.13837101
v 0.06599318 0.11219518 0.16572113
v 0.06588108 0.11212566 0.16956492
v 0.06421364 0.11319636 0.17307609
v 0.06368118 0.11339103 0.17740036
v 0.06051444 0.11546289 0.18131809
v 0.06038833 0.11533775 0.18519884
v 0.06323279 0.11307121 0.18911656
v 0.06306465 0.11293216 0.19307125
v 0.06288249 0.11279310 0.19698897
v 0.06480215 0.11134697 0.19698897
v 0.06438179 0.11105496 0.20478745
v 0.06418561 0.11088810 0.20866819
v 0.06397543 0.11072124 0.21258593
v 0.06352705 0.11008160 0.22419125
v 0.06340094 0.10949759 0.23187885
v 0.06505436 0.10775945 0.23575961
v 0.06480215 0.10756477 0.23971428
v 0.06717020 0.10561806 0.23975125
v 0.06688996 0.10540948 0.24370593
v 0.05195303 0.12144210 0.12672872
v 0.05185495 0.12138648 0.12314365
v 0.04906653 0.12294386 0.12314365
v 0.05203711 0.12151162 0.13068341
v 0.05226130 0.12163678 0.15023505
v 0.05224729 0.12163678 0.15411581
v 0.05408288 0.12055217 0.14631733
v 0.05404084 0.12055217 0.14239961
v 0.05399880 0.12052436 0.13851885
v 0.04620806 0.12469590 0.16967580
v 0.04877228 0.12330539 0.16971276
v 0.04630615 0.12475153 0.16579504
v 0.05220525 0.12162287 0.15799656
v 0.04877228 0.12340273 0.16583201
v 0.05214920 0.12158115 0.16191429
v 0.05207914 0.12153944 0.16583201
v 0.01288723 0.13522210 0.21642972
v 0.01290124 0.13547238 0.21254896
v 0.01664248 0.13452684 0.21251200
v 0.02485358 0.13274698 0.20083276
v 0.02660510 0.13221859 0.19957614
v 0.02050982 0.13340052 0.21247505
v 0.02349441 0.13245497 0.21247505
v 0.04393810 0.12578051 0.17355657
v 0.04384001 0.12568317 0.17747428
v 0.03810905 0.12839468 0.18120721
v 0.03798294 0.12826952 0.18508797
v 0.04032297 0.12712930 0.18512493
v 0.04362983 0.12544679 0.18519884
v 0.04372792 0.12557193 0.18135505
v 0.03588112 0.12902040 0.18896874
v 0.03226600 0.13014672 0.19680417
v 0.03550280 0.12875621 0.19680417
v 0.03571298 0.12888134 0.19288646
v 0.02809038 0.13157894 0.20079580
v 0.03223797 0.12968785 0.20467657
v 0.03225199 0.12992424 0.20072189
v 0.04609596 0.12462637 0.17359352
v 0.06453592 0.10735620 0.24370593
v 0.06261626 0.10892748 0.24366897
v 0.06062654 0.11130525 0.23579657
v 0.05834256 0.11257063 0.23975125
v 0.05629679 0.11355789 0.24400160
v 0.05587643 0.11428095 0.23975125
v 0.05586241 0.11467030 0.23583354
v 0.05554013 0.11522651 0.23217453
v 0.05385868 0.11622767 0.23361594
v 0.05179890 0.11735399 0.23587049
v 0.04884234 0.11949538 0.23198973
v 0.04909456 0.11967615 0.22807201
v 0.04688064 0.12064951 0.23198973
v 0.04714687 0.12080246 0.22810896
v 0.04739909 0.12095542 0.22422820
v 0.04427439 0.12237375 0.22810896
v 0.04178023 0.12394503 0.22419125
v 0.04124777 0.12362521 0.23198973
v 0.03967841 0.12496011 0.22419125
v 0.03609130 0.12665653 0.22419125
v 0.03609130 0.12636452 0.22807201
v 0.03363918 0.12775502 0.22415429
v 0.03173354 0.12856154 0.22415429
v 0.02835661 0.13017453 0.22027353
v 0.02511981 0.13162067 0.21635581
v 0.02313009 0.13230201 0.21635581
v 0.06789883 0.11070733 0.12314365
v 0.06798291 0.11074905 0.12661784
v 0.06803895 0.11076296 0.13046165
v 0.06616133 0.11234814 0.15396796
v 0.06613330 0.11232033 0.15784872
v 0.06618935 0.11236205 0.15012417
v 0.06618935 0.11236205 0.14624340
v 0.06607725 0.11226471 0.16180341
v 0.06617534 0.11236205 0.14228873
v 0.06614731 0.11236205 0.13840797
v 0.06390538 0.11371084 0.16572113
v 0.06389136 0.11357179 0.16956492
v 0.06078067 0.11564366 0.17351961
v 0.06064055 0.11556022 0.17743733
v 0.05856676 0.11678388 0.18131809
v 0.05842663 0.11667264 0.18519884
v 0.05870687 0.11688122 0.17743733
v 0.05827250 0.11654749 0.18911656
v 0.06024821 0.11519869 0.18911656
v 0.05978581 0.11471201 0.20090668
v 0.06267231 0.11266796 0.20090668
v 0.06225194 0.11238986 0.20866819
v 0.06204176 0.11223689 0.21258593
v 0.06117301 0.11162507 0.22803505
v 0.06092079 0.11147212 0.23191582
v 0.06314872 0.10931682 0.23575961
v 0.06289650 0.10912215 0.23971428
v 0.05364850 0.12035751 0.12314365
v 0.05384467 0.12044093 0.13068341
v 0.05376059 0.12039922 0.12672872
v 0.05408288 0.12055217 0.15023505
v 0.05402683 0.12053827 0.15799656
v 0.05406886 0.12055217 0.15407884
v 0.05633883 0.11911995 0.14628036
v 0.05632481 0.11910603 0.14236264
v 0.05629679 0.11906432 0.13848188
v 0.05625475 0.11893918 0.13064644
v 0.04875827 0.12318024 0.17363049
v 0.05196704 0.12149772 0.16971276
v 0.05397078 0.12051046 0.16191429
v 0.05388671 0.12046874 0.16579504
v 0.02636689 0.13213515 0.20220027
v 0.02839865 0.13121741 0.20463961
v 0.02838464 0.13071682 0.21247505
v 0.02547011 0.13177362 0.21243809
v 0.04598387 0.12454295 0.17751124
v 0.04585776 0.12444561 0.18139200
v 0.03784282 0.12813047 0.18896874
v 0.04030896 0.12693464 0.18900569
v 0.04574566 0.12432046 0.18523581
v 0.04351773 0.12529382 0.18907960
v 0.04546542 0.12405626 0.19303428
v 0.03526459 0.12863105 0.20072189
v 0.03749252 0.12785236 0.19676722
v 0.03725431 0.12772723 0.20072189
v 0.03223797 0.12943755 0.20855733
v 0.03474614 0.12836686 0.20855733
v 0.05866484 0.11272358 0.23583354
v 0.05897311 0.11286263 0.23191582
v 0.05615667 0.11515698 0.22803505
v 0.05404084 0.11633891 0.23099181
v 0.05235938 0.11731228 0.23217453
v 0.05203711 0.11786848 0.22807201
v 0.05207914 0.11816049 0.22419125
v 0.04957097 0.11998206 0.22034744
v 0.04431642 0.12263794 0.22422820
v 0.04980918 0.12013502 0.21646668
v 0.04787551 0.12124743 0.21650365
v 0.04201843 0.12409798 0.22031048
v 0.04023890 0.12551632 0.21251200
v 0.03991662 0.12512696 0.22031048
v 0.03569897 0.12714320 0.21994090
v 0.03389140 0.12788018 0.22101273
v 0.03218192 0.12892307 0.21639277
v 0.03220995 0.12918726 0.21247505
v 0.02837063 0.13045263 0.21639277
v 0.06590911 0.11223689 0.12314365
v 0.06599318 0.11227861 0.12665481
v 0.06604923 0.11230642 0.13049861
v 0.06610528 0.11233423 0.13449025
v 0.06393340 0.11394724 0.15396796
v 0.06393340 0.11390552 0.15788569
v 0.06394741 0.11397504 0.15012417
v 0.06391939 0.11382208 0.16180341
v 0.06396142 0.11396114 0.14228873
v 0.06394741 0.11397504 0.14624340
v 0.06394741 0.11393332 0.13840797
v 0.06101888 0.11575490 0.16572113
v 0.06090678 0.11569928 0.16960189
v 0.05897311 0.11702027 0.16963885
v 0.05884700 0.11695074 0.17351961
v 0.05614266 0.11820221 0.18523581
v 0.05622673 0.11853592 0.17751124
v 0.05608661 0.11802144 0.18911656
v 0.05810435 0.11642235 0.19303428
v 0.05795022 0.11631111 0.19621281
v 0.05781010 0.11622767 0.19879999
v 0.05724962 0.11590786 0.20866819
v 0.05974377 0.11418361 0.20866819
v 0.06002402 0.11305730 0.22042136
v 0.05946353 0.11315463 0.22419125
v 0.05922532 0.11301558 0.22803505
v 0.05617068 0.11878622 0.12314365
v 0.05621272 0.11886966 0.12669177
v 0.05633883 0.11911995 0.15019808
v 0.05632481 0.11907823 0.15795960
v 0.05633883 0.11910603 0.15404189
v 0.05928137 0.11718713 0.14624340
v 0.05925335 0.11718713 0.14232569
v 0.05921131 0.11717323 0.13844492
v 0.05915526 0.11713151 0.13456416
v 0.05900113 0.11706198 0.12669177
v 0.05182692 0.12144210 0.17363049
v 0.04873024 0.12304119 0.17754821
v 0.05377461 0.12041312 0.16967580
v 0.05631080 0.11900870 0.16187732
v 0.05629679 0.11892527 0.16575809
v 0.04870222 0.12288823 0.18142896
v 0.04028093 0.12672606 0.19292341
v 0.04866018 0.12272137 0.18527277
v 0.04860413 0.12255452 0.18915353
v 0.04337761 0.12514087 0.19299732
v 0.04320947 0.12500182 0.19687808
v 0.04284515 0.12472371 0.20471352
v 0.04528326 0.12391721 0.19691504
v 0.04854808 0.12237375 0.19307125
v 0.04026692 0.12650357 0.19684113
v 0.04026692 0.12601690 0.20467657
v 0.04025291 0.12626718 0.20075885
v 0.03674988 0.12744912 0.20855733
v 0.05447521 0.11660312 0.22419125
v 0.05423701 0.11645015 0.22803505
v 0.05659104 0.11546289 0.22034744
v 0.05493762 0.11689512 0.21650365
v 0.05214920 0.11870279 0.21650365
v 0.04469475 0.12350006 0.20866819
v 0.04395211 0.12338882 0.21613405
v 0.04234071 0.12433437 0.21458174
v 0.05217722 0.11896699 0.21258593
v 0.05003337 0.12027406 0.21258593
v 0.04809970 0.12138648 0.21258593
v 0.04245281 0.12441780 0.21251200
v 0.03623143 0.12714320 0.21639277
v 0.06352705 0.11391942 0.12314365
v 0.06387735 0.11376646 0.12665481
v 0.06391939 0.11382208 0.13053556
v 0.06120103 0.11588004 0.15400493
v 0.06117301 0.11585224 0.15788569
v 0.06110295 0.11581052 0.16180341
v 0.06121505 0.11589396 0.15012417
v 0.06120103 0.11589396 0.14228873
v 0.06121505 0.11589396 0.14624340
v 0.06115900 0.11588004 0.13844492
v 0.05908520 0.11707589 0.16575809
v 0.05626877 0.11881403 0.16967580
v 0.05624074 0.11868888 0.17359352
v 0.05335425 0.12019064 0.18139200
v 0.05324215 0.12006549 0.18523581
v 0.05349436 0.12028798 0.17754821
v 0.05294789 0.11980130 0.19307125
v 0.05604457 0.11779896 0.19307125
v 0.05636685 0.11731228 0.19728464
v 0.05562421 0.11728447 0.20478745
v 0.05517582 0.11703417 0.21258593
v 0.05702542 0.11576880 0.21254896
v 0.05914125 0.11686731 0.12314365
v 0.05928137 0.11718713 0.15016112
v 0.05923934 0.11715931 0.15792265
v 0.05926736 0.11717323 0.15400493
v 0.06103289 0.11581052 0.13057253
v 0.06094882 0.11578271 0.12665481
v 0.06086475 0.11574099 0.12314365
v 0.05363449 0.12035751 0.17359352
v 0.05167279 0.12137257 0.17754821
v 0.05916928 0.11711760 0.16184037
v 0.05142057 0.12115009 0.18527277
v 0.05153267 0.12127524 0.18142896
v 0.05128045 0.12102495 0.18915353
v 0.04264898 0.12457076 0.20863124
v 0.04849204 0.12216517 0.19695200
v 0.04840797 0.12172020 0.20478745
v 0.05111230 0.12089980 0.19307125
v 0.05254154 0.11953710 0.20090668
v 0.05035565 0.12046874 0.20689414
v 0.05020152 0.12038531 0.20948132
v 0.04870222 0.12131696 0.20840948
v 0.05067793 0.12066341 0.20086973
v 0.05046775 0.12053827 0.20478745
f 1 2 3
f 1 3 4
f 1 4 5
f 1 5 6
f 1 6 15
f 1 15 27
f 1 27 46
f 1 46 45
f 1 45 63
f 1 63 84
f 1 84 108
f 1 108 133
f 1 133 161
f 1 161 163
f 1 163 206
f 1 206 267
f 1 267 344
f 1 344 433
f 1 433 437
f 1 437 436
f 1 436 568
f 1 568 708
f 1 708 712
f 1 712 711
f 1 711 856
f 1 856 857
f 1 857 1035
f 1 1035 1034
f 1 1034 1220
f 1 1220 1221
f 1 1221 1404
f 1 1404 1403
f 1 1403 1606
f 1 1606 1808
f 1 1808 2000
f 1 2000 2159
f 1 2159 2030
f 1 2030 1834
f 1 1834 1631
f 1 1631 1630
f 1 1630 1431
f 1 1431 1428
f 1 1428 1240
f 1 1240 1053
f 1 1053 877
f 1 877 876
f 1 876 725
f 1 725 667
f 1 667 519
f 1 519 398
f 1 398 314
f 1 314 232
f 1 232 174
f 1 174 137
f 1 137 110
f 1 110 86
f 1 86 65
f 1 65 47
f 1 47 28
f 1 28 16
f 1 16 7
f 1 7 2
f 2 7 8
f 2 8 3
f 3 8 9
f 3 9 10
f 3 10 4
f 4 10 5
f 5 11 12
f 5 12 13
f 5 13 6
f 5 10 11
f 6 13 14
f 6 14 15
f 7 16 17
f 7 17 8
f 8 18 9
f 8 17 19
f 8 19 18
f 9 20 10
f 9 18 20
f 10 20 11
f 11 21 22
f 11 22 12
f 11 20 23
f 11 23 21
f 12 22 14
f 12 14 13
f 14 24 25
f 14 25 26
f 14 26 27
f 14 27 15
f 14 22 24
f 16 28 29
f 16 29 17
f 17 29 30
f 17 30 19
f 18 31 20
f 18 19 32
f 18 32 31
f 19 30 32
f 20 31 33
f 20 33 34
f 20 34 23
f 21 35 36
f 21 36 37
f 21 37 38
f 21 38 22
f 21 23 39
f 21 39 35
f 22 38 40
f 22 40 25
f 22 25 24
f 23 34 41
f 23 41 42
f 23 42 39
f 25 40 43
f 25 43 26
f 26 43 44
f 26 44 45
f 26 45 46
f 26 46 27
f 28 47 64
f 28 64 85
f 28 85 109
f 28 109 136
f 28 136 165
f 28 165 208
f 28 208 210
f 28 210 270
f 28 270 349
f 28 349 442
f 28 442 441
f 28 441 576
f 28 576 575
f 28 575 574
f 28 574 573
f 28 573 716
f 28 716 862
f 28 862 1038
f 28 1038 1037
f 28 1037 1224
f 28 1224 1409
f 28 1409 1610
f 28 1610 1609
f 28 1609 1811
f 28 1811 1810
f 28 1810 2002
f 28 2002 2162
f 28 2162 2320
f 28 2320 2477
f 28 2477 2620
f 28 2620 2619
f 28 2619 2618
f 28 2618 2746
f 28 2746 2867
f 28 2867 2866
f 28 2866 2984
f 28 2984 3084
f 28 3084 3083
f 28 3083 3173
f 28 3173 3248
f 28 3248 3311
f 28 3311 3317
f 28 3317 3289
f 28 3289 3222
f 28 3222 3146
f 28 3146 3052
f 28 3052 2950
f 28 2950 2831
f 28 2831 2830
f 28 2830 2714
f 28 2714 2583
f 28 2583 2582
f 28 2582 2581
f 28 2581 2429
f 28 2429 2279
f 28 2279 2278
f 28 2278 2121
f 28 2121 1951
f 28 1951 1749
f 28 1749 1554
f 28 1554 1352
f 28 1352 1351
f 28 1351 1350
f 28 1350 1349
f 28 1349 1176
f 28 1176 991
f 28 991 817
f 28 817 675
f 28 675 674
f 28 674 530
f 28 530 529
f 28 529 414
f 28 414 331
f 28 331 250
f 28 250 249
f 28 249 248
f 28 248 187
f 28 187 152
f 28 152 124
f 28 124 123
f 28 123 100
f 28 100 77
f 28 77 76
f 28 76 75
f 28 75 66
f 28 66 48
f 28 48 30
f 28 30 29
f 30 48 49
f 30 49 32
f 31 32 33
f 32 49 33
f 33 41 34
f 33 49 41
f 35 50 36
f 35 39 50
f 36 50 37
f 37 50 51
f 37 51 52
f 37 52 53
f 37 53 38
f 38 53 40
f 39 42 54
f 39 54 55
f 39 55 56
f 39 56 50
f 40 53 43
f 41 49 57
f 41 57 58
f 41 58 59
f 41 59 54
f 41 54 42
f 43 60 80
f 43 80 61
f 43 61 44
f 43 53 60
f 44 61 62
f 44 62 63
f 44 63 45
f 47 65 64
f 48 66 49
f 49 66 57
f 50 56 67
f 50 67 51
f 51 68 69
f 51 69 71
f 51 71 52
f 51 67 70
f 51 70 68
f 52 71 60
f 52 60 53
f 54 59 72
f 54 72 73
f 54 73 55
f 55 73 74
f 55 74 56
f 56 74 67
f 57 66 75
f 57 75 76
f 57 76 58
f 58 76 77
f 58 77 78
f 58 78 79
f 58 79 59
f 59 79 72
f 60 71 95
f 60 95 80
f 61 80 81
f 61 81 82
f 61 82 62
f 62 82 83
f 62 83 84
f 62 84 63
f 64 65 85
f 65 86 87
f 65 87 85
f 67 74 88
f 67 88 89
f 67 89 90
f 67 90 91
f 67 91 70
f 68 91 92
f 68 92 93
f 68 93 69
f 68 70 91
f 69 93 94
f 69 94 95
f 69 95 71
f 72 96 73
f 72 79 97
f 72 97 96
f 73 96 98
f 73 98 99
f 73 99 74
f 74 99 88
f 77 100 101
f 77 101 78
f 78 101 97
f 78 97 79
f 80 95 81
f 81 102 103
f 81 103 104
f 81 104 105
f 81 105 106
f 81 106 82
f 81 95 102
f 82 106 83
f 83 106 107
f 83 107 108
f 83 108 84
f 85 87 111
f 85 111 138
f 85 138 173
f 85 173 231
f 85 231 312
f 85 312 311
f 85 311 397
f 85 397 518
f 85 518 666
f 85 666 809
f 85 809 981
f 85 981 980
f 85 980 1162
f 85 1162 1165
f 85 1165 1339
f 85 1339 1540
f 85 1540 1738
f 85 1738 1937
f 85 1937 1936
f 85 1936 2111
f 85 2111 2112
f 85 2112 2265
f 85 2265 2264
f 85 2264 2263
f 85 2263 2422
f 85 2422 2577
f 85 2577 2576
f 85 2576 2575
f 85 2575 2574
f 85 2574 2573
f 85 2573 2570
f 85 2570 2572
f 85 2572 2571
f 85 2571 2709
f 85 2709 2826
f 85 2826 2901
f 85 2901 2900
f 85 2900 2773
f 85 2773 2648
f 85 2648 2501
f 85 2501 2499
f 85 2499 2341
f 85 2341 2180
f 85 2180 2023
f 85 2023 1828
f 85 1828 1624
f 85 1624 1422
f 85 1422 1235
f 85 1235 1048
f 85 1048 870
f 85 870 858
f 85 858 713
f 85 713 571
f 85 571 438
f 85 438 347
f 85 347 268
f 85 268 207
f 85 207 164
f 85 164 135
f 85 135 109
f 86 110 87
f 87 110 111
f 88 112 113
f 88 113 89
f 88 99 98
f 88 98 114
f 88 114 112
f 89 113 115
f 89 115 90
f 90 115 91
f 91 116 92
f 91 115 116
f 92 116 117
f 92 117 93
f 93 117 118
f 93 118 119
f 93 119 94
f 94 119 120
f 94 120 95
f 95 120 102
f 96 97 98
f 97 121 98
f 97 101 121
f 98 121 122
f 98 122 114
f 100 123 101
f 101 123 124
f 101 124 125
f 101 125 122
f 101 122 121
f 102 120 103
f 103 126 104
f 103 120 126
f 104 127 105
f 104 126 128
f 104 128 129
f 104 129 130
f 104 130 131
f 104 131 127
f 105 127 106
f 106 127 132
f 106 132 107
f 107 133 108
f 107 132 134
f 107 134 161
f 107 161 133
f 109 135 136
f 110 137 138
f 110 138 111
f 112 139 113
f 112 114 139
f 113 139 140
f 113 140 141
f 113 141 115
f 114 122 142
f 114 142 143
f 114 143 139
f 115 141 116
f 116 141 144
f 116 144 182
f 116 182 145
f 116 145 117
f 117 145 146
f 117 146 118
f 118 146 147
f 118 147 148
f 118 148 119
f 119 148 149
f 119 149 120
f 120 149 126
f 122 125 150
f 122 150 151
f 122 151 142
f 124 152 151
f 124 151 150
f 124 150 125
f 126 153 128
f 126 149 153
f 127 131 132
f 128 153 154
f 128 154 155
f 128 155 129
f 129 156 130
f 129 155 154
f 129 154 156
f 130 156 157
f 130 157 131
f 131 157 158
f 131 158 159
f 131 159 160
f 131 160 132
f 132 160 134
f 134 160 162
f 134 162 163
f 134 163 161
f 135 164 136
f 136 164 166
f 136 166 165
f 137 167 168
f 137 168 169
f 137 169 170
f 137 170 171
f 137 171 172
f 137 172 173
f 137 173 138
f 137 174 167
f 139 175 176
f 139 176 177
f 139 177 140
f 139 143 178
f 139 178 175
f 140 177 141
f 141 179 144
f 141 177 176
f 141 176 180
f 141 180 179
f 142 181 143
f 142 151 181
f 143 181 178
f 144 179 182
f 145 182 146
f 146 183 184
f 146 184 185
f 146 185 147
f 146 182 183
f 147 185 245
f 147 245 186
f 147 186 148
f 148 186 153
f 148 153 149
f 151 152 187
f 151 187 188
f 151 188 189
f 151 189 190
f 151 190 178
f 151 178 181
f 153 186 191
f 153 191 192
f 153 192 154
f 154 192 191
f 154 191 193
f 154 193 194
f 154 194 195
f 154 195 196
f 154 196 197
f 154 197 198
f 154 198 199
f 154 199 156
f 156 158 157
f 156 199 198
f 156 198 197
f 156 197 200
f 156 200 201
f 156 201 158
f 158 201 202
f 158 202 159
f 159 203 162
f 159 162 160
f 159 202 204
f 159 204 203
f 162 203 205
f 162 205 206
f 162 206 163
f 164 207 166
f 165 166 208
f 166 209 210
f 166 210 208
f 166 207 211
f 166 211 212
f 166 212 209
f 167 174 213
f 167 213 214
f 167 214 215
f 167 215 168
f 168 215 216
f 168 216 217
f 168 217 218
f 168 218 219
f 168 219 220
f 168 220 221
f 168 221 222
f 168 222 223
f 168 223 224
f 168 224 169
f 169 224 225
f 169 225 170
f 170 226 171
f 170 225 227
f 170 227 228
f 170 228 229
f 170 229 226
f 171 226 230
f 171 230 231
f 171 231 172
f 172 231 173
f 174 232 213
f 175 233 234
f 175 234 176
f 175 178 235
f 175 235 233
f 176 234 180
f 178 190 236
f 178 236 235
f 179 237 238
f 179 238 239
f 179 239 240
f 179 240 182
f 179 180 237
f 180 234 241
f 180 241 237
f 182 240 242
f 182 242 183
f 183 242 243
f 183 243 184
f 184 243 244
f 184 244 245
f 184 245 185
f 186 245 246
f 186 246 247
f 186 247 191
f 187 248 188
f 188 248 249
f 188 249 250
f 188 250 251
f 188 251 236
f 188 236 189
f 189 236 190
f 191 247 193
f 193 247 252
f 193 252 253
f 193 253 195
f 193 195 194
f 195 253 196
f 196 253 254
f 196 254 255
f 196 255 256
f 196 256 257
f 196 257 200
f 196 200 197
f 200 258 201
f 200 257 259
f 200 259 260
f 200 260 261
f 200 261 258
f 201 258 262
f 201 262 263
f 201 263 202
f 202 263 264
f 202 264 204
f 203 204 265
f 203 265 205
f 204 264 266
f 204 266 265
f 205 265 267
f 205 267 206
f 207 268 211
f 209 269 270
f 209 270 210
f 209 212 269
f 211 268 271
f 211 271 272
f 211 272 212
f 212 273 274
f 212 274 269
f 212 272 273
f 213 275 214
f 213 232 276
f 213 276 277
f 213 277 275
f 214 278 215
f 214 275 278
f 215 278 279
f 215 279 280
f 215 280 216
f 216 280 281
f 216 281 282
f 216 282 283
f 216 283 217
f 217 283 284
f 217 284 285
f 217 285 286
f 217 286 218
f 218 287 220
f 218 220 219
f 218 286 288
f 218 288 289
f 218 289 287
f 220 290 221
f 220 287 290
f 221 290 291
f 221 291 292
f 221 292 222
f 222 292 293
f 222 293 223
f 223 294 224
f 223 293 295
f 223 295 294
f 224 294 296
f 224 296 225
f 225 296 297
f 225 297 298
f 225 298 299
f 225 299 300
f 225 300 301
f 225 301 302
f 225 302 227
f 226 229 303
f 226 303 230
f 227 302 228
f 228 304 229
f 228 302 305
f 228 305 304
f 229 304 305
f 229 305 306
f 229 306 307
f 229 307 303
f 230 303 308
f 230 308 309
f 230 309 310
f 230 310 311
f 230 311 312
f 230 312 313
f 230 313 231
f 231 313 312
f 232 314 276
f 233 315 234
f 233 235 315
f 234 315 241
f 235 236 316
f 235 316 317
f 235 317 315
f 236 318 316
f 236 251 319
f 236 319 320
f 236 320 318
f 237 321 238
f 237 241 315
f 237 315 321
f 238 322 323
f 238 323 239
f 238 321 322
f 239 323 324
f 239 324 242
f 239 242 240
f 242 324 325
f 242 325 326
f 242 326 243
f 243 326 244
f 244 326 327
f 244 327 412
f 244 412 328
f 244 328 329
f 244 329 245
f 245 329 246
f 246 329 330
f 246 330 247
f 247 330 252
f 250 331 332
f 250 332 319
f 250 319 251
f 252 330 253
f 253 330 333
f 253 333 254
f 254 334 255
f 254 333 334
f 255 334 335
f 255 335 336
f 255 336 337
f 255 337 256
f 256 337 259
f 256 259 257
f 258 264 262
f 258 261 338
f 258 338 264
f 259 337 339
f 259 339 340
f 259 340 341
f 259 341 342
f 259 342 260
f 260 342 261
f 261 342 341
f 261 341 343
f 261 343 338
f 262 264 263
f 264 338 266
f 265 344 267
f 265 266 345
f 265 345 344
f 266 338 346
f 266 346 345
f 268 347 271
f 269 348 349
f 269 349 270
f 269 274 348
f 271 347 350
f 271 350 272
f 272 350 273
f 273 351 352
f 273 352 348
f 273 348 274
f 273 350 353
f 273 353 447
f 273 447 351
f 275 277 354
f 275 354 278
f 276 314 355
f 276 355 356
f 276 356 357
f 276 357 277
f 277 358 354
f 277 357 358
f 278 354 279
f 279 354 359
f 279 359 360
f 279 360 280
f 280 360 361
f 280 361 362
f 280 362 363
f 280 363 281
f 281 363 282
f 282 363 364
f 282 364 365
f 282 365 283
f 283 365 366
f 283 366 284
f 284 366 285
f 285 366 367
f 285 367 286
f 286 367 288
f 287 289 368
f 287 368 369
f 287 369 290
f 288 367 370
f 288 370 289
f 289 370 371
f 289 371 368
f 290 369 372
f 290 372 291
f 291 372 373
f 291 373 292
f 292 373 374
f 292 374 293
f 293 374 375
f 293 375 295
f 294 295 376
f 294 376 377
f 294 377 296
f 295 375 378
f 295 378 376
f 296 377 379
f 296 379 380
f 296 380 297
f 297 380 381
f 297 381 298
f 298 300 299
f 298 381 382
f 298 382 383
f 298 383 300
f 300 383 384
f 300 384 385
f 300 385 386
f 300 386 387
f 300 387 302
f 300 302 301
f 302 387 305
f 303 307 388
f 303 388 308
f 305 387 389
f 305 389 390
f 305 390 307
f 305 307 306
f 307 390 388
f 308 391 309
f 308 388 392
f 308 392 393
f 308 393 394
f 308 394 391
f 309 391 395
f 309 395 310
f 310 395 396
f 310 396 397
f 310 397 311
f 314 398 355
f 315 317 399
f 315 399 400
f 315 400 321
f 316 318 401
f 316 401 402
f 316 402 317
f 317 402 399
f 318 320 403
f 318 403 401
f 319 332 320
f 320 404 403
f 320 332 405
f 320 405 404
f 321 400 406
f 321 406 322
f 322 406 323
f 323 406 407
f 323 407 408
f 323 408 324
f 324 408 325
f 325 408 409
f 325 409 410
f 325 410 411
f 325 411 327
f 325 327 326
f 327 411 412
f 328 412 413
f 328 413 329
f 329 413 330
f 330 413 333
f 331 414 332
f 332 414 405
f 333 413 415
f 333 415 416
f 333 416 334
f 334 416 417
f 334 417 335
f 335 417 418
f 335 418 336
f 336 418 419
f 336 419 337
f 337 419 420
f 337 420 339
f 338 421 422
f 338 422 346
f 338 343 423
f 338 423 424
f 338 424 425
f 338 425 426
f 338 426 421
f 339 420 427
f 339 427 428
f 339 428 340
f 340 428 429
f 340 429 341
f 341 423 343
f 341 429 430
f 341 430 431
f 341 431 432
f 341 432 423
f 344 345 433
f 345 346 422
f 345 422 434
f 345 434 435
f 345 435 436
f 345 436 437
f 345 437 433
f 347 438 439
f 347 439 350
f 348 440 441
f 348 441 442
f 348 442 349
f 348 352 351
f 348 351 443
f 348 443 444
f 348 444 440
f 350 439 445
f 350 445 446
f 350 446 353
f 351 447 443
f 353 446 447
f 354 358 359
f 355 398 519
f 355 519 448
f 355 448 449
f 355 449 356
f 356 449 357
f 357 449 587
f 357 587 450
f 357 450 451
f 357 451 452
f 357 452 358
f 358 453 359
f 358 452 453
f 359 453 361
f 359 361 360
f 361 453 454
f 361 454 451
f 361 451 362
f 362 455 456
f 362 456 363
f 362 451 457
f 362 457 458
f 362 458 455
f 363 459 364
f 363 456 460
f 363 460 461
f 363 461 462
f 363 462 463
f 363 463 459
f 364 459 464
f 364 464 465
f 364 465 466
f 364 466 365
f 365 466 366
f 366 466 467
f 366 467 468
f 366 468 367
f 367 468 469
f 367 469 470
f 367 470 471
f 367 471 472
f 367 472 370
f 368 371 473
f 368 473 474
f 368 474 369
f 369 474 475
f 369 475 476
f 369 476 477
f 369 477 372
f 370 472 478
f 370 478 371
f 371 479 473
f 371 478 480
f 371 480 479
f 372 477 373
f 373 477 481
f 373 481 482
f 373 482 483
f 373 483 484
f 373 484 374
f 374 484 485
f 374 485 486
f 374 486 375
f 375 486 487
f 375 487 488
f 375 488 378
f 376 378 489
f 376 489 377
f 377 489 490
f 377 490 491
f 377 491 379
f 378 488 492
f 378 492 489
f 379 491 493
f 379 493 494
f 379 494 380
f 380 494 381
f 381 495 496
f 381 496 382
f 381 494 497
f 381 497 498
f 381 498 495
f 382 496 499
f 382 499 383
f 383 499 500
f 383 500 385
f 383 385 384
f 385 500 501
f 385 501 502
f 385 502 503
f 385 503 386
f 386 503 387
f 387 504 389
f 387 503 505
f 387 505 504
f 388 390 506
f 388 506 507
f 388 507 508
f 388 508 392
f 389 504 509
f 389 509 507
f 389 507 390
f 390 507 506
f 391 510 511
f 391 511 395
f 391 394 510
f 392 512 393
f 392 508 507
f 392 507 513
f 392 513 512
f 393 512 514
f 393 514 394
f 394 514 515
f 394 515 516
f 394 516 510
f 395 511 517
f 395 517 396
f 396 517 518
f 396 518 397
f 399 402 520
f 399 520 521
f 399 521 522
f 399 522 523
f 399 523 524
f 399 524 525
f 399 525 400
f 400 525 532
f 400 532 406
f 401 403 526
f 401 526 527
f 401 527 528
f 401 528 520
f 401 520 402
f 403 404 526
f 404 405 526
f 405 414 529
f 405 529 530
f 405 530 531
f 405 531 526
f 406 532 407
f 407 533 534
f 407 534 535
f 407 535 408
f 407 532 536
f 407 536 533
f 408 535 409
f 409 535 537
f 409 537 538
f 409 538 410
f 410 538 539
f 410 539 540
f 410 540 541
f 410 541 542
f 410 542 543
f 410 543 411
f 411 543 412
f 412 543 544
f 412 544 413
f 413 544 545
f 413 545 415
f 415 546 416
f 415 545 546
f 416 546 417
f 417 547 548
f 417 548 549
f 417 549 418
f 417 546 545
f 417 545 547
f 418 549 550
f 418 550 551
f 418 551 552
f 418 552 553
f 418 553 419
f 419 553 420
f 420 553 552
f 420 552 554
f 420 554 555
f 420 555 427
f 421 435 422
f 421 426 435
f 422 435 556
f 422 556 434
f 423 432 424
f 424 432 557
f 424 557 425
f 425 557 558
f 425 558 559
f 425 559 435
f 425 435 426
f 427 555 560
f 427 560 428
f 428 560 561
f 428 561 429
f 429 561 560
f 429 560 555
f 429 555 430
f 430 555 562
f 430 562 563
f 430 563 431
f 431 563 432
f 432 563 564
f 432 564 565
f 432 565 566
f 432 566 567
f 432 567 557
f 434 556 435
f 435 568 436
f 435 559 569
f 435 569 570
f 435 570 568
f 438 571 439
f 439 571 445
f 440 572 573
f 440 573 574
f 440 574 575
f 440 575 576
f 440 576 441
f 440 444 577
f 440 577 572
f 443 447 578
f 443 578 444
f 444 578 579
f 444 579 580
f 444 580 577
f 445 571 581
f 445 581 446
f 446 582 447
f 446 581 583
f 446 583 582
f 447 584 578
f 447 582 585
f 447 585 584
f 448 519 586
f 448 586 587
f 448 587 449
f 450 588 451
f 450 587 589
f 450 589 590
f 450 590 591
f 450 591 588
f 451 588 592
f 451 592 457
f 451 454 452
f 452 454 453
f 455 458 593
f 455 593 594
f 455 594 595
f 455 595 456
f 456 595 460
f 457 592 458
f 458 592 596
f 458 596 593
f 459 463 597
f 459 597 464
f 460 595 461
f 461 595 594
f 461 594 462
f 462 594 598
f 462 598 463
f 463 599 600
f 463 600 597
f 463 598 601
f 463 601 602
f 463 602 599
f 464 597 600
f 464 600 599
f 464 599 603
f 464 603 467
f 464 467 465
f 465 467 466
f 467 604 468
f 467 603 605
f 467 605 604
f 468 604 469
f 469 604 606
f 469 606 607
f 469 607 470
f 470 608 471
f 470 607 608
f 471 608 472
f 472 608 609
f 472 609 480
f 472 480 478
f 473 610 474
f 473 479 611
f 473 611 610
f 474 610 475
f 475 610 476
f 476 610 612
f 476 612 613
f 476 613 614
f 476 614 481
f 476 481 477
f 479 480 615
f 479 615 611
f 480 609 615
f 481 614 482
f 482 614 616
f 482 616 483
f 483 616 617
f 483 617 618
f 483 618 484
f 484 618 485
f 485 618 486
f 486 618 619
f 486 619 487
f 487 619 620
f 487 620 488
f 488 620 621
f 488 621 622
f 488 622 492
f 489 492 623
f 489 623 490
f 490 623 622
f 490 622 624
f 490 624 625
f 490 625 626
f 490 626 627
f 490 627 628
f 490 628 491
f 491 628 493
f 492 622 623
f 493 628 629
f 493 629 494
f 494 629 497
f 495 498 630
f 495 630 496
f 496 630 631
f 496 631 632
f 496 632 633
f 496 633 634
f 496 634 499
f 497 629 498
f 498 629 635
f 498 635 636
f 498 636 637
f 498 637 638
f 498 638 639
f 498 639 631
f 498 631 630
f 499 640 641
f 499 641 642
f 499 642 500
f 499 634 640
f 500 642 641
f 500 641 643
f 500 643 501
f 501 643 502
f 502 644 503
f 502 643 645
f 502 645 646
f 502 646 647
f 502 647 648
f 502 648 644
f 503 644 505
f 504 505 649
f 504 649 509
f 505 644 650
f 505 650 649
f 507 649 513
f 507 509 649
f 510 517 511
f 510 516 517
f 512 513 651
f 512 651 652
f 512 652 653
f 512 653 654
f 512 654 655
f 512 655 514
f 513 649 651
f 514 655 656
f 514 656 657
f 514 657 658
f 514 658 515
f 515 659 660
f 515 660 516
f 515 658 661
f 515 661 662
f 515 662 659
f 516 660 663
f 516 663 664
f 516 664 517
f 517 664 665
f 517 665 518
f 518 665 666
f 519 667 586
f 520 528 521
f 521 668 522
f 521 528 669
f 521 669 668
f 522 668 670
f 522 670 523
f 523 670 671
f 523 671 525
f 523 525 524
f 525 671 532
f 526 672 527
f 526 531 672
f 527 672 528
f 528 672 673
f 528 673 669
f 530 674 531
f 531 674 675
f 531 675 676
f 531 676 673
f 531 673 672
f 532 671 536
f 533 536 677
f 533 677 678
f 533 678 534
f 534 678 679
f 534 679 680
f 534 680 537
f 534 537 535
f 536 671 681
f 536 681 682
f 536 682 677
f 537 680 683
f 537 683 538
f 538 683 539
f 539 684 685
f 539 685 686
f 539 686 540
f 539 683 684
f 540 686 687
f 540 687 541
f 541 687 688
f 541 688 542
f 542 688 544
f 542 544 543
f 544 688 689
f 544 689 690
f 544 690 545
f 545 690 691
f 545 691 547
f 547 691 692
f 547 692 693
f 547 693 548
f 548 693 550
f 548 550 549
f 550 693 551
f 551 693 694
f 551 694 695
f 551 695 552
f 552 695 554
f 554 695 696
f 554 696 697
f 554 697 698
f 554 698 699
f 554 699 555
f 555 700 562
f 555 699 700
f 557 567 558
f 558 569 559
f 558 567 566
f 558 566 701
f 558 701 570
f 558 570 569
f 562 700 702
f 562 702 564
f 562 564 563
f 564 702 703
f 564 703 704
f 564 704 705
f 564 705 565
f 565 705 849
f 565 849 706
f 565 706 566
f 566 706 707
f 566 707 701
f 568 570 708
f 570 701 709
f 570 709 710
f 570 710 856
f 570 856 711
f 570 711 712
f 570 712 708
f 571 713 714
f 571 714 581
f 572 715 716
f 572 716 573
f 572 577 717
f 572 717 715
f 577 580 717
f 578 584 579
f 579 718 580
f 579 584 585
f 579 585 719
f 579 719 718
f 580 720 717
f 580 718 720
f 581 714 721
f 581 721 583
f 582 583 722
f 582 722 585
f 583 721 723
f 583 723 872
f 583 872 722
f 585 722 724
f 585 724 719
f 586 589 587
f 586 667 725
f 586 725 726
f 586 726 589
f 588 591 592
f 589 726 727
f 589 727 590
f 590 727 728
f 590 728 729
f 590 729 591
f 591 730 592
f 591 729 731
f 591 731 730
f 592 730 732
f 592 732 733
f 592 733 596
f 593 596 734
f 593 734 594
f 594 734 598
f 596 733 734
f 598 734 733
f 598 733 735
f 598 735 601
f 599 602 736
f 599 736 737
f 599 737 603
f 601 735 602
f 602 735 738
f 602 738 736
f 603 739 740
f 603 740 741
f 603 741 605
f 603 737 742
f 603 742 739
f 604 605 743
f 604 743 606
f 605 744 743
f 605 741 744
f 606 743 745
f 606 745 607
f 607 745 609
f 607 609 608
f 609 745 746
f 609 746 747
f 609 747 748
f 609 748 615
f 610 611 749
f 610 749 750
f 610 750 612
f 611 615 749
f 612 750 613
f 613 750 751
f 613 751 614
f 614 751 752
f 614 752 753
f 614 753 616
f 615 754 749
f 615 748 754
f 616 753 617
f 617 755 756
f 617 756 618
f 617 753 755
f 618 756 757
f 618 757 619
f 619 757 758
f 619 758 759
f 619 759 620
f 620 759 621
f 621 759 760
f 621 760 622
f 622 760 761
f 622 761 625
f 622 625 624
f 625 762 763
f 625 763 764
f 625 764 765
f 625 765 626
f 625 761 762
f 626 765 628
f 626 628 627
f 628 765 764
f 628 764 766
f 628 766 767
f 628 767 629
f 629 767 635
f 631 639 632
f 632 634 633
f 632 639 768
f 632 768 769
f 632 769 634
f 634 769 641
f 634 641 640
f 635 767 636
f 636 767 770
f 636 770 771
f 636 771 772
f 636 772 638
f 636 638 637
f 638 772 639
f 639 772 773
f 639 773 768
f 641 769 774
f 641 774 775
f 641 775 776
f 641 776 777
f 641 777 645
f 641 645 643
f 644 648 650
f 645 777 646
f 646 777 776
f 646 776 778
f 646 778 647
f 647 779 780
f 647 780 648
f 647 778 781
f 647 781 782
f 647 782 783
f 647 783 784
f 647 784 785
f 647 785 779
f 648 780 650
f 649 650 786
f 649 786 651
f 650 780 786
f 651 786 787
f 651 787 788
f 651 788 652
f 652 788 787
f 652 787 789
f 652 789 790
f 652 790 791
f 652 791 792
f 652 792 653
f 653 792 793
f 653 793 654
f 654 793 794
f 654 794 795
f 654 795 796
f 654 796 797
f 654 797 798
f 654 798 799
f 654 799 655
f 655 799 798
f 655 798 797
f 655 797 656
f 656 661 658
f 656 658 657
f 656 797 800
f 656 800 801
f 656 801 661
f 659 664 663
f 659 663 660
f 659 662 802
f 659 802 664
f 661 801 803
f 661 803 804
f 661 804 805
f 661 805 806
f 661 806 662
f 662 806 802
f 664 802 807
f 664 807 808
f 664 808 665
f 665 808 809
f 665 809 666
f 668 810 811
f 668 811 670
f 668 669 810
f 669 812 810
f 669 673 812
f 670 811 813
f 670 813 814
f 670 814 681
f 670 681 671
f 673 815 812
f 673 676 816
f 673 816 815
f 675 817 676
f 676 817 816
f 677 818 819
f 677 819 678
f 677 682 818
f 678 819 679
f 679 820 821
f 679 821 683
f 679 683 680
f 679 819 820
f 681 814 822
f 681 822 682
f 682 822 818
f 683 821 684
f 684 821 823
f 684 823 685
f 685 823 824
f 685 824 686
f 686 824 825
f 686 825 826
f 686 826 827
f 686 827 828
f 686 828 829
f 686 829 687
f 687 829 689
f 687 689 688
f 689 691 690
f 689 829 830
f 689 830 831
f 689 831 691
f 691 831 832
f 691 832 833
f 691 833 692
f 692 833 832
f 692 832 834
f 692 834 693
f 693 834 835
f 693 835 836
f 693 836 837
f 693 837 694
f 694 837 695
f 695 837 838
f 695 838 839
f 695 839 840
f 695 840 696
f 696 840 697
f 697 840 841
f 697 841 842
f 697 842 843
f 697 843 844
f 697 844 698
f 698 844 845
f 698 845 699
f 699 845 846
f 699 846 702
f 699 702 700
f 701 707 709
f 702 846 703
f 703 846 704
f 704 846 847
f 704 847 848
f 704 848 705
f 705 848 849
f 706 849 850
f 706 850 707
f 707 850 851
f 707 851 852
f 707 852 853
f 707 853 709
f 709 854 710
f 709 853 855
f 709 855 854
f 710 854 855
f 710 855 857
f 710 857 856
f 713 858 714
f 714 858 859
f 714 859 721
f 715 860 862
f 715 862 716
f 715 717 861
f 715 861 860
f 717 720 863
f 717 863 861
f 718 719 864
f 718 864 865
f 718 865 866
f 718 866 720
f 719 724 867
f 719 867 868
f 719 868 864
f 720 866 869
f 720 869 863
f 721 859 870
f 721 870 871
f 721 871 723
f 722 872 724
f 723 871 873
f 723 873 874
f 723 874 872
f 724 872 875
f 724 875 867
f 725 876 726
f 726 876 877
f 726 877 878
f 726 878 879
f 726 879 880
f 726 880 881
f 726 881 882
f 726 882 727
f 727 882 728
f 728 883 884
f 728 884 729
f 728 882 881
f 728 881 885
f 728 885 886
f 728 886 883
f 729 884 887
f 729 887 731
f 730 888 732
f 730 731 889
f 730 889 890
f 730 890 891
f 730 891 892
f 730 892 893
f 730 893 888
f 731 887 894
f 731 894 895
f 731 895 889
f 732 888 733
f 733 888 735
f 735 888 742
f 735 742 738
f 736 738 737
f 737 738 742
f 739 896 740
f 739 742 897
f 739 897 896
f 740 896 741
f 741 896 898
f 741 898 744
f 742 899 900
f 742 900 897
f 742 888 901
f 742 901 902
f 742 902 903
f 742 903 904
f 742 904 905
f 742 905 906
f 742 906 907
f 742 907 908
f 742 908 899
f 743 744 745
f 744 909 745
f 744 898 910
f 744 910 909
f 745 909 746
f 746 909 910
f 746 910 911
f 746 911 912
f 746 912 747
f 747 912 913
f 747 913 914
f 747 914 748
f 748 914 915
f 748 915 916
f 748 916 917
f 748 917 918
f 748 918 919
f 748 919 920
f 748 920 754
f 749 921 922
f 749 922 923
f 749 923 924
f 749 924 925
f 749 925 926
f 749 926 750
f 749 754 927
f 749 927 928
f 749 928 921
f 750 926 751
f 751 926 929
f 751 929 752
f 752 929 930
f 752 930 931
f 752 931 932
f 752 932 933
f 752 933 753
f 753 933 755
f 754 920 927
f 755 934 756
f 755 933 935
f 755 935 936
f 755 936 934
f 756 934 937
f 756 937 757
f 757 937 938
f 757 938 758
f 758 938 759
f 759 938 939
f 759 939 940
f 759 940 760
f 760 940 762
f 760 762 761
f 762 940 941
f 762 941 942
f 762 942 763
f 763 942 943
f 763 943 944
f 763 944 945
f 763 945 946
f 763 946 764
f 764 767 766
f 764 946 770
f 764 770 767
f 768 773 947
f 768 947 948
f 768 948 949
f 768 949 950
f 768 950 769
f 769 950 951
f 769 951 774
f 770 946 952
f 770 952 953
f 770 953 771
f 771 954 772
f 771 953 955
f 771 955 956
f 771 956 954
f 772 947 773
f 772 954 957
f 772 957 947
f 774 958 959
f 774 959 776
f 774 776 775
f 774 951 960
f 774 960 958
f 776 959 958
f 776 958 778
f 778 958 961
f 778 961 781
f 779 787 780
f 779 785 784
f 779 784 789
f 779 789 787
f 780 787 786
f 781 961 782
f 782 961 962
f 782 962 963
f 782 963 783
f 783 963 784
f 784 790 789
f 784 963 964
f 784 964 791
f 784 791 790
f 791 964 963
f 791 963 965
f 791 965 792
f 792 965 966
f 792 966 793
f 793 966 794
f 794 966 795
f 795 967 968
f 795 968 969
f 795 969 796
f 795 966 967
f 796 970 800
f 796 800 797
f 796 969 971
f 796 971 972
f 796 972 970
f 800 970 801
f 801 970 973
f 801 973 974
f 801 974 975
f 801 975 803
f 802 806 976
f 802 976 807
f 803 975 977
f 803 977 978
f 803 978 804
f 804 978 805
f 805 978 977
f 805 977 979
f 805 979 806
f 806 979 976
f 807 980 981
f 807 981 808
f 807 976 979
f 807 979 982
f 807 982 983
f 807 983 984
f 807 984 985
f 807 985 980
f 808 981 809
f 810 986 811
f 810 812 987
f 810 987 986
f 811 986 813
f 812 815 987
f 813 986 814
f 814 988 989
f 814 989 822
f 814 986 988
f 815 990 987
f 815 816 990
f 816 817 991
f 816 991 992
f 816 992 990
f 818 822 989
f 818 989 993
f 818 993 994
f 818 994 995
f 818 995 819
f 819 995 820
f 820 995 821
f 821 996 823
f 821 995 996
f 823 996 824
f 824 997 998
f 824 998 825
f 824 996 997
f 825 998 826
f 826 999 827
f 826 998 999
f 827 1000 1001
f 827 1001 1002
f 827 1002 828
f 827 999 1000
f 828 1002 1003
f 828 1003 830
f 828 830 829
f 830 1003 1004
f 830 1004 834
f 830 834 831
f 831 834 832
f 834 1004 1005
f 834 1005 1006
f 834 1006 835
f 835 1006 836
f 836 1006 1007
f 836 1007 1008
f 836 1008 1009
f 836 1009 1010
f 836 1010 837
f 837 1010 1011
f 837 1011 838
f 838 1011 1010
f 838 1010 1012
f 838 1012 839
f 839 1012 840
f 840 1012 1013
f 840 1013 1014
f 840 1014 841
f 841 1015 1016
f 841 1016 1017
f 841 1017 842
f 841 1014 1018
f 841 1018 1019
f 841 1019 1020
f 841 1020 1015
f 842 1017 1016
f 842 1016 843
f 843 1016 844
f 844 1016 1021
f 844 1021 1022
f 844 1022 845
f 845 1022 847
f 845 847 846
f 847 1022 1023
f 847 1023 848
f 848 1023 1024
f 848 1024 849
f 849 1024 1025
f 849 1025 1026
f 849 1026 850
f 850 1026 851
f 851 1026 1027
f 851 1027 1028
f 851 1028 852
f 852 1028 1029
f 852 1029 1030
f 852 1030 1031
f 852 1031 1032
f 852 1032 853
f 853 1032 1033
f 853 1033 855
f 855 1033 1034
f 855 1034 1035
f 855 1035 857
f 858 870 859
f 860 1036 1037
f 860 1037 1038
f 860 1038 862
f 860 861 1039
f 860 1039 1036
f 861 863 1040
f 861 1040 1039
f 863 869 1040
f 864 868 865
f 865 868 1041
f 865 1041 1042
f 865 1042 869
f 865 869 866
f 867 875 1043
f 867 1043 1044
f 867 1044 868
f 868 1044 1228
f 868 1228 1045
f 868 1045 1046
f 868 1046 1041
f 869 1047 1040
f 869 1042 1047
f 870 1048 1049
f 870 1049 1050
f 870 1050 871
f 871 1050 873
f 872 874 1043
f 872 1043 875
f 873 1050 1051
f 873 1051 874
f 874 1051 1052
f 874 1052 1043
f 877 1053 1054
f 877 1054 878
f 878 1054 879
f 879 1054 1055
f 879 1055 880
f 880 1055 885
f 880 885 881
f 883 886 1056
f 883 1056 894
f 883 894 884
f 884 894 887
f 885 1055 886
f 886 1055 1057
f 886 1057 1056
f 888 893 1058
f 888 1058 901
f 889 1059 890
f 889 895 1060
f 889 1060 1059
f 890 1059 1061
f 890 1061 891
f 891 1061 1060
f 891 1060 1062
f 891 1062 1063
f 891 1063 892
f 892 901 1058
f 892 1058 893
f 892 1063 1064
f 892 1064 1065
f 892 1065 1066
f 892 1066 901
f 894 1056 1067
f 894 1067 895
f 895 1067 1056
f 895 1056 1060
f 896 897 1068
f 896 1068 910
f 896 910 898
f 897 900 899
f 897 899 1069
f 897 1069 1070
f 897 1070 1071
f 897 1071 1072
f 897 1072 1073
f 897 1073 1074
f 897 1074 1075
f 897 1075 910
f 897 910 1068
f 899 1076 1069
f 899 908 1077
f 899 1077 1078
f 899 1078 1079
f 899 1079 1076
f 901 1066 1080
f 901 1080 903
f 901 903 902
f 903 1080 1081
f 903 1081 905
f 903 905 904
f 905 1081 906
f 906 1081 1082
f 906 1082 907
f 907 1082 1083
f 907 1083 1084
f 907 1084 1085
f 907 1085 1086
f 907 1086 1079
f 907 1079 1078
f 907 1078 1077
f 907 1077 908
f 910 1075 911
f 911 1075 1074
f 911 1074 912
f 912 1074 1073
f 912 1073 1087
f 912 1087 913
f 913 1087 915
f 913 915 914
f 915 1087 1088
f 915 1088 916
f 916 1088 1089
f 916 1089 1090
f 916 1090 918
f 916 918 917
f 918 1090 1091
f 918 1091 1092
f 918 1092 1093
f 918 1093 919
f 919 1093 920
f 920 1093 928
f 920 928 927
f 921 1094 922
f 921 928 1094
f 922 1095 1096
f 922 1096 923
f 922 1094 1095
f 923 1096 1097
f 923 1097 926
f 923 926 924
f 924 926 925
f 926 1097 929
f 928 1093 1098
f 928 1098 1099
f 928 1099 1100
f 928 1100 1094
f 929 1097 930
f 930 1097 1101
f 930 1101 931
f 931 1101 1102
f 931 1102 1103
f 931 1103 1104
f 931 1104 1105
f 931 1105 1106
f 931 1106 933
f 931 933 932
f 933 1107 935
f 933 1106 1105
f 933 1105 1108
f 933 1108 1107
f 934 936 1109
f 934 1109 937
f 935 1107 936
f 936 1110 937
f 936 937 1109
f 936 1107 1111
f 936 1111 1112
f 936 1112 1110
f 937 1110 938
f 938 1110 1112
f 938 1112 1113
f 938 1113 1114
f 938 1114 939
f 939 1114 940
f 940 1114 941
f 941 1114 1115
f 941 1115 1116
f 941 1116 942
f 942 1116 943
f 943 1116 1117
f 943 1117 944
f 944 1118 945
f 944 1117 1119
f 944 1119 1120
f 944 1120 1121
f 944 1121 1118
f 945 1118 946
f 946 1118 1122
f 946 1122 952
f 947 957 949
f 947 949 948
f 949 957 1123
f 949 1123 1124
f 949 1124 1125
f 949 1125 1126
f 949 1126 1127
f 949 1127 950
f 950 1127 951
f 951 1127 960
f 952 1122 953
f 953 1128 955
f 953 1122 1129
f 953 1129 1130
f 953 1130 1131
f 953 1131 1132
f 953 1132 1133
f 953 1133 1134
f 953 1134 1128
f 954 956 957
f 955 1135 956
f 955 1128 1134
f 955 1134 1136
f 955 1136 1135
f 956 1135 1136
f 956 1136 1137
f 956 1137 1138
f 956 1138 1123
f 956 1123 957
f 958 960 1139
f 958 1139 1140
f 958 1140 1141
f 958 1141 1142
f 958 1142 1143
f 958 1143 961
f 960 1127 1126
f 960 1126 1139
f 961 1143 1144
f 961 1144 962
f 962 1142 1145
f 962 1145 1146
f 962 1146 1147
f 962 1147 1148
f 962 1148 963
f 962 1144 1142
f 963 1148 965
f 965 1148 1149
f 965 1149 1150
f 965 1150 966
f 966 1150 1151
f 966 1151 967
f 967 1151 968
f 968 1152 969
f 968 1151 1153
f 968 1153 1154
f 968 1154 1152
f 969 1152 971
f 970 972 1155
f 970 1155 973
f 971 1152 1156
f 971 1156 1157
f 971 1157 972
f 972 1157 1155
f 973 975 974
f 973 1155 1158
f 973 1158 975
f 975 1158 977
f 977 1158 1159
f 977 1159 979
f 979 983 982
f 979 1159 1160
f 979 1160 1161
f 979 1161 983
f 980 985 1162
f 983 1163 984
f 983 1161 1163
f 984 1163 985
f 985 1163 1164
f 985 1164 1165
f 985 1165 1162
f 986 1166 1167
f 986 1167 1168
f 986 1168 1169
f 986 1169 988
f 986 987 1166
f 987 990 1170
f 987 1170 1171
f 987 1171 1172
f 987 1172 1166
f 988 1169 989
f 989 1169 1173
f 989 1173 1174
f 989 1174 993
f 990 992 1175
f 990 1175 1170
f 991 1176 1175
f 991 1175 992
f 993 1174 994
f 994 1177 1178
f 994 1178 1179
f 994 1179 1180
f 994 1180 995
f 994 1174 1177
f 995 1180 1181
f 995 1181 1182
f 995 1182 996
f 996 1182 997
f 997 1182 1183
f 997 1183 1184
f 997 1184 998
f 998 1184 999
f 999 1184 1000
f 1000 1185 1186
f 1000 1186 1187
f 1000 1187 1001
f 1000 1184 1188
f 1000 1188 1185
f 1001 1187 1189
f 1001 1189 1002
f 1002 1189 1003
f 1003 1189 1190
f 1003 1190 1004
f 1004 1190 1005
f 1005 1190 1191
f 1005 1191 1192
f 1005 1192 1006
f 1006 1192 1007
f 1007 1192 1193
f 1007 1193 1194
f 1007 1194 1010
f 1007 1010 1009
f 1007 1009 1008
f 1010 1194 1195
f 1010 1195 1196
f 1010 1196 1012
f 1012 1196 1197
f 1012 1197 1013
f 1013 1197 1198
f 1013 1198 1014
f 1014 1198 1199
f 1014 1199 1018
f 1015 1021 1016
f 1015 1020 1021
f 1018 1199 1200
f 1018 1200 1201
f 1018 1201 1019
f 1019 1201 1202
f 1019 1202 1203
f 1019 1203 1020
f 1020 1203 1204
f 1020 1204 1205
f 1020 1205 1021
f 1021 1205 1206
f 1021 1206 1022
f 1022 1206 1023
f 1023 1206 1207
f 1023 1207 1024
f 1024 1208 1025
f 1024 1207 1209
f 1024 1209 1210
f 1024 1210 1208
f 1025 1208 1026
f 1026 1208 1211
f 1026 1211 1027
f 1027 1211 1212
f 1027 1212 1029
f 1027 1029 1028
f 1029 1031 1030
f 1029 1212 1213
f 1029 1213 1214
f 1029 1214 1215
f 1029 1215 1031
f 1031 1216 1032
f 1031 1215 1217
f 1031 1217 1218
f 1031 1218 1216
f 1032 1216 1219
f 1032 1219 1033
f 1033 1220 1034
f 1033 1219 1221
f 1033 1221 1220
f 1036 1222 1037
f 1036 1039 1223
f 1036 1223 1222
f 1037 1222 1224
f 1039 1040 1223
f 1040 1047 1225
f 1040 1225 1223
f 1041 1226 1042
f 1041 1046 1226
f 1042 1226 1227
f 1042 1227 1047
f 1043 1228 1044
f 1043 1052 1229
f 1043 1229 1228
f 1045 1228 1230
f 1045 1230 1046
f 1046 1231 1226
f 1046 1230 1232
f 1046 1232 1233
f 1046 1233 1231
f 1047 1227 1234
f 1047 1234 1225
f 1048 1235 1049
f 1049 1235 1236
f 1049 1236 1237
f 1049 1237 1050
f 1050 1237 1051
f 1051 1237 1238
f 1051 1238 1239
f 1051 1239 1052
f 1052 1239 1229
f 1053 1240 1054
f 1054 1240 1241
f 1054 1241 1242
f 1054 1242 1055
f 1055 1242 1243
f 1055 1243 1244
f 1055 1244 1057
f 1056 1245 1060
f 1056 1057 1246
f 1056 1246 1247
f 1056 1247 1248
f 1056 1248 1249
f 1056 1249 1245
f 1057 1244 1250
f 1057 1250 1246
f 1059 1060 1061
f 1060 1245 1251
f 1060 1251 1252
f 1060 1252 1062
f 1062 1252 1064
f 1062 1064 1063
f 1064 1252 1065
f 1065 1252 1251
f 1065 1251 1081
f 1065 1081 1066
f 1066 1081 1080
f 1069 1076 1086
f 1069 1086 1253
f 1069 1253 1070
f 1070 1253 1071
f 1071 1253 1072
f 1072 1253 1088
f 1072 1088 1073
f 1073 1088 1087
f 1076 1079 1086
f 1081 1254 1255
f 1081 1255 1082
f 1081 1251 1256
f 1081 1256 1257
f 1081 1257 1254
f 1082 1255 1258
f 1082 1258 1083
f 1083 1258 1084
f 1084 1259 1260
f 1084 1260 1261
f 1084 1261 1262
f 1084 1262 1085
f 1084 1258 1255
f 1084 1255 1259
f 1085 1263 1086
f 1085 1262 1264
f 1085 1264 1261
f 1085 1261 1265
f 1085 1265 1263
f 1086 1263 1266
f 1086 1266 1088
f 1086 1088 1253
f 1088 1092 1091
f 1088 1091 1089
f 1088 1266 1092
f 1089 1091 1090
f 1092 1267 1099
f 1092 1099 1098
f 1092 1098 1093
f 1092 1266 1268
f 1092 1268 1269
f 1092 1269 1270
f 1092 1270 1271
f 1092 1271 1272
f 1092 1272 1273
f 1092 1273 1274
f 1092 1274 1275
f 1092 1275 1276
f 1092 1276 1267
f 1094 1100 1267
f 1094 1267 1095
f 1095 1267 1096
f 1096 1267 1277
f 1096 1277 1103
f 1096 1103 1102
f 1096 1102 1101
f 1096 1101 1097
f 1099 1267 1100
f 1103 1278 1104
f 1103 1277 1279
f 1103 1279 1280
f 1103 1280 1281
f 1103 1281 1282
f 1103 1282 1278
f 1104 1283 1105
f 1104 1278 1284
f 1104 1284 1283
f 1105 1285 1286
f 1105 1286 1108
f 1105 1283 1285
f 1107 1108 1111
f 1108 1286 1287
f 1108 1287 1111
f 1111 1287 1112
f 1112 1287 1113
f 1113 1115 1114
f 1113 1287 1286
f 1113 1286 1288
f 1113 1288 1115
f 1115 1288 1289
f 1115 1289 1117
f 1115 1117 1116
f 1117 1289 1290
f 1117 1290 1119
f 1118 1291 1129
f 1118 1129 1122
f 1118 1121 1292
f 1118 1292 1291
f 1119 1290 1120
f 1120 1293 1294
f 1120 1294 1121
f 1120 1290 1293
f 1121 1294 1292
f 1123 1138 1124
f 1124 1138 1295
f 1124 1295 1125
f 1125 1295 1138
f 1125 1138 1296
f 1125 1296 1297
f 1125 1297 1298
f 1125 1298 1299
f 1125 1299 1126
f 1126 1299 1300
f 1126 1300 1301
f 1126 1301 1139
f 1129 1291 1130
f 1130 1291 1302
f 1130 1302 1303
f 1130 1303 1131
f 1131 1303 1132
f 1132 1304 1305
f 1132 1305 1306
f 1132 1306 1133
f 1132 1303 1304
f 1133 1306 1307
f 1133 1307 1134
f 1134 1307 1308
f 1134 1308 1309
f 1134 1309 1136
f 1136 1309 1137
f 1137 1309 1310
f 1137 1310 1296
f 1137 1296 1138
f 1139 1301 1140
f 1140 1301 1142
f 1140 1142 1141
f 1142 1301 1311
f 1142 1311 1145
f 1142 1144 1143
f 1145 1311 1146
f 1146 1312 1147
f 1146 1311 1313
f 1146 1313 1314
f 1146 1314 1312
f 1147 1312 1148
f 1148 1312 1315
f 1148 1315 1149
f 1149 1316 1317
f 1149 1317 1318
f 1149 1318 1319
f 1149 1319 1150
f 1149 1315 1316
f 1150 1319 1151
f 1151 1319 1153
f 1152 1320 1156
f 1152 1154 1321
f 1152 1321 1322
f 1152 1322 1320
f 1153 1319 1323
f 1153 1323 1324
f 1153 1324 1325
f 1153 1325 1154
f 1154 1325 1326
f 1154 1326 1327
f 1154 1327 1328
f 1154 1328 1321
f 1155 1157 1329
f 1155 1329 1330
f 1155 1330 1158
f 1156 1320 1331
f 1156 1331 1157
f 1157 1331 1332
f 1157 1332 1329
f 1158 1330 1159
f 1159 1330 1333
f 1159 1333 1334
f 1159 1334 1160
f 1160 1334 1335
f 1160 1335 1336
f 1160 1336 1161
f 1161 1336 1337
f 1161 1337 1163
f 1163 1337 1164
f 1164 1337 1338
f 1164 1338 1339
f 1164 1339 1165
f 1166 1340 1341
f 1166 1341 1167
f 1166 1172 1342
f 1166 1342 1340
f 1167 1341 1343
f 1167 1343 1168
f 1168 1343 1169
f 1169 1344 1345
f 1169 1345 1173
f 1169 1343 1344
f 1170 1346 1171
f 1170 1175 1346
f 1171 1346 1172
f 1172 1346 1342
f 1173 1345 1174
f 1174 1345 1347
f 1174 1347 1348
f 1174 1348 1177
f 1175 1176 1349
f 1175 1349 1350
f 1175 1350 1351
f 1175 1351 1352
f 1175 1352 1353
f 1175 1353 1346
f 1177 1348 1178
f 1178 1348 1354
f 1178 1354 1179
f 1179 1181 1180
f 1179 1354 1183
f 1179 1183 1181
f 1181 1183 1182
f 1183 1355 1356
f 1183 1356 1184
f 1183 1354 1355
f 1184 1356 1357
f 1184 1357 1358
f 1184 1358 1188
f 1185 1188 1359
f 1185 1359 1360
f 1185 1360 1361
f 1185 1361 1362
f 1185 1362 1363
f 1185 1363 1364
f 1185 1364 1365
f 1185 1365 1186
f 1186 1365 1187
f 1187 1365 1366
f 1187 1366 1367
f 1187 1367 1189
f 1188 1358 1359
f 1189 1367 1190
f 1190 1367 1191
f 1191 1367 1192
f 1192 1367 1368
f 1192 1368 1369
f 1192 1369 1193
f 1193 1369 1370
f 1193 1370 1371
f 1193 1371 1372
f 1193 1372 1373
f 1193 1373 1374
f 1193 1374 1194
f 1194 1374 1375
f 1194 1375 1195
f 1195 1375 1196
f 1196 1373 1197
f 1196 1375 1373
f 1197 1376 1377
f 1197 1377 1378
f 1197 1378 1199
f 1197 1199 1198
f 1197 1373 1376
f 1199 1379 1200
f 1199 1378 1379
f 1200 1379 1380
f 1200 1380 1381
f 1200 1381 1382
f 1200 1382 1383
f 1200 1383 1384
f 1200 1384 1201
f 1201 1385 1202
f 1201 1384 1386
f 1201 1386 1387
f 1201 1387 1388
f 1201 1388 1389
f 1201 1389 1385
f 1202 1385 1388
f 1202 1388 1390
f 1202 1390 1203
f 1203 1391 1204
f 1203 1390 1391
f 1204 1391 1392
f 1204 1392 1393
f 1204 1393 1206
f 1204 1206 1205
f 1206 1393 1209
f 1206 1209 1207
f 1208 1210 1211
f 1209 1393 1392
f 1209 1392 1394
f 1209 1394 1210
f 1210 1394 1395
f 1210 1395 1396
f 1210 1396 1213
f 1210 1213 1212
f 1210 1212 1211
f 1213 1396 1397
f 1213 1397 1214
f 1214 1397 1398
f 1214 1398 1399
f 1214 1399 1400
f 1214 1400 1215
f 1215 1400 1217
f 1216 1401 1219
f 1216 1218 1401
f 1217 1402 1403
f 1217 1403 1404
f 1217 1404 1218
f 1217 1400 1399
f 1217 1399 1405
f 1217 1405 1402
f 1218 1404 1406
f 1218 1406 1407
f 1218 1407 1401
f 1219 1401 1407
f 1219 1407 1404
f 1219 1404 1221
f 1222 1408 1409
f 1222 1409 1224
f 1222 1223 1410
f 1222 1410 1408
f 1223 1225 1411
f 1223 1411 1410
f 1225 1234 1411
f 1226 1231 1412
f 1226 1412 1227
f 1227 1412 1413
f 1227 1413 1414
f 1227 1414 1234
f 1228 1229 1415
f 1228 1415 1230
f 1229 1239 1416
f 1229 1416 1417
f 1229 1417 1415
f 1230 1415 1232
f 1231 1233 1412
f 1232 1415 1418
f 1232 1418 1419
f 1232 1419 1233
f 1233 1419 1420
f 1233 1420 1412
f 1234 1421 1411
f 1234 1414 1617
f 1234 1617 1421
f 1235 1422 1236
f 1236 1422 1423
f 1236 1423 1424
f 1236 1424 1237
f 1237 1424 1425
f 1237 1425 1238
f 1238 1425 1426
f 1238 1426 1239
f 1239 1426 1427
f 1239 1427 1416
f 1240 1428 1241
f 1241 1429 1430
f 1241 1430 1242
f 1241 1428 1431
f 1241 1431 1432
f 1241 1432 1433
f 1241 1433 1429
f 1242 1430 1243
f 1243 1430 1429
f 1243 1429 1244
f 1244 1429 1433
f 1244 1433 1434
f 1244 1434 1250
f 1245 1249 1435
f 1245 1435 1251
f 1246 1250 1434
f 1246 1434 1436
f 1246 1436 1247
f 1247 1436 1248
f 1248 1435 1249
f 1248 1436 1437
f 1248 1437 1438
f 1248 1438 1435
f 1251 1435 1439
f 1251 1439 1440
f 1251 1440 1441
f 1251 1441 1256
f 1254 1442 1443
f 1254 1443 1255
f 1254 1257 1444
f 1254 1444 1445
f 1254 1445 1442
f 1255 1443 1259
f 1256 1441 1446
f 1256 1446 1447
f 1256 1447 1257
f 1257 1447 1448
f 1257 1448 1444
f 1259 1443 1449
f 1259 1449 1450
f 1259 1450 1260
f 1260 1450 1451
f 1260 1451 1452
f 1260 1452 1453
f 1260 1453 1454
f 1260 1454 1455
f 1260 1455 1456
f 1260 1456 1261
f 1261 1264 1262
f 1261 1456 1263
f 1261 1263 1265
f 1263 1457 1266
f 1263 1456 1457
f 1266 1457 1458
f 1266 1458 1459
f 1266 1459 1268
f 1267 1460 1277
f 1267 1276 1460
f 1268 1459 1461
f 1268 1461 1462
f 1268 1462 1269
f 1269 1462 1461
f 1269 1461 1463
f 1269 1463 1270
f 1270 1464 1272
f 1270 1272 1271
f 1270 1463 1464
f 1272 1464 1463
f 1272 1463 1465
f 1272 1465 1466
f 1272 1466 1273
f 1273 1466 1276
f 1273 1276 1275
f 1273 1275 1274
f 1276 1466 1467
f 1276 1467 1468
f 1276 1468 1460
f 1277 1460 1469
f 1277 1469 1279
f 1278 1282 1470
f 1278 1470 1284
f 1279 1469 1460
f 1279 1460 1468
f 1279 1468 1471
f 1279 1471 1472
f 1279 1472 1473
f 1279 1473 1474
f 1279 1474 1280
f 1280 1282 1281
f 1280 1474 1282
f 1282 1475 1470
f 1282 1474 1473
f 1282 1473 1476
f 1282 1476 1475
f 1283 1477 1478
f 1283 1478 1479
f 1283 1479 1285
f 1283 1284 1480
f 1283 1480 1477
f 1284 1470 1475
f 1284 1475 1480
f 1285 1479 1290
f 1285 1290 1481
f 1285 1481 1288
f 1285 1288 1286
f 1288 1481 1290
f 1288 1290 1289
f 1290 1479 1293
f 1291 1292 1302
f 1292 1294 1482
f 1292 1482 1483
f 1292 1483 1303
f 1292 1303 1302
f 1293 1479 1484
f 1293 1484 1485
f 1293 1485 1294
f 1294 1485 1484
f 1294 1484 1486
f 1294 1486 1482
f 1296 1310 1487
f 1296 1487 1297
f 1297 1488 1299
f 1297 1299 1298
f 1297 1487 1489
f 1297 1489 1490
f 1297 1490 1491
f 1297 1491 1488
f 1299 1488 1313
f 1299 1313 1311
f 1299 1311 1300
f 1300 1311 1301
f 1303 1483 1492
f 1303 1492 1304
f 1304 1493 1494
f 1304 1494 1495
f 1304 1495 1496
f 1304 1496 1305
f 1304 1492 1493
f 1305 1496 1497
f 1305 1497 1306
f 1306 1497 1498
f 1306 1498 1499
f 1306 1499 1500
f 1306 1500 1501
f 1306 1501 1308
f 1306 1308 1307
f 1308 1501 1309
f 1309 1501 1502
f 1309 1502 1503
f 1309 1503 1504
f 1309 1504 1310
f 1310 1504 1505
f 1310 1505 1487
f 1312 1314 1316
f 1312 1316 1315
f 1313 1488 1491
f 1313 1491 1506
f 1313 1506 1507
f 1313 1507 1314
f 1314 1507 1508
f 1314 1508 1509
f 1314 1509 1316
f 1316 1509 1317
f 1317 1510 1318
f 1317 1509 1508
f 1317 1508 1511
f 1317 1511 1512
f 1317 1512 1513
f 1317 1513 1510
f 1318 1510 1319
f 1319 1510 1323
f 1320 1322 1514
f 1320 1514 1515
f 1320 1515 1331
f 1321 1328 1516
f 1321 1516 1517
f 1321 1517 1322
f 1322 1517 1514
f 1323 1510 1518
f 1323 1518 1324
f 1324 1518 1326
f 1324 1326 1325
f 1326 1518 1519
f 1326 1519 1520
f 1326 1520 1521
f 1326 1521 1522
f 1326 1522 1523
f 1326 1523 1524
f 1326 1524 1525
f 1326 1525 1327
f 1327 1525 1526
f 1327 1526 1328
f 1328 1526 1525
f 1328 1525 1527
f 1328 1527 1528
f 1328 1528 1529
f 1328 1529 1530
f 1328 1530 1516
f 1329 1333 1330
f 1329 1332 1333
f 1331 1515 1531
f 1331 1531 1332
f 1332 1531 1333
f 1333 1531 1532
f 1333 1532 1334
f 1334 1533 1335
f 1334 1532 1534
f 1334 1534 1535
f 1334 1535 1536
f 1334 1536 1533
f 1335 1533 1537
f 1335 1537 1336
f 1336 1538 1338
f 1336 1338 1337
f 1336 1537 1538
f 1338 1538 1339
f 1339 1538 1539
f 1339 1539 1540
f 1340 1541 1542
f 1340 1542 1341
f 1340 1342 1543
f 1340 1543 1541
f 1341 1542 1343
f 1342 1346 1544
f 1342 1544 1543
f 1343 1545 1546
f 1343 1546 1344
f 1343 1542 1545
f 1344 1546 1345
f 1345 1546 1547
f 1345 1547 1347
f 1346 1353 1548
f 1346 1548 1544
f 1347 1547 1549
f 1347 1549 1348
f 1348 1549 1550
f 1348 1550 1551
f 1348 1551 1552
f 1348 1552 1553
f 1348 1553 1354
f 1352 1554 1353
f 1353 1554 1548
f 1354 1553 1555
f 1354 1555 1355
f 1355 1555 1357
f 1355 1357 1356
f 1357 1555 1556
f 1357 1556 1557
f 1357 1557 1358
f 1358 1557 1558
f 1358 1558 1359
f 1359 1558 1360
f 1360 1558 1559
f 1360 1559 1560
f 1360 1560 1561
f 1360 1561 1361
f 1361 1561 1362
f 1362 1561 1562
f 1362 1562 1563
f 1362 1563 1363
f 1363 1564 1565
f 1363 1565 1566
f 1363 1566 1567
f 1363 1567 1568
f 1363 1568 1569
f 1363 1569 1364
f 1363 1563 1564
f 1364 1569 1365
f 1365 1570 1366
f 1365 1569 1570
f 1366 1570 1571
f 1366 1571 1572
f 1366 1572 1367
f 1367 1572 1573
f 1367 1573 1368
f 1368 1573 1369
f 1369 1573 1370
f 1370 1573 1574
f 1370 1574 1575
f 1370 1575 1371
f 1371 1575 1576
f 1371 1576 1372
f 1372 1576 1577
f 1372 1577 1373
f 1373 1577 1376
f 1373 1375 1374
f 1376 1577 1578
f 1376 1578 1377
f 1377 1578 1579
f 1377 1579 1580
f 1377 1580 1380
f 1377 1380 1379
f 1377 1379 1378
f 1380 1580 1381
f 1381 1580 1581
f 1381 1581 1582
f 1381 1582 1583
f 1381 1583 1382
f 1382 1583 1582
f 1382 1582 1383
f 1383 1582 1584
f 1383 1584 1585
f 1383 1585 1386
f 1383 1386 1384
f 1385 1389 1388
f 1386 1585 1586
f 1386 1586 1387
f 1387 1586 1587
f 1387 1587 1388
f 1388 1587 1390
f 1390 1588 1391
f 1390 1587 1588
f 1391 1588 1589
f 1391 1589 1392
f 1392 1589 1590
f 1392 1590 1395
f 1392 1395 1394
f 1395 1591 1592
f 1395 1592 1593
f 1395 1593 1594
f 1395 1594 1595
f 1395 1595 1396
f 1395 1590 1591
f 1396 1595 1397
f 1397 1596 1597
f 1397 1597 1598
f 1397 1598 1599
f 1397 1599 1600
f 1397 1600 1398
f 1397 1595 1596
f 1398 1600 1399
f 1399 1600 1601
f 1399 1601 1602
f 1399 1602 1603
f 1399 1603 1405
f 1402 1604 1403
f 1402 1405 1605
f 1402 1605 1604
f 1403 1604 1605
f 1403 1605 1606
f 1404 1407 1406
f 1405 1603 1607
f 1405 1607 1605
f 1408 1608 1609
f 1408 1609 1610
f 1408 1610 1409
f 1408 1410 1611
f 1408 1611 1612
f 1408 1612 1608
f 1410 1411 1611
f 1411 1613 1611
f 1411 1421 1614
f 1411 1614 1613
f 1412 1420 1413
f 1413 1615 1616
f 1413 1616 1617
f 1413 1617 1414
f 1413 1420 1615
f 1415 1417 1618
f 1415 1618 1619
f 1415 1619 1418
f 1416 1427 1417
f 1417 1427 1620
f 1417 1620 1618
f 1418 1619 1419
f 1419 1621 1420
f 1419 1619 1622
f 1419 1622 1621
f 1420 1623 1615
f 1420 1621 1623
f 1421 1617 1614
f 1422 1624 1625
f 1422 1625 1423
f 1423 1625 1626
f 1423 1626 1424
f 1424 1626 1627
f 1424 1627 1425
f 1425 1627 1426
f 1426 1627 1628
f 1426 1628 1629
f 1426 1629 1427
f 1427 1629 1620
f 1431 1630 1432
f 1432 1630 1631
f 1432 1631 1632
f 1432 1632 1633
f 1432 1633 1634
f 1432 1634 1433
f 1433 1634 1635
f 1433 1635 1636
f 1433 1636 1637
f 1433 1637 1434
f 1434 1637 1638
f 1434 1638 1437
f 1434 1437 1436
f 1435 1639 1439
f 1435 1438 1639
f 1437 1638 1438
f 1438 1638 1640
f 1438 1640 1639
f 1439 1639 1441
f 1439 1441 1440
f 1441 1639 1641
f 1441 1641 1640
f 1441 1640 1642
f 1441 1642 1643
f 1441 1643 1644
f 1441 1644 1645
f 1441 1645 1447
f 1441 1447 1446
f 1442 1445 1646
f 1442 1646 1647
f 1442 1647 1648
f 1442 1648 1443
f 1443 1648 1450
f 1443 1450 1449
f 1444 1649 1650
f 1444 1650 1445
f 1444 1448 1645
f 1444 1645 1649
f 1445 1650 1651
f 1445 1651 1652
f 1445 1652 1646
f 1447 1645 1448
f 1450 1653 1451
f 1450 1648 1653
f 1451 1653 1654
f 1451 1654 1452
f 1452 1655 1656
f 1452 1656 1657
f 1452 1657 1658
f 1452 1658 1453
f 1452 1654 1659
f 1452 1659 1655
f 1453 1660 1661
f 1453 1661 1662
f 1453 1662 1454
f 1453 1658 1660
f 1454 1662 1455
f 1455 1662 1663
f 1455 1663 1456
f 1456 1663 1664
f 1456 1664 1665
f 1456 1665 1458
f 1456 1458 1457
f 1458 1665 1459
f 1459 1665 1666
f 1459 1666 1667
f 1459 1667 1461
f 1461 1667 1463
f 1463 1663 1662
f 1463 1662 1466
f 1463 1466 1465
f 1463 1667 1663
f 1466 1662 1668
f 1466 1668 1669
f 1466 1669 1670
f 1466 1670 1671
f 1466 1671 1672
f 1466 1672 1673
f 1466 1673 1467
f 1467 1673 1468
f 1468 1673 1674
f 1468 1674 1471
f 1471 1674 1472
f 1472 1674 1675
f 1472 1675 1473
f 1473 1676 1677
f 1473 1677 1678
f 1473 1678 1476
f 1473 1675 1679
f 1473 1679 1676
f 1475 1476 1680
f 1475 1680 1681
f 1475 1681 1682
f 1475 1682 1480
f 1476 1678 1680
f 1477 1683 1684
f 1477 1684 1685
f 1477 1685 1478
f 1477 1480 1683
f 1478 1685 1484
f 1478 1484 1479
f 1480 1682 1683
f 1482 1686 1483
f 1482 1486 1687
f 1482 1687 1686
f 1483 1686 1492
f 1484 1685 1684
f 1484 1684 1688
f 1484 1688 1687
f 1484 1687 1486
f 1487 1505 1489
f 1489 1505 1503
f 1489 1503 1689
f 1489 1689 1690
f 1489 1690 1490
f 1490 1690 1491
f 1491 1690 1506
f 1492 1686 1493
f 1493 1691 1692
f 1493 1692 1495
f 1493 1495 1494
f 1493 1686 1693
f 1493 1693 1691
f 1495 1691 1694
f 1495 1694 1695
f 1495 1695 1696
f 1495 1696 1496
f 1495 1692 1691
f 1496 1697 1698
f 1496 1698 1699
f 1496 1699 1498
f 1496 1498 1497
f 1496 1696 1697
f 1498 1700 1701
f 1498 1701 1702
f 1498 1702 1703
f 1498 1703 1704
f 1498 1704 1499
f 1498 1699 1700
f 1499 1704 1705
f 1499 1705 1500
f 1500 1705 1706
f 1500 1706 1707
f 1500 1707 1708
f 1500 1708 1502
f 1500 1502 1501
f 1502 1708 1503
f 1503 1505 1504
f 1503 1708 1709
f 1503 1709 1689
f 1506 1690 1710
f 1506 1710 1711
f 1506 1711 1507
f 1507 1711 1712
f 1507 1712 1713
f 1507 1713 1511
f 1507 1511 1508
f 1510 1513 1520
f 1510 1520 1518
f 1511 1713 1512
f 1512 1713 1712
f 1512 1712 1714
f 1512 1714 1715
f 1512 1715 1513
f 1513 1715 1716
f 1513 1716 1520
f 1514 1517 1515
f 1515 1517 1516
f 1515 1516 1717
f 1515 1717 1531
f 1516 1530 1717
f 1518 1520 1519
f 1520 1716 1718
f 1520 1718 1522
f 1520 1522 1521
f 1522 1719 1720
f 1522 1720 1523
f 1522 1718 1719
f 1523 1721 1524
f 1523 1720 1722
f 1523 1722 1723
f 1523 1723 1721
f 1524 1721 1724
f 1524 1724 1525
f 1525 1724 1721
f 1525 1721 1527
f 1527 1721 1725
f 1527 1725 1528
f 1528 1725 1529
f 1529 1726 1727
f 1529 1727 1728
f 1529 1728 1717
f 1529 1717 1530
f 1529 1725 1729
f 1529 1729 1726
f 1531 1730 1534
f 1531 1534 1532
f 1531 1717 1731
f 1531 1731 1730
f 1533 1536 1537
f 1534 1730 1535
f 1535 1730 1732
f 1535 1732 1536
f 1536 1732 1733
f 1536 1733 1734
f 1536 1734 1735
f 1536 1735 1537
f 1537 1736 1538
f 1537 1735 1737
f 1537 1737 1736
f 1538 1736 1738
f 1538 1738 1539
f 1539 1738 1540
f 1541 1543 1739
f 1541 1739 1740
f 1541 1740 1741
f 1541 1741 1542
f 1542 1741 1742
f 1542 1742 1545
f 1543 1544 1739
f 1544 1743 1739
f 1544 1548 1751
f 1544 1751 1743
f 1545 1742 1546
f 1546 1744 1745
f 1546 1745 1746
f 1546 1746 1747
f 1546 1747 1547
f 1546 1742 1748
f 1546 1748 1744
f 1547 1747 1549
f 1548 1554 1749
f 1548 1749 1750
f 1548 1750 1751
f 1549 1747 1550
f 1550 1752 1753
f 1550 1753 1551
f 1550 1747 1746
f 1550 1746 1752
f 1551 1753 1754
f 1551 1754 1755
f 1551 1755 1552
f 1552 1755 1756
f 1552 1756 1555
f 1552 1555 1553
f 1555 1756 1556
f 1556 1757 1758
f 1556 1758 1759
f 1556 1759 1557
f 1556 1756 1755
f 1556 1755 1760
f 1556 1760 1757
f 1557 1759 1558
f 1558 1761 1762
f 1558 1762 1559
f 1558 1759 1761
f 1559 1762 1560
f 1560 1562 1561
f 1560 1762 1562
f 1562 1762 1763
f 1562 1763 1563
f 1563 1763 1764
f 1563 1764 1765
f 1563 1765 1564
f 1564 1765 1565
f 1565 1765 1566
f 1566 1765 1766
f 1566 1766 1767
f 1566 1767 1567
f 1567 1768 1568
f 1567 1767 1769
f 1567 1769 1770
f 1567 1770 1768
f 1568 1768 1771
f 1568 1771 1571
f 1568 1571 1569
f 1569 1571 1570
f 1571 1771 1572
f 1572 1771 1573
f 1573 1771 1574
f 1574 1772 1575
f 1574 1771 1772
f 1575 1772 1773
f 1575 1773 1774
f 1575 1774 1775
f 1575 1775 1576
f 1576 1776 1577
f 1576 1775 1776
f 1577 1776 1578
f 1578 1777 1778
f 1578 1778 1779
f 1578 1779 1780
f 1578 1780 1579
f 1578 1776 1777
f 1579 1780 1580
f 1580 1781 1581
f 1580 1780 1781
f 1581 1781 1582
f 1582 1781 1782
f 1582 1782 1783
f 1582 1783 1784
f 1582 1784 1584
f 1584 1784 1783
f 1584 1783 1785
f 1584 1785 1786
f 1584 1786 1585
f 1585 1786 1586
f 1586 1786 1785
f 1586 1785 1787
f 1586 1787 1788
f 1586 1788 1789
f 1586 1789 1790
f 1586 1790 1587
f 1587 1790 1588
f 1588 1790 1589
f 1589 1790 1791
f 1589 1791 1590
f 1590 1791 1792
f 1590 1792 1793
f 1590 1793 1591
f 1591 1793 1794
f 1591 1794 1592
f 1592 1794 1593
f 1593 1794 1795
f 1593 1795 1796
f 1593 1796 1797
f 1593 1797 1596
f 1593 1596 1594
f 1594 1596 1595
f 1596 1797 1798
f 1596 1798 1597
f 1597 1798 1799
f 1597 1799 1800
f 1597 1800 1599
f 1597 1599 1598
f 1599 1800 1801
f 1599 1801 1802
f 1599 1802 1600
f 1600 1802 1601
f 1601 1802 1803
f 1601 1803 1804
f 1601 1804 1602
f 1602 1805 1603
f 1602 1804 1997
f 1602 1997 1806
f 1602 1806 1805
f 1603 1805 1807
f 1603 1807 1607
f 1605 1607 1606
f 1606 1607 1808
f 1607 1807 1808
f 1608 1809 1810
f 1608 1810 1811
f 1608 1811 1609
f 1608 1612 1812
f 1608 1812 1809
f 1611 1613 1813
f 1611 1813 1612
f 1612 1813 1812
f 1613 1614 1813
f 1614 1814 1813
f 1614 1617 1815
f 1614 1815 1816
f 1614 1816 1814
f 1615 1817 1616
f 1615 1623 1817
f 1616 1818 1617
f 1616 1817 1818
f 1617 1818 1815
f 1618 1620 1819
f 1618 1819 1820
f 1618 1820 1619
f 1619 1820 2011
f 1619 2011 1821
f 1619 1821 1822
f 1619 1822 1622
f 1620 1629 1819
f 1621 1823 1623
f 1621 1622 1824
f 1621 1824 1825
f 1621 1825 1823
f 1622 1822 1824
f 1623 1823 1826
f 1623 1826 1827
f 1623 1827 1817
f 1624 1828 1625
f 1625 1828 1829
f 1625 1829 1626
f 1626 1829 1830
f 1626 1830 1627
f 1627 1830 1831
f 1627 1831 1628
f 1628 1831 1832
f 1628 1832 1833
f 1628 1833 1629
f 1629 1833 1819
f 1631 1834 1632
f 1632 1834 1835
f 1632 1835 1836
f 1632 1836 1633
f 1633 1836 1634
f 1634 1836 1635
f 1635 1836 1837
f 1635 1837 1806
f 1635 1806 1838
f 1635 1838 1839
f 1635 1839 1840
f 1635 1840 1636
f 1636 1840 1638
f 1636 1638 1637
f 1638 1840 1640
f 1639 1640 1641
f 1640 1840 1803
f 1640 1803 1841
f 1640 1841 1643
f 1640 1643 1642
f 1643 1841 1842
f 1643 1842 1843
f 1643 1843 1844
f 1643 1844 1644
f 1644 1844 1645
f 1645 1844 1649
f 1646 1652 1647
f 1647 1652 1655
f 1647 1655 1653
f 1647 1653 1648
f 1649 1844 1845
f 1649 1845 1650
f 1650 1846 1847
f 1650 1847 1848
f 1650 1848 1849
f 1650 1849 1850
f 1650 1850 1851
f 1650 1851 1651
f 1650 1845 1852
f 1650 1852 1796
f 1650 1796 1846
f 1651 1655 1652
f 1651 1851 1850
f 1651 1850 1655
f 1653 1659 1654
f 1653 1655 1659
f 1655 1850 1853
f 1655 1853 1657
f 1655 1657 1656
f 1657 1853 1854
f 1657 1854 1855
f 1657 1855 1856
f 1657 1856 1658
f 1658 1857 1660
f 1658 1856 1857
f 1660 1858 1859
f 1660 1859 1661
f 1660 1857 1858
f 1661 1859 1662
f 1662 1859 1668
f 1663 1667 1666
f 1663 1666 1664
f 1664 1666 1665
f 1668 1859 1669
f 1669 1859 1860
f 1669 1860 1670
f 1670 1861 1671
f 1670 1860 1861
f 1671 1861 1862
f 1671 1862 1863
f 1671 1863 1674
f 1671 1674 1672
f 1672 1674 1673
f 1674 1863 1864
f 1674 1864 1865
f 1674 1865 1675
f 1675 1865 1866
f 1675 1866 1679
f 1676 1679 1867
f 1676 1867 1677
f 1677 1867 1868
f 1677 1868 1869
f 1677 1869 1870
f 1677 1870 1678
f 1678 1870 1871
f 1678 1871 1680
f 1679 1866 1867
f 1680 1871 1869
f 1680 1869 1872
f 1680 1872 1873
f 1680 1873 1874
f 1680 1874 1875
f 1680 1875 1681
f 1681 1875 1876
f 1681 1876 1877
f 1681 1877 1878
f 1681 1878 1688
f 1681 1688 1682
f 1682 1688 1879
f 1682 1879 1684
f 1682 1684 1683
f 1684 1879 1688
f 1686 1687 1693
f 1687 1688 1693
f 1688 1878 1880
f 1688 1880 1691
f 1688 1691 1693
f 1689 1709 1881
f 1689 1881 1710
f 1689 1710 1690
f 1691 1880 1694
f 1694 1880 1882
f 1694 1882 1883
f 1694 1883 1884
f 1694 1884 1696
f 1694 1696 1695
f 1696 1884 1885
f 1696 1885 1698
f 1696 1698 1697
f 1698 1886 1887
f 1698 1887 1888
f 1698 1888 1700
f 1698 1700 1699
f 1698 1885 1886
f 1700 1888 1701
f 1701 1889 1890
f 1701 1890 1891
f 1701 1891 1702
f 1701 1888 1892
f 1701 1892 1893
f 1701 1893 1894
f 1701 1894 1889
f 1702 1891 1895
f 1702 1895 1703
f 1703 1896 1704
f 1703 1895 1897
f 1703 1897 1896
f 1704 1896 1898
f 1704 1898 1706
f 1704 1706 1705
f 1706 1898 1707
f 1707 1709 1708
f 1707 1898 1899
f 1707 1899 1900
f 1707 1900 1709
f 1709 1900 1901
f 1709 1901 1902
f 1709 1902 1903
f 1709 1903 1904
f 1709 1904 1881
f 1710 1881 1905
f 1710 1905 1711
f 1711 1905 1906
f 1711 1906 1907
f 1711 1907 1714
f 1711 1714 1712
f 1714 1908 1715
f 1714 1907 1909
f 1714 1909 1908
f 1715 1908 1910
f 1715 1910 1911
f 1715 1911 1716
f 1716 1911 1912
f 1716 1912 1913
f 1716 1913 1719
f 1716 1719 1718
f 1717 1728 1731
f 1719 1913 1914
f 1719 1914 1915
f 1719 1915 1916
f 1719 1916 1917
f 1719 1917 1918
f 1719 1918 1720
f 1720 1918 1919
f 1720 1919 1722
f 1721 1723 1725
f 1722 1919 1920
f 1722 1920 1921
f 1722 1921 1922
f 1722 1922 1723
f 1723 1922 1921
f 1723 1921 1729
f 1723 1729 1725
f 1726 1923 1727
f 1726 1729 1924
f 1726 1924 1923
f 1727 1923 1731
f 1727 1731 1728
f 1729 1921 1925
f 1729 1925 1924
f 1730 1926 1732
f 1730 1731 1927
f 1730 1927 1926
f 1731 1923 1928
f 1731 1928 1929
f 1731 1929 1927
f 1732 1926 1930
f 1732 1930 1733
f 1733 1930 1931
f 1733 1931 1734
f 1734 1932 1735
f 1734 1931 1933
f 1734 1933 1934
f 1734 1934 1935
f 1734 1935 1932
f 1735 1932 1737
f 1736 1936 1937
f 1736 1937 1738
f 1736 1737 1938
f 1736 1938 1936
f 1737 1939 1938
f 1737 1932 1940
f 1737 1940 1939
f 1739 1743 1941
f 1739 1941 1942
f 1739 1942 1740
f 1740 1942 1741
f 1741 1942 1943
f 1741 1943 1748
f 1741 1748 1742
f 1743 1751 1944
f 1743 1944 1941
f 1744 1945 1745
f 1744 1748 1945
f 1745 1945 1746
f 1746 1945 1946
f 1746 1946 1947
f 1746 1947 1752
f 1748 1943 1948
f 1748 1948 1949
f 1748 1949 1950
f 1748 1950 1945
f 1749 1951 1952
f 1749 1952 1750
f 1750 1952 1944
f 1750 1944 1751
f 1752 1947 1953
f 1752 1953 1753
f 1753 1953 1954
f 1753 1954 1754
f 1754 1954 1755
f 1755 1955 1760
f 1755 1954 1956
f 1755 1956 1955
f 1757 1760 1957
f 1757 1957 1958
f 1757 1958 1758
f 1758 1958 1959
f 1758 1959 1960
f 1758 1960 1759
f 1759 1960 1761
f 1760 1955 1957
f 1761 1960 1961
f 1761 1961 1762
f 1762 1961 1962
f 1762 1962 1763
f 1763 1962 1764
f 1764 1962 1765
f 1765 1962 1963
f 1765 1963 1766
f 1766 1963 1964
f 1766 1964 1965
f 1766 1965 1767
f 1767 1965 1966
f 1767 1966 1967
f 1767 1967 1968
f 1767 1968 1769
f 1768 1770 1771
f 1769 1968 1770
f 1770 1772 1771
f 1770 1968 1772
f 1772 1968 1773
f 1773 1968 1969
f 1773 1969 1774
f 1774 1969 1970
f 1774 1970 1775
f 1775 1970 1971
f 1775 1971 1972
f 1775 1972 1776
f 1776 1972 1777
f 1777 1972 1778
f 1778 1972 1973
f 1778 1973 1974
f 1778 1974 1779
f 1779 1974 1975
f 1779 1975 1780
f 1780 1975 1781
f 1781 1975 1976
f 1781 1976 1977
f 1781 1977 1782
f 1782 1977 1783
f 1783 1977 1978
f 1783 1978 1979
f 1783 1979 1980
f 1783 1980 1981
f 1783 1981 1785
f 1785 1981 1787
f 1787 1982 1983
f 1787 1983 1984
f 1787 1984 1856
f 1787 1856 1855
f 1787 1855 1788
f 1787 1981 1982
f 1788 1985 1789
f 1788 1855 1985
f 1789 1985 1855
f 1789 1855 1986
f 1789 1986 1987
f 1789 1987 1988
f 1789 1988 1790
f 1790 1988 1793
f 1790 1793 1792
f 1790 1792 1791
f 1793 1988 1987
f 1793 1987 1796
f 1793 1796 1795
f 1793 1795 1794
f 1796 1799 1797
f 1796 1987 1989
f 1796 1989 1990
f 1796 1990 1991
f 1796 1991 1846
f 1796 1852 1992
f 1796 1992 1799
f 1797 1799 1798
f 1799 1992 1801
f 1799 1801 1800
f 1801 1992 1993
f 1801 1993 1994
f 1801 1994 1802
f 1802 1994 1995
f 1802 1995 1803
f 1803 1996 1841
f 1803 1840 1839
f 1803 1839 1838
f 1803 1838 1997
f 1803 1997 1804
f 1803 1995 1998
f 1803 1998 1996
f 1805 1806 1837
f 1805 1837 1999
f 1805 1999 1807
f 1806 1997 1838
f 1807 1999 2000
f 1807 2000 1808
f 1809 2001 1810
f 1809 1812 2001
f 1810 2001 2002
f 1812 1813 2003
f 1812 2003 2004
f 1812 2004 2001
f 1813 1814 2003
f 1814 2005 2003
f 1814 1816 2005
f 1815 1818 1816
f 1816 1818 2006
f 1816 2006 2007
f 1816 2007 2008
f 1816 2008 2005
f 1817 1827 1818
f 1818 1827 2022
f 1818 2022 2006
f 1819 1833 2009
f 1819 2009 2010
f 1819 2010 2011
f 1819 2011 1820
f 1821 2011 2010
f 1821 2010 2012
f 1821 2012 2013
f 1821 2013 1822
f 1822 2013 2173
f 1822 2173 2014
f 1822 2014 1824
f 1823 1825 1826
f 1824 2014 1825
f 1825 2015 1826
f 1825 2014 2016
f 1825 2016 2017
f 1825 2017 2018
f 1825 2018 2015
f 1826 2019 1827
f 1826 2015 2019
f 1827 2019 2020
f 1827 2020 2021
f 1827 2021 2022
f 1828 2023 2024
f 1828 2024 1829
f 1829 2024 2025
f 1829 2025 1830
f 1830 2025 1831
f 1831 2025 2026
f 1831 2026 2027
f 1831 2027 1832
f 1832 2027 2028
f 1832 2028 1833
f 1833 2028 2029
f 1833 2029 2009
f 1834 2030 1835
f 1835 2030 2031
f 1835 2031 2032
f 1835 2032 1836
f 1836 2032 1837
f 1837 2032 2031
f 1837 2031 1999
f 1841 1996 1842
f 1842 2033 1843
f 1842 1996 1998
f 1842 1998 1995
f 1842 1995 1994
f 1842 1994 2033
f 1843 2033 1844
f 1844 2033 1993
f 1844 1993 1845
f 1845 1993 1992
f 1845 1992 1852
f 1846 1991 1847
f 1847 1991 1990
f 1847 1990 1987
f 1847 1987 1854
f 1847 1854 1850
f 1847 1850 1849
f 1847 1849 1848
f 1850 1854 1853
f 1854 1987 1986
f 1854 1986 1855
f 1856 1984 2034
f 1856 2034 2035
f 1856 2035 1857
f 1857 2035 2036
f 1857 2036 1858
f 1858 1860 1859
f 1858 2036 1860
f 1860 2036 2037
f 1860 2037 2038
f 1860 2038 2039
f 1860 2039 1861
f 1861 2040 2041
f 1861 2041 1862
f 1861 2039 2040
f 1862 2041 1863
f 1863 2041 2040
f 1863 2040 2042
f 1863 2042 2043
f 1863 2043 2044
f 1863 2044 1864
f 1864 2044 2045
f 1864 2045 1865
f 1865 2045 1866
f 1866 2046 1867
f 1866 2045 2047
f 1866 2047 2048
f 1866 2048 2049
f 1866 2049 1869
f 1866 1869 1868
f 1866 1868 2046
f 1867 2046 1868
f 1869 2049 2050
f 1869 2050 1872
f 1869 1871 1870
f 1872 2051 1873
f 1872 2050 2052
f 1872 2052 2053
f 1872 2053 2054
f 1872 2054 2055
f 1872 2055 2051
f 1873 2051 2056
f 1873 2056 1874
f 1874 2056 2057
f 1874 2057 2058
f 1874 2058 1875
f 1875 2058 1876
f 1876 2058 1877
f 1877 2058 2059
f 1877 2059 1882
f 1877 1882 1880
f 1877 1880 1878
f 1881 1904 1906
f 1881 1906 1905
f 1882 2060 2061
f 1882 2061 2062
f 1882 2062 2063
f 1882 2063 1884
f 1882 1884 1883
f 1882 2059 2064
f 1882 2064 2060
f 1884 2063 1885
f 1885 2063 2062
f 1885 2062 1886
f 1886 2062 2061
f 1886 2061 1887
f 1887 2061 2065
f 1887 2065 2066
f 1887 2066 1888
f 1888 2066 1892
f 1889 1894 1890
f 1890 2067 1891
f 1890 1894 2068
f 1890 2068 2069
f 1890 2069 2070
f 1890 2070 2067
f 1891 2067 1895
f 1892 2066 1893
f 1893 2066 1894
f 1894 2066 2071
f 1894 2071 2072
f 1894 2072 2068
f 1895 2067 2070
f 1895 2070 2073
f 1895 2073 1899
f 1895 1899 1897
f 1896 1897 1898
f 1897 1899 1898
f 1899 2073 2074
f 1899 2074 1900
f 1900 2074 2075
f 1900 2075 2076
f 1900 2076 1901
f 1901 2076 2077
f 1901 2077 1903
f 1901 1903 2078
f 1901 2078 1902
f 1902 2078 1903
f 1903 2077 2079
f 1903 2079 1904
f 1904 2079 2080
f 1904 2080 1906
f 1906 2080 2079
f 1906 2079 1909
f 1906 1909 1907
f 1908 1909 1910
f 1909 2079 2081
f 1909 2081 2082
f 1909 2082 1911
f 1909 1911 1910
f 1911 2082 2083
f 1911 2083 1912
f 1912 2083 2084
f 1912 2084 2085
f 1912 2085 1915
f 1912 1915 1913
f 1913 1915 1914
f 1915 1917 1916
f 1915 2085 2086
f 1915 2086 2087
f 1915 2087 1918
f 1915 1918 1917
f 1918 2087 2088
f 1918 2088 1919
f 1919 2088 2089
f 1919 2089 1920
f 1920 2089 1921
f 1921 2089 2090
f 1921 2090 2091
f 1921 2091 1925
f 1923 1924 2092
f 1923 2092 2093
f 1923 2093 1928
f 1924 1925 2094
f 1924 2094 2095
f 1924 2095 2092
f 1925 2091 2096
f 1925 2096 2094
f 1926 1927 2097
f 1926 2097 1930
f 1927 1929 2098
f 1927 2098 2099
f 1927 2099 2097
f 1928 2093 2100
f 1928 2100 1929
f 1929 2100 2101
f 1929 2101 2102
f 1929 2102 2103
f 1929 2103 2098
f 1930 1933 1931
f 1930 2097 2104
f 1930 2104 2105
f 1930 2105 2106
f 1930 2106 1933
f 1932 1935 1940
f 1933 2106 2105
f 1933 2105 1934
f 1934 1940 1935
f 1934 2105 2107
f 1934 2107 2108
f 1934 2108 2109
f 1934 2109 1940
f 1936 1938 2110
f 1936 2110 2111
f 1938 1939 2110
f 1939 2111 2110
f 1939 1940 2111
f 1940 2112 2111
f 1940 2109 2112
f 1941 1944 2115
f 1941 2115 2113
f 1941 2113 2114
f 1941 2114 1942
f 1942 2114 1948
f 1942 1948 1943
f 1944 1952 2115
f 1945 1950 2116
f 1945 2116 2117
f 1945 2117 1946
f 1946 2117 1947
f 1947 2118 2123
f 1947 2123 1953
f 1947 2117 2118
f 1948 2114 2119
f 1948 2119 2120
f 1948 2120 1949
f 1949 2120 2116
f 1949 2116 1950
f 1951 2121 2122
f 1951 2122 1952
f 1952 2122 2115
f 1953 2123 2126
f 1953 2126 1956
f 1953 1956 1954
f 1955 2124 2125
f 1955 2125 1957
f 1955 1956 2126
f 1955 2126 2124
f 1957 2125 2127
f 1957 2127 1958
f 1958 2127 2128
f 1958 2128 2129
f 1958 2129 1959
f 1959 1961 1960
f 1959 2129 2130
f 1959 2130 2131
f 1959 2131 2132
f 1959 2132 1961
f 1961 2132 1962
f 1962 2132 2133
f 1962 2133 2134
f 1962 2134 1963
f 1963 2135 1964
f 1963 2134 2136
f 1963 2136 2137
f 1963 2137 2135
f 1964 2135 2138
f 1964 2138 2139
f 1964 2139 1965
f 1965 2139 2140
f 1965 2140 1966
f 1966 2141 2142
f 1966 2142 1968
f 1966 1968 1967
f 1966 2140 2141
f 1968 1970 1969
f 1968 2142 1970
f 1970 2142 2143
f 1970 2143 2144
f 1970 2144 1971
f 1971 2144 1972
f 1972 2144 2145
f 1972 2145 1973
f 1973 2145 2144
f 1973 2144 2146
f 1973 2146 2147
f 1973 2147 1974
f 1974 2147 2148
f 1974 2148 2149
f 1974 2149 2150
f 1974 2150 2151
f 1974 2151 2152
f 1974 2152 1976
f 1974 1976 1975
f 1976 2152 2151
f 1976 2151 1977
f 1977 2151 2153
f 1977 2153 2149
f 1977 2149 1978
f 1978 2149 1980
f 1978 1980 1979
f 1980 2154 2155
f 1980 2155 1981
f 1980 2149 2154
f 1981 2155 2156
f 1981 2156 1982
f 1982 2156 2157
f 1982 2157 1983
f 1983 2157 1984
f 1984 2157 2158
f 1984 2158 2034
f 1987 1990 1989
f 1993 2033 1994
f 1999 2159 2000
f 1999 2031 2030
f 1999 2030 2159
f 2001 2160 2002
f 2001 2004 2161
f 2001 2161 2160
f 2002 2160 2162
f 2003 2163 2004
f 2003 2005 2164
f 2003 2164 2163
f 2004 2163 2161
f 2005 2008 2165
f 2005 2165 2166
f 2005 2166 2164
f 2006 2022 2167
f 2006 2167 2007
f 2007 2165 2008
f 2007 2167 2168
f 2007 2168 2165
f 2009 2029 2010
f 2010 2029 2169
f 2010 2169 2012
f 2012 2170 2013
f 2012 2169 2171
f 2012 2171 2172
f 2012 2172 2170
f 2013 2170 2328
f 2013 2328 2173
f 2014 2173 2016
f 2015 2174 2020
f 2015 2020 2019
f 2015 2018 2174
f 2016 2173 2175
f 2016 2175 2176
f 2016 2176 2017
f 2017 2176 2177
f 2017 2177 2018
f 2018 2177 2178
f 2018 2178 2174
f 2020 2179 2021
f 2020 2174 2179
f 2021 2179 2167
f 2021 2167 2022
f 2023 2180 2024
f 2024 2180 2025
f 2025 2181 2026
f 2025 2180 2182
f 2025 2182 2181
f 2026 2181 2183
f 2026 2183 2027
f 2027 2183 2184
f 2027 2184 2028
f 2028 2184 2185
f 2028 2185 2029
f 2029 2185 2169
f 2034 2186 2187
f 2034 2187 2188
f 2034 2188 2189
f 2034 2189 2035
f 2034 2158 2157
f 2034 2157 2186
f 2035 2189 2190
f 2035 2190 2036
f 2036 2191 2037
f 2036 2190 2191
f 2037 2191 2190
f 2037 2190 2189
f 2037 2189 2192
f 2037 2192 2193
f 2037 2193 2038
f 2038 2194 2039
f 2038 2193 2194
f 2039 2194 2040
f 2040 2194 2042
f 2042 2194 2195
f 2042 2195 2196
f 2042 2196 2043
f 2043 2196 2197
f 2043 2197 2198
f 2043 2198 2048
f 2043 2048 2047
f 2043 2047 2044
f 2044 2047 2045
f 2048 2198 2199
f 2048 2199 2049
f 2049 2199 2050
f 2050 2199 2052
f 2051 2055 2054
f 2051 2054 2200
f 2051 2200 2201
f 2051 2201 2064
f 2051 2064 2056
f 2052 2199 2198
f 2052 2198 2053
f 2053 2202 2203
f 2053 2203 2054
f 2053 2198 2204
f 2053 2204 2205
f 2053 2205 2206
f 2053 2206 2207
f 2053 2207 2208
f 2053 2208 2209
f 2053 2209 2210
f 2053 2210 2211
f 2053 2211 2212
f 2053 2212 2213
f 2053 2213 2202
f 2054 2203 2200
f 2056 2059 2057
f 2056 2064 2059
f 2057 2059 2058
f 2060 2064 2214
f 2060 2214 2061
f 2061 2214 2215
f 2061 2215 2065
f 2064 2201 2216
f 2064 2216 2215
f 2064 2215 2214
f 2065 2215 2217
f 2065 2217 2066
f 2066 2218 2071
f 2066 2217 2218
f 2068 2072 2219
f 2068 2219 2220
f 2068 2220 2221
f 2068 2221 2222
f 2068 2222 2069
f 2069 2073 2070
f 2069 2222 2221
f 2069 2221 2223
f 2069 2223 2224
f 2069 2224 2225
f 2069 2225 2073
f 2071 2218 2072
f 2072 2218 2219
f 2073 2225 2226
f 2073 2226 2074
f 2074 2226 2075
f 2075 2226 2227
f 2075 2227 2228
f 2075 2228 2076
f 2076 2228 2229
f 2076 2229 2230
f 2076 2230 2077
f 2077 2231 2079
f 2077 2230 2232
f 2077 2232 2231
f 2079 2231 2233
f 2079 2233 2081
f 2081 2083 2082
f 2081 2233 2084
f 2081 2084 2083
f 2084 2234 2086
f 2084 2086 2085
f 2084 2233 2235
f 2084 2235 2234
f 2086 2234 2236
f 2086 2236 2087
f 2087 2236 2237
f 2087 2237 2088
f 2088 2237 2238
f 2088 2238 2239
f 2088 2239 2240
f 2088 2240 2241
f 2088 2241 2089
f 2089 2241 2090
f 2090 2241 2242
f 2090 2242 2091
f 2091 2242 2243
f 2091 2243 2244
f 2091 2244 2245
f 2091 2245 2096
f 2092 2095 2093
f 2093 2095 2246
f 2093 2246 2102
f 2093 2102 2101
f 2093 2101 2100
f 2094 2096 2247
f 2094 2247 2095
f 2095 2247 2248
f 2095 2248 2246
f 2096 2245 2247
f 2097 2099 2104
f 2098 2103 2099
f 2099 2249 2250
f 2099 2250 2104
f 2099 2103 2249
f 2102 2246 2251
f 2102 2251 2252
f 2102 2252 2103
f 2103 2252 2253
f 2103 2253 2254
f 2103 2254 2255
f 2103 2255 2256
f 2103 2256 2249
f 2104 2250 2249
f 2104 2249 2256
f 2104 2256 2105
f 2105 2256 2107
f 2107 2256 2257
f 2107 2257 2108
f 2108 2257 2258
f 2108 2258 2259
f 2108 2259 2260
f 2108 2260 2261
f 2108 2261 2262
f 2108 2262 2109
f 2109 2262 2263
f 2109 2263 2264
f 2109 2264 2265
f 2109 2265 2112
f 2113 2115 2266
f 2113 2266 2267
f 2113 2267 2114
f 2114 2267 2268
f 2114 2268 2119
f 2115 2269 2270
f 2115 2270 2266
f 2115 2122 2271
f 2115 2271 2272
f 2115 2272 2269
f 2116 2273 2274
f 2116 2274 2117
f 2116 2120 2273
f 2117 2274 2275
f 2117 2275 2118
f 2118 2275 2123
f 2119 2268 2120
f 2120 2268 2276
f 2120 2276 2277
f 2120 2277 2273
f 2121 2278 2122
f 2122 2278 2279
f 2122 2279 2271
f 2123 2275 2280
f 2123 2280 2281
f 2123 2281 2126
f 2124 2282 2283
f 2124 2283 2125
f 2124 2126 2282
f 2125 2283 2284
f 2125 2284 2285
f 2125 2285 2127
f 2126 2281 2282
f 2127 2285 2286
f 2127 2286 2287
f 2127 2287 2128
f 2128 2287 2288
f 2128 2288 2289
f 2128 2289 2129
f 2129 2289 2130
f 2130 2289 2131
f 2131 2289 2290
f 2131 2290 2291
f 2131 2291 2132
f 2132 2291 2133
f 2133 2291 2292
f 2133 2292 2293
f 2133 2293 2134
f 2134 2293 2136
f 2135 2137 2294
f 2135 2294 2295
f 2135 2295 2296
f 2135 2296 2138
f 2136 2293 2137
f 2137 2293 2294
f 2138 2296 2295
f 2138 2295 2297
f 2138 2297 2139
f 2139 2298 2140
f 2139 2297 2299
f 2139 2299 2298
f 2140 2298 2300
f 2140 2300 2141
f 2141 2300 2142
f 2142 2300 2143
f 2143 2301 2302
f 2143 2302 2146
f 2143 2146 2144
f 2143 2300 2301
f 2146 2302 2303
f 2146 2303 2304
f 2146 2304 2147
f 2147 2304 2148
f 2148 2304 2305
f 2148 2305 2149
f 2149 2153 2306
f 2149 2306 2150
f 2149 2305 2307
f 2149 2307 2308
f 2149 2308 2309
f 2149 2309 2154
f 2150 2306 2153
f 2150 2153 2151
f 2154 2309 2310
f 2154 2310 2308
f 2154 2308 2311
f 2154 2311 2312
f 2154 2312 2313
f 2154 2313 2314
f 2154 2314 2156
f 2154 2156 2155
f 2156 2314 2187
f 2156 2187 2315
f 2156 2315 2186
f 2156 2186 2157
f 2160 2316 2162
f 2160 2161 2316
f 2161 2163 2317
f 2161 2317 2318
f 2161 2318 2319
f 2161 2319 2316
f 2162 2316 2320
f 2163 2164 2317
f 2164 2321 2317
f 2164 2166 2321
f 2165 2322 2323
f 2165 2323 2324
f 2165 2324 2321
f 2165 2321 2166
f 2165 2168 2322
f 2167 2325 2168
f 2167 2179 2340
f 2167 2340 2325
f 2168 2325 2326
f 2168 2326 2322
f 2169 2185 2327
f 2169 2327 2171
f 2170 2172 2329
f 2170 2329 2328
f 2171 2327 2330
f 2171 2330 2331
f 2171 2331 2172
f 2172 2331 2329
f 2173 2328 2332
f 2173 2332 2175
f 2174 2178 2333
f 2174 2333 2334
f 2174 2334 2179
f 2175 2332 2176
f 2176 2335 2177
f 2176 2332 2336
f 2176 2336 2335
f 2177 2337 2178
f 2177 2335 2493
f 2177 2493 2337
f 2178 2337 2338
f 2178 2338 2333
f 2179 2334 2339
f 2179 2339 2340
f 2180 2341 2342
f 2180 2342 2343
f 2180 2343 2182
f 2181 2344 2183
f 2181 2182 2345
f 2181 2345 2344
f 2182 2343 2342
f 2182 2342 2346
f 2182 2346 2347
f 2182 2347 2345
f 2183 2344 2348
f 2183 2348 2349
f 2183 2349 2184
f 2184 2349 2185
f 2185 2349 2348
f 2185 2348 2350
f 2185 2350 2327
f 2186 2315 2187
f 2187 2314 2312
f 2187 2312 2351
f 2187 2351 2352
f 2187 2352 2192
f 2187 2192 2188
f 2188 2192 2189
f 2192 2352 2353
f 2192 2353 2193
f 2193 2353 2195
f 2193 2195 2194
f 2195 2353 2196
f 2196 2354 2197
f 2196 2353 2206
f 2196 2206 2354
f 2197 2354 2198
f 2198 2354 2204
f 2200 2203 2355
f 2200 2355 2356
f 2200 2356 2201
f 2201 2356 2216
f 2202 2213 2357
f 2202 2357 2355
f 2202 2355 2203
f 2204 2354 2205
f 2205 2354 2206
f 2206 2353 2358
f 2206 2358 2359
f 2206 2359 2360
f 2206 2360 2361
f 2206 2361 2207
f 2207 2361 2360
f 2207 2360 2362
f 2207 2362 2208
f 2208 2362 2209
f 2209 2362 2363
f 2209 2363 2210
f 2210 2364 2211
f 2210 2363 2364
f 2211 2364 2365
f 2211 2365 2366
f 2211 2366 2212
f 2212 2367 2357
f 2212 2357 2213
f 2212 2366 2367
f 2215 2368 2217
f 2215 2216 2369
f 2215 2369 2368
f 2216 2356 2513
f 2216 2513 2369
f 2217 2368 2218
f 2218 2368 2369
f 2218 2369 2370
f 2218 2370 2219
f 2219 2371 2220
f 2219 2370 2372
f 2219 2372 2373
f 2219 2373 2371
f 2220 2371 2374
f 2220 2374 2221
f 2221 2374 2375
f 2221 2375 2376
f 2221 2376 2377
f 2221 2377 2223
f 2223 2377 2378
f 2223 2378 2224
f 2224 2227 2225
f 2224 2378 2379
f 2224 2379 2227
f 2225 2227 2226
f 2227 2379 2228
f 2228 2379 2380
f 2228 2380 2229
f 2229 2380 2381
f 2229 2381 2232
f 2229 2232 2230
f 2231 2232 2382
f 2231 2382 2383
f 2231 2383 2233
f 2232 2381 2384
f 2232 2384 2382
f 2233 2383 2235
f 2234 2385 2236
f 2234 2235 2386
f 2234 2386 2387
f 2234 2387 2388
f 2234 2388 2389
f 2234 2389 2390
f 2234 2390 2385
f 2235 2383 2386
f 2236 2385 2390
f 2236 2390 2391
f 2236 2391 2238
f 2236 2238 2237
f 2238 2392 2239
f 2238 2391 2393
f 2238 2393 2392
f 2239 2392 2240
f 2240 2392 2394
f 2240 2394 2243
f 2240 2243 2242
f 2240 2242 2241
f 2243 2394 2395
f 2243 2395 2396
f 2243 2396 2244
f 2244 2397 2245
f 2244 2396 2397
f 2245 2397 2398
f 2245 2398 2399
f 2245 2399 2247
f 2246 2248 2251
f 2247 2399 2400
f 2247 2400 2401
f 2247 2401 2402
f 2247 2402 2248
f 2248 2402 2251
f 2251 2402 2403
f 2251 2403 2404
f 2251 2404 2252
f 2252 2405 2406
f 2252 2406 2253
f 2252 2404 2407
f 2252 2407 2405
f 2253 2406 2254
f 2254 2408 2259
f 2254 2259 2258
f 2254 2258 2255
f 2254 2406 2405
f 2254 2405 2409
f 2254 2409 2408
f 2255 2257 2256
f 2255 2258 2257
f 2259 2408 2260
f 2260 2408 2410
f 2260 2410 2411
f 2260 2411 2412
f 2260 2412 2261
f 2261 2413 2414
f 2261 2414 2415
f 2261 2415 2416
f 2261 2416 2417
f 2261 2417 2418
f 2261 2418 2419
f 2261 2419 2420
f 2261 2420 2262
f 2261 2412 2413
f 2262 2420 2421
f 2262 2421 2263
f 2263 2421 2422
f 2266 2270 2267
f 2267 2423 2276
f 2267 2276 2268
f 2267 2270 2424
f 2267 2424 2423
f 2269 2425 2426
f 2269 2426 2424
f 2269 2424 2270
f 2269 2272 2427
f 2269 2427 2428
f 2269 2428 2425
f 2271 2279 2272
f 2272 2279 2429
f 2272 2429 2427
f 2273 2430 2431
f 2273 2431 2274
f 2273 2277 2430
f 2274 2431 2275
f 2275 2431 2432
f 2275 2432 2280
f 2276 2423 2433
f 2276 2433 2434
f 2276 2434 2277
f 2277 2434 2430
f 2280 2432 2435
f 2280 2435 2281
f 2281 2435 2436
f 2281 2436 2282
f 2282 2437 2438
f 2282 2438 2283
f 2282 2436 2437
f 2283 2438 2439
f 2283 2439 2440
f 2283 2440 2284
f 2284 2440 2285
f 2285 2440 2439
f 2285 2439 2286
f 2286 2439 2441
f 2286 2441 2442
f 2286 2442 2287
f 2287 2442 2443
f 2287 2443 2444
f 2287 2444 2288
f 2288 2444 2445
f 2288 2445 2446
f 2288 2446 2290
f 2288 2290 2289
f 2290 2446 2447
f 2290 2447 2448
f 2290 2448 2449
f 2290 2449 2291
f 2291 2449 2292
f 2292 2449 2293
f 2293 2450 2295
f 2293 2295 2294
f 2293 2449 2451
f 2293 2451 2450
f 2295 2450 2452
f 2295 2452 2453
f 2295 2453 2454
f 2295 2454 2455
f 2295 2455 2297
f 2297 2455 2299
f 2298 2299 2301
f 2298 2301 2300
f 2299 2455 2456
f 2299 2456 2457
f 2299 2457 2301
f 2301 2457 2458
f 2301 2458 2459
f 2301 2459 2460
f 2301 2460 2461
f 2301 2461 2302
f 2302 2461 2303
f 2303 2461 2462
f 2303 2462 2304
f 2304 2463 2464
f 2304 2464 2364
f 2304 2364 2465
f 2304 2465 2466
f 2304 2466 2308
f 2304 2308 2307
f 2304 2307 2305
f 2304 2462 2463
f 2308 2310 2309
f 2308 2466 2467
f 2308 2467 2468
f 2308 2468 2469
f 2308 2469 2470
f 2308 2470 2311
f 2311 2470 2312
f 2312 2470 2471
f 2312 2471 2472
f 2312 2472 2351
f 2312 2314 2313
f 2316 2473 2320
f 2316 2319 2473
f 2317 2321 2318
f 2318 2474 2319
f 2318 2321 2475
f 2318 2475 2476
f 2318 2476 2474
f 2319 2474 2473
f 2320 2473 2477
f 2321 2324 2323
f 2321 2323 2475
f 2322 2478 2323
f 2322 2326 2479
f 2322 2479 2478
f 2323 2478 2480
f 2323 2480 2481
f 2323 2481 2475
f 2325 2340 2482
f 2325 2482 2326
f 2326 2482 2479
f 2327 2350 2483
f 2327 2483 2484
f 2327 2484 2330
f 2328 2329 2332
f 2329 2331 2485
f 2329 2485 2486
f 2329 2486 2487
f 2329 2487 2332
f 2330 2484 2488
f 2330 2488 2331
f 2331 2488 2489
f 2331 2489 2485
f 2332 2487 2490
f 2332 2490 2336
f 2333 2491 2334
f 2333 2338 2491
f 2334 2492 2339
f 2334 2491 2492
f 2335 2336 2494
f 2335 2494 2642
f 2335 2642 2493
f 2336 2495 2494
f 2336 2490 2495
f 2337 2493 2338
f 2338 2493 2496
f 2338 2496 2645
f 2338 2645 2497
f 2338 2497 2491
f 2339 2482 2340
f 2339 2492 2498
f 2339 2498 2482
f 2341 2499 2342
f 2342 2499 2346
f 2344 2345 2500
f 2344 2500 2348
f 2345 2347 2500
f 2346 2499 2501
f 2346 2501 2502
f 2346 2502 2503
f 2346 2503 2347
f 2347 2503 2504
f 2347 2504 2505
f 2347 2505 2506
f 2347 2506 2500
f 2348 2500 2507
f 2348 2507 2508
f 2348 2508 2509
f 2348 2509 2350
f 2350 2509 2510
f 2350 2510 2483
f 2351 2472 2352
f 2352 2511 2353
f 2352 2472 2512
f 2352 2512 2511
f 2353 2511 2358
f 2355 2357 2513
f 2355 2513 2356
f 2357 2367 2514
f 2357 2514 2515
f 2357 2515 2513
f 2358 2511 2359
f 2359 2511 2360
f 2360 2516 2362
f 2360 2511 2516
f 2362 2516 2363
f 2363 2465 2364
f 2363 2516 2517
f 2363 2517 2469
f 2363 2469 2468
f 2363 2468 2467
f 2363 2467 2466
f 2363 2466 2465
f 2364 2464 2365
f 2365 2464 2518
f 2365 2518 2519
f 2365 2519 2366
f 2366 2519 2520
f 2366 2520 2367
f 2367 2520 2514
f 2369 2513 2515
f 2369 2515 2370
f 2370 2515 2514
f 2370 2514 2372
f 2371 2375 2374
f 2371 2373 2514
f 2371 2514 2521
f 2371 2521 2522
f 2371 2522 2523
f 2371 2523 2524
f 2371 2524 2525
f 2371 2525 2526
f 2371 2526 2527
f 2371 2527 2375
f 2372 2514 2373
f 2375 2527 2528
f 2375 2528 2376
f 2376 2528 2529
f 2376 2529 2377
f 2377 2529 2530
f 2377 2530 2531
f 2377 2531 2532
f 2377 2532 2533
f 2377 2533 2378
f 2378 2533 2379
f 2379 2533 2534
f 2379 2534 2380
f 2380 2534 2535
f 2380 2535 2536
f 2380 2536 2537
f 2380 2537 2381
f 2381 2537 2384
f 2382 2384 2538
f 2382 2538 2386
f 2382 2386 2383
f 2384 2539 2538
f 2384 2537 2540
f 2384 2540 2539
f 2386 2538 2387
f 2387 2538 2539
f 2387 2539 2541
f 2387 2541 2542
f 2387 2542 2388
f 2388 2541 2543
f 2388 2543 2389
f 2388 2542 2541
f 2389 2543 2544
f 2389 2544 2545
f 2389 2545 2546
f 2389 2546 2390
f 2390 2546 2391
f 2391 2546 2547
f 2391 2547 2393
f 2392 2395 2394
f 2392 2393 2548
f 2392 2548 2549
f 2392 2549 2395
f 2393 2547 2550
f 2393 2550 2548
f 2395 2549 2396
f 2396 2549 2551
f 2396 2551 2552
f 2396 2552 2397
f 2397 2552 2398
f 2398 2552 2553
f 2398 2553 2554
f 2398 2554 2555
f 2398 2555 2399
f 2399 2555 2556
f 2399 2556 2557
f 2399 2557 2401
f 2399 2401 2400
f 2401 2403 2402
f 2401 2557 2404
f 2401 2404 2403
f 2404 2557 2558
f 2404 2558 2407
f 2405 2407 2559
f 2405 2559 2409
f 2407 2558 2560
f 2407 2560 2561
f 2407 2561 2559
f 2408 2409 2562
f 2408 2562 2563
f 2408 2563 2410
f 2409 2559 2564
f 2409 2564 2562
f 2410 2563 2565
f 2410 2565 2566
f 2410 2566 2413
f 2410 2413 2411
f 2411 2413 2412
f 2413 2566 2414
f 2414 2566 2567
f 2414 2567 2568
f 2414 2568 2569
f 2414 2569 2415
f 2415 2570 2416
f 2415 2569 2571
f 2415 2571 2572
f 2415 2572 2570
f 2416 2570 2417
f 2417 2570 2573
f 2417 2573 2574
f 2417 2574 2418
f 2418 2574 2575
f 2418 2575 2419
f 2419 2575 2576
f 2419 2576 2420
f 2420 2576 2421
f 2421 2576 2577
f 2421 2577 2422
f 2423 2424 2433
f 2424 2426 2578
f 2424 2578 2579
f 2424 2579 2433
f 2425 2428 2580
f 2425 2580 2426
f 2426 2580 2578
f 2427 2429 2581
f 2427 2581 2582
f 2427 2582 2428
f 2428 2582 2583
f 2428 2583 2584
f 2428 2584 2580
f 2430 2585 2586
f 2430 2586 2587
f 2430 2587 2431
f 2430 2434 2585
f 2431 2587 2432
f 2432 2588 2589
f 2432 2589 2435
f 2432 2587 2588
f 2433 2590 2591
f 2433 2591 2434
f 2433 2579 2710
f 2433 2710 2590
f 2434 2591 2585
f 2435 2589 2436
f 2436 2589 2592
f 2436 2592 2593
f 2436 2593 2594
f 2436 2594 2438
f 2436 2438 2437
f 2438 2594 2595
f 2438 2595 2439
f 2439 2595 2596
f 2439 2596 2597
f 2439 2597 2598
f 2439 2598 2441
f 2441 2598 2442
f 2442 2599 2443
f 2442 2598 2599
f 2443 2599 2600
f 2443 2600 2445
f 2443 2445 2444
f 2445 2600 2601
f 2445 2601 2446
f 2446 2601 2602
f 2446 2602 2447
f 2447 2603 2448
f 2447 2602 2603
f 2448 2603 2604
f 2448 2604 2449
f 2449 2604 2605
f 2449 2605 2451
f 2450 2451 2606
f 2450 2606 2607
f 2450 2607 2608
f 2450 2608 2452
f 2451 2605 2606
f 2452 2609 2453
f 2452 2608 2609
f 2453 2609 2610
f 2453 2610 2611
f 2453 2611 2454
f 2454 2611 2612
f 2454 2612 2613
f 2454 2613 2455
f 2455 2613 2456
f 2456 2613 2457
f 2457 2613 2458
f 2458 2613 2459
f 2459 2613 2614
f 2459 2614 2460
f 2460 2615 2461
f 2460 2614 2615
f 2461 2615 2462
f 2462 2615 2464
f 2462 2464 2463
f 2464 2615 2614
f 2464 2614 2616
f 2464 2616 2518
f 2469 2517 2470
f 2470 2517 2516
f 2470 2516 2471
f 2471 2516 2472
f 2472 2516 2511
f 2472 2511 2512
f 2473 2617 2618
f 2473 2618 2619
f 2473 2619 2620
f 2473 2620 2477
f 2473 2474 2623
f 2473 2623 2617
f 2474 2476 2621
f 2474 2621 2622
f 2474 2622 2623
f 2475 2481 2476
f 2476 2481 2621
f 2478 2479 2624
f 2478 2624 2480
f 2479 2482 2625
f 2479 2625 2626
f 2479 2626 2624
f 2480 2627 2628
f 2480 2628 2481
f 2480 2624 2629
f 2480 2629 2627
f 2481 2628 2621
f 2482 2498 2630
f 2482 2630 2625
f 2483 2510 2484
f 2484 2510 2631
f 2484 2631 2488
f 2485 2489 2486
f 2486 2490 2487
f 2486 2489 2632
f 2486 2632 2633
f 2486 2633 2490
f 2488 2631 2634
f 2488 2634 2635
f 2488 2635 2636
f 2488 2636 2489
f 2489 2636 2637
f 2489 2637 2638
f 2489 2638 2632
f 2490 2639 2495
f 2490 2633 2639
f 2491 2497 2640
f 2491 2640 2641
f 2491 2641 2498
f 2491 2498 2492
f 2493 2642 2496
f 2494 2495 2642
f 2495 2643 2642
f 2495 2639 2643
f 2496 2642 2644
f 2496 2644 2645
f 2497 2645 2640
f 2498 2646 2630
f 2498 2641 2647
f 2498 2647 2646
f 2500 2506 2507
f 2501 2648 2502
f 2502 2648 2649
f 2502 2649 2505
f 2502 2505 2504
f 2502 2504 2503
f 2505 2650 2651
f 2505 2651 2506
f 2505 2649 2652
f 2505 2652 2650
f 2506 2651 2507
f 2507 2651 2653
f 2507 2653 2650
f 2507 2650 2654
f 2507 2654 2508
f 2508 2655 2510
f 2508 2510 2509
f 2508 2654 2655
f 2510 2655 2631
f 2514 2520 2519
f 2514 2519 2518
f 2514 2518 2656
f 2514 2656 2521
f 2518 2657 2656
f 2518 2616 2657
f 2521 2656 2658
f 2521 2658 2522
f 2522 2659 2523
f 2522 2658 2659
f 2523 2659 2524
f 2524 2660 2661
f 2524 2661 2526
f 2524 2526 2525
f 2524 2659 2662
f 2524 2662 2660
f 2526 2663 2664
f 2526 2664 2527
f 2526 2661 2663
f 2527 2664 2665
f 2527 2665 2666
f 2527 2666 2528
f 2528 2666 2530
f 2528 2530 2529
f 2530 2666 2665
f 2530 2665 2667
f 2530 2667 2668
f 2530 2668 2531
f 2531 2668 2532
f 2532 2668 2669
f 2532 2669 2670
f 2532 2670 2535
f 2532 2535 2534
f 2532 2534 2533
f 2535 2671 2536
f 2535 2670 2672
f 2535 2672 2673
f 2535 2673 2674
f 2535 2674 2675
f 2535 2675 2671
f 2536 2671 2537
f 2537 2671 2675
f 2537 2675 2676
f 2537 2676 2677
f 2537 2677 2540
f 2539 2540 2541
f 2540 2677 2543
f 2540 2543 2541
f 2543 2677 2544
f 2544 2677 2678
f 2544 2678 2679
f 2544 2679 2680
f 2544 2680 2545
f 2545 2680 2546
f 2546 2680 2681
f 2546 2681 2547
f 2547 2681 2682
f 2547 2682 2683
f 2547 2683 2801
f 2547 2801 2684
f 2547 2684 2685
f 2547 2685 2686
f 2547 2686 2550
f 2548 2550 2687
f 2548 2687 2688
f 2548 2688 2549
f 2549 2688 2551
f 2550 2686 2687
f 2551 2689 2552
f 2551 2688 2690
f 2551 2690 2691
f 2551 2691 2689
f 2552 2689 2692
f 2552 2692 2553
f 2553 2693 2555
f 2553 2555 2554
f 2553 2692 2694
f 2553 2694 2693
f 2555 2693 2695
f 2555 2695 2696
f 2555 2696 2556
f 2556 2696 2560
f 2556 2560 2558
f 2556 2558 2557
f 2559 2561 2697
f 2559 2697 2698
f 2559 2698 2699
f 2559 2699 2564
f 2560 2696 2695
f 2560 2695 2700
f 2560 2700 2561
f 2561 2700 2701
f 2561 2701 2697
f 2562 2565 2563
f 2562 2564 2702
f 2562 2702 2703
f 2562 2703 2567
f 2562 2567 2566
f 2562 2566 2565
f 2564 2699 2702
f 2567 2703 2704
f 2567 2704 2821
f 2567 2821 2705
f 2567 2705 2568
f 2568 2706 2569
f 2568 2705 2707
f 2568 2707 2708
f 2568 2708 2706
f 2569 2706 2571
f 2571 2706 2709
f 2578 2580 2579
f 2579 2580 2710
f 2580 2584 2711
f 2580 2711 2712
f 2580 2712 2713
f 2580 2713 2710
f 2583 2714 2584
f 2584 2714 2711
f 2585 2715 2586
f 2585 2591 2716
f 2585 2716 2715
f 2586 2715 2717
f 2586 2717 2587
f 2587 2717 2718
f 2587 2718 2588
f 2588 2718 2719
f 2588 2719 2589
f 2589 2719 2592
f 2590 2720 2716
f 2590 2716 2591
f 2590 2710 2720
f 2592 2719 2721
f 2592 2721 2722
f 2592 2722 2723
f 2592 2723 2593
f 2593 2723 2724
f 2593 2724 2594
f 2594 2724 2725
f 2594 2725 2595
f 2595 2725 2726
f 2595 2726 2596
f 2596 2726 2727
f 2596 2727 2597
f 2597 2599 2598
f 2597 2727 2728
f 2597 2728 2729
f 2597 2729 2600
f 2597 2600 2599
f 2600 2729 2730
f 2600 2730 2731
f 2600 2731 2601
f 2601 2731 2732
f 2601 2732 2602
f 2602 2732 2733
f 2602 2733 2734
f 2602 2734 2603
f 2603 2734 2735
f 2603 2735 2604
f 2604 2735 2736
f 2604 2736 2737
f 2604 2737 2606
f 2604 2606 2605
f 2606 2737 2607
f 2607 2737 2608
f 2608 2737 2738
f 2608 2738 2609
f 2609 2738 2610
f 2610 2739 2740
f 2610 2740 2612
f 2610 2612 2611
f 2610 2738 2741
f 2610 2741 2739
f 2612 2740 2742
f 2612 2742 2614
f 2612 2614 2613
f 2614 2742 2743
f 2614 2743 2744
f 2614 2744 2616
f 2616 2744 2657
f 2617 2745 2746
f 2617 2746 2618
f 2617 2623 2745
f 2621 2747 2748
f 2621 2748 2622
f 2621 2628 2749
f 2621 2749 2747
f 2622 2750 2623
f 2622 2748 2750
f 2623 2750 2745
f 2624 2626 2752
f 2624 2752 2629
f 2625 2630 2751
f 2625 2751 2626
f 2626 2751 2874
f 2626 2874 2752
f 2627 2753 2749
f 2627 2749 2628
f 2627 2629 2753
f 2629 2754 2753
f 2629 2752 2755
f 2629 2755 2754
f 2630 2646 2751
f 2631 2655 2756
f 2631 2756 2757
f 2631 2757 2758
f 2631 2758 2634
f 2632 2638 2633
f 2633 2638 2759
f 2633 2759 2760
f 2633 2760 2639
f 2634 2758 2635
f 2635 2637 2636
f 2635 2758 2761
f 2635 2761 2762
f 2635 2762 2637
f 2637 2762 2763
f 2637 2763 2759
f 2637 2759 2638
f 2639 2760 2643
f 2640 2764 2765
f 2640 2765 2647
f 2640 2647 2641
f 2640 2645 2766
f 2640 2766 2764
f 2642 2643 2644
f 2643 2767 2644
f 2643 2760 2768
f 2643 2768 2769
f 2643 2769 2767
f 2644 2767 2894
f 2644 2894 2770
f 2644 2770 2645
f 2645 2770 2766
f 2646 2771 2751
f 2646 2647 2772
f 2646 2772 2771
f 2647 2765 2772
f 2648 2773 2649
f 2649 2773 2774
f 2649 2774 2652
f 2650 2775 2654
f 2650 2653 2651
f 2650 2652 2776
f 2650 2776 2777
f 2650 2777 2775
f 2652 2774 2776
f 2654 2756 2655
f 2654 2775 2778
f 2654 2778 2756
f 2656 2657 2658
f 2657 2744 2658
f 2658 2744 2743
f 2658 2743 2779
f 2658 2779 2660
f 2658 2660 2659
f 2659 2660 2662
f 2660 2779 2780
f 2660 2780 2781
f 2660 2781 2661
f 2661 2781 2782
f 2661 2782 2783
f 2661 2783 2663
f 2663 2784 2664
f 2663 2783 2785
f 2663 2785 2784
f 2664 2784 2665
f 2665 2784 2786
f 2665 2786 2787
f 2665 2787 2667
f 2667 2787 2669
f 2667 2669 2668
f 2669 2787 2788
f 2669 2788 2672
f 2669 2672 2670
f 2672 2788 2789
f 2672 2789 2790
f 2672 2790 2673
f 2673 2791 2675
f 2673 2675 2674
f 2673 2790 2792
f 2673 2792 2793
f 2673 2793 2791
f 2675 2791 2676
f 2676 2791 2794
f 2676 2794 2677
f 2677 2794 2678
f 2678 2795 2796
f 2678 2796 2797
f 2678 2797 2798
f 2678 2798 2679
f 2678 2794 2795
f 2679 2798 2680
f 2680 2682 2681
f 2680 2798 2799
f 2680 2799 2800
f 2680 2800 2683
f 2680 2683 2682
f 2683 2800 2801
f 2684 2801 2685
f 2685 2802 2803
f 2685 2803 2804
f 2685 2804 2686
f 2685 2801 2802
f 2686 2804 2805
f 2686 2805 2687
f 2687 2805 2690
f 2687 2690 2688
f 2689 2691 2806
f 2689 2806 2807
f 2689 2807 2692
f 2690 2805 2808
f 2690 2808 2806
f 2690 2806 2691
f 2692 2807 2809
f 2692 2809 2810
f 2692 2810 2811
f 2692 2811 2812
f 2692 2812 2813
f 2692 2813 2694
f 2693 2694 2695
f 2694 2813 2812
f 2694 2812 2814
f 2694 2814 2695
f 2695 2814 2700
f 2697 2701 2815
f 2697 2815 2816
f 2697 2816 2698
f 2698 2816 2703
f 2698 2703 2699
f 2699 2703 2817
f 2699 2817 2702
f 2700 2814 2818
f 2700 2818 2701
f 2701 2818 2819
f 2701 2819 2815
f 2702 2817 2703
f 2703 2816 2704
f 2704 2816 2820
f 2704 2820 2821
f 2705 2821 2707
f 2706 2708 2822
f 2706 2822 2709
f 2707 2821 2823
f 2707 2823 2824
f 2707 2824 2708
f 2708 2824 2825
f 2708 2825 2776
f 2708 2776 2822
f 2709 2822 2826
f 2710 2713 2829
f 2710 2829 2827
f 2710 2827 2720
f 2711 2714 2712
f 2712 2828 2829
f 2712 2829 2713
f 2712 2714 2830
f 2712 2830 2831
f 2712 2831 2828
f 2715 2832 2833
f 2715 2833 2717
f 2715 2716 2832
f 2716 2834 2832
f 2716 2720 2837
f 2716 2837 2834
f 2717 2835 2836
f 2717 2836 2718
f 2717 2833 2835
f 2718 2836 2721
f 2718 2721 2719
f 2720 2827 2837
f 2721 2838 2722
f 2721 2836 2838
f 2722 2838 2723
f 2723 2839 2840
f 2723 2840 2841
f 2723 2841 2724
f 2723 2838 2839
f 2724 2841 2842
f 2724 2842 2843
f 2724 2843 2844
f 2724 2844 2725
f 2725 2844 2845
f 2725 2845 2726
f 2726 2845 2846
f 2726 2846 2727
f 2727 2846 2728
f 2728 2846 2729
f 2729 2847 2848
f 2729 2848 2730
f 2729 2846 2847
f 2730 2848 2849
f 2730 2849 2731
f 2731 2849 2732
f 2732 2850 2851
f 2732 2851 2733
f 2732 2849 2850
f 2733 2852 2734
f 2733 2851 2852
f 2734 2852 2735
f 2735 2852 2853
f 2735 2853 2736
f 2736 2853 2854
f 2736 2854 2855
f 2736 2855 2737
f 2737 2855 2738
f 2738 2856 2857
f 2738 2857 2741
f 2738 2855 2856
f 2739 2858 2859
f 2739 2859 2860
f 2739 2860 2861
f 2739 2861 2862
f 2739 2862 2740
f 2739 2741 2858
f 2740 2863 2742
f 2740 2862 2780
f 2740 2780 2863
f 2741 2857 2858
f 2742 2863 2864
f 2742 2864 2743
f 2743 2864 2779
f 2745 2865 2866
f 2745 2866 2867
f 2745 2867 2746
f 2745 2750 2865
f 2747 2749 2868
f 2747 2868 2748
f 2748 2868 2869
f 2748 2869 2750
f 2749 2753 2870
f 2749 2870 2871
f 2749 2871 2872
f 2749 2872 2868
f 2750 2869 2865
f 2751 2771 2873
f 2751 2873 2874
f 2752 2874 2755
f 2753 2754 2870
f 2754 2875 2870
f 2754 2755 2876
f 2754 2876 2875
f 2755 2874 2877
f 2755 2877 2878
f 2755 2878 2876
f 2756 2778 2757
f 2757 2778 2879
f 2757 2879 2880
f 2757 2880 2881
f 2757 2881 2758
f 2758 2881 2882
f 2758 2882 2761
f 2759 2763 2887
f 2759 2887 2883
f 2759 2883 2760
f 2760 2883 2884
f 2760 2884 2768
f 2761 2882 2885
f 2761 2885 2762
f 2762 2885 2886
f 2762 2886 2763
f 2763 2886 2887
f 2764 2888 2765
f 2764 2766 2889
f 2764 2889 2890
f 2764 2890 2888
f 2765 2888 2891
f 2765 2891 2772
f 2766 2770 2892
f 2766 2892 2889
f 2767 2769 2893
f 2767 2893 2894
f 2768 2884 2769
f 2769 2884 2895
f 2769 2895 2896
f 2769 2896 2897
f 2769 2897 2893
f 2770 2894 2892
f 2771 2772 2873
f 2772 2891 2898
f 2772 2898 2899
f 2772 2899 2873
f 2773 2900 2774
f 2774 2901 2902
f 2774 2902 2903
f 2774 2903 2776
f 2774 2900 2901
f 2775 2904 2905
f 2775 2905 2879
f 2775 2879 2778
f 2775 2777 2904
f 2776 2903 2822
f 2776 2825 2777
f 2777 2825 2906
f 2777 2906 2907
f 2777 2907 2904
f 2779 2864 2863
f 2779 2863 2780
f 2780 2861 2908
f 2780 2908 2909
f 2780 2909 2910
f 2780 2910 2781
f 2780 2862 2861
f 2781 2910 2909
f 2781 2909 2782
f 2782 2909 2783
f 2783 2909 2911
f 2783 2911 2785
f 2784 2785 2912
f 2784 2912 2913
f 2784 2913 2786
f 2785 2911 2914
f 2785 2914 2915
f 2785 2915 2916
f 2785 2916 2912
f 2786 2913 2787
f 2787 2913 2788
f 2788 2913 2917
f 2788 2917 2789
f 2789 2917 2918
f 2789 2918 2919
f 2789 2919 2790
f 2790 2919 2920
f 2790 2920 2921
f 2790 2921 2792
f 2791 2793 2794
f 2792 2921 2922
f 2792 2922 2923
f 2792 2923 2793
f 2793 2923 2796
f 2793 2796 2795
f 2793 2795 2794
f 2796 2923 2924
f 2796 2924 2925
f 2796 2925 2926
f 2796 2926 2797
f 2797 2926 2798
f 2798 2926 2927
f 2798 2927 2928
f 2798 2928 2799
f 2799 2928 2929
f 2799 2929 2802
f 2799 2802 2800
f 2800 2802 2801
f 2802 2929 2930
f 2802 2930 2803
f 2803 2930 2931
f 2803 2931 2932
f 2803 2932 2804
f 2804 2932 2933
f 2804 2933 2934
f 2804 2934 2805
f 2805 2934 2808
f 2806 2935 2809
f 2806 2809 2807
f 2806 2808 2936
f 2806 2936 2937
f 2806 2937 2935
f 2808 2934 2936
f 2809 2935 2810
f 2810 2935 2938
f 2810 2938 2939
f 2810 2939 2940
f 2810 2940 2941
f 2810 2941 2811
f 2811 2941 2942
f 2811 2942 2812
f 2812 2942 2814
f 2814 2942 2818
f 2815 2943 2944
f 2815 2944 2945
f 2815 2945 2946
f 2815 2946 2820
f 2815 2820 2816
f 2815 2819 2943
f 2818 2942 2943
f 2818 2943 2819
f 2820 2946 2823
f 2820 2823 2821
f 2822 2903 2902
f 2822 2902 2901
f 2822 2901 2826
f 2823 2825 2824
f 2823 2946 2945
f 2823 2945 2906
f 2823 2906 2825
f 2827 2829 2951
f 2827 2951 2947
f 2827 2947 2837
f 2828 2948 2949
f 2828 2949 2829
f 2828 2831 2950
f 2828 2950 2948
f 2829 2949 2951
f 2832 2952 2953
f 2832 2953 2833
f 2832 2834 2954
f 2832 2954 2952
f 2833 2953 2835
f 2834 2837 2954
f 2835 2953 2955
f 2835 2955 2956
f 2835 2956 2836
f 2836 2956 2838
f 2837 2947 2957
f 2837 2957 2958
f 2837 2958 2954
f 2838 2956 2959
f 2838 2959 2960
f 2838 2960 2961
f 2838 2961 2962
f 2838 2962 2963
f 2838 2963 2839
f 2839 2963 2840
f 2840 2963 2964
f 2840 2964 2965
f 2840 2965 2966
f 2840 2966 2841
f 2841 2966 2842
f 2842 2966 2843
f 2843 2966 2967
f 2843 2967 2846
f 2843 2846 2845
f 2843 2845 2844
f 2846 2967 2968
f 2846 2968 2847
f 2847 2968 2969
f 2847 2969 2848
f 2848 2969 2970
f 2848 2970 2849
f 2849 2970 2850
f 2850 2971 2972
f 2850 2972 2973
f 2850 2973 2851
f 2850 2970 2971
f 2851 2973 2852
f 2852 2973 2974
f 2852 2974 2975
f 2852 2975 2976
f 2852 2976 2977
f 2852 2977 2853
f 2853 2977 2978
f 2853 2978 2854
f 2854 2978 2977
f 2854 2977 2855
f 2855 2977 2856
f 2856 2977 2979
f 2856 2979 2857
f 2857 2980 2981
f 2857 2981 2859
f 2857 2859 2858
f 2857 2979 2982
f 2857 2982 2980
f 2859 2981 2860
f 2860 2981 2861
f 2861 2981 2908
f 2865 2983 2984
f 2865 2984 2866
f 2865 2869 2983
f 2868 2985 2986
f 2868 2986 2987
f 2868 2987 2869
f 2868 2872 2985
f 2869 2987 2983
f 2870 2875 2988
f 2870 2988 2989
f 2870 2989 2872
f 2870 2872 2871
f 2872 2990 2991
f 2872 2991 2992
f 2872 2992 2993
f 2872 2993 2985
f 2872 2989 2990
f 2873 2994 2874
f 2873 2899 2995
f 2873 2995 2994
f 2874 2994 2877
f 2875 2876 2988
f 2876 2996 2988
f 2876 2878 2997
f 2876 2997 2996
f 2877 2994 2878
f 2878 2994 2998
f 2878 2998 2999
f 2878 2999 2997
f 2879 2905 2880
f 2880 3000 2881
f 2880 2905 3001
f 2880 3001 3002
f 2880 3002 3003
f 2880 3003 3000
f 2881 3000 3004
f 2881 3004 2882
f 2882 3004 3005
f 2882 3005 2885
f 2883 3006 2884
f 2883 2887 3006
f 2884 3006 2895
f 2885 3005 2886
f 2886 3005 3007
f 2886 3007 2887
f 2887 3008 3006
f 2887 3007 3009
f 2887 3009 3008
f 2888 2890 3010
f 2888 3010 2898
f 2888 2898 2891
f 2889 2892 3011
f 2889 3011 3012
f 2889 3012 2890
f 2890 3012 3013
f 2890 3013 3010
f 2892 3014 3011
f 2892 2894 2893
f 2892 2893 3015
f 2892 3015 3014
f 2893 2897 3015
f 2895 3016 2897
f 2895 2897 2896
f 2895 3006 3017
f 2895 3017 3018
f 2895 3018 3016
f 2897 3016 3015
f 2898 2995 2899
f 2898 3010 3105
f 2898 3105 3019
f 2898 3019 2995
f 2904 2907 2905
f 2905 2907 2906
f 2905 2906 2945
f 2905 2945 3001
f 2908 2981 2914
f 2908 2914 2911
f 2908 2911 2909
f 2912 2916 3020
f 2912 3020 2913
f 2913 3020 2917
f 2914 2981 2980
f 2914 2980 2915
f 2915 2980 3021
f 2915 3021 3022
f 2915 3022 2916
f 2916 3022 3023
f 2916 3023 3020
f 2917 3020 2918
f 2918 3023 3024
f 2918 3024 3025
f 2918 3025 2920
f 2918 2920 2919
f 2918 3020 3023
f 2920 3026 2921
f 2920 3025 3024
f 2920 3024 3027
f 2920 3027 3026
f 2921 3026 3028
f 2921 3028 2922
f 2922 3028 2923
f 2923 3028 2924
f 2924 3028 3029
f 2924 3029 3030
f 2924 3030 3031
f 2924 3031 2925
f 2925 3031 3032
f 2925 3032 2926
f 2926 3032 2927
f 2927 3032 2928
f 2928 3032 3033
f 2928 3033 3034
f 2928 3034 3035
f 2928 3035 2929
f 2929 3035 2930
f 2930 3035 3036
f 2930 3036 3037
f 2930 3037 2931
f 2931 3037 3038
f 2931 3038 2932
f 2932 3039 2933
f 2932 3038 3142
f 2932 3142 3040
f 2932 3040 3039
f 2933 3039 2934
f 2934 3039 2936
f 2935 2937 2938
f 2936 3041 2937
f 2936 3039 3041
f 2937 3041 3042
f 2937 3042 2938
f 2938 3042 3043
f 2938 3043 3044
f 2938 3044 3045
f 2938 3045 2940
f 2938 2940 2939
f 2940 3045 2941
f 2941 3045 3046
f 2941 3046 3047
f 2941 3047 3048
f 2941 3048 2942
f 2942 3048 2943
f 2943 3048 3047
f 2943 3047 3002
f 2943 3002 3049
f 2943 3049 3050
f 2943 3050 2944
f 2944 3050 2945
f 2945 3050 3049
f 2945 3049 3001
f 2947 2951 3055
f 2947 3055 3051
f 2947 3051 2957
f 2948 2950 3052
f 2948 3052 3053
f 2948 3053 3054
f 2948 3054 2949
f 2949 3054 3055
f 2949 3055 2951
f 2952 3056 3057
f 2952 3057 2953
f 2952 2954 3058
f 2952 3058 3056
f 2953 3057 3060
f 2953 3060 2955
f 2954 2958 3059
f 2954 3059 3058
f 2955 3060 2956
f 2956 3060 2959
f 2957 3061 3059
f 2957 3059 2958
f 2957 3051 3062
f 2957 3062 3061
f 2959 3063 3064
f 2959 3064 2961
f 2959 2961 2960
f 2959 3060 3063
f 2961 3064 3065
f 2961 3065 2963
f 2961 2963 2962
f 2963 3066 2964
f 2963 3065 3066
f 2964 3066 3067
f 2964 3067 2965
f 2965 3067 3068
f 2965 3068 3069
f 2965 3069 2966
f 2966 3069 3070
f 2966 3070 3071
f 2966 3071 3072
f 2966 3072 2967
f 2967 3072 2968
f 2968 3072 2969
f 2969 3073 2970
f 2969 3072 3073
f 2970 3073 3074
f 2970 3074 3075
f 2970 3075 2971
f 2971 3075 3076
f 2971 3076 2972
f 2972 3076 2973
f 2973 3076 3077
f 2973 3077 2974
f 2974 3077 2975
f 2975 3077 2976
f 2976 3077 3078
f 2976 3078 3079
f 2976 3079 3080
f 2976 3080 2977
f 2977 3080 2979
f 2979 3080 2982
f 2980 2982 3021
f 2982 3080 3081
f 2982 3081 3021
f 2983 3082 3083
f 2983 3083 3084
f 2983 3084 2984
f 2983 2987 3085
f 2983 3085 3082
f 2985 2993 2986
f 2986 2993 3085
f 2986 3085 2987
f 2988 3086 2990
f 2988 2990 2989
f 2988 2996 3087
f 2988 3087 3086
f 2990 3088 3089
f 2990 3089 2991
f 2990 3086 3176
f 2990 3176 3088
f 2991 3089 3090
f 2991 3090 2992
f 2992 3090 2993
f 2993 3090 3085
f 2994 2995 3093
f 2994 3093 2998
f 2995 3019 3091
f 2995 3091 3092
f 2995 3092 3093
f 2996 2997 3087
f 2997 2999 3094
f 2997 3094 3087
f 2998 3093 3095
f 2998 3095 2999
f 2999 3096 3094
f 2999 3095 3097
f 2999 3097 3096
f 3000 3003 3004
f 3001 3049 3002
f 3002 3047 3098
f 3002 3098 3004
f 3002 3004 3003
f 3004 3098 3099
f 3004 3099 3005
f 3005 3099 3046
f 3005 3046 3100
f 3005 3100 3007
f 3006 3008 3017
f 3007 3100 3009
f 3008 3009 3101
f 3008 3101 3102
f 3008 3102 3017
f 3009 3100 3103
f 3009 3103 3104
f 3009 3104 3101
f 3010 3013 3106
f 3010 3106 3105
f 3011 3107 3012
f 3011 3014 3108
f 3011 3108 3107
f 3012 3107 3013
f 3013 3107 3108
f 3013 3108 3109
f 3013 3109 3110
f 3013 3110 3111
f 3013 3111 3106
f 3014 3015 3112
f 3014 3112 3108
f 3015 3016 3113
f 3015 3113 3114
f 3015 3114 3115
f 3015 3115 3112
f 3016 3018 3113
f 3017 3102 3116
f 3017 3116 3018
f 3018 3116 3117
f 3018 3117 3118
f 3018 3118 3113
f 3019 3105 3191
f 3019 3191 3119
f 3019 3119 3091
f 3021 3081 3120
f 3021 3120 3022
f 3022 3120 3023
f 3023 3120 3121
f 3023 3121 3024
f 3024 3122 3123
f 3024 3123 3027
f 3024 3121 3122
f 3026 3027 3123
f 3026 3123 3124
f 3026 3124 3125
f 3026 3125 3028
f 3028 3125 3029
f 3029 3125 3126
f 3029 3126 3127
f 3029 3127 3128
f 3029 3128 3129
f 3029 3129 3030
f 3030 3129 3031
f 3031 3033 3032
f 3031 3129 3130
f 3031 3130 3033
f 3033 3130 3131
f 3033 3131 3132
f 3033 3132 3034
f 3034 3132 3133
f 3034 3133 3134
f 3034 3134 3135
f 3034 3135 3136
f 3034 3136 3137
f 3034 3137 3035
f 3035 3137 3036
f 3036 3137 3138
f 3036 3138 3139
f 3036 3139 3140
f 3036 3140 3037
f 3037 3140 3038
f 3038 3140 3141
f 3038 3141 3142
f 3039 3040 3041
f 3040 3142 3041
f 3041 3142 3143
f 3041 3143 3043
f 3041 3043 3042
f 3043 3143 3144
f 3043 3144 3044
f 3044 3144 3145
f 3044 3145 3045
f 3045 3145 3104
f 3045 3104 3103
f 3045 3103 3100
f 3045 3100 3046
f 3046 3099 3098
f 3046 3098 3047
f 3051 3055 3062
f 3052 3146 3147
f 3052 3147 3053
f 3053 3147 3054
f 3054 3148 3062
f 3054 3062 3055
f 3054 3147 3148
f 3056 3149 3057
f 3056 3058 3151
f 3056 3151 3149
f 3057 3149 3150
f 3057 3150 3153
f 3057 3153 3060
f 3058 3059 3151
f 3059 3061 3154
f 3059 3154 3152
f 3059 3152 3151
f 3060 3153 3063
f 3061 3062 3155
f 3061 3155 3154
f 3062 3148 3155
f 3063 3156 3157
f 3063 3157 3064
f 3063 3153 3156
f 3064 3157 3065
f 3065 3157 3158
f 3065 3158 3066
f 3066 3159 3067
f 3066 3158 3159
f 3067 3160 3161
f 3067 3161 3068
f 3067 3159 3162
f 3067 3162 3160
f 3068 3161 3163
f 3068 3163 3164
f 3068 3164 3069
f 3069 3164 3070
f 3070 3164 3071
f 3071 3164 3165
f 3071 3165 3166
f 3071 3166 3072
f 3072 3166 3167
f 3072 3167 3073
f 3073 3167 3168
f 3073 3168 3074
f 3074 3168 3169
f 3074 3169 3075
f 3075 3169 3076
f 3076 3169 3077
f 3077 3169 3170
f 3077 3170 3171
f 3077 3171 3078
f 3078 3171 3172
f 3078 3172 3079
f 3079 3172 3120
f 3079 3120 3080
f 3080 3120 3081
f 3082 3173 3083
f 3082 3085 3173
f 3085 3090 3174
f 3085 3174 3175
f 3085 3175 3173
f 3086 3087 3176
f 3087 3094 3177
f 3087 3177 3178
f 3087 3178 3176
f 3088 3179 3180
f 3088 3180 3089
f 3088 3176 3250
f 3088 3250 3179
f 3089 3180 3090
f 3090 3181 3182
f 3090 3182 3174
f 3090 3180 3181
f 3091 3119 3092
f 3092 3119 3183
f 3092 3183 3184
f 3092 3184 3097
f 3092 3097 3095
f 3092 3095 3093
f 3094 3096 3185
f 3094 3185 3177
f 3096 3097 3185
f 3097 3184 3186
f 3097 3186 3185
f 3101 3187 3102
f 3101 3104 3187
f 3102 3188 3116
f 3102 3187 3189
f 3102 3189 3188
f 3104 3145 3144
f 3104 3144 3190
f 3104 3190 3187
f 3105 3106 3191
f 3106 3111 3192
f 3106 3192 3191
f 3108 3112 3193
f 3108 3193 3194
f 3108 3194 3109
f 3109 3194 3110
f 3110 3195 3192
f 3110 3192 3111
f 3110 3194 3196
f 3110 3196 3197
f 3110 3197 3195
f 3112 3115 3193
f 3113 3118 3198
f 3113 3198 3114
f 3114 3199 3115
f 3114 3198 3200
f 3114 3200 3199
f 3115 3199 3193
f 3116 3188 3117
f 3117 3188 3201
f 3117 3201 3202
f 3117 3202 3198
f 3117 3198 3118
f 3119 3191 3183
f 3120 3172 3121
f 3121 3172 3122
f 3122 3203 3123
f 3122 3172 3170
f 3122 3170 3203
f 3123 3125 3124
f 3123 3203 3126
f 3123 3126 3125
f 3126 3203 3127
f 3127 3203 3204
f 3127 3204 3205
f 3127 3205 3206
f 3127 3206 3128
f 3128 3206 3129
f 3129 3206 3207
f 3129 3207 3208
f 3129 3208 3131
f 3129 3131 3130
f 3131 3134 3133
f 3131 3133 3132
f 3131 3208 3209
f 3131 3209 3210
f 3131 3210 3134
f 3134 3211 3135
f 3134 3210 3212
f 3134 3212 3213
f 3134 3213 3211
f 3135 3211 3136
f 3136 3138 3137
f 3136 3211 3214
f 3136 3214 3215
f 3136 3215 3216
f 3136 3216 3138
f 3138 3216 3139
f 3139 3216 3217
f 3139 3217 3218
f 3139 3218 3140
f 3140 3218 3141
f 3141 3218 3142
f 3142 3218 3219
f 3142 3219 3220
f 3142 3220 3221
f 3142 3221 3143
f 3143 3221 3144
f 3144 3221 3190
f 3146 3222 3147
f 3147 3222 3223
f 3147 3223 3224
f 3147 3224 3225
f 3147 3225 3155
f 3147 3155 3148
f 3149 3226 3227
f 3149 3227 3150
f 3149 3151 3228
f 3149 3228 3226
f 3150 3227 3229
f 3150 3229 3153
f 3151 3152 3231
f 3151 3231 3228
f 3152 3154 3230
f 3152 3230 3231
f 3153 3229 3156
f 3154 3155 3230
f 3155 3225 3232
f 3155 3232 3230
f 3156 3233 3234
f 3156 3234 3158
f 3156 3158 3157
f 3156 3229 3233
f 3158 3234 3235
f 3158 3235 3236
f 3158 3236 3162
f 3158 3162 3159
f 3160 3237 3161
f 3160 3162 3238
f 3160 3238 3237
f 3161 3237 3239
f 3161 3239 3163
f 3162 3236 3238
f 3163 3239 3240
f 3163 3240 3164
f 3164 3240 3165
f 3165 3240 3241
f 3165 3241 3242
f 3165 3242 3243
f 3165 3243 3244
f 3165 3244 3166
f 3166 3244 3167
f 3167 3244 3168
f 3168 3245 3169
f 3168 3244 3245
f 3169 3246 3247
f 3169 3247 3204
f 3169 3204 3170
f 3169 3245 3246
f 3170 3204 3203
f 3170 3172 3171
f 3173 3175 3248
f 3174 3182 3175
f 3175 3249 3248
f 3175 3182 3249
f 3176 3178 3250
f 3177 3251 3178
f 3177 3185 3251
f 3178 3251 3252
f 3178 3252 3250
f 3179 3253 3254
f 3179 3254 3180
f 3179 3250 3312
f 3179 3312 3253
f 3180 3254 3255
f 3180 3255 3181
f 3181 3255 3182
f 3182 3255 3256
f 3182 3256 3257
f 3182 3257 3249
f 3183 3258 3184
f 3183 3191 3259
f 3183 3259 3258
f 3184 3258 3318
f 3184 3318 3260
f 3184 3260 3186
f 3185 3261 3251
f 3185 3186 3262
f 3185 3262 3261
f 3186 3260 3262
f 3187 3190 3189
f 3188 3189 3201
f 3189 3190 3221
f 3189 3221 3220
f 3189 3220 3201
f 3191 3192 3259
f 3192 3195 3263
f 3192 3263 3259
f 3193 3199 3264
f 3193 3264 3194
f 3194 3264 3196
f 3195 3265 3263
f 3195 3197 3266
f 3195 3266 3265
f 3196 3264 3267
f 3196 3267 3197
f 3197 3267 3268
f 3197 3268 3269
f 3197 3269 3270
f 3197 3270 3271
f 3197 3271 3266
f 3198 3202 3200
f 3199 3200 3272
f 3199 3272 3264
f 3200 3273 3274
f 3200 3274 3272
f 3200 3202 3275
f 3200 3275 3215
f 3200 3215 3273
f 3201 3220 3202
f 3202 3220 3218
f 3202 3218 3217
f 3202 3217 3275
f 3204 3247 3205
f 3205 3276 3277
f 3205 3277 3206
f 3205 3247 3246
f 3205 3246 3278
f 3205 3278 3279
f 3205 3279 3276
f 3206 3277 3209
f 3206 3209 3208
f 3206 3208 3207
f 3209 3277 3276
f 3209 3276 3279
f 3209 3279 3280
f 3209 3280 3212
f 3209 3212 3210
f 3211 3213 3281
f 3211 3281 3282
f 3211 3282 3283
f 3211 3283 3214
f 3212 3280 3284
f 3212 3284 3285
f 3212 3285 3213
f 3213 3285 3286
f 3213 3286 3281
f 3214 3283 3215
f 3215 3283 3287
f 3215 3287 3273
f 3215 3275 3216
f 3216 3288 3217
f 3216 3275 3288
f 3217 3288 3275
f 3218 3220 3219
f 3222 3289 3223
f 3223 3289 3290
f 3223 3290 3291
f 3223 3291 3224
f 3224 3291 3225
f 3225 3291 3232
f 3226 3292 3227
f 3226 3228 3292
f 3227 3292 3293
f 3227 3293 3294
f 3227 3294 3229
f 3228 3231 3297
f 3228 3297 3295
f 3228 3295 3292
f 3229 3294 3233
f 3230 3296 3297
f 3230 3297 3231
f 3230 3232 3296
f 3232 3298 3296
f 3232 3291 3298
f 3233 3299 3235
f 3233 3235 3234
f 3233 3294 3299
f 3235 3300 3301
f 3235 3301 3236
f 3235 3299 3300
f 3236 3301 3238
f 3237 3238 3302
f 3237 3302 3303
f 3237 3303 3239
f 3238 3304 3302
f 3238 3301 3304
f 3239 3305 3306
f 3239 3306 3240
f 3239 3303 3305
f 3240 3306 3307
f 3240 3307 3241
f 3241 3307 3242
f 3242 3308 3243
f 3242 3307 3308
f 3243 3308 3309
f 3243 3309 3310
f 3243 3310 3244
f 3244 3310 3278
f 3244 3278 3246
f 3244 3246 3245
f 3248 3249 3311
f 3249 3257 3311
f 3250 3252 3312
f 3251 3261 3313
f 3251 3313 3252
f 3252 3313 3314
f 3252 3314 3312
f 3253 3312 3295
f 3253 3295 3297
f 3253 3297 3296
f 3253 3296 3254
f 3254 3296 3255
f 3255 3296 3298
f 3255 3298 3315
f 3255 3315 3256
f 3256 3315 3316
f 3256 3316 3257
f 3257 3316 3317
f 3257 3317 3311
f 3258 3259 3319
f 3258 3319 3304
f 3258 3304 3318
f 3259 3263 3319
f 3260 3318 3301
f 3260 3301 3300
f 3260 3300 3262
f 3261 3320 3313
f 3261 3262 3320
f 3262 3300 3299
f 3262 3299 3320
f 3263 3265 3321
f 3263 3321 3322
f 3263 3322 3319
f 3264 3272 3268
f 3264 3268 3267
f 3265 3266 3321
f 3266 3271 3323
f 3266 3323 3321
f 3268 3272 3269
f 3269 3273 3324
f 3269 3324 3281
f 3269 3281 3270
f 3269 3272 3273
f 3270 3325 3271
f 3270 3281 3326
f 3270 3326 3325
f 3271 3327 3323
f 3271 3325 3327
f 3272 3274 3273
f 3273 3287 3324
f 3278 3310 3279
f 3279 3310 3309
f 3279 3309 3280
f 3280 3309 3284
f 3281 3324 3287
f 3281 3287 3282
f 3281 3286 3326
f 3282 3287 3283
f 3284 3309 3308
f 3284 3308 3328
f 3284 3328 3329
f 3284 3329 3330
f 3284 3330 3285
f 3285 3330 3286
f 3286 3330 3329
f 3286 3329 3331
f 3286 3331 3326
f 3289 3317 3316
f 3289 3316 3290
f 3290 3316 3315
f 3290 3315 3291
f 3291 3315 3298
f 3292 3314 3313
f 3292 3313 3293
f 3292 3295 3312
f 3292 3312 3314
f 3293 3313 3320
f 3293 3320 3294
f 3294 3320 3299
f 3301 3318 3304
f 3302 3322 3321
f 3302 3321 3303
f 3302 3304 3322
f 3303 3321 3323
f 3303 3323 3305
f 3304 3319 3322
f 3305 3323 3327
f 3305 3327 3332
f 3305 3332 3333
f 3305 3333 3328
f 3305 3328 3307
f 3305 3307 3306
f 3307 3328 3308
f 3325 3326 3333
f 3325 3333 3332
f 3325 3332 3327
f 3326 3331 3329
f 3326 3329 3333
f 3328 3333 3329

