# https://github.com/mikedh/trimesh
v -0.02191175 -0.14207915 0.15425017
v -0.01925659 -0.14196826 0.15429276
v -0.01925659 -0.14196826 0.15557037
v -0.02193871 -0.14206529 0.15808304
v -0.02478258 -0.14198211 0.15804045
v -0.02478258 -0.14198211 0.15420759
v -0.02476909 -0.14196826 0.15037473
v -0.02187132 -0.14205143 0.15041731
v -0.02181741 -0.14202371 0.14654187
v -0.01925659 -0.14195439 0.15045990
v -0.01925659 -0.14194052 0.16195848
v -0.02195219 -0.14203758 0.16191590
v -0.02480953 -0.14195439 0.16191590
v -0.03249199 -0.14138601 0.16191590
v -0.03247852 -0.14139988 0.15804045
v -0.03246504 -0.14139988 0.15420759
v -0.03243808 -0.14137214 0.15033213
v -0.02475562 -0.14192667 0.14654187
v -0.01925659 -0.14192667 0.14658444
v -0.02474214 -0.14187120 0.14266641
v -0.02175002 -0.14196826 0.14266641
v -0.01925659 -0.14189894 0.14407179
v -0.01925659 -0.14188507 0.16579134
v -0.02197915 -0.14199597 0.16574876
v -0.02483649 -0.14191281 0.16570617
v -0.03251895 -0.14133056 0.16574876
v -0.03638714 -0.14090080 0.16579134
v -0.03636018 -0.14094240 0.16195848
v -0.03634670 -0.14097012 0.15808304
v -0.03634670 -0.14094240 0.15033213
v -0.03241113 -0.14133056 0.14645668
v -0.03238417 -0.14126124 0.14258124
v -0.02474214 -0.14178805 0.13879096
v -0.02166915 -0.14188507 0.13883355
v -0.01925659 -0.14180190 0.13883355
v -0.01925659 -0.14182962 0.14023893
v -0.01925659 -0.14184349 0.16834659
v -0.02200610 -0.14192667 0.16958163
v -0.02486344 -0.14184349 0.16958163
v -0.03253243 -0.14126124 0.16962420
v -0.03641409 -0.14083150 0.16962420
v -0.03993185 -0.14037402 0.16195848
v -0.03985098 -0.14029083 0.16966678
v -0.04029576 -0.14026311 0.16613204
v -0.03994533 -0.14038789 0.15804045
v -0.03994533 -0.14034628 0.15028954
v -0.03993185 -0.14030470 0.14641410
v -0.03633323 -0.14088695 0.14645668
v -0.03994533 -0.14037402 0.15416500
v -0.03633323 -0.14081763 0.14253865
v -0.03237069 -0.14117806 0.13870579
v -0.02472866 -0.14167713 0.13495810
v -0.02157481 -0.14177418 0.13500069
v -0.01925659 -0.14170486 0.13500069
v -0.01925659 -0.14174644 0.13649124
v -0.01925659 -0.14167713 0.17605490
v -0.02201958 -0.14184349 0.17345706
v -0.02487692 -0.14176031 0.17341449
v -0.03253243 -0.14117806 0.17345706
v -0.03648148 -0.14066513 0.17737510
v -0.03645453 -0.14074831 0.17349964
v -0.03967577 -0.14024925 0.17349964
v -0.04188616 -0.14004130 0.16191590
v -0.04173791 -0.13999972 0.16766520
v -0.04192660 -0.14004130 0.15804045
v -0.04187269 -0.14001358 0.15028954
v -0.04181877 -0.13997198 0.14641410
v -0.04177834 -0.13994427 0.14411438
v -0.04024185 -0.14017993 0.14270901
v -0.04191312 -0.14002743 0.15416500
v -0.03631975 -0.14073444 0.13870579
v -0.03629279 -0.14060968 0.13487293
v -0.03231678 -0.14105329 0.13487293
v -0.02472866 -0.14153850 0.13108266
v -0.02149394 -0.14163554 0.13108266
v -0.01925659 -0.14163554 0.13265838
v -0.02201958 -0.14174644 0.17728993
v -0.01925659 -0.14153850 0.18116538
v -0.02489040 -0.14166326 0.17728993
v -0.03253243 -0.14108103 0.17733250
v -0.03947360 -0.14019380 0.17737510
v -0.03648148 -0.14055423 0.18116538
v -0.03924448 -0.14013834 0.18120796
v -0.04146835 -0.13993040 0.17354223
v -0.04413699 -0.13959769 0.16191590
v -0.04401569 -0.13952837 0.16966678
v -0.04401569 -0.13945905 0.17354223
v -0.04417743 -0.13959769 0.15804045
v -0.04412352 -0.13954224 0.15024696
v -0.04405612 -0.13951451 0.14637151
v -0.04416395 -0.13956996 0.15412240
v -0.04357091 -0.13954224 0.14266641
v -0.04168399 -0.13990266 0.14151655
v -0.03967577 -0.14017993 0.13866320
v -0.03941969 -0.14011062 0.13483033
v -0.03906926 -0.14002743 0.13095490
v -0.03625236 -0.14047104 0.13099747
v -0.03227635 -0.14091466 0.13099747
v -0.02474214 -0.14137214 0.12716461
v -0.02142655 -0.14148305 0.12716461
v -0.01925659 -0.14158009 0.13108266
v -0.01925659 -0.14144146 0.12716461
v -0.02203306 -0.14163554 0.18112279
v -0.01925659 -0.14137214 0.18631845
v -0.02489040 -0.14155235 0.18112279
v -0.03250547 -0.14097012 0.18116538
v -0.04126618 -0.13987496 0.17737510
v -0.03649496 -0.14042947 0.18495565
v -0.03827406 -0.13998585 0.19096047
v -0.03851666 -0.14001358 0.18887368
v -0.03893448 -0.14006904 0.18499824
v -0.04074054 -0.13976404 0.18504082
v -0.04103705 -0.13981949 0.18120796
v -0.04822083 -0.13871046 0.16579134
v -0.04822083 -0.13873818 0.16191590
v -0.04822083 -0.13866888 0.16970937
v -0.04402917 -0.13936202 0.17741769
v -0.04819387 -0.13853024 0.17746028
v -0.04822083 -0.13873818 0.15799786
v -0.04822083 -0.13871046 0.15412240
v -0.04820735 -0.13868273 0.15020437
v -0.04816692 -0.13854411 0.14236829
v -0.04401569 -0.13934815 0.13857803
v -0.04152226 -0.13984722 0.13862062
v -0.04127965 -0.13977790 0.13478776
v -0.04095618 -0.13969473 0.13091230
v -0.03861101 -0.13994427 0.12707944
v -0.03621192 -0.14031857 0.12707944
v -0.03222243 -0.14074831 0.12712203
v -0.03218200 -0.14055423 0.12316141
v -0.02808468 -0.14067900 0.11920079
v -0.02471518 -0.14116420 0.12320399
v -0.02129177 -0.14127511 0.12320399
v -0.01925659 -0.14124738 0.12316141
v -0.01925659 -0.14133056 0.12486489
v -0.02201958 -0.14151078 0.18495565
v -0.01925659 -0.14117806 0.19151410
v -0.02203306 -0.14137214 0.18891627
v -0.02487692 -0.14142759 0.18495565
v -0.03249199 -0.14084535 0.18495565
v -0.03467543 -0.14017993 0.19815773
v -0.04402917 -0.13916794 0.18512600
v -0.04402917 -0.13926497 0.18129314
v -0.03653539 -0.14029083 0.18887368
v -0.03560541 -0.14016606 0.19564508
v -0.03662974 -0.14015220 0.19249361
v -0.03669713 -0.13998585 0.19683752
v -0.03683191 -0.13981949 0.20058521
v -0.04006663 -0.13945905 0.19679493
v -0.03970273 -0.13968087 0.19253620
v -0.04032271 -0.13970858 0.18891627
v -0.04402917 -0.13904318 0.18900146
v -0.05196771 -0.13774004 0.16583392
v -0.05198119 -0.13775391 0.16195848
v -0.05194076 -0.13764302 0.17362742
v -0.05196771 -0.13769847 0.16970937
v -0.05191380 -0.13755983 0.17750287
v -0.04816692 -0.13843320 0.18133573
v -0.05198119 -0.13775391 0.15804045
v -0.05195424 -0.13768460 0.15024696
v -0.05196771 -0.13772619 0.15412240
v -0.05192728 -0.13761528 0.14632892
v -0.05190032 -0.13753211 0.14241089
v -0.04813996 -0.13844706 0.13849285
v -0.04808605 -0.13833616 0.13465999
v -0.04401569 -0.13922339 0.13474516
v -0.04400221 -0.13909862 0.13086971
v -0.04400221 -0.13893226 0.12695168
v -0.04051141 -0.13959769 0.12703685
v -0.03822015 -0.13988881 0.12435386
v -0.03634670 -0.14009675 0.12307623
v -0.03507977 -0.14004130 0.11911560
v -0.03440587 -0.13999972 0.11698624
v -0.03214157 -0.14033242 0.11911560
v -0.02804425 -0.14044333 0.11502721
v -0.02464780 -0.14094240 0.11924336
v -0.02110308 -0.14105329 0.11920079
v -0.01925659 -0.14103944 0.11920079
v -0.01925659 -0.14113648 0.12103203
v -0.02493083 -0.14115035 0.19287690
v -0.01925659 -0.14112261 0.19287690
v -0.02210045 -0.14121965 0.19287690
v -0.03251895 -0.14070673 0.18887368
v -0.02495779 -0.14099784 0.19675235
v -0.02471518 -0.14055423 0.20735659
v -0.03272112 -0.13999972 0.20471618
v -0.03707451 -0.13938973 0.20888975
v -0.03702060 -0.13959769 0.20475877
v -0.03257286 -0.14055423 0.19283432
v -0.04812648 -0.13832229 0.18521117
v -0.04807257 -0.13821140 0.18912921
v -0.04018793 -0.13927884 0.20067038
v -0.04400221 -0.13875205 0.19688011
v -0.04401569 -0.13890454 0.19296207
v -0.04800518 -0.13808663 0.19304725
v -0.05703544 -0.13624286 0.16587651
v -0.05695458 -0.13622899 0.16975197
v -0.05706240 -0.13624286 0.16200106
v -0.05686023 -0.13620126 0.17362742
v -0.05671197 -0.13614582 0.17750287
v -0.05187337 -0.13746280 0.18137831
v -0.05180598 -0.13736575 0.18525375
v -0.05704892 -0.13624286 0.15812562
v -0.05690066 -0.13618741 0.15033213
v -0.05679284 -0.13614582 0.14645668
v -0.05699501 -0.13621512 0.15420759
v -0.05667154 -0.13609035 0.14249606
v -0.05184641 -0.13743506 0.13853543
v -0.05177902 -0.13732417 0.13465999
v -0.04804561 -0.13819753 0.13078454
v -0.04799170 -0.13804504 0.12682392
v -0.04400221 -0.13873818 0.12299105
v -0.03964882 -0.13955611 0.12303365
v -0.03986446 -0.13929271 0.11903043
v -0.03764059 -0.13983336 0.12167085
v -0.03688582 -0.13979177 0.11907302
v -0.03582106 -0.13972245 0.11545310
v -0.03622540 -0.13936202 0.11115178
v -0.03220896 -0.13979177 0.11115178
v -0.03211461 -0.14004130 0.11434582
v -0.03211461 -0.14016606 0.11630484
v -0.02924379 -0.14023538 0.11353667
v -0.02679079 -0.14041560 0.11306821
v -0.02458040 -0.14070673 0.11528274
v -0.02091438 -0.14081763 0.11528274
v -0.01925659 -0.14081763 0.11528274
v -0.01925659 -0.14106716 0.19419710
v -0.02215436 -0.14105329 0.19675235
v -0.02359651 -0.14059582 0.20735659
v -0.03687234 -0.13897386 0.21668322
v -0.03270764 -0.13977790 0.20884716
v -0.02509257 -0.14020766 0.21255225
v -0.03669713 -0.13853024 0.22447672
v -0.04039010 -0.13884909 0.20884716
v -0.04036315 -0.13905703 0.20475877
v -0.05164424 -0.13713009 0.19308984
v -0.04405612 -0.13855797 0.20084072
v -0.04789736 -0.13779551 0.20092591
v -0.04793779 -0.13794800 0.19700786
v -0.05979844 -0.13536949 0.16587651
v -0.05978496 -0.13539721 0.16200106
v -0.05981191 -0.13532789 0.16975197
v -0.05982539 -0.13527244 0.17362742
v -0.05983887 -0.13518927 0.17750287
v -0.05656372 -0.13607650 0.18137831
v -0.05985235 -0.13507836 0.18137831
v -0.05640198 -0.13600718 0.18529634
v -0.05622677 -0.13592401 0.18921439
v -0.05977148 -0.13538335 0.15812562
v -0.05977148 -0.13534176 0.15420759
v -0.05974453 -0.13520313 0.14645668
v -0.05974453 -0.13511995 0.14249606
v -0.05649633 -0.13602104 0.13862062
v -0.05626720 -0.13595173 0.13474516
v -0.05599764 -0.13588242 0.13086971
v -0.05171163 -0.13718553 0.13078454
v -0.05130729 -0.13690828 0.12286329
v -0.04793779 -0.13785095 0.12286329
v -0.04785692 -0.13765687 0.11890267
v -0.04397525 -0.13851638 0.11898784
v -0.03989142 -0.13905703 0.11511240
v -0.03999924 -0.13875205 0.11115178
v -0.03638714 -0.13902931 0.10706339
v -0.03238417 -0.13945905 0.10706339
v -0.02847555 -0.13952837 0.10306017
v -0.02815207 -0.14017993 0.11149247
v -0.02487692 -0.13948679 0.09931250
v -0.02489040 -0.13977790 0.10310276
v -0.02455345 -0.14054036 0.11294044
v -0.02082003 -0.14063742 0.11289785
v -0.01925659 -0.14065127 0.11294044
v -0.01925659 -0.14088695 0.19807256
v -0.02219480 -0.14087308 0.20071297
v -0.02223523 -0.14067900 0.20471618
v -0.01925659 -0.14036015 0.20876197
v -0.01925659 -0.14020766 0.21144498
v -0.02227566 -0.14024925 0.21259483
v -0.02511952 -0.13941747 0.22451930
v -0.04009359 -0.13821140 0.22055867
v -0.03665670 -0.13826684 0.22843733
v -0.03999924 -0.13772619 0.22839475
v -0.04002620 -0.13797572 0.22443413
v -0.04389439 -0.13754596 0.22051608
v -0.04404264 -0.13796187 0.21276519
v -0.04413699 -0.13815595 0.20880456
v -0.04413699 -0.13835003 0.20484395
v -0.05157685 -0.13699145 0.19705045
v -0.05576851 -0.13577151 0.19709305
v -0.04787040 -0.13761528 0.20488653
v -0.05056600 -0.13674192 0.20876197
v -0.05097034 -0.13681124 0.20488653
v -0.06359923 -0.13401092 0.16587651
v -0.06358575 -0.13402479 0.16200106
v -0.06361272 -0.13396934 0.16970937
v -0.06361272 -0.13391388 0.17358483
v -0.06361272 -0.13384456 0.17750287
v -0.06361272 -0.13365048 0.18525375
v -0.05986582 -0.13495360 0.18529634
v -0.06357228 -0.13342867 0.19313242
v -0.05986582 -0.13482883 0.18921439
v -0.05983887 -0.13455158 0.19709305
v -0.06357228 -0.13399705 0.15808304
v -0.06357228 -0.13395547 0.15420759
v -0.06355880 -0.13390002 0.15033213
v -0.06354532 -0.13383071 0.14645668
v -0.06353184 -0.13371980 0.14249606
v -0.05973104 -0.13499519 0.13862062
v -0.05195424 -0.13690828 0.12669615
v -0.05971757 -0.13484270 0.13474516
v -0.05971757 -0.13467634 0.13091230
v -0.05970409 -0.13448226 0.12699427
v -0.05556634 -0.13560516 0.12294846
v -0.05553939 -0.13538335 0.11903043
v -0.05091643 -0.13679737 0.11894526
v -0.04778953 -0.13743506 0.11502721
v -0.04396178 -0.13828071 0.11506981
v -0.04400221 -0.13800344 0.11115178
v -0.04016098 -0.13808663 0.10318793
v -0.03642757 -0.13871046 0.10310276
v -0.03241113 -0.13914020 0.10306017
v -0.02843511 -0.13922339 0.09926990
v -0.02491736 -0.13916794 0.09547962
v -0.01925659 -0.13958382 0.09931250
v -0.02090091 -0.13986109 0.10310276
v -0.01925659 -0.14058195 0.11204610
v -0.01925659 -0.14060968 0.20386444
v -0.01925659 -0.14013834 0.21263742
v -0.02223523 -0.13998585 0.21647029
v -0.02207349 -0.13940360 0.22447672
v -0.02503865 -0.13882135 0.23235537
v -0.03658931 -0.13771233 0.23627341
v -0.03661626 -0.13800344 0.23235537
v -0.04597000 -0.13658943 0.23043894
v -0.03995881 -0.13746280 0.23231278
v -0.04521523 -0.13653397 0.23307936
v -0.04634739 -0.13664488 0.22835216
v -0.04707520 -0.13674192 0.22443413
v -0.04776258 -0.13725485 0.21272261
v -0.04782997 -0.13743506 0.20880456
v -0.05176554 -0.13678350 0.20067038
v -0.05981191 -0.13424658 0.20488653
v -0.05981191 -0.13441296 0.20101108
v -0.05014818 -0.13665873 0.21272261
v -0.05557982 -0.13511995 0.21272261
v -0.05556634 -0.13531404 0.20880456
v -0.06682048 -0.13265235 0.16970937
v -0.06686091 -0.13265235 0.16587651
v -0.06684743 -0.13265235 0.16195848
v -0.06682048 -0.13263849 0.15808304
v -0.06672613 -0.13262463 0.17358483
v -0.07147039 -0.13058678 0.17750287
v -0.06636222 -0.13252757 0.18525375
v -0.06649700 -0.13256917 0.18133573
v -0.06624093 -0.13247213 0.18917180
v -0.06610615 -0.13240281 0.19313242
v -0.06355880 -0.13329005 0.19709305
v -0.06578267 -0.13226419 0.20096850
v -0.06595788 -0.13233351 0.19709305
v -0.06354532 -0.13315142 0.20096850
v -0.06675309 -0.13261076 0.15416500
v -0.06665874 -0.13258304 0.15033213
v -0.06655092 -0.13255531 0.14645668
v -0.06640266 -0.13249987 0.14249606
v -0.06622744 -0.13244440 0.13857803
v -0.06353184 -0.13358118 0.13862062
v -0.06351837 -0.13342867 0.13474516
v -0.06351837 -0.13324846 0.13091230
v -0.06351837 -0.13304051 0.12699427
v -0.05969061 -0.13426045 0.12303365
v -0.05966366 -0.13402479 0.11907302
v -0.05552591 -0.13511995 0.11511240
v -0.05048513 -0.13667260 0.11502721
v -0.04997297 -0.13656171 0.11115178
v -0.04774910 -0.13717166 0.11115178
v -0.04700781 -0.13674192 0.10335829
v -0.04638782 -0.13663102 0.10033458
v -0.04402917 -0.13736575 0.10327310
v -0.04009359 -0.13778165 0.09939767
v -0.03640061 -0.13840548 0.09931250
v -0.03237069 -0.13883522 0.09926990
v -0.02840816 -0.13890454 0.09547962
v -0.02495779 -0.13880750 0.09160418
v -0.01925659 -0.13912635 0.09390390
v -0.01925659 -0.13926497 0.09547962
v -0.01925659 -0.13987496 0.21651288
v -0.01925659 -0.13959769 0.22047350
v -0.01925659 -0.13930658 0.22447672
v -0.01925659 -0.13919567 0.22592469
v -0.02207349 -0.13879364 0.23231278
v -0.03656235 -0.13740734 0.24019144
v -0.02210045 -0.13848865 0.23618824
v -0.02404128 -0.13703304 0.25424528
v -0.02435128 -0.13703304 0.25424528
v -0.02503865 -0.13850251 0.23623083
v -0.03361067 -0.13683896 0.24981618
v -0.03823362 -0.13672805 0.24632402
v -0.03950056 -0.13697758 0.24010627
v -0.04768171 -0.13556357 0.24006369
v -0.04768171 -0.13584082 0.23618824
v -0.04382700 -0.13563289 0.24802752
v -0.04769519 -0.13496747 0.24798494
v -0.04807257 -0.13627058 0.22835216
v -0.04877343 -0.13635375 0.22443413
v -0.04792431 -0.13676964 0.22064386
v -0.04770866 -0.13704690 0.21664064
v -0.04920472 -0.13639535 0.22200664
v -0.04951472 -0.13646467 0.21936623
v -0.04977080 -0.13654784 0.21664064
v -0.05981191 -0.13388615 0.21272261
v -0.06353184 -0.13281871 0.20876197
v -0.05556634 -0.13471793 0.22055867
v -0.05978496 -0.13349799 0.22051608
v -0.05979844 -0.13369207 0.21664064
v -0.07145691 -0.13064222 0.17362742
v -0.07145691 -0.13068382 0.16970937
v -0.07145691 -0.13069767 0.16587651
v -0.07145691 -0.13069767 0.16200106
v -0.07145691 -0.13065609 0.15808304
v -0.07145691 -0.13060063 0.15420759
v -0.07147039 -0.13050359 0.18137831
v -0.07532510 -0.12870141 0.18925698
v -0.07545988 -0.12881232 0.18142089
v -0.07545988 -0.12886777 0.17754545
v -0.07140300 -0.13033724 0.18925698
v -0.07144343 -0.13042042 0.18529634
v -0.07134909 -0.13012929 0.19717822
v -0.07508249 -0.12859050 0.19722081
v -0.06559398 -0.13218102 0.20488653
v -0.07461077 -0.12835484 0.20884716
v -0.07134909 -0.12983817 0.20497170
v -0.07134909 -0.12999066 0.20109625
v -0.06539181 -0.13209783 0.20876197
v -0.07145691 -0.13051746 0.15037473
v -0.07145691 -0.13042042 0.14645668
v -0.07147039 -0.13029565 0.14253865
v -0.06602527 -0.13237510 0.13474516
v -0.07148387 -0.13015702 0.13862062
v -0.06580962 -0.13229191 0.13086971
v -0.06555355 -0.13220874 0.12699427
v -0.06540529 -0.13213942 0.12469455
v -0.06518964 -0.13207011 0.12205414
v -0.06377445 -0.13270780 0.12324658
v -0.06303316 -0.13273553 0.11907302
v -0.05962322 -0.13347026 0.11127954
v -0.05551243 -0.13484270 0.11127954
v -0.05551243 -0.13453772 0.10736149
v -0.04956863 -0.13646467 0.10846877
v -0.04912385 -0.13638149 0.10587094
v -0.04792431 -0.13681124 0.10719115
v -0.04756040 -0.13621512 0.09926990
v -0.04583522 -0.13653397 0.09773676
v -0.04005315 -0.13743506 0.09556480
v -0.03637366 -0.13807276 0.09552221
v -0.03233026 -0.13851638 0.09547962
v -0.02839468 -0.13854411 0.09160418
v -0.02839468 -0.13816980 0.08768613
v -0.02501170 -0.13840548 0.08772873
v -0.01925659 -0.13853024 0.08768613
v -0.01925659 -0.13880750 0.23086481
v -0.01925659 -0.13869659 0.23227019
v -0.03656235 -0.13668647 0.24900703
v -0.01925659 -0.13837774 0.23618824
v -0.01925659 -0.13725485 0.24956066
v -0.01925659 -0.13706077 0.25181780
v -0.01925659 -0.13670034 0.25590619
v -0.01925659 -0.13646467 0.25841882
v -0.02219480 -0.13566061 0.26766030
v -0.02219480 -0.13527244 0.27157831
v -0.02513300 -0.13456543 0.27924403
v -0.02511952 -0.13532789 0.27157831
v -0.02506561 -0.13607650 0.26387000
v -0.03241113 -0.13597946 0.26003714
v -0.03241113 -0.13633988 0.25616171
v -0.03662974 -0.13571606 0.25995198
v -0.03658931 -0.13642307 0.25211592
v -0.04003968 -0.13488428 0.26369966
v -0.03999924 -0.13559129 0.25599134
v -0.04385395 -0.13496747 0.25594878
v -0.04384047 -0.13531404 0.25198814
v -0.04768171 -0.13466249 0.25194555
v -0.05138816 -0.13464862 0.24002110
v -0.05138816 -0.13406637 0.24794234
v -0.05138816 -0.13491202 0.23614564
v -0.05138816 -0.13516155 0.23227019
v -0.05138816 -0.13541108 0.22835216
v -0.05137468 -0.13566061 0.22447672
v -0.05106469 -0.13596559 0.22064386
v -0.06297925 -0.13244440 0.22047350
v -0.06327576 -0.13252757 0.21659805
v -0.06509529 -0.13195920 0.21421316
v -0.05555286 -0.13427432 0.22835216
v -0.05978496 -0.13327618 0.22443413
v -0.06199535 -0.13219487 0.23107774
v -0.06226491 -0.13226419 0.22826699
v -0.07544640 -0.12892322 0.17367001
v -0.07544640 -0.12895094 0.16975197
v -0.07543292 -0.12896481 0.16591911
v -0.07543292 -0.12893709 0.16204365
v -0.07543292 -0.12889549 0.15812562
v -0.07543292 -0.12882617 0.15425017
v -0.07722550 -0.12785578 0.18925698
v -0.07729289 -0.12788350 0.18661657
v -0.07520380 -0.12864596 0.19326019
v -0.07710420 -0.12781418 0.19321759
v -0.07740071 -0.12792509 0.18142089
v -0.07745463 -0.12795280 0.17758803
v -0.07493424 -0.12852120 0.20109625
v -0.07698289 -0.12775873 0.19722081
v -0.07442208 -0.12825780 0.21276519
v -0.07633595 -0.12743989 0.21276519
v -0.07651117 -0.12753693 0.20884716
v -0.07477250 -0.12843801 0.20501429
v -0.07531162 -0.12868755 0.14649927
v -0.07517684 -0.12863209 0.14258124
v -0.07500163 -0.12856277 0.13866320
v -0.07479946 -0.12847960 0.13478776
v -0.07148387 -0.12997680 0.13474516
v -0.07148387 -0.12979657 0.13091230
v -0.07149734 -0.12958864 0.12707944
v -0.06746743 -0.13086403 0.11911560
v -0.06492008 -0.13198693 0.11911560
v -0.07149734 -0.12933911 0.12311882
v -0.06451574 -0.13184830 0.11519757
v -0.06260186 -0.13261076 0.11519757
v -0.06219752 -0.13247213 0.11132212
v -0.06179318 -0.13230578 0.10740408
v -0.05960975 -0.13315142 0.10740408
v -0.05552591 -0.13420500 0.10348605
v -0.05136120 -0.13548040 0.10344346
v -0.04765475 -0.13582697 0.09569257
v -0.05137468 -0.13510610 0.09961060
v -0.04768171 -0.13542495 0.09185971
v -0.04770866 -0.13498133 0.08798425
v -0.04397525 -0.13582697 0.08789908
v -0.03920404 -0.13681124 0.08785649
v -0.03634670 -0.13769847 0.09164676
v -0.03230330 -0.13815595 0.09160418
v -0.03227635 -0.13776778 0.08772873
v -0.02839468 -0.13775391 0.08381070
v -0.02503865 -0.13800344 0.08385327
v -0.02092787 -0.13808663 0.08381070
v -0.01925659 -0.13811435 0.08381070
v -0.01925659 -0.13593788 0.26378484
v -0.01925659 -0.13570219 0.26616973
v -0.01925659 -0.13477338 0.27541117
v -0.02215436 -0.13449611 0.27924403
v -0.02513300 -0.13417726 0.28307690
v -0.03660278 -0.13385843 0.27920147
v -0.03664322 -0.13462089 0.27153572
v -0.03665670 -0.13499519 0.26761770
v -0.04006663 -0.13450998 0.26757511
v -0.04389439 -0.13427432 0.26365706
v -0.04386743 -0.13462089 0.25982420
v -0.04765475 -0.13399705 0.25978164
v -0.04766823 -0.13432977 0.25590619
v -0.05137468 -0.13376139 0.25190295
v -0.05551243 -0.13326233 0.24393913
v -0.05568764 -0.13263849 0.25151968
v -0.05553939 -0.13377524 0.23614564
v -0.05555286 -0.13402479 0.23227019
v -0.06394966 -0.13165422 0.22826699
v -0.06430009 -0.13173740 0.22434894
v -0.06463704 -0.13182058 0.22047350
v -0.06493356 -0.13190375 0.21655547
v -0.07397730 -0.12804986 0.22051608
v -0.05886845 -0.13258304 0.23997850
v -0.05934019 -0.13269395 0.23610305
v -0.06010843 -0.13270780 0.23231278
v -0.05977148 -0.13305438 0.22830958
v -0.06171231 -0.13212555 0.23367558
v -0.06353184 -0.13132150 0.23606047
v -0.06327576 -0.13165422 0.23231278
v -0.07749506 -0.12796667 0.17367001
v -0.07752201 -0.12798054 0.16979456
v -0.07752201 -0.12796667 0.16596170
v -0.07749506 -0.12795280 0.16208624
v -0.07746810 -0.12792509 0.15816820
v -0.07740071 -0.12788350 0.15425017
v -0.07727941 -0.12781418 0.14901193
v -0.07578335 -0.12856277 0.15033213
v -0.07915285 -0.12677446 0.19321759
v -0.07882938 -0.12712104 0.18533894
v -0.07912590 -0.12667742 0.19722081
v -0.07926068 -0.12695468 0.18142089
v -0.07931459 -0.12698240 0.17758803
v -0.07667290 -0.12762010 0.20497170
v -0.07683464 -0.12768942 0.20109625
v -0.07909894 -0.12644175 0.20497170
v -0.07911242 -0.12656651 0.20109625
v -0.07907198 -0.12612290 0.21276519
v -0.07589118 -0.12723193 0.22047350
v -0.07901807 -0.12576247 0.22051608
v -0.07908547 -0.12628926 0.20884716
v -0.07721202 -0.12777259 0.14654187
v -0.07707724 -0.12770327 0.14258124
v -0.07690203 -0.12763395 0.13866320
v -0.07671333 -0.12755078 0.13478776
v -0.07457033 -0.12839642 0.13095490
v -0.07427382 -0.12831324 0.12712203
v -0.07395034 -0.12821620 0.12316141
v -0.07187473 -0.12885390 0.11881750
v -0.06749437 -0.13055904 0.11524016
v -0.07365383 -0.12811916 0.11983959
v -0.06750786 -0.13024019 0.11136471
v -0.06413835 -0.13168194 0.11132212
v -0.06376097 -0.13150173 0.10740408
v -0.06157753 -0.13220874 0.10531730
v -0.05983887 -0.13274940 0.10382675
v -0.05894932 -0.13268008 0.09965319
v -0.05552591 -0.13383071 0.09965319
v -0.05137468 -0.13471793 0.09577774
v -0.05138816 -0.13430204 0.09190228
v -0.05138816 -0.13385843 0.08802685
v -0.04773562 -0.13450998 0.08410880
v -0.04401569 -0.13536949 0.08406622
v -0.03854362 -0.13663102 0.08504573
v -0.03631975 -0.13729643 0.08777132
v -0.03224939 -0.13735189 0.08385327
v -0.02838120 -0.13732417 0.08002041
v -0.02503865 -0.13757370 0.07997783
v -0.01925659 -0.13769847 0.07997783
v -0.01925659 -0.13413569 0.28150118
v -0.02211393 -0.13409411 0.28307690
v -0.02514648 -0.13377524 0.28686719
v -0.03657583 -0.13347026 0.28303433
v -0.02394693 -0.13226419 0.30087841
v -0.03830101 -0.13220874 0.29291457
v -0.04008011 -0.13374752 0.27528342
v -0.04008011 -0.13413569 0.27145056
v -0.04393482 -0.13390002 0.26748992
v -0.04667086 -0.13245827 0.27788125
v -0.04766823 -0.13365048 0.26361450
v -0.05132077 -0.13309597 0.25973905
v -0.05134773 -0.13342867 0.25586359
v -0.05669849 -0.13202851 0.25586359
v -0.05789804 -0.13230578 0.24789975
v -0.05839672 -0.13244440 0.24389655
v -0.05762848 -0.13223646 0.24994395
v -0.06719787 -0.12989363 0.23610305
v -0.06719787 -0.13036497 0.22826699
v -0.07343818 -0.12784191 0.22826699
v -0.07564857 -0.12712104 0.22434894
v -0.06141579 -0.13205625 0.23606047
v -0.06049929 -0.13180671 0.24389655
v -0.06358575 -0.13078086 0.24389655
v -0.06355880 -0.13105811 0.23993591
v -0.07938198 -0.12698240 0.16979456
v -0.07935502 -0.12698240 0.17371259
v -0.07938198 -0.12696855 0.16596170
v -0.07936851 -0.12694081 0.16208624
v -0.07934154 -0.12689923 0.15816820
v -0.07928763 -0.12685764 0.15429276
v -0.07922024 -0.12669128 0.14654187
v -0.08257627 -0.12484751 0.19722081
v -0.08267061 -0.12488910 0.19326019
v -0.07916633 -0.12685764 0.18925698
v -0.08281887 -0.12497227 0.18538153
v -0.08275148 -0.12493069 0.18929956
v -0.08246844 -0.12479206 0.20113884
v -0.08291322 -0.12500000 0.17758803
v -0.08287278 -0.12498614 0.18146348
v -0.08234714 -0.12472274 0.20501429
v -0.08221236 -0.12465342 0.20888975
v -0.08205063 -0.12457025 0.21276519
v -0.07899112 -0.12555452 0.22434894
v -0.08165976 -0.12436231 0.22051608
v -0.07923372 -0.12653879 0.14258124
v -0.07924720 -0.12638630 0.13870579
v -0.07926068 -0.12619222 0.13483033
v -0.07927416 -0.12597041 0.13099747
v -0.07648421 -0.12745374 0.13095490
v -0.07621465 -0.12735670 0.12712203
v -0.07590465 -0.12724580 0.12316141
v -0.07128170 -0.12885390 0.11532533
v -0.07516336 -0.12728740 0.11881750
v -0.07547336 -0.12685764 0.11536793
v -0.07342470 -0.12802212 0.11728436
v -0.06752134 -0.12987976 0.10744668
v -0.07083693 -0.12871526 0.11140730
v -0.06750786 -0.12951932 0.10352863
v -0.06315446 -0.13141855 0.10382675
v -0.06091711 -0.13191762 0.09965319
v -0.06041842 -0.13170966 0.09582033
v -0.05843716 -0.13247213 0.09577774
v -0.05800586 -0.13229191 0.09266886
v -0.05552591 -0.13342867 0.09577774
v -0.05761500 -0.13213942 0.09011362
v -0.05721066 -0.13201466 0.08806942
v -0.05641546 -0.13177898 0.08419398
v -0.05137468 -0.13337322 0.08415139
v -0.04776258 -0.13401092 0.08027594
v -0.04405612 -0.13487042 0.08023336
v -0.03766755 -0.13647852 0.08244789
v -0.03638714 -0.13683896 0.08381070
v -0.03520107 -0.13670034 0.08129804
v -0.03340850 -0.13660329 0.07874280
v -0.02835424 -0.13672805 0.07512287
v -0.02498474 -0.13692213 0.07461183
v -0.02088743 -0.13725485 0.07652826
v -0.01925659 -0.13725485 0.07623014
v -0.01925659 -0.13396934 0.28307690
v -0.02208697 -0.13369207 0.28686719
v -0.02518691 -0.13294348 0.29457548
v -0.03425761 -0.13219487 0.29632157
v -0.03653539 -0.13263849 0.29074262
v -0.02522734 -0.13249987 0.29845093
v -0.02203306 -0.13286029 0.29457548
v -0.01925659 -0.13333163 0.28908171
v -0.01925659 -0.13272166 0.29470326
v -0.01925659 -0.13186217 0.30236898
v -0.01925659 -0.13158490 0.30466868
v -0.01925659 -0.13090562 0.31029023
v -0.02195219 -0.13150173 0.30637218
v -0.02188480 -0.13100265 0.31029023
v -0.02546995 -0.13061450 0.31408050
v -0.02541604 -0.13109971 0.31024763
v -0.02534865 -0.13158490 0.30632959
v -0.02529474 -0.13200079 0.30275225
v -0.04419091 -0.13107197 0.29466066
v -0.04586218 -0.13233351 0.28047907
v -0.03654887 -0.13177898 0.29853612
v -0.03656235 -0.13133537 0.30245416
v -0.03657583 -0.13087788 0.30641477
v -0.04017446 -0.13037882 0.30641477
v -0.04013402 -0.13083631 0.30249673
v -0.04421786 -0.13018474 0.30249673
v -0.04795127 -0.13087788 0.29070005
v -0.04792431 -0.13129379 0.28678201
v -0.04769519 -0.13290189 0.27132279
v -0.04935298 -0.13230578 0.27345215
v -0.05043122 -0.13261076 0.26740477
v -0.05149598 -0.13272166 0.26335897
v -0.05599764 -0.13187602 0.25973905
v -0.05965018 -0.13048973 0.26361450
v -0.05966366 -0.13082244 0.25978164
v -0.05969061 -0.13114129 0.25586359
v -0.06000060 -0.13166809 0.24789975
v -0.06723830 -0.12932524 0.24393913
v -0.07226559 -0.12755078 0.23989333
v -0.07302036 -0.12773101 0.23282383
v -0.07328992 -0.12778646 0.23022601
v -0.07485337 -0.12702400 0.23175915
v -0.07537901 -0.12701013 0.22822439
v -0.06359923 -0.13047586 0.24789975
v -0.08292669 -0.12501386 0.17371259
v -0.08294017 -0.12500000 0.16983715
v -0.08291322 -0.12498614 0.16600428
v -0.08288626 -0.12495842 0.16212884
v -0.08279191 -0.12487524 0.15429276
v -0.08284583 -0.12491682 0.15821079
v -0.08271105 -0.12481978 0.15045990
v -0.08252235 -0.12468115 0.14262382
v -0.08450362 -0.12365530 0.20113884
v -0.08459797 -0.12371075 0.19722081
v -0.08467884 -0.12376620 0.19326019
v -0.08482710 -0.12382165 0.18538153
v -0.08488101 -0.12383551 0.18150608
v -0.08475971 -0.12380779 0.18929956
v -0.08439580 -0.12359984 0.20501429
v -0.08492144 -0.12384938 0.17763062
v -0.08411276 -0.12343349 0.21280778
v -0.08426102 -0.12351666 0.20888975
v -0.08393754 -0.12332258 0.21672581
v -0.07897764 -0.12508318 0.23214244
v -0.08144412 -0.12425140 0.22439153
v -0.08354669 -0.12308692 0.22443413
v -0.08238757 -0.12459797 0.13870579
v -0.08222584 -0.12450093 0.13487293
v -0.08203715 -0.12439004 0.13099747
v -0.08183498 -0.12427913 0.12716461
v -0.07930111 -0.12572088 0.12712203
v -0.07932807 -0.12542975 0.12320399
v -0.07970545 -0.12491682 0.11907302
v -0.07905851 -0.12497227 0.11536793
v -0.07322253 -0.12795280 0.11536793
v -0.07279124 -0.12781418 0.11144988
v -0.07558118 -0.12642788 0.11144988
v -0.07035171 -0.12857664 0.10744668
v -0.06989346 -0.12841029 0.10352863
v -0.06780437 -0.12897866 0.09961060
v -0.06704960 -0.12892322 0.09582033
v -0.06355880 -0.13044814 0.09582033
v -0.06354532 -0.13085018 0.09969577
v -0.06355880 -0.13003225 0.09194488
v -0.05944801 -0.13161264 0.09160418
v -0.05965018 -0.13112743 0.08806942
v -0.05963670 -0.13064222 0.08423656
v -0.05962322 -0.13014316 0.08036112
v -0.05553939 -0.13100265 0.07644308
v -0.05528330 -0.13161264 0.08027594
v -0.05163076 -0.13277712 0.08023336
v -0.05060643 -0.13258304 0.07640050
v -0.04979776 -0.13229191 0.07243987
v -0.04777605 -0.13347026 0.07640050
v -0.04656303 -0.13229191 0.06579624
v -0.04411003 -0.13380297 0.07243987
v -0.04409656 -0.13434364 0.07635791
v -0.04006663 -0.13517542 0.07631531
v -0.03625236 -0.13536949 0.07235469
v -0.03626584 -0.13589627 0.07627274
v -0.03220896 -0.13589627 0.07226952
v -0.02835424 -0.13633988 0.07222693
v -0.02495779 -0.13660329 0.07222693
v -0.02087395 -0.13670034 0.07218435
v -0.01925659 -0.13674192 0.07222693
v -0.01925659 -0.13356731 0.28686719
v -0.01925659 -0.13064222 0.31237700
v -0.02181741 -0.13050359 0.31412309
v -0.02552386 -0.13011542 0.31787076
v -0.03650844 -0.12897866 0.32174622
v -0.03653539 -0.12946387 0.31795595
v -0.03656235 -0.12993521 0.31416568
v -0.03658931 -0.13040655 0.31029023
v -0.04795127 -0.13044814 0.29466066
v -0.04020141 -0.12946387 0.31416568
v -0.04020141 -0.12992134 0.31029023
v -0.04420438 -0.12885390 0.31412309
v -0.04423134 -0.12929751 0.31029023
v -0.04421786 -0.12974113 0.30641477
v -0.05738587 -0.12786963 0.29636416
v -0.05142859 -0.12999066 0.29070005
v -0.05548547 -0.12975500 0.28294915
v -0.05548547 -0.13091948 0.27132279
v -0.05549895 -0.13053133 0.27524083
v -0.05509461 -0.13177898 0.26335897
v -0.05962322 -0.12976887 0.27136538
v -0.06256143 -0.12842415 0.27524083
v -0.06300620 -0.12863209 0.27136538
v -0.06351837 -0.12917275 0.26361450
v -0.06355880 -0.12950546 0.25978164
v -0.06358575 -0.12983817 0.25586359
v -0.06359923 -0.13015702 0.25186036
v -0.07183430 -0.12743989 0.24385396
v -0.06695525 -0.12884004 0.25186036
v -0.07531162 -0.12627539 0.23985074
v -0.07528467 -0.12656651 0.23597530
v -0.06653744 -0.12870141 0.25582100
v -0.08493492 -0.12384938 0.17375517
v -0.08493492 -0.12383551 0.16983715
v -0.08492144 -0.12382165 0.16600428
v -0.08488101 -0.12379393 0.16212884
v -0.08485405 -0.12373847 0.15821079
v -0.08480014 -0.12369689 0.15433535
v -0.08473275 -0.12362758 0.15045990
v -0.08454406 -0.12347508 0.14262382
v -0.08442275 -0.12339190 0.13874838
v -0.08463841 -0.12355826 0.14658444
v -0.08706444 -0.12204719 0.20509946
v -0.08706444 -0.12215810 0.20122403
v -0.08707792 -0.12225514 0.19730598
v -0.08707792 -0.12235218 0.19334536
v -0.08710488 -0.12247695 0.18546670
v -0.08710488 -0.12251853 0.18154867
v -0.08709140 -0.12242149 0.18938473
v -0.08705097 -0.12192242 0.20897492
v -0.08710488 -0.12254626 0.17767321
v -0.08710488 -0.12256012 0.17379776
v -0.08702401 -0.12175607 0.21289295
v -0.08698358 -0.12157585 0.21676840
v -0.08732053 -0.12115996 0.22064386
v -0.08094543 -0.12402960 0.23214244
v -0.08120151 -0.12414050 0.22826699
v -0.07855982 -0.12473661 0.23980816
v -0.07924720 -0.12469502 0.23571978
v -0.08676793 -0.12124315 0.22451930
v -0.08331756 -0.12296215 0.22830958
v -0.08657924 -0.12111837 0.22839475
v -0.08427450 -0.12328100 0.13487293
v -0.08409928 -0.12317009 0.13104007
v -0.08388363 -0.12304533 0.12716461
v -0.08364103 -0.12292056 0.12320399
v -0.08140368 -0.12404346 0.12026547
v -0.08121499 -0.12394642 0.11766763
v -0.08101282 -0.12386324 0.11536793
v -0.08056804 -0.12373847 0.11144988
v -0.07855982 -0.12486137 0.11144988
v -0.07234646 -0.12764782 0.10744668
v -0.07815548 -0.12477820 0.10846877
v -0.07539249 -0.12572088 0.10340087
v -0.07192864 -0.12745374 0.10348605
v -0.06930043 -0.12814688 0.09829039
v -0.06900392 -0.12802212 0.09582033
v -0.06653744 -0.12871526 0.09194488
v -0.06602527 -0.12849347 0.08811202
v -0.06353184 -0.12957478 0.08811202
v -0.06304663 -0.12877073 0.08040370
v -0.06238621 -0.12850733 0.07648567
v -0.05958279 -0.12961636 0.07648567
v -0.05553939 -0.13044814 0.07248245
v -0.04778953 -0.13291574 0.07243987
v -0.05105121 -0.13137696 0.06886252
v -0.04871951 -0.13195920 0.06775527
v -0.04412352 -0.13323459 0.06847925
v -0.04769519 -0.13241668 0.06881995
v -0.04807257 -0.13182058 0.06566848
v -0.04652260 -0.13227804 0.06566848
v -0.04424482 -0.13277712 0.06566848
v -0.04008011 -0.13463475 0.07239728
v -0.04009359 -0.13408024 0.06847925
v -0.03625236 -0.13480111 0.06843666
v -0.03222243 -0.13535563 0.06839407
v -0.02835424 -0.13579924 0.06835149
v -0.02493083 -0.13606264 0.06835149
v -0.01925659 -0.13621512 0.06826630
v -0.01925659 -0.13653397 0.07065121
v -0.01925659 -0.13014316 0.31612467
v -0.02175002 -0.12999066 0.31787076
v -0.02556430 -0.12960251 0.32166106
v -0.02820599 -0.12895094 0.32553649
v -0.03224939 -0.11138659 0.45491687
v -0.03499890 -0.11159453 0.45240421
v -0.03645453 -0.11859532 0.39976626
v -0.03827406 -0.12753693 0.33128578
v -0.04028228 -0.11830420 0.39976626
v -0.04013402 -0.12852120 0.32174622
v -0.04017446 -0.12899253 0.31795595
v -0.04788388 -0.12868755 0.31024763
v -0.05026948 -0.12809144 0.31020504
v -0.04648217 -0.12775873 0.32021309
v -0.05942105 -0.12702400 0.29832318
v -0.05787108 -0.12800826 0.29376634
v -0.05849107 -0.12468115 0.32187397
v -0.05900323 -0.12495842 0.31799854
v -0.05841020 -0.12818848 0.29061487
v -0.05956931 -0.12903411 0.27907369
v -0.06206274 -0.12821620 0.27907369
v -0.06308707 -0.12745374 0.28303433
v -0.06393619 -0.12755078 0.27903110
v -0.06440791 -0.12775873 0.27524083
v -0.06541877 -0.12823007 0.26604195
v -0.06568833 -0.12835484 0.26357191
v -0.06611962 -0.12853505 0.25978164
v -0.07535205 -0.12595654 0.24376877
v -0.07101214 -0.12745374 0.24807011
v -0.07133561 -0.12702400 0.25186036
v -0.07818244 -0.12462570 0.24372619
v -0.07136257 -0.12637243 0.25973905
v -0.07136257 -0.12669128 0.25582100
v -0.08709140 -0.12254626 0.16987973
v -0.08709140 -0.12250467 0.16604687
v -0.08709140 -0.12244922 0.16217141
v -0.08710488 -0.12236604 0.15825338
v -0.08710488 -0.12228286 0.15433535
v -0.08711836 -0.12217196 0.15050249
v -0.08715879 -0.12188084 0.14266641
v -0.08717227 -0.12170062 0.13874838
v -0.08756313 -0.12125700 0.13483033
v -0.08713184 -0.12203333 0.14662704
v -0.08946353 -0.12060545 0.20514206
v -0.08936918 -0.12053613 0.20901750
v -0.08954440 -0.12066090 0.20126660
v -0.08962527 -0.12071635 0.19734857
v -0.08970613 -0.12075794 0.19338795
v -0.08981396 -0.12081339 0.18550928
v -0.08986787 -0.12082726 0.18159125
v -0.08989483 -0.12084111 0.17771581
v -0.08923440 -0.12043909 0.21293554
v -0.08989483 -0.12084111 0.17384035
v -0.08897832 -0.12025887 0.21936623
v -0.08908615 -0.12032819 0.21681100
v -0.08853355 -0.11996775 0.22843733
v -0.08885702 -0.12017569 0.22196405
v -0.08079717 -0.12396028 0.23431440
v -0.08252235 -0.12289284 0.23580495
v -0.08308844 -0.12282352 0.23222761
v -0.08008284 -0.12364143 0.24376877
v -0.08039283 -0.12378006 0.23980816
v -0.08062195 -0.12387711 0.23686963
v -0.08635011 -0.12097975 0.23231278
v -0.08830442 -0.11984299 0.23235537
v -0.08705097 -0.12136791 0.13108266
v -0.08686228 -0.12124315 0.12720721
v -0.08664663 -0.12110451 0.12324658
v -0.08637707 -0.12096589 0.11924336
v -0.08338495 -0.12246308 0.11536793
v -0.08356016 -0.12200561 0.11144988
v -0.08001545 -0.12323941 0.10335829
v -0.07761636 -0.12454253 0.10331570
v -0.07727941 -0.12432072 0.09948284
v -0.07505554 -0.12548520 0.09956801
v -0.07147039 -0.12685764 0.09577774
v -0.06851871 -0.12780031 0.09194488
v -0.06802002 -0.12756465 0.08806942
v -0.06714395 -0.12743989 0.08402363
v -0.06563441 -0.12829939 0.08525867
v -0.06382836 -0.12892322 0.08406622
v -0.06494703 -0.12795280 0.08040370
v -0.06432705 -0.12767555 0.07648567
v -0.06324881 -0.12750919 0.07222693
v -0.06183362 -0.12827165 0.07333420
v -0.05987931 -0.12888162 0.07222693
v -0.05903019 -0.12865982 0.06856442
v -0.05552591 -0.12987976 0.06856442
v -0.05057948 -0.13104424 0.06566848
v -0.04308571 -0.13302665 0.06566848
v -0.04010707 -0.13366435 0.06566848
v -0.03901535 -0.13387229 0.06566848
v -0.03625236 -0.13438522 0.06566848
v -0.03509325 -0.13455158 0.06566848
v -0.03223591 -0.13493973 0.06566848
v -0.03107680 -0.13507836 0.06566848
v -0.02836772 -0.13539721 0.06566848
v -0.02493083 -0.13567448 0.06566848
v -0.01978223 -0.13582697 0.06566848
v -0.01925659 -0.13584082 0.06566848
v -0.01925659 -0.11104002 0.45393736
v -0.02280131 -0.11155294 0.45214868
v -0.02529474 -0.11087366 0.45815350
v -0.02889337 -0.11141431 0.45508722
v -0.02893380 -0.11098456 0.45811091
v -0.03233026 -0.11092910 0.45806831
v -0.03617149 -0.11070730 0.45806831
v -0.03629279 -0.11130341 0.45385218
v -0.03774842 -0.11149748 0.45172281
v -0.03607714 -0.11237086 0.44614386
v -0.03613106 -0.11339671 0.43856333
v -0.03819319 -0.11561479 0.42105992
v -0.04402917 -0.11838737 0.39589080
v -0.04020141 -0.11309173 0.43860592
v -0.04241181 -0.11158067 0.44831582
v -0.04400221 -0.11271743 0.43860592
v -0.04402917 -0.11787445 0.39976626
v -0.04551175 -0.12757851 0.32281091
v -0.04575435 -0.11988457 0.38239060
v -0.04711563 -0.12792509 0.31787076
v -0.04804561 -0.12816075 0.31429343
v -0.04916429 -0.12773101 0.31565621
v -0.04787040 -0.12630311 0.32941194
v -0.04781649 -0.12680219 0.32557908
v -0.04760084 -0.11781900 0.39593339
v -0.06035103 -0.12757851 0.29061487
v -0.06384184 -0.12339190 0.31821148
v -0.06373401 -0.12251853 0.32596238
v -0.05796542 -0.12434844 0.32570686
v -0.05792499 -0.11605840 0.39205794
v -0.05986582 -0.12183925 0.34146417
v -0.06149666 -0.12017569 0.35091857
v -0.06273664 -0.12048069 0.34542478
v -0.06358575 -0.12164517 0.33367067
v -0.05903019 -0.12839642 0.28678201
v -0.05982539 -0.12853505 0.28307690
v -0.06129450 -0.12792509 0.28439712
v -0.06167188 -0.12806371 0.28188445
v -0.06331619 -0.12699627 0.28669682
v -0.06717090 -0.12515250 0.29057228
v -0.06722481 -0.12590109 0.28286396
v -0.06725178 -0.12626153 0.27903110
v -0.07302036 -0.12420981 0.27605000
v -0.07327645 -0.12434844 0.27345215
v -0.07133561 -0.12603973 0.26357191
v -0.07784549 -0.12452866 0.24700543
v -0.07475902 -0.12524953 0.25586359
v -0.07969198 -0.12285124 0.25594878
v -0.07345166 -0.12445935 0.27136538
v -0.07408512 -0.12487524 0.26361450
v -0.07440860 -0.12506931 0.25978164
v -0.08988135 -0.12082726 0.16996490
v -0.08984091 -0.12079953 0.16608945
v -0.08980048 -0.12075794 0.16221401
v -0.08974656 -0.12071635 0.15829598
v -0.08969265 -0.12066090 0.15437793
v -0.08962527 -0.12059158 0.15054507
v -0.08953092 -0.12052226 0.14666961
v -0.08942309 -0.12045295 0.14270901
v -0.08928831 -0.12035591 0.13879096
v -0.08918049 -0.12028660 0.13602278
v -0.08908615 -0.12021728 0.13346755
v -0.09145827 -0.11931619 0.20514206
v -0.09124262 -0.11914984 0.21293554
v -0.09136393 -0.11924688 0.20901750
v -0.09153915 -0.11937164 0.20126660
v -0.09160653 -0.11942710 0.19734857
v -0.09174131 -0.11951027 0.18946992
v -0.09178175 -0.11953799 0.18550928
v -0.09182218 -0.11955186 0.18159125
v -0.09184914 -0.11955186 0.17771581
v -0.09110784 -0.11903893 0.21681100
v -0.09184914 -0.11955186 0.17388295
v -0.09094611 -0.11844283 0.22847992
v -0.09093263 -0.11869236 0.22456189
v -0.08302104 -0.12232446 0.23989333
v -0.08311539 -0.12197788 0.24385396
v -0.08281887 -0.12114611 0.25599134
v -0.08587838 -0.12070249 0.23997850
v -0.09095959 -0.11815171 0.23235537
v -0.08784617 -0.11955186 0.24002110
v -0.09098655 -0.11784672 0.23623083
v -0.08877615 -0.12003706 0.12720721
v -0.08854703 -0.11989844 0.12324658
v -0.08829094 -0.11975980 0.11924336
v -0.08799443 -0.11963504 0.11536793
v -0.08609403 -0.12082726 0.11536793
v -0.08574360 -0.12067476 0.11144988
v -0.08551447 -0.12057772 0.10915016
v -0.08316930 -0.12142336 0.10348605
v -0.07997501 -0.12285124 0.09952543
v -0.07989414 -0.12246308 0.09569257
v -0.07692898 -0.12407119 0.09564997
v -0.07471859 -0.12523567 0.09569257
v -0.07436817 -0.12497227 0.09181711
v -0.07145691 -0.12641402 0.09190228
v -0.07144343 -0.12594269 0.08798425
v -0.07180734 -0.12520795 0.08381070
v -0.06741351 -0.12681604 0.08036112
v -0.06741351 -0.12627539 0.07648567
v -0.06740003 -0.12569315 0.07252505
v -0.06342402 -0.12687149 0.06860701
v -0.06136188 -0.12806371 0.07069379
v -0.06095754 -0.12789735 0.06860701
v -0.06039147 -0.12764782 0.06566848
v -0.05843716 -0.12842415 0.06566848
v -0.05756109 -0.12872913 0.06566848
v -0.05552591 -0.12943615 0.06566848
v -0.01925659 -0.12660811 0.06566848
v -0.01925659 -0.11041617 0.45823868
v -0.02102221 -0.11056867 0.45819609
v -0.02117047 -0.11120637 0.45376699
v -0.02545647 -0.10857240 0.47314426
v -0.02898771 -0.11034686 0.46224189
v -0.03239765 -0.11030528 0.46219932
v -0.03619845 -0.11008347 0.46219932
v -0.04016098 -0.11037459 0.45811091
v -0.04014750 -0.11098456 0.45397996
v -0.04008011 -0.11167771 0.44908240
v -0.04010707 -0.11207973 0.44614386
v -0.04617217 -0.11573955 0.41356454
v -0.04389439 -0.11061026 0.45402255
v -0.04371917 -0.11122023 0.44980638
v -0.04479741 -0.11144204 0.44720856
v -0.04587566 -0.11162225 0.44465330
v -0.04758736 -0.11731993 0.39976626
v -0.05768239 -0.12416822 0.32775104
v -0.05743978 -0.11590591 0.39431505
v -0.05126686 -0.11704267 0.39593339
v -0.05536417 -0.11618317 0.39576302
v -0.05531026 -0.11666837 0.39205794
v -0.05676588 -0.11572568 0.39691291
v -0.06328924 -0.12619222 0.29440514
v -0.06757525 -0.12161744 0.32212952
v -0.06769655 -0.12201946 0.31829666
v -0.06496051 -0.12006480 0.34291214
v -0.06589050 -0.12038364 0.33758871
v -0.06656440 -0.12060545 0.33371326
v -0.05927279 -0.11468597 0.39989400
v -0.06342402 -0.11930233 0.35313309
v -0.06314098 -0.11400668 0.39601855
v -0.06368010 -0.12064704 0.34159192
v -0.06330272 -0.12659424 0.29057228
v -0.06651049 -0.12458411 0.29828059
v -0.07124126 -0.12185311 0.30637218
v -0.07121431 -0.12269875 0.29845093
v -0.07148387 -0.12340576 0.29065746
v -0.07190168 -0.12362758 0.28682460
v -0.07231951 -0.12383551 0.28294915
v -0.07271036 -0.12404346 0.27911629
v -0.07527119 -0.12218582 0.28690976
v -0.07531162 -0.12253240 0.28307690
v -0.07533858 -0.12287897 0.27920147
v -0.07690203 -0.12423754 0.25590619
v -0.07656508 -0.12407119 0.25982420
v -0.07950328 -0.12190857 0.26757511
v -0.07958415 -0.12221355 0.26369966
v -0.08102629 -0.12039750 0.27541117
v -0.08121499 -0.12049454 0.27319665
v -0.08144412 -0.12060545 0.27055624
v -0.08207758 -0.12086884 0.26374225
v -0.08245497 -0.12100747 0.25986679
v -0.07496120 -0.12343349 0.27502790
v -0.07558118 -0.12347508 0.27145056
v -0.07624160 -0.12387711 0.26365706
v -0.09183566 -0.11952414 0.16996490
v -0.09179522 -0.11949641 0.16613204
v -0.09175479 -0.11945482 0.16225658
v -0.09164697 -0.11934392 0.15442052
v -0.09157958 -0.11927460 0.15054507
v -0.09149871 -0.11919142 0.14666961
v -0.09139089 -0.11910825 0.14275158
v -0.09126958 -0.11902507 0.13879096
v -0.09074394 -0.11916370 0.13483033
v -0.09110784 -0.11870622 0.13112524
v -0.09439648 -0.11734765 0.20514206
v -0.09419431 -0.11718130 0.21293554
v -0.09405953 -0.11708426 0.21681100
v -0.09430214 -0.11727834 0.20901750
v -0.09447735 -0.11740311 0.20126660
v -0.09454474 -0.11745856 0.19739116
v -0.09469299 -0.11755560 0.18555187
v -0.09461213 -0.11750015 0.19343053
v -0.09471995 -0.11756946 0.18163384
v -0.09473343 -0.11756946 0.17775838
v -0.09391127 -0.11695949 0.22068644
v -0.09471995 -0.11756946 0.17388295
v -0.09469299 -0.11755560 0.17000749
v -0.09356084 -0.11670995 0.22847992
v -0.09374954 -0.11683472 0.22456189
v -0.09335867 -0.11657133 0.23239797
v -0.08560882 -0.12055000 0.24389655
v -0.08608055 -0.11684859 0.28303433
v -0.08426102 -0.11996775 0.25986679
v -0.08757661 -0.11941323 0.24389655
v -0.09075742 -0.11740311 0.24393913
v -0.09112133 -0.11844283 0.12720721
v -0.09113480 -0.11815171 0.12324658
v -0.09112133 -0.11786058 0.11924336
v -0.09143132 -0.11731993 0.11553827
v -0.09078437 -0.11737537 0.11144988
v -0.08764400 -0.11948255 0.11144988
v -0.08738791 -0.11876168 0.10357122
v -0.08453058 -0.12013411 0.09969577
v -0.08275148 -0.12124315 0.09965319
v -0.08234714 -0.12104906 0.09577774
v -0.07978632 -0.12204719 0.09181711
v -0.07653812 -0.12382165 0.09177452
v -0.07399077 -0.12468115 0.08794166
v -0.07311471 -0.12405732 0.08027594
v -0.07111996 -0.12504159 0.08027594
v -0.07366730 -0.12443162 0.08487538
v -0.07058084 -0.12473661 0.07640050
v -0.07001477 -0.12441776 0.07248245
v -0.06961043 -0.12419595 0.06979946
v -0.06768307 -0.12493069 0.06852183
v -0.06703613 -0.12479206 0.06566848
v -0.06345097 -0.12640017 0.06566848
v -0.06284447 -0.12664970 0.06566848
v -0.14078778 -0.00045526 0.06566848
v -0.13988476 -0.00045526 0.07993524
v -0.01925659 -0.09942286 0.49729128
v -0.01925659 -0.10857240 0.47007795
v -0.02130525 -0.10927942 0.46667095
v -0.02134568 -0.10837833 0.47242025
v -0.02538908 -0.10811493 0.47595502
v -0.02912249 -0.10821197 0.47595502
v -0.02916293 -0.10901602 0.47084456
v -0.02137264 -0.10878035 0.46990761
v -0.03270764 -0.10897444 0.47075937
v -0.03644105 -0.10883580 0.47033350
v -0.04040358 -0.10823970 0.47212216
v -0.04388091 -0.10937646 0.46228448
v -0.04390786 -0.11000029 0.45811091
v -0.04663042 -0.11180248 0.44235359
v -0.04761432 -0.11317491 0.43085501
v -0.04753345 -0.11001415 0.45406511
v -0.04506697 -0.10826742 0.46854482
v -0.04753345 -0.10940418 0.45819609
v -0.04750649 -0.11058253 0.45006191
v -0.05536417 -0.11463052 0.40760232
v -0.05925932 -0.11267584 0.41535320
v -0.05928627 -0.11368783 0.40764491
v -0.05928627 -0.11418691 0.40376946
v -0.05760152 -0.11174702 0.42531865
v -0.05819455 -0.11191337 0.42301892
v -0.06841088 -0.11991230 0.33371326
v -0.07111996 -0.11838737 0.33763131
v -0.07113344 -0.11884485 0.33371326
v -0.07010911 -0.12060545 0.32208693
v -0.07066171 -0.12081339 0.31821148
v -0.06714395 -0.11848442 0.34925764
v -0.06575571 -0.11212133 0.40385464
v -0.06714395 -0.11895575 0.34542478
v -0.06308707 -0.11303628 0.40381205
v -0.06311403 -0.11352148 0.39993660
v -0.07415252 -0.12064704 0.30641477
v -0.07521727 -0.12142336 0.29466066
v -0.07524423 -0.12181153 0.29078521
v -0.07714463 -0.12034205 0.29674743
v -0.07734680 -0.12045295 0.29466066
v -0.07773767 -0.12064704 0.29082780
v -0.07847895 -0.12102134 0.28311949
v -0.08037935 -0.12003706 0.28311949
v -0.08308844 -0.11820715 0.28690976
v -0.08311539 -0.11853987 0.28307690
v -0.08319626 -0.11919142 0.27536858
v -0.09465256 -0.11752787 0.16613204
v -0.09459865 -0.11748628 0.16225658
v -0.09447735 -0.11737537 0.15446310
v -0.09439648 -0.11730606 0.15058766
v -0.09430214 -0.11723675 0.14671221
v -0.09419431 -0.11715357 0.14275158
v -0.09393823 -0.11697335 0.13495810
v -0.09377649 -0.11684859 0.13112524
v -0.09643166 -0.11596136 0.20518464
v -0.09622949 -0.11579500 0.21293554
v -0.09609471 -0.11568410 0.21685357
v -0.09594645 -0.11557319 0.22072903
v -0.09633731 -0.11587818 0.20906009
v -0.09656644 -0.11607226 0.19739116
v -0.09649905 -0.11601681 0.20130918
v -0.09666079 -0.11615544 0.18951249
v -0.09670122 -0.11616930 0.18559446
v -0.09662035 -0.11611385 0.19343053
v -0.09671470 -0.11618317 0.18163384
v -0.09672817 -0.11618317 0.17775838
v -0.09671470 -0.11618317 0.17392552
v -0.09668774 -0.11615544 0.17005009
v -0.09539386 -0.11517117 0.23244054
v -0.09578471 -0.11543457 0.22460447
v -0.09273868 -0.11608613 0.24398172
v -0.09500299 -0.11456120 0.24402430
v -0.08574360 -0.11668223 0.28686719
v -0.08772487 -0.11553160 0.28686719
v -0.08803486 -0.11571183 0.28299174
v -0.08709140 -0.11763877 0.26748992
v -0.08710488 -0.11797148 0.26361450
v -0.08922093 -0.11636338 0.26744736
v -0.08949049 -0.11652974 0.26357191
v -0.09029917 -0.11702880 0.25190295
v -0.09054177 -0.11720902 0.24794234
v -0.08833138 -0.11587818 0.27915888
v -0.08864137 -0.11603068 0.27528342
v -0.09252304 -0.11591977 0.24794234
v -0.09360128 -0.11670995 0.12720721
v -0.09341259 -0.11655746 0.12320399
v -0.09322390 -0.11639111 0.11924336
v -0.09310259 -0.11629406 0.11694364
v -0.09292737 -0.11616930 0.11434582
v -0.09272521 -0.11603068 0.11144988
v -0.09241521 -0.11585045 0.10753185
v -0.09048786 -0.11716744 0.10753185
v -0.09016439 -0.11694563 0.10361382
v -0.08982743 -0.11672382 0.09973836
v -0.08738791 -0.11831806 0.09973836
v -0.08736096 -0.11786058 0.09586291
v -0.08377581 -0.11963504 0.09194488
v -0.08191585 -0.12081339 0.09190228
v -0.08165976 -0.12067476 0.08964516
v -0.07994806 -0.12146495 0.08815461
v -0.07912590 -0.12138177 0.08410880
v -0.07613378 -0.12354439 0.08789908
v -0.07550032 -0.12280965 0.08023336
v -0.07545988 -0.12226900 0.07640050
v -0.07260254 -0.12375234 0.07640050
v -0.07525771 -0.12343349 0.08376810
v -0.07203646 -0.12341962 0.07248245
v -0.07114692 -0.12323941 0.06852183
v -0.06896348 -0.12384938 0.06566848
v -0.14609812 -0.00045526 0.06566848
v -0.13977693 -0.00045526 0.08227755
v -0.13166317 -0.00045526 0.49605624
v -0.01925659 -0.09940899 0.49831335
v -0.13972302 -0.00045526 0.08368293
v -0.01925659 -0.10790698 0.47425152
v -0.02123786 -0.10779608 0.47595502
v -0.02113003 -0.10717224 0.47957495
v -0.02529474 -0.10749109 0.47957495
v -0.02901467 -0.10760200 0.47957495
v -0.03272112 -0.10815652 0.47591243
v -0.03278851 -0.10857240 0.47331460
v -0.02918988 -0.10861399 0.47339976
v -0.03257286 -0.10754655 0.47957495
v -0.03654887 -0.10843378 0.47288871
v -0.04257354 -0.10847536 0.46909844
v -0.04039010 -0.10764359 0.47595502
v -0.04405612 -0.10800402 0.47105746
v -0.04757389 -0.11266198 0.43473046
v -0.05537765 -0.11307786 0.41922865
v -0.05140164 -0.10915465 0.45415030
v -0.05141512 -0.10972303 0.45014709
v -0.04424482 -0.10721384 0.47595502
v -0.04795127 -0.10661773 0.47599761
v -0.04792431 -0.10731088 0.47156851
v -0.05159033 -0.10584140 0.47604020
v -0.05039079 -0.10823970 0.46177343
v -0.05141512 -0.11026368 0.44622905
v -0.06010843 -0.11141431 0.42301892
v -0.06130797 -0.11177475 0.41778068
v -0.06179318 -0.11194110 0.41535320
v -0.05950192 -0.10943190 0.43864851
v -0.05544504 -0.10937646 0.44631423
v -0.05797891 -0.10821197 0.45027484
v -0.05873367 -0.10855855 0.44639939
v -0.05946148 -0.10998643 0.43468787
v -0.07266993 -0.11582273 0.35394226
v -0.07306080 -0.11598908 0.35130185
v -0.07333036 -0.11612771 0.34925764
v -0.07385599 -0.11637725 0.34538218
v -0.07591813 -0.11553160 0.34542478
v -0.07156474 -0.11956573 0.32591979
v -0.07206342 -0.11980140 0.32204434
v -0.07256211 -0.12002320 0.31816888
v -0.06704960 -0.11311945 0.39218569
v -0.07103909 -0.10921010 0.41164811
v -0.06444835 -0.11159453 0.41156293
v -0.06699569 -0.10970917 0.41927124
v -0.06700917 -0.11019437 0.41543838
v -0.06338359 -0.11241244 0.40790044
v -0.06311403 -0.11054094 0.42301892
v -0.06373401 -0.11133113 0.41539579
v -0.07523076 -0.11847055 0.32200174
v -0.07525771 -0.11888644 0.31812629
v -0.07613378 -0.11977367 0.30641477
v -0.07688855 -0.12018956 0.29934526
v -0.07909894 -0.11794376 0.31037538
v -0.07908547 -0.11877553 0.30249673
v -0.07967850 -0.11966277 0.29082780
v -0.08004241 -0.11985684 0.28695235
v -0.08304800 -0.11784672 0.29078521
v -0.08540665 -0.11650202 0.29074262
v -0.09664731 -0.11612771 0.16617463
v -0.09653949 -0.11601681 0.15838115
v -0.09647209 -0.11596136 0.15446310
v -0.09640470 -0.11589204 0.15058766
v -0.09631036 -0.11580887 0.14671221
v -0.09620253 -0.11572568 0.14275158
v -0.09608123 -0.11564251 0.13883355
v -0.09593298 -0.11554547 0.13500069
v -0.09578471 -0.11542071 0.13112524
v -0.09908683 -0.11407599 0.20518464
v -0.09908683 -0.11418691 0.20130918
v -0.09946421 -0.11367397 0.20906009
v -0.09884423 -0.11375715 0.21685357
v -0.09897901 -0.11385419 0.21297814
v -0.09854771 -0.11350762 0.22464706
v -0.09907335 -0.11429780 0.19739116
v -0.09903292 -0.11446416 0.18951249
v -0.09901944 -0.11451961 0.18559446
v -0.09904639 -0.11439484 0.19343053
v -0.09900596 -0.11454733 0.18163384
v -0.09899248 -0.11456120 0.17775838
v -0.09899248 -0.11454733 0.17392552
v -0.09899248 -0.11450575 0.17005009
v -0.09818380 -0.11323036 0.23248314
v -0.09837249 -0.11336899 0.22856511
v -0.09780642 -0.11292537 0.24019144
v -0.09498951 -0.11425622 0.24798494
v -0.09718643 -0.11244017 0.25194555
v -0.08741487 -0.11533753 0.29074262
v -0.09042047 -0.11314717 0.29457548
v -0.08942309 -0.11259266 0.30641477
v -0.09095959 -0.11390964 0.28299174
v -0.09074394 -0.11331353 0.29074262
v -0.09097306 -0.11424235 0.27915888
v -0.09201087 -0.11558706 0.25586359
v -0.09407301 -0.11291151 0.27136538
v -0.09497604 -0.11395123 0.25190295
v -0.09559602 -0.11528207 0.12716461
v -0.09542081 -0.11512958 0.12320399
v -0.09521864 -0.11497709 0.11924336
v -0.09466604 -0.11504640 0.11553827
v -0.09501647 -0.11440871 0.11144988
v -0.09500299 -0.11402055 0.10753185
v -0.09532646 -0.11334126 0.10348605
v -0.09473343 -0.11334126 0.09973836
v -0.09207827 -0.11564251 0.10361382
v -0.09175479 -0.11540684 0.09973836
v -0.08947701 -0.11647429 0.09586291
v -0.08926136 -0.11632180 0.09360578
v -0.08757661 -0.11723675 0.09215781
v -0.08312887 -0.11955186 0.08823978
v -0.08341191 -0.11880326 0.08419398
v -0.08102629 -0.12028660 0.08415139
v -0.08055457 -0.11999548 0.08031853
v -0.07812853 -0.12081339 0.07640050
v -0.07539249 -0.12170062 0.07248245
v -0.07475902 -0.12093815 0.06566848
v -0.07137605 -0.12265716 0.06566848
v -0.14611159 -0.00159202 0.06566848
v -0.14652942 -0.00045526 0.06843666
v -0.13247186 -0.00045526 0.49852632
v -0.13283576 -0.00045526 0.49959101
v -0.01925659 -0.10104482 0.49954842
v -0.01925659 -0.10762973 0.47595502
v -0.02166915 -0.10435807 0.49601365
v -0.02546995 -0.10462146 0.49601365
v -0.02900119 -0.10476009 0.49601365
v -0.02906858 -0.10555028 0.49145683
v -0.03254591 -0.10552255 0.49145683
v -0.03650844 -0.10796244 0.47591243
v -0.03636018 -0.10735247 0.47957495
v -0.04022837 -0.10704748 0.47957495
v -0.05539113 -0.10826742 0.45406511
v -0.05540461 -0.10883580 0.45018969
v -0.05160381 -0.10846151 0.45849421
v -0.05308639 -0.10789313 0.46006993
v -0.05543156 -0.10757428 0.45866455
v -0.04404264 -0.10661773 0.47953235
v -0.04552522 -0.10387286 0.49388429
v -0.04777605 -0.10603548 0.47948976
v -0.04765475 -0.10315199 0.49601365
v -0.05148251 -0.10531462 0.47944720
v -0.05539113 -0.10495417 0.47608280
v -0.06315446 -0.11000029 0.42689437
v -0.06082276 -0.10794857 0.44652714
v -0.05750717 -0.10800402 0.45257458
v -0.05950192 -0.10656228 0.45870714
v -0.05915149 -0.10731088 0.45423545
v -0.06009495 -0.10760200 0.45044518
v -0.07510945 -0.11447802 0.35705114
v -0.07316862 -0.10807334 0.41433112
v -0.07351905 -0.10826742 0.41169071
v -0.07470511 -0.11514344 0.35287757
v -0.07540597 -0.11528207 0.34930023
v -0.07826330 -0.11260653 0.36088400
v -0.07874851 -0.11285606 0.35705114
v -0.07911242 -0.11361852 0.34934282
v -0.07641682 -0.11576728 0.34154932
v -0.07520380 -0.11804080 0.32591979
v -0.07280471 -0.10787926 0.41688635
v -0.06696874 -0.10921010 0.42310410
v -0.07241385 -0.10769904 0.41935643
v -0.07734680 -0.11621089 0.33367067
v -0.07862721 -0.11690404 0.32200174
v -0.08013675 -0.11571183 0.32591979
v -0.08051413 -0.11594749 0.32200174
v -0.08125542 -0.11640497 0.31420824
v -0.08163281 -0.11661291 0.31037538
v -0.08237410 -0.11702880 0.30245416
v -0.08401841 -0.11571183 0.30645737
v -0.08436884 -0.11591977 0.30245416
v -0.08648489 -0.11313332 0.31816888
v -0.08701053 -0.11402055 0.30641477
v -0.08699706 -0.11442257 0.30245416
v -0.09899248 -0.11443644 0.16617463
v -0.09899248 -0.11435326 0.16229918
v -0.09897901 -0.11425622 0.15838115
v -0.09897901 -0.11414531 0.15446310
v -0.09934291 -0.11360466 0.14692514
v -0.09897901 -0.11400668 0.15058766
v -0.09874988 -0.11370170 0.13883355
v -0.09861510 -0.11359080 0.13500069
v -0.09845336 -0.11346602 0.13112524
v -0.09829163 -0.11332740 0.12716461
v -0.09812989 -0.11317491 0.12316141
v -0.10118939 -0.11266198 0.20130918
v -0.10108157 -0.11255107 0.20773988
v -0.10101418 -0.11249562 0.21033772
v -0.10081201 -0.11231540 0.21685357
v -0.10094679 -0.11242631 0.21297814
v -0.10066376 -0.11220450 0.22077161
v -0.10051550 -0.11207973 0.22464706
v -0.10124331 -0.11271743 0.19739116
v -0.10129722 -0.11275902 0.19347312
v -0.10133766 -0.11280060 0.18951249
v -0.10135113 -0.11282833 0.18559446
v -0.10136461 -0.11284219 0.18163384
v -0.10136461 -0.11285606 0.17775838
v -0.10135113 -0.11284219 0.17392552
v -0.10131070 -0.11281447 0.17005009
v -0.10125679 -0.11278675 0.16617463
v -0.10034029 -0.11194110 0.22856511
v -0.10013811 -0.11178861 0.23248314
v -0.09936986 -0.11113705 0.24802752
v -0.09856118 -0.11106774 0.25603393
v -0.09915422 -0.11097070 0.25194555
v -0.09672817 -0.11209359 0.25973905
v -0.09803554 -0.10912693 0.28299174
v -0.10025941 -0.10782381 0.27915888
v -0.08845268 -0.11201042 0.31816888
v -0.08895137 -0.11231540 0.31212147
v -0.09316999 -0.10869717 0.32221468
v -0.09331824 -0.10882194 0.32000013
v -0.09131002 -0.11329967 0.28716528
v -0.09326433 -0.11242631 0.28299174
v -0.09381693 -0.11274515 0.27528342
v -0.09573080 -0.11144204 0.27528342
v -0.09794120 -0.11300855 0.11924336
v -0.09748295 -0.11264811 0.11149247
v -0.09721339 -0.11244017 0.10753185
v -0.09699774 -0.11228768 0.10467850
v -0.09680905 -0.11213518 0.10212325
v -0.09626992 -0.11173316 0.09590550
v -0.09438300 -0.11309173 0.09590550
v -0.09140436 -0.11515731 0.09586291
v -0.09077090 -0.11510186 0.09220040
v -0.09109437 -0.11432553 0.08811202
v -0.08865485 -0.11597522 0.08806942
v -0.08676793 -0.11719516 0.08806942
v -0.08630968 -0.11693176 0.08419398
v -0.08585143 -0.11666837 0.08036112
v -0.08335800 -0.11827647 0.08036112
v -0.08005588 -0.11969049 0.07644308
v -0.07757593 -0.12050841 0.07248245
v -0.07690203 -0.12013411 0.06784044
v -0.07659204 -0.11994003 0.06566848
v -0.14574769 -0.01009001 0.06566848
v -0.14617898 -0.01006228 0.06839407
v -0.14654288 -0.00159202 0.06843666
v -0.14690680 -0.00045526 0.07090672
v -0.13430486 -0.00045526 0.49937805
v -0.13452051 -0.00515480 0.49950583
v -0.13216186 -0.01426276 0.50010204
v -0.01925659 -0.10229249 0.49976133
v -0.01925659 -0.10700589 0.47953235
v -0.01925659 -0.10466305 0.49290480
v -0.01925659 -0.10412239 0.49597106
v -0.01958006 -0.10374810 0.49810045
v -0.02169611 -0.10390059 0.49835595
v -0.02545647 -0.10410854 0.49865410
v -0.02904162 -0.10423331 0.49878181
v -0.03265373 -0.10421944 0.49878181
v -0.03251895 -0.10473237 0.49601365
v -0.03626584 -0.10453828 0.49601365
v -0.04010707 -0.10500963 0.49141424
v -0.05675241 -0.10776835 0.45534274
v -0.04301832 -0.10398377 0.49528969
v -0.04405612 -0.10363719 0.49635436
v -0.04442003 -0.10293019 0.49937805
v -0.04819387 -0.10233408 0.49933546
v -0.05160381 -0.10229249 0.49597106
v -0.05548547 -0.10438579 0.47944720
v -0.05749370 -0.10406695 0.47855284
v -0.06448878 -0.10787926 0.43886141
v -0.06180666 -0.10836446 0.44145927
v -0.06358575 -0.10707521 0.44674010
v -0.06343750 -0.10598004 0.45466135
v -0.06351837 -0.10653455 0.45065815
v -0.05819455 -0.10426103 0.47612536
v -0.06234578 -0.10441352 0.46739497
v -0.06334315 -0.10539779 0.45879233
v -0.05946148 -0.10592458 0.46296587
v -0.06089015 -0.10394218 0.47339976
v -0.07775114 -0.11235699 0.36471686
v -0.07400426 -0.10855855 0.40781525
v -0.07614726 -0.10767132 0.40790044
v -0.07509598 -0.10661773 0.41948421
v -0.07479946 -0.10724156 0.41565134
v -0.07566205 -0.10738019 0.41177589
v -0.07932807 -0.10625729 0.40798562
v -0.07940894 -0.11296696 0.35351637
v -0.08117456 -0.11221836 0.35240911
v -0.08152498 -0.11239858 0.34934282
v -0.08192932 -0.11263425 0.34550996
v -0.07916633 -0.11447802 0.34159192
v -0.07099866 -0.10661773 0.43102538
v -0.06748090 -0.10625729 0.44299242
v -0.07506902 -0.10609093 0.42335966
v -0.08275148 -0.11306400 0.33775905
v -0.08308844 -0.11415917 0.32604754
v -0.08368147 -0.11549002 0.31041797
v -0.08304800 -0.11460279 0.32208693
v -0.08614794 -0.11291151 0.32217208
v -0.10120288 -0.11273129 0.16225658
v -0.10114896 -0.11266198 0.15833855
v -0.10106810 -0.11259266 0.15446310
v -0.10093332 -0.11246790 0.14833053
v -0.10079854 -0.11234313 0.14275158
v -0.10067723 -0.11223222 0.13883355
v -0.10055593 -0.11212133 0.13500069
v -0.10039420 -0.11199655 0.13112524
v -0.10005724 -0.11169157 0.12316141
v -0.09986855 -0.11152522 0.11920079
v -0.10314370 -0.11101228 0.20518464
v -0.10554279 -0.10912693 0.20518464
v -0.10559670 -0.10919624 0.20135177
v -0.10326501 -0.11113705 0.19743374
v -0.10546192 -0.10904375 0.20906009
v -0.10304936 -0.11077662 0.21297814
v -0.10302241 -0.11058253 0.21689615
v -0.10299545 -0.11037459 0.22077161
v -0.10334588 -0.10984779 0.22464706
v -0.10282023 -0.11000029 0.22856511
v -0.10330544 -0.11119251 0.19347312
v -0.10334588 -0.11123409 0.18951249
v -0.10335935 -0.11126182 0.18559446
v -0.10337283 -0.11127568 0.18163384
v -0.10337283 -0.11128955 0.17775838
v -0.10335935 -0.11128955 0.17388295
v -0.10331892 -0.11126182 0.17005009
v -0.10326501 -0.11122023 0.16613204
v -0.10370979 -0.10747724 0.25198814
v -0.10427586 -0.10796244 0.24023403
v -0.10446455 -0.10811493 0.23640117
v -0.10465325 -0.10826742 0.23252572
v -0.10352109 -0.10731088 0.25590619
v -0.10135113 -0.10865559 0.25973905
v -0.10155330 -0.10882194 0.25586359
v -0.10234851 -0.10560574 0.28690976
v -0.10256416 -0.10577209 0.28303433
v -0.10114896 -0.10848923 0.26352932
v -0.09779294 -0.10896057 0.28682460
v -0.09980116 -0.10749109 0.28686719
v -0.08780574 -0.11155294 0.32613272
v -0.09073046 -0.10979235 0.32613272
v -0.09101350 -0.11002802 0.32217208
v -0.09288694 -0.10846151 0.32613272
v -0.09536690 -0.10726928 0.32221468
v -0.09507038 -0.10782381 0.31855216
v -0.09283303 -0.11217677 0.28865585
v -0.09451778 -0.11119251 0.28712269
v -0.09520516 -0.11112319 0.28299174
v -0.09965290 -0.11133113 0.11532533
v -0.09942378 -0.11112319 0.11144988
v -0.09916770 -0.11091524 0.10753185
v -0.09852075 -0.11095683 0.10348605
v -0.09881727 -0.11024982 0.09973836
v -0.09911379 -0.10948736 0.09586291
v -0.09843989 -0.10947350 0.09203005
v -0.09807598 -0.10919624 0.08811202
v -0.09589254 -0.11146976 0.09203005
v -0.09400562 -0.11284219 0.09203005
v -0.09360128 -0.11257879 0.08815461
v -0.09106741 -0.11378487 0.08427915
v -0.08779225 -0.11542071 0.08040370
v -0.08548752 -0.11646042 0.07755035
v -0.08362756 -0.11745856 0.07631531
v -0.08287278 -0.11733380 0.07256764
v -0.08194280 -0.11677927 0.06566848
v -0.07954372 -0.11935778 0.07252505
v -0.07886982 -0.11917757 0.06894771
v -0.07916633 -0.11845668 0.06566848
v -0.14554552 -0.01316758 0.06566848
v -0.14597682 -0.01313986 0.06839407
v -0.14675853 -0.01003456 0.07222693
v -0.14710897 -0.00159202 0.07222693
v -0.14767505 -0.00161975 0.07614497
v -0.14766157 -0.00045526 0.07614497
v -0.13473616 -0.00045526 0.49929287
v -0.13427790 -0.00941072 0.49950583
v -0.13136666 -0.02203987 0.50031497
v -0.13178447 -0.01821370 0.50022978
v -0.13473616 -0.00128703 0.49929287
v -0.13510006 -0.00045526 0.49767458
v -0.13535614 -0.00134249 0.49609883
v -0.13625918 -0.00167520 0.49111609
v -0.02544299 -0.10354016 0.49997429
v -0.02150742 -0.10341539 0.49967617
v -0.01925659 -0.10331835 0.49929287
v -0.01925659 -0.10381742 0.49754681
v -0.01925659 -0.10373424 0.49797267
v -0.01925659 -0.10365106 0.49831335
v -0.02921684 -0.10359561 0.50005947
v -0.03307155 -0.10358174 0.50010204
v -0.03698017 -0.10347084 0.50001688
v -0.03640061 -0.10405308 0.49865410
v -0.03936578 -0.10384514 0.49839854
v -0.04032271 -0.10410854 0.49639692
v -0.04171095 -0.10363719 0.49797267
v -0.04088879 -0.10334608 0.49933546
v -0.05324813 -0.10019919 0.50048534
v -0.05679284 -0.09964466 0.50022978
v -0.05194076 -0.10147457 0.49920771
v -0.05541808 -0.10128050 0.49592846
v -0.05555286 -0.10225090 0.49103094
v -0.05901671 -0.10351243 0.47936201
v -0.06020278 -0.10372037 0.47608280
v -0.06479878 -0.10401150 0.46475452
v -0.06543224 -0.10421944 0.46185858
v -0.06614658 -0.10442739 0.45874974
v -0.06319490 -0.10286087 0.47604020
v -0.06420575 -0.10381742 0.46739497
v -0.06318141 -0.10236181 0.47927683
v -0.07923372 -0.10581368 0.41181848
v -0.07829026 -0.10467692 0.42335966
v -0.07913938 -0.10534234 0.41569394
v -0.08182150 -0.10455215 0.41177589
v -0.08016370 -0.11167771 0.36088400
v -0.08296713 -0.11067957 0.35709373
v -0.08354669 -0.11130341 0.34934282
v -0.08232019 -0.10477396 0.40794303
v -0.08281887 -0.10498190 0.40411017
v -0.08351973 -0.10506508 0.40040506
v -0.08393754 -0.11153908 0.34550996
v -0.08470579 -0.11199655 0.33780165
v -0.07106605 -0.10602162 0.43498599
v -0.06734612 -0.10574436 0.44682529
v -0.07044606 -0.10453828 0.44674010
v -0.07113344 -0.10541166 0.43898919
v -0.07446251 -0.10464919 0.43498599
v -0.07638986 -0.10381742 0.43498599
v -0.07765679 -0.10439966 0.42723508
v -0.10322457 -0.11115091 0.16225658
v -0.10315719 -0.11109546 0.15833855
v -0.10308979 -0.11101228 0.15442052
v -0.10543497 -0.10915465 0.15437793
v -0.10527323 -0.10896057 0.14671221
v -0.10516541 -0.10884966 0.14275158
v -0.10333240 -0.10990325 0.13525622
v -0.10279328 -0.11006960 0.13112524
v -0.10263154 -0.10991711 0.12712203
v -0.10246981 -0.10975075 0.12316141
v -0.10426238 -0.10797630 0.11920079
v -0.10207895 -0.10939032 0.11532533
v -0.10760493 -0.10746337 0.20522723
v -0.10767232 -0.10751882 0.20135177
v -0.10563713 -0.10926555 0.19743374
v -0.10752406 -0.10738019 0.20910268
v -0.10536757 -0.10894671 0.21297814
v -0.10525975 -0.10882194 0.21689615
v -0.10503063 -0.10860013 0.22332685
v -0.10492281 -0.10851695 0.22592469
v -0.10481498 -0.10841991 0.22860768
v -0.10567757 -0.10932101 0.19347312
v -0.10569105 -0.10937646 0.18951249
v -0.10569105 -0.10941805 0.18559446
v -0.10570453 -0.10943190 0.18163384
v -0.10569105 -0.10944577 0.17771581
v -0.10567757 -0.10944577 0.17388295
v -0.10565062 -0.10940418 0.17000749
v -0.10561019 -0.10936259 0.16613204
v -0.10555627 -0.10930714 0.16221401
v -0.10606844 -0.10563346 0.25198814
v -0.10695798 -0.10670090 0.22860768
v -0.10676929 -0.10627116 0.23640117
v -0.10528671 -0.10498190 0.26748992
v -0.10548888 -0.10514826 0.26357191
v -0.10587975 -0.10546710 0.25590619
v -0.10446455 -0.10433035 0.28303433
v -0.10213286 -0.10542551 0.29074262
v -0.10403326 -0.10399763 0.29078521
v -0.09753686 -0.10878035 0.29070005
v -0.10120288 -0.10469078 0.30645737
v -0.10167460 -0.10506508 0.29853612
v -0.08709140 -0.11065185 0.33780165
v -0.08954440 -0.10876648 0.34167710
v -0.08984091 -0.10902988 0.33780165
v -0.09015091 -0.10927942 0.33388360
v -0.09259043 -0.10822583 0.33000818
v -0.09528603 -0.10647910 0.33000818
v -0.09533994 -0.10686726 0.32609013
v -0.09757729 -0.10491259 0.32992299
v -0.09790076 -0.10510666 0.32604754
v -0.09823771 -0.10528689 0.32217208
v -0.09856118 -0.10546710 0.31825407
v -0.09581167 -0.10772677 0.31433602
v -0.09728077 -0.10860013 0.29453292
v -0.10184982 -0.10918237 0.11144988
v -0.10160722 -0.10897444 0.10748925
v -0.10133766 -0.10872490 0.10357122
v -0.10105461 -0.10846151 0.09969577
v -0.10063680 -0.10808720 0.09458529
v -0.10005724 -0.10761586 0.08811202
v -0.09771207 -0.10890512 0.08427915
v -0.09548820 -0.11119251 0.08815461
v -0.09509733 -0.11090138 0.08427915
v -0.09318346 -0.11230154 0.08427915
v -0.09125611 -0.11310560 0.08070182
v -0.09038003 -0.11306400 0.07652826
v -0.08986787 -0.11277288 0.07261022
v -0.08721270 -0.11454733 0.07261022
v -0.08486753 -0.11605840 0.07256764
v -0.08435537 -0.11573955 0.06864959
v -0.08396450 -0.11549002 0.06566848
v -0.14454814 -0.02138831 0.06566848
v -0.14497944 -0.02137445 0.06835149
v -0.14555899 -0.02140217 0.07222693
v -0.14654288 -0.01312599 0.07222693
v -0.14803895 -0.01332008 0.08283118
v -0.14786373 -0.01013160 0.08006300
v -0.14879372 -0.00168906 0.08402363
v -0.14838937 -0.00167520 0.08117028
v -0.14878024 -0.00045526 0.08402363
v -0.13487093 -0.00045526 0.49873925
v -0.13380618 -0.01352802 0.49946324
v -0.13492484 -0.00934141 0.49575815
v -0.13516746 -0.01086633 0.49362876
v -0.13313227 -0.01749282 0.49933546
v -0.13088145 -0.02550561 0.50005947
v -0.12705369 -0.03720594 0.50035756
v -0.12346854 -0.04535735 0.50040016
v -0.11954644 -0.05324537 0.50044275
v -0.06517616 -0.09631756 0.50069827
v -0.13495181 -0.00045526 0.49839854
v -0.13627266 -0.00045526 0.49111609
v -0.13600308 -0.00521025 0.49111609
v -0.13867173 -0.00146725 0.47616795
v -0.13814609 -0.00953549 0.47621054
v -0.06842436 -0.09565214 0.50052793
v -0.06382836 -0.09792566 0.49946324
v -0.05997365 -0.09907628 0.49942064
v -0.06300620 -0.09915946 0.49563038
v -0.06159101 -0.09994965 0.49413981
v -0.05943453 -0.10121118 0.49094578
v -0.06696874 -0.10157162 0.47595502
v -0.06692830 -0.10107255 0.47914905
v -0.06415184 -0.09961694 0.49205304
v -0.06518964 -0.09997738 0.48822018
v -0.08128238 -0.10431648 0.41565134
v -0.08020414 -0.10378969 0.42335966
v -0.07926068 -0.10480168 0.41922865
v -0.08064891 -0.10399763 0.42029335
v -0.08320973 -0.10330448 0.41560875
v -0.08368147 -0.10355401 0.41177589
v -0.08657924 -0.10914079 0.35326087
v -0.08513709 -0.10431648 0.39921261
v -0.08412624 -0.10380355 0.40790044
v -0.08457101 -0.10403922 0.40402498
v -0.08707792 -0.10977848 0.34550996
v -0.07234646 -0.10378969 0.44669751
v -0.07490728 -0.10213999 0.45057296
v -0.07880242 -0.10212613 0.43886141
v -0.07479946 -0.09791180 0.47910649
v -0.07757593 -0.09663641 0.47914905
v -0.07961110 -0.10349857 0.42719252
v -0.10550236 -0.10923782 0.15829598
v -0.10759145 -0.10753268 0.15829598
v -0.10751058 -0.10744951 0.15437793
v -0.10741624 -0.10736633 0.15054507
v -0.10730841 -0.10728315 0.14671221
v -0.10718711 -0.10717224 0.14275158
v -0.10706581 -0.10704748 0.13879096
v -0.10499019 -0.10864172 0.13670419
v -0.10490932 -0.10855855 0.13419153
v -0.10480150 -0.10844764 0.13112524
v -0.10445107 -0.10814266 0.12311882
v -0.10648625 -0.10613253 0.11915819
v -0.10628408 -0.10595231 0.11528274
v -0.10406021 -0.10778222 0.11528274
v -0.10384456 -0.10757428 0.11140730
v -0.10984228 -0.10561959 0.20526982
v -0.10974793 -0.10555028 0.20914527
v -0.10990966 -0.10567505 0.20139437
v -0.10772623 -0.10757428 0.19743374
v -0.10741624 -0.10728315 0.21302071
v -0.10965359 -0.10545324 0.21306329
v -0.10729494 -0.10718611 0.21693874
v -0.10662103 -0.10724156 0.22464706
v -0.10714668 -0.10706135 0.22081420
v -0.10776666 -0.10762973 0.19347312
v -0.10778014 -0.10767132 0.18955509
v -0.10780710 -0.10772677 0.18163384
v -0.10780710 -0.10772677 0.17771581
v -0.10779362 -0.10772677 0.17388295
v -0.10776666 -0.10769904 0.17000749
v -0.10771275 -0.10765745 0.16608945
v -0.10765884 -0.10760200 0.16221401
v -0.10799579 -0.10405308 0.25198814
v -0.10884490 -0.10477396 0.23393111
v -0.10729494 -0.10613253 0.23256831
v -0.10907403 -0.10498190 0.22865028
v -0.10761841 -0.10372037 0.25973905
v -0.10780710 -0.10388673 0.25590619
v -0.10652669 -0.10227863 0.28690976
v -0.10654016 -0.10261134 0.28303433
v -0.10625713 -0.10180728 0.29461807
v -0.10380413 -0.10381742 0.29461807
v -0.10558322 -0.10126663 0.30641477
v -0.10581235 -0.10144685 0.30245416
v -0.10028637 -0.10419171 0.31821148
v -0.10308979 -0.10326289 0.30641477
v -0.09164697 -0.10747724 0.34171969
v -0.08880311 -0.10819810 0.35032233
v -0.09066307 -0.10719997 0.34921505
v -0.09395171 -0.10512053 0.34942801
v -0.09431561 -0.10532847 0.34555255
v -0.09655296 -0.10428875 0.34163451
v -0.09730773 -0.10476009 0.33303187
v -0.09621601 -0.10406695 0.34550996
v -0.09938335 -0.10358174 0.32988040
v -0.09997638 -0.10401150 0.32208693
v -0.10358848 -0.10736633 0.10748925
v -0.10331892 -0.10711679 0.10357122
v -0.10303588 -0.10685340 0.09969577
v -0.10496324 -0.10476009 0.09582033
v -0.10233503 -0.10577209 0.08811202
v -0.10198460 -0.10546710 0.08427915
v -0.09969333 -0.10731088 0.08427915
v -0.09734817 -0.10858627 0.08044629
v -0.09447735 -0.11079048 0.08074440
v -0.09264434 -0.11195497 0.07963714
v -0.09225348 -0.11173316 0.07657084
v -0.09178175 -0.11141431 0.07261022
v -0.08946353 -0.11252335 0.06941617
v -0.08759009 -0.11359080 0.06830890
v -0.08628272 -0.11399282 0.06566848
v -0.14407642 -0.02463224 0.06566848
v -0.14446728 -0.02486791 0.06830890
v -0.14507380 -0.02493723 0.07222693
v -0.14612507 -0.02147149 0.07618755
v -0.14817372 -0.01018705 0.08227755
v -0.14875329 -0.01337553 0.08794166
v -0.14987196 -0.00166133 0.09181711
v -0.14985849 -0.00045526 0.09181711
v -0.13445312 -0.01334780 0.49597106
v -0.13381964 -0.01728488 0.49592846
v -0.13562571 -0.00948004 0.49149940
v -0.13771480 -0.01347257 0.47621054
v -0.13241793 -0.02129127 0.49916512
v -0.13314575 -0.02108333 0.49588590
v -0.13036928 -0.02873568 0.49929287
v -0.12926408 -0.03267275 0.49933546
v -0.12818584 -0.03599986 0.49899478
v -0.12628544 -0.04032510 0.49937805
v -0.12263291 -0.04844879 0.49954842
v -0.11179659 -0.06466844 0.50035756
v -0.10435673 -0.07298621 0.50044275
v -0.12094816 -0.05195612 0.49916512
v -0.11848168 -0.05615659 0.49942064
v -0.11520652 -0.06050956 0.50005947
v -0.08470579 -0.08818001 0.50044275
v -0.07674029 -0.09215868 0.50044275
v -0.13867173 -0.00045526 0.47616795
v -0.13925129 -0.00145339 0.47220734
v -0.13869869 -0.00970185 0.47220734
v -0.07159169 -0.09497285 0.49946324
v -0.06721134 -0.09684435 0.49907996
v -0.06700917 -0.09780089 0.49571556
v -0.07130865 -0.09935355 0.47910649
v -0.06983955 -0.10043486 0.47591243
v -0.06675309 -0.09903470 0.49030695
v -0.07095823 -0.09737115 0.49056248
v -0.08284583 -0.10241726 0.42331707
v -0.08165976 -0.10071211 0.43881885
v -0.08279191 -0.10189046 0.42714993
v -0.07957067 -0.09567986 0.47919164
v -0.08275148 -0.09405790 0.47919164
v -0.08571665 -0.10083688 0.42327447
v -0.08621533 -0.10110028 0.41944161
v -0.08675445 -0.10183501 0.41173330
v -0.08853355 -0.10800402 0.35326087
v -0.08733400 -0.10919624 0.34917248
v -0.08678141 -0.10230635 0.40785784
v -0.07183430 -0.09963080 0.47591243
v -0.07280471 -0.10015759 0.46973727
v -0.07479946 -0.09741273 0.48178949
v -0.07709072 -0.09637301 0.48174690
v -0.07881591 -0.09396086 0.49043473
v -0.10982880 -0.10568891 0.15829598
v -0.10973445 -0.10560574 0.15442052
v -0.10964011 -0.10552255 0.15058766
v -0.10951881 -0.10543938 0.14671221
v -0.10938403 -0.10534234 0.14275158
v -0.10924925 -0.10523144 0.13879096
v -0.10658060 -0.10724156 0.13525622
v -0.10911446 -0.10510666 0.13495810
v -0.10899316 -0.10500963 0.13210475
v -0.10683668 -0.10646524 0.12712203
v -0.10667494 -0.10629888 0.12311882
v -0.10861578 -0.10464919 0.12311882
v -0.10842709 -0.10446897 0.11915819
v -0.10821144 -0.10427489 0.11524016
v -0.10606844 -0.10574436 0.11140730
v -0.10583931 -0.10552255 0.10748925
v -0.11175615 -0.10388673 0.20531241
v -0.11166181 -0.10381742 0.20914527
v -0.11182355 -0.10394218 0.20143696
v -0.11187746 -0.10399763 0.19751891
v -0.10997706 -0.10571664 0.19751891
v -0.10953228 -0.10535620 0.21693874
v -0.11145964 -0.10360947 0.21698134
v -0.11156746 -0.10372037 0.21306329
v -0.10939750 -0.10523144 0.22081420
v -0.11001749 -0.10575823 0.19355830
v -0.11003097 -0.10579982 0.18959766
v -0.11005793 -0.10582755 0.18563706
v -0.11007140 -0.10584140 0.18167642
v -0.11005793 -0.10585527 0.17775838
v -0.11004444 -0.10585527 0.17392552
v -0.10996358 -0.10579982 0.16613204
v -0.11348134 -0.09756522 0.27140797
v -0.11278049 -0.09689980 0.28690976
v -0.11330612 -0.09739887 0.27532602
v -0.11365656 -0.09773158 0.26744736
v -0.11396655 -0.09806429 0.25973905
v -0.11427654 -0.09839700 0.25194555
v -0.11101487 -0.10320744 0.22860768
v -0.11116312 -0.10335993 0.22473223
v -0.10881795 -0.10068439 0.28303433
v -0.10821144 -0.10015759 0.29461807
v -0.10850796 -0.10039326 0.28925208
v -0.10798231 -0.09999124 0.29849352
v -0.10531366 -0.10108642 0.31033282
v -0.10699841 -0.09928423 0.31420824
v -0.10943794 -0.09724637 0.31416568
v -0.10966706 -0.09744046 0.31029023
v -0.10776666 -0.09979716 0.30245416
v -0.10267198 -0.10236181 0.31816888
v -0.10477454 -0.10071211 0.31808370
v -0.09098655 -0.10652069 0.35330346
v -0.09357433 -0.10488486 0.35334603
v -0.09551515 -0.10358174 0.35330346
v -0.09586558 -0.10383128 0.34938542
v -0.09854771 -0.10193205 0.34938542
v -0.09869596 -0.10360947 0.33409656
v -0.09821076 -0.10168252 0.35330346
v -0.10067723 -0.10065666 0.34661722
v -0.10133766 -0.10119732 0.33767390
v -0.10199807 -0.10159935 0.32979524
v -0.10234851 -0.10176570 0.32591979
v -0.10556975 -0.10528689 0.10357122
v -0.10527323 -0.10503735 0.09969577
v -0.10687712 -0.10301336 0.09582033
v -0.10623017 -0.10299951 0.09194488
v -0.10450498 -0.10437193 0.09066726
v -0.10748362 -0.10359561 0.10352863
v -0.10718711 -0.10330448 0.09965319
v -0.10426238 -0.10417785 0.08811202
v -0.10391195 -0.10385900 0.08427915
v -0.10160722 -0.10514826 0.08044629
v -0.09703817 -0.10832287 0.07742259
v -0.09675514 -0.10808720 0.07473958
v -0.09521864 -0.10948736 0.07627274
v -0.09408649 -0.10902988 0.06864959
v -0.09369562 -0.10879421 0.06566848
v -0.09089220 -0.11130341 0.06830890
v -0.08896484 -0.11221836 0.06566848
v -0.08709140 -0.11346602 0.06566848
v -0.14377989 -0.02614330 0.06566848
v -0.14383381 -0.02637897 0.06626470
v -0.14279601 -0.03340749 0.06835149
v -0.14375295 -0.03465516 0.07618755
v -0.14512769 -0.03351839 0.08402363
v -0.14569378 -0.03351839 0.08794166
v -0.14617898 -0.02506199 0.08010560
v -0.14818720 -0.02402227 0.09330768
v -0.14666419 -0.02155467 0.08010560
v -0.14929241 -0.01338939 0.09181711
v -0.14895545 -0.01020091 0.08794166
v -0.14948109 -0.01021477 0.09181711
v -0.15039761 -0.00164747 0.09573515
v -0.15018196 -0.00045526 0.09428717
v -0.13660960 -0.01743737 0.47906389
v -0.13400834 -0.02108333 0.49090319
v -0.13598962 -0.02126355 0.47897874
v -0.13706785 -0.01746510 0.47625311
v -0.13828086 -0.01341711 0.47220734
v -0.13169013 -0.02465997 0.49873925
v -0.13235055 -0.02452134 0.49584331
v -0.13329401 -0.02454906 0.49081800
v -0.13084102 -0.02930406 0.49690798
v -0.13045016 -0.03185484 0.49554519
v -0.12906191 -0.03581964 0.49571556
v -0.12745804 -0.03819021 0.49848373
v -0.12478939 -0.04408196 0.49912256
v -0.12380549 -0.04652184 0.49861150
v -0.12306420 -0.04900331 0.49707835
v -0.10825187 -0.06881346 0.50027238
v -0.11040835 -0.06720537 0.49933546
v -0.10674234 -0.07136425 0.49950583
v -0.09620253 -0.08033358 0.50040016
v -0.10267198 -0.07541223 0.49954842
v -0.10025941 -0.07682625 0.50035756
v -0.12224205 -0.05127683 0.49554519
v -0.12016643 -0.05489506 0.49571556
v -0.11978905 -0.05425736 0.49856891
v -0.11906123 -0.05680815 0.49575815
v -0.11650041 -0.05938666 0.49873925
v -0.11388568 -0.06288012 0.49899478
v -0.09207827 -0.08375772 0.49997429
v -0.08760356 -0.08711256 0.49942064
v -0.08335800 -0.08967721 0.49916512
v -0.07979980 -0.09135462 0.49950583
v -0.07535205 -0.09353110 0.49912256
v -0.13925129 -0.00045526 0.47220734
v -0.13941303 -0.00045526 0.47092971
v -0.13969606 -0.00142567 0.46867257
v -0.13926476 -0.00984047 0.46782084
v -0.06947565 -0.09615120 0.49848373
v -0.07080996 -0.09642846 0.49528969
v -0.07288558 -0.09604030 0.49341583
v -0.07210386 -0.09561055 0.49660989
v -0.08521796 -0.10055962 0.42710734
v -0.08450362 -0.10015759 0.43247335
v -0.08485405 -0.10035168 0.42987550
v -0.08542013 -0.09261615 0.47914905
v -0.08137673 -0.09263001 0.49047732
v -0.08347929 -0.09152098 0.49056248
v -0.08764400 -0.09972784 0.42327447
v -0.08635011 -0.09932581 0.43111054
v -0.08717227 -0.09943673 0.42714993
v -0.08810225 -0.10000510 0.41944161
v -0.08699706 -0.10118346 0.41552357
v -0.08893789 -0.10051804 0.41169071
v -0.08934223 -0.10076757 0.40781525
v -0.08839877 -0.10018532 0.41675860
v -0.08866833 -0.10036554 0.41416078
v -0.09093263 -0.10607708 0.35717889
v -0.07545988 -0.09549964 0.49039214
v -0.07450294 -0.09493126 0.49520451
v -0.08082413 -0.09229730 0.49362876
v -0.11185050 -0.10401150 0.16225658
v -0.11176963 -0.10394218 0.15833855
v -0.11168877 -0.10385900 0.15446310
v -0.11158094 -0.10377582 0.15063024
v -0.11145964 -0.10367878 0.14675480
v -0.11133834 -0.10356788 0.14279418
v -0.11119008 -0.10345697 0.13883355
v -0.11105530 -0.10333221 0.13500069
v -0.11052965 -0.10351243 0.13091230
v -0.10879099 -0.10481555 0.12712203
v -0.11116312 -0.10226477 0.12299105
v -0.11294222 -0.10094778 0.12707944
v -0.11500436 -0.09828610 0.11915819
v -0.11039488 -0.10222317 0.11524016
v -0.11420915 -0.09823064 0.11136471
v -0.10799579 -0.10406695 0.11136471
v -0.10775319 -0.10384514 0.10744668
v -0.11783474 -0.09811974 0.20526982
v -0.11399350 -0.10189046 0.20143696
v -0.11384524 -0.10175184 0.20914527
v -0.11775386 -0.09805043 0.20914527
v -0.11375090 -0.10166866 0.21306329
v -0.11794256 -0.09824450 0.19751891
v -0.11193137 -0.10403922 0.19360088
v -0.11755170 -0.09787021 0.21693874
v -0.11132486 -0.10348470 0.22081420
v -0.11350830 -0.10144685 0.22081420
v -0.11730909 -0.09763454 0.22468965
v -0.11743039 -0.09775930 0.22081420
v -0.11201224 -0.10412239 0.18171901
v -0.11201224 -0.10412239 0.17780098
v -0.11199876 -0.10412239 0.17392552
v -0.11191789 -0.10406695 0.16617463
v -0.11608259 -0.09640073 0.25590619
v -0.11059705 -0.09879903 0.28690976
v -0.11259179 -0.09671958 0.29078521
v -0.11492349 -0.09512535 0.28307690
v -0.11508522 -0.09531942 0.27920147
v -0.11526043 -0.09549964 0.27532602
v -0.11543565 -0.09567986 0.27140797
v -0.11623086 -0.09658095 0.25194555
v -0.11660824 -0.09698298 0.24240599
v -0.11670258 -0.09706615 0.24019144
v -0.11701258 -0.09735728 0.23248314
v -0.11319830 -0.10118346 0.22860768
v -0.11336003 -0.10132208 0.22468965
v -0.11717431 -0.09749591 0.22856511
v -0.11005793 -0.09893766 0.29061487
v -0.11009836 -0.09781476 0.30245416
v -0.10989619 -0.09762068 0.30637218
v -0.10672885 -0.09909015 0.31808370
v -0.10918185 -0.09705230 0.31804110
v -0.11135181 -0.09555510 0.31416568
v -0.11202572 -0.09613734 0.30241157
v -0.10296849 -0.10171024 0.32204434
v -0.10458585 -0.10058735 0.32068155
v -0.09319693 -0.10464919 0.35722148
v -0.09436952 -0.09749591 0.40781525
v -0.09632383 -0.09615120 0.40781525
v -0.09753686 -0.10118346 0.36105434
v -0.10016507 -0.10025464 0.35330346
v -0.10260459 -0.09834155 0.35334603
v -0.10387152 -0.10012987 0.32975265
v -0.10419499 -0.10032395 0.32583460
v -0.10908751 -0.10096165 0.09582033
v -0.10873708 -0.10065666 0.09194488
v -0.10852143 -0.10046258 0.08955999
v -0.10680973 -0.10183501 0.08819719
v -0.10969402 -0.10153003 0.10352863
v -0.11137877 -0.09940899 0.09965319
v -0.10939750 -0.10125277 0.09965319
v -0.10606844 -0.10184888 0.08423656
v -0.10567757 -0.10153003 0.08044629
v -0.10353457 -0.10351243 0.08044629
v -0.10118939 -0.10481555 0.07652826
v -0.10089288 -0.10457988 0.07376008
v -0.09842640 -0.10568891 0.06864959
v -0.09748295 -0.10589686 0.06566848
v -0.09605427 -0.10754655 0.06864959
v -0.09135045 -0.11049936 0.06566848
v -0.09539386 -0.10750496 0.06566848
v -0.14235124 -0.03342135 0.06566848
v -0.14206820 -0.03667915 0.06835149
v -0.14388772 -0.03545921 0.07818917
v -0.14557247 -0.03676232 0.09185971
v -0.14612507 -0.03679005 0.09577774
v -0.14624638 -0.03351839 0.09185971
v -0.14671810 -0.02508972 0.08402363
v -0.14764809 -0.02883272 0.09569257
v -0.14782330 -0.02503427 0.09194488
v -0.14887459 -0.02507586 0.09965319
v -0.14933284 -0.02161012 0.09965319
v -0.14880720 -0.02161012 0.09569257
v -0.14720331 -0.02159626 0.08402363
v -0.14981804 -0.01343098 0.09573515
v -0.14999326 -0.01024250 0.09573515
v -0.15050543 -0.01025636 0.09969577
v -0.15089628 -0.00163361 0.09965319
v -0.15088280 -0.00045526 0.09965319
v -0.15069412 -0.00045526 0.09820522
v -0.13543702 -0.02407773 0.47893615
v -0.13642091 -0.02134672 0.47625311
v -0.13884695 -0.01326463 0.46790602
v -0.13759349 -0.01742351 0.47229250
v -0.13117796 -0.03037151 0.49396947
v -0.13235055 -0.02825047 0.49069022
v -0.13514049 -0.02593536 0.47804179
v -0.13338835 -0.03229845 0.47889355
v -0.13088145 -0.03292229 0.49166974
v -0.12694587 -0.04115688 0.49571556
v -0.13028842 -0.03554238 0.48996627
v -0.12826672 -0.04020034 0.49094578
v -0.12721543 -0.04175298 0.49320289
v -0.12585415 -0.04379084 0.49567297
v -0.12407505 -0.04770019 0.49550260
v -0.12349550 -0.04973805 0.49384172
v -0.11214702 -0.06534772 0.49861150
v -0.11255136 -0.06588838 0.49558778
v -0.11086660 -0.06785692 0.49558778
v -0.10481498 -0.07356846 0.49886700
v -0.10899316 -0.06997795 0.49567297
v -0.10718711 -0.07196035 0.49571556
v -0.09858814 -0.07901659 0.49937805
v -0.10365588 -0.07647968 0.49188270
v -0.10114896 -0.07776893 0.49567297
v -0.09911379 -0.07958498 0.49563038
v -0.12278117 -0.05239973 0.49034954
v -0.12071903 -0.05587933 0.49077541
v -0.11941167 -0.05732108 0.49290480
v -0.11860298 -0.05923416 0.49086060
v -0.11740344 -0.05923416 0.49571556
v -0.11446524 -0.06336532 0.49563038
v -0.09670122 -0.08079106 0.49865410
v -0.09428865 -0.08248233 0.49895218
v -0.09082481 -0.08510243 0.49865410
v -0.08802138 -0.08776412 0.49580072
v -0.08609403 -0.08892861 0.49575815
v -0.08554143 -0.08855430 0.49856891
v -0.08246844 -0.09102191 0.49541744
v -0.08015023 -0.09185368 0.49678023
v -0.07880242 -0.09286568 0.49533226
v -0.13969606 -0.00045526 0.46862998
v -0.13987127 -0.00045526 0.46709685
v -0.13995215 -0.00045526 0.46637287
v -0.13995215 -0.00138407 0.46637287
v -0.13964216 -0.00988206 0.46449903
v -0.13980388 -0.01194764 0.46151790
v -0.08661967 -0.09860495 0.43490081
v -0.08585143 -0.09283796 0.47608280
v -0.08744183 -0.09146552 0.47919164
v -0.08709140 -0.08938608 0.49086060
v -0.09005656 -0.09713547 0.43102538
v -0.08958483 -0.09684435 0.43490081
v -0.08761704 -0.09567986 0.45053037
v -0.09058221 -0.09791180 0.42331707
v -0.09059568 -0.09843859 0.41948421
v -0.09095959 -0.09924264 0.41173330
v -0.09135045 -0.09949217 0.40781525
v -0.09025874 -0.09918719 0.41552357
v -0.11403394 -0.10195978 0.16225658
v -0.11396655 -0.10189046 0.15833855
v -0.11387221 -0.10180728 0.15446310
v -0.11365656 -0.10164093 0.14675480
v -0.11340047 -0.10140526 0.13883355
v -0.11326569 -0.10126663 0.13500069
v -0.11311743 -0.10111414 0.13108266
v -0.11282092 -0.10082301 0.12426867
v -0.11666215 -0.09685822 0.12052099
v -0.11693171 -0.09717706 0.12703685
v -0.11652737 -0.09671958 0.11792316
v -0.11398003 -0.09800884 0.10744668
v -0.11637911 -0.09656709 0.11519757
v -0.11372394 -0.09775930 0.10352863
v -0.11981600 -0.09604030 0.20526982
v -0.11986991 -0.09612348 0.20139437
v -0.11788865 -0.09818906 0.20139437
v -0.11765952 -0.09796725 0.21306329
v -0.11974861 -0.09595712 0.20910268
v -0.11992382 -0.09619279 0.19747632
v -0.11996426 -0.09624824 0.19355830
v -0.11798299 -0.09828610 0.19355830
v -0.11414176 -0.10201523 0.18964026
v -0.11954644 -0.09574918 0.21693874
v -0.11965426 -0.09586008 0.21302071
v -0.11943861 -0.09562441 0.22081420
v -0.11931732 -0.09548578 0.22468965
v -0.11416871 -0.10204296 0.18567963
v -0.11807734 -0.09832768 0.18563706
v -0.11811777 -0.09834155 0.17775838
v -0.11419568 -0.10207068 0.17780098
v -0.11418220 -0.10207068 0.17392552
v -0.11415524 -0.10205681 0.17005009
v -0.11410133 -0.10201523 0.16617463
v -0.12120424 -0.09005150 0.26748992
v -0.12057077 -0.08937222 0.28307690
v -0.12089424 -0.08970493 0.27532602
v -0.11474827 -0.09493126 0.28690976
v -0.11078574 -0.09791180 0.29491619
v -0.11232223 -0.09644233 0.29636416
v -0.11759213 -0.09019013 0.30641477
v -0.11776734 -0.09039808 0.30245416
v -0.12031469 -0.08908110 0.28920949
v -0.12040904 -0.08919200 0.28695235
v -0.12150075 -0.09035649 0.25978164
v -0.12164901 -0.09050898 0.25590619
v -0.12179727 -0.09066148 0.25198814
v -0.11918254 -0.09533329 0.22856511
v -0.10612235 -0.09917333 0.32195915
v -0.10891229 -0.09685822 0.32191656
v -0.11109573 -0.09534715 0.31804110
v -0.11658128 -0.08915041 0.32579201
v -0.11681040 -0.08937222 0.32191656
v -0.11701258 -0.08959403 0.31804110
v -0.11740344 -0.08999606 0.31029023
v -0.10439716 -0.10044872 0.32327937
v -0.10647278 -0.09845246 0.32579201
v -0.09401909 -0.09723251 0.41173330
v -0.09558255 -0.09563827 0.41565134
v -0.09791424 -0.09339248 0.41948421
v -0.09825119 -0.09364201 0.41565134
v -0.09853423 -0.09444606 0.40781525
v -0.10172851 -0.09753750 0.36497239
v -0.10202504 -0.09780089 0.36113953
v -0.10230807 -0.09807815 0.35726407
v -0.10473411 -0.09688594 0.35130185
v -0.10490932 -0.09706615 0.34866143
v -0.10513845 -0.09726024 0.34550996
v -0.10430282 -0.09648391 0.35726407
v -0.10612235 -0.09784248 0.33362810
v -0.11314439 -0.09716319 0.09582033
v -0.11280744 -0.09684435 0.09194488
v -0.11230875 -0.09637301 0.08645111
v -0.10802275 -0.10001897 0.08423656
v -0.11344090 -0.09746818 0.09965319
v -0.10976141 -0.09768999 0.08044629
v -0.10527323 -0.10116959 0.07652826
v -0.10313023 -0.10313813 0.07652826
v -0.10031332 -0.10410854 0.06864959
v -0.09858814 -0.10500963 0.06566848
v -0.09808945 -0.10541166 0.06566848
v -0.14160994 -0.03667915 0.06566848
v -0.14035648 -0.04183616 0.06698869
v -0.14103039 -0.04025578 0.06830890
v -0.14059909 -0.04243227 0.06950134
v -0.14171776 -0.04004784 0.07218435
v -0.14233775 -0.04006171 0.07618755
v -0.14295773 -0.04004784 0.08014817
v -0.14266123 -0.03669301 0.07222693
v -0.14325426 -0.03672074 0.07618755
v -0.14407642 -0.03622167 0.08078699
v -0.14500640 -0.03674846 0.08794166
v -0.14524900 -0.04014488 0.09577774
v -0.14678550 -0.03353226 0.09577774
v -0.14577464 -0.04018647 0.09965319
v -0.14663724 -0.03680391 0.09965319
v -0.14816026 -0.02701667 0.09697018
v -0.14729765 -0.03354612 0.09965319
v -0.14937327 -0.02507586 0.10357122
v -0.14983153 -0.02159626 0.10357122
v -0.15031673 -0.01345870 0.09965319
v -0.15099062 -0.01028409 0.10361382
v -0.15138150 -0.00163361 0.10361382
v -0.15136802 -0.00045526 0.10357122
v -0.13562571 -0.02481246 0.47659385
v -0.13690612 -0.02144376 0.47233509
v -0.13621873 -0.02463224 0.47233509
v -0.13741827 -0.02155467 0.46811893
v -0.13369835 -0.03242322 0.47629570
v -0.13262011 -0.03580578 0.47621054
v -0.13229664 -0.03573646 0.47876577
v -0.13127232 -0.03401746 0.48758138
v -0.13063884 -0.04014488 0.47872318
v -0.12914279 -0.04392947 0.47876577
v -0.12678413 -0.04392947 0.49086060
v -0.12522069 -0.04778337 0.49030695
v -0.12392680 -0.05037574 0.49026436
v -0.11512565 -0.06426641 0.49047732
v -0.11319830 -0.06663698 0.49043473
v -0.11152703 -0.06857779 0.49043473
v -0.10768579 -0.07245942 0.49205304
v -0.10945141 -0.07399821 0.47923423
v -0.10729494 -0.07611924 0.47923423
v -0.11132486 -0.07201581 0.47923423
v -0.09967986 -0.08011177 0.49154199
v -0.10524628 -0.07812937 0.47919164
v -0.10330544 -0.07995928 0.47919164
v -0.09718643 -0.08117921 0.49563038
v -0.12290247 -0.05632295 0.47897874
v -0.11985644 -0.05791719 0.48911451
v -0.11966774 -0.06132747 0.47970269
v -0.11647346 -0.06240878 0.49056248
v -0.09459865 -0.08312003 0.49563038
v -0.09361476 -0.08506084 0.49064763
v -0.09052829 -0.08603125 0.49575815
v -0.08849312 -0.08813841 0.49290480
v -0.14027562 -0.00045526 0.46326399
v -0.14027562 -0.00138407 0.46326399
v -0.14566681 -0.00143953 0.41143518
v -0.14519509 -0.01024250 0.41139259
v -0.13790350 -0.02162398 0.46368986
v -0.14493901 -0.01333394 0.41135002
v -0.14314643 -0.02314891 0.41313868
v -0.08660619 -0.09802270 0.43881885
v -0.08785965 -0.09170119 0.47608280
v -0.09100002 -0.08928904 0.47902130
v -0.09077090 -0.08991288 0.47608280
v -0.09186262 -0.09185368 0.45883492
v -0.09155262 -0.09562441 0.43490081
v -0.08980048 -0.09312908 0.45874974
v -0.09283303 -0.09644233 0.42331707
v -0.09325085 -0.09670572 0.41948421
v -0.09364171 -0.09696912 0.41565134
v -0.11800995 -0.09821678 0.16221401
v -0.11794256 -0.09814746 0.15833855
v -0.11783474 -0.09806429 0.15446310
v -0.11761909 -0.09788407 0.14671221
v -0.11751127 -0.09777317 0.14275158
v -0.11772691 -0.09798111 0.15063024
v -0.11738996 -0.09764840 0.13879096
v -0.11726866 -0.09750977 0.13495810
v -0.11710692 -0.09734341 0.13104007
v -0.11676997 -0.09698298 0.12303365
v -0.11434393 -0.09927037 0.12299105
v -0.11860298 -0.09500057 0.12299105
v -0.12051686 -0.09292114 0.12299105
v -0.12203987 -0.09082783 0.11903043
v -0.11926340 -0.09538874 0.13491552
v -0.11943861 -0.09482036 0.13069937
v -0.12182423 -0.09061988 0.11515498
v -0.11616346 -0.09631756 0.11136471
v -0.11593434 -0.09606803 0.10744668
v -0.11989687 -0.09225571 0.11132212
v -0.11567825 -0.09577690 0.10352863
v -0.12140641 -0.09425198 0.20522723
v -0.12146032 -0.09432129 0.20139437
v -0.12124467 -0.09405790 0.21302071
v -0.12329332 -0.09193687 0.20906009
v -0.12151423 -0.09439061 0.19743374
v -0.12156814 -0.09443219 0.19351571
v -0.12001817 -0.09627597 0.18955509
v -0.11802343 -0.09831382 0.18959766
v -0.12310464 -0.09172892 0.21689615
v -0.12478939 -0.08958017 0.22077161
v -0.12442548 -0.08919200 0.23244054
v -0.12454678 -0.08933063 0.22852251
v -0.12461417 -0.08939995 0.22643573
v -0.12469504 -0.08948313 0.22383790
v -0.12194553 -0.09080010 0.24802752
v -0.12237682 -0.09120213 0.23631600
v -0.12005861 -0.09628984 0.18559446
v -0.12008556 -0.09630369 0.18163384
v -0.12008556 -0.09631756 0.17771581
v -0.12008556 -0.09631756 0.17384035
v -0.11809082 -0.09831382 0.17000749
v -0.11805039 -0.09827224 0.16613204
v -0.12330680 -0.08799979 0.26357191
v -0.12360333 -0.08831864 0.25590619
v -0.12283508 -0.08747299 0.27528342
v -0.12314507 -0.08783344 0.26744736
v -0.11973514 -0.08838795 0.30245416
v -0.11991035 -0.08859590 0.29853612
v -0.12020686 -0.08894247 0.29180731
v -0.12543633 -0.08256551 0.29466066
v -0.12513981 -0.08214962 0.30241157
v -0.12267334 -0.08729278 0.27915888
v -0.12388636 -0.08862362 0.24802752
v -0.10864273 -0.09663641 0.32579201
v -0.11083965 -0.09511148 0.32191656
v -0.11135181 -0.09177051 0.34555255
v -0.11326569 -0.08952471 0.34955576
v -0.11352177 -0.08976038 0.34555255
v -0.11875124 -0.08729278 0.32191656
v -0.11610955 -0.08866521 0.33358551
v -0.12070555 -0.08173373 0.34947060
v -0.11895341 -0.08754231 0.31804110
v -0.11916905 -0.08775026 0.31416568
v -0.11954644 -0.08818001 0.30637218
v -0.11721474 -0.08978810 0.31416568
v -0.09478734 -0.09512535 0.42331707
v -0.09683600 -0.09260229 0.43102538
v -0.09719991 -0.09286568 0.42719252
v -0.09884423 -0.09109122 0.43106794
v -0.10135113 -0.08919200 0.43106794
v -0.10168808 -0.08944153 0.42723508
v -0.09989551 -0.09185368 0.41952680
v -0.10201155 -0.08970493 0.42335966
v -0.10023246 -0.09210322 0.41565134
v -0.10401978 -0.09620666 0.36118209
v -0.10668842 -0.09493126 0.35338862
v -0.10899316 -0.09321226 0.35125925
v -0.10641886 -0.09465400 0.35734923
v -0.10806318 -0.09620666 0.33358551
v -0.10393891 -0.08816615 0.42335966
v -0.10416804 -0.08834636 0.42050628
v -0.11509870 -0.09511148 0.09582033
v -0.11539522 -0.09545806 0.09965319
v -0.11784821 -0.09061988 0.08806942
v -0.11751127 -0.09021786 0.08419398
v -0.11209310 -0.09616506 0.08423656
v -0.11013879 -0.09802270 0.08423656
v -0.10935707 -0.09732955 0.07652826
v -0.10488237 -0.10076757 0.07261022
v -0.10438369 -0.10028236 0.06775527
v -0.10292806 -0.10183501 0.06890512
v -0.09997638 -0.10383128 0.06566848
v -0.14082822 -0.03939628 0.06566848
v -0.13977693 -0.04437308 0.06822372
v -0.14022171 -0.04148959 0.06566848
v -0.13965563 -0.04334723 0.06566848
v -0.14085517 -0.04298679 0.07214176
v -0.14351034 -0.04000625 0.08372552
v -0.14120560 -0.04391561 0.07614497
v -0.14386077 -0.04209956 0.08994328
v -0.14373946 -0.03691482 0.07976490
v -0.14433250 -0.03691482 0.08372552
v -0.14404945 -0.04282043 0.09258369
v -0.14426510 -0.04369380 0.09582033
v -0.14442685 -0.04503851 0.09973836
v -0.14499292 -0.04480283 0.10357122
v -0.14624638 -0.04021420 0.10352863
v -0.14710897 -0.03680391 0.10352863
v -0.14801200 -0.03575033 0.10897982
v -0.14787722 -0.03486310 0.10638200
v -0.14776939 -0.03354612 0.10344346
v -0.14984501 -0.02507586 0.10744668
v -0.15080194 -0.01347257 0.10361382
v -0.15030325 -0.02161012 0.10748925
v -0.15126020 -0.01350029 0.10748925
v -0.15144888 -0.01029795 0.10748925
v -0.15183975 -0.00161975 0.10744668
v -0.15182627 -0.00045526 0.10744668
v -0.13673090 -0.02477087 0.46811893
v -0.13721611 -0.02490950 0.46368986
v -0.13457442 -0.03290842 0.46811893
v -0.13356357 -0.03611076 0.46799118
v -0.13081406 -0.04054691 0.47612536
v -0.12946626 -0.04391561 0.47612536
v -0.13547745 -0.04593960 0.41939902
v -0.13563918 -0.04641094 0.41646049
v -0.13578744 -0.04681296 0.41386266
v -0.13522137 -0.04886468 0.41156293
v -0.12778151 -0.04713181 0.47880837
v -0.12757934 -0.04660502 0.48110807
v -0.12681109 -0.04833789 0.48115066
v -0.12704022 -0.04883695 0.47880837
v -0.12516677 -0.05142932 0.48119326
v -0.11648693 -0.06587452 0.47919164
v -0.11159442 -0.07232079 0.47604020
v -0.10973445 -0.07427547 0.47599761
v -0.10760493 -0.07639650 0.47595502
v -0.10140504 -0.08162283 0.47914905
v -0.10360196 -0.08020881 0.47604020
v -0.10749710 -0.08012564 0.45453360
v -0.10420847 -0.08464495 0.44550506
v -0.10168808 -0.08190009 0.47604020
v -0.09546124 -0.08370228 0.49056248
v -0.09904639 -0.08352206 0.47919164
v -0.09710556 -0.08504698 0.47919164
v -0.12468157 -0.05855488 0.45495947
v -0.12129858 -0.05953915 0.47621054
v -0.12073251 -0.05983027 0.47902130
v -0.12073251 -0.05910940 0.48144878
v -0.12563850 -0.05137388 0.47889355
v -0.12752542 -0.04975191 0.47110005
v -0.12771412 -0.05737653 0.43634878
v -0.12802410 -0.05797264 0.43128088
v -0.11864342 -0.06293557 0.47910649
v -0.11790212 -0.06322670 0.48153394
v -0.12047642 -0.06253355 0.46790602
v -0.11951949 -0.06483480 0.46347692
v -0.09043395 -0.08723732 0.49090319
v -0.09451778 -0.08633624 0.48174690
v -0.09244217 -0.08823546 0.47974529
v -0.14058561 -0.00045526 0.46028289
v -0.14565335 -0.00045526 0.41143518
v -0.14640811 -0.00045526 0.40368427
v -0.14604421 -0.00145339 0.40755973
v -0.14584203 -0.00537660 0.40755973
v -0.14558595 -0.01025636 0.40751713
v -0.14534334 -0.01334780 0.40747457
v -0.14218949 -0.02474315 0.41914349
v -0.14174472 -0.02477087 0.42310410
v -0.14408990 -0.02105560 0.40743198
v -0.14448075 -0.02106946 0.40355652
v -0.14383381 -0.02461838 0.40351393
v -0.14328121 -0.02380047 0.41054085
v -0.09265782 -0.08837409 0.47812697
v -0.09290042 -0.08854044 0.47608280
v -0.09440996 -0.08953857 0.46317880
v -0.09477386 -0.09059216 0.45466135
v -0.09234783 -0.09217253 0.45461876
v -0.09416736 -0.09332316 0.43877626
v -0.09440996 -0.09427970 0.43102538
v -0.09374954 -0.09303204 0.44265171
v -0.11997773 -0.09619279 0.16217141
v -0.12003165 -0.09624824 0.16608945
v -0.11991035 -0.09612348 0.15829598
v -0.11981600 -0.09602644 0.15442052
v -0.11972166 -0.09592939 0.15058766
v -0.11950601 -0.09569373 0.14270901
v -0.11961383 -0.09581849 0.14671221
v -0.11939818 -0.09554123 0.13874838
v -0.12086729 -0.09337861 0.13180663
v -0.12222857 -0.09102191 0.12294846
v -0.12240378 -0.09121599 0.12695168
v -0.12412897 -0.08885929 0.12294846
v -0.12394027 -0.08862362 0.11903043
v -0.12096163 -0.09353110 0.13487293
v -0.12159510 -0.09039808 0.11132212
v -0.11965426 -0.09200618 0.10744668
v -0.11939818 -0.09171506 0.10352863
v -0.12516677 -0.08996832 0.20518464
v -0.12342811 -0.09208936 0.20135177
v -0.12348202 -0.09215868 0.19743374
v -0.12319898 -0.09183983 0.21297814
v -0.12508590 -0.08988515 0.20906009
v -0.12353593 -0.09220026 0.19347312
v -0.12358985 -0.09222799 0.18951249
v -0.12166248 -0.09448765 0.18555187
v -0.12489721 -0.08969107 0.21689615
v -0.12921018 -0.08238529 0.24402430
v -0.12931801 -0.08252392 0.24010627
v -0.12964148 -0.08289822 0.22847992
v -0.12402114 -0.08877611 0.24406689
v -0.12884627 -0.08195555 0.25590619
v -0.12908888 -0.08224666 0.24798494
v -0.12170292 -0.09448765 0.18159125
v -0.12172988 -0.09448765 0.17767321
v -0.12369767 -0.09226957 0.17375517
v -0.12367071 -0.09225571 0.16987973
v -0.12170292 -0.09445992 0.16992231
v -0.12005861 -0.09628984 0.16996490
v -0.12624501 -0.08309230 0.27915888
v -0.12821280 -0.08127626 0.27357993
v -0.12844193 -0.08152579 0.26748992
v -0.12460069 -0.08155352 0.31416568
v -0.12478939 -0.08174759 0.31029023
v -0.12786237 -0.08080492 0.28303433
v -0.12725587 -0.07991769 0.29853612
v -0.12771412 -0.08058311 0.28690976
v -0.12871149 -0.08181691 0.25978164
v -0.11067791 -0.09186755 0.34976869
v -0.11303656 -0.08933063 0.35279241
v -0.11509870 -0.08762549 0.34951316
v -0.11588043 -0.08838795 0.33758871
v -0.12042251 -0.08134557 0.35487918
v -0.12055730 -0.08153966 0.35223877
v -0.12241726 -0.07962657 0.34951316
v -0.12356289 -0.08038903 0.33354292
v -0.12377854 -0.08065243 0.32962487
v -0.12389984 -0.08080492 0.32732517
v -0.12419636 -0.08112377 0.32191656
v -0.12439852 -0.08134557 0.31804110
v -0.09608123 -0.09202004 0.43877626
v -0.10065028 -0.08863748 0.43886141
v -0.09725382 -0.08887315 0.45466135
v -0.09803554 -0.08946926 0.44661232
v -0.09993594 -0.08806910 0.44661232
v -0.10329197 -0.08763935 0.43106794
v -0.10361544 -0.08790275 0.42723508
v -0.10856187 -0.09279637 0.35739182
v -0.11078574 -0.09078624 0.35739182
v -0.11132486 -0.09075852 0.35385708
v -0.10573148 -0.08601739 0.42723508
v -0.10675582 -0.08716801 0.41177589
v -0.12055730 -0.08927518 0.09662949
v -0.11681040 -0.09322612 0.09577774
v -0.12034165 -0.08902564 0.09403166
v -0.11710692 -0.09358656 0.09965319
v -0.11716083 -0.08980197 0.08040370
v -0.11344090 -0.09389154 0.08040370
v -0.11981600 -0.08840181 0.08806942
v -0.11171572 -0.09579077 0.08044629
v -0.10892578 -0.09694139 0.07261022
v -0.10686364 -0.09750977 0.06566848
v -0.10614931 -0.09818906 0.06566848
v -0.10415456 -0.10007441 0.06566848
v -0.10284719 -0.10126663 0.06566848
v -0.10228111 -0.10177956 0.06566848
v -0.13925129 -0.04463648 0.06566848
v -0.13818652 -0.04934988 0.06822372
v -0.13880652 -0.04941920 0.07205659
v -0.13945346 -0.04941920 0.07601721
v -0.14220297 -0.04466421 0.08406622
v -0.14023518 -0.05061141 0.08329964
v -0.14142125 -0.04918353 0.08794166
v -0.14206820 -0.04910035 0.09194488
v -0.14279601 -0.04466421 0.08794166
v -0.14337556 -0.04455330 0.09151901
v -0.14353730 -0.04617527 0.09582033
v -0.14332165 -0.04882309 0.09978095
v -0.14388772 -0.04749225 0.10110116
v -0.14403597 -0.04810222 0.10357122
v -0.14419772 -0.04922512 0.10748925
v -0.14546465 -0.04483056 0.10744668
v -0.14670463 -0.04022806 0.10740408
v -0.14762112 -0.03667915 0.10757444
v -0.14826808 -0.03354612 0.10757444
v -0.14775591 -0.03744161 0.11047037
v -0.14786373 -0.03813476 0.11302561
v -0.14806590 -0.03667915 0.11157764
v -0.14841633 -0.03681777 0.11515498
v -0.14880720 -0.03683164 0.11903043
v -0.14948109 -0.03355998 0.11907302
v -0.14909024 -0.03354612 0.11519757
v -0.14868589 -0.03354612 0.11132212
v -0.15028978 -0.02508972 0.11132212
v -0.15170498 -0.01351416 0.11132212
v -0.15074803 -0.02161012 0.11136471
v -0.15189366 -0.01031181 0.11132212
v -0.15228453 -0.00161975 0.11127954
v -0.15279670 -0.00045526 0.11575120
v -0.15200148 -0.00045526 0.10893723
v -0.13686567 -0.03346294 0.44695303
v -0.13594919 -0.03349067 0.45487428
v -0.14121907 -0.02861091 0.41918606
v -0.13861782 -0.03349067 0.43140866
v -0.13817304 -0.03353226 0.43528411
v -0.13545048 -0.03477992 0.45610929
v -0.13558527 -0.03538989 0.45338372
v -0.13572006 -0.03581964 0.45087105
v -0.13404877 -0.03623553 0.46351952
v -0.13615135 -0.04308383 0.42335966
v -0.13636700 -0.04373539 0.41935643
v -0.13592222 -0.04715954 0.41156293
v -0.13615135 -0.04771405 0.40768750
v -0.13543702 -0.04943306 0.40764491
v -0.12720194 -0.04916966 0.47612536
v -0.13565266 -0.04994599 0.40381205
v -0.13379269 -0.05178976 0.41152033
v -0.11538174 -0.07232079 0.45074330
v -0.11311743 -0.07049088 0.47608280
v -0.11920949 -0.06439119 0.46786343
v -0.11977557 -0.06518137 0.45989959
v -0.11996426 -0.06547250 0.45700365
v -0.12035512 -0.06608246 0.45095624
v -0.11934427 -0.07232079 0.42340222
v -0.11652737 -0.07367936 0.43519892
v -0.11309048 -0.07426161 0.45470391
v -0.11221440 -0.07721441 0.44286465
v -0.11112269 -0.07972361 0.43502855
v -0.11081269 -0.07939090 0.43894660
v -0.11050270 -0.07905819 0.44282205
v -0.10821144 -0.08074946 0.44665491
v -0.09936986 -0.08381317 0.47604020
v -0.10397935 -0.08054152 0.47190922
v -0.10517889 -0.08159510 0.45874974
v -0.10249676 -0.08590648 0.44674010
v -0.10184982 -0.08585103 0.45057296
v -0.10104114 -0.08522720 0.45879233
v -0.10558322 -0.08190009 0.45457616
v -0.10854839 -0.08105445 0.44277946
v -0.10637843 -0.08306458 0.44277946
v -0.10476107 -0.08517175 0.43890401
v -0.10294154 -0.08734823 0.43498599
v -0.09977420 -0.08414589 0.47195179
v -0.09744251 -0.08532424 0.47604020
v -0.09529951 -0.08755617 0.47199438
v -0.09482777 -0.08720960 0.47608280
v -0.09416736 -0.08716801 0.47902130
v -0.12496460 -0.05892918 0.45095624
v -0.12683804 -0.06325442 0.41565134
v -0.12569241 -0.06351782 0.42335966
v -0.12364376 -0.06107794 0.45099883
v -0.12850931 -0.05887373 0.42331707
v -0.12875192 -0.05928962 0.41944161
v -0.12191858 -0.06378121 0.45099883
v -0.13097579 -0.05622591 0.41548097
v -0.13121839 -0.05666952 0.41156293
v -0.14718983 -0.00045526 0.39512422
v -0.14642159 -0.00146725 0.40364171
v -0.14596333 -0.01027022 0.40364171
v -0.14572074 -0.01336166 0.40355652
v -0.14163690 -0.02858318 0.41526804
v -0.14484467 -0.02108333 0.39968107
v -0.14421121 -0.02463224 0.39963848
v -0.14216254 -0.03279752 0.39968107
v -0.14136734 -0.03288070 0.40743198
v -0.14205471 -0.02854159 0.41130743
v -0.09389780 -0.08919200 0.46760790
v -0.09660687 -0.08844340 0.46062357
v -0.09513777 -0.08967721 0.45909042
v -0.09693035 -0.08865135 0.45777022
v -0.09476039 -0.09343406 0.43524152
v -0.12162205 -0.09436288 0.16212884
v -0.12167597 -0.09441833 0.16604687
v -0.12155466 -0.09429357 0.15825338
v -0.12147380 -0.09419652 0.15437793
v -0.12129858 -0.09396086 0.14666961
v -0.12119076 -0.09383609 0.14270901
v -0.12106945 -0.09369746 0.13874838
v -0.12319898 -0.09102191 0.13474516
v -0.12456026 -0.08938608 0.13338236
v -0.12446592 -0.08927518 0.13091230
v -0.12430418 -0.08906724 0.12690909
v -0.12581372 -0.08671053 0.12290588
v -0.12788933 -0.08450632 0.12690909
v -0.12918322 -0.08242688 0.12294846
v -0.12898105 -0.08219121 0.11903043
v -0.12371115 -0.08838795 0.11515498
v -0.12298333 -0.09156257 0.13870579
v -0.12135249 -0.09014855 0.10744668
v -0.12108293 -0.08987128 0.10352863
v -0.13022103 -0.08339729 0.20514206
v -0.12709412 -0.08762549 0.20130918
v -0.12528808 -0.09009310 0.19739116
v -0.13009972 -0.08338343 0.20901750
v -0.12983016 -0.08312003 0.22068644
v -0.12991102 -0.08323093 0.21681100
v -0.12970886 -0.08371614 0.21259483
v -0.12534199 -0.09013468 0.19343053
v -0.12543633 -0.09019013 0.18550928
v -0.12363028 -0.09225571 0.18550928
v -0.13116449 -0.07970975 0.24398172
v -0.13127232 -0.07986223 0.24006369
v -0.13147448 -0.08015336 0.23235537
v -0.13156882 -0.08029199 0.22843733
v -0.13175751 -0.08054152 0.22068644
v -0.13082754 -0.07952952 0.25194555
v -0.12367071 -0.09225571 0.18154867
v -0.12369767 -0.09226957 0.17763062
v -0.12547676 -0.09023173 0.17375517
v -0.12544981 -0.09021786 0.16987973
v -0.12542285 -0.09017627 0.16596170
v -0.12363028 -0.09222799 0.16600428
v -0.12811846 -0.08115149 0.27613516
v -0.13297053 -0.07470522 0.27145056
v -0.12985712 -0.07951566 0.26748992
v -0.13270097 -0.07431706 0.27920147
v -0.13283576 -0.07451114 0.27536858
v -0.12612371 -0.07912750 0.31808370
v -0.12646066 -0.07915523 0.31420824
v -0.12694587 -0.07943248 0.30641477
v -0.12710760 -0.07968201 0.30245416
v -0.12852279 -0.07814323 0.29857871
v -0.12880583 -0.07860071 0.29087040
v -0.13228316 -0.07367936 0.29087040
v -0.13256620 -0.07410911 0.28311949
v -0.11807734 -0.08292595 0.36126727
v -0.10796884 -0.08446474 0.42335966
v -0.11042183 -0.08213576 0.42335966
v -0.11212006 -0.08069401 0.42208200
v -0.12027426 -0.08115149 0.35739182
v -0.12031469 -0.07356846 0.40785784
v -0.12333376 -0.07623015 0.36514273
v -0.12380549 -0.07679852 0.35743441
v -0.12403462 -0.07706192 0.35347380
v -0.12573286 -0.07492703 0.35343121
v -0.12577329 -0.07908591 0.32195915
v -0.12596197 -0.07516270 0.34947060
v -0.09907335 -0.08747299 0.45466135
v -0.10540801 -0.08575399 0.43111054
v -0.10508454 -0.08547673 0.43498599
v -0.10734885 -0.08395181 0.43111054
v -0.10765884 -0.08421520 0.42723508
v -0.12562503 -0.08330025 0.09926990
v -0.12555764 -0.08270414 0.09582033
v -0.12079989 -0.08953857 0.09965319
v -0.12296985 -0.08751459 0.10352863
v -0.12522069 -0.08230212 0.09198747
v -0.11946558 -0.08794433 0.08419398
v -0.11651389 -0.08906724 0.07397302
v -0.11268614 -0.09300431 0.07256764
v -0.11306352 -0.09347565 0.07652826
v -0.12485678 -0.08187237 0.08806942
v -0.11131138 -0.09537488 0.07652826
v -0.10837318 -0.09642846 0.06758491
v -0.10815753 -0.09622052 0.06566848
v -0.13766089 -0.04951624 0.06566848
v -0.13764740 -0.05264926 0.07209916
v -0.13832131 -0.05264926 0.07605979
v -0.13702742 -0.05130456 0.06566848
v -0.13682524 -0.05187294 0.06566848
v -0.13904911 -0.05249677 0.08010560
v -0.14268819 -0.04904490 0.09586291
v -0.14039693 -0.05130456 0.08585489
v -0.14351034 -0.04990440 0.10361382
v -0.14365860 -0.05052823 0.10621164
v -0.14470988 -0.04907262 0.11136471
v -0.14590942 -0.04483056 0.11132212
v -0.14743244 -0.04072713 0.11515498
v -0.14727070 -0.03983990 0.11157764
v -0.14797156 -0.03857837 0.11511240
v -0.14816026 -0.03938242 0.11903043
v -0.14915762 -0.03687323 0.12299105
v -0.15107150 -0.02507586 0.11907302
v -0.15069412 -0.02508972 0.11519757
v -0.14995283 -0.02901294 0.11519757
v -0.14983153 -0.03358771 0.12303365
v -0.15143540 -0.02506199 0.12303365
v -0.15115238 -0.02162398 0.11519757
v -0.15212279 -0.01352802 0.11515498
v -0.15231147 -0.01029795 0.11511240
v -0.15263495 -0.01448456 0.12107462
v -0.15287756 -0.00157816 0.11660295
v -0.15299886 -0.00045526 0.11758246
v -0.14093605 -0.03296387 0.41135002
v -0.13956128 -0.03466902 0.42020816
v -0.13801132 -0.03698413 0.42753320
v -0.13759349 -0.03688709 0.43145125
v -0.13698698 -0.04447012 0.41152033
v -0.13743176 -0.04445626 0.40760232
v -0.13786305 -0.04442854 0.40376946
v -0.13636700 -0.04822699 0.40381205
v -0.13577397 -0.05022325 0.40164009
v -0.13163622 -0.05736267 0.40500449
v -0.12368419 -0.06507047 0.43123829
v -0.12381898 -0.06529228 0.42906636
v -0.12059773 -0.06647063 0.44703819
v -0.12419636 -0.06581907 0.42331707
v -0.12445244 -0.06615178 0.41944161
v -0.11958688 -0.07265350 0.41952680
v -0.11710692 -0.07431706 0.42732027
v -0.11682389 -0.07401207 0.43123829
v -0.11278049 -0.07787983 0.43511374
v -0.11143268 -0.08004246 0.43111054
v -0.10887186 -0.08135943 0.43890401
v -0.09829163 -0.08738982 0.45904782
v -0.09787380 -0.08564308 0.47199438
v -0.12880583 -0.05999663 0.41560875
v -0.12799716 -0.06215925 0.41164811
v -0.12690544 -0.06396143 0.41164811
v -0.12619110 -0.06351782 0.41944161
v -0.12239030 -0.06385053 0.44708078
v -0.12950669 -0.05963619 0.41164811
v -0.14725722 -0.00045526 0.39435765
v -0.14677201 -0.00146725 0.39976626
v -0.14631377 -0.01027022 0.39976626
v -0.14607116 -0.01336166 0.39968107
v -0.14519509 -0.02108333 0.39580562
v -0.14491205 -0.02468769 0.39193016
v -0.14456163 -0.02465997 0.39580562
v -0.14252644 -0.03279752 0.39580562
v -0.14117864 -0.03619394 0.39968107
v -0.13965563 -0.03534830 0.41748259
v -0.14299818 -0.03372634 0.38809730
v -0.14317338 -0.03440562 0.38422185
v -0.14154254 -0.03623553 0.39580562
v -0.12356289 -0.09217253 0.16208624
v -0.12349550 -0.09210322 0.15821079
v -0.12341463 -0.09200618 0.15433535
v -0.12499156 -0.08981584 0.14658444
v -0.12310464 -0.09170119 0.14266641
v -0.12465460 -0.08948313 0.13598020
v -0.12966843 -0.08302299 0.13478776
v -0.12952017 -0.08284277 0.13086971
v -0.12935844 -0.08263483 0.12690909
v -0.13144752 -0.08015336 0.13086971
v -0.13128578 -0.07988996 0.12690909
v -0.13111057 -0.07959884 0.12294846
v -0.13046362 -0.07939090 0.11519757
v -0.12876540 -0.08191395 0.11519757
v -0.12729630 -0.08379931 0.11515498
v -0.12348202 -0.08812455 0.11132212
v -0.12488373 -0.08970493 0.14266641
v -0.12474895 -0.08958017 0.13870579
v -0.12323941 -0.08784730 0.10740408
v -0.13210794 -0.08106831 0.20122403
v -0.13034232 -0.08339729 0.20126660
v -0.13198664 -0.08088810 0.20897492
v -0.12714805 -0.08769480 0.19739116
v -0.12720194 -0.08775026 0.19343053
v -0.13191926 -0.08077719 0.21289295
v -0.13183838 -0.08066629 0.21681100
v -0.12725587 -0.08779184 0.18946992
v -0.12728282 -0.08783344 0.18550928
v -0.12546329 -0.09021786 0.18154867
v -0.13396791 -0.07563403 0.24398172
v -0.13352313 -0.07532905 0.25582100
v -0.13364444 -0.07546768 0.25190295
v -0.13417008 -0.07564790 0.24002110
v -0.13607048 -0.07341597 0.23231278
v -0.13589526 -0.07312484 0.23997850
v -0.13616483 -0.07355459 0.22839475
v -0.13325358 -0.07503793 0.26361450
v -0.12547676 -0.09023173 0.17763062
v -0.12732325 -0.08787502 0.17371259
v -0.12729630 -0.08787502 0.16983715
v -0.12725587 -0.08784730 0.16596170
v -0.12720194 -0.08779184 0.16204365
v -0.12535547 -0.09013468 0.16208624
v -0.13536962 -0.07220989 0.25969645
v -0.13310532 -0.07488543 0.26753252
v -0.13690612 -0.06745490 0.28316208
v -0.13678481 -0.06723309 0.28703753
v -0.12883278 -0.07446954 0.32587720
v -0.12900800 -0.07471908 0.32204434
v -0.12826672 -0.07338824 0.34022913
v -0.12852279 -0.07390117 0.33362810
v -0.12918322 -0.07495475 0.31812629
v -0.12935844 -0.07516270 0.31425084
v -0.12837454 -0.07790756 0.30249673
v -0.13042319 -0.07545382 0.29857871
v -0.12984364 -0.07538450 0.30645737
v -0.13014015 -0.07541223 0.30249673
v -0.13200012 -0.07322188 0.29857871
v -0.13634004 -0.06627654 0.30168759
v -0.13643438 -0.06648449 0.29862130
v -0.13655568 -0.06673402 0.29474585
v -0.10978837 -0.08220508 0.42723508
v -0.10949185 -0.08194168 0.43111054
v -0.11193137 -0.08051379 0.42463726
v -0.11736301 -0.07462204 0.42340222
v -0.11453262 -0.07896115 0.41565134
v -0.11504479 -0.07955725 0.40785784
v -0.11996426 -0.07313870 0.41356454
v -0.12412897 -0.07330506 0.37808928
v -0.12430418 -0.07348528 0.37544887
v -0.12473548 -0.07391503 0.36897559
v -0.12526112 -0.07441410 0.36122468
v -0.12550373 -0.07466363 0.35734923
v -0.12782194 -0.07270895 0.34942801
v -0.12802410 -0.07300008 0.34546737
v -0.12814541 -0.07319416 0.34286955
v -0.10702538 -0.08367455 0.43498599
v -0.10918185 -0.08165056 0.43502855
v -0.12780846 -0.08058311 0.09969577
v -0.12818584 -0.08110990 0.10514696
v -0.12801064 -0.08086037 0.10254913
v -0.12749847 -0.08013950 0.09586291
v -0.12449287 -0.08141489 0.08423656
v -0.12140641 -0.08251006 0.07248245
v -0.11910167 -0.08745913 0.08036112
v -0.11772691 -0.08718187 0.07256764
v -0.11623086 -0.08873452 0.07133260
v -0.11422263 -0.08966334 0.06566848
v -0.11361612 -0.09035649 0.06566848
v -0.11221440 -0.09246366 0.06792561
v -0.12717500 -0.07962657 0.09198747
v -0.11089356 -0.09491740 0.07256764
v -0.11193137 -0.09221413 0.06566848
v -0.13700046 -0.05259381 0.06830890
v -0.13598962 -0.05655862 0.07222693
v -0.13625918 -0.05725176 0.07546357
v -0.13689264 -0.05917871 0.08402363
v -0.13516746 -0.05574070 0.06566848
v -0.13836174 -0.06026002 0.09582033
v -0.13980388 -0.05675270 0.09586291
v -0.14085517 -0.05245519 0.09156159
v -0.14163690 -0.05219179 0.09590550
v -0.13983084 -0.05219179 0.08436433
v -0.14220297 -0.05217792 0.09978095
v -0.14379338 -0.05106889 0.10880946
v -0.14271514 -0.05217792 0.10361382
v -0.14514117 -0.04907262 0.11524016
v -0.14632724 -0.04483056 0.11519757
v -0.14760766 -0.04151732 0.11903043
v -0.14772896 -0.04203025 0.12179861
v -0.14824112 -0.04044987 0.12303365
v -0.14948109 -0.03688709 0.12686651
v -0.15015500 -0.03361543 0.12690909
v -0.15189366 -0.02163785 0.12303365
v -0.15152974 -0.02163785 0.11907302
v -0.15103107 -0.02895748 0.12695168
v -0.15175887 -0.02502040 0.12695168
v -0.15260800 -0.02296869 0.13380825
v -0.15254060 -0.02161012 0.13065678
v -0.15223061 -0.02162398 0.12695168
v -0.15252712 -0.01366665 0.11920079
v -0.15274277 -0.01301509 0.12064876
v -0.15266191 -0.01028409 0.11839162
v -0.15313363 -0.00156429 0.11898784
v -0.15276973 -0.01534407 0.12371504
v -0.15328189 -0.01344484 0.12695168
v -0.15353798 -0.00155043 0.12299105
v -0.15352450 -0.00045526 0.12299105
v -0.13848305 -0.03692868 0.42340222
v -0.13912999 -0.04094894 0.40359912
v -0.13826740 -0.04442854 0.39989400
v -0.13701394 -0.04865674 0.39614633
v -0.13590874 -0.05052823 0.39908483
v -0.13318618 -0.05549117 0.39997919
v -0.13193273 -0.05784787 0.39997919
v -0.13063884 -0.05928962 0.40381205
v -0.12996495 -0.05965005 0.40773007
v -0.12714805 -0.06434959 0.40777266
v -0.12399419 -0.06554181 0.42638332
v -0.12737716 -0.06471003 0.40389721
v -0.12760629 -0.06505661 0.40002178
v -0.12495113 -0.06677561 0.41169071
v -0.11982948 -0.07297235 0.41565134
v -0.11172920 -0.08033358 0.42723508
v -0.14826808 -0.00045526 0.38170921
v -0.14838937 -0.00145339 0.38038899
v -0.14776939 -0.00145339 0.38805471
v -0.14724375 -0.00145339 0.39435765
v -0.14665071 -0.01024250 0.39584821
v -0.14723027 -0.01271010 0.38677711
v -0.14640811 -0.01332008 0.39580562
v -0.14553204 -0.02109719 0.39193016
v -0.14523552 -0.02471542 0.38805471
v -0.14496597 -0.02852773 0.38034642
v -0.14421121 -0.03297774 0.37642838
v -0.14430555 -0.02851387 0.38805471
v -0.13953434 -0.04175298 0.39687031
v -0.13935912 -0.04142027 0.39976626
v -0.13976345 -0.03569488 0.41526804
v -0.14377989 -0.03326886 0.38055936
v -0.14326774 -0.03482151 0.38196474
v -0.13968259 -0.04204411 0.39427246
v -0.14224341 -0.03630485 0.38809730
v -0.14138082 -0.03986763 0.38434963
v -0.12527460 -0.09007923 0.15816820
v -0.12518025 -0.08999606 0.15429276
v -0.12508590 -0.08991288 0.15045990
v -0.12693240 -0.08754231 0.15041731
v -0.12683804 -0.08744527 0.14658444
v -0.13158231 -0.08037517 0.13478776
v -0.12656848 -0.08726505 0.13870579
v -0.12977625 -0.08316162 0.13870579
v -0.13179795 -0.08072174 0.14258124
v -0.13169013 -0.08056925 0.13870579
v -0.13406225 -0.07550927 0.12695168
v -0.13605701 -0.07354073 0.13670419
v -0.13597613 -0.07337437 0.13414894
v -0.13586831 -0.07315257 0.13091230
v -0.13373878 -0.07549541 0.12299105
v -0.13319966 -0.07578653 0.11937113
v -0.13111057 -0.07904432 0.11932855
v -0.13324009 -0.07507952 0.11528274
v -0.13004581 -0.07936317 0.11136471
v -0.12833411 -0.08130398 0.10748925
v -0.12854976 -0.08162283 0.11136471
v -0.12706717 -0.08352206 0.11132212
v -0.12706717 -0.08687689 0.14228312
v -0.13659613 -0.07415070 0.20505689
v -0.13665003 -0.07422001 0.20118143
v -0.13216186 -0.08113763 0.19730598
v -0.13045016 -0.08339729 0.19730598
v -0.13654220 -0.07408139 0.20888975
v -0.13640743 -0.07387344 0.21676840
v -0.13647482 -0.07398434 0.21280778
v -0.13632655 -0.07377640 0.22060126
v -0.13062537 -0.08338343 0.18938473
v -0.13070623 -0.08335570 0.18542411
v -0.13054450 -0.08338343 0.19338795
v -0.12730977 -0.08786116 0.18154867
v -0.13557179 -0.07262578 0.25186036
v -0.14010040 -0.06612406 0.23989333
v -0.14000606 -0.06597156 0.24385396
v -0.13698698 -0.07064337 0.24789975
v -0.13863130 -0.06759352 0.25177521
v -0.14026214 -0.06640131 0.23222761
v -0.14034300 -0.06653994 0.22830958
v -0.14042387 -0.06666471 0.22439153
v -0.13546396 -0.07243170 0.25577841
v -0.12732325 -0.08787502 0.17758803
v -0.13229664 -0.08134557 0.17754545
v -0.13076015 -0.08335570 0.17367001
v -0.13226968 -0.08134557 0.16975197
v -0.13224273 -0.08130398 0.16587651
v -0.13061189 -0.08332797 0.16200106
v -0.13050407 -0.08330025 0.15812562
v -0.12712108 -0.08772252 0.15816820
v -0.13701394 -0.06767670 0.27924403
v -0.13713525 -0.06787079 0.27536858
v -0.13828086 -0.06455754 0.28699494
v -0.13850999 -0.06458526 0.28311949
v -0.13872564 -0.06462685 0.27924403
v -0.13960171 -0.06515365 0.25961127
v -0.13102971 -0.07178014 0.32200174
v -0.13119144 -0.07204353 0.31812629
v -0.13278185 -0.06655381 0.34150676
v -0.13154186 -0.07250101 0.31037538
v -0.13170361 -0.07273668 0.30641477
v -0.13477659 -0.06762125 0.31037538
v -0.13619178 -0.06594383 0.30645737
v -0.13625918 -0.06609632 0.30428541
v -0.13779567 -0.06447436 0.29474585
v -0.12295638 -0.07194649 0.39623148
v -0.12369767 -0.07283372 0.38460515
v -0.12792976 -0.06548636 0.39469836
v -0.12807802 -0.06568044 0.39222828
v -0.12759281 -0.07243170 0.35334603
v -0.13208098 -0.06552794 0.35568835
v -0.13241793 -0.06598542 0.34925764
v -0.13260663 -0.06626268 0.34538218
v -0.12900800 -0.07954339 0.10374158
v -0.13123187 -0.07599448 0.10357122
v -0.13249881 -0.07398434 0.10357122
v -0.12891366 -0.07883638 0.09973836
v -0.12860365 -0.07839277 0.09586291
v -0.12961451 -0.07932158 0.10748925
v -0.13148796 -0.07639650 0.10748925
v -0.12423679 -0.08106831 0.08151098
v -0.12399419 -0.08073560 0.07895573
v -0.12100207 -0.08202486 0.06856442
v -0.11951949 -0.08388249 0.06852183
v -0.11592086 -0.08838795 0.06856442
v -0.11559739 -0.08801365 0.06566848
v -0.11314439 -0.09088328 0.06566848
v -0.12810498 -0.07750553 0.08955999
v -0.12787585 -0.07713123 0.08696216
v -0.12608328 -0.07911363 0.08423656
v -0.13376575 -0.06012140 0.06843666
v -0.13566614 -0.06050956 0.08014817
v -0.13594919 -0.06139679 0.08406622
v -0.13772828 -0.06024616 0.09190228
v -0.13319966 -0.06026002 0.06566848
v -0.13639395 -0.06250582 0.08973033
v -0.13686567 -0.06368417 0.09577774
v -0.13705437 -0.06461299 0.09969577
v -0.13894129 -0.06026002 0.09969577
v -0.14011388 -0.05744585 0.09973836
v -0.14027562 -0.05782014 0.10186773
v -0.14046430 -0.05822217 0.10442297
v -0.14325426 -0.05203930 0.10748925
v -0.14233775 -0.05564366 0.11140730
v -0.14391468 -0.05154023 0.11136471
v -0.14183907 -0.05568525 0.10748925
v -0.14553204 -0.04910035 0.11911560
v -0.14671810 -0.04481670 0.11907302
v -0.14718983 -0.04440081 0.12307623
v -0.14783678 -0.04244613 0.12443903
v -0.14863198 -0.04018647 0.12686651
v -0.14979110 -0.03691482 0.13074195
v -0.15045151 -0.03364316 0.13078454
v -0.15134106 -0.02894362 0.13082713
v -0.15293147 -0.01627288 0.12695168
v -0.15206888 -0.02500654 0.13082713
v -0.15266191 -0.02391137 0.13636348
v -0.15286407 -0.02162398 0.13491552
v -0.15344364 -0.01709080 0.13470257
v -0.15307972 -0.01747896 0.13065678
v -0.15312017 -0.01024250 0.12299105
v -0.15286407 -0.01027022 0.12039323
v -0.15349754 -0.01018705 0.12699427
v -0.15361884 -0.01343098 0.13086971
v -0.15391536 -0.00150884 0.12699427
v -0.15390188 -0.00045526 0.12699427
v -0.13883347 -0.04397106 0.39580562
v -0.13914347 -0.04510782 0.38835283
v -0.13737784 -0.04872605 0.39227087
v -0.13625918 -0.05126297 0.39227087
v -0.13605701 -0.05086094 0.39610373
v -0.13359053 -0.05551890 0.39610373
v -0.13066580 -0.05998276 0.40002178
v -0.13214839 -0.05822217 0.39610373
v -0.13090840 -0.06032934 0.39610373
v -0.12869801 -0.06325442 0.40006434
v -0.12934495 -0.06364259 0.39222828
v -0.12776803 -0.06527841 0.39733877
v -0.14865895 -0.00045526 0.37655613
v -0.15202845 -0.00071865 0.33192461
v -0.15201497 -0.00100978 0.33192461
v -0.14882067 -0.01027022 0.36854972
v -0.14852416 -0.01020091 0.37255292
v -0.14822765 -0.01013160 0.37651356
v -0.14793113 -0.01013160 0.38034642
v -0.14762112 -0.01014546 0.38417928
v -0.14674506 -0.01325076 0.39188757
v -0.14771548 -0.01316758 0.38030383
v -0.14617898 -0.02109719 0.38417928
v -0.14555899 -0.02471542 0.38422185
v -0.14528944 -0.02854159 0.37642838
v -0.14453468 -0.03300546 0.37246777
v -0.14338903 -0.03520967 0.37936691
v -0.14004649 -0.04264021 0.38822508
v -0.14258037 -0.03633257 0.38426444
v -0.14174472 -0.03985376 0.38043158
v -0.14026214 -0.04302838 0.38443481
v -0.12702674 -0.08763935 0.15429276
v -0.13009972 -0.08321707 0.14649927
v -0.12961451 -0.08359137 0.14224053
v -0.13189230 -0.08084650 0.14649927
v -0.13621873 -0.07380412 0.14258124
v -0.13648830 -0.07423388 0.15416500
v -0.13639395 -0.07410911 0.15033213
v -0.13631309 -0.07395662 0.14649927
v -0.13611091 -0.07363777 0.13866320
v -0.14003301 -0.06606860 0.13478776
v -0.14026214 -0.06652608 0.14258124
v -0.14015432 -0.06631813 0.13866320
v -0.13991170 -0.06577748 0.13095490
v -0.13572006 -0.07286145 0.12699427
v -0.13554484 -0.07257032 0.12303365
v -0.13518094 -0.07184945 0.11528274
v -0.13301098 -0.07474681 0.11140730
v -0.13536962 -0.07222375 0.11915819
v -0.14072040 -0.06713605 0.20497170
v -0.13669047 -0.07428933 0.19722081
v -0.13220229 -0.08120694 0.19334536
v -0.14055865 -0.06687265 0.21668322
v -0.14061257 -0.06696969 0.21276519
v -0.14049127 -0.06677561 0.22051608
v -0.13228316 -0.08129012 0.18542411
v -0.12894061 -0.08572626 0.18150608
v -0.13780914 -0.06788465 0.26352932
v -0.13687916 -0.07047702 0.25181780
v -0.14131343 -0.06405848 0.23606047
v -0.14146168 -0.06407234 0.23222761
v -0.14160994 -0.06408620 0.22835216
v -0.14063952 -0.06433573 0.24772941
v -0.14097648 -0.06403074 0.24389655
v -0.14115169 -0.06404461 0.23989333
v -0.13987127 -0.06574975 0.24892186
v -0.13980388 -0.06559726 0.25177521
v -0.14174472 -0.06410006 0.22443413
v -0.13673090 -0.07452500 0.17750287
v -0.13228316 -0.08134557 0.17362742
v -0.13229664 -0.08131785 0.18146348
v -0.13350965 -0.07946021 0.18146348
v -0.13674438 -0.07449728 0.18146348
v -0.13671742 -0.07452500 0.17362742
v -0.13669047 -0.07452500 0.16970937
v -0.13666351 -0.07448341 0.16587651
v -0.13218882 -0.08124853 0.16200106
v -0.13213491 -0.08116535 0.15812562
v -0.13205403 -0.08106831 0.15420759
v -0.13969606 -0.06538932 0.25569325
v -0.13984433 -0.06146610 0.28695235
v -0.13999258 -0.06166018 0.28307690
v -0.13939955 -0.06082841 0.29857871
v -0.13969606 -0.06125816 0.29082780
v -0.14012735 -0.06185426 0.27920147
v -0.13917042 -0.06464072 0.27149316
v -0.14049127 -0.06290785 0.26348672
v -0.14061257 -0.06354554 0.25569325
v -0.13391400 -0.06745490 0.32204434
v -0.13294359 -0.06684492 0.33758871
v -0.13310532 -0.06713605 0.33362810
v -0.13448007 -0.06378121 0.34150676
v -0.13543702 -0.06451595 0.32591979
v -0.13559875 -0.06482094 0.32204434
v -0.13421052 -0.06749648 0.31816888
v -0.13604353 -0.06566657 0.31037538
v -0.13669047 -0.06336532 0.31816888
v -0.13700046 -0.06387825 0.31037538
v -0.13756654 -0.06440505 0.29862130
v -0.12974930 -0.06367031 0.38835283
v -0.13015363 -0.06368417 0.38451997
v -0.13155534 -0.06482094 0.36484461
v -0.13256620 -0.05892918 0.38835283
v -0.13340183 -0.06368417 0.35313309
v -0.13376575 -0.06372577 0.34925764
v -0.13412965 -0.06375349 0.34538218
v -0.13276837 -0.07438637 0.10748925
v -0.13394095 -0.07143357 0.10352863
v -0.13229664 -0.07366550 0.10076045
v -0.13449355 -0.07137811 0.10744668
v -0.13116449 -0.07519042 0.09956801
v -0.13209446 -0.07334665 0.09820522
v -0.13042319 -0.07545382 0.09586291
v -0.12375158 -0.08037517 0.07644308
v -0.12070555 -0.08163670 0.06566848
v -0.12515329 -0.07937703 0.08027594
v -0.12059773 -0.08177532 0.06566848
v -0.11939818 -0.08327252 0.06566848
v -0.12978973 -0.07541223 0.09198747
v -0.12884627 -0.07477453 0.08423656
v -0.12852279 -0.07419229 0.08036112
v -0.12826672 -0.07370708 0.07729483
v -0.12761977 -0.07674307 0.08423656
v -0.12726934 -0.07617469 0.08040370
v -0.13231011 -0.06240878 0.06609436
v -0.13249881 -0.06292171 0.06843666
v -0.13410270 -0.06398916 0.08023336
v -0.13474964 -0.06404461 0.08410880
v -0.13578744 -0.06465458 0.09190228
v -0.13226968 -0.06231174 0.06566848
v -0.13608396 -0.06541704 0.09582033
v -0.13627266 -0.06591611 0.09846075
v -0.13646134 -0.06630427 0.10101598
v -0.13767437 -0.06444663 0.10348605
v -0.13957477 -0.05999663 0.10327310
v -0.14065300 -0.05872124 0.10748925
v -0.14085517 -0.05941439 0.11144988
v -0.14289036 -0.05529709 0.11519757
v -0.14403597 -0.05228883 0.11515498
v -0.14450771 -0.05216406 0.11915819
v -0.14485815 -0.05220565 0.12307623
v -0.14586899 -0.04914194 0.12307623
v -0.14617898 -0.04918353 0.12695168
v -0.14793113 -0.04280657 0.12686651
v -0.14894197 -0.04017261 0.13069937
v -0.14922501 -0.04017261 0.13457481
v -0.15006066 -0.03692868 0.13461740
v -0.15073456 -0.03367088 0.13465999
v -0.15162410 -0.02895748 0.13470257
v -0.15244626 -0.02571355 0.13764111
v -0.15239235 -0.02488178 0.13491552
v -0.15285059 -0.02506199 0.14241089
v -0.15307972 -0.02510358 0.14628634
v -0.15334928 -0.02166557 0.14241089
v -0.15310669 -0.02162398 0.13853543
v -0.15369972 -0.01709080 0.13853543
v -0.15417144 -0.01345870 0.13853543
v -0.15391536 -0.01344484 0.13470257
v -0.15383449 -0.01015932 0.13091230
v -0.15425230 -0.00149498 0.13091230
v -0.15413101 -0.01015932 0.13470257
v -0.15423884 -0.00045526 0.13091230
v -0.13935912 -0.04549599 0.38456256
v -0.13806522 -0.04883695 0.38464774
v -0.13398139 -0.05556048 0.39222828
v -0.13644786 -0.05163727 0.38843801
v -0.13435878 -0.05558821 0.38839542
v -0.13236404 -0.05858261 0.39222828
v -0.13113753 -0.06066205 0.39222828
v -0.15202845 -0.00045526 0.33171167
v -0.15321451 -0.00045526 0.31416568
v -0.15322799 -0.00173065 0.31416568
v -0.15268887 -0.00171678 0.32204434
v -0.15080194 -0.01051976 0.34154932
v -0.14995283 -0.01043658 0.35313309
v -0.15200148 -0.00776103 0.32719739
v -0.14860502 -0.01332008 0.36850713
v -0.14830851 -0.01326463 0.37246777
v -0.14801200 -0.01319531 0.37642838
v -0.14743244 -0.02371729 0.36309852
v -0.14648899 -0.02108333 0.38030383
v -0.14588246 -0.02470156 0.38030383
v -0.14619246 -0.02471542 0.37638578
v -0.14559943 -0.02856932 0.37246777
v -0.14485815 -0.03301933 0.36846454
v -0.14352382 -0.03559784 0.37642838
v -0.14046430 -0.04344427 0.38055936
v -0.14260731 -0.03936856 0.37225480
v -0.14209514 -0.03981217 0.37647097
v -0.13520789 -0.07621628 0.15420759
v -0.14046430 -0.06687265 0.15028954
v -0.14036996 -0.06670630 0.14645668
v -0.13528876 -0.07631332 0.15808304
v -0.13655568 -0.07434478 0.15808304
v -0.13818652 -0.07146129 0.15804045
v -0.14063952 -0.06710832 0.15804045
v -0.14055865 -0.06699742 0.15412240
v -0.13791696 -0.07140583 0.15028954
v -0.14129995 -0.06394757 0.13866320
v -0.14108430 -0.06389212 0.13483033
v -0.14170429 -0.06401688 0.14645668
v -0.14150211 -0.06400302 0.14258124
v -0.14081474 -0.06385053 0.13095490
v -0.13970954 -0.06537545 0.12580183
v -0.13840217 -0.06737172 0.12307623
v -0.13801132 -0.06742717 0.11915819
v -0.13759349 -0.06749648 0.11532533
v -0.13694655 -0.06784305 0.11127954
v -0.13682524 -0.06724695 0.10740408
v -0.13516746 -0.07103154 0.11127954
v -0.14213559 -0.06419710 0.20884716
v -0.14221645 -0.06419710 0.20497170
v -0.14228384 -0.06421097 0.20113884
v -0.14074735 -0.06720537 0.20109625
v -0.13671742 -0.07435864 0.19330278
v -0.14185255 -0.06412779 0.22055867
v -0.14194689 -0.06415552 0.21668322
v -0.14204123 -0.06418324 0.21276519
v -0.13673090 -0.07441410 0.18934214
v -0.13674438 -0.07445568 0.18538153
v -0.14270166 -0.06045411 0.24389655
v -0.14278253 -0.06064819 0.23989333
v -0.14293079 -0.06098090 0.23218502
v -0.14262080 -0.06023230 0.24785716
v -0.14070692 -0.06378121 0.25177521
v -0.14299818 -0.06113339 0.22830958
v -0.14306556 -0.06127202 0.22439153
v -0.14082822 -0.06733013 0.17746028
v -0.14084170 -0.06733013 0.18137831
v -0.14080126 -0.06731627 0.19326019
v -0.14081474 -0.06733013 0.18929956
v -0.14081474 -0.06731627 0.17354223
v -0.14078778 -0.06730241 0.16966678
v -0.14074735 -0.06727468 0.16583392
v -0.13828086 -0.07148901 0.16195848
v -0.13660960 -0.07442796 0.16200106
v -0.14098996 -0.05915099 0.28686719
v -0.14084170 -0.05894304 0.29078521
v -0.14112473 -0.05935893 0.28303433
v -0.14054518 -0.05852715 0.29849352
v -0.13910304 -0.06035706 0.30637218
v -0.14039693 -0.05830535 0.30236898
v -0.14125952 -0.05953915 0.27915888
v -0.14150211 -0.05994118 0.27140797
v -0.14186601 -0.06010753 0.26344413
v -0.13574700 -0.06511205 0.31812629
v -0.13573354 -0.06149383 0.34150676
v -0.13590874 -0.06179881 0.33758871
v -0.13527528 -0.06419710 0.32979524
v -0.13536962 -0.06085613 0.34925764
v -0.13555832 -0.06117498 0.34538218
v -0.13639395 -0.06275535 0.32591979
v -0.13601656 -0.06199289 0.33511864
v -0.13654220 -0.06307421 0.32204434
v -0.13838869 -0.06009367 0.31812629
v -0.13810566 -0.06006594 0.32200174
v -0.13914347 -0.05973323 0.31029023
v -0.13135318 -0.06099476 0.38835283
v -0.13156882 -0.06131361 0.38451997
v -0.13275489 -0.05927575 0.38451997
v -0.13535614 -0.05666952 0.37272326
v -0.13570657 -0.05748743 0.36471686
v -0.13518094 -0.06052342 0.35313309
v -0.13660960 -0.06669243 0.10348605
v -0.13558527 -0.06752421 0.09969577
v -0.13190578 -0.07301394 0.09586291
v -0.12535547 -0.07567563 0.06873478
v -0.12337420 -0.07977906 0.07248245
v -0.12214770 -0.07954339 0.06566848
v -0.12803759 -0.07329120 0.07465441
v -0.13155534 -0.07243170 0.09198747
v -0.13120492 -0.07183559 0.08806942
v -0.13150143 -0.06396143 0.06566848
v -0.13170361 -0.06461299 0.06847925
v -0.13194621 -0.06519523 0.07137519
v -0.13235055 -0.06609632 0.07635791
v -0.13361748 -0.06752421 0.08802685
v -0.13485747 -0.06769057 0.09582033
v -0.13821349 -0.06443277 0.10740408
v -0.13966911 -0.06106408 0.10744668
v -0.13987127 -0.06171563 0.11140730
v -0.14086865 -0.06038479 0.11532533
v -0.14143472 -0.06001049 0.11924336
v -0.14295773 -0.05621204 0.11920079
v -0.14311949 -0.05671111 0.12311882
v -0.14518162 -0.05226110 0.12699427
v -0.14546465 -0.05230269 0.13082713
v -0.14644854 -0.04922512 0.13082713
v -0.14737853 -0.04588414 0.13074195
v -0.14809286 -0.04331950 0.13074195
v -0.14822765 -0.04380470 0.13461740
v -0.14836242 -0.04424832 0.13849285
v -0.14948109 -0.04015875 0.13849285
v -0.15031673 -0.03695641 0.13849285
v -0.15097716 -0.03371247 0.13853543
v -0.15247322 -0.02640670 0.14019634
v -0.15255408 -0.02669782 0.14241089
v -0.15120627 -0.03375406 0.14241089
v -0.15140845 -0.03379565 0.14632892
v -0.15345711 -0.02521449 0.15403723
v -0.15376711 -0.02172102 0.15011920
v -0.15356493 -0.02169330 0.14628634
v -0.15415796 -0.01711853 0.14624375
v -0.15394231 -0.01710466 0.14241089
v -0.15441405 -0.01347257 0.14241089
v -0.15438709 -0.01015932 0.13857803
v -0.15454883 -0.00148111 0.13474516
v -0.15434666 -0.00045526 0.13223251
v -0.15480490 -0.00148111 0.13857803
v -0.13954780 -0.04589801 0.38068711
v -0.13841565 -0.04886468 0.38072970
v -0.13690612 -0.05216406 0.38072970
v -0.15347059 -0.00045526 0.31033282
v -0.15348405 -0.00174451 0.31033282
v -0.15272929 -0.01071384 0.31412309
v -0.15165105 -0.01064452 0.32983781
v -0.15190714 -0.01295964 0.32404595
v -0.15058629 -0.01348643 0.34150676
v -0.14945414 -0.01340325 0.35696595
v -0.15219017 -0.01068611 0.32200174
v -0.14999326 -0.02148535 0.33362810
v -0.14913067 -0.02140217 0.34533962
v -0.14724375 -0.02549175 0.36062847
v -0.14914414 -0.02485405 0.33750353
v -0.14856459 -0.02482633 0.34525444
v -0.14590942 -0.02859705 0.36846454
v -0.14516814 -0.03303319 0.36446133
v -0.14546465 -0.03306092 0.36058588
v -0.14487161 -0.03634644 0.35671043
v -0.14361816 -0.03637416 0.37221221
v -0.14427858 -0.03629098 0.36441874
v -0.14062604 -0.04392947 0.37659872
v -0.14267471 -0.04008943 0.36842194
v -0.14187950 -0.06404461 0.15028954
v -0.14204123 -0.06405848 0.15412240
v -0.14070692 -0.06720537 0.16195848
v -0.14217602 -0.06407234 0.15804045
v -0.14284991 -0.06085613 0.14253865
v -0.14274209 -0.06056501 0.13866320
v -0.14263426 -0.06023230 0.13478776
v -0.14295773 -0.06109180 0.14641410
v -0.14217602 -0.05992731 0.12707944
v -0.14039693 -0.06408620 0.12712203
v -0.13960171 -0.06511205 0.12311882
v -0.13943998 -0.06466844 0.11920079
v -0.13876609 -0.06426641 0.11140730
v -0.14317338 -0.06152155 0.21668322
v -0.14422467 -0.05923416 0.21664064
v -0.14426510 -0.05933121 0.21272261
v -0.14430555 -0.05941439 0.20880456
v -0.14434598 -0.05956688 0.20109625
v -0.14233775 -0.06421097 0.19722081
v -0.14077431 -0.06727468 0.19717822
v -0.14311949 -0.06141065 0.22055867
v -0.14376643 -0.05818058 0.24385396
v -0.14369903 -0.05794491 0.24781458
v -0.14383381 -0.05837466 0.23985074
v -0.14398208 -0.05870738 0.23214244
v -0.14232427 -0.06001049 0.25569325
v -0.14364512 -0.05777856 0.25054017
v -0.14404945 -0.05885987 0.22826699
v -0.14411685 -0.05899850 0.22434894
v -0.14248601 -0.06411392 0.17746028
v -0.14245906 -0.06415552 0.18533894
v -0.14248601 -0.06412779 0.18137831
v -0.14237819 -0.06421097 0.19326019
v -0.14245906 -0.06411392 0.17354223
v -0.14241862 -0.06410006 0.16966678
v -0.14235124 -0.06408620 0.16579134
v -0.14228384 -0.06407234 0.16195848
v -0.14252644 -0.05575456 0.28678201
v -0.14182558 -0.05572684 0.29840834
v -0.14229731 -0.05574070 0.29065746
v -0.14403597 -0.05137388 0.29444773
v -0.14429207 -0.05184521 0.28669682
v -0.14326774 -0.05664179 0.26731958
v -0.14336208 -0.05691905 0.26340154
v -0.14001953 -0.05779242 0.31148267
v -0.14132690 -0.05568525 0.30624443
v -0.14345642 -0.05718245 0.25952611
v -0.13701394 -0.05970551 0.33758871
v -0.13665003 -0.05910940 0.34538218
v -0.13609744 -0.05815285 0.35696595
v -0.13647482 -0.05879055 0.34921505
v -0.13780914 -0.06003822 0.32587720
v -0.13956128 -0.05714086 0.32191656
v -0.13972302 -0.05740426 0.31804110
v -0.13594919 -0.05791719 0.35981930
v -0.12582720 -0.07402593 0.06566848
v -0.12523417 -0.07494089 0.06566848
v -0.12481634 -0.07557859 0.06566848
v -0.13101622 -0.07096222 0.08419398
v -0.13267403 -0.06676175 0.08027594
v -0.12747152 -0.07230693 0.06852183
v -0.12999190 -0.06680334 0.06566848
v -0.12950669 -0.06770443 0.06566848
v -0.13015363 -0.06748262 0.06852183
v -0.13935912 -0.06389212 0.11532533
v -0.13997910 -0.06213152 0.11404772
v -0.14007345 -0.06256128 0.11664554
v -0.14018128 -0.06293557 0.11920079
v -0.14182558 -0.05996890 0.12316141
v -0.14337556 -0.05748743 0.12980503
v -0.14346991 -0.05775083 0.13236027
v -0.14573421 -0.05233042 0.13465999
v -0.14671810 -0.04923898 0.13465999
v -0.14751330 -0.04638321 0.13461740
v -0.14763460 -0.04684069 0.13849285
v -0.14848373 -0.04465034 0.14241089
v -0.14972370 -0.04015875 0.14236829
v -0.15054586 -0.03697027 0.14241089
v -0.15076151 -0.03698413 0.14628634
v -0.15159715 -0.03382338 0.15016178
v -0.15363232 -0.02525607 0.15791269
v -0.15414448 -0.02180420 0.15791269
v -0.15395579 -0.02176261 0.15399464
v -0.15483187 -0.01351416 0.15011920
v -0.15462970 -0.01348643 0.14628634
v -0.15461622 -0.01014546 0.14241089
v -0.15504751 -0.00148111 0.14241089
v -0.15453536 -0.00045526 0.13474516
v -0.15480490 -0.00045526 0.13857803
v -0.14063952 -0.04476125 0.37276586
v -0.13970954 -0.04636935 0.37668390
v -0.14059909 -0.04843493 0.35679561
v -0.13941303 -0.04976577 0.36454649
v -0.13974998 -0.05052823 0.35679561
v -0.13809218 -0.05190066 0.36863491
v -0.13767437 -0.05203930 0.37268070
v -0.13806522 -0.05553276 0.34912989
v -0.15360536 -0.00045526 0.30828861
v -0.15372667 -0.00177224 0.30649996
v -0.15297190 -0.01072770 0.31029023
v -0.15274277 -0.01370824 0.31020504
v -0.15223061 -0.01366665 0.31799854
v -0.15142192 -0.01359734 0.32979524
v -0.15115238 -0.01355575 0.33367067
v -0.15086933 -0.01352802 0.33758871
v -0.15027630 -0.02149921 0.32975265
v -0.14732461 -0.02593536 0.35824358
v -0.14971022 -0.02486791 0.32971006
v -0.14852416 -0.02868023 0.33358551
v -0.14824112 -0.02866636 0.33746097
v -0.14661028 -0.03311637 0.34521184
v -0.14604421 -0.03308864 0.35292016
v -0.14754026 -0.02676714 0.35292016
v -0.14516814 -0.03636030 0.35283500
v -0.14522205 -0.03982604 0.33741837
v -0.14464250 -0.03975672 0.34512669
v -0.14434598 -0.03972900 0.34900214
v -0.14283644 -0.04056077 0.36446133
v -0.14314643 -0.04147573 0.35671043
v -0.14116517 -0.04430377 0.36854972
v -0.14305209 -0.06129974 0.15024696
v -0.14321383 -0.06163245 0.15799786
v -0.14313295 -0.06147997 0.15412240
v -0.14326774 -0.06177109 0.16191590
v -0.14376643 -0.05861033 0.14249606
v -0.14365860 -0.05831921 0.13862062
v -0.14353730 -0.05798650 0.13474516
v -0.14264774 -0.05951143 0.13104007
v -0.14396859 -0.05905395 0.15020437
v -0.14034300 -0.06343464 0.12316141
v -0.14417076 -0.05912326 0.22051608
v -0.14570726 -0.05558821 0.22043091
v -0.14578812 -0.05558821 0.21659805
v -0.14592290 -0.05561594 0.20871939
v -0.14596333 -0.05562980 0.20488653
v -0.14600377 -0.05564366 0.20101108
v -0.14435946 -0.05963619 0.19717822
v -0.14491205 -0.05554662 0.24381137
v -0.14520857 -0.05557435 0.23593271
v -0.14535682 -0.05557435 0.23209985
v -0.14473684 -0.05554662 0.24777199
v -0.14584203 -0.05216406 0.25560807
v -0.14549161 -0.05557435 0.22822439
v -0.14563986 -0.05219179 0.25948352
v -0.14338903 -0.06202062 0.17741769
v -0.14340251 -0.06203448 0.18133573
v -0.14338903 -0.06203448 0.18529634
v -0.14437293 -0.05969164 0.19326019
v -0.14337556 -0.06197903 0.17349964
v -0.14334860 -0.06193744 0.16962420
v -0.14332165 -0.06186813 0.16579134
v -0.14376643 -0.05084708 0.30224120
v -0.14500640 -0.04889241 0.29444773
v -0.14546465 -0.04889241 0.28669682
v -0.14568029 -0.04892013 0.28277881
v -0.14520857 -0.05223338 0.26723440
v -0.14194689 -0.05194225 0.32187397
v -0.14221645 -0.05195612 0.31795595
v -0.14247254 -0.05198384 0.31399531
v -0.14368555 -0.05068073 0.30458353
v -0.14542422 -0.05221951 0.26335897
v -0.13904911 -0.05623977 0.33358551
v -0.13922433 -0.05654475 0.32971006
v -0.13887391 -0.05592092 0.33750353
v -0.14166385 -0.05192839 0.32579201
v -0.14138082 -0.05191453 0.32966747
v -0.12730977 -0.07157219 0.06566848
v -0.12837454 -0.06970070 0.06566848
v -0.14445380 -0.05564366 0.13470257
v -0.14468293 -0.05569911 0.13857803
v -0.14596333 -0.05237201 0.13853543
v -0.14694723 -0.04926670 0.13853543
v -0.14716288 -0.04929443 0.14241089
v -0.14847025 -0.04537122 0.14594564
v -0.14992587 -0.04015875 0.14628634
v -0.15011457 -0.04017261 0.15011920
v -0.15111193 -0.03701186 0.15399464
v -0.15177235 -0.03383724 0.15403723
v -0.15379406 -0.02529766 0.16178813
v -0.15519577 -0.01354188 0.15791269
v -0.15502055 -0.01351416 0.15399464
v -0.15430623 -0.02183193 0.16178813
v -0.15535750 -0.01358347 0.16174553
v -0.15503403 -0.01013160 0.15011920
v -0.15483187 -0.01014546 0.14628634
v -0.15523620 -0.01011774 0.15399464
v -0.15526316 -0.00149498 0.14628634
v -0.15518230 -0.00045526 0.14492354
v -0.14152908 -0.04853197 0.34525444
v -0.13992519 -0.05087481 0.35296275
v -0.14010040 -0.05122138 0.34908730
v -0.14027562 -0.05155409 0.34521184
v -0.15371318 -0.00045526 0.30649996
v -0.15345711 -0.01075543 0.30253932
v -0.15321451 -0.01075543 0.30641477
v -0.15383449 -0.00045526 0.30445575
v -0.15418492 -0.00177224 0.29870646
v -0.15368623 -0.01074157 0.29866387
v -0.15320103 -0.01380528 0.30245416
v -0.15131410 -0.02152694 0.31408050
v -0.15219017 -0.01574609 0.31403790
v -0.15186670 -0.01480341 0.32102223
v -0.15080194 -0.02152694 0.32191656
v -0.15023586 -0.02488178 0.32187397
v -0.14933284 -0.02870795 0.32187397
v -0.14826808 -0.03322727 0.32183140
v -0.14740547 -0.03515422 0.32753810
v -0.14718983 -0.03423927 0.33354292
v -0.14574769 -0.03638802 0.34516925
v -0.14603073 -0.03641575 0.34129383
v -0.14578812 -0.03986763 0.32958228
v -0.14448075 -0.04449785 0.32574942
v -0.14410337 -0.04391561 0.33354292
v -0.14394163 -0.04352744 0.33746097
v -0.14377989 -0.04313928 0.34133639
v -0.14150211 -0.04428991 0.36454649
v -0.14258037 -0.04477511 0.34908730
v -0.14214906 -0.04424832 0.35675302
v -0.14413033 -0.05940052 0.15795526
v -0.14419772 -0.05952529 0.16187331
v -0.14404945 -0.05923416 0.15407983
v -0.14488510 -0.05574070 0.14249606
v -0.14507380 -0.05576843 0.14632892
v -0.14524900 -0.05576843 0.15016178
v -0.14542422 -0.05576843 0.15403723
v -0.14713593 -0.05230269 0.21655547
v -0.14702811 -0.05215020 0.22430636
v -0.14716288 -0.05239973 0.21263742
v -0.14717636 -0.05248291 0.20871939
v -0.14720331 -0.05262154 0.20096850
v -0.14603073 -0.05564366 0.19709305
v -0.14603073 -0.05213634 0.25169002
v -0.14620595 -0.05212248 0.24777199
v -0.14636768 -0.05212248 0.24376877
v -0.14666419 -0.05212248 0.23589012
v -0.14700114 -0.04908649 0.25565066
v -0.14663724 -0.04908649 0.26335897
v -0.14678550 -0.05213634 0.23205726
v -0.14624638 -0.04904490 0.27119504
v -0.14434598 -0.05974710 0.17737510
v -0.14437293 -0.05974710 0.18525375
v -0.14435946 -0.05976096 0.18129314
v -0.14604421 -0.05565752 0.19317500
v -0.14604421 -0.05568525 0.18921439
v -0.14431903 -0.05971937 0.17345706
v -0.14429207 -0.05967778 0.16958163
v -0.14425164 -0.05962233 0.16574876
v -0.14476379 -0.04887854 0.29832318
v -0.14415728 -0.04847652 0.31007729
v -0.14554552 -0.04455330 0.31003470
v -0.14578812 -0.04456716 0.30611665
v -0.14625986 -0.04460875 0.29828059
v -0.14648899 -0.04462262 0.29440514
v -0.14349685 -0.05025097 0.31007729
v -0.14671810 -0.04462262 0.29052968
v -0.14700114 -0.04506623 0.28273621
v -0.14321383 -0.04962714 0.31795595
v -0.14078778 -0.05183135 0.33746097
v -0.14212211 -0.04861514 0.33750353
v -0.14241862 -0.04864287 0.33358551
v -0.14306556 -0.04928057 0.32187397
v -0.14616552 -0.05239973 0.14245348
v -0.14635420 -0.05242746 0.14632892
v -0.14739201 -0.04980736 0.15016178
v -0.14740547 -0.04907262 0.14594564
v -0.14786373 -0.04765860 0.14701033
v -0.14882067 -0.04485829 0.15016178
v -0.15028978 -0.04017261 0.15399464
v -0.15127368 -0.03701186 0.15787009
v -0.15193409 -0.03386497 0.15791269
v -0.15307972 -0.02888817 0.16174553
v -0.15394231 -0.02531153 0.16562099
v -0.15541143 -0.01011774 0.15787009
v -0.15457577 -0.02184579 0.16945385
v -0.15578880 -0.01363892 0.17345706
v -0.15564055 -0.01366665 0.16945385
v -0.15570794 -0.01020091 0.16549324
v -0.15585619 -0.01024250 0.16945385
v -0.15546533 -0.00150884 0.15011920
v -0.15566749 -0.00153657 0.15399464
v -0.15584273 -0.00155043 0.15782750
v -0.15538447 -0.00045526 0.14871381
v -0.15365929 -0.01384687 0.29470326
v -0.15343016 -0.01383300 0.29857871
v -0.15427927 -0.00045526 0.29687521
v -0.15440057 -0.00177224 0.29483100
v -0.15390188 -0.01071384 0.29478844
v -0.15409058 -0.01388846 0.28686719
v -0.15178584 -0.02156853 0.30624443
v -0.15231147 -0.02357866 0.29223318
v -0.15073456 -0.02490950 0.31403790
v -0.15049195 -0.02489564 0.31795595
v -0.14852416 -0.03325500 0.31791336
v -0.14748635 -0.03551466 0.32489769
v -0.14686636 -0.03645734 0.32958228
v -0.14658333 -0.03645734 0.33350033
v -0.14767505 -0.03656824 0.31757264
v -0.14605769 -0.03988149 0.32566426
v -0.14476379 -0.04451171 0.32183140
v -0.14291730 -0.04889241 0.32579201
v -0.14410337 -0.04481670 0.32928419
v -0.14290384 -0.04557916 0.34137898
v -0.14569378 -0.05575456 0.16178813
v -0.14557247 -0.05576843 0.15791269
v -0.14578812 -0.05575456 0.16566358
v -0.14652942 -0.05242746 0.15016178
v -0.14669115 -0.05242746 0.15399464
v -0.14718983 -0.05194225 0.22077161
v -0.14759417 -0.05097185 0.21974952
v -0.14762112 -0.05106889 0.21655547
v -0.14745940 -0.05041733 0.23209985
v -0.14749983 -0.05062527 0.22822439
v -0.14756723 -0.05090253 0.22230476
v -0.14764809 -0.05116593 0.21263742
v -0.14766157 -0.05124911 0.20871939
v -0.14767505 -0.05131842 0.20488653
v -0.14768853 -0.05137388 0.20101108
v -0.14721679 -0.05270472 0.19313242
v -0.14723027 -0.04939147 0.24781458
v -0.14729765 -0.04966873 0.24376877
v -0.14735158 -0.04993213 0.23980816
v -0.14740547 -0.05018166 0.23593271
v -0.14841633 -0.04424832 0.25952611
v -0.14776939 -0.04743680 0.25058276
v -0.14725722 -0.04880923 0.25181780
v -0.14833547 -0.04397106 0.26331638
v -0.14814677 -0.04341654 0.27110985
v -0.14710897 -0.04534349 0.27886076
v -0.14597682 -0.05574070 0.17733250
v -0.14601725 -0.05572684 0.18125055
v -0.14603073 -0.05571298 0.18521117
v -0.14593639 -0.05574070 0.17341449
v -0.14586899 -0.05575456 0.16953903
v -0.14418424 -0.04911421 0.30598891
v -0.14384729 -0.04786655 0.31795595
v -0.14503335 -0.04451171 0.31791336
v -0.14675853 -0.03943787 0.31753008
v -0.14679898 -0.04003398 0.31386756
v -0.14696071 -0.04031124 0.30994952
v -0.14710897 -0.04060236 0.30603150
v -0.14724375 -0.04092121 0.30215605
v -0.14748635 -0.04162822 0.29436254
v -0.14766157 -0.04215501 0.28852810
v -0.14704157 -0.04424832 0.28699494
v -0.14782330 -0.04259863 0.28273621
v -0.14751330 -0.05041733 0.15787009
v -0.14799852 -0.04825471 0.15399464
v -0.14914414 -0.04485829 0.15787009
v -0.14898242 -0.04485829 0.15399464
v -0.15045151 -0.04015875 0.15787009
v -0.15142192 -0.03702572 0.16174553
v -0.15208234 -0.03386497 0.16174553
v -0.15228453 -0.03355998 0.16549324
v -0.15329537 -0.02919315 0.16949644
v -0.15406362 -0.02532539 0.16949644
v -0.15468360 -0.02188738 0.17337189
v -0.15588314 -0.01372210 0.17741769
v -0.15608532 -0.01038113 0.17746028
v -0.15599097 -0.01025636 0.17354223
v -0.15613923 -0.00160588 0.16545065
v -0.15644922 -0.00156429 0.17362742
v -0.15576185 -0.00045526 0.15637955
v -0.15597750 -0.00045526 0.16166038
v -0.15450840 -0.00045526 0.29274423
v -0.15461622 -0.00175838 0.29091299
v -0.15483187 -0.00175838 0.28699494
v -0.15433318 -0.01064452 0.28695235
v -0.15427927 -0.01388846 0.28303433
v -0.15378059 -0.01722943 0.28294915
v -0.15290452 -0.02165171 0.28673942
v -0.15309320 -0.02166557 0.28286396
v -0.15237887 -0.02465997 0.28669682
v -0.15233844 -0.02411931 0.28959276
v -0.15186670 -0.02502040 0.29453292
v -0.15142192 -0.02500654 0.30232639
v -0.15119281 -0.02499268 0.30620184
v -0.15007414 -0.02881885 0.31011989
v -0.14925196 -0.03340749 0.30615925
v -0.14900937 -0.03336590 0.31007729
v -0.14759417 -0.03588896 0.32174622
v -0.14794461 -0.03648506 0.31391015
v -0.14705505 -0.05244132 0.16562099
v -0.14696071 -0.05242746 0.16174553
v -0.14683941 -0.05242746 0.15787009
v -0.14714940 -0.05244132 0.16949644
v -0.14806590 -0.04950237 0.22081420
v -0.14825460 -0.04916966 0.21659805
v -0.14803895 -0.04867060 0.23214244
v -0.14809286 -0.04887854 0.22822439
v -0.14813329 -0.04907262 0.22434894
v -0.14836242 -0.04919739 0.20876197
v -0.14840285 -0.04919739 0.20488653
v -0.14842982 -0.04918353 0.20101108
v -0.14770200 -0.05145705 0.19317500
v -0.14770200 -0.05144319 0.18917180
v -0.14875329 -0.04477511 0.24781458
v -0.14890154 -0.04478897 0.24381137
v -0.14793113 -0.04819926 0.23980816
v -0.14960240 -0.04003398 0.26331638
v -0.14803895 -0.04313928 0.27502790
v -0.14904980 -0.04000625 0.27502790
v -0.14923849 -0.04002012 0.27110985
v -0.14735158 -0.05220565 0.17746028
v -0.14725722 -0.05256609 0.18516860
v -0.14771548 -0.05138774 0.18516860
v -0.14727070 -0.05248291 0.18120796
v -0.14721679 -0.05242746 0.17337189
v -0.14842982 -0.03654052 0.30607406
v -0.14911719 -0.03659597 0.29440514
v -0.14953502 -0.03665142 0.28665423
v -0.14867241 -0.03996466 0.28273621
v -0.14886111 -0.03999239 0.27886076
v -0.14756723 -0.05065300 0.16174553
v -0.14813329 -0.04875378 0.16174553
v -0.14927892 -0.04485829 0.16174553
v -0.15059977 -0.04015875 0.16174553
v -0.15155671 -0.03701186 0.16562099
v -0.15225758 -0.03430858 0.16949644
v -0.15268887 -0.03218755 0.16949644
v -0.15340319 -0.02920702 0.17341449
v -0.15417144 -0.02533925 0.17337189
v -0.15426578 -0.02535312 0.17728993
v -0.15476447 -0.02192897 0.17728993
v -0.15600445 -0.01388846 0.18529634
v -0.15613923 -0.01054748 0.18142089
v -0.15677270 -0.00173065 0.18908661
v -0.15670532 -0.00174451 0.18529634
v -0.15657053 -0.00159202 0.17758803
v -0.15643574 -0.00045526 0.17362742
v -0.15481839 -0.00045526 0.28699494
v -0.15502055 -0.00175838 0.28316208
v -0.15452188 -0.01063066 0.28311949
v -0.15445448 -0.01390232 0.27911629
v -0.15344364 -0.02172102 0.27515565
v -0.15283711 -0.02510358 0.27511308
v -0.15266191 -0.02506199 0.27894595
v -0.15051890 -0.03361543 0.28282137
v -0.15033021 -0.03357385 0.28669682
v -0.15012803 -0.03354612 0.29061487
v -0.14992587 -0.03350453 0.29449032
v -0.15053238 -0.02887430 0.30232639
v -0.14971022 -0.03346294 0.29836578
v -0.14760766 -0.05086094 0.16562099
v -0.14764809 -0.05102730 0.16949644
v -0.14770200 -0.05122138 0.17626784
v -0.14767505 -0.05115207 0.17341449
v -0.14958891 -0.04483056 0.22047350
v -0.14965631 -0.04484443 0.21659805
v -0.14929241 -0.04483056 0.23214244
v -0.14917110 -0.04481670 0.23597530
v -0.14950805 -0.04483056 0.22434894
v -0.14973718 -0.04485829 0.20876197
v -0.14976413 -0.04485829 0.20488653
v -0.14977761 -0.04485829 0.20101108
v -0.14844330 -0.04918353 0.19709305
v -0.14844330 -0.04919739 0.19317500
v -0.15023586 -0.04003398 0.24781458
v -0.14976413 -0.04003398 0.25948352
v -0.15008760 -0.04002012 0.25173261
v -0.15026282 -0.03677619 0.27115244
v -0.15058629 -0.03683164 0.26335897
v -0.15074803 -0.03684550 0.25952611
v -0.14991239 -0.03672074 0.27890335
v -0.14771548 -0.05127683 0.17886566
v -0.14837590 -0.04932216 0.18521117
v -0.14841633 -0.04925284 0.18921439
v -0.14818720 -0.04896172 0.16566358
v -0.14940023 -0.04485829 0.16566358
v -0.15072108 -0.04015875 0.16562099
v -0.15166453 -0.03702572 0.16949644
v -0.15231147 -0.03458584 0.17341449
v -0.15274277 -0.03246481 0.17341449
v -0.15278321 -0.03268662 0.17733250
v -0.15355146 -0.02924860 0.18120796
v -0.15433318 -0.02538084 0.18120796
v -0.15483187 -0.02195669 0.18120796
v -0.15489925 -0.02197056 0.18516860
v -0.15495317 -0.02194283 0.18904403
v -0.15558663 -0.01728488 0.18908661
v -0.15609879 -0.01384687 0.19304725
v -0.15624706 -0.01065839 0.18929956
v -0.15677270 -0.00046912 0.18653138
v -0.15674573 -0.00130090 0.18648879
v -0.15682661 -0.00157816 0.19321759
v -0.15654357 -0.00045526 0.17763062
v -0.15677270 -0.00045526 0.18653138
v -0.15500707 -0.00045526 0.28316208
v -0.15518230 -0.00175838 0.27928663
v -0.15484535 -0.01060294 0.27541117
v -0.15410406 -0.01732647 0.27519824
v -0.15476447 -0.01397164 0.27145056
v -0.15425230 -0.01739578 0.27136538
v -0.15441405 -0.01740965 0.26740477
v -0.15375363 -0.02179034 0.26736218
v -0.15316058 -0.02515904 0.26731958
v -0.15299886 -0.02514517 0.27123763
v -0.15086933 -0.03369861 0.27507049
v -0.15104455 -0.03372634 0.27119504
v -0.14822765 -0.04914194 0.16949644
v -0.14964284 -0.04488601 0.17737510
v -0.14833547 -0.04936374 0.18125055
v -0.14969674 -0.04488601 0.18125055
v -0.15103107 -0.04007557 0.22043091
v -0.15108498 -0.04007557 0.21655547
v -0.15112541 -0.04008943 0.21263742
v -0.15074803 -0.04006171 0.23214244
v -0.15064020 -0.04006171 0.23597530
v -0.15085585 -0.04006171 0.22822439
v -0.15095021 -0.04006171 0.22430636
v -0.15117932 -0.04011716 0.20484395
v -0.14979110 -0.04484443 0.19709305
v -0.14979110 -0.04483056 0.19317500
v -0.15120627 -0.03681777 0.24781458
v -0.15105803 -0.03683164 0.25177521
v -0.15151628 -0.03378179 0.25956868
v -0.15120627 -0.03375406 0.26727699
v -0.14973718 -0.04485829 0.18521117
v -0.14949457 -0.04487215 0.16953903
v -0.15082890 -0.04015875 0.16949644
v -0.15175887 -0.03702572 0.17341449
v -0.15235192 -0.03480765 0.17733250
v -0.15281016 -0.03290842 0.18120796
v -0.15361884 -0.02923474 0.18516860
v -0.15449491 -0.02535312 0.19300466
v -0.15503403 -0.02192897 0.19683752
v -0.15506100 -0.02194283 0.20079814
v -0.15617966 -0.01381914 0.20471618
v -0.15638185 -0.01065839 0.20475877
v -0.15632792 -0.01064452 0.19696528
v -0.15690748 -0.00153657 0.20092591
v -0.15686704 -0.00155043 0.19705045
v -0.15684009 -0.00045526 0.19326019
v -0.15516882 -0.00045526 0.27928663
v -0.15582924 -0.00045526 0.26344413
v -0.15584273 -0.00166133 0.26340154
v -0.15533054 -0.01057521 0.26340154
v -0.15507448 -0.01388846 0.26340154
v -0.15457577 -0.01734033 0.26344413
v -0.15390188 -0.02180420 0.26344413
v -0.15345711 -0.02521449 0.25952611
v -0.14957545 -0.04488601 0.17341449
v -0.15092325 -0.04015875 0.17341449
v -0.15105803 -0.04014488 0.18125055
v -0.15111193 -0.04011716 0.18521117
v -0.15179932 -0.03684550 0.22822439
v -0.15188018 -0.03685936 0.22430636
v -0.15194757 -0.03687323 0.22043091
v -0.15200148 -0.03688709 0.21655547
v -0.15204193 -0.03690095 0.21263742
v -0.15169149 -0.03684550 0.23214244
v -0.15134106 -0.03683164 0.24381137
v -0.15158367 -0.03683164 0.23597530
v -0.15206888 -0.03691482 0.20871939
v -0.15239235 -0.03577805 0.20871939
v -0.15239235 -0.03581964 0.20484395
v -0.15209583 -0.03690095 0.20092591
v -0.15117932 -0.04011716 0.19705045
v -0.15116586 -0.04010330 0.19313242
v -0.15201497 -0.03415609 0.24381137
v -0.15166453 -0.03379565 0.25569325
v -0.15181280 -0.03379565 0.25177521
v -0.15113889 -0.04011716 0.18917180
v -0.15183975 -0.03702572 0.17733250
v -0.15237887 -0.03501559 0.18125055
v -0.15283711 -0.03337976 0.18912921
v -0.15372667 -0.02920702 0.19304725
v -0.15452188 -0.02536698 0.19688011
v -0.15454883 -0.02542243 0.20475877
v -0.15506100 -0.02195669 0.20471618
v -0.15617966 -0.01383300 0.20859163
v -0.15639531 -0.01067225 0.21250968
v -0.15694791 -0.00152271 0.21250968
v -0.15693443 -0.00152271 0.20859163
v -0.15692096 -0.00152271 0.20475877
v -0.15693443 -0.00045526 0.21097652
v -0.15692096 -0.00045526 0.20735659
v -0.15689400 -0.00045526 0.20092591
v -0.15688052 -0.00045526 0.19879654
v -0.15589662 -0.00045526 0.26178323
v -0.15647619 -0.00045526 0.24674990
v -0.15599097 -0.00159202 0.25944093
v -0.15628749 -0.00149498 0.25147709
v -0.15623358 -0.00473891 0.24721836
v -0.15573490 -0.01050590 0.25151968
v -0.15522272 -0.01383300 0.25948352
v -0.15498012 -0.01732647 0.25156227
v -0.15430623 -0.02187351 0.25164743
v -0.15403665 -0.02183193 0.25952611
v -0.15359188 -0.02524221 0.25560807
v -0.15202845 -0.03347681 0.24794234
v -0.15197452 -0.03697027 0.18516860
v -0.15190714 -0.03701186 0.18125055
v -0.15206888 -0.03690095 0.19308984
v -0.15202845 -0.03692868 0.18917180
v -0.15219017 -0.03493242 0.23214244
v -0.15223061 -0.03516808 0.22822439
v -0.15227104 -0.03537603 0.22430636
v -0.15231147 -0.03552852 0.22043091
v -0.15235192 -0.03563943 0.21655547
v -0.15237887 -0.03572260 0.21263742
v -0.15206888 -0.03444721 0.23985074
v -0.15282364 -0.03376793 0.20871939
v -0.15282364 -0.03379565 0.20484395
v -0.15239235 -0.03583351 0.20096850
v -0.15384797 -0.02528380 0.24777199
v -0.15256757 -0.03272821 0.23597530
v -0.15372667 -0.02525607 0.25169002
v -0.15240582 -0.03544534 0.18917180
v -0.15282364 -0.03360157 0.19308984
v -0.15375363 -0.02922088 0.19696528
v -0.15376711 -0.02926247 0.20088331
v -0.15375363 -0.02930406 0.20867681
v -0.15452188 -0.02542243 0.21255225
v -0.15504751 -0.02197056 0.21250968
v -0.15506100 -0.02195669 0.20859163
v -0.15617966 -0.01383300 0.21246708
v -0.15615272 -0.01383300 0.21642769
v -0.15636836 -0.01067225 0.21642769
v -0.15693443 -0.00150884 0.21642769
v -0.15693443 -0.00045526 0.21255225
v -0.15648967 -0.00045526 0.24623885
v -0.15654357 -0.00152271 0.24359843
v -0.15644922 -0.00149498 0.24653697
v -0.15642226 -0.00243766 0.24568520
v -0.15585619 -0.01053362 0.24755906
v -0.15535750 -0.01380528 0.25548029
v -0.15547881 -0.01383300 0.25151968
v -0.15510143 -0.01734033 0.24764423
v -0.15442753 -0.02188738 0.24772941
v -0.15239235 -0.03577805 0.19700786
v -0.15239235 -0.03565329 0.19308984
v -0.15262146 -0.03296387 0.23209985
v -0.15266191 -0.03318568 0.22822439
v -0.15270234 -0.03339363 0.22430636
v -0.15274277 -0.03354612 0.22043091
v -0.15278321 -0.03364316 0.21655547
v -0.15281016 -0.03371247 0.21259483
v -0.15372667 -0.02931792 0.21259483
v -0.15282364 -0.03379565 0.20092591
v -0.15406362 -0.02533925 0.23980816
v -0.15282364 -0.03374020 0.19700786
v -0.15449491 -0.02542243 0.21647029
v -0.15502055 -0.02195669 0.21647029
v -0.15612575 -0.01383300 0.22030315
v -0.15634140 -0.01067225 0.22030315
v -0.15690748 -0.00150884 0.22034574
v -0.15690748 -0.00045526 0.21881258
v -0.15692096 -0.00045526 0.21647029
v -0.15658401 -0.00045526 0.24223563
v -0.15670532 -0.00155043 0.23584754
v -0.15653008 -0.00314467 0.23968040
v -0.15605837 -0.01061680 0.23968040
v -0.15596402 -0.01057521 0.24359843
v -0.15570794 -0.01387459 0.24364102
v -0.15560012 -0.01384687 0.24755906
v -0.15520925 -0.01734033 0.24368360
v -0.15453536 -0.02190124 0.24376877
v -0.15415796 -0.02536698 0.23597530
v -0.15431971 -0.02540857 0.22818180
v -0.15363232 -0.02931792 0.22038833
v -0.15438709 -0.02542243 0.22426377
v -0.15368623 -0.02931792 0.21651288
v -0.15444100 -0.02542243 0.22038833
v -0.15498012 -0.02195669 0.22034574
v -0.15608532 -0.01384687 0.22417860
v -0.15626054 -0.01067225 0.22809663
v -0.15682661 -0.00152271 0.22809663
v -0.15689400 -0.00045526 0.22034574
v -0.15686704 -0.00150884 0.22422119
v -0.15671878 -0.00045526 0.23435698
v -0.15677270 -0.00155043 0.23197209
v -0.15612575 -0.01065839 0.23584754
v -0.15619315 -0.01067225 0.23197209
v -0.15580228 -0.01387459 0.23972298
v -0.15596402 -0.01386073 0.23197209
v -0.15588314 -0.01387459 0.23584754
v -0.15530359 -0.01732647 0.23976557
v -0.15462970 -0.02191510 0.23980816
v -0.15479142 -0.02194283 0.23205726
v -0.15487230 -0.02194283 0.22813922
v -0.15492621 -0.02195669 0.22422119
v -0.15603141 -0.01384687 0.22809663
v -0.15681314 -0.00045526 0.22809663
v -0.15675921 -0.00045526 0.23192949
f 1 2 3
f 1 3 4
f 1 4 5
f 1 5 6
f 1 6 7
f 1 7 8
f 1 8 9
f 1 9 10
f 1 10 2
f 2 10 19
f 2 19 22
f 2 22 36
f 2 36 35
f 2 35 55
f 2 55 54
f 2 54 76
f 2 76 101
f 2 101 102
f 2 102 135
f 2 135 134
f 2 134 179
f 2 179 178
f 2 178 226
f 2 226 271
f 2 271 325
f 2 325 323
f 2 323 384
f 2 384 383
f 2 383 458
f 2 458 542
f 2 542 621
f 2 621 700
f 2 700 805
f 2 805 905
f 2 905 904
f 2 904 1005
f 2 1005 1114
f 2 1114 1227
f 2 1227 1339
f 2 1339 1460
f 2 1460 1581
f 2 1581 1716
f 2 1716 1719
f 2 1719 1718
f 2 1718 1717
f 2 1717 1584
f 2 1584 1583
f 2 1583 1582
f 2 1582 1461
f 2 1461 1341
f 2 1341 1228
f 2 1228 1115
f 2 1115 1006
f 2 1006 906
f 2 906 807
f 2 807 712
f 2 712 711
f 2 711 710
f 2 710 709
f 2 709 708
f 2 708 806
f 2 806 701
f 2 701 622
f 2 622 545
f 2 545 544
f 2 544 543
f 2 543 466
f 2 466 465
f 2 465 464
f 2 464 463
f 2 463 462
f 2 462 460
f 2 460 459
f 2 459 388
f 2 388 387
f 2 387 386
f 2 386 385
f 2 385 327
f 2 327 276
f 2 276 275
f 2 275 326
f 2 326 272
f 2 272 227
f 2 227 181
f 2 181 137
f 2 137 104
f 2 104 78
f 2 78 56
f 2 56 37
f 2 37 23
f 2 23 11
f 2 11 3
f 3 11 4
f 4 11 12
f 4 12 13
f 4 13 5
f 5 13 14
f 5 14 15
f 5 15 6
f 6 15 16
f 6 16 7
f 7 17 18
f 7 18 9
f 7 9 8
f 7 16 17
f 9 19 10
f 9 18 20
f 9 20 21
f 9 21 22
f 9 22 19
f 11 23 24
f 11 24 12
f 12 24 13
f 13 24 25
f 13 25 14
f 14 25 26
f 14 26 27
f 14 27 28
f 14 28 29
f 14 29 15
f 15 29 16
f 16 29 30
f 16 30 17
f 17 30 31
f 17 31 18
f 18 31 20
f 20 32 33
f 20 33 21
f 20 31 32
f 21 33 34
f 21 34 35
f 21 35 36
f 21 36 22
f 23 37 24
f 24 37 38
f 24 38 39
f 24 39 25
f 25 39 26
f 26 39 40
f 26 40 41
f 26 41 27
f 27 42 28
f 27 41 43
f 27 43 44
f 27 44 42
f 28 42 29
f 29 42 45
f 29 45 49
f 29 49 30
f 30 46 47
f 30 47 48
f 30 48 31
f 30 49 46
f 31 48 50
f 31 50 32
f 32 50 51
f 32 51 33
f 33 51 52
f 33 52 34
f 34 52 53
f 34 53 54
f 34 54 55
f 34 55 35
f 37 56 38
f 38 56 57
f 38 57 39
f 39 57 58
f 39 58 40
f 40 58 59
f 40 59 60
f 40 60 61
f 40 61 41
f 41 61 62
f 41 62 43
f 42 63 45
f 42 44 64
f 42 64 63
f 43 64 44
f 43 62 64
f 45 63 65
f 45 65 49
f 46 49 66
f 46 66 47
f 47 66 67
f 47 67 68
f 47 68 69
f 47 69 50
f 47 50 48
f 49 65 70
f 49 70 66
f 50 69 71
f 50 71 51
f 51 71 72
f 51 72 73
f 51 73 52
f 52 73 74
f 52 74 53
f 53 74 75
f 53 75 76
f 53 76 54
f 56 77 57
f 56 78 77
f 57 77 79
f 57 79 58
f 58 79 59
f 59 79 80
f 59 80 60
f 60 81 62
f 60 62 61
f 60 80 82
f 60 82 83
f 60 83 81
f 62 81 84
f 62 84 64
f 63 85 88
f 63 88 65
f 63 64 86
f 63 86 85
f 64 84 87
f 64 87 86
f 65 88 70
f 66 89 90
f 66 90 67
f 66 70 88
f 66 88 91
f 66 91 89
f 67 90 68
f 68 92 93
f 68 93 69
f 68 90 92
f 69 93 94
f 69 94 71
f 71 94 95
f 71 95 72
f 72 95 96
f 72 96 97
f 72 97 98
f 72 98 73
f 73 98 74
f 74 98 99
f 74 99 100
f 74 100 75
f 75 101 76
f 75 100 102
f 75 102 101
f 77 78 103
f 77 103 79
f 78 104 103
f 79 103 105
f 79 105 80
f 80 105 106
f 80 106 82
f 81 107 84
f 81 83 113
f 81 113 107
f 82 106 108
f 82 108 109
f 82 109 110
f 82 110 83
f 83 110 111
f 83 111 112
f 83 112 113
f 84 107 87
f 85 114 115
f 85 115 88
f 85 86 116
f 85 116 114
f 86 87 116
f 87 107 117
f 87 117 118
f 87 118 116
f 88 119 120
f 88 120 121
f 88 121 91
f 88 115 119
f 89 91 121
f 89 121 90
f 90 121 122
f 90 122 92
f 92 122 123
f 92 123 93
f 93 124 94
f 93 123 124
f 94 124 125
f 94 125 95
f 95 125 126
f 95 126 96
f 96 126 127
f 96 127 97
f 97 127 128
f 97 128 98
f 98 128 129
f 98 129 99
f 99 129 130
f 99 130 131
f 99 131 132
f 99 132 100
f 100 132 133
f 100 133 134
f 100 134 135
f 100 135 102
f 103 104 136
f 103 136 139
f 103 139 105
f 104 137 138
f 104 138 136
f 105 139 106
f 106 139 140
f 106 140 141
f 106 141 108
f 107 113 142
f 107 142 143
f 107 143 117
f 108 144 109
f 108 141 145
f 108 145 144
f 109 146 147
f 109 147 148
f 109 148 149
f 109 149 150
f 109 150 151
f 109 151 110
f 109 144 146
f 110 151 112
f 110 112 111
f 112 142 113
f 112 151 152
f 112 152 142
f 114 153 115
f 114 116 153
f 115 153 154
f 115 154 159
f 115 159 119
f 116 118 155
f 116 155 156
f 116 156 153
f 117 143 118
f 118 157 155
f 118 143 142
f 118 142 158
f 118 158 157
f 119 159 120
f 120 159 161
f 120 161 121
f 121 160 122
f 121 161 160
f 122 160 162
f 122 162 163
f 122 163 164
f 122 164 123
f 123 164 165
f 123 165 166
f 123 166 125
f 123 125 124
f 125 166 167
f 125 167 126
f 126 167 168
f 126 168 169
f 126 169 127
f 127 169 170
f 127 170 128
f 128 170 171
f 128 171 172
f 128 172 129
f 129 172 130
f 130 172 173
f 130 173 174
f 130 174 131
f 131 174 175
f 131 175 132
f 132 175 176
f 132 176 133
f 133 176 177
f 133 177 178
f 133 178 179
f 133 179 134
f 136 138 180
f 136 180 139
f 137 181 182
f 137 182 138
f 138 182 180
f 139 180 140
f 140 180 183
f 140 183 141
f 141 184 185
f 141 185 186
f 141 186 187
f 141 187 188
f 141 188 148
f 141 148 147
f 141 147 145
f 141 183 189
f 141 189 184
f 142 190 158
f 142 152 191
f 142 191 190
f 144 145 146
f 145 147 146
f 148 188 192
f 148 192 149
f 149 192 193
f 149 193 194
f 149 194 151
f 149 151 150
f 151 194 152
f 152 194 195
f 152 195 191
f 153 196 154
f 153 156 197
f 153 197 196
f 154 196 198
f 154 198 159
f 155 157 199
f 155 199 156
f 156 199 197
f 157 200 199
f 157 158 201
f 157 201 200
f 158 190 202
f 158 202 201
f 159 203 161
f 159 198 203
f 160 204 205
f 160 205 162
f 160 161 206
f 160 206 204
f 161 203 206
f 162 205 207
f 162 207 163
f 163 207 208
f 163 208 164
f 164 208 165
f 165 208 209
f 165 209 210
f 165 210 167
f 165 167 166
f 167 210 211
f 167 211 168
f 168 211 212
f 168 212 169
f 169 212 213
f 169 213 170
f 170 213 214
f 170 214 215
f 170 215 171
f 171 215 216
f 171 216 172
f 172 216 217
f 172 217 173
f 173 217 218
f 173 218 219
f 173 219 220
f 173 220 221
f 173 221 174
f 174 221 175
f 175 221 220
f 175 220 222
f 175 222 223
f 175 223 176
f 176 223 224
f 176 224 177
f 177 224 225
f 177 225 226
f 177 226 178
f 180 189 183
f 180 182 184
f 180 184 189
f 181 227 182
f 182 227 228
f 182 228 229
f 182 229 184
f 184 229 185
f 185 230 231
f 185 231 186
f 185 229 232
f 185 232 233
f 185 233 230
f 186 231 187
f 187 231 230
f 187 230 234
f 187 234 235
f 187 235 188
f 188 235 192
f 190 191 202
f 191 195 236
f 191 236 202
f 192 235 193
f 193 235 237
f 193 237 238
f 193 238 239
f 193 239 194
f 194 239 195
f 195 239 287
f 195 287 236
f 196 240 241
f 196 241 198
f 196 197 242
f 196 242 240
f 197 199 243
f 197 243 242
f 198 241 203
f 199 200 244
f 199 244 243
f 200 201 245
f 200 245 246
f 200 246 244
f 201 202 247
f 201 247 245
f 202 236 248
f 202 248 247
f 203 249 250
f 203 250 206
f 203 241 249
f 204 251 205
f 204 206 250
f 204 250 251
f 205 251 252
f 205 252 207
f 207 252 253
f 207 253 208
f 208 253 209
f 209 253 254
f 209 254 255
f 209 255 256
f 209 256 210
f 210 256 211
f 211 256 257
f 211 257 258
f 211 258 212
f 212 258 259
f 212 259 260
f 212 260 214
f 212 214 213
f 214 260 261
f 214 261 215
f 215 261 216
f 216 261 217
f 217 261 218
f 218 262 263
f 218 263 264
f 218 264 219
f 218 261 262
f 219 264 265
f 219 265 220
f 220 265 222
f 222 265 266
f 222 266 223
f 223 266 265
f 223 265 267
f 223 267 268
f 223 268 269
f 223 269 224
f 224 269 225
f 225 269 268
f 225 268 270
f 225 270 271
f 225 271 226
f 227 272 273
f 227 273 228
f 228 273 229
f 229 273 274
f 229 274 275
f 229 275 276
f 229 276 277
f 229 277 278
f 229 278 232
f 230 279 234
f 230 233 279
f 232 278 233
f 233 278 280
f 233 280 281
f 233 281 282
f 233 282 279
f 234 279 283
f 234 283 284
f 234 284 285
f 234 285 235
f 235 285 286
f 235 286 237
f 236 287 288
f 236 288 248
f 237 286 289
f 237 289 238
f 238 289 290
f 238 290 291
f 238 291 287
f 238 287 239
f 240 242 292
f 240 292 241
f 241 292 293
f 241 293 249
f 242 243 294
f 242 294 292
f 243 295 294
f 243 244 296
f 243 296 295
f 244 246 297
f 244 297 296
f 245 247 246
f 246 247 298
f 246 298 299
f 246 299 297
f 247 248 300
f 247 300 298
f 248 288 301
f 248 301 300
f 249 302 250
f 249 293 302
f 250 302 303
f 250 303 304
f 250 304 305
f 250 305 251
f 251 305 252
f 252 306 307
f 252 307 253
f 252 305 306
f 253 307 254
f 254 307 255
f 255 308 256
f 255 307 309
f 255 309 310
f 255 310 311
f 255 311 312
f 255 312 308
f 256 308 257
f 257 312 313
f 257 313 314
f 257 314 259
f 257 259 258
f 257 308 312
f 259 315 316
f 259 316 260
f 259 314 315
f 260 316 261
f 261 316 317
f 261 317 262
f 262 317 318
f 262 318 319
f 262 319 263
f 263 319 320
f 263 320 264
f 264 320 265
f 265 320 380
f 265 380 321
f 265 321 267
f 267 321 322
f 267 322 323
f 267 323 324
f 267 324 270
f 267 270 268
f 270 325 271
f 270 324 323
f 270 323 325
f 272 326 273
f 273 326 274
f 274 326 275
f 276 327 277
f 277 327 328
f 277 328 278
f 278 329 330
f 278 330 331
f 278 331 332
f 278 332 280
f 278 328 329
f 279 282 333
f 279 333 283
f 280 332 334
f 280 334 281
f 281 334 335
f 281 335 333
f 281 333 282
f 283 333 336
f 283 336 337
f 283 337 284
f 284 338 285
f 284 337 338
f 285 338 339
f 285 339 286
f 286 339 289
f 287 291 340
f 287 340 288
f 288 340 341
f 288 341 342
f 288 342 301
f 289 339 343
f 289 343 290
f 290 343 344
f 290 344 345
f 290 345 291
f 291 345 340
f 292 294 346
f 292 346 347
f 292 347 293
f 293 347 348
f 293 348 349
f 293 349 302
f 294 295 346
f 295 296 350
f 295 350 346
f 296 351 350
f 296 297 352
f 296 352 353
f 296 353 351
f 297 299 354
f 297 354 352
f 298 300 299
f 299 355 354
f 299 300 356
f 299 356 357
f 299 357 358
f 299 358 355
f 300 301 356
f 301 342 359
f 301 359 356
f 302 349 303
f 303 349 360
f 303 360 304
f 304 361 362
f 304 362 305
f 304 360 361
f 305 362 306
f 306 363 364
f 306 364 365
f 306 365 307
f 306 362 363
f 307 365 366
f 307 366 309
f 309 366 310
f 310 367 311
f 310 366 367
f 311 367 368
f 311 368 369
f 311 369 312
f 312 369 313
f 313 370 371
f 313 371 372
f 313 372 314
f 313 369 370
f 314 372 315
f 315 372 373
f 315 373 374
f 315 374 317
f 315 317 316
f 317 374 375
f 317 375 376
f 317 376 377
f 317 377 318
f 318 377 378
f 318 378 379
f 318 379 319
f 319 379 320
f 320 379 380
f 321 380 381
f 321 381 322
f 322 381 382
f 322 382 383
f 322 383 384
f 322 384 323
f 327 385 328
f 328 385 386
f 328 386 329
f 329 387 388
f 329 388 389
f 329 389 330
f 329 386 387
f 330 390 331
f 330 389 391
f 330 391 392
f 330 392 393
f 330 393 394
f 330 394 395
f 330 395 390
f 331 390 396
f 331 396 332
f 332 396 397
f 332 397 334
f 333 335 398
f 333 398 399
f 333 399 336
f 334 397 335
f 335 397 396
f 335 396 400
f 335 400 401
f 335 401 398
f 336 399 402
f 336 402 337
f 337 402 403
f 337 403 404
f 337 404 405
f 337 405 338
f 338 405 406
f 338 406 407
f 338 407 408
f 338 408 343
f 338 343 339
f 340 345 341
f 341 359 342
f 341 345 409
f 341 409 410
f 341 410 359
f 343 408 411
f 343 411 344
f 344 409 345
f 344 411 412
f 344 412 413
f 344 413 409
f 346 350 351
f 346 351 414
f 346 414 415
f 346 415 347
f 347 415 416
f 347 416 417
f 347 417 348
f 348 417 349
f 349 418 419
f 349 419 360
f 349 417 418
f 351 353 420
f 351 420 421
f 351 421 422
f 351 422 423
f 351 423 495
f 351 495 414
f 352 354 424
f 352 424 425
f 352 425 353
f 353 425 420
f 354 355 426
f 354 426 427
f 354 427 424
f 355 358 426
f 356 359 357
f 357 359 428
f 357 428 429
f 357 429 430
f 357 430 431
f 357 431 358
f 358 431 426
f 359 410 432
f 359 432 428
f 360 419 361
f 361 419 362
f 362 419 433
f 362 433 434
f 362 434 363
f 363 434 435
f 363 435 364
f 364 436 365
f 364 435 437
f 364 437 436
f 365 436 366
f 366 436 438
f 366 438 367
f 367 438 439
f 367 439 368
f 368 439 440
f 368 440 441
f 368 441 442
f 368 442 443
f 368 443 369
f 369 443 370
f 370 443 444
f 370 444 371
f 371 444 445
f 371 445 373
f 371 373 372
f 373 445 446
f 373 446 447
f 373 447 374
f 374 447 448
f 374 448 449
f 374 449 375
f 375 449 448
f 375 448 450
f 375 450 376
f 376 450 451
f 376 451 377
f 377 451 378
f 378 451 452
f 378 452 453
f 378 453 379
f 379 453 454
f 379 454 380
f 380 454 381
f 381 454 455
f 381 455 382
f 382 455 456
f 382 456 457
f 382 457 458
f 382 458 383
f 388 459 389
f 389 459 460
f 389 460 391
f 390 395 461
f 390 461 396
f 391 460 462
f 391 462 463
f 391 463 392
f 392 463 464
f 392 464 465
f 392 465 466
f 392 466 467
f 392 467 468
f 392 468 469
f 392 469 470
f 392 470 393
f 393 470 471
f 393 471 472
f 393 472 473
f 393 473 395
f 393 395 394
f 395 473 474
f 395 474 475
f 395 475 461
f 396 461 475
f 396 475 474
f 396 474 476
f 396 476 477
f 396 477 478
f 396 478 479
f 396 479 480
f 396 480 400
f 398 481 399
f 398 401 482
f 398 482 481
f 399 481 483
f 399 483 402
f 400 480 401
f 401 480 556
f 401 556 482
f 402 483 403
f 403 406 404
f 403 483 484
f 403 484 406
f 404 406 405
f 406 484 485
f 406 485 486
f 406 486 407
f 407 486 487
f 407 487 408
f 408 487 411
f 409 413 488
f 409 488 410
f 410 488 489
f 410 489 490
f 410 490 432
f 411 487 486
f 411 486 491
f 411 491 492
f 411 492 412
f 412 488 413
f 412 492 493
f 412 493 494
f 412 494 488
f 414 495 415
f 415 495 496
f 415 496 416
f 416 496 497
f 416 497 417
f 417 497 498
f 417 498 499
f 417 499 418
f 418 499 419
f 419 499 500
f 419 500 433
f 420 425 421
f 421 501 502
f 421 502 422
f 421 425 424
f 421 424 503
f 421 503 508
f 421 508 504
f 421 504 501
f 422 502 505
f 422 505 423
f 423 506 495
f 423 505 506
f 424 427 503
f 426 431 507
f 426 507 427
f 427 507 587
f 427 587 508
f 427 508 503
f 428 432 429
f 429 432 509
f 429 509 510
f 429 510 511
f 429 511 512
f 429 512 431
f 429 431 430
f 431 512 507
f 432 490 509
f 433 500 434
f 434 500 513
f 434 513 514
f 434 514 435
f 435 514 437
f 436 437 438
f 437 514 515
f 437 515 516
f 437 516 517
f 437 517 438
f 438 517 518
f 438 518 439
f 439 518 519
f 439 519 440
f 440 519 441
f 441 520 521
f 441 521 443
f 441 443 442
f 441 519 522
f 441 522 520
f 443 521 523
f 443 523 524
f 443 524 444
f 444 524 525
f 444 525 526
f 444 526 527
f 444 527 446
f 444 446 445
f 446 527 528
f 446 528 447
f 447 528 448
f 448 528 529
f 448 529 450
f 450 530 451
f 450 529 531
f 450 531 530
f 451 530 532
f 451 532 533
f 451 533 534
f 451 534 535
f 451 535 452
f 452 535 536
f 452 536 453
f 453 536 537
f 453 537 454
f 454 537 455
f 455 537 456
f 456 537 538
f 456 538 539
f 456 539 540
f 456 540 457
f 457 540 458
f 458 540 541
f 458 541 542
f 466 543 467
f 467 543 544
f 467 544 468
f 468 544 545
f 468 545 546
f 468 546 469
f 469 546 547
f 469 547 548
f 469 548 549
f 469 549 470
f 470 549 471
f 471 549 550
f 471 550 472
f 472 474 473
f 472 550 474
f 474 550 476
f 476 550 551
f 476 551 552
f 476 552 477
f 477 552 553
f 477 553 478
f 478 553 554
f 478 554 479
f 479 554 555
f 479 555 480
f 480 555 556
f 481 557 483
f 481 482 557
f 482 556 558
f 482 558 557
f 483 557 559
f 483 559 560
f 483 560 484
f 484 560 491
f 484 491 485
f 485 491 486
f 488 494 561
f 488 561 562
f 488 562 563
f 488 563 489
f 489 563 564
f 489 564 490
f 490 564 565
f 490 565 509
f 491 560 566
f 491 566 567
f 491 567 568
f 491 568 569
f 491 569 492
f 492 569 493
f 493 568 570
f 493 570 571
f 493 571 572
f 493 572 561
f 493 561 494
f 493 569 568
f 495 506 573
f 495 573 496
f 496 574 497
f 496 573 574
f 497 574 575
f 497 575 576
f 497 576 498
f 498 576 577
f 498 577 499
f 499 577 500
f 500 577 578
f 500 578 579
f 500 579 580
f 500 580 513
f 501 504 581
f 501 581 502
f 502 581 582
f 502 582 505
f 504 508 583
f 504 583 581
f 505 582 584
f 505 584 585
f 505 585 506
f 506 585 573
f 507 512 586
f 507 586 587
f 508 587 588
f 508 588 589
f 508 589 583
f 509 565 510
f 510 590 511
f 510 565 591
f 510 591 592
f 510 592 590
f 511 590 593
f 511 593 586
f 511 586 512
f 513 580 579
f 513 579 594
f 513 594 514
f 514 595 596
f 514 596 515
f 514 594 595
f 515 596 597
f 515 597 516
f 516 597 598
f 516 598 518
f 516 518 517
f 518 598 519
f 519 598 599
f 519 599 600
f 519 600 522
f 520 522 601
f 520 601 602
f 520 602 521
f 521 602 523
f 522 600 603
f 522 603 601
f 523 602 604
f 523 604 605
f 523 605 525
f 523 525 524
f 525 605 526
f 526 606 607
f 526 607 527
f 526 605 606
f 527 607 608
f 527 608 609
f 527 609 528
f 528 609 610
f 528 610 531
f 528 531 529
f 530 531 611
f 530 611 532
f 531 610 611
f 532 611 612
f 532 612 533
f 533 612 613
f 533 613 614
f 533 614 615
f 533 615 534
f 534 615 616
f 534 616 535
f 535 616 536
f 536 616 617
f 536 617 538
f 536 538 537
f 538 617 618
f 538 618 539
f 539 618 619
f 539 619 620
f 539 620 540
f 540 620 621
f 540 621 541
f 541 621 542
f 545 622 623
f 545 623 546
f 546 623 547
f 547 624 625
f 547 625 548
f 547 623 626
f 547 626 624
f 548 625 627
f 548 627 628
f 548 628 629
f 548 629 549
f 549 629 551
f 549 551 550
f 551 629 630
f 551 630 552
f 552 630 631
f 552 631 632
f 552 632 554
f 552 554 553
f 554 633 634
f 554 634 555
f 554 632 633
f 555 634 556
f 556 634 635
f 556 635 558
f 557 636 637
f 557 637 566
f 557 566 559
f 557 558 638
f 557 638 636
f 558 635 638
f 559 566 560
f 561 572 571
f 561 571 639
f 561 639 640
f 561 640 562
f 562 640 563
f 563 565 564
f 563 640 565
f 565 640 641
f 565 641 642
f 565 642 591
f 566 643 570
f 566 570 567
f 566 637 644
f 566 644 643
f 567 570 568
f 570 643 645
f 570 645 646
f 570 646 571
f 571 646 639
f 573 585 574
f 574 647 649
f 574 649 575
f 574 585 648
f 574 648 647
f 575 649 576
f 576 650 577
f 576 649 650
f 577 651 652
f 577 652 578
f 577 650 651
f 578 652 579
f 579 653 594
f 579 652 653
f 581 583 654
f 581 654 655
f 581 655 656
f 581 656 582
f 582 657 584
f 582 656 658
f 582 658 657
f 583 589 659
f 583 659 654
f 584 657 585
f 585 660 648
f 585 657 661
f 585 661 660
f 586 593 588
f 586 588 587
f 588 662 659
f 588 659 589
f 588 593 663
f 588 663 662
f 590 664 593
f 590 592 664
f 591 642 665
f 591 665 592
f 592 666 664
f 592 665 666
f 593 664 663
f 594 653 595
f 595 667 668
f 595 668 596
f 595 653 667
f 596 668 597
f 597 669 670
f 597 670 671
f 597 671 598
f 597 668 669
f 598 671 599
f 599 671 672
f 599 672 600
f 600 673 603
f 600 672 673
f 601 674 602
f 601 603 674
f 602 674 604
f 603 673 675
f 603 675 676
f 603 676 677
f 603 677 674
f 604 678 606
f 604 606 605
f 604 674 679
f 604 679 678
f 606 678 680
f 606 680 681
f 606 681 607
f 607 681 682
f 607 682 608
f 608 682 609
f 609 682 683
f 609 683 684
f 609 684 610
f 610 684 685
f 610 685 686
f 610 686 611
f 611 686 612
f 612 686 687
f 612 687 613
f 613 687 688
f 613 688 689
f 613 689 690
f 613 690 614
f 614 690 691
f 614 691 692
f 614 692 615
f 615 692 616
f 616 692 693
f 616 693 694
f 616 694 617
f 617 694 695
f 617 695 618
f 618 695 696
f 618 696 619
f 619 696 697
f 619 697 620
f 620 697 698
f 620 698 699
f 620 699 700
f 620 700 621
f 622 701 623
f 623 701 702
f 623 702 626
f 624 626 703
f 624 703 704
f 624 704 625
f 625 704 705
f 625 705 627
f 626 706 703
f 626 702 707
f 626 707 708
f 626 708 709
f 626 709 710
f 626 710 711
f 626 711 712
f 626 712 713
f 626 713 714
f 626 714 715
f 626 715 716
f 626 716 717
f 626 717 718
f 626 718 706
f 627 719 720
f 627 720 628
f 627 705 721
f 627 721 722
f 627 722 723
f 627 723 724
f 627 724 725
f 627 725 726
f 627 726 719
f 628 720 629
f 629 720 631
f 629 631 630
f 631 720 727
f 631 727 728
f 631 728 729
f 631 729 632
f 632 729 730
f 632 730 731
f 632 731 732
f 632 732 633
f 633 732 733
f 633 733 634
f 634 733 635
f 635 733 734
f 635 734 735
f 635 735 736
f 635 736 638
f 636 737 644
f 636 644 637
f 636 638 737
f 638 736 737
f 639 646 645
f 639 645 738
f 639 738 739
f 639 739 740
f 639 740 741
f 639 741 640
f 640 741 641
f 641 741 742
f 641 742 743
f 641 743 642
f 642 743 665
f 643 644 645
f 644 737 744
f 644 744 645
f 645 744 738
f 647 648 745
f 647 745 746
f 647 746 649
f 648 660 745
f 649 746 747
f 649 747 650
f 650 748 651
f 650 747 748
f 651 749 652
f 651 748 750
f 651 750 749
f 652 749 653
f 653 751 752
f 653 752 667
f 653 749 751
f 654 659 753
f 654 753 754
f 654 754 755
f 654 755 655
f 655 755 758
f 655 758 658
f 655 658 656
f 657 756 757
f 657 757 661
f 657 658 758
f 657 758 756
f 659 662 759
f 659 759 753
f 660 661 757
f 660 757 760
f 660 760 745
f 662 663 759
f 663 664 761
f 663 761 762
f 663 762 759
f 664 666 763
f 664 763 761
f 665 743 764
f 665 764 765
f 665 765 666
f 666 765 766
f 666 766 763
f 667 752 668
f 668 767 669
f 668 752 767
f 669 768 670
f 669 767 768
f 670 769 770
f 670 770 771
f 670 771 671
f 670 768 769
f 671 771 672
f 672 771 673
f 673 772 773
f 673 773 774
f 673 774 676
f 673 676 675
f 673 771 772
f 674 677 775
f 674 775 776
f 674 776 679
f 676 775 677
f 676 774 777
f 676 777 776
f 676 776 775
f 678 679 778
f 678 778 680
f 679 776 778
f 680 778 779
f 680 779 780
f 680 780 781
f 680 781 782
f 680 782 783
f 680 783 681
f 681 783 682
f 682 783 782
f 682 782 683
f 683 782 784
f 683 784 785
f 683 785 685
f 683 685 684
f 685 785 786
f 685 786 687
f 685 687 686
f 687 786 787
f 687 787 788
f 687 788 688
f 688 788 689
f 689 788 789
f 689 789 790
f 689 790 791
f 689 791 691
f 689 691 690
f 691 791 792
f 691 792 793
f 691 793 794
f 691 794 795
f 691 795 796
f 691 796 797
f 691 797 692
f 692 797 798
f 692 798 693
f 693 798 799
f 693 799 800
f 693 800 695
f 693 695 694
f 695 800 696
f 696 800 801
f 696 801 697
f 697 801 802
f 697 802 698
f 698 700 699
f 698 802 803
f 698 803 804
f 698 804 805
f 698 805 700
f 701 806 702
f 702 806 708
f 702 708 707
f 703 706 704
f 704 721 705
f 704 706 718
f 704 718 717
f 704 717 723
f 704 723 722
f 704 722 721
f 712 807 713
f 713 807 714
f 714 807 808
f 714 808 715
f 715 808 809
f 715 809 810
f 715 810 811
f 715 811 716
f 716 811 812
f 716 812 717
f 717 812 813
f 717 813 723
f 719 814 727
f 719 727 720
f 719 726 814
f 723 813 815
f 723 815 816
f 723 816 724
f 724 816 817
f 724 817 818
f 724 818 725
f 725 818 819
f 725 819 726
f 726 819 814
f 727 814 820
f 727 820 821
f 727 821 728
f 728 821 822
f 728 822 730
f 728 730 729
f 730 823 731
f 730 822 824
f 730 824 823
f 731 823 732
f 732 823 825
f 732 825 733
f 733 825 823
f 733 823 826
f 733 826 734
f 734 826 827
f 734 827 828
f 734 828 829
f 734 829 830
f 734 830 735
f 735 830 831
f 735 831 736
f 736 831 832
f 736 832 744
f 736 744 737
f 738 833 739
f 738 744 834
f 738 834 833
f 739 833 835
f 739 835 836
f 739 836 740
f 740 836 741
f 741 836 742
f 742 836 743
f 743 836 764
f 744 832 837
f 744 837 834
f 745 760 838
f 745 838 746
f 746 839 840
f 746 840 747
f 746 838 839
f 747 840 748
f 748 841 750
f 748 840 841
f 749 750 842
f 749 842 843
f 749 843 751
f 750 841 842
f 751 844 752
f 751 843 844
f 752 845 846
f 752 846 767
f 752 844 847
f 752 847 845
f 753 759 848
f 753 848 849
f 753 849 754
f 754 849 850
f 754 850 755
f 755 850 851
f 755 851 758
f 756 758 852
f 756 852 757
f 757 852 853
f 757 853 760
f 758 851 854
f 758 854 852
f 759 762 855
f 759 855 848
f 760 856 857
f 760 857 838
f 760 853 856
f 761 858 855
f 761 855 762
f 761 763 859
f 761 859 858
f 763 766 860
f 763 860 859
f 764 861 862
f 764 862 765
f 764 836 863
f 764 863 864
f 764 864 861
f 765 862 766
f 766 865 860
f 766 862 866
f 766 866 867
f 766 867 865
f 767 846 768
f 768 868 869
f 768 869 769
f 768 846 868
f 769 869 770
f 770 870 871
f 770 871 872
f 770 872 771
f 770 869 870
f 771 872 772
f 772 872 773
f 773 872 873
f 773 873 774
f 774 873 874
f 774 874 875
f 774 875 876
f 774 876 777
f 776 777 877
f 776 877 778
f 777 876 878
f 777 878 879
f 777 879 877
f 778 877 779
f 779 877 880
f 779 880 881
f 779 881 780
f 780 881 882
f 780 882 781
f 781 882 883
f 781 883 784
f 781 784 782
f 784 883 884
f 784 884 885
f 784 885 786
f 784 786 785
f 786 885 787
f 787 886 788
f 787 885 886
f 788 886 887
f 788 887 888
f 788 888 789
f 789 888 889
f 789 889 793
f 789 793 792
f 789 792 790
f 790 792 791
f 793 890 794
f 793 889 891
f 793 891 892
f 793 892 890
f 794 890 795
f 795 893 796
f 795 890 894
f 795 894 892
f 795 892 895
f 795 895 896
f 795 896 897
f 795 897 893
f 796 898 798
f 796 798 797
f 796 893 899
f 796 899 898
f 798 898 799
f 799 801 800
f 799 898 899
f 799 899 900
f 799 900 901
f 799 901 801
f 801 901 802
f 802 901 902
f 802 902 803
f 803 902 903
f 803 903 904
f 803 904 804
f 804 904 905
f 804 905 805
f 807 906 808
f 808 906 907
f 808 907 908
f 808 908 809
f 809 909 810
f 809 908 910
f 809 910 911
f 809 911 912
f 809 912 909
f 810 913 811
f 810 909 912
f 810 912 914
f 810 914 913
f 811 915 916
f 811 916 815
f 811 815 812
f 811 913 915
f 812 815 813
f 814 819 917
f 814 917 918
f 814 918 820
f 815 817 816
f 815 916 919
f 815 919 817
f 817 919 818
f 818 919 917
f 818 917 819
f 820 920 921
f 820 921 822
f 820 822 821
f 820 918 922
f 820 922 923
f 820 923 920
f 822 921 924
f 822 924 824
f 823 824 925
f 823 925 826
f 824 924 925
f 826 925 926
f 826 926 827
f 827 926 927
f 827 927 928
f 827 928 929
f 827 929 828
f 828 929 829
f 829 930 931
f 829 931 830
f 829 929 930
f 830 932 831
f 830 931 932
f 831 932 837
f 831 837 832
f 833 933 835
f 833 834 934
f 833 934 935
f 833 935 933
f 834 837 935
f 834 935 934
f 835 863 836
f 835 933 936
f 835 936 863
f 837 932 937
f 837 937 938
f 837 938 935
f 838 857 839
f 839 857 939
f 839 939 840
f 840 939 940
f 840 940 841
f 841 941 842
f 841 940 941
f 842 941 942
f 842 942 843
f 843 942 943
f 843 943 944
f 843 944 844
f 844 944 847
f 845 945 846
f 845 847 945
f 846 946 947
f 846 947 868
f 846 945 946
f 847 944 948
f 847 948 945
f 848 949 849
f 848 855 950
f 848 950 949
f 849 951 850
f 849 949 951
f 850 951 952
f 850 952 851
f 851 952 953
f 851 953 854
f 852 954 955
f 852 955 853
f 852 854 953
f 852 953 954
f 853 955 956
f 853 956 856
f 855 858 957
f 855 957 950
f 856 956 857
f 857 958 939
f 857 956 958
f 858 859 959
f 858 959 960
f 858 960 957
f 859 860 959
f 860 865 867
f 860 867 961
f 860 961 962
f 860 962 959
f 861 864 963
f 861 963 964
f 861 964 965
f 861 965 866
f 861 866 862
f 863 936 966
f 863 966 864
f 864 966 967
f 864 967 968
f 864 968 963
f 866 965 969
f 866 969 867
f 867 969 970
f 867 970 961
f 868 947 971
f 868 971 869
f 869 971 972
f 869 972 870
f 870 972 973
f 870 973 871
f 871 973 974
f 871 974 872
f 872 974 975
f 872 975 873
f 873 975 874
f 874 975 976
f 874 976 875
f 875 976 977
f 875 977 876
f 876 977 878
f 877 879 880
f 878 977 978
f 878 978 879
f 879 978 979
f 879 979 980
f 879 980 880
f 880 980 981
f 880 981 881
f 881 981 882
f 882 981 982
f 882 982 883
f 883 982 884
f 884 983 984
f 884 984 985
f 884 985 885
f 884 982 983
f 885 985 986
f 885 986 886
f 886 986 987
f 886 987 988
f 886 988 887
f 887 988 989
f 887 989 990
f 887 990 888
f 888 990 991
f 888 991 992
f 888 992 889
f 889 992 993
f 889 993 891
f 890 892 894
f 891 993 994
f 891 994 892
f 892 994 895
f 893 897 995
f 893 995 996
f 893 996 899
f 895 994 1113
f 895 1113 1112
f 895 1112 1111
f 895 1111 1110
f 895 1110 1224
f 895 1224 1223
f 895 1223 1222
f 895 1222 1335
f 895 1335 1455
f 895 1455 1454
f 895 1454 1573
f 895 1573 1699
f 895 1699 1696
f 895 1696 1831
f 895 1831 1953
f 895 1953 2085
f 895 2085 2084
f 895 2084 2238
f 895 2238 2082
f 895 2082 2239
f 895 2239 2236
f 895 2236 2398
f 895 2398 2397
f 895 2397 2563
f 895 2563 2737
f 895 2737 2736
f 895 2736 2735
f 895 2735 2734
f 895 2734 2733
f 895 2733 2926
f 895 2926 3089
f 895 3089 3249
f 895 3249 3085
f 895 3085 3084
f 895 3084 3248
f 895 3248 3406
f 895 3406 3405
f 895 3405 3403
f 895 3403 3557
f 895 3557 3679
f 895 3679 3678
f 895 3678 3677
f 895 3677 3788
f 895 3788 3789
f 895 3789 3684
f 895 3684 3683
f 895 3683 3561
f 895 3561 3418
f 895 3418 3257
f 895 3257 3094
f 895 3094 2931
f 895 2931 2930
f 895 2930 2927
f 895 2927 2738
f 895 2738 2567
f 895 2567 2566
f 895 2566 2564
f 895 2564 2399
f 895 2399 2240
f 895 2240 2086
f 895 2086 1954
f 895 1954 1832
f 895 1832 1700
f 895 1700 1574
f 895 1574 1456
f 895 1456 1336
f 895 1336 1225
f 895 1225 1114
f 895 1114 1005
f 895 1005 1004
f 895 1004 1003
f 895 1003 1002
f 895 1002 1001
f 895 1001 1000
f 895 1000 999
f 895 999 998
f 895 998 997
f 895 997 996
f 895 996 995
f 895 995 897
f 895 897 896
f 899 996 997
f 899 997 900
f 900 997 998
f 900 998 999
f 900 999 901
f 901 999 1000
f 901 1000 1001
f 901 1001 1002
f 901 1002 902
f 902 1002 1003
f 902 1003 903
f 903 1003 1004
f 903 1004 904
f 904 1004 1005
f 906 1006 1007
f 906 1007 1008
f 906 1008 907
f 907 1008 908
f 908 1008 1009
f 908 1009 910
f 910 1009 1010
f 910 1010 1011
f 910 1011 911
f 911 1011 1012
f 911 1012 1013
f 911 1013 1014
f 911 1014 1015
f 911 1015 1016
f 911 1016 912
f 912 1016 1017
f 912 1017 914
f 913 914 1018
f 913 1018 915
f 914 1017 1019
f 914 1019 1020
f 914 1020 1021
f 914 1021 1022
f 914 1022 1018
f 915 1023 916
f 915 1018 1024
f 915 1024 1023
f 916 1023 919
f 917 919 1025
f 917 1025 1026
f 917 1026 1027
f 917 1027 922
f 917 922 918
f 919 1028 1029
f 919 1029 1025
f 919 1023 1024
f 919 1024 1030
f 919 1030 1028
f 920 1031 924
f 920 924 921
f 920 923 1032
f 920 1032 1031
f 922 1033 1032
f 922 1032 923
f 922 1027 1034
f 922 1034 1035
f 922 1035 1036
f 922 1036 1037
f 922 1037 1038
f 922 1038 1039
f 922 1039 1033
f 924 1031 1040
f 924 1040 925
f 925 1040 1041
f 925 1041 1042
f 925 1042 1043
f 925 1043 926
f 926 1043 927
f 927 1043 1044
f 927 1044 928
f 928 1044 1045
f 928 1045 929
f 929 1045 1046
f 929 1046 1047
f 929 1047 930
f 930 1047 931
f 931 1047 1048
f 931 1048 932
f 932 1048 1049
f 932 1049 1050
f 932 1050 937
f 933 1051 936
f 933 935 1052
f 933 1052 1051
f 935 938 1052
f 936 1051 1053
f 936 1053 966
f 937 1050 1049
f 937 1049 1054
f 937 1054 1055
f 937 1055 1056
f 937 1056 1052
f 937 1052 938
f 939 1057 940
f 939 958 1057
f 940 1058 941
f 940 1057 1058
f 941 1059 942
f 941 1058 1059
f 942 1060 943
f 942 1059 1060
f 943 1060 1061
f 943 1061 944
f 944 1062 1063
f 944 1063 948
f 944 1061 1062
f 945 1064 946
f 945 948 1063
f 945 1063 1064
f 946 1064 1065
f 946 1065 947
f 947 1065 1066
f 947 1066 1067
f 947 1067 971
f 949 1068 1071
f 949 1071 951
f 949 950 1070
f 949 1070 1068
f 950 957 1069
f 950 1069 1070
f 951 1071 952
f 952 1072 953
f 952 1071 1072
f 953 1072 1073
f 953 1073 954
f 954 1073 1074
f 954 1074 955
f 955 1075 956
f 955 1074 1075
f 956 1076 1078
f 956 1078 958
f 956 1075 1076
f 957 960 1077
f 957 1077 1069
f 958 1078 1057
f 959 1077 960
f 959 962 1079
f 959 1079 1080
f 959 1080 1077
f 961 970 1079
f 961 1079 962
f 963 968 964
f 964 968 1081
f 964 1081 969
f 964 969 965
f 966 1082 967
f 966 1053 1083
f 966 1083 1082
f 967 1082 968
f 968 1082 1081
f 969 1081 1084
f 969 1084 970
f 970 1085 1079
f 970 1084 1086
f 970 1086 1087
f 970 1087 1085
f 971 1067 1088
f 971 1088 972
f 972 1088 973
f 973 1089 1090
f 973 1090 974
f 973 1088 1089
f 974 1090 1091
f 974 1091 1092
f 974 1092 975
f 975 1092 976
f 976 1092 1093
f 976 1093 1094
f 976 1094 1095
f 976 1095 977
f 977 1095 1096
f 977 1096 979
f 977 979 978
f 979 1096 1097
f 979 1097 1098
f 979 1098 1099
f 979 1099 980
f 980 1099 981
f 981 1099 1100
f 981 1100 1101
f 981 1101 982
f 982 1101 983
f 983 1101 1102
f 983 1102 984
f 984 1103 1104
f 984 1104 987
f 984 987 985
f 984 1102 1103
f 985 987 986
f 987 1104 1105
f 987 1105 988
f 988 1105 1106
f 988 1106 989
f 989 1107 1108
f 989 1108 990
f 989 1106 1107
f 990 1108 991
f 991 1108 992
f 992 1108 1109
f 992 1109 1110
f 992 1110 1111
f 992 1111 1112
f 992 1112 993
f 993 1112 1113
f 993 1113 994
f 1006 1115 1116
f 1006 1116 1117
f 1006 1117 1007
f 1007 1117 1116
f 1007 1116 1008
f 1008 1116 1118
f 1008 1118 1010
f 1008 1010 1009
f 1010 1118 1119
f 1010 1119 1120
f 1010 1120 1011
f 1011 1120 1012
f 1012 1120 1121
f 1012 1121 1122
f 1012 1122 1123
f 1012 1123 1014
f 1012 1014 1013
f 1014 1123 1124
f 1014 1124 1125
f 1014 1125 1017
f 1014 1017 1016
f 1014 1016 1015
f 1017 1125 1019
f 1018 1022 1126
f 1018 1126 1024
f 1019 1125 1020
f 1020 1125 1124
f 1020 1124 1123
f 1020 1123 1127
f 1020 1127 1128
f 1020 1128 1021
f 1021 1126 1022
f 1021 1128 1129
f 1021 1129 1130
f 1021 1130 1126
f 1024 1126 1131
f 1024 1131 1030
f 1025 1029 1026
f 1026 1029 1027
f 1027 1132 1034
f 1027 1029 1133
f 1027 1133 1132
f 1028 1030 1134
f 1028 1134 1135
f 1028 1135 1136
f 1028 1136 1137
f 1028 1137 1133
f 1028 1133 1029
f 1030 1131 1134
f 1031 1138 1042
f 1031 1042 1041
f 1031 1041 1040
f 1031 1032 1138
f 1032 1033 1139
f 1032 1139 1140
f 1032 1140 1138
f 1033 1039 1141
f 1033 1141 1142
f 1033 1142 1143
f 1033 1143 1139
f 1034 1132 1133
f 1034 1133 1035
f 1035 1133 1144
f 1035 1144 1036
f 1036 1144 1037
f 1037 1145 1038
f 1037 1144 1146
f 1037 1146 1145
f 1038 1145 1147
f 1038 1147 1039
f 1039 1147 1141
f 1042 1138 1148
f 1042 1148 1043
f 1043 1148 1044
f 1044 1148 1045
f 1045 1148 1149
f 1045 1149 1140
f 1045 1140 1150
f 1045 1150 1151
f 1045 1151 1152
f 1045 1152 1153
f 1045 1153 1046
f 1046 1153 1154
f 1046 1154 1047
f 1047 1154 1155
f 1047 1155 1048
f 1048 1155 1156
f 1048 1156 1049
f 1049 1156 1157
f 1049 1157 1158
f 1049 1158 1054
f 1051 1052 1159
f 1051 1159 1160
f 1051 1160 1053
f 1052 1056 1160
f 1052 1160 1159
f 1053 1160 1161
f 1053 1161 1162
f 1053 1162 1163
f 1053 1163 1164
f 1053 1164 1165
f 1053 1165 1166
f 1053 1166 1167
f 1053 1167 1083
f 1054 1158 1168
f 1054 1168 1055
f 1055 1168 1169
f 1055 1169 1170
f 1055 1170 1160
f 1055 1160 1056
f 1057 1171 1058
f 1057 1078 1171
f 1058 1171 1172
f 1058 1172 1173
f 1058 1173 1059
f 1059 1173 1060
f 1060 1173 1174
f 1060 1174 1061
f 1061 1174 1175
f 1061 1175 1062
f 1062 1175 1063
f 1063 1176 1064
f 1063 1175 1176
f 1064 1177 1178
f 1064 1178 1065
f 1064 1176 1177
f 1065 1178 1066
f 1066 1178 1067
f 1067 1178 1179
f 1067 1179 1180
f 1067 1180 1088
f 1068 1181 1185
f 1068 1185 1071
f 1068 1070 1184
f 1068 1184 1181
f 1069 1182 1070
f 1069 1077 1183
f 1069 1183 1182
f 1070 1182 1184
f 1071 1185 1186
f 1071 1186 1072
f 1072 1186 1073
f 1073 1187 1074
f 1073 1186 1188
f 1073 1188 1187
f 1074 1187 1075
f 1075 1187 1189
f 1075 1189 1076
f 1076 1189 1190
f 1076 1190 1078
f 1077 1080 1191
f 1077 1191 1183
f 1078 1192 1193
f 1078 1193 1171
f 1078 1190 1192
f 1079 1194 1195
f 1079 1195 1080
f 1079 1085 1196
f 1079 1196 1194
f 1080 1195 1191
f 1081 1082 1084
f 1082 1197 1084
f 1082 1083 1197
f 1083 1167 1198
f 1083 1198 1199
f 1083 1199 1200
f 1083 1200 1197
f 1084 1197 1200
f 1084 1200 1086
f 1085 1087 1196
f 1086 1200 1201
f 1086 1201 1087
f 1087 1201 1196
f 1088 1180 1202
f 1088 1202 1203
f 1088 1203 1089
f 1089 1203 1204
f 1089 1204 1090
f 1090 1204 1091
f 1091 1205 1206
f 1091 1206 1207
f 1091 1207 1093
f 1091 1093 1092
f 1091 1204 1205
f 1093 1207 1094
f 1094 1208 1209
f 1094 1209 1095
f 1094 1207 1208
f 1095 1209 1210
f 1095 1210 1096
f 1096 1210 1211
f 1096 1211 1097
f 1097 1211 1212
f 1097 1212 1213
f 1097 1213 1098
f 1098 1213 1100
f 1098 1100 1099
f 1100 1213 1214
f 1100 1214 1102
f 1100 1102 1101
f 1102 1214 1103
f 1103 1215 1216
f 1103 1216 1105
f 1103 1105 1104
f 1103 1214 1217
f 1103 1217 1215
f 1105 1218 1106
f 1105 1216 1218
f 1106 1218 1219
f 1106 1219 1220
f 1106 1220 1221
f 1106 1221 1222
f 1106 1222 1107
f 1107 1222 1223
f 1107 1223 1108
f 1108 1223 1109
f 1109 1223 1224
f 1109 1224 1110
f 1114 1225 1226
f 1114 1226 1227
f 1115 1228 1229
f 1115 1229 1116
f 1116 1229 1118
f 1118 1230 1231
f 1118 1231 1232
f 1118 1232 1233
f 1118 1233 1119
f 1118 1229 1234
f 1118 1234 1230
f 1119 1233 1120
f 1120 1233 1235
f 1120 1235 1236
f 1120 1236 1121
f 1121 1236 1122
f 1122 1236 1237
f 1122 1237 1238
f 1122 1238 1239
f 1122 1239 1127
f 1122 1127 1123
f 1126 1130 1240
f 1126 1240 1241
f 1126 1241 1131
f 1127 1242 1129
f 1127 1129 1128
f 1127 1239 1243
f 1127 1243 1244
f 1127 1244 1242
f 1129 1242 1130
f 1130 1242 1245
f 1130 1245 1240
f 1131 1246 1134
f 1131 1241 1246
f 1133 1137 1247
f 1133 1247 1248
f 1133 1248 1249
f 1133 1249 1144
f 1134 1246 1135
f 1135 1246 1137
f 1135 1137 1136
f 1137 1246 1250
f 1137 1250 1251
f 1137 1251 1247
f 1138 1140 1148
f 1139 1143 1252
f 1139 1252 1253
f 1139 1253 1254
f 1139 1254 1140
f 1140 1254 1255
f 1140 1255 1256
f 1140 1256 1150
f 1140 1149 1148
f 1141 1257 1142
f 1141 1147 1145
f 1141 1145 1146
f 1141 1146 1258
f 1141 1258 1257
f 1142 1257 1259
f 1142 1259 1143
f 1143 1259 1252
f 1144 1249 1260
f 1144 1260 1261
f 1144 1261 1146
f 1146 1261 1258
f 1150 1256 1262
f 1150 1262 1151
f 1151 1262 1152
f 1152 1262 1263
f 1152 1263 1153
f 1153 1156 1154
f 1153 1263 1264
f 1153 1264 1156
f 1154 1156 1155
f 1156 1264 1265
f 1156 1265 1266
f 1156 1266 1267
f 1156 1267 1157
f 1157 1267 1268
f 1157 1268 1158
f 1158 1268 1170
f 1158 1170 1169
f 1158 1169 1168
f 1160 1170 1268
f 1160 1268 1161
f 1161 1268 1269
f 1161 1269 1163
f 1161 1163 1162
f 1163 1269 1270
f 1163 1270 1164
f 1164 1166 1165
f 1164 1270 1271
f 1164 1271 1166
f 1166 1271 1272
f 1166 1272 1167
f 1167 1272 1198
f 1171 1193 1273
f 1171 1273 1172
f 1172 1273 1173
f 1173 1274 1174
f 1173 1273 1274
f 1174 1274 1275
f 1174 1275 1175
f 1175 1275 1276
f 1175 1276 1277
f 1175 1277 1176
f 1176 1277 1278
f 1176 1278 1177
f 1177 1278 1178
f 1178 1278 1279
f 1178 1279 1180
f 1178 1180 1179
f 1180 1279 1280
f 1180 1280 1202
f 1181 1184 1281
f 1181 1281 1185
f 1182 1282 1184
f 1182 1183 1282
f 1183 1283 1282
f 1183 1191 1284
f 1183 1284 1283
f 1184 1282 1285
f 1184 1285 1281
f 1185 1281 1287
f 1185 1287 1186
f 1186 1286 1188
f 1186 1287 1286
f 1187 1288 1289
f 1187 1289 1189
f 1187 1188 1288
f 1188 1286 1290
f 1188 1290 1288
f 1189 1291 1292
f 1189 1292 1190
f 1189 1289 1291
f 1190 1292 1192
f 1191 1195 1284
f 1192 1292 1293
f 1192 1293 1193
f 1193 1294 1398
f 1193 1398 1273
f 1193 1293 1294
f 1194 1196 1295
f 1194 1295 1296
f 1194 1296 1195
f 1195 1296 1284
f 1196 1201 1297
f 1196 1297 1298
f 1196 1298 1295
f 1198 1272 1271
f 1198 1271 1270
f 1198 1270 1299
f 1198 1299 1300
f 1198 1300 1301
f 1198 1301 1199
f 1199 1302 1303
f 1199 1303 1200
f 1199 1301 1302
f 1200 1304 1305
f 1200 1305 1306
f 1200 1306 1307
f 1200 1307 1201
f 1200 1303 1308
f 1200 1308 1309
f 1200 1309 1304
f 1201 1307 1310
f 1201 1310 1297
f 1202 1280 1311
f 1202 1311 1312
f 1202 1312 1203
f 1203 1312 1204
f 1204 1312 1313
f 1204 1313 1314
f 1204 1314 1205
f 1205 1314 1315
f 1205 1315 1206
f 1206 1315 1316
f 1206 1316 1317
f 1206 1317 1318
f 1206 1318 1207
f 1207 1318 1319
f 1207 1319 1208
f 1208 1319 1320
f 1208 1320 1321
f 1208 1321 1209
f 1209 1321 1211
f 1209 1211 1210
f 1211 1322 1323
f 1211 1323 1324
f 1211 1324 1212
f 1211 1321 1322
f 1212 1324 1325
f 1212 1325 1326
f 1212 1326 1327
f 1212 1327 1328
f 1212 1328 1213
f 1213 1328 1214
f 1214 1328 1217
f 1215 1329 1330
f 1215 1330 1331
f 1215 1331 1216
f 1215 1217 1329
f 1216 1331 1218
f 1217 1328 1332
f 1217 1332 1329
f 1218 1331 1219
f 1219 1331 1333
f 1219 1333 1334
f 1219 1334 1220
f 1220 1334 1222
f 1220 1222 1221
f 1222 1334 1335
f 1225 1336 1457
f 1225 1457 1577
f 1225 1577 1705
f 1225 1705 1840
f 1225 1840 1961
f 1225 1961 2099
f 1225 2099 2258
f 1225 2258 2257
f 1225 2257 2421
f 1225 2421 2589
f 1225 2589 2771
f 1225 2771 2770
f 1225 2770 2954
f 1225 2954 3124
f 1225 3124 3288
f 1225 3288 3450
f 1225 3450 3596
f 1225 3596 3709
f 1225 3709 3710
f 1225 3710 3809
f 1225 3809 3903
f 1225 3903 3983
f 1225 3983 3984
f 1225 3984 4050
f 1225 4050 4106
f 1225 4106 4107
f 1225 4107 4153
f 1225 4153 4199
f 1225 4199 4198
f 1225 4198 4197
f 1225 4197 4196
f 1225 4196 4241
f 1225 4241 4269
f 1225 4269 4268
f 1225 4268 4289
f 1225 4289 4304
f 1225 4304 4305
f 1225 4305 4291
f 1225 4291 4270
f 1225 4270 4242
f 1225 4242 4201
f 1225 4201 4200
f 1225 4200 4155
f 1225 4155 4154
f 1225 4154 4108
f 1225 4108 4051
f 1225 4051 3985
f 1225 3985 3906
f 1225 3906 3817
f 1225 3817 3814
f 1225 3814 3719
f 1225 3719 3601
f 1225 3601 3459
f 1225 3459 3458
f 1225 3458 3301
f 1225 3301 3141
f 1225 3141 2984
f 1225 2984 2828
f 1225 2828 2634
f 1225 2634 2633
f 1225 2633 2632
f 1225 2632 2454
f 1225 2454 2302
f 1225 2302 2301
f 1225 2301 2300
f 1225 2300 2133
f 1225 2133 2132
f 1225 2132 1980
f 1225 1980 1852
f 1225 1852 1711
f 1225 1711 1851
f 1225 1851 1841
f 1225 1841 1706
f 1225 1706 1578
f 1225 1578 1459
f 1225 1459 1458
f 1225 1458 1338
f 1225 1338 1340
f 1225 1340 1337
f 1225 1337 1226
f 1226 1337 1227
f 1227 1338 1339
f 1227 1337 1340
f 1227 1340 1338
f 1228 1234 1229
f 1228 1341 1230
f 1228 1230 1234
f 1230 1341 1342
f 1230 1342 1231
f 1231 1342 1343
f 1231 1343 1344
f 1231 1344 1345
f 1231 1345 1232
f 1232 1346 1347
f 1232 1347 1348
f 1232 1348 1233
f 1232 1345 1349
f 1232 1349 1346
f 1233 1348 1347
f 1233 1347 1235
f 1235 1347 1350
f 1235 1350 1236
f 1236 1350 1237
f 1237 1351 1238
f 1237 1350 1352
f 1237 1352 1351
f 1238 1351 1353
f 1238 1353 1243
f 1238 1243 1239
f 1240 1245 1354
f 1240 1354 1241
f 1241 1354 1355
f 1241 1355 1246
f 1242 1356 1357
f 1242 1357 1245
f 1242 1244 1356
f 1243 1353 1358
f 1243 1358 1359
f 1243 1359 1360
f 1243 1360 1244
f 1244 1360 1361
f 1244 1361 1362
f 1244 1362 1356
f 1245 1357 1363
f 1245 1363 1354
f 1246 1355 1250
f 1247 1251 1364
f 1247 1364 1365
f 1247 1365 1248
f 1248 1365 1249
f 1249 1365 1366
f 1249 1366 1260
f 1250 1367 1251
f 1250 1355 1368
f 1250 1368 1369
f 1250 1369 1370
f 1250 1370 1367
f 1251 1367 1371
f 1251 1371 1364
f 1252 1259 1372
f 1252 1372 1373
f 1252 1373 1253
f 1253 1373 1374
f 1253 1374 1375
f 1253 1375 1254
f 1254 1375 1376
f 1254 1376 1255
f 1255 1377 1378
f 1255 1378 1256
f 1255 1376 1377
f 1256 1378 1379
f 1256 1379 1262
f 1257 1372 1259
f 1257 1258 1380
f 1257 1380 1381
f 1257 1381 1372
f 1258 1261 1382
f 1258 1382 1383
f 1258 1383 1384
f 1258 1384 1381
f 1258 1381 1380
f 1260 1385 1382
f 1260 1382 1261
f 1260 1366 1386
f 1260 1386 1387
f 1260 1387 1385
f 1262 1379 1388
f 1262 1388 1389
f 1262 1389 1390
f 1262 1390 1263
f 1263 1391 1264
f 1263 1390 1391
f 1264 1391 1265
f 1265 1267 1266
f 1265 1391 1392
f 1265 1392 1393
f 1265 1393 1267
f 1267 1394 1395
f 1267 1395 1268
f 1267 1393 1394
f 1268 1395 1269
f 1269 1395 1270
f 1270 1395 1396
f 1270 1396 1397
f 1270 1397 1299
f 1273 1398 1274
f 1274 1399 1275
f 1274 1398 1399
f 1275 1399 1400
f 1275 1400 1401
f 1275 1401 1276
f 1276 1401 1277
f 1277 1402 1403
f 1277 1403 1278
f 1277 1401 1402
f 1278 1403 1404
f 1278 1404 1279
f 1279 1405 1406
f 1279 1406 1280
f 1279 1404 1405
f 1280 1406 1311
f 1281 1407 1408
f 1281 1408 1287
f 1281 1285 1409
f 1281 1409 1407
f 1282 1283 1410
f 1282 1410 1411
f 1282 1411 1409
f 1282 1409 1285
f 1283 1284 1410
f 1284 1296 1412
f 1284 1412 1410
f 1286 1413 1290
f 1286 1287 1408
f 1286 1408 1413
f 1288 1414 1415
f 1288 1415 1289
f 1288 1290 1416
f 1288 1416 1414
f 1289 1415 1291
f 1290 1413 1416
f 1291 1415 1417
f 1291 1417 1292
f 1292 1418 1293
f 1292 1417 1418
f 1293 1419 1420
f 1293 1420 1294
f 1293 1418 1419
f 1294 1420 1398
f 1295 1421 1422
f 1295 1422 1296
f 1295 1298 1423
f 1295 1423 1421
f 1296 1422 1412
f 1297 1310 1298
f 1298 1310 1424
f 1298 1424 1425
f 1298 1425 1423
f 1299 1397 1426
f 1299 1426 1300
f 1300 1427 1301
f 1300 1426 1428
f 1300 1428 1427
f 1301 1429 1308
f 1301 1308 1302
f 1301 1427 1430
f 1301 1430 1429
f 1302 1308 1303
f 1304 1309 1431
f 1304 1431 1305
f 1305 1431 1306
f 1306 1432 1307
f 1306 1431 1432
f 1307 1432 1310
f 1308 1429 1431
f 1308 1431 1309
f 1310 1432 1433
f 1310 1433 1434
f 1310 1434 1424
f 1311 1435 1436
f 1311 1436 1312
f 1311 1406 1435
f 1312 1436 1437
f 1312 1437 1313
f 1313 1437 1314
f 1314 1438 1439
f 1314 1439 1315
f 1314 1437 1438
f 1315 1439 1316
f 1316 1439 1440
f 1316 1440 1317
f 1317 1440 1441
f 1317 1441 1442
f 1317 1442 1443
f 1317 1443 1318
f 1318 1443 1319
f 1319 1443 1320
f 1320 1443 1444
f 1320 1444 1562
f 1320 1562 1445
f 1320 1445 1322
f 1320 1322 1321
f 1322 1445 1446
f 1322 1446 1447
f 1322 1447 1323
f 1323 1447 1448
f 1323 1448 1324
f 1324 1448 1325
f 1325 1448 1449
f 1325 1449 1450
f 1325 1450 1326
f 1326 1450 1327
f 1327 1450 1451
f 1327 1451 1452
f 1327 1452 1329
f 1327 1329 1328
f 1328 1329 1332
f 1329 1452 1330
f 1330 1452 1453
f 1330 1453 1331
f 1331 1453 1333
f 1333 1453 1454
f 1333 1454 1334
f 1334 1454 1455
f 1334 1455 1335
f 1336 1456 1576
f 1336 1576 1457
f 1338 1458 1339
f 1339 1458 1459
f 1339 1459 1460
f 1341 1461 1342
f 1342 1461 1343
f 1343 1461 1462
f 1343 1462 1344
f 1344 1462 1463
f 1344 1463 1464
f 1344 1464 1465
f 1344 1465 1345
f 1345 1465 1466
f 1345 1466 1349
f 1346 1467 1347
f 1346 1349 1468
f 1346 1468 1467
f 1347 1467 1350
f 1349 1466 1468
f 1350 1467 1352
f 1351 1352 1353
f 1352 1358 1353
f 1352 1467 1469
f 1352 1469 1358
f 1354 1363 1355
f 1355 1363 1368
f 1356 1470 1471
f 1356 1471 1357
f 1356 1362 1472
f 1356 1472 1473
f 1356 1473 1474
f 1356 1474 1470
f 1357 1471 1368
f 1357 1368 1363
f 1358 1469 1475
f 1358 1475 1476
f 1358 1476 1477
f 1358 1477 1359
f 1359 1477 1478
f 1359 1478 1479
f 1359 1479 1361
f 1359 1361 1360
f 1361 1479 1480
f 1361 1480 1474
f 1361 1474 1473
f 1361 1473 1472
f 1361 1472 1362
f 1364 1481 1386
f 1364 1386 1365
f 1364 1371 1367
f 1364 1367 1481
f 1365 1386 1366
f 1367 1370 1482
f 1367 1482 1481
f 1368 1471 1483
f 1368 1483 1369
f 1369 1483 1484
f 1369 1484 1485
f 1369 1485 1486
f 1369 1486 1370
f 1370 1486 1482
f 1372 1487 1373
f 1372 1381 1488
f 1372 1488 1489
f 1372 1489 1487
f 1373 1487 1490
f 1373 1490 1374
f 1374 1490 1375
f 1375 1490 1491
f 1375 1491 1376
f 1376 1491 1487
f 1376 1487 1492
f 1376 1492 1493
f 1376 1493 1494
f 1376 1494 1495
f 1376 1495 1378
f 1376 1378 1377
f 1378 1388 1379
f 1378 1495 1496
f 1378 1496 1388
f 1381 1384 1383
f 1381 1383 1497
f 1381 1497 1488
f 1382 1385 1387
f 1382 1387 1386
f 1382 1386 1383
f 1383 1386 1498
f 1383 1498 1499
f 1383 1499 1497
f 1386 1481 1498
f 1388 1496 1495
f 1388 1495 1389
f 1389 1495 1500
f 1389 1500 1390
f 1390 1500 1501
f 1390 1501 1391
f 1391 1501 1392
f 1392 1501 1502
f 1392 1502 1503
f 1392 1503 1504
f 1392 1504 1505
f 1392 1505 1393
f 1393 1505 1394
f 1394 1396 1395
f 1394 1505 1506
f 1394 1506 1396
f 1396 1506 1507
f 1396 1507 1508
f 1396 1508 1509
f 1396 1509 1510
f 1396 1510 1397
f 1397 1510 1511
f 1397 1511 1426
f 1398 1512 1513
f 1398 1513 1399
f 1398 1420 1512
f 1399 1513 1400
f 1400 1513 1514
f 1400 1514 1515
f 1400 1515 1401
f 1401 1516 1402
f 1401 1515 1517
f 1401 1517 1516
f 1402 1516 1403
f 1403 1518 1404
f 1403 1516 1518
f 1404 1518 1405
f 1405 1519 1406
f 1405 1518 1519
f 1406 1519 1520
f 1406 1520 1521
f 1406 1521 1522
f 1406 1522 1435
f 1407 1523 1408
f 1407 1409 1524
f 1407 1524 1523
f 1408 1523 1413
f 1409 1411 1525
f 1409 1525 1524
f 1410 1526 1527
f 1410 1527 1411
f 1410 1412 1528
f 1410 1528 1526
f 1411 1527 1525
f 1412 1422 1539
f 1412 1539 1529
f 1412 1529 1528
f 1413 1530 1531
f 1413 1531 1416
f 1413 1523 1530
f 1414 1532 1415
f 1414 1416 1532
f 1415 1533 1534
f 1415 1534 1417
f 1415 1532 1533
f 1416 1531 1532
f 1417 1534 1535
f 1417 1535 1418
f 1418 1535 1419
f 1419 1535 1536
f 1419 1536 1420
f 1420 1537 1538
f 1420 1538 1512
f 1420 1536 1537
f 1421 1539 1422
f 1421 1423 1539
f 1423 1540 1539
f 1423 1425 1541
f 1423 1541 1540
f 1424 1434 1425
f 1425 1542 1543
f 1425 1543 1541
f 1425 1434 1544
f 1425 1544 1545
f 1425 1545 1546
f 1425 1546 1542
f 1426 1511 1547
f 1426 1547 1548
f 1426 1548 1428
f 1427 1428 1549
f 1427 1549 1550
f 1427 1550 1430
f 1428 1548 1549
f 1429 1430 1551
f 1429 1551 1552
f 1429 1552 1431
f 1430 1550 1551
f 1431 1552 1553
f 1431 1553 1432
f 1432 1553 1433
f 1433 1544 1434
f 1433 1553 1554
f 1433 1554 1544
f 1435 1522 1436
f 1436 1522 1437
f 1437 1522 1555
f 1437 1555 1438
f 1438 1556 1439
f 1438 1555 1556
f 1439 1556 1557
f 1439 1557 1440
f 1440 1557 1558
f 1440 1558 1441
f 1441 1558 1559
f 1441 1559 1442
f 1442 1444 1443
f 1442 1559 1560
f 1442 1560 1561
f 1442 1561 1562
f 1442 1562 1444
f 1445 1562 1446
f 1446 1563 1564
f 1446 1564 1565
f 1446 1565 1447
f 1446 1562 1563
f 1447 1565 1566
f 1447 1566 1448
f 1448 1566 1449
f 1449 1567 1568
f 1449 1568 1569
f 1449 1569 1450
f 1449 1566 1567
f 1450 1569 1451
f 1451 1569 1570
f 1451 1570 1452
f 1452 1570 1571
f 1452 1571 1453
f 1453 1571 1572
f 1453 1572 1454
f 1454 1572 1573
f 1456 1574 1575
f 1456 1575 1576
f 1457 1576 1577
f 1459 1578 1579
f 1459 1579 1580
f 1459 1580 1581
f 1459 1581 1460
f 1461 1582 1462
f 1462 1583 1584
f 1462 1584 1585
f 1462 1585 1586
f 1462 1586 1587
f 1462 1587 1463
f 1462 1582 1583
f 1463 1587 1588
f 1463 1588 1464
f 1464 1588 1589
f 1464 1589 1590
f 1464 1590 1465
f 1465 1590 1466
f 1466 1590 1591
f 1466 1591 1468
f 1467 1468 1469
f 1468 1591 1469
f 1469 1591 1592
f 1469 1592 1475
f 1470 1474 1593
f 1470 1593 1471
f 1471 1593 1483
f 1474 1480 1593
f 1475 1592 1594
f 1475 1594 1476
f 1476 1594 1595
f 1476 1595 1478
f 1476 1478 1477
f 1478 1595 1596
f 1478 1596 1597
f 1478 1597 1598
f 1478 1598 1479
f 1479 1599 1600
f 1479 1600 1480
f 1479 1598 1599
f 1480 1600 1593
f 1481 1601 1498
f 1481 1482 1602
f 1481 1602 1603
f 1481 1603 1601
f 1482 1486 1604
f 1482 1604 1605
f 1482 1605 1603
f 1482 1603 1602
f 1483 1593 1600
f 1483 1600 1606
f 1483 1606 1484
f 1484 1607 1608
f 1484 1608 1604
f 1484 1604 1486
f 1484 1486 1485
f 1484 1606 1609
f 1484 1609 1610
f 1484 1610 1607
f 1487 1611 1492
f 1487 1491 1490
f 1487 1489 1612
f 1487 1612 1613
f 1487 1613 1611
f 1488 1497 1614
f 1488 1614 1615
f 1488 1615 1489
f 1489 1615 1616
f 1489 1616 1613
f 1489 1613 1612
f 1492 1611 1617
f 1492 1617 1493
f 1493 1618 1494
f 1493 1617 1618
f 1494 1618 1619
f 1494 1619 1620
f 1494 1620 1621
f 1494 1621 1622
f 1494 1622 1495
f 1495 1622 1500
f 1497 1499 1614
f 1498 1623 1499
f 1498 1601 1624
f 1498 1624 1623
f 1499 1625 1614
f 1499 1623 1625
f 1500 1622 1501
f 1501 1622 1502
f 1502 1622 1621
f 1502 1621 1626
f 1502 1626 1503
f 1503 1626 1627
f 1503 1627 1504
f 1504 1627 1505
f 1505 1628 1506
f 1505 1627 1629
f 1505 1629 1630
f 1505 1630 1628
f 1506 1628 1507
f 1507 1628 1630
f 1507 1630 1509
f 1507 1509 1508
f 1509 1630 1547
f 1509 1547 1510
f 1510 1547 1511
f 1512 1538 1513
f 1513 1631 1514
f 1513 1538 1631
f 1514 1631 1632
f 1514 1632 1515
f 1515 1633 1517
f 1515 1632 1633
f 1516 1517 1633
f 1516 1633 1634
f 1516 1634 1635
f 1516 1635 1518
f 1518 1635 1636
f 1518 1636 1637
f 1518 1637 1519
f 1519 1637 1638
f 1519 1638 1520
f 1520 1638 1521
f 1521 1638 1522
f 1522 1639 1640
f 1522 1640 1555
f 1522 1638 1639
f 1523 1641 1642
f 1523 1642 1643
f 1523 1643 1644
f 1523 1644 1530
f 1523 1524 1641
f 1524 1525 1645
f 1524 1645 1642
f 1524 1642 1641
f 1525 1527 1646
f 1525 1646 1645
f 1526 1647 1527
f 1526 1528 1647
f 1527 1647 1646
f 1528 1529 1648
f 1528 1648 1647
f 1529 1649 1648
f 1529 1539 1650
f 1529 1650 1649
f 1530 1644 1651
f 1530 1651 1531
f 1531 1651 1652
f 1531 1652 1532
f 1532 1652 1653
f 1532 1653 1533
f 1533 1653 1654
f 1533 1654 1534
f 1534 1654 1655
f 1534 1655 1535
f 1535 1655 1656
f 1535 1656 1536
f 1536 1656 1537
f 1537 1657 1538
f 1537 1656 1657
f 1538 1657 1658
f 1538 1658 1631
f 1539 1540 1659
f 1539 1659 1660
f 1539 1660 1661
f 1539 1661 1662
f 1539 1662 1650
f 1540 1541 1663
f 1540 1663 1659
f 1541 1543 1664
f 1541 1664 1665
f 1541 1665 1663
f 1542 1546 1666
f 1542 1666 1543
f 1543 1666 1667
f 1543 1667 1668
f 1543 1668 1664
f 1544 1554 1545
f 1545 1554 1669
f 1545 1669 1670
f 1545 1670 1546
f 1546 1670 1666
f 1547 1630 1671
f 1547 1671 1672
f 1547 1672 1673
f 1547 1673 1549
f 1547 1549 1548
f 1549 1673 1672
f 1549 1672 1674
f 1549 1674 1675
f 1549 1675 1550
f 1550 1675 1676
f 1550 1676 1677
f 1550 1677 1551
f 1551 1677 1552
f 1552 1678 1679
f 1552 1679 1553
f 1552 1677 1678
f 1553 1679 1554
f 1554 1679 1669
f 1555 1640 1556
f 1556 1680 1681
f 1556 1681 1682
f 1556 1682 1557
f 1556 1640 1680
f 1557 1682 1558
f 1558 1683 1559
f 1558 1682 1683
f 1559 1683 1684
f 1559 1684 1560
f 1560 1685 1686
f 1560 1686 1687
f 1560 1687 1688
f 1560 1688 1689
f 1560 1689 1561
f 1560 1684 1685
f 1561 1689 1562
f 1562 1689 1563
f 1563 1689 1564
f 1564 1689 1690
f 1564 1690 1691
f 1564 1691 1565
f 1565 1691 1692
f 1565 1692 1567
f 1565 1567 1566
f 1567 1692 1568
f 1568 1692 1693
f 1568 1693 1569
f 1569 1693 1694
f 1569 1694 1695
f 1569 1695 1570
f 1570 1695 1696
f 1570 1696 1697
f 1570 1697 1698
f 1570 1698 1571
f 1571 1698 1572
f 1572 1698 1699
f 1572 1699 1573
f 1574 1700 1701
f 1574 1701 1575
f 1575 1701 1702
f 1575 1702 1576
f 1576 1702 1703
f 1576 1703 1577
f 1577 1703 1704
f 1577 1704 1705
f 1578 1706 1579
f 1579 1707 1708
f 1579 1708 1709
f 1579 1709 1580
f 1579 1706 1710
f 1579 1710 1711
f 1579 1711 1712
f 1579 1712 1713
f 1579 1713 1707
f 1580 1709 1581
f 1581 1709 1714
f 1581 1714 1715
f 1581 1715 1716
f 1584 1717 1585
f 1585 1717 1718
f 1585 1718 1719
f 1585 1719 1586
f 1586 1719 1716
f 1586 1716 1715
f 1586 1715 1587
f 1587 1715 1714
f 1587 1714 1588
f 1588 1714 1720
f 1588 1720 1721
f 1588 1721 1589
f 1589 1721 1722
f 1589 1722 1723
f 1589 1723 1590
f 1590 1723 1591
f 1591 1723 1724
f 1591 1724 1592
f 1592 1724 1725
f 1592 1725 1594
f 1594 1725 1726
f 1594 1726 1595
f 1595 1726 1596
f 1596 1727 1722
f 1596 1722 1728
f 1596 1728 1597
f 1596 1726 1724
f 1596 1724 1727
f 1597 1728 1729
f 1597 1729 1730
f 1597 1730 1598
f 1598 1730 1731
f 1598 1731 1732
f 1598 1732 1599
f 1599 1732 1600
f 1600 1733 1734
f 1600 1734 1606
f 1600 1732 1733
f 1601 1603 1624
f 1603 1605 1624
f 1604 1624 1605
f 1604 1608 1735
f 1604 1735 1736
f 1604 1736 1737
f 1604 1737 1624
f 1606 1734 1609
f 1607 1610 1738
f 1607 1738 1608
f 1608 1739 1735
f 1608 1738 1739
f 1609 1734 1610
f 1610 1734 1740
f 1610 1740 1738
f 1611 1613 1617
f 1613 1616 1741
f 1613 1741 1617
f 1614 1625 1742
f 1614 1742 1743
f 1614 1743 1741
f 1614 1741 1616
f 1614 1616 1615
f 1617 1741 1744
f 1617 1744 1618
f 1618 1744 1745
f 1618 1745 1619
f 1619 1746 1747
f 1619 1747 1620
f 1619 1745 1744
f 1619 1744 1748
f 1619 1748 1749
f 1619 1749 1750
f 1619 1750 1746
f 1620 1747 1621
f 1621 1747 1751
f 1621 1751 1752
f 1621 1752 1626
f 1623 1753 1625
f 1623 1624 1753
f 1624 1737 1754
f 1624 1754 1755
f 1624 1755 1756
f 1624 1756 1753
f 1625 1753 1757
f 1625 1757 1758
f 1625 1758 1759
f 1625 1759 1742
f 1626 1752 1627
f 1627 1630 1629
f 1627 1752 1630
f 1630 1752 1671
f 1631 1760 1761
f 1631 1761 1632
f 1631 1658 1760
f 1632 1761 1633
f 1633 1761 1762
f 1633 1762 1634
f 1634 1762 1763
f 1634 1763 1635
f 1635 1764 1765
f 1635 1765 1636
f 1635 1763 1764
f 1636 1765 1637
f 1637 1766 1767
f 1637 1767 1638
f 1637 1765 1766
f 1638 1767 1768
f 1638 1768 1639
f 1639 1769 1640
f 1639 1768 1769
f 1640 1769 1770
f 1640 1770 1771
f 1640 1771 1680
f 1642 1645 1775
f 1642 1775 1772
f 1642 1772 1643
f 1643 1773 1774
f 1643 1774 1644
f 1643 1772 1773
f 1644 1774 1781
f 1644 1781 1651
f 1645 1646 1776
f 1645 1776 1775
f 1646 1647 1777
f 1646 1777 1776
f 1647 1648 1777
f 1648 1649 1778
f 1648 1778 1777
f 1649 1650 1779
f 1649 1779 1778
f 1650 1662 1780
f 1650 1780 1779
f 1651 1781 1652
f 1652 1782 1783
f 1652 1783 1653
f 1652 1781 1782
f 1653 1783 1784
f 1653 1784 1654
f 1654 1784 1655
f 1655 1785 1656
f 1655 1784 1785
f 1656 1785 1786
f 1656 1786 1657
f 1657 1787 1788
f 1657 1788 1658
f 1657 1786 1787
f 1658 1788 1789
f 1658 1789 1760
f 1659 1663 1795
f 1659 1795 1790
f 1659 1790 1660
f 1660 1790 1661
f 1661 1790 1662
f 1662 1791 1780
f 1662 1790 1792
f 1662 1792 1791
f 1663 1793 1794
f 1663 1794 1795
f 1663 1665 1664
f 1663 1664 1796
f 1663 1796 1793
f 1664 1668 1667
f 1664 1667 1796
f 1666 1670 1797
f 1666 1797 1798
f 1666 1798 1796
f 1666 1796 1667
f 1669 1679 1799
f 1669 1799 1800
f 1669 1800 1670
f 1670 1800 1801
f 1670 1801 1797
f 1671 1752 1802
f 1671 1802 1803
f 1671 1803 1804
f 1671 1804 1805
f 1671 1805 1672
f 1672 1805 1806
f 1672 1806 1674
f 1674 1806 1807
f 1674 1807 1675
f 1675 1807 1808
f 1675 1808 1809
f 1675 1809 1810
f 1675 1810 1811
f 1675 1811 1812
f 1675 1812 1813
f 1675 1813 1676
f 1676 1813 1678
f 1676 1678 1677
f 1678 1813 1679
f 1679 1814 1799
f 1679 1813 1812
f 1679 1812 1814
f 1680 1771 1815
f 1680 1815 1681
f 1681 1815 1816
f 1681 1816 1682
f 1682 1816 1683
f 1683 1816 1817
f 1683 1817 1684
f 1684 1817 1818
f 1684 1818 1685
f 1685 1819 1686
f 1685 1818 1819
f 1686 1819 1820
f 1686 1820 1687
f 1687 1820 1821
f 1687 1821 1688
f 1688 1821 1822
f 1688 1822 1690
f 1688 1690 1689
f 1690 1822 1823
f 1690 1823 1824
f 1690 1824 1691
f 1691 1824 1825
f 1691 1825 1826
f 1691 1826 1692
f 1692 1826 1827
f 1692 1827 1828
f 1692 1828 1693
f 1693 1828 1829
f 1693 1829 1694
f 1694 1829 1695
f 1695 1829 1830
f 1695 1830 1696
f 1696 1830 1831
f 1696 1699 1698
f 1696 1698 1697
f 1700 1832 1833
f 1700 1833 1701
f 1701 1833 1834
f 1701 1834 1835
f 1701 1835 1702
f 1702 1835 1836
f 1702 1836 1837
f 1702 1837 1838
f 1702 1838 1839
f 1702 1839 1704
f 1702 1704 1703
f 1704 1839 1705
f 1705 1839 1840
f 1706 1841 1710
f 1707 1842 1708
f 1707 1713 1843
f 1707 1843 1844
f 1707 1844 1842
f 1708 1842 1845
f 1708 1845 1846
f 1708 1846 1847
f 1708 1847 1848
f 1708 1848 1849
f 1708 1849 1850
f 1708 1850 1709
f 1709 1850 1714
f 1710 1841 1851
f 1710 1851 1711
f 1711 1852 1713
f 1711 1713 1712
f 1713 1853 1843
f 1713 1852 1854
f 1713 1854 1855
f 1713 1855 1853
f 1714 1850 1720
f 1720 1850 1728
f 1720 1728 1721
f 1721 1728 1722
f 1722 1727 1723
f 1723 1727 1724
f 1724 1726 1725
f 1728 1850 1729
f 1729 1850 1856
f 1729 1856 1857
f 1729 1857 1858
f 1729 1858 1730
f 1730 1858 1859
f 1730 1859 1860
f 1730 1860 1731
f 1731 1860 1861
f 1731 1861 1732
f 1732 1861 1733
f 1733 1740 1734
f 1733 1861 1740
f 1735 1739 1738
f 1735 1738 1862
f 1735 1862 1736
f 1736 1862 1737
f 1737 1862 1754
f 1738 1740 1862
f 1740 1863 1862
f 1740 1861 1864
f 1740 1864 1865
f 1740 1865 1863
f 1741 1743 1866
f 1741 1866 1744
f 1742 1867 1868
f 1742 1868 1743
f 1742 1759 1867
f 1743 1868 1867
f 1743 1867 1869
f 1743 1869 1866
f 1744 1866 1870
f 1744 1870 1871
f 1744 1871 1748
f 1746 1872 1747
f 1746 1750 1873
f 1746 1873 1872
f 1747 1872 1751
f 1748 1871 1874
f 1748 1874 1750
f 1748 1750 1749
f 1750 1874 1875
f 1750 1875 1873
f 1751 1872 1876
f 1751 1876 1752
f 1752 1876 1802
f 1753 1756 1757
f 1754 1862 1755
f 1755 1862 1877
f 1755 1877 1756
f 1756 1877 1757
f 1757 1877 1878
f 1757 1878 1758
f 1758 1879 1759
f 1758 1878 1880
f 1758 1880 1881
f 1758 1881 1879
f 1759 1879 1882
f 1759 1882 1867
f 1760 1789 1761
f 1761 1883 1763
f 1761 1763 1762
f 1761 1789 1883
f 1763 1883 1884
f 1763 1884 1885
f 1763 1885 1886
f 1763 1886 1764
f 1764 1886 1887
f 1764 1887 1765
f 1765 1887 1888
f 1765 1888 1889
f 1765 1889 1890
f 1765 1890 1766
f 1766 1890 1891
f 1766 1891 1892
f 1766 1892 1767
f 1767 1892 1768
f 1768 1892 1893
f 1768 1893 1769
f 1769 1893 1770
f 1770 1894 1895
f 1770 1895 1896
f 1770 1896 1771
f 1770 1893 1894
f 1771 1896 1897
f 1771 1897 1815
f 1772 1898 1900
f 1772 1900 1773
f 1772 1775 1899
f 1772 1899 1898
f 1773 1900 1901
f 1773 1901 1774
f 1774 1901 1907
f 1774 1907 1781
f 1775 1776 1902
f 1775 1902 1903
f 1775 1903 1899
f 1776 1777 1904
f 1776 1904 1902
f 1777 1778 1905
f 1777 1905 1906
f 1777 1906 1904
f 1778 1779 1905
f 1779 1780 1791
f 1779 1791 1905
f 1781 1907 1782
f 1782 1908 1783
f 1782 1907 1908
f 1783 1909 1784
f 1783 1908 1909
f 1784 1909 1785
f 1785 1909 1910
f 1785 1910 1911
f 1785 1911 1786
f 1786 1911 1912
f 1786 1912 1787
f 1787 1912 1788
f 1788 1913 1789
f 1788 1912 1913
f 1789 1913 1914
f 1789 1914 1883
f 1790 1795 1920
f 1790 1920 1915
f 1790 1915 1916
f 1790 1916 1792
f 1791 1792 1917
f 1791 1917 1918
f 1791 1918 1905
f 1792 1916 1917
f 1793 1919 1794
f 1793 1796 1919
f 1794 1919 1920
f 1794 1920 1795
f 1796 1798 1921
f 1796 1921 1922
f 1796 1922 1919
f 1797 1801 1798
f 1798 1923 1921
f 1798 1801 1924
f 1798 1924 1925
f 1798 1925 1926
f 1798 1926 1923
f 1799 1814 1812
f 1799 1812 1800
f 1800 1812 1927
f 1800 1927 1928
f 1800 1928 1924
f 1800 1924 1801
f 1802 1876 1803
f 1803 1929 1804
f 1803 1876 1930
f 1803 1930 1931
f 1803 1931 1929
f 1804 1929 1806
f 1804 1806 1805
f 1806 1929 1932
f 1806 1932 1933
f 1806 1933 1807
f 1807 1934 1935
f 1807 1935 1809
f 1807 1809 1808
f 1807 1933 1936
f 1807 1936 1934
f 1809 1935 1937
f 1809 1937 1810
f 1810 1938 1811
f 1810 1937 1938
f 1811 1938 1812
f 1812 1938 1927
f 1815 1897 1816
f 1816 1939 1940
f 1816 1940 1817
f 1816 1897 1939
f 1817 1940 1941
f 1817 1941 1818
f 1818 1941 1942
f 1818 1942 1819
f 1819 1942 1943
f 1819 1943 1820
f 1820 1943 1944
f 1820 1944 1945
f 1820 1945 1821
f 1821 1823 1822
f 1821 1945 1946
f 1821 1946 1823
f 1823 1946 1947
f 1823 1947 1948
f 1823 1948 1824
f 1824 1948 1825
f 1825 1948 1826
f 1826 1948 1949
f 1826 1949 1950
f 1826 1950 1827
f 1827 1950 1951
f 1827 1951 1828
f 1828 1951 1952
f 1828 1952 1829
f 1829 1952 1830
f 1830 1952 1953
f 1830 1953 1831
f 1832 1954 1955
f 1832 1955 1833
f 1833 1955 1956
f 1833 1956 1834
f 1834 1956 1957
f 1834 1957 1835
f 1835 1957 1836
f 1836 1958 1837
f 1836 1957 1959
f 1836 1959 1958
f 1837 1958 1838
f 1838 1840 1839
f 1838 1958 1960
f 1838 1960 1840
f 1840 1960 1961
f 1842 1844 1962
f 1842 1962 1963
f 1842 1963 1845
f 1843 1853 1964
f 1843 1964 1844
f 1844 1964 1855
f 1844 1855 1965
f 1844 1965 1962
f 1845 1966 1846
f 1845 1963 1967
f 1845 1967 1966
f 1846 1966 1968
f 1846 1968 1969
f 1846 1969 1847
f 1847 1969 1970
f 1847 1970 1971
f 1847 1971 1848
f 1848 1971 1972
f 1848 1972 1849
f 1849 1973 1974
f 1849 1974 1850
f 1849 1972 1975
f 1849 1975 1976
f 1849 1976 1977
f 1849 1977 1973
f 1850 1974 1978
f 1850 1978 1979
f 1850 1979 1856
f 1852 1980 1854
f 1853 1855 1964
f 1854 1980 2132
f 1854 2132 1981
f 1854 1981 1855
f 1855 1981 1982
f 1855 1982 1965
f 1856 1979 1983
f 1856 1983 1984
f 1856 1984 1857
f 1857 1984 1985
f 1857 1985 1859
f 1857 1859 1858
f 1859 1985 1864
f 1859 1864 1860
f 1860 1864 1861
f 1862 1863 1986
f 1862 1986 1987
f 1862 1987 1877
f 1863 1865 1988
f 1863 1988 1989
f 1863 1989 1986
f 1864 1985 1988
f 1864 1988 1865
f 1866 1869 1990
f 1866 1990 1870
f 1867 1991 1992
f 1867 1992 1990
f 1867 1990 1869
f 1867 1882 1993
f 1867 1993 1994
f 1867 1994 1991
f 1870 1990 1995
f 1870 1995 1996
f 1870 1996 1997
f 1870 1997 1871
f 1871 1997 1874
f 1872 1998 1999
f 1872 1999 1876
f 1872 1873 2000
f 1872 2000 1998
f 1873 1875 2000
f 1874 1997 1875
f 1875 1997 2000
f 1876 1999 1930
f 1877 1987 2001
f 1877 2001 2002
f 1877 2002 1878
f 1878 2002 1880
f 1879 1881 1993
f 1879 1993 1882
f 1880 2002 2001
f 1880 2001 1986
f 1880 1986 1989
f 1880 1989 2003
f 1880 2003 1881
f 1881 2003 2004
f 1881 2004 2005
f 1881 2005 1993
f 1883 1914 1884
f 1884 1914 2006
f 1884 2006 1885
f 1885 2006 2007
f 1885 2007 2008
f 1885 2008 1886
f 1886 2008 1887
f 1887 2008 2009
f 1887 2009 2010
f 1887 2010 1888
f 1888 2010 2011
f 1888 2011 1889
f 1889 2011 2012
f 1889 2012 1890
f 1890 2012 1891
f 1891 2012 1892
f 1892 2012 2013
f 1892 2013 2014
f 1892 2014 2015
f 1892 2015 1893
f 1893 2016 1894
f 1893 2015 2016
f 1894 2016 2017
f 1894 2017 2018
f 1894 2018 1895
f 1895 2019 2174
f 1895 2174 2020
f 1895 2020 1897
f 1895 1897 1896
f 1895 2018 2019
f 1897 2020 2021
f 1897 2021 1939
f 1898 2022 2024
f 1898 2024 1900
f 1898 1899 2022
f 1899 1903 2029
f 1899 2029 2023
f 1899 2023 2022
f 1900 2024 2025
f 1900 2025 2026
f 1900 2026 1901
f 1901 2026 1907
f 1902 1904 1903
f 1903 1904 2027
f 1903 2027 2028
f 1903 2028 2029
f 1904 1906 2030
f 1904 2030 2027
f 1905 2030 1906
f 1905 1918 2030
f 1907 2026 2031
f 1907 2031 1908
f 1908 2032 2033
f 1908 2033 1909
f 1908 2031 2032
f 1909 2033 2034
f 1909 2034 2035
f 1909 2035 1910
f 1910 2035 2036
f 1910 2036 1911
f 1911 2036 1912
f 1912 2037 1913
f 1912 2036 2037
f 1913 2037 1914
f 1914 2037 2006
f 1915 2038 1916
f 1915 1920 2039
f 1915 2039 2040
f 1915 2040 2038
f 1916 1918 1917
f 1916 2038 2041
f 1916 2041 2042
f 1916 2042 2043
f 1916 2043 1918
f 1918 2044 2045
f 1918 2045 2184
f 1918 2184 2030
f 1918 2043 2044
f 1919 1922 2046
f 1919 2046 1920
f 1920 2046 2039
f 1921 2046 1922
f 1921 1923 2047
f 1921 2047 2048
f 1921 2048 2046
f 1923 2049 2047
f 1923 1926 2049
f 1924 1928 1925
f 1925 1928 2050
f 1925 2050 2051
f 1925 2051 2052
f 1925 2052 2053
f 1925 2053 2054
f 1925 2054 2049
f 1925 2049 1926
f 1927 1938 2055
f 1927 2055 1928
f 1928 2055 2056
f 1928 2056 2050
f 1929 1931 2057
f 1929 2057 1932
f 1930 1999 1998
f 1930 1998 2057
f 1930 2057 1931
f 1932 2057 2058
f 1932 2058 2059
f 1932 2059 2060
f 1932 2060 1936
f 1932 1936 1933
f 1934 1936 2061
f 1934 2061 1935
f 1935 2062 1937
f 1935 2061 2062
f 1936 2060 2063
f 1936 2063 2061
f 1937 2062 2064
f 1937 2064 2065
f 1937 2065 2066
f 1937 2066 1938
f 1938 2067 2055
f 1938 2066 2067
f 1939 2021 2068
f 1939 2068 1940
f 1940 2068 2069
f 1940 2069 1941
f 1941 2069 1942
f 1942 2070 2071
f 1942 2071 2072
f 1942 2072 1943
f 1942 2069 2073
f 1942 2073 2074
f 1942 2074 2070
f 1943 2072 2075
f 1943 2075 1944
f 1944 2075 2076
f 1944 2076 2077
f 1944 2077 1946
f 1944 1946 1945
f 1946 2077 2078
f 1946 2078 1947
f 1947 2078 2079
f 1947 2079 2080
f 1947 2080 1949
f 1947 1949 1948
f 1949 2080 1950
f 1950 2080 2079
f 1950 2079 2081
f 1950 2081 2082
f 1950 2082 2083
f 1950 2083 1951
f 1951 2083 2084
f 1951 2084 1952
f 1952 2084 2085
f 1952 2085 1953
f 1954 2086 2087
f 1954 2087 1955
f 1955 2088 1956
f 1955 2087 2088
f 1956 2088 2089
f 1956 2089 2090
f 1956 2090 2091
f 1956 2091 2092
f 1956 2092 1957
f 1957 2092 2093
f 1957 2093 2094
f 1957 2094 1959
f 1958 1959 2095
f 1958 2095 2096
f 1958 2096 1960
f 1959 2094 2095
f 1960 2096 2097
f 1960 2097 2098
f 1960 2098 1961
f 1961 2098 2099
f 1962 1965 2100
f 1962 2100 1963
f 1963 2101 1967
f 1963 2100 2102
f 1963 2102 2101
f 1965 2103 2100
f 1965 1982 2104
f 1965 2104 2103
f 1966 2105 1968
f 1966 1967 2106
f 1966 2106 2105
f 1967 2101 2107
f 1967 2107 2106
f 1968 2105 1969
f 1969 2105 2108
f 1969 2108 2109
f 1969 2109 2110
f 1969 2110 1970
f 1970 2110 2111
f 1970 2111 1971
f 1971 2111 2112
f 1971 2112 1972
f 1972 2112 2113
f 1972 2113 2114
f 1972 2114 1975
f 1973 2115 1974
f 1973 1977 2116
f 1973 2116 2117
f 1973 2117 2115
f 1974 2118 1978
f 1974 2115 2117
f 1974 2117 2119
f 1974 2119 2120
f 1974 2120 2118
f 1975 2114 2121
f 1975 2121 2122
f 1975 2122 2123
f 1975 2123 1976
f 1976 2123 2122
f 1976 2122 2124
f 1976 2124 2125
f 1976 2125 1977
f 1977 2125 2126
f 1977 2126 2116
f 1978 2118 2127
f 1978 2127 2128
f 1978 2128 2129
f 1978 2129 2130
f 1978 2130 1979
f 1979 2130 2131
f 1979 2131 1983
f 1981 2132 2133
f 1981 2133 2134
f 1981 2134 2135
f 1981 2135 1982
f 1982 2135 2104
f 1983 2131 2136
f 1983 2136 1984
f 1984 2136 1985
f 1985 2137 2138
f 1985 2138 1988
f 1985 2136 2139
f 1985 2139 2137
f 1986 2001 1987
f 1988 2138 1989
f 1989 2138 2003
f 1990 1992 2140
f 1990 2140 1995
f 1991 1994 1992
f 1992 2141 2142
f 1992 2142 2140
f 1992 1994 2143
f 1992 2143 2141
f 1993 2005 1994
f 1994 2005 2144
f 1994 2144 2145
f 1994 2145 2143
f 1995 2146 1996
f 1995 2140 2147
f 1995 2147 2148
f 1995 2148 2146
f 1996 2149 2150
f 1996 2150 1997
f 1996 2146 2149
f 1997 2151 2152
f 1997 2152 2000
f 1997 2150 2149
f 1997 2149 2153
f 1997 2153 2154
f 1997 2154 2151
f 1998 2155 2057
f 1998 2000 2155
f 2000 2152 2155
f 2003 2138 2156
f 2003 2156 2005
f 2003 2005 2004
f 2005 2156 2157
f 2005 2157 2158
f 2005 2158 2144
f 2006 2159 2160
f 2006 2160 2161
f 2006 2161 2007
f 2006 2037 2191
f 2006 2191 2159
f 2007 2161 2008
f 2008 2161 2162
f 2008 2162 2009
f 2009 2163 2010
f 2009 2162 2163
f 2010 2164 2011
f 2010 2163 2164
f 2011 2164 2165
f 2011 2165 2166
f 2011 2166 2013
f 2011 2013 2012
f 2013 2166 2014
f 2014 2166 2167
f 2014 2167 2168
f 2014 2168 2015
f 2015 2168 2016
f 2016 2168 2017
f 2017 2169 2018
f 2017 2168 2167
f 2017 2167 2170
f 2017 2170 2169
f 2018 2169 2171
f 2018 2171 2172
f 2018 2172 2019
f 2019 2172 2173
f 2019 2173 2174
f 2020 2174 2021
f 2021 2174 2175
f 2021 2175 2068
f 2022 2176 2177
f 2022 2177 2024
f 2022 2023 2178
f 2022 2178 2179
f 2022 2179 2176
f 2023 2029 2180
f 2023 2180 2178
f 2024 2177 2025
f 2025 2181 2182
f 2025 2182 2026
f 2025 2177 2181
f 2026 2182 2031
f 2027 2030 2028
f 2028 2183 2180
f 2028 2180 2029
f 2028 2030 2184
f 2028 2184 2185
f 2028 2185 2186
f 2028 2186 2187
f 2028 2187 2183
f 2031 2182 2032
f 2032 2182 2188
f 2032 2188 2033
f 2033 2188 2034
f 2034 2188 2035
f 2035 2189 2190
f 2035 2190 2036
f 2035 2188 2189
f 2036 2190 2037
f 2037 2190 2191
f 2038 2192 2041
f 2038 2040 2192
f 2039 2046 2193
f 2039 2193 2194
f 2039 2194 2195
f 2039 2195 2196
f 2039 2196 2197
f 2039 2197 2198
f 2039 2198 2040
f 2040 2198 2192
f 2041 2192 2042
f 2042 2192 2199
f 2042 2199 2043
f 2043 2199 2200
f 2043 2200 2044
f 2044 2200 2201
f 2044 2201 2202
f 2044 2202 2203
f 2044 2203 2045
f 2045 2204 2184
f 2045 2203 2202
f 2045 2202 2205
f 2045 2205 2204
f 2046 2048 2206
f 2046 2206 2193
f 2047 2206 2048
f 2047 2049 2207
f 2047 2207 2206
f 2049 2054 2208
f 2049 2208 2207
f 2050 2056 2051
f 2051 2056 2209
f 2051 2209 2367
f 2051 2367 2210
f 2051 2210 2052
f 2052 2210 2211
f 2052 2211 2053
f 2053 2211 2212
f 2053 2212 2208
f 2053 2208 2054
f 2055 2067 2213
f 2055 2213 2214
f 2055 2214 2056
f 2056 2214 2209
f 2057 2155 2215
f 2057 2215 2058
f 2058 2215 2216
f 2058 2216 2059
f 2059 2216 2217
f 2059 2217 2060
f 2060 2217 2218
f 2060 2218 2063
f 2061 2063 2219
f 2061 2219 2064
f 2061 2064 2062
f 2063 2218 2217
f 2063 2217 2219
f 2064 2219 2220
f 2064 2220 2065
f 2065 2221 2066
f 2065 2220 2221
f 2066 2221 2222
f 2066 2222 2067
f 2067 2222 2213
f 2068 2073 2069
f 2068 2175 2073
f 2070 2223 2071
f 2070 2074 2229
f 2070 2229 2223
f 2071 2223 2224
f 2071 2224 2225
f 2071 2225 2226
f 2071 2226 2075
f 2071 2075 2072
f 2073 2227 2228
f 2073 2228 2229
f 2073 2229 2074
f 2073 2175 2227
f 2075 2226 2076
f 2076 2230 2231
f 2076 2231 2232
f 2076 2232 2077
f 2076 2226 2230
f 2077 2232 2233
f 2077 2233 2078
f 2078 2233 2234
f 2078 2234 2235
f 2078 2235 2079
f 2079 2235 2236
f 2079 2236 2237
f 2079 2237 2081
f 2081 2237 2082
f 2082 2238 2083
f 2082 2237 2239
f 2083 2238 2084
f 2086 2240 2087
f 2087 2240 2088
f 2088 2240 2241
f 2088 2241 2089
f 2089 2242 2090
f 2089 2241 2242
f 2090 2242 2091
f 2091 2243 2244
f 2091 2244 2245
f 2091 2245 2092
f 2091 2242 2243
f 2092 2246 2093
f 2092 2245 2247
f 2092 2247 2246
f 2093 2248 2249
f 2093 2249 2250
f 2093 2250 2251
f 2093 2251 2095
f 2093 2095 2252
f 2093 2252 2094
f 2093 2246 2248
f 2094 2252 2095
f 2095 2251 2253
f 2095 2253 2097
f 2095 2097 2096
f 2097 2253 2254
f 2097 2254 2098
f 2098 2254 2255
f 2098 2255 2256
f 2098 2256 2257
f 2098 2257 2258
f 2098 2258 2099
f 2100 2103 2102
f 2101 2102 2259
f 2101 2259 2107
f 2102 2103 2260
f 2102 2260 2259
f 2103 2104 2260
f 2104 2135 2261
f 2104 2261 2262
f 2104 2262 2260
f 2105 2106 2108
f 2106 2107 2263
f 2106 2263 2109
f 2106 2109 2108
f 2107 2264 2263
f 2107 2259 2265
f 2107 2265 2266
f 2107 2266 2264
f 2109 2263 2267
f 2109 2267 2110
f 2110 2268 2111
f 2110 2267 2269
f 2110 2269 2270
f 2110 2270 2271
f 2110 2271 2268
f 2111 2268 2272
f 2111 2272 2112
f 2112 2272 2113
f 2113 2272 2114
f 2114 2272 2273
f 2114 2273 2274
f 2114 2274 2121
f 2116 2126 2275
f 2116 2275 2276
f 2116 2276 2277
f 2116 2277 2117
f 2117 2278 2119
f 2117 2277 2279
f 2117 2279 2280
f 2117 2280 2278
f 2118 2120 2119
f 2118 2119 2281
f 2118 2281 2127
f 2119 2278 2282
f 2119 2282 2283
f 2119 2283 2284
f 2119 2284 2281
f 2121 2274 2122
f 2122 2274 2285
f 2122 2285 2286
f 2122 2286 2124
f 2124 2286 2287
f 2124 2287 2288
f 2124 2288 2289
f 2124 2289 2125
f 2125 2289 2290
f 2125 2290 2126
f 2126 2290 2275
f 2127 2281 2291
f 2127 2291 2292
f 2127 2292 2293
f 2127 2293 2128
f 2128 2293 2294
f 2128 2294 2295
f 2128 2295 2296
f 2128 2296 2129
f 2129 2296 2295
f 2129 2295 2297
f 2129 2297 2158
f 2129 2158 2298
f 2129 2298 2130
f 2130 2298 2299
f 2130 2299 2157
f 2130 2157 2131
f 2131 2139 2136
f 2131 2157 2139
f 2133 2300 2134
f 2134 2300 2301
f 2134 2301 2302
f 2134 2302 2303
f 2134 2303 2304
f 2134 2304 2135
f 2135 2304 2305
f 2135 2305 2261
f 2137 2139 2138
f 2138 2139 2157
f 2138 2157 2156
f 2140 2142 2147
f 2141 2306 2142
f 2141 2143 2307
f 2141 2307 2306
f 2142 2306 2147
f 2143 2145 2308
f 2143 2308 2307
f 2144 2158 2145
f 2145 2158 2297
f 2145 2297 2295
f 2145 2295 2309
f 2145 2309 2308
f 2146 2148 2311
f 2146 2311 2310
f 2146 2310 2149
f 2147 2306 2148
f 2148 2306 2312
f 2148 2312 2311
f 2149 2310 2313
f 2149 2313 2314
f 2149 2314 2153
f 2151 2154 2315
f 2151 2315 2152
f 2152 2315 2316
f 2152 2316 2215
f 2152 2215 2155
f 2153 2314 2317
f 2153 2317 2154
f 2154 2317 2315
f 2157 2299 2158
f 2158 2299 2298
f 2159 2318 2319
f 2159 2319 2160
f 2159 2191 2351
f 2159 2351 2318
f 2160 2319 2161
f 2161 2320 2321
f 2161 2321 2162
f 2161 2319 2320
f 2162 2321 2163
f 2163 2321 2164
f 2164 2322 2165
f 2164 2321 2322
f 2165 2322 2166
f 2166 2323 2324
f 2166 2324 2167
f 2166 2322 2323
f 2167 2324 2170
f 2169 2170 2325
f 2169 2325 2326
f 2169 2326 2171
f 2170 2324 2479
f 2170 2479 2327
f 2170 2327 2325
f 2171 2326 2328
f 2171 2328 2173
f 2171 2173 2172
f 2173 2329 2174
f 2173 2328 2330
f 2173 2330 2329
f 2174 2329 2175
f 2175 2329 2331
f 2175 2331 2227
f 2176 2332 2333
f 2176 2333 2334
f 2176 2334 2177
f 2176 2179 2332
f 2177 2334 2181
f 2178 2180 2335
f 2178 2335 2179
f 2179 2335 2336
f 2179 2336 2332
f 2180 2183 2335
f 2181 2337 2338
f 2181 2338 2339
f 2181 2339 2182
f 2181 2334 2337
f 2182 2339 2340
f 2182 2340 2345
f 2182 2345 2188
f 2183 2341 2342
f 2183 2342 2335
f 2183 2187 2343
f 2183 2343 2341
f 2184 2204 2185
f 2185 2204 2186
f 2186 2344 2343
f 2186 2343 2187
f 2186 2204 2205
f 2186 2205 2344
f 2188 2345 2346
f 2188 2346 2347
f 2188 2347 2348
f 2188 2348 2189
f 2189 2348 2349
f 2189 2349 2190
f 2190 2349 2350
f 2190 2350 2191
f 2191 2350 2351
f 2192 2352 2199
f 2192 2198 2361
f 2192 2361 2353
f 2192 2353 2354
f 2192 2354 2352
f 2193 2206 2194
f 2194 2355 2195
f 2194 2206 2356
f 2194 2356 2357
f 2194 2357 2358
f 2194 2358 2359
f 2194 2359 2355
f 2195 2360 2196
f 2195 2355 2359
f 2195 2359 2360
f 2196 2360 2197
f 2197 2360 2361
f 2197 2361 2198
f 2199 2352 2200
f 2200 2352 2201
f 2201 2352 2202
f 2202 2352 2362
f 2202 2362 2363
f 2202 2363 2205
f 2205 2363 2364
f 2205 2364 2365
f 2205 2365 2344
f 2206 2207 2356
f 2207 2208 2212
f 2207 2212 2357
f 2207 2357 2356
f 2209 2214 2366
f 2209 2366 2367
f 2210 2367 2211
f 2211 2367 2368
f 2211 2368 2369
f 2211 2369 2370
f 2211 2370 2371
f 2211 2371 2212
f 2212 2371 2372
f 2212 2372 2357
f 2213 2222 2373
f 2213 2373 2214
f 2214 2373 2374
f 2214 2374 2366
f 2215 2316 2216
f 2216 2316 2375
f 2216 2375 2217
f 2217 2375 2376
f 2217 2376 2377
f 2217 2377 2378
f 2217 2378 2379
f 2217 2379 2380
f 2217 2380 2219
f 2219 2380 2381
f 2219 2381 2382
f 2219 2382 2220
f 2220 2383 2384
f 2220 2384 2385
f 2220 2385 2221
f 2220 2382 2386
f 2220 2386 2383
f 2221 2385 2222
f 2222 2374 2373
f 2222 2385 2387
f 2222 2387 2374
f 2223 2388 2224
f 2223 2229 2228
f 2223 2228 2388
f 2224 2388 2389
f 2224 2389 2225
f 2225 2390 2391
f 2225 2391 2226
f 2225 2389 2390
f 2226 2391 2230
f 2227 2331 2228
f 2228 2331 2392
f 2228 2392 2388
f 2230 2391 2231
f 2231 2391 2393
f 2231 2393 2559
f 2231 2559 2394
f 2231 2394 2232
f 2232 2394 2395
f 2232 2395 2234
f 2232 2234 2233
f 2234 2395 2396
f 2234 2396 2397
f 2234 2397 2235
f 2235 2397 2398
f 2235 2398 2236
f 2236 2239 2237
f 2240 2399 2241
f 2241 2400 2401
f 2241 2401 2402
f 2241 2402 2403
f 2241 2403 2404
f 2241 2404 2405
f 2241 2405 2406
f 2241 2406 2242
f 2241 2399 2400
f 2242 2406 2407
f 2242 2407 2408
f 2242 2408 2409
f 2242 2409 2243
f 2243 2410 2244
f 2243 2409 2410
f 2244 2411 2245
f 2244 2410 2412
f 2244 2412 2413
f 2244 2413 2415
f 2244 2415 2411
f 2245 2411 2247
f 2246 2247 2414
f 2246 2414 2248
f 2247 2411 2414
f 2248 2414 2249
f 2249 2415 2416
f 2249 2416 2250
f 2249 2414 2415
f 2250 2416 2417
f 2250 2417 2418
f 2250 2418 2253
f 2250 2253 2251
f 2253 2418 2255
f 2253 2255 2254
f 2255 2418 2419
f 2255 2419 2256
f 2256 2419 2420
f 2256 2420 2421
f 2256 2421 2257
f 2259 2260 2422
f 2259 2422 2265
f 2260 2262 2423
f 2260 2423 2424
f 2260 2424 2422
f 2261 2425 2262
f 2261 2305 2425
f 2262 2425 2423
f 2263 2264 2266
f 2263 2266 2267
f 2265 2422 2266
f 2266 2422 2426
f 2266 2426 2427
f 2266 2427 2428
f 2266 2428 2429
f 2266 2429 2267
f 2267 2429 2269
f 2268 2271 2272
f 2269 2429 2428
f 2269 2428 2430
f 2269 2430 2431
f 2269 2431 2270
f 2270 2431 2271
f 2271 2432 2272
f 2271 2431 2432
f 2272 2432 2433
f 2272 2433 2273
f 2273 2433 2274
f 2274 2433 2434
f 2274 2434 2285
f 2275 2290 2276
f 2276 2290 2435
f 2276 2435 2436
f 2276 2436 2277
f 2277 2436 2437
f 2277 2437 2279
f 2278 2280 2438
f 2278 2438 2439
f 2278 2439 2440
f 2278 2440 2282
f 2279 2438 2280
f 2279 2437 2441
f 2279 2441 2438
f 2281 2284 2291
f 2282 2442 2283
f 2282 2440 2443
f 2282 2443 2444
f 2282 2444 2442
f 2283 2442 2284
f 2284 2445 2291
f 2284 2442 2445
f 2285 2434 2446
f 2285 2446 2286
f 2286 2447 2287
f 2286 2446 2447
f 2287 2447 2288
f 2288 2447 2448
f 2288 2448 2449
f 2288 2449 2289
f 2289 2449 2290
f 2290 2449 2435
f 2291 2293 2292
f 2291 2445 2450
f 2291 2450 2293
f 2293 2450 2451
f 2293 2451 2452
f 2293 2452 2294
f 2294 2452 2453
f 2294 2453 2295
f 2295 2453 2309
f 2302 2454 2455
f 2302 2455 2303
f 2303 2455 2456
f 2303 2456 2457
f 2303 2457 2304
f 2304 2457 2305
f 2305 2458 2425
f 2305 2457 2459
f 2305 2459 2460
f 2305 2460 2458
f 2306 2307 2461
f 2306 2461 2462
f 2306 2462 2312
f 2307 2308 2462
f 2307 2462 2461
f 2308 2463 2464
f 2308 2464 2462
f 2308 2309 2453
f 2308 2453 2463
f 2310 2311 2465
f 2310 2465 2466
f 2310 2466 2313
f 2311 2312 2462
f 2311 2462 2467
f 2311 2467 2465
f 2313 2468 2469
f 2313 2469 2314
f 2313 2466 2468
f 2314 2469 2470
f 2314 2470 2315
f 2314 2315 2317
f 2315 2375 2316
f 2315 2470 2375
f 2318 2471 2319
f 2318 2351 2471
f 2319 2471 2472
f 2319 2472 2320
f 2320 2472 2473
f 2320 2473 2321
f 2321 2474 2475
f 2321 2475 2322
f 2321 2473 2476
f 2321 2476 2474
f 2322 2475 2477
f 2322 2477 2478
f 2322 2478 2323
f 2323 2478 2324
f 2324 2478 2479
f 2325 2480 2481
f 2325 2481 2326
f 2325 2327 2480
f 2326 2481 2480
f 2326 2480 2482
f 2326 2482 2483
f 2326 2483 2484
f 2326 2484 2328
f 2327 2479 2485
f 2327 2485 2486
f 2327 2486 2480
f 2328 2484 2487
f 2328 2487 2330
f 2329 2330 2488
f 2329 2488 2489
f 2329 2489 2331
f 2330 2487 2490
f 2330 2490 2488
f 2331 2491 2392
f 2331 2489 2491
f 2332 2492 2333
f 2332 2336 2492
f 2333 2492 2493
f 2333 2493 2337
f 2333 2337 2334
f 2335 2342 2336
f 2336 2342 2494
f 2336 2494 2495
f 2336 2495 2492
f 2337 2496 2497
f 2337 2497 2338
f 2337 2493 2496
f 2338 2497 2498
f 2338 2498 2339
f 2339 2498 2499
f 2339 2499 2340
f 2340 2499 2346
f 2340 2346 2345
f 2341 2500 2342
f 2341 2343 2501
f 2341 2501 2500
f 2342 2500 2494
f 2343 2344 2502
f 2343 2502 2503
f 2343 2503 2504
f 2343 2504 2505
f 2343 2505 2501
f 2344 2365 2364
f 2344 2364 2506
f 2344 2506 2507
f 2344 2507 2502
f 2346 2499 2498
f 2346 2498 2508
f 2346 2508 2509
f 2346 2509 2347
f 2347 2510 2511
f 2347 2511 2512
f 2347 2512 2349
f 2347 2349 2348
f 2347 2509 2510
f 2349 2512 2350
f 2350 2512 2513
f 2350 2513 2351
f 2351 2513 2471
f 2352 2514 2515
f 2352 2515 2362
f 2352 2354 2514
f 2353 2361 2523
f 2353 2523 2516
f 2353 2516 2517
f 2353 2517 2514
f 2353 2514 2354
f 2357 2372 2358
f 2358 2372 2518
f 2358 2518 2519
f 2358 2519 2359
f 2359 2519 2520
f 2359 2520 2360
f 2360 2521 2361
f 2360 2520 2522
f 2360 2522 2521
f 2361 2521 2523
f 2362 2515 2363
f 2363 2515 2364
f 2364 2515 2524
f 2364 2524 2506
f 2366 2374 2367
f 2367 2374 2387
f 2367 2387 2525
f 2367 2525 2368
f 2368 2525 2526
f 2368 2526 2527
f 2368 2527 2528
f 2368 2528 2529
f 2368 2529 2369
f 2369 2530 2370
f 2369 2529 2531
f 2369 2531 2532
f 2369 2532 2530
f 2370 2530 2533
f 2370 2533 2534
f 2370 2534 2371
f 2371 2534 2535
f 2371 2535 2536
f 2371 2536 2372
f 2372 2536 2535
f 2372 2535 2518
f 2375 2470 2376
f 2376 2470 2537
f 2376 2537 2538
f 2376 2538 2539
f 2376 2539 2377
f 2377 2539 2540
f 2377 2540 2541
f 2377 2541 2542
f 2377 2542 2378
f 2378 2542 2543
f 2378 2543 2544
f 2378 2544 2545
f 2378 2545 2379
f 2379 2545 2380
f 2380 2545 2544
f 2380 2544 2381
f 2381 2544 2546
f 2381 2546 2382
f 2382 2546 2386
f 2383 2547 2548
f 2383 2548 2384
f 2383 2386 2549
f 2383 2549 2547
f 2384 2548 2385
f 2385 2548 2550
f 2385 2550 2387
f 2386 2546 2551
f 2386 2551 2552
f 2386 2552 2549
f 2387 2550 2525
f 2388 2553 2389
f 2388 2392 2554
f 2388 2554 2553
f 2389 2553 2390
f 2390 2553 2555
f 2390 2555 2556
f 2390 2556 2557
f 2390 2557 2393
f 2390 2393 2558
f 2390 2558 2391
f 2391 2558 2393
f 2392 2491 2554
f 2393 2557 2559
f 2394 2559 2560
f 2394 2560 2395
f 2395 2560 2561
f 2395 2561 2562
f 2395 2562 2563
f 2395 2563 2396
f 2396 2563 2397
f 2399 2564 2400
f 2400 2565 2402
f 2400 2402 2401
f 2400 2564 2566
f 2400 2566 2567
f 2400 2567 2565
f 2402 2568 2403
f 2402 2565 2568
f 2403 2568 2404
f 2404 2568 2405
f 2405 2569 2407
f 2405 2407 2406
f 2405 2568 2570
f 2405 2570 2571
f 2405 2571 2569
f 2407 2569 2572
f 2407 2572 2408
f 2408 2572 2573
f 2408 2573 2409
f 2409 2573 2569
f 2409 2569 2410
f 2410 2569 2571
f 2410 2571 2574
f 2410 2574 2575
f 2410 2575 2412
f 2411 2415 2414
f 2412 2576 2577
f 2412 2577 2753
f 2412 2753 2578
f 2412 2578 2413
f 2412 2575 2576
f 2413 2578 2579
f 2413 2579 2580
f 2413 2580 2581
f 2413 2581 2415
f 2415 2581 2582
f 2415 2582 2416
f 2416 2582 2583
f 2416 2583 2417
f 2417 2584 2418
f 2417 2583 2585
f 2417 2585 2584
f 2418 2584 2419
f 2419 2584 2586
f 2419 2586 2587
f 2419 2587 2588
f 2419 2588 2420
f 2420 2588 2421
f 2421 2588 2589
f 2422 2424 2590
f 2422 2590 2426
f 2423 2425 2590
f 2423 2590 2424
f 2425 2458 2591
f 2425 2591 2590
f 2426 2590 2592
f 2426 2592 2593
f 2426 2593 2427
f 2427 2430 2428
f 2427 2593 2430
f 2430 2593 2594
f 2430 2594 2431
f 2431 2594 2595
f 2431 2595 2596
f 2431 2596 2597
f 2431 2597 2598
f 2431 2598 2599
f 2431 2599 2600
f 2431 2600 2601
f 2431 2601 2432
f 2432 2601 2433
f 2433 2601 2602
f 2433 2602 2603
f 2433 2603 2434
f 2434 2603 2604
f 2434 2604 2446
f 2435 2449 2605
f 2435 2605 2436
f 2436 2605 2441
f 2436 2441 2437
f 2438 2441 2439
f 2439 2441 2606
f 2439 2606 2607
f 2439 2607 2608
f 2439 2608 2440
f 2440 2608 2443
f 2441 2605 2606
f 2442 2444 2609
f 2442 2609 2445
f 2443 2610 2444
f 2443 2608 2611
f 2443 2611 2610
f 2444 2610 2612
f 2444 2612 2613
f 2444 2613 2609
f 2445 2614 2450
f 2445 2609 2615
f 2445 2615 2616
f 2445 2616 2614
f 2446 2617 2618
f 2446 2618 2619
f 2446 2619 2620
f 2446 2620 2447
f 2446 2604 2621
f 2446 2621 2622
f 2446 2622 2623
f 2446 2623 2624
f 2446 2624 2617
f 2447 2620 2448
f 2448 2625 2626
f 2448 2626 2449
f 2448 2620 2619
f 2448 2619 2627
f 2448 2627 2628
f 2448 2628 2625
f 2449 2626 2605
f 2450 2614 2451
f 2451 2629 2453
f 2451 2453 2452
f 2451 2614 2616
f 2451 2616 2630
f 2451 2630 2631
f 2451 2631 2629
f 2453 2629 2631
f 2453 2631 2463
f 2454 2632 2456
f 2454 2456 2455
f 2456 2633 2634
f 2456 2634 2635
f 2456 2635 2636
f 2456 2636 2637
f 2456 2637 2457
f 2456 2632 2633
f 2457 2637 2638
f 2457 2638 2459
f 2458 2460 2639
f 2458 2639 2640
f 2458 2640 2591
f 2459 2638 2641
f 2459 2641 2460
f 2460 2641 2642
f 2460 2642 2643
f 2460 2643 2644
f 2460 2644 2639
f 2462 2464 2465
f 2462 2465 2467
f 2463 2631 2645
f 2463 2645 2464
f 2464 2645 2646
f 2464 2646 2465
f 2465 2646 2647
f 2465 2647 2648
f 2465 2648 2649
f 2465 2649 2466
f 2466 2650 2651
f 2466 2651 2468
f 2466 2649 2648
f 2466 2648 2652
f 2466 2652 2650
f 2468 2537 2469
f 2468 2651 2537
f 2469 2537 2470
f 2471 2653 2655
f 2471 2655 2472
f 2471 2513 2654
f 2471 2654 2653
f 2472 2655 2473
f 2473 2656 2476
f 2473 2655 2656
f 2474 2476 2657
f 2474 2657 2475
f 2475 2658 2477
f 2475 2657 2659
f 2475 2659 2658
f 2476 2656 2657
f 2477 2658 2660
f 2477 2660 2478
f 2478 2485 2479
f 2478 2660 2485
f 2480 2486 2482
f 2482 2486 2661
f 2482 2661 2483
f 2483 2662 2484
f 2483 2661 2663
f 2483 2663 2662
f 2484 2662 2664
f 2484 2664 2665
f 2484 2665 2487
f 2485 2666 2661
f 2485 2661 2486
f 2485 2660 2666
f 2487 2665 2667
f 2487 2667 2490
f 2488 2490 2489
f 2489 2490 2668
f 2489 2668 2669
f 2489 2669 2491
f 2490 2667 2860
f 2490 2860 2668
f 2491 2669 2554
f 2492 2670 2671
f 2492 2671 2493
f 2492 2495 2670
f 2493 2671 2672
f 2493 2672 2496
f 2494 2500 2673
f 2494 2673 2495
f 2495 2673 2678
f 2495 2678 2674
f 2495 2674 2670
f 2496 2672 2497
f 2497 2672 2675
f 2497 2675 2676
f 2497 2676 2498
f 2498 2676 2677
f 2498 2677 2508
f 2500 2678 2673
f 2500 2501 2678
f 2501 2505 2679
f 2501 2679 2680
f 2501 2680 2681
f 2501 2681 2678
f 2502 2507 2682
f 2502 2682 2699
f 2502 2699 2683
f 2502 2683 2684
f 2502 2684 2503
f 2503 2684 2504
f 2504 2684 2679
f 2504 2679 2505
f 2506 2524 2682
f 2506 2682 2507
f 2508 2677 2685
f 2508 2685 2509
f 2509 2685 2686
f 2509 2686 2510
f 2510 2686 2511
f 2511 2686 2687
f 2511 2687 2688
f 2511 2688 2689
f 2511 2689 2690
f 2511 2690 2512
f 2512 2690 2654
f 2512 2654 2513
f 2514 2517 2691
f 2514 2691 2692
f 2514 2692 2515
f 2515 2692 2693
f 2515 2693 2524
f 2516 2523 2521
f 2516 2521 2691
f 2516 2691 2517
f 2518 2535 2694
f 2518 2694 2695
f 2518 2695 2519
f 2519 2695 2520
f 2520 2695 2522
f 2521 2696 2691
f 2521 2522 2696
f 2522 2695 2697
f 2522 2697 2698
f 2522 2698 2696
f 2524 2693 2699
f 2524 2699 2682
f 2525 2550 2548
f 2525 2548 2700
f 2525 2700 2527
f 2525 2527 2526
f 2527 2700 2528
f 2528 2700 2701
f 2528 2701 2702
f 2528 2702 2703
f 2528 2703 2531
f 2528 2531 2529
f 2530 2532 2533
f 2531 2703 2704
f 2531 2704 2705
f 2531 2705 2532
f 2532 2705 2706
f 2532 2706 2707
f 2532 2707 2708
f 2532 2708 2709
f 2532 2709 2533
f 2533 2709 2710
f 2533 2710 2534
f 2534 2694 2535
f 2534 2710 2711
f 2534 2711 2694
f 2537 2651 2712
f 2537 2712 2538
f 2538 2713 2540
f 2538 2540 2539
f 2538 2712 2714
f 2538 2714 2715
f 2538 2715 2716
f 2538 2716 2713
f 2540 2713 2541
f 2541 2713 2717
f 2541 2717 2718
f 2541 2718 2542
f 2542 2718 2551
f 2542 2551 2544
f 2542 2544 2543
f 2544 2551 2546
f 2547 2549 2719
f 2547 2719 2548
f 2548 2719 2720
f 2548 2720 2721
f 2548 2721 2700
f 2549 2552 2719
f 2551 2718 2910
f 2551 2910 2722
f 2551 2722 2552
f 2552 2722 2723
f 2552 2723 2720
f 2552 2720 2719
f 2553 2724 2725
f 2553 2725 2726
f 2553 2726 2555
f 2553 2554 2727
f 2553 2727 2724
f 2554 2669 2727
f 2555 2726 2556
f 2556 2728 2729
f 2556 2729 2557
f 2556 2726 2730
f 2556 2730 2728
f 2557 2729 2731
f 2557 2731 2559
f 2559 2732 2733
f 2559 2733 2734
f 2559 2734 2561
f 2559 2561 2560
f 2559 2731 2732
f 2561 2734 2735
f 2561 2735 2736
f 2561 2736 2562
f 2562 2736 2737
f 2562 2737 2563
f 2565 2567 2738
f 2565 2738 2739
f 2565 2739 2740
f 2565 2740 2741
f 2565 2741 2568
f 2568 2741 2570
f 2569 2573 2572
f 2570 2742 2571
f 2570 2741 2743
f 2570 2743 2744
f 2570 2744 2745
f 2570 2745 2742
f 2571 2746 2747
f 2571 2747 2574
f 2571 2742 2746
f 2574 2748 2575
f 2574 2747 2748
f 2575 2748 2576
f 2576 2749 2750
f 2576 2750 2751
f 2576 2751 2577
f 2576 2748 2749
f 2577 2751 2752
f 2577 2752 2753
f 2578 2753 2754
f 2578 2754 2579
f 2579 2754 2755
f 2579 2755 2580
f 2580 2756 2581
f 2580 2755 2757
f 2580 2757 2758
f 2580 2758 2759
f 2580 2759 2760
f 2580 2760 2761
f 2580 2761 2762
f 2580 2762 2763
f 2580 2763 2764
f 2580 2764 2765
f 2580 2765 2756
f 2581 2756 2583
f 2581 2583 2582
f 2583 2756 2765
f 2583 2765 2585
f 2584 2585 2586
f 2585 2766 2586
f 2585 2765 2767
f 2585 2767 2766
f 2586 2766 2768
f 2586 2768 2587
f 2587 2768 2588
f 2588 2768 2769
f 2588 2769 2770
f 2588 2770 2771
f 2588 2771 2589
f 2590 2591 2592
f 2591 2772 2773
f 2591 2773 2592
f 2591 2640 2774
f 2591 2774 2775
f 2591 2775 2776
f 2591 2776 2772
f 2592 2773 2777
f 2592 2777 2593
f 2593 2777 2778
f 2593 2778 2779
f 2593 2779 2780
f 2593 2780 2781
f 2593 2781 2594
f 2594 2781 2595
f 2595 2781 2596
f 2596 2781 2597
f 2597 2781 2782
f 2597 2782 2598
f 2598 2782 2783
f 2598 2783 2599
f 2599 2783 2784
f 2599 2784 2785
f 2599 2785 2603
f 2599 2603 2600
f 2600 2603 2601
f 2601 2603 2602
f 2603 2622 2786
f 2603 2786 2621
f 2603 2621 2604
f 2603 2785 2787
f 2603 2787 2788
f 2603 2788 2622
f 2605 2789 2790
f 2605 2790 2606
f 2605 2626 2625
f 2605 2625 2791
f 2605 2791 2628
f 2605 2628 2792
f 2605 2792 2793
f 2605 2793 2794
f 2605 2794 2795
f 2605 2795 2789
f 2606 2790 2789
f 2606 2789 2796
f 2606 2796 2797
f 2606 2797 2798
f 2606 2798 2799
f 2606 2799 2800
f 2606 2800 2607
f 2607 2800 2801
f 2607 2801 2802
f 2607 2802 2608
f 2608 2802 2611
f 2609 2613 2803
f 2609 2803 2615
f 2610 2611 2804
f 2610 2804 2612
f 2611 2802 2805
f 2611 2805 2804
f 2612 2806 2807
f 2612 2807 2808
f 2612 2808 2613
f 2612 2804 2805
f 2612 2805 2809
f 2612 2809 2802
f 2612 2802 2810
f 2612 2810 2811
f 2612 2811 2812
f 2612 2812 2813
f 2612 2813 2806
f 2613 2808 2814
f 2613 2814 2803
f 2615 2803 2616
f 2616 2803 2815
f 2616 2815 2816
f 2616 2816 2817
f 2616 2817 2818
f 2616 2818 2630
f 2617 2819 2820
f 2617 2820 2821
f 2617 2821 2822
f 2617 2822 2618
f 2617 2624 2823
f 2617 2823 2824
f 2617 2824 2819
f 2618 2822 2825
f 2618 2825 2627
f 2618 2627 2619
f 2621 2786 2622
f 2622 2788 2826
f 2622 2826 2623
f 2623 2826 2624
f 2624 2826 2827
f 2624 2827 2823
f 2625 2628 2791
f 2627 2825 2792
f 2627 2792 2628
f 2630 2818 2631
f 2631 2818 2645
f 2634 2828 2829
f 2634 2829 2635
f 2635 2829 2636
f 2636 2829 2830
f 2636 2830 2637
f 2637 2830 2638
f 2638 2830 2831
f 2638 2831 2642
f 2638 2642 2641
f 2639 2832 2774
f 2639 2774 2640
f 2639 2644 2643
f 2639 2643 2832
f 2642 2831 2833
f 2642 2833 2834
f 2642 2834 2643
f 2643 2834 2835
f 2643 2835 2836
f 2643 2836 2837
f 2643 2837 2832
f 2645 2818 2817
f 2645 2817 2816
f 2645 2816 2646
f 2646 2816 2838
f 2646 2838 2647
f 2647 2839 2840
f 2647 2840 2648
f 2647 2838 2816
f 2647 2816 2839
f 2648 2840 2839
f 2648 2839 2841
f 2648 2841 2712
f 2648 2712 2650
f 2648 2650 2652
f 2650 2712 2842
f 2650 2842 2651
f 2651 2842 2712
f 2653 2843 2845
f 2653 2845 2655
f 2653 2654 2844
f 2653 2844 2843
f 2654 2690 2689
f 2654 2689 2844
f 2655 2845 2846
f 2655 2846 2656
f 2656 2846 2657
f 2657 2846 2847
f 2657 2847 2659
f 2658 2848 2660
f 2658 2659 2847
f 2658 2847 2848
f 2660 2848 2849
f 2660 2849 2666
f 2661 2666 2850
f 2661 2850 2851
f 2661 2851 2852
f 2661 2852 2663
f 2662 2663 2853
f 2662 2853 2664
f 2663 2852 2853
f 2664 2854 2665
f 2664 2853 2855
f 2664 2855 2854
f 2665 2854 2856
f 2665 2856 2857
f 2665 2857 2858
f 2665 2858 2667
f 2666 2849 2859
f 2666 2859 2850
f 2667 2858 2860
f 2668 2860 2669
f 2669 2861 2727
f 2669 2860 2861
f 2670 2862 2863
f 2670 2863 2864
f 2670 2864 2671
f 2670 2674 2865
f 2670 2865 2862
f 2671 2864 2672
f 2672 2864 2869
f 2672 2869 2675
f 2674 2678 2866
f 2674 2866 2867
f 2674 2867 2868
f 2674 2868 2865
f 2675 2869 2676
f 2676 2870 2871
f 2676 2871 2677
f 2676 2869 2870
f 2677 2871 2878
f 2677 2878 2685
f 2678 2681 2866
f 2679 2872 2873
f 2679 2873 2874
f 2679 2874 2680
f 2679 2684 2872
f 2680 2874 2681
f 2681 2874 2875
f 2681 2875 2876
f 2681 2876 2866
f 2683 2699 2877
f 2683 2877 2872
f 2683 2872 2684
f 2685 2878 2879
f 2685 2879 2686
f 2686 2879 2687
f 2687 2879 3034
f 2687 3034 2880
f 2687 2880 2881
f 2687 2881 2688
f 2688 2881 2882
f 2688 2882 2883
f 2688 2883 2844
f 2688 2844 2689
f 2691 2696 2884
f 2691 2884 2692
f 2692 2885 2886
f 2692 2886 2693
f 2692 2884 2887
f 2692 2887 2888
f 2692 2888 2885
f 2693 2886 2877
f 2693 2877 2699
f 2694 2711 2889
f 2694 2889 2890
f 2694 2890 2891
f 2694 2891 2892
f 2694 2892 2695
f 2695 2892 2697
f 2696 2698 2893
f 2696 2893 2894
f 2696 2894 2895
f 2696 2895 2896
f 2696 2896 2884
f 2697 2893 2698
f 2697 2892 3050
f 2697 3050 2893
f 2700 2721 2701
f 2701 2897 2702
f 2701 2721 2720
f 2701 2720 2723
f 2701 2723 2898
f 2701 2898 2899
f 2701 2899 2900
f 2701 2900 2897
f 2702 2704 2703
f 2702 2897 2704
f 2704 2706 2705
f 2704 2897 2901
f 2704 2901 2902
f 2704 2902 2903
f 2704 2903 2904
f 2704 2904 2706
f 2706 2904 2905
f 2706 2905 2707
f 2707 2905 2906
f 2707 2906 2708
f 2708 2906 2709
f 2709 2907 2710
f 2709 2906 2908
f 2709 2908 2907
f 2710 2907 2889
f 2710 2889 2711
f 2712 2841 2714
f 2713 2813 2717
f 2713 2716 2813
f 2714 2841 2716
f 2714 2716 2715
f 2716 2841 2909
f 2716 2909 2814
f 2716 2814 2808
f 2716 2808 2807
f 2716 2807 2806
f 2716 2806 2813
f 2717 2910 2718
f 2717 2813 2812
f 2717 2812 2911
f 2717 2911 2910
f 2722 2910 2912
f 2722 2912 2913
f 2722 2913 2898
f 2722 2898 2723
f 2724 2914 2915
f 2724 2915 2726
f 2724 2726 2725
f 2724 2727 2916
f 2724 2916 2917
f 2724 2917 2914
f 2726 2915 2918
f 2726 2918 2730
f 2727 2861 2916
f 2728 2730 2919
f 2728 2919 2920
f 2728 2920 2921
f 2728 2921 2922
f 2728 2922 2729
f 2729 2922 2731
f 2730 2918 2923
f 2730 2923 2919
f 2731 2922 2924
f 2731 2924 2732
f 2732 2924 2925
f 2732 2925 2733
f 2733 2925 2926
f 2738 2927 2739
f 2739 2928 2929
f 2739 2929 2740
f 2739 2927 2930
f 2739 2930 2931
f 2739 2931 2928
f 2740 2929 2932
f 2740 2932 2743
f 2740 2743 2741
f 2742 2745 2933
f 2742 2933 2746
f 2743 2932 2934
f 2743 2934 2745
f 2743 2745 2744
f 2745 2934 2933
f 2746 2933 2747
f 2747 2933 2748
f 2748 2933 2749
f 2749 2935 2751
f 2749 2751 2750
f 2749 2933 2935
f 2751 2935 2936
f 2751 2936 2752
f 2752 2936 2937
f 2752 2937 2753
f 2753 2937 2938
f 2753 2938 2754
f 2754 2938 2939
f 2754 2939 2940
f 2754 2940 2757
f 2754 2757 2755
f 2757 2940 2758
f 2758 2940 2939
f 2758 2939 2941
f 2758 2941 2760
f 2758 2760 2759
f 2760 2941 2761
f 2761 2942 2943
f 2761 2943 2762
f 2761 2941 2939
f 2761 2939 2942
f 2762 2944 2945
f 2762 2945 2946
f 2762 2946 2763
f 2762 2943 2947
f 2762 2947 2948
f 2762 2948 2944
f 2763 2946 2764
f 2764 2946 2765
f 2765 2946 2945
f 2765 2945 2949
f 2765 2949 2767
f 2766 2767 2950
f 2766 2950 2951
f 2766 2951 2768
f 2767 2949 2952
f 2767 2952 2950
f 2768 2951 2953
f 2768 2953 2769
f 2769 2953 2770
f 2770 2953 2954
f 2772 2777 2773
f 2772 2776 2777
f 2774 2832 2955
f 2774 2955 2956
f 2774 2956 2775
f 2775 2956 2776
f 2776 2956 2777
f 2777 2956 2778
f 2778 2956 2957
f 2778 2957 2958
f 2778 2958 2779
f 2779 2958 2781
f 2779 2781 2780
f 2781 2958 2782
f 2782 2958 2957
f 2782 2957 2959
f 2782 2959 2783
f 2783 2959 2784
f 2784 2960 2961
f 2784 2961 2962
f 2784 2962 2787
f 2784 2787 2785
f 2784 2959 2960
f 2787 2962 2963
f 2787 2963 2788
f 2788 2963 2964
f 2788 2964 2827
f 2788 2827 2826
f 2789 2795 2796
f 2792 2825 2965
f 2792 2965 2793
f 2793 2965 2794
f 2794 2965 2966
f 2794 2966 2967
f 2794 2967 2795
f 2795 2968 2969
f 2795 2969 2970
f 2795 2970 2971
f 2795 2971 2972
f 2795 2972 2796
f 2795 2967 2968
f 2796 2972 2797
f 2797 2972 2973
f 2797 2973 2798
f 2798 2973 2974
f 2798 2974 2799
f 2799 2974 2975
f 2799 2975 2810
f 2799 2810 2800
f 2800 2810 2802
f 2800 2802 2801
f 2802 2809 2805
f 2803 2814 2909
f 2803 2909 2976
f 2803 2976 2977
f 2803 2977 2815
f 2810 2975 2812
f 2810 2812 2811
f 2812 2975 2911
f 2815 2977 2839
f 2815 2839 2816
f 2819 2824 2820
f 2820 2824 2978
f 2820 2978 2979
f 2820 2979 2980
f 2820 2980 2981
f 2820 2981 2821
f 2821 2981 2980
f 2821 2980 2965
f 2821 2965 2822
f 2822 2982 2825
f 2822 2965 2982
f 2823 2827 2964
f 2823 2964 2824
f 2824 2964 2983
f 2824 2983 2978
f 2825 2982 2965
f 2828 2984 2985
f 2828 2985 2829
f 2829 2985 2986
f 2829 2986 2830
f 2830 2986 2987
f 2830 2987 2831
f 2831 2987 2988
f 2831 2988 2833
f 2832 2837 2836
f 2832 2836 2955
f 2833 2988 2989
f 2833 2989 2990
f 2833 2990 2834
f 2834 2990 2991
f 2834 2991 2835
f 2835 2992 2993
f 2835 2993 2836
f 2835 2991 2994
f 2835 2994 2995
f 2835 2995 2996
f 2835 2996 2992
f 2836 2993 2956
f 2836 2956 2955
f 2839 2977 2841
f 2841 2977 2976
f 2841 2976 2909
f 2843 2997 2998
f 2843 2998 2845
f 2843 2844 2883
f 2843 2883 2997
f 2845 2998 2999
f 2845 2999 2846
f 2846 2999 3000
f 2846 3000 2847
f 2847 3000 3001
f 2847 3001 2848
f 2848 3001 2859
f 2848 2859 2849
f 2850 2859 3002
f 2850 3002 2851
f 2851 3002 3003
f 2851 3003 2852
f 2852 3004 2853
f 2852 3003 3004
f 2853 3004 2855
f 2854 2855 2856
f 2855 3004 3005
f 2855 3005 2856
f 2856 3005 3006
f 2856 3006 3007
f 2856 3007 2857
f 2857 3007 3008
f 2857 3008 3009
f 2857 3009 3010
f 2857 3010 3011
f 2857 3011 2858
f 2858 3011 3012
f 2858 3012 2860
f 2859 3001 3013
f 2859 3013 3014
f 2859 3014 3002
f 2860 3015 2861
f 2860 3012 3015
f 2861 2917 2916
f 2861 3015 2917
f 2862 3016 3017
f 2862 3017 2863
f 2862 2865 3018
f 2862 3018 3016
f 2863 3017 3019
f 2863 3019 2864
f 2864 3019 3020
f 2864 3020 3023
f 2864 3023 2869
f 2865 2868 3021
f 2865 3021 3018
f 2866 2876 3022
f 2866 3022 2867
f 2867 3022 3021
f 2867 3021 2868
f 2869 3023 2870
f 2870 3023 3024
f 2870 3024 3195
f 2870 3195 3025
f 2870 3025 2871
f 2871 3025 2878
f 2872 3026 2873
f 2872 2877 3027
f 2872 3027 3028
f 2872 3028 3026
f 2873 3026 3029
f 2873 3029 2874
f 2874 3030 3032
f 2874 3032 2875
f 2874 3029 3031
f 2874 3031 3030
f 2875 3032 2876
f 2876 3032 3022
f 2877 2886 3033
f 2877 3033 3027
f 2878 3025 2879
f 2879 3025 3034
f 2880 3035 3036
f 2880 3036 2881
f 2880 3034 3205
f 2880 3205 3035
f 2881 3036 2882
f 2882 3036 3037
f 2882 3037 3038
f 2882 3038 3039
f 2882 3039 2883
f 2883 3039 2997
f 2884 2896 2887
f 2885 3040 3041
f 2885 3041 2886
f 2885 2888 3042
f 2885 3042 3040
f 2886 3041 3033
f 2887 2896 3043
f 2887 3043 3042
f 2887 3042 2888
f 2889 3044 3045
f 2889 3045 2890
f 2889 2907 3046
f 2889 3046 3047
f 2889 3047 3044
f 2890 3045 3048
f 2890 3048 2891
f 2891 3048 2892
f 2892 3048 3049
f 2892 3049 3050
f 2893 3051 2894
f 2893 3050 3052
f 2893 3052 3053
f 2893 3053 3051
f 2894 3051 2895
f 2895 3051 3054
f 2895 3054 3055
f 2895 3055 3056
f 2895 3056 3057
f 2895 3057 2896
f 2896 3057 3043
f 2897 2900 2901
f 2898 2913 3058
f 2898 3058 2899
f 2899 3058 2900
f 2900 3058 3059
f 2900 3059 3060
f 2900 3060 2971
f 2900 2971 3061
f 2900 3061 3062
f 2900 3062 3063
f 2900 3063 2901
f 2901 3063 3061
f 2901 3061 3064
f 2901 3064 2902
f 2902 3064 3065
f 2902 3065 3066
f 2902 3066 2903
f 2903 3066 2904
f 2904 3066 3067
f 2904 3067 3068
f 2904 3068 3069
f 2904 3069 2906
f 2904 2906 2905
f 2906 3070 3071
f 2906 3071 3072
f 2906 3072 2908
f 2906 3069 3070
f 2907 2908 3072
f 2907 3072 3046
f 2910 2911 3073
f 2910 3073 2912
f 2911 2975 3073
f 2912 3059 2913
f 2912 3073 3074
f 2912 3074 3059
f 2913 3059 3058
f 2914 2917 3075
f 2914 3075 2915
f 2915 3075 2918
f 2917 3015 3076
f 2917 3076 3077
f 2917 3077 3075
f 2918 3075 3078
f 2918 3078 2923
f 2919 3079 3080
f 2919 3080 3081
f 2919 3081 2920
f 2919 2923 3079
f 2920 3081 3082
f 2920 3082 3083
f 2920 3083 3084
f 2920 3084 3085
f 2920 3085 3086
f 2920 3086 2921
f 2921 2924 2922
f 2921 3086 2924
f 2923 3078 3087
f 2923 3087 3079
f 2924 3086 3088
f 2924 3088 2925
f 2925 3088 2926
f 2926 3088 3086
f 2926 3086 3089
f 2928 2931 3090
f 2928 3090 3091
f 2928 3091 3092
f 2928 3092 2929
f 2929 3092 3093
f 2929 3093 2932
f 2931 3094 3090
f 2932 3093 3095
f 2932 3095 3096
f 2932 3096 3097
f 2932 3097 3098
f 2932 3098 3099
f 2932 3099 2934
f 2933 2934 3098
f 2933 3098 3100
f 2933 3100 2935
f 2934 3099 3098
f 2935 3100 2936
f 2936 3101 2937
f 2936 3100 3102
f 2936 3102 3101
f 2937 3103 2938
f 2937 3101 3103
f 2938 3103 3104
f 2938 3104 2939
f 2939 3104 3105
f 2939 3105 2942
f 2942 3105 3106
f 2942 3106 2943
f 2943 3106 3107
f 2943 3107 3108
f 2943 3108 3109
f 2943 3109 2947
f 2944 2948 3110
f 2944 3110 3111
f 2944 3111 2945
f 2945 3111 2949
f 2947 3109 2948
f 2948 3109 3112
f 2948 3112 3113
f 2948 3113 3114
f 2948 3114 3115
f 2948 3115 3116
f 2948 3116 3110
f 2949 3111 2952
f 2950 2952 3117
f 2950 3117 3118
f 2950 3118 2951
f 2951 3118 3119
f 2951 3119 3120
f 2951 3120 2953
f 2952 3118 3117
f 2952 3111 3121
f 2952 3121 3122
f 2952 3122 3118
f 2953 3120 2954
f 2954 3120 3123
f 2954 3123 3124
f 2956 2993 2957
f 2957 2993 3125
f 2957 3125 2961
f 2957 2961 2960
f 2957 2960 2959
f 2961 3126 3127
f 2961 3127 3128
f 2961 3128 2962
f 2961 3125 3126
f 2962 3128 2963
f 2963 3129 2964
f 2963 3128 3129
f 2964 3129 3130
f 2964 3130 3131
f 2964 3131 3132
f 2964 3132 3133
f 2964 3133 2983
f 2965 2980 2966
f 2966 2980 3134
f 2966 3134 3135
f 2966 3135 2967
f 2967 3135 2968
f 2968 3135 3134
f 2968 3134 2969
f 2969 3134 3136
f 2969 3136 3137
f 2969 3137 3138
f 2969 3138 2970
f 2970 3138 3064
f 2970 3064 3139
f 2970 3139 2971
f 2971 3140 2972
f 2971 3139 3064
f 2971 3064 3061
f 2971 3060 3140
f 2972 3140 2974
f 2972 2974 2973
f 2974 3140 3059
f 2974 3059 3074
f 2974 3074 2975
f 2975 3074 3073
f 2978 2983 2979
f 2979 2983 3133
f 2979 3133 3134
f 2979 3134 2980
f 2984 3141 3142
f 2984 3142 3143
f 2984 3143 3144
f 2984 3144 2985
f 2985 3144 2986
f 2986 3144 3145
f 2986 3145 3146
f 2986 3146 3147
f 2986 3147 2987
f 2987 3147 3148
f 2987 3148 2988
f 2988 3148 2989
f 2989 2991 2990
f 2989 3148 3149
f 2989 3149 3150
f 2989 3150 3151
f 2989 3151 3152
f 2989 3152 2994
f 2989 2994 2991
f 2992 2996 3153
f 2992 3153 3154
f 2992 3154 3155
f 2992 3155 2993
f 2993 3155 3126
f 2993 3126 3125
f 2994 3152 2995
f 2995 3156 3157
f 2995 3157 2996
f 2995 3152 3156
f 2996 3158 3153
f 2996 3157 3159
f 2996 3159 3160
f 2996 3160 3158
f 2997 3039 3161
f 2997 3161 2998
f 2998 3161 2999
f 2999 3161 3162
f 2999 3162 3163
f 2999 3163 3000
f 3000 3163 3320
f 3000 3320 3164
f 3000 3164 3165
f 3000 3165 3013
f 3000 3013 3001
f 3002 3014 3003
f 3003 3166 3004
f 3003 3014 3167
f 3003 3167 3013
f 3003 3013 3168
f 3003 3168 3169
f 3003 3169 3170
f 3003 3170 3166
f 3004 3006 3005
f 3004 3166 3006
f 3006 3171 3007
f 3006 3166 3172
f 3006 3172 3173
f 3006 3173 3174
f 3006 3174 3171
f 3007 3171 3175
f 3007 3175 3008
f 3008 3175 3176
f 3008 3176 3177
f 3008 3177 3009
f 3009 3178 3179
f 3009 3179 3180
f 3009 3180 3181
f 3009 3181 3010
f 3009 3177 3178
f 3010 3181 3011
f 3011 3181 3182
f 3011 3182 3012
f 3012 3182 3015
f 3013 3183 3168
f 3013 3167 3014
f 3013 3165 3183
f 3015 3182 3181
f 3015 3181 3180
f 3015 3180 3076
f 3016 3184 3185
f 3016 3185 3186
f 3016 3186 3187
f 3016 3187 3017
f 3016 3018 3188
f 3016 3188 3184
f 3017 3187 3019
f 3018 3021 3189
f 3018 3189 3190
f 3018 3190 3188
f 3019 3187 3020
f 3020 3187 3023
f 3021 3022 3191
f 3021 3191 3189
f 3022 3032 3191
f 3023 3192 3193
f 3023 3193 3024
f 3023 3187 3194
f 3023 3194 3192
f 3024 3193 3195
f 3025 3195 3034
f 3026 3031 3029
f 3026 3028 3027
f 3026 3027 3031
f 3027 3033 3196
f 3027 3196 3031
f 3030 3031 3197
f 3030 3197 3032
f 3031 3198 3197
f 3031 3196 3199
f 3031 3199 3200
f 3031 3200 3198
f 3032 3197 3201
f 3032 3201 3202
f 3032 3202 3203
f 3032 3203 3191
f 3033 3041 3040
f 3033 3040 3204
f 3033 3204 3196
f 3034 3195 3205
f 3035 3205 3206
f 3035 3206 3207
f 3035 3207 3208
f 3035 3208 3036
f 3036 3208 3209
f 3036 3209 3037
f 3037 3209 3210
f 3037 3210 3038
f 3038 3210 3211
f 3038 3211 3212
f 3038 3212 3161
f 3038 3161 3039
f 3040 3042 3213
f 3040 3213 3214
f 3040 3214 3204
f 3042 3043 3215
f 3042 3215 3216
f 3042 3216 3217
f 3042 3217 3218
f 3042 3218 3214
f 3042 3214 3213
f 3043 3057 3215
f 3044 3047 3045
f 3045 3047 3219
f 3045 3219 3220
f 3045 3220 3048
f 3046 3072 3221
f 3046 3221 3219
f 3046 3219 3047
f 3048 3220 3222
f 3048 3222 3049
f 3049 3222 3223
f 3049 3223 3052
f 3049 3052 3050
f 3051 3053 3054
f 3052 3223 3054
f 3052 3054 3053
f 3054 3223 3224
f 3054 3224 3225
f 3054 3225 3226
f 3054 3226 3055
f 3055 3227 3215
f 3055 3215 3056
f 3055 3226 3227
f 3056 3215 3057
f 3059 3140 3060
f 3061 3063 3062
f 3064 3138 3228
f 3064 3228 3229
f 3064 3229 3065
f 3065 3229 3138
f 3065 3138 3230
f 3065 3230 3231
f 3065 3231 3066
f 3066 3231 3067
f 3067 3231 3068
f 3068 3231 3232
f 3068 3232 3070
f 3068 3070 3069
f 3070 3233 3071
f 3070 3232 3231
f 3070 3231 3233
f 3071 3234 3072
f 3071 3233 3234
f 3072 3234 3235
f 3072 3235 3221
f 3075 3077 3236
f 3075 3236 3237
f 3075 3237 3238
f 3075 3238 3239
f 3075 3239 3240
f 3075 3240 3078
f 3076 3236 3077
f 3076 3180 3179
f 3076 3179 3241
f 3076 3241 3242
f 3076 3242 3236
f 3078 3240 3087
f 3079 3243 3080
f 3079 3087 3243
f 3080 3243 3244
f 3080 3244 3245
f 3080 3245 3081
f 3081 3245 3246
f 3081 3246 3082
f 3082 3246 3083
f 3083 3246 3247
f 3083 3247 3084
f 3084 3247 3248
f 3085 3249 3086
f 3086 3249 3089
f 3087 3240 3250
f 3087 3250 3251
f 3087 3251 3252
f 3087 3252 3244
f 3087 3244 3243
f 3090 3094 3091
f 3091 3094 3253
f 3091 3253 3254
f 3091 3254 3092
f 3092 3254 3093
f 3093 3254 3255
f 3093 3255 3256
f 3093 3256 3095
f 3094 3257 3253
f 3095 3256 3258
f 3095 3258 3259
f 3095 3259 3260
f 3095 3260 3261
f 3095 3261 3262
f 3095 3262 3096
f 3096 3262 3098
f 3096 3098 3097
f 3098 3262 3263
f 3098 3263 3100
f 3100 3263 3264
f 3100 3264 3102
f 3101 3102 3265
f 3101 3265 3266
f 3101 3266 3267
f 3101 3267 3103
f 3102 3264 3268
f 3102 3268 3265
f 3103 3267 3269
f 3103 3269 3104
f 3104 3269 3270
f 3104 3270 3105
f 3105 3270 3106
f 3106 3270 3271
f 3106 3271 3272
f 3106 3272 3273
f 3106 3273 3107
f 3107 3273 3108
f 3108 3273 3274
f 3108 3274 3109
f 3109 3274 3275
f 3109 3275 3276
f 3109 3276 3112
f 3110 3116 3277
f 3110 3277 3121
f 3110 3121 3111
f 3112 3276 3278
f 3112 3278 3113
f 3113 3278 3114
f 3114 3279 3280
f 3114 3280 3281
f 3114 3281 3282
f 3114 3282 3115
f 3114 3278 3279
f 3115 3282 3277
f 3115 3277 3116
f 3118 3283 3284
f 3118 3284 3119
f 3118 3122 3285
f 3118 3285 3283
f 3119 3284 3123
f 3119 3123 3120
f 3121 3277 3286
f 3121 3286 3122
f 3122 3286 3285
f 3123 3284 3283
f 3123 3283 3287
f 3123 3287 3124
f 3124 3287 3288
f 3126 3154 3127
f 3126 3155 3154
f 3127 3154 3153
f 3127 3153 3289
f 3127 3289 3290
f 3127 3290 3291
f 3127 3291 3128
f 3128 3291 3129
f 3129 3291 3292
f 3129 3292 3293
f 3129 3293 3130
f 3130 3293 3292
f 3130 3292 3294
f 3130 3294 3131
f 3131 3295 3132
f 3131 3294 3296
f 3131 3296 3297
f 3131 3297 3295
f 3132 3295 3134
f 3132 3134 3133
f 3134 3295 3298
f 3134 3298 3136
f 3136 3298 3137
f 3137 3298 3299
f 3137 3299 3300
f 3137 3300 3138
f 3138 3300 3230
f 3138 3229 3228
f 3141 3301 3142
f 3142 3301 3302
f 3142 3302 3303
f 3142 3303 3304
f 3142 3304 3305
f 3142 3305 3306
f 3142 3306 3307
f 3142 3307 3308
f 3142 3308 3143
f 3143 3145 3144
f 3143 3308 3145
f 3145 3308 3146
f 3146 3309 3147
f 3146 3308 3307
f 3146 3307 3310
f 3146 3310 3309
f 3147 3309 3311
f 3147 3311 3148
f 3148 3311 3312
f 3148 3312 3149
f 3149 3312 3150
f 3150 3312 3313
f 3150 3313 3151
f 3151 3313 3314
f 3151 3314 3315
f 3151 3315 3157
f 3151 3157 3156
f 3151 3156 3152
f 3153 3158 3289
f 3157 3315 3159
f 3158 3316 3290
f 3158 3290 3289
f 3158 3160 3316
f 3159 3315 3317
f 3159 3317 3318
f 3159 3318 3160
f 3160 3318 3319
f 3160 3319 3316
f 3161 3212 3320
f 3161 3320 3162
f 3162 3320 3163
f 3164 3321 3165
f 3164 3320 3321
f 3165 3321 3322
f 3165 3322 3168
f 3165 3168 3183
f 3166 3170 3328
f 3166 3328 3172
f 3168 3322 3321
f 3168 3321 3323
f 3168 3323 3169
f 3169 3324 3170
f 3169 3323 3325
f 3169 3325 3326
f 3169 3326 3327
f 3169 3327 3324
f 3170 3324 3328
f 3171 3174 3175
f 3172 3329 3173
f 3172 3328 3330
f 3172 3330 3331
f 3172 3331 3329
f 3173 3329 3174
f 3174 3329 3332
f 3174 3332 3333
f 3174 3333 3175
f 3175 3334 3178
f 3175 3178 3176
f 3175 3333 3334
f 3176 3178 3177
f 3178 3335 3336
f 3178 3336 3179
f 3178 3334 3337
f 3178 3337 3335
f 3179 3336 3241
f 3184 3338 3185
f 3184 3188 3338
f 3185 3338 3339
f 3185 3339 3340
f 3185 3340 3186
f 3186 3340 3187
f 3187 3340 3194
f 3188 3190 3341
f 3188 3341 3342
f 3188 3342 3338
f 3189 3343 3190
f 3189 3191 3203
f 3189 3203 3343
f 3190 3343 3341
f 3192 3344 3193
f 3192 3194 3340
f 3192 3340 3344
f 3193 3344 3345
f 3193 3345 3195
f 3195 3345 3205
f 3196 3204 3214
f 3196 3214 3346
f 3196 3346 3347
f 3196 3347 3199
f 3197 3198 3348
f 3197 3348 3349
f 3197 3349 3350
f 3197 3350 3201
f 3198 3351 3352
f 3198 3352 3353
f 3198 3353 3348
f 3198 3200 3354
f 3198 3354 3351
f 3199 3347 3200
f 3200 3355 3354
f 3200 3347 3346
f 3200 3346 3355
f 3201 3350 3202
f 3202 3350 3203
f 3203 3356 3343
f 3203 3350 3356
f 3205 3345 3206
f 3206 3357 3358
f 3206 3358 3207
f 3206 3345 3359
f 3206 3359 3360
f 3206 3360 3361
f 3206 3361 3357
f 3207 3358 3208
f 3208 3358 3357
f 3208 3357 3362
f 3208 3362 3363
f 3208 3363 3209
f 3209 3364 3524
f 3209 3524 3365
f 3209 3365 3210
f 3209 3363 3364
f 3210 3365 3366
f 3210 3366 3211
f 3211 3366 3367
f 3211 3367 3321
f 3211 3321 3212
f 3212 3321 3320
f 3214 3218 3368
f 3214 3368 3355
f 3214 3355 3346
f 3215 3369 3370
f 3215 3370 3216
f 3215 3227 3371
f 3215 3371 3372
f 3215 3372 3369
f 3216 3370 3217
f 3217 3370 3373
f 3217 3373 3374
f 3217 3374 3218
f 3218 3374 3373
f 3218 3373 3375
f 3218 3375 3376
f 3218 3376 3513
f 3218 3513 3368
f 3219 3377 3220
f 3219 3221 3378
f 3219 3378 3379
f 3219 3379 3377
f 3220 3377 3222
f 3221 3235 3380
f 3221 3380 3381
f 3221 3381 3382
f 3221 3382 3378
f 3222 3224 3223
f 3222 3377 3383
f 3222 3383 3224
f 3224 3383 3225
f 3225 3383 3377
f 3225 3377 3384
f 3225 3384 3385
f 3225 3385 3386
f 3225 3386 3387
f 3225 3387 3226
f 3226 3387 3227
f 3227 3387 3371
f 3230 3300 3299
f 3230 3299 3231
f 3231 3299 3388
f 3231 3388 3389
f 3231 3389 3390
f 3231 3390 3233
f 3233 3390 3391
f 3233 3391 3392
f 3233 3392 3393
f 3233 3393 3394
f 3233 3394 3234
f 3234 3394 3380
f 3234 3380 3235
f 3236 3242 3395
f 3236 3395 3237
f 3237 3395 3238
f 3238 3396 3397
f 3238 3397 3239
f 3238 3395 3398
f 3238 3398 3396
f 3239 3397 3399
f 3239 3399 3240
f 3240 3399 3397
f 3240 3397 3400
f 3240 3400 3401
f 3240 3401 3250
f 3241 3336 3242
f 3242 3336 3395
f 3244 3402 3403
f 3244 3403 3245
f 3244 3252 3404
f 3244 3404 3402
f 3245 3403 3405
f 3245 3405 3246
f 3246 3405 3247
f 3247 3405 3406
f 3247 3406 3248
f 3250 3401 3407
f 3250 3407 3408
f 3250 3408 3409
f 3250 3409 3251
f 3251 3409 3410
f 3251 3410 3411
f 3251 3411 3252
f 3252 3411 3412
f 3252 3412 3404
f 3253 3257 3413
f 3253 3413 3414
f 3253 3414 3254
f 3254 3415 3255
f 3254 3414 3415
f 3255 3415 3416
f 3255 3416 3417
f 3255 3417 3258
f 3255 3258 3256
f 3257 3418 3413
f 3258 3417 3259
f 3259 3417 3419
f 3259 3419 3420
f 3259 3420 3260
f 3260 3421 3422
f 3260 3422 3423
f 3260 3423 3261
f 3260 3420 3421
f 3261 3423 3263
f 3261 3263 3262
f 3263 3423 3264
f 3264 3423 3424
f 3264 3424 3268
f 3265 3268 3266
f 3266 3425 3426
f 3266 3426 3267
f 3266 3268 3424
f 3266 3424 3425
f 3267 3426 3427
f 3267 3427 3428
f 3267 3428 3269
f 3269 3428 3429
f 3269 3429 3430
f 3269 3430 3271
f 3269 3271 3270
f 3271 3430 3431
f 3271 3431 3432
f 3271 3432 3272
f 3272 3432 3433
f 3272 3433 3273
f 3273 3433 3274
f 3274 3433 3434
f 3274 3434 3435
f 3274 3435 3436
f 3274 3436 3275
f 3275 3436 3276
f 3276 3436 3437
f 3276 3437 3438
f 3276 3438 3278
f 3277 3282 3286
f 3278 3438 3439
f 3278 3439 3279
f 3279 3439 3438
f 3279 3438 3440
f 3279 3440 3441
f 3279 3441 3442
f 3279 3442 3443
f 3279 3443 3281
f 3279 3281 3280
f 3281 3443 3444
f 3281 3444 3445
f 3281 3445 3446
f 3281 3446 3282
f 3282 3446 3286
f 3283 3285 3287
f 3285 3286 3447
f 3285 3447 3448
f 3285 3448 3287
f 3286 3446 3449
f 3286 3449 3447
f 3287 3448 3288
f 3288 3448 3450
f 3290 3316 3319
f 3290 3319 3451
f 3290 3451 3291
f 3291 3451 3452
f 3291 3452 3292
f 3292 3453 3294
f 3292 3452 3454
f 3292 3454 3455
f 3292 3455 3453
f 3294 3453 3296
f 3295 3297 3298
f 3296 3453 3456
f 3296 3456 3297
f 3297 3456 3457
f 3297 3457 3299
f 3297 3299 3298
f 3299 3457 3388
f 3301 3458 3302
f 3302 3458 3459
f 3302 3459 3460
f 3302 3460 3461
f 3302 3461 3303
f 3303 3462 3463
f 3303 3463 3304
f 3303 3461 3464
f 3303 3464 3462
f 3304 3465 3305
f 3304 3463 3465
f 3305 3466 3467
f 3305 3467 3306
f 3305 3465 3466
f 3306 3467 3310
f 3306 3310 3307
f 3309 3310 3311
f 3310 3467 3468
f 3310 3468 3469
f 3310 3469 3311
f 3311 3469 3468
f 3311 3468 3470
f 3311 3470 3312
f 3312 3470 3313
f 3313 3471 3472
f 3313 3472 3473
f 3313 3473 3314
f 3313 3470 3471
f 3314 3473 3315
f 3315 3473 3474
f 3315 3474 3317
f 3317 3474 3318
f 3318 3475 3319
f 3318 3474 3476
f 3318 3476 3477
f 3318 3477 3475
f 3319 3475 3451
f 3321 3367 3323
f 3323 3367 3478
f 3323 3478 3325
f 3324 3327 3479
f 3324 3479 3480
f 3324 3480 3328
f 3325 3478 3481
f 3325 3481 3482
f 3325 3482 3483
f 3325 3483 3484
f 3325 3484 3485
f 3325 3485 3486
f 3325 3486 3326
f 3326 3486 3327
f 3327 3486 3479
f 3328 3480 3330
f 3329 3331 3487
f 3329 3487 3488
f 3329 3488 3332
f 3330 3480 3489
f 3330 3489 3331
f 3331 3489 3490
f 3331 3490 3487
f 3332 3488 3491
f 3332 3491 3492
f 3332 3492 3493
f 3332 3493 3333
f 3333 3493 3334
f 3334 3493 3494
f 3334 3494 3337
f 3335 3337 3495
f 3335 3495 3496
f 3335 3496 3497
f 3335 3497 3498
f 3335 3498 3395
f 3335 3395 3336
f 3337 3494 3495
f 3338 3342 3499
f 3338 3499 3500
f 3338 3500 3501
f 3338 3501 3502
f 3338 3502 3339
f 3339 3502 3641
f 3339 3641 3503
f 3339 3503 3340
f 3340 3503 3344
f 3341 3343 3504
f 3341 3504 3505
f 3341 3505 3506
f 3341 3506 3342
f 3342 3506 3499
f 3343 3356 3504
f 3344 3503 3507
f 3344 3507 3508
f 3344 3508 3360
f 3344 3360 3359
f 3344 3359 3345
f 3348 3353 3509
f 3348 3509 3510
f 3348 3510 3349
f 3349 3510 3350
f 3350 3510 3511
f 3350 3511 3356
f 3351 3512 3352
f 3351 3354 3355
f 3351 3355 3513
f 3351 3513 3512
f 3352 3512 3509
f 3352 3509 3353
f 3355 3368 3513
f 3356 3511 3514
f 3356 3514 3515
f 3356 3515 3504
f 3357 3516 3362
f 3357 3361 3517
f 3357 3517 3516
f 3360 3508 3361
f 3361 3508 3518
f 3361 3518 3519
f 3361 3519 3517
f 3362 3516 3520
f 3362 3520 3363
f 3363 3520 3521
f 3363 3521 3364
f 3364 3522 3523
f 3364 3523 3524
f 3364 3521 3522
f 3365 3524 3481
f 3365 3481 3366
f 3366 3481 3367
f 3367 3481 3478
f 3369 3525 3370
f 3369 3372 3526
f 3369 3526 3525
f 3370 3525 3527
f 3370 3527 3373
f 3371 3528 3372
f 3371 3387 3529
f 3371 3529 3530
f 3371 3530 3528
f 3372 3528 3526
f 3373 3527 3531
f 3373 3531 3532
f 3373 3532 3375
f 3375 3532 3533
f 3375 3533 3376
f 3376 3533 3513
f 3377 3382 3534
f 3377 3534 3384
f 3377 3379 3382
f 3378 3382 3379
f 3380 3535 3536
f 3380 3536 3537
f 3380 3537 3381
f 3380 3394 3538
f 3380 3538 3539
f 3380 3539 3535
f 3381 3540 3382
f 3381 3537 3536
f 3381 3536 3541
f 3381 3541 3540
f 3382 3540 3542
f 3382 3542 3385
f 3382 3385 3534
f 3384 3534 3385
f 3385 3543 3386
f 3385 3542 3544
f 3385 3544 3543
f 3386 3543 3545
f 3386 3545 3529
f 3386 3529 3387
f 3388 3457 3389
f 3389 3457 3546
f 3389 3546 3547
f 3389 3547 3390
f 3390 3547 3391
f 3391 3548 3392
f 3391 3547 3456
f 3391 3456 3549
f 3391 3549 3550
f 3391 3550 3551
f 3391 3551 3548
f 3392 3548 3393
f 3393 3548 3551
f 3393 3551 3394
f 3394 3551 3538
f 3395 3498 3398
f 3396 3552 3397
f 3396 3398 3497
f 3396 3497 3552
f 3397 3552 3553
f 3397 3553 3400
f 3398 3498 3497
f 3400 3554 3401
f 3400 3553 3554
f 3401 3554 3407
f 3402 3404 3555
f 3402 3555 3556
f 3402 3556 3403
f 3403 3556 3557
f 3404 3412 3555
f 3407 3554 3408
f 3408 3554 3409
f 3409 3554 3410
f 3410 3558 3412
f 3410 3412 3411
f 3410 3554 3559
f 3410 3559 3560
f 3410 3560 3680
f 3410 3680 3558
f 3412 3558 3555
f 3413 3418 3561
f 3413 3561 3414
f 3414 3562 3563
f 3414 3563 3415
f 3414 3561 3562
f 3415 3563 3416
f 3416 3563 3419
f 3416 3419 3417
f 3419 3563 3564
f 3419 3564 3565
f 3419 3565 3420
f 3420 3565 3566
f 3420 3566 3553
f 3420 3553 3421
f 3421 3553 3552
f 3421 3552 3567
f 3421 3567 3422
f 3422 3567 3423
f 3423 3567 3568
f 3423 3568 3424
f 3424 3568 3425
f 3425 3568 3569
f 3425 3569 3570
f 3425 3570 3571
f 3425 3571 3572
f 3425 3572 3426
f 3426 3572 3428
f 3426 3428 3427
f 3428 3572 3429
f 3429 3572 3573
f 3429 3573 3574
f 3429 3574 3430
f 3430 3574 3431
f 3431 3574 3575
f 3431 3575 3576
f 3431 3576 3577
f 3431 3577 3578
f 3431 3578 3432
f 3432 3578 3433
f 3433 3578 3434
f 3434 3579 3580
f 3434 3580 3581
f 3434 3581 3582
f 3434 3582 3435
f 3434 3578 3579
f 3435 3582 3436
f 3436 3582 3583
f 3436 3583 3438
f 3436 3438 3437
f 3438 3583 3584
f 3438 3584 3585
f 3438 3585 3441
f 3438 3441 3440
f 3441 3585 3586
f 3441 3586 3587
f 3441 3587 3588
f 3441 3588 3589
f 3441 3589 3590
f 3441 3590 3442
f 3442 3590 3591
f 3442 3591 3592
f 3442 3592 3444
f 3442 3444 3443
f 3444 3592 3593
f 3444 3593 3445
f 3445 3449 3446
f 3445 3593 3594
f 3445 3594 3449
f 3447 3449 3448
f 3448 3449 3595
f 3448 3595 3596
f 3448 3596 3450
f 3449 3594 3597
f 3449 3597 3595
f 3451 3475 3598
f 3451 3598 3599
f 3451 3599 3452
f 3452 3599 3454
f 3453 3455 3456
f 3454 3599 3600
f 3454 3600 3550
f 3454 3550 3549
f 3454 3549 3455
f 3455 3549 3456
f 3456 3547 3546
f 3456 3546 3457
f 3459 3601 3460
f 3460 3601 3602
f 3460 3602 3603
f 3460 3603 3464
f 3460 3464 3461
f 3462 3464 3604
f 3462 3604 3605
f 3462 3605 3606
f 3462 3606 3607
f 3462 3607 3463
f 3463 3607 3465
f 3464 3603 3608
f 3464 3608 3604
f 3465 3607 3609
f 3465 3609 3610
f 3465 3610 3468
f 3465 3468 3466
f 3466 3468 3467
f 3468 3611 3471
f 3468 3471 3470
f 3468 3610 3609
f 3468 3609 3612
f 3468 3612 3613
f 3468 3613 3611
f 3471 3611 3614
f 3471 3614 3472
f 3472 3614 3473
f 3473 3614 3615
f 3473 3615 3616
f 3473 3616 3617
f 3473 3617 3474
f 3474 3618 3476
f 3474 3617 3619
f 3474 3619 3618
f 3475 3477 3620
f 3475 3620 3598
f 3476 3620 3477
f 3476 3618 3619
f 3476 3619 3621
f 3476 3621 3620
f 3479 3622 3480
f 3479 3486 3485
f 3479 3485 3623
f 3479 3623 3622
f 3480 3622 3489
f 3481 3524 3482
f 3482 3524 3523
f 3482 3523 3624
f 3482 3624 3483
f 3483 3624 3484
f 3484 3625 3485
f 3484 3624 3625
f 3485 3625 3623
f 3487 3490 3626
f 3487 3626 3627
f 3487 3627 3488
f 3488 3628 3491
f 3488 3627 3628
f 3489 3629 3490
f 3489 3622 3629
f 3490 3629 3626
f 3491 3628 3630
f 3491 3630 3631
f 3491 3631 3492
f 3492 3631 3632
f 3492 3632 3493
f 3493 3632 3494
f 3494 3632 3495
f 3495 3632 3633
f 3495 3633 3634
f 3495 3634 3497
f 3495 3497 3496
f 3497 3634 3567
f 3497 3567 3552
f 3499 3506 3635
f 3499 3635 3636
f 3499 3636 3637
f 3499 3637 3500
f 3500 3637 3638
f 3500 3638 3501
f 3501 3639 3640
f 3501 3640 3641
f 3501 3641 3502
f 3501 3638 3639
f 3503 3518 3507
f 3503 3641 3518
f 3504 3642 3505
f 3504 3515 3642
f 3505 3642 3506
f 3506 3642 3635
f 3507 3518 3508
f 3509 3643 3510
f 3509 3512 3644
f 3509 3644 3643
f 3510 3643 3645
f 3510 3645 3646
f 3510 3646 3511
f 3511 3646 3649
f 3511 3649 3514
f 3512 3513 3647
f 3512 3647 3648
f 3512 3648 3644
f 3513 3533 3647
f 3514 3649 3650
f 3514 3650 3515
f 3515 3650 3642
f 3516 3651 3520
f 3516 3517 3651
f 3517 3519 3652
f 3517 3652 3653
f 3517 3653 3651
f 3518 3641 3640
f 3518 3640 3654
f 3518 3654 3652
f 3518 3652 3519
f 3520 3651 3655
f 3520 3655 3521
f 3521 3655 3656
f 3521 3656 3522
f 3522 3657 3658
f 3522 3658 3624
f 3522 3624 3523
f 3522 3656 3657
f 3525 3659 3527
f 3525 3526 3660
f 3525 3660 3661
f 3525 3661 3662
f 3525 3662 3659
f 3526 3528 3660
f 3527 3659 3663
f 3527 3663 3664
f 3527 3664 3665
f 3527 3665 3531
f 3528 3530 3660
f 3529 3545 3530
f 3530 3545 3666
f 3530 3666 3667
f 3530 3667 3660
f 3531 3665 3668
f 3531 3668 3532
f 3532 3668 3533
f 3533 3668 3647
f 3535 3669 3536
f 3535 3539 3670
f 3535 3670 3669
f 3536 3669 3541
f 3538 3551 3671
f 3538 3671 3672
f 3538 3672 3539
f 3539 3672 3670
f 3540 3673 3542
f 3540 3541 3669
f 3540 3669 3673
f 3542 3673 3544
f 3543 3544 3674
f 3543 3674 3675
f 3543 3675 3666
f 3543 3666 3545
f 3544 3673 3674
f 3550 3600 3676
f 3550 3676 3551
f 3551 3676 3671
f 3553 3566 3554
f 3554 3566 3565
f 3554 3565 3559
f 3555 3677 3678
f 3555 3678 3679
f 3555 3679 3556
f 3555 3558 3677
f 3556 3679 3557
f 3558 3680 3565
f 3558 3565 3681
f 3558 3681 3564
f 3558 3564 3682
f 3558 3682 3677
f 3559 3565 3560
f 3560 3565 3680
f 3561 3683 3562
f 3562 3683 3563
f 3563 3683 3684
f 3563 3684 3685
f 3563 3685 3682
f 3563 3682 3564
f 3564 3681 3565
f 3567 3634 3569
f 3567 3569 3568
f 3569 3634 3686
f 3569 3686 3687
f 3569 3687 3570
f 3570 3687 3686
f 3570 3686 3688
f 3570 3688 3633
f 3570 3633 3689
f 3570 3689 3571
f 3571 3689 3690
f 3571 3690 3572
f 3572 3690 3573
f 3573 3690 3630
f 3573 3630 3691
f 3573 3691 3574
f 3574 3691 3575
f 3575 3691 3692
f 3575 3692 3693
f 3575 3693 3576
f 3576 3693 3694
f 3576 3694 3577
f 3577 3694 3695
f 3577 3695 3578
f 3578 3695 3579
f 3579 3695 3580
f 3580 3695 3694
f 3580 3694 3696
f 3580 3696 3697
f 3580 3697 3698
f 3580 3698 3581
f 3581 3698 3582
f 3582 3698 3699
f 3582 3699 3586
f 3582 3586 3583
f 3583 3586 3585
f 3583 3585 3584
f 3586 3699 3700
f 3586 3700 3587
f 3587 3700 3701
f 3587 3701 3588
f 3588 3702 3703
f 3588 3703 3704
f 3588 3704 3589
f 3588 3701 3702
f 3589 3705 3591
f 3589 3591 3590
f 3589 3704 3705
f 3591 3705 3706
f 3591 3706 3593
f 3591 3593 3592
f 3593 3706 3707
f 3593 3707 3594
f 3594 3707 3708
f 3594 3708 3597
f 3595 3709 3596
f 3595 3597 3710
f 3595 3710 3709
f 3597 3708 3710
f 3598 3620 3711
f 3598 3711 3712
f 3598 3712 3599
f 3599 3712 3713
f 3599 3713 3714
f 3599 3714 3715
f 3599 3715 3716
f 3599 3716 3717
f 3599 3717 3600
f 3600 3717 3718
f 3600 3718 3672
f 3600 3672 3671
f 3600 3671 3676
f 3601 3719 3602
f 3602 3719 3720
f 3602 3720 3603
f 3603 3720 3721
f 3603 3721 3722
f 3603 3722 3605
f 3603 3605 3608
f 3604 3608 3605
f 3605 3722 3723
f 3605 3723 3724
f 3605 3724 3725
f 3605 3725 3726
f 3605 3726 3606
f 3606 3726 3609
f 3606 3609 3607
f 3609 3726 3727
f 3609 3727 3612
f 3611 3728 3614
f 3611 3613 3728
f 3612 3727 3729
f 3612 3729 3730
f 3612 3730 3731
f 3612 3731 3732
f 3612 3732 3733
f 3612 3733 3734
f 3612 3734 3613
f 3613 3734 3728
f 3614 3728 3734
f 3614 3734 3616
f 3614 3616 3615
f 3616 3734 3733
f 3616 3733 3830
f 3616 3830 3735
f 3616 3735 3617
f 3617 3735 3736
f 3617 3736 3737
f 3617 3737 3738
f 3617 3738 3619
f 3619 3739 3621
f 3619 3738 3740
f 3619 3740 3739
f 3620 3621 3741
f 3620 3741 3711
f 3621 3739 3741
f 3622 3742 3629
f 3622 3623 3742
f 3623 3625 3743
f 3623 3743 3744
f 3623 3744 3742
f 3624 3658 3625
f 3625 3658 3745
f 3625 3745 3743
f 3626 3746 3747
f 3626 3747 3627
f 3626 3629 3746
f 3627 3747 3628
f 3628 3748 3692
f 3628 3692 3749
f 3628 3749 3630
f 3628 3747 3748
f 3629 3742 3750
f 3629 3750 3746
f 3630 3749 3692
f 3630 3692 3691
f 3630 3690 3751
f 3630 3751 3631
f 3631 3751 3632
f 3632 3751 3633
f 3633 3751 3690
f 3633 3690 3689
f 3633 3688 3686
f 3633 3686 3634
f 3635 3642 3752
f 3635 3752 3636
f 3636 3752 3753
f 3636 3753 3754
f 3636 3754 3637
f 3637 3754 3638
f 3638 3754 3755
f 3638 3755 3639
f 3639 3756 3757
f 3639 3757 3758
f 3639 3758 3640
f 3639 3755 3756
f 3640 3758 3654
f 3642 3650 3752
f 3643 3644 3759
f 3643 3759 3760
f 3643 3760 3761
f 3643 3761 3646
f 3643 3646 3645
f 3644 3762 3759
f 3644 3648 3763
f 3644 3763 3762
f 3646 3761 3764
f 3646 3764 3649
f 3647 3668 3648
f 3648 3668 3765
f 3648 3765 3763
f 3649 3764 3650
f 3650 3764 3753
f 3650 3753 3752
f 3651 3766 3655
f 3651 3653 3767
f 3651 3767 3766
f 3652 3768 3653
f 3652 3654 3769
f 3652 3769 3768
f 3653 3768 3767
f 3654 3758 3769
f 3655 3766 3770
f 3655 3770 3771
f 3655 3771 3656
f 3656 3771 3772
f 3656 3772 3657
f 3657 3772 3658
f 3658 3772 3745
f 3659 3662 3663
f 3660 3662 3661
f 3660 3667 3773
f 3660 3773 3662
f 3662 3774 3775
f 3662 3775 3776
f 3662 3776 3663
f 3662 3773 3774
f 3663 3776 3777
f 3663 3777 3664
f 3664 3777 3665
f 3665 3777 3668
f 3666 3675 3778
f 3666 3778 3779
f 3666 3779 3667
f 3667 3779 3780
f 3667 3780 3781
f 3667 3781 3773
f 3668 3777 3782
f 3668 3782 3765
f 3669 3670 3783
f 3669 3783 3784
f 3669 3784 3673
f 3670 3672 3718
f 3670 3718 3785
f 3670 3785 3783
f 3673 3784 3674
f 3674 3786 3778
f 3674 3778 3675
f 3674 3784 3787
f 3674 3787 3786
f 3677 3682 3788
f 3682 3685 3684
f 3682 3684 3789
f 3682 3789 3788
f 3692 3748 3790
f 3692 3790 3693
f 3693 3790 3791
f 3693 3791 3792
f 3693 3792 3694
f 3694 3792 3793
f 3694 3793 3696
f 3696 3793 3697
f 3697 3794 3795
f 3697 3795 3698
f 3697 3793 3794
f 3698 3795 3796
f 3698 3796 3700
f 3698 3700 3699
f 3700 3796 3797
f 3700 3797 3798
f 3700 3798 3701
f 3701 3798 3799
f 3701 3799 3702
f 3702 3799 3800
f 3702 3800 3703
f 3703 3801 3802
f 3703 3802 3705
f 3703 3705 3704
f 3703 3800 3803
f 3703 3803 3804
f 3703 3804 3801
f 3705 3805 3806
f 3705 3806 3706
f 3705 3802 3807
f 3705 3807 3805
f 3706 3806 3707
f 3707 3806 3808
f 3707 3808 3708
f 3708 3808 3809
f 3708 3809 3710
f 3711 3741 3712
f 3712 3741 3810
f 3712 3810 3713
f 3713 3810 3714
f 3714 3810 3715
f 3715 3810 3811
f 3715 3811 3716
f 3716 3811 3812
f 3716 3812 3718
f 3716 3718 3717
f 3718 3812 3813
f 3718 3813 3785
f 3719 3814 3720
f 3720 3815 3816
f 3720 3816 3721
f 3720 3814 3817
f 3720 3817 3818
f 3720 3818 3819
f 3720 3819 3815
f 3721 3816 3722
f 3722 3816 3815
f 3722 3815 3820
f 3722 3820 3821
f 3722 3821 3822
f 3722 3822 3823
f 3722 3823 3723
f 3723 3823 3724
f 3724 3727 3725
f 3724 3823 3727
f 3725 3727 3726
f 3727 3823 3824
f 3727 3824 3729
f 3729 3824 3825
f 3729 3825 3826
f 3729 3826 3827
f 3729 3827 3828
f 3729 3828 3730
f 3730 3829 3732
f 3730 3732 3731
f 3730 3828 3829
f 3732 3829 3828
f 3732 3828 3733
f 3733 3828 3830
f 3735 3830 3736
f 3736 3831 3832
f 3736 3832 3833
f 3736 3833 3834
f 3736 3834 3835
f 3736 3835 3836
f 3736 3836 3737
f 3736 3830 3831
f 3737 3740 3738
f 3737 3836 3740
f 3739 3837 3741
f 3739 3740 3837
f 3740 3836 3838
f 3740 3838 3839
f 3740 3839 3837
f 3741 3837 3810
f 3742 3744 3842
f 3742 3842 3750
f 3743 3840 3744
f 3743 3745 3841
f 3743 3841 3840
f 3744 3840 3842
f 3745 3772 3868
f 3745 3868 3841
f 3746 3843 3791
f 3746 3791 3747
f 3746 3750 3844
f 3746 3844 3843
f 3747 3791 3790
f 3747 3790 3748
f 3750 3845 3844
f 3750 3842 3846
f 3750 3846 3845
f 3753 3847 3754
f 3753 3764 3848
f 3753 3848 3847
f 3754 3847 3755
f 3755 3847 3849
f 3755 3849 3756
f 3756 3849 3850
f 3756 3850 3757
f 3757 3851 3852
f 3757 3852 3769
f 3757 3769 3758
f 3757 3850 3851
f 3759 3762 3853
f 3759 3853 3854
f 3759 3854 3855
f 3759 3855 3760
f 3760 3855 3761
f 3761 3855 3856
f 3761 3856 3764
f 3762 3763 3853
f 3763 3857 3853
f 3763 3765 3858
f 3763 3858 3857
f 3764 3856 3859
f 3764 3859 3848
f 3765 3782 3860
f 3765 3860 3858
f 3766 3861 3770
f 3766 3767 3863
f 3766 3863 3861
f 3767 3768 3769
f 3767 3769 3862
f 3767 3862 3863
f 3769 3864 3865
f 3769 3865 3862
f 3769 3852 3864
f 3770 3866 3867
f 3770 3867 3771
f 3770 3861 3866
f 3771 3867 3772
f 3772 3867 3868
f 3773 3781 3774
f 3774 3869 3870
f 3774 3870 3871
f 3774 3871 3872
f 3774 3872 3873
f 3774 3873 3874
f 3774 3874 3876
f 3774 3876 3775
f 3774 3781 3875
f 3774 3875 3869
f 3775 3876 3776
f 3776 3876 3877
f 3776 3877 3860
f 3776 3860 3782
f 3776 3782 3777
f 3778 3878 3779
f 3778 3786 3878
f 3779 3878 3875
f 3779 3875 3781
f 3779 3781 3780
f 3783 3785 3879
f 3783 3879 3784
f 3784 3879 3787
f 3785 3813 3879
f 3786 3787 3878
f 3787 3879 3880
f 3787 3880 3881
f 3787 3881 3882
f 3787 3882 3878
f 3791 3843 3792
f 3792 3843 3883
f 3792 3883 3794
f 3792 3794 3793
f 3794 3883 3884
f 3794 3884 3885
f 3794 3885 3886
f 3794 3886 3795
f 3795 3886 3887
f 3795 3887 3888
f 3795 3888 3797
f 3795 3797 3796
f 3797 3888 3889
f 3797 3889 3798
f 3798 3889 3890
f 3798 3890 3891
f 3798 3891 3799
f 3799 3891 3800
f 3800 3892 3893
f 3800 3893 3803
f 3800 3891 3892
f 3801 3894 3802
f 3801 3804 3894
f 3802 3894 3807
f 3803 3893 3895
f 3803 3895 3896
f 3803 3896 3897
f 3803 3897 3804
f 3804 3898 3894
f 3804 3897 3899
f 3804 3899 3898
f 3805 3900 3806
f 3805 3807 3901
f 3805 3901 3900
f 3806 3900 3808
f 3807 3894 3902
f 3807 3902 3901
f 3808 3900 3903
f 3808 3903 3809
f 3810 3838 3880
f 3810 3880 3812
f 3810 3812 3811
f 3810 3837 3838
f 3812 3880 3879
f 3812 3879 3813
f 3815 3819 3904
f 3815 3904 3905
f 3815 3905 3820
f 3817 3906 3818
f 3818 3906 3907
f 3818 3907 3819
f 3819 3907 3908
f 3819 3908 3909
f 3819 3909 3904
f 3820 3910 3821
f 3820 3905 3910
f 3821 3910 3911
f 3821 3911 3912
f 3821 3912 3913
f 3821 3913 3824
f 3821 3824 3822
f 3822 3824 3823
f 3824 3913 3825
f 3825 3913 3914
f 3825 3914 3826
f 3826 3914 3827
f 3827 3914 3828
f 3828 3914 3915
f 3828 3915 3916
f 3828 3916 3917
f 3828 3917 3831
f 3828 3831 3830
f 3831 3917 3832
f 3832 3917 3916
f 3832 3916 3918
f 3832 3918 3919
f 3832 3919 3920
f 3832 3920 3833
f 3833 3920 3921
f 3833 3921 3922
f 3833 3922 3834
f 3834 3881 3835
f 3834 3922 3921
f 3834 3921 3881
f 3835 3881 3836
f 3836 3881 3880
f 3836 3880 3923
f 3836 3923 3838
f 3837 3839 3838
f 3838 3923 3880
f 3840 3841 3924
f 3840 3924 3925
f 3840 3925 3842
f 3841 3868 3926
f 3841 3926 3924
f 3842 3925 3846
f 3843 3844 3883
f 3844 3845 3927
f 3844 3927 3884
f 3844 3884 3883
f 3845 3846 3927
f 3846 3925 4005
f 3846 4005 3928
f 3846 3928 3927
f 3847 3848 3929
f 3847 3929 3930
f 3847 3930 3931
f 3847 3931 3935
f 3847 3935 3849
f 3848 3859 3932
f 3848 3932 3933
f 3848 3933 3934
f 3848 3934 3929
f 3849 3935 3936
f 3849 3936 3850
f 3850 3936 3937
f 3850 3937 3851
f 3851 3937 3938
f 3851 3938 4015
f 3851 4015 3939
f 3851 3939 3852
f 3852 3939 3864
f 3853 3857 3940
f 3853 3940 3854
f 3854 3940 3941
f 3854 3941 3855
f 3855 3941 3942
f 3855 3942 3943
f 3855 3943 3856
f 3856 3943 3932
f 3856 3932 3859
f 3857 3944 3945
f 3857 3945 3946
f 3857 3946 3940
f 3857 3858 3947
f 3857 3947 3944
f 3858 3948 3947
f 3858 3860 3949
f 3858 3949 3948
f 3860 3877 3949
f 3861 3950 3866
f 3861 3863 3951
f 3861 3951 3950
f 3862 3952 3951
f 3862 3951 3863
f 3862 3865 3952
f 3864 3939 3865
f 3865 3939 3952
f 3866 3950 3953
f 3866 3953 3867
f 3867 3953 3954
f 3867 3954 3868
f 3868 3954 3926
f 3869 3875 3955
f 3869 3955 3870
f 3870 3955 3875
f 3870 3875 3878
f 3870 3878 3956
f 3870 3956 3871
f 3871 3956 3957
f 3871 3957 3958
f 3871 3958 3959
f 3871 3959 3960
f 3871 3960 3872
f 3872 3960 3961
f 3872 3961 3962
f 3872 3962 3873
f 3873 3962 3963
f 3873 3963 3874
f 3874 3963 3964
f 3874 3964 3876
f 3876 3964 3965
f 3876 3965 3877
f 3877 3965 3964
f 3877 3964 3966
f 3877 3966 3949
f 3878 3882 3956
f 3881 3921 3882
f 3882 3921 3920
f 3882 3920 3956
f 3884 3927 3885
f 3885 3888 3886
f 3885 3927 3928
f 3885 3928 3967
f 3885 3967 3968
f 3885 3968 3969
f 3885 3969 3970
f 3885 3970 3888
f 3886 3888 3887
f 3888 3970 3889
f 3889 3970 3969
f 3889 3969 3971
f 3889 3971 3890
f 3890 3971 3972
f 3890 3972 3891
f 3891 3972 3973
f 3891 3973 3892
f 3892 3973 3974
f 3892 3974 3893
f 3893 3974 3975
f 3893 3975 3976
f 3893 3976 3895
f 3894 3898 3902
f 3895 3976 3977
f 3895 3977 3896
f 3896 3899 3897
f 3896 3977 3978
f 3896 3978 3979
f 3896 3979 3980
f 3896 3980 3899
f 3898 3981 3902
f 3898 3899 3981
f 3899 3980 3982
f 3899 3982 3981
f 3900 3901 3903
f 3901 3902 3983
f 3901 3983 3903
f 3902 3981 3984
f 3902 3984 3983
f 3904 3911 3910
f 3904 3910 3905
f 3904 3909 3911
f 3906 3985 3907
f 3907 3985 3986
f 3907 3986 3987
f 3907 3987 3908
f 3908 3987 3988
f 3908 3988 3909
f 3909 3988 3989
f 3909 3989 3990
f 3909 3990 3991
f 3909 3991 3911
f 3911 3991 3992
f 3911 3992 3993
f 3911 3993 3994
f 3911 3994 3995
f 3911 3995 3996
f 3911 3996 3997
f 3911 3997 3912
f 3912 3997 3998
f 3912 3998 3913
f 3913 3998 3999
f 3913 3999 4000
f 3913 4000 3914
f 3914 4000 3915
f 3915 4000 4001
f 3915 4001 3916
f 3916 4001 3918
f 3918 3958 3919
f 3918 4001 4002
f 3918 4002 3958
f 3919 3958 3957
f 3919 3957 3920
f 3920 3957 3956
f 3924 3926 4006
f 3924 4006 4003
f 3924 4003 4004
f 3924 4004 3925
f 3925 4004 4005
f 3926 3954 4006
f 3928 4005 3967
f 3929 3934 3930
f 3930 3934 4007
f 3930 4007 3931
f 3931 4007 4008
f 3931 4008 3935
f 3932 4009 4010
f 3932 4010 3933
f 3932 3943 4019
f 3932 4019 4009
f 3933 4010 4011
f 3933 4011 3934
f 3934 4011 4007
f 3935 4012 3936
f 3935 4008 4012
f 3936 4012 4013
f 3936 4013 3937
f 3937 4013 3938
f 3938 4013 4014
f 3938 4014 4015
f 3939 4015 4016
f 3939 4016 3952
f 3940 3946 3945
f 3940 3945 3941
f 3941 3945 4017
f 3941 4017 4018
f 3941 4018 4019
f 3941 4019 3942
f 3942 4019 3943
f 3944 3947 4020
f 3944 4020 4017
f 3944 4017 3945
f 3947 3948 4020
f 3948 4021 4022
f 3948 4022 4023
f 3948 4023 4020
f 3948 3949 4021
f 3949 3966 4021
f 3950 3951 4024
f 3950 4024 3953
f 3951 3952 4025
f 3951 4025 4026
f 3951 4026 4027
f 3951 4027 4024
f 3952 4016 4025
f 3953 4028 4006
f 3953 4006 3954
f 3953 4024 4028
f 3958 4002 4029
f 3958 4029 3960
f 3958 3960 3959
f 3960 4029 3961
f 3961 4029 3962
f 3962 4029 3963
f 3963 4030 3964
f 3963 4029 4030
f 3964 4030 4031
f 3964 4031 3966
f 3966 4031 4032
f 3966 4032 4033
f 3966 4033 4021
f 3967 4005 4034
f 3967 4034 4035
f 3967 4035 4036
f 3967 4036 3969
f 3967 3969 3968
f 3969 4036 4037
f 3969 4037 3971
f 3971 4037 3972
f 3972 4037 4038
f 3972 4038 3974
f 3972 3974 3973
f 3974 4038 4039
f 3974 4039 4040
f 3974 4040 3975
f 3975 4040 4041
f 3975 4041 4042
f 3975 4042 3976
f 3976 4042 3977
f 3977 4042 4043
f 3977 4043 4044
f 3977 4044 3978
f 3978 4044 4045
f 3978 4045 3979
f 3979 4045 4046
f 3979 4046 4047
f 3979 4047 4048
f 3979 4048 4049
f 3979 4049 3980
f 3980 4049 3982
f 3981 3982 4050
f 3981 4050 3984
f 3982 4049 4050
f 3985 4051 3987
f 3985 3987 3986
f 3987 4051 4108
f 3987 4108 4052
f 3987 4052 3988
f 3988 4052 4053
f 3988 4053 3989
f 3989 4053 4054
f 3989 4054 3990
f 3990 3992 3991
f 3990 4054 4055
f 3990 4055 3992
f 3992 4055 3993
f 3993 4055 4056
f 3993 4056 4057
f 3993 4057 4058
f 3993 4058 4059
f 3993 4059 4060
f 3993 4060 4061
f 3993 4061 3995
f 3993 3995 3994
f 3995 4061 3996
f 3996 4062 3997
f 3996 4061 4063
f 3996 4063 4062
f 3997 4062 3998
f 3998 4062 4063
f 3998 4063 3999
f 3999 4029 4002
f 3999 4002 4001
f 3999 4001 4000
f 3999 4063 4029
f 4003 4064 4004
f 4003 4006 4065
f 4003 4065 4064
f 4004 4064 4034
f 4004 4034 4005
f 4006 4028 4066
f 4006 4066 4067
f 4006 4067 4065
f 4007 4011 4068
f 4007 4068 4008
f 4008 4068 4069
f 4008 4069 4012
f 4009 4070 4010
f 4009 4019 4071
f 4009 4071 4070
f 4010 4070 4072
f 4010 4072 4011
f 4011 4072 4068
f 4012 4073 4013
f 4012 4069 4073
f 4013 4074 4014
f 4013 4073 4074
f 4014 4074 4075
f 4014 4075 4076
f 4014 4076 4015
f 4015 4077 4016
f 4015 4076 4077
f 4016 4077 4026
f 4016 4026 4025
f 4017 4078 4018
f 4017 4020 4079
f 4017 4079 4080
f 4017 4080 4078
f 4018 4078 4071
f 4018 4071 4019
f 4020 4023 4081
f 4020 4081 4082
f 4020 4082 4083
f 4020 4083 4079
f 4021 4033 4022
f 4022 4033 4084
f 4022 4084 4023
f 4023 4084 4081
f 4024 4027 4026
f 4024 4026 4085
f 4024 4085 4028
f 4026 4086 4085
f 4026 4077 4087
f 4026 4087 4086
f 4028 4085 4066
f 4029 4063 4030
f 4030 4063 4061
f 4030 4061 4031
f 4031 4059 4058
f 4031 4058 4084
f 4031 4084 4032
f 4031 4061 4060
f 4031 4060 4059
f 4032 4084 4033
f 4034 4064 4088
f 4034 4088 4035
f 4035 4088 4089
f 4035 4089 4036
f 4036 4089 4090
f 4036 4090 4037
f 4037 4090 4038
f 4038 4090 4091
f 4038 4091 4092
f 4038 4092 4039
f 4039 4092 4093
f 4039 4093 4040
f 4040 4093 4041
f 4041 4093 4094
f 4041 4094 4043
f 4041 4043 4042
f 4043 4094 4095
f 4043 4095 4096
f 4043 4096 4097
f 4043 4097 4044
f 4044 4097 4045
f 4045 4097 4098
f 4045 4098 4099
f 4045 4099 4100
f 4045 4100 4101
f 4045 4101 4102
f 4045 4102 4047
f 4045 4047 4046
f 4047 4103 4104
f 4047 4104 4048
f 4047 4102 4105
f 4047 4105 4103
f 4048 4104 4049
f 4049 4106 4050
f 4049 4104 4103
f 4049 4103 4107
f 4049 4107 4106
f 4052 4108 4154
f 4052 4154 4109
f 4052 4109 4110
f 4052 4110 4053
f 4053 4110 4054
f 4054 4111 4055
f 4054 4110 4112
f 4054 4112 4111
f 4055 4111 4113
f 4055 4113 4114
f 4055 4114 4115
f 4055 4115 4116
f 4055 4116 4117
f 4055 4117 4056
f 4056 4118 4058
f 4056 4058 4057
f 4056 4117 4119
f 4056 4119 4118
f 4058 4118 4084
f 4064 4065 4120
f 4064 4120 4088
f 4065 4067 4066
f 4065 4066 4120
f 4066 4121 4120
f 4066 4085 4122
f 4066 4122 4123
f 4066 4123 4121
f 4068 4124 4069
f 4068 4072 4124
f 4069 4124 4125
f 4069 4125 4126
f 4069 4126 4073
f 4070 4127 4072
f 4070 4071 4128
f 4070 4128 4127
f 4071 4078 4128
f 4072 4127 4129
f 4072 4129 4130
f 4072 4130 4124
f 4073 4126 4131
f 4073 4131 4074
f 4074 4131 4075
f 4075 4131 4132
f 4075 4132 4076
f 4076 4132 4077
f 4077 4133 4087
f 4077 4132 4133
f 4078 4134 4128
f 4078 4080 4135
f 4078 4135 4134
f 4079 4083 4080
f 4080 4083 4135
f 4081 4119 4082
f 4081 4084 4118
f 4081 4118 4119
f 4082 4119 4083
f 4083 4136 4135
f 4083 4119 4137
f 4083 4137 4136
f 4085 4086 4122
f 4086 4138 4122
f 4086 4087 4133
f 4086 4133 4138
f 4088 4120 4139
f 4088 4139 4089
f 4089 4139 4140
f 4089 4140 4090
f 4090 4140 4091
f 4091 4140 4163
f 4091 4163 4141
f 4091 4141 4092
f 4092 4141 4142
f 4092 4142 4094
f 4092 4094 4093
f 4094 4142 4143
f 4094 4143 4095
f 4095 4143 4144
f 4095 4144 4096
f 4096 4144 4145
f 4096 4145 4098
f 4096 4098 4097
f 4098 4145 4099
f 4099 4101 4100
f 4099 4145 4146
f 4099 4146 4101
f 4101 4105 4102
f 4101 4146 4147
f 4101 4147 4148
f 4101 4148 4149
f 4101 4149 4150
f 4101 4150 4151
f 4101 4151 4105
f 4103 4105 4152
f 4103 4152 4151
f 4103 4151 4153
f 4103 4153 4107
f 4105 4151 4152
f 4109 4154 4155
f 4109 4155 4156
f 4109 4156 4110
f 4110 4156 4157
f 4110 4157 4112
f 4111 4112 4113
f 4112 4157 4158
f 4112 4158 4159
f 4112 4159 4114
f 4112 4114 4113
f 4114 4159 4160
f 4114 4160 4115
f 4115 4160 4161
f 4115 4161 4116
f 4116 4137 4117
f 4116 4161 4136
f 4116 4136 4137
f 4117 4137 4119
f 4120 4121 4162
f 4120 4162 4139
f 4121 4163 4162
f 4121 4123 4164
f 4121 4164 4163
f 4122 4138 4123
f 4123 4138 4165
f 4123 4165 4164
f 4124 4130 4166
f 4124 4166 4167
f 4124 4167 4168
f 4124 4168 4169
f 4124 4169 4125
f 4125 4169 4170
f 4125 4170 4126
f 4126 4170 4131
f 4127 4171 4166
f 4127 4166 4129
f 4127 4128 4171
f 4128 4134 4172
f 4128 4172 4173
f 4128 4173 4171
f 4129 4166 4130
f 4131 4170 4174
f 4131 4174 4175
f 4131 4175 4176
f 4131 4176 4177
f 4131 4177 4178
f 4131 4178 4132
f 4132 4178 4133
f 4133 4179 4138
f 4133 4178 4179
f 4134 4180 4172
f 4134 4135 4180
f 4135 4136 4181
f 4135 4181 4182
f 4135 4182 4180
f 4136 4161 4181
f 4138 4179 4183
f 4138 4183 4165
f 4139 4162 4163
f 4139 4163 4140
f 4141 4163 4184
f 4141 4184 4142
f 4142 4184 4185
f 4142 4185 4143
f 4143 4185 4186
f 4143 4186 4144
f 4144 4186 4187
f 4144 4187 4145
f 4145 4187 4188
f 4145 4188 4146
f 4146 4188 4147
f 4147 4188 4189
f 4147 4189 4190
f 4147 4190 4191
f 4147 4191 4148
f 4148 4191 4192
f 4148 4192 4149
f 4149 4192 4193
f 4149 4193 4151
f 4149 4151 4150
f 4151 4193 4194
f 4151 4194 4195
f 4151 4195 4196
f 4151 4196 4197
f 4151 4197 4198
f 4151 4198 4199
f 4151 4199 4153
f 4155 4200 4156
f 4156 4200 4201
f 4156 4201 4202
f 4156 4202 4203
f 4156 4203 4157
f 4157 4203 4204
f 4157 4204 4205
f 4157 4205 4206
f 4157 4206 4158
f 4158 4206 4159
f 4159 4206 4207
f 4159 4207 4208
f 4159 4208 4209
f 4159 4209 4160
f 4160 4209 4210
f 4160 4210 4161
f 4161 4210 4211
f 4161 4211 4182
f 4161 4182 4181
f 4163 4164 4184
f 4164 4165 4212
f 4164 4212 4213
f 4164 4213 4184
f 4165 4183 4214
f 4165 4214 4215
f 4165 4215 4212
f 4166 4171 4216
f 4166 4216 4217
f 4166 4217 4218
f 4166 4218 4167
f 4167 4218 4219
f 4167 4219 4168
f 4168 4219 4220
f 4168 4220 4169
f 4169 4220 4221
f 4169 4221 4170
f 4170 4221 4174
f 4171 4173 4216
f 4172 4180 4222
f 4172 4222 4216
f 4172 4216 4173
f 4174 4221 4175
f 4175 4221 4223
f 4175 4223 4176
f 4176 4224 4225
f 4176 4225 4177
f 4176 4223 4224
f 4177 4225 4214
f 4177 4214 4178
f 4178 4214 4179
f 4179 4214 4183
f 4180 4226 4227
f 4180 4227 4222
f 4180 4182 4211
f 4180 4211 4228
f 4180 4228 4226
f 4184 4213 4185
f 4185 4213 4229
f 4185 4229 4186
f 4186 4229 4230
f 4186 4230 4187
f 4187 4230 4231
f 4187 4231 4188
f 4188 4231 4232
f 4188 4232 4189
f 4189 4232 4233
f 4189 4233 4234
f 4189 4234 4235
f 4189 4235 4236
f 4189 4236 4190
f 4190 4236 4237
f 4190 4237 4191
f 4191 4237 4192
f 4192 4237 4238
f 4192 4238 4239
f 4192 4239 4267
f 4192 4267 4240
f 4192 4240 4193
f 4193 4240 4241
f 4193 4241 4196
f 4193 4196 4194
f 4194 4196 4195
f 4201 4242 4243
f 4201 4243 4244
f 4201 4244 4203
f 4201 4203 4202
f 4203 4244 4245
f 4203 4245 4204
f 4204 4245 4243
f 4204 4243 4246
f 4204 4246 4205
f 4205 4247 4206
f 4205 4246 4248
f 4205 4248 4247
f 4206 4247 4207
f 4207 4247 4248
f 4207 4248 4249
f 4207 4249 4250
f 4207 4250 4208
f 4208 4228 4210
f 4208 4210 4209
f 4208 4250 4226
f 4208 4226 4228
f 4210 4228 4211
f 4212 4215 4229
f 4212 4229 4213
f 4214 4225 4251
f 4214 4251 4252
f 4214 4252 4215
f 4215 4252 4229
f 4216 4253 4217
f 4216 4222 4227
f 4216 4227 4253
f 4217 4253 4254
f 4217 4254 4255
f 4217 4255 4218
f 4218 4255 4256
f 4218 4256 4219
f 4219 4256 4220
f 4220 4256 4257
f 4220 4257 4221
f 4221 4258 4223
f 4221 4257 4258
f 4223 4233 4224
f 4223 4258 4259
f 4223 4259 4233
f 4224 4232 4260
f 4224 4260 4225
f 4224 4233 4232
f 4225 4260 4251
f 4226 4250 4261
f 4226 4261 4227
f 4227 4261 4253
f 4229 4252 4230
f 4230 4252 4262
f 4230 4262 4231
f 4231 4262 4232
f 4232 4262 4260
f 4233 4259 4234
f 4234 4259 4263
f 4234 4263 4235
f 4235 4263 4264
f 4235 4264 4265
f 4235 4265 4238
f 4235 4238 4237
f 4235 4237 4236
f 4238 4265 4266
f 4238 4266 4239
f 4239 4266 4267
f 4240 4267 4268
f 4240 4268 4269
f 4240 4269 4241
f 4242 4270 4243
f 4243 4270 4271
f 4243 4271 4272
f 4243 4272 4273
f 4243 4273 4274
f 4243 4274 4246
f 4243 4245 4244
f 4246 4274 4275
f 4246 4275 4276
f 4246 4276 4248
f 4248 4276 4249
f 4249 4276 4275
f 4249 4275 4277
f 4249 4277 4278
f 4249 4278 4250
f 4250 4278 4261
f 4251 4260 4262
f 4251 4262 4252
f 4253 4261 4279
f 4253 4279 4254
f 4254 4280 4255
f 4254 4279 4280
f 4255 4280 4256
f 4256 4281 4257
f 4256 4280 4282
f 4256 4282 4281
f 4257 4283 4258
f 4257 4281 4283
f 4258 4283 4259
f 4259 4283 4263
f 4261 4278 4279
f 4263 4283 4284
f 4263 4284 4285
f 4263 4285 4264
f 4264 4285 4286
f 4264 4286 4265
f 4265 4286 4266
f 4266 4286 4287
f 4266 4287 4288
f 4266 4288 4267
f 4267 4289 4268
f 4267 4288 4290
f 4267 4290 4304
f 4267 4304 4289
f 4270 4291 4292
f 4270 4292 4271
f 4271 4293 4273
f 4271 4273 4272
f 4271 4292 4287
f 4271 4287 4294
f 4271 4294 4293
f 4273 4295 4275
f 4273 4275 4274
f 4273 4293 4296
f 4273 4296 4297
f 4273 4297 4295
f 4275 4295 4277
f 4277 4295 4298
f 4277 4298 4299
f 4277 4299 4278
f 4278 4299 4279
f 4279 4299 4280
f 4280 4299 4300
f 4280 4300 4301
f 4280 4301 4282
f 4281 4282 4284
f 4281 4284 4283
f 4282 4301 4302
f 4282 4302 4285
f 4282 4285 4284
f 4285 4302 4303
f 4285 4303 4286
f 4286 4303 4287
f 4287 4303 4296
f 4287 4296 4294
f 4287 4292 4288
f 4288 4292 4304
f 4288 4304 4290
f 4291 4305 4292
f 4292 4305 4304
f 4293 4294 4296
f 4295 4297 4298
f 4296 4303 4301
f 4296 4301 4297
f 4297 4301 4298
f 4298 4301 4300
f 4298 4300 4299
f 4301 4303 4302

