# https://github.com/mikedh/trimesh
v 0.12375664 -0.00001928 0.12314365
v 0.12374265 0.00137665 0.12314365
v 0.11544127 -0.00001928 0.12314365
v 0.12367265 -0.00001928 0.11879186
v 0.12374265 0.00136283 0.12276524
v 0.12372865 0.00173600 0.12314365
v 0.11503530 -0.00000546 0.12314365
v 0.11503530 -0.00001928 0.12303553
v 0.12363065 -0.00001928 0.11708899
v 0.12357465 0.00133519 0.11484551
v 0.12365866 0.00134901 0.11876482
v 0.12343467 0.00910265 0.12314365
v -0.01925659 0.13204143 0.12314365
v -0.01925659 -0.00001928 -0.09236447
v 0.12357465 -0.00001928 0.11487255
v 0.12322468 0.00954493 0.11479146
v 0.12332267 0.00951729 0.11873780
v 0.12346267 -0.00001928 0.11100729
v 0.12332267 0.00133519 0.10711502
v 0.12312670 0.00957257 0.11092621
v 0.12340667 0.00950346 0.12314365
v 0.12340667 0.00950346 0.12273820
v -0.01925659 0.13973978 0.12314365
v -0.01925659 -0.00001928 -0.15299218
v 0.12288871 0.01317988 0.11479146
v 0.12297270 0.01320752 0.11873780
v 0.12340667 -0.00001928 0.10935848
v 0.12332267 -0.00001928 0.10711502
v 0.12316869 -0.00001928 0.10322273
v 0.12315469 0.00132137 0.10319570
v 0.12283271 0.00958639 0.10314164
v 0.12298670 0.00958639 0.10706096
v 0.12265072 0.01313842 0.10703392
v 0.12277672 0.01315224 0.11092621
v 0.12337867 0.00986281 0.12314365
v 0.12305669 0.01324899 0.12314365
v -0.01921459 0.14117718 0.12314365
v -0.01925659 0.14114955 0.12284632
v -0.01925659 0.01937174 -0.15299218
v 0.02394416 -0.00001928 -0.15299218
v 0.12230075 0.01710508 0.11089917
v 0.12241275 0.01711890 0.11479146
v 0.12249674 0.01714654 0.11873780
v 0.12298670 -0.00001928 0.09930341
v 0.12298670 0.00130755 0.09930341
v 0.12265072 0.00958639 0.09924937
v 0.12248274 0.01312460 0.10314164
v 0.12200678 0.01707743 0.10311462
v 0.12217476 0.01709126 0.10703392
v 0.12256673 0.01716036 0.12314365
v 0.12256673 0.01717418 0.12276524
v -0.01871063 0.14116336 0.12314365
v -0.01871063 0.14114955 0.12287334
v -0.01857064 0.14090076 0.11892701
v -0.01925659 0.14096987 0.11990008
v -0.01925659 0.08972119 -0.05790155
v -0.01914459 0.01948231 -0.15299218
v 0.02391616 0.00174982 -0.15299218
v 0.09374290 0.00201242 -0.02762824
v 0.09375690 -0.00001928 -0.02762824
v 0.12182479 0.02074003 0.11089917
v 0.12192278 0.02074003 0.11479146
v 0.12200678 0.02075385 0.11873780
v 0.12287470 -0.00001928 0.09705995
v 0.12279071 -0.00001928 0.09541114
v 0.12277672 0.00130755 0.09541114
v 0.12244074 0.00960022 0.09535708
v 0.12230075 0.01311078 0.09922233
v 0.12210477 0.01311078 0.09535708
v 0.12153081 0.02074003 0.10311462
v 0.12126483 0.01906767 0.09316767
v 0.12168479 0.02074003 0.10700690
v 0.12207676 0.02074003 0.12314365
v -0.01459494 0.14094222 0.12314365
v -0.01491692 0.14070726 0.11892701
v -0.01925659 0.14090076 0.11892701
v -0.01193514 0.14038938 0.11638621
v -0.01528088 0.14047230 0.11508879
v -0.01838865 0.14062433 0.11506175
v -0.01925659 0.09168379 -0.05519858
v -0.01313905 0.02311726 -0.15299218
v -0.01704475 0.02096117 -0.15299218
v 0.02376217 0.00286933 -0.15299218
v 0.09329494 0.01210184 -0.02716874
v 0.09346292 0.00986281 -0.02733092
v 0.09253899 0.00610347 -0.02941221
v 0.09361691 0.00610347 -0.02746606
v 0.09487682 0.00610347 -0.02511448
v 0.09508680 0.00201242 -0.02508745
v 0.09511480 -0.00001928 -0.02508745
v 0.12127882 0.02362864 0.11087215
v 0.12122284 0.02329693 0.10700690
v 0.12132082 0.02390506 0.11476443
v 0.12136283 0.02409856 0.11871076
v 0.12141881 0.02418149 0.12314365
v 0.12269272 -0.00001928 0.09376233
v 0.12255274 0.00132137 0.09149182
v 0.12238474 0.00560591 0.09146480
v 0.12221676 0.00960022 0.09146480
v 0.12186678 0.01313842 0.09146480
v 0.12106884 0.02261970 0.10000619
v 0.12113885 0.02293759 0.10308758
v 0.12126483 0.01982783 0.09530301
v 0.12127882 0.02098881 0.09892500
v 0.12099885 0.02226035 0.09743837
v 0.12122284 0.01808638 0.09062688
v 0.12062087 0.02072621 0.08754549
v 0.12095686 0.02040832 0.09170807
v 0.12099885 0.02151401 0.09530301
v -0.01026926 0.14069344 0.12314365
v -0.01026926 0.14067963 0.12281930
v -0.00881337 0.14030645 0.11789988
v -0.01925659 0.14062433 0.11506175
v -0.00632156 0.13998857 0.11495363
v -0.00623757 0.13971214 0.11111542
v -0.01403498 0.14032027 0.11384542
v -0.01532288 0.14020971 0.11149383
v -0.01827666 0.14044465 0.11271016
v -0.01925659 0.09415776 -0.05176580
v -0.01087122 0.02396035 -0.15299218
v -0.01099721 0.02391888 -0.15299218
v 0.02334220 0.00545388 -0.15299218
v 0.09146108 0.01764410 -0.02884458
v 0.09277697 0.01764410 -0.02643893
v 0.09552077 0.01764410 -0.02111408
v 0.09710265 0.01276525 -0.01951932
v 0.09732663 0.00980753 -0.01987071
v 0.09629071 0.00980753 -0.02189794
v 0.09463884 0.00984899 -0.02511448
v 0.09644470 0.00608965 -0.02206012
v 0.09657069 0.00198478 -0.02224932
v 0.09592674 -0.00001928 -0.02351972
v 0.11929097 0.03270911 0.11089917
v 0.12015892 0.02921237 0.11476443
v 0.11916498 0.03270911 0.10703392
v 0.11947296 0.03272293 0.11873780
v 0.11955695 0.03270911 0.12314365
v 0.12245474 -0.00001928 0.08984301
v 0.12228676 0.00130755 0.08757251
v 0.12211876 0.00557827 0.08754549
v 0.12195078 0.00957257 0.08754549
v 0.12143282 0.01201891 0.08359913
v 0.12158680 0.01329045 0.08770765
v 0.11899700 0.03270911 0.10314164
v 0.12035489 0.02465140 0.09530301
v 0.11934697 0.02924001 0.09530301
v 0.11957096 0.02922619 0.09919531
v 0.12010292 0.02469287 0.09143776
v 0.12080286 0.01713272 0.08359913
v 0.12031290 0.02075385 0.08362617
v 0.11982293 0.02472051 0.08751845
v -0.00735748 0.14049995 0.12314365
v -0.00779145 0.14038938 0.12052176
v -0.01792668 0.13968450 0.10314164
v -0.01925659 0.14033408 0.11146681
v -0.00280783 0.13961539 0.11487255
v -0.00273783 0.13935280 0.11103432
v -0.00535563 0.14036173 0.12314365
v -0.01038125 0.13993327 0.11114244
v -0.00259784 0.13906255 0.10711502
v -0.00254185 0.13875848 0.10314164
v -0.00605558 0.13909019 0.10314164
v -0.01490291 0.13956011 0.10314164
v -0.01493091 0.13986418 0.10714204
v -0.01925659 0.09530492 -0.05014401
v -0.00888337 0.02447173 -0.15299218
v -0.01073123 0.02400181 -0.15299218
v 0.02225029 0.00896444 -0.15299218
v 0.08595949 0.03281968 -0.03168270
v 0.08842331 0.02925383 -0.02922300
v 0.08787734 0.02474815 -0.03233142
v 0.08930524 0.02307580 -0.03065557
v 0.09085912 0.02115466 -0.02876349
v 0.09241300 0.02114084 -0.02589834
v 0.09491881 0.02115466 -0.02108704
v 0.09636071 0.02109938 -0.01827595
v 0.09671068 0.01760264 -0.01878952
v 0.09776060 0.01758882 -0.01668120
v 0.09948247 0.01760264 -0.01316733
v 0.10022442 0.01324899 -0.01295109
v 0.10109235 0.01161809 -0.01165367
v 0.09871253 0.00983517 -0.01703258
v 0.09746662 0.00608965 -0.02005991
v 0.09890851 0.00610347 -0.01711367
v 0.09757861 0.00197096 -0.02024912
v 0.09757861 -0.00001928 -0.02027615
v 0.11838105 0.03587414 0.11092621
v 0.11847904 0.03588797 0.11479146
v 0.11938897 0.03272293 0.11479146
v 0.11808707 0.03584650 0.10316867
v 0.11824105 0.03586032 0.10706096
v 0.11857704 0.03588797 0.11876482
v 0.11870303 0.03568065 0.12314365
v 0.12230075 -0.00001928 0.08759955
v 0.12199277 0.00129372 0.08365319
v 0.12181078 0.00556445 0.08359913
v 0.12164280 0.00954493 0.08359913
v 0.12132082 0.01136932 0.08113944
v 0.11880102 0.03270911 0.09922233
v 0.11790509 0.03584650 0.09924937
v 0.11857704 0.03270911 0.09533005
v 0.11909499 0.02926765 0.09143776
v 0.11833905 0.03269529 0.09143776
v 0.12046689 0.01718800 0.07970686
v 0.11999093 0.02079531 0.07973388
v 0.11951496 0.02473433 0.08359913
v 0.11850703 0.02930912 0.08359913
v 0.11805907 0.03270911 0.08751845
v -0.01493091 0.13924221 0.09922233
v -0.01789869 0.13935280 0.09924937
v -0.01925659 0.13964303 0.10314164
v 0.00134986 0.13900727 0.11476443
v 0.00130786 0.13877231 0.11092621
v 0.00129387 0.13852354 0.10703392
v -0.00282183 0.13982270 0.11873780
v -0.00319979 0.14009914 0.12314365
v 0.00126587 0.13824710 0.10311462
v -0.00261184 0.13845443 0.09922233
v -0.00612558 0.13877231 0.09922233
v -0.01925659 0.09612036 -0.04898174
v -0.00543963 0.02506604 -0.15299218
v -0.00738548 0.02473433 -0.15299218
v 0.02110237 0.01114818 -0.15299218
v 0.07852605 0.04827168 -0.03279092
v 0.08059789 0.04809200 -0.02968250
v 0.08101786 0.04640583 -0.03033122
v 0.08166181 0.04386275 -0.03125023
v 0.08080787 0.04187251 -0.03408835
v 0.08234776 0.04042129 -0.03262875
v 0.08146583 0.03897007 -0.03508845
v 0.08205378 0.03644081 -0.03587231
v 0.08548352 0.03516927 -0.03103399
v 0.08465759 0.03291643 -0.03381805
v 0.08798933 0.03248797 -0.02833102
v 0.08909525 0.03138228 -0.02695250
v 0.08994919 0.02469287 -0.02876349
v 0.09196504 0.02488636 -0.02492527
v 0.09307095 0.02340750 -0.02354675
v 0.09385490 0.02490018 -0.02124922
v 0.09704666 0.02398799 -0.01546486
v 0.09895051 0.02104409 -0.01308624
v 0.10070038 0.01763028 -0.01043733
v 0.10117635 0.00990428 -0.01178881
v 0.10040640 0.00987663 -0.01346466
v 0.10140033 0.01765792 -0.00870742
v 0.10158232 0.01329045 -0.00984267
v 0.10312220 0.01358069 -0.00586930
v 0.10358416 0.00977989 -0.00586930
v 0.10200228 0.00987663 -0.00984267
v 0.10054639 0.00613111 -0.01368090
v 0.09910450 0.00198478 -0.01714070
v 0.09913249 -0.00001928 -0.01714070
v 0.11637919 0.04178958 0.10706096
v 0.11719114 0.03963348 0.11092621
v 0.11649119 0.04219039 0.11481849
v 0.11703716 0.03916357 0.10316867
v 0.11653319 0.04231478 0.11881888
v 0.11657518 0.04238389 0.12314365
v 0.12199277 -0.00001928 0.08368023
v 0.12141881 0.00057503 0.07667953
v 0.12154480 0.00556445 0.08035558
v 0.12141881 0.00953111 0.08084211
v 0.12095686 0.00955875 0.07581458
v 0.12018691 0.01323516 0.07192229
v 0.12057888 0.01320752 0.07581458
v 0.12008891 0.01724329 0.07581458
v 0.11768110 0.03584650 0.09533005
v 0.11693916 0.03890097 0.09927639
v 0.11607122 0.04096031 0.09535708
v 0.11742912 0.03584650 0.09143776
v 0.11961295 0.02085060 0.07584160
v 0.11917899 0.02476197 0.07973388
v 0.11817107 0.02935058 0.07973388
v 0.11775109 0.03270911 0.08359913
v 0.11702315 0.03526601 0.08362617
v 0.11707915 0.03610910 0.08765361
v -0.00625157 0.13810889 0.09138370
v -0.01494491 0.13889670 0.09535708
v -0.01494491 0.13853735 0.09143776
v -0.01787069 0.13899344 0.09535708
v -0.01925659 0.13893816 0.09535708
v -0.01925659 0.13929751 0.09924937
v 0.00141986 0.13920076 0.11862968
v 0.00556355 0.13856500 0.11857562
v 0.00547955 0.13837150 0.11468334
v 0.00539556 0.13815036 0.11084511
v 0.00531156 0.13791540 0.10700690
v 0.00150385 0.13942189 0.12314365
v 0.00524157 0.13763898 0.10308758
v 0.00430364 0.13715523 0.09527599
v 0.00118188 0.13794305 0.09919531
v 0.00112588 0.13762516 0.09527599
v -0.00268183 0.13813654 0.09530301
v -0.01925659 0.09759922 -0.04684639
v -0.00363376 0.02517660 -0.15299218
v -0.01925659 0.09855287 -0.04546787
v 0.02038843 0.01248882 -0.15299218
v 0.07690217 0.04940501 -0.03438568
v 0.08115785 0.04998549 -0.02719577
v 0.08163381 0.04811965 -0.02795260
v 0.08254375 0.04489933 -0.02900676
v 0.08500756 0.04234242 -0.02681735
v 0.08447560 0.04071153 -0.02889864
v 0.08408363 0.03646845 -0.03249359
v 0.08562351 0.03943999 -0.02784448
v 0.08629546 0.03634406 -0.02884458
v 0.08878728 0.03317903 -0.02649299
v 0.08969721 0.03247415 -0.02522260
v 0.09067714 0.02925383 -0.02511448
v 0.09224501 0.02926765 -0.02206012
v 0.09490482 0.02926765 -0.01687041
v 0.09776060 0.02524571 -0.01332951
v 0.09949647 0.02491400 -0.00970752
v 0.10049040 0.02109938 -0.00951832
v 0.10119034 0.02009044 -0.00830198
v 0.10133033 0.00614494 -0.01200505
v 0.10254824 0.01758882 -0.00586930
v 0.10439610 0.01757499 -0.00111207
v 0.10455009 0.01347012 -0.00216623
v 0.10379415 0.00596526 -0.00589633
v 0.10222626 0.00608965 -0.00986970
v 0.10480207 0.00968314 -0.00270682
v 0.10144233 0.00198478 -0.01219426
v 0.10064438 0.00198478 -0.01389713
v 0.10065838 -0.00001928 -0.01392416
v 0.11643519 0.04201071 0.11092621
v 0.11628121 0.04154080 0.10314164
v 0.11531529 0.04451234 0.10314164
v 0.11546927 0.04453998 0.10706096
v 0.11570725 0.04456762 0.11484551
v 0.11588924 0.04452616 0.12314365
v 0.12140483 -0.00001928 0.07673359
v 0.12136283 -0.00001928 0.07624706
v 0.12090086 -0.00001928 0.07197635
v 0.12088685 0.00139047 0.07194933
v 0.12071887 0.00564738 0.07192229
v 0.12136283 0.00557827 0.07838240
v 0.12055088 0.00957257 0.07192229
v 0.12011692 0.00958639 0.06803001
v 0.11972495 0.01327663 0.06800298
v 0.11922098 0.01736768 0.06800298
v 0.11968296 0.01731239 0.07194933
v 0.11594523 0.04057332 0.09143776
v 0.11513330 0.04448470 0.09927639
v 0.11468533 0.04445705 0.09143776
v 0.11492330 0.04447087 0.09538411
v 0.11660318 0.03794731 0.08905915
v 0.11880102 0.02480343 0.07584160
v 0.11919299 0.02089206 0.07194933
v 0.11777910 0.02939204 0.07581458
v 0.11703716 0.03273675 0.07584160
v 0.11741512 0.03272293 0.07976092
v 0.11685517 0.03472699 0.07976092
v 0.11622521 0.03678634 0.07978794
v 0.11639320 0.03729772 0.08359913
v 0.11591723 0.03981316 0.08765361
v 0.11548327 0.04024161 0.08359913
v -0.00273783 0.13779101 0.09135668
v -0.00485167 0.13709995 0.08170706
v -0.00629356 0.13773572 0.08743736
v -0.01494491 0.13815036 0.08749142
v -0.00725949 0.13719669 0.08135567
v -0.01784269 0.13860646 0.09143776
v -0.01782870 0.13821945 0.08751845
v -0.01925659 0.13871702 0.09311361
v 0.00564754 0.13874467 0.12252197
v 0.00927326 0.13784629 0.11857562
v 0.00920327 0.13765280 0.11468334
v 0.00913327 0.13744548 0.11084511
v 0.00834933 0.13707232 0.10308758
v 0.00566154 0.13877231 0.12314365
v 0.00763539 0.13697556 0.10003323
v 0.00686545 0.13690645 0.09743837
v 0.00545155 0.13726580 0.09892500
v 0.00619350 0.13683736 0.09524895
v 0.00489160 0.13672677 0.09135668
v 0.00353370 0.13705849 0.09270816
v 0.00273576 0.13694792 0.09008628
v 0.00123787 0.13726580 0.09138370
v -0.00177190 0.02525953 -0.15299218
v -0.01754871 0.09764068 -0.04692748
v -0.01925659 0.09916100 -0.04457589
v -0.01753472 0.09925775 -0.04457589
v 0.01918452 0.01438232 -0.15299218
v 0.07355642 0.05424240 -0.03506142
v 0.07781210 0.05096680 -0.03154756
v 0.07907201 0.05180988 -0.02876349
v 0.07772811 0.05482288 -0.02803369
v 0.07691617 0.05765621 -0.02662814
v 0.08040191 0.05269443 -0.02576319
v 0.08163381 0.05156110 -0.02476309
v 0.08366366 0.05171314 -0.02103299
v 0.08531554 0.05030338 -0.01949229
v 0.08321570 0.04821639 -0.02511448
v 0.08583350 0.04823022 -0.02035724
v 0.08570750 0.04373836 -0.02435764
v 0.08902526 0.04257738 -0.01914090
v 0.08646345 0.04069771 -0.02538477
v 0.08831131 0.03634406 -0.02519556
v 0.08938923 0.03512780 -0.02406032
v 0.09263698 0.03363512 -0.01881655
v 0.09188104 0.03277821 -0.02081675
v 0.09375690 0.03273675 -0.01719476
v 0.09596874 0.03265383 -0.01278891
v 0.09634670 0.02928147 -0.01395119
v 0.09680868 0.03185220 -0.01154555
v 0.09830656 0.02939204 -0.00968049
v 0.09899250 0.03293025 -0.00576118
v 0.10005642 0.02922619 -0.00557197
v 0.10058838 0.02491400 -0.00700455
v 0.10093836 0.02217742 -0.00781544
v 0.10186229 0.02105791 -0.00613960
v 0.10376615 0.02086442 -0.00140939
v 0.10245025 0.00192950 -0.00981564
v 0.10498406 0.01879125 0.00086110
v 0.10537603 0.01345630 0.00002318
v 0.10400413 0.00180510 -0.00584227
v 0.10575400 0.00584087 -0.00073365
v 0.10620196 0.01348395 0.00223962
v 0.10663593 0.00965550 0.00221259
v 0.10247824 -0.00001928 -0.00978861
v 0.10145632 -0.00001928 -0.01219426
v 0.11559525 0.04455380 0.11098027
v 0.11394338 0.04788469 0.09927639
v 0.11411137 0.04791233 0.10311462
v 0.11426535 0.04795379 0.10708798
v 0.11440534 0.04796762 0.11103432
v 0.11461533 0.04793997 0.11884592
v 0.11472732 0.04788469 0.12276524
v 0.11483931 0.04758062 0.12314365
v 0.12046689 -0.00001928 0.06808408
v 0.12045289 0.00143193 0.06805704
v 0.12028490 0.00568884 0.06803001
v 0.11964096 0.00961404 0.06408366
v 0.11923499 0.01331809 0.06405664
v 0.11874502 0.02093352 0.06800298
v 0.11871701 0.01740914 0.06402960
v 0.11825506 0.02094735 0.06402960
v 0.11441935 0.04444323 0.08749142
v 0.11349542 0.04787087 0.09146480
v 0.11322944 0.04785705 0.08749142
v 0.11373340 0.04787087 0.09541114
v 0.11838105 0.02483108 0.07194933
v 0.11674317 0.03154814 0.07027348
v 0.11653319 0.03276439 0.07116547
v 0.11656118 0.03378716 0.07386843
v 0.11665918 0.03411886 0.07586863
v 0.11602922 0.03619203 0.07586863
v 0.11514729 0.04024161 0.07978794
v 0.11413936 0.04441559 0.08359913
v 0.11383139 0.04438795 0.07978794
v -0.00247185 0.13736256 0.08703191
v -0.00342378 0.13719669 0.08424785
v -0.00284982 0.13625687 0.07573348
v -0.00283582 0.13582842 0.07178715
v -0.00629356 0.13611866 0.07181417
v -0.00616757 0.13698938 0.07989606
v -0.00615357 0.13732110 0.08322072
v -0.01493091 0.13776337 0.08359913
v -0.01626081 0.13716906 0.07751745
v -0.01501490 0.13733491 0.07954467
v -0.01700275 0.13718288 0.07751745
v -0.01781469 0.13780483 0.08359913
v -0.01925659 0.13762516 0.08251796
v -0.01925659 0.13798451 0.08592370
v -0.01925659 0.13815036 0.08751845
v -0.01925659 0.13855117 0.09146480
v 0.00935726 0.13802597 0.12254899
v 0.01319297 0.13697556 0.11879186
v 0.01222704 0.13697556 0.11465630
v 0.01161109 0.13689264 0.11081809
v 0.01117712 0.13682353 0.10819621
v 0.00932926 0.13714142 0.10695283
v 0.01023919 0.13667150 0.10306056
v 0.00892329 0.13632596 0.09524895
v 0.00937126 0.13803979 0.12314365
v 0.00886729 0.13602191 0.09132964
v 0.00501758 0.13635361 0.08738330
v 0.00500358 0.13598045 0.08346399
v 0.00498959 0.13560728 0.07962577
v 0.00118188 0.13686499 0.08700489
v -0.00009203 0.13714142 0.08808608
v 0.00006196 0.02506604 -0.15299218
v -0.01420297 0.09770979 -0.04695451
v -0.01418897 0.09935450 -0.04454886
v -0.01032526 0.09911954 -0.04452183
v -0.00604158 0.09882930 -0.04449480
v -0.01925659 0.10012849 -0.04308925
v -0.01752072 0.10090246 -0.04203509
v -0.01417497 0.10094393 -0.04211618
v 0.01830258 0.01533597 -0.15299218
v 0.06174131 0.06980497 -0.03492627
v 0.06181131 0.06596270 -0.03925103
v 0.06559102 0.06564482 -0.03476409
v 0.06916075 0.06155376 -0.03427756
v 0.07274449 0.06108385 -0.02962844
v 0.07264649 0.05703426 -0.03376399
v 0.07361241 0.05847166 -0.03092587
v 0.07438236 0.05569361 -0.03241251
v 0.07427037 0.05982613 -0.02857428
v 0.07350043 0.06221718 -0.02735795
v 0.07620222 0.06004727 -0.02527665
v 0.07763011 0.05883101 -0.02416843
v 0.07903001 0.05576272 -0.02497933
v 0.08111585 0.05381394 -0.02335754
v 0.08173181 0.05483671 -0.02122219
v 0.08455959 0.05287411 -0.01822189
v 0.08597348 0.05164403 -0.01684338
v 0.08791934 0.05165785 -0.01314030
v 0.08926324 0.05026192 -0.01195099
v 0.08868929 0.04900420 -0.01424852
v 0.08784935 0.04802290 -0.01673526
v 0.08845130 0.04523103 -0.01797862
v 0.08707940 0.04449851 -0.02116813
v 0.08948723 0.04033836 -0.01997883
v 0.08835330 0.04036601 -0.02211417
v 0.08972520 0.04799526 -0.01314030
v 0.08959921 0.04411153 -0.01670823
v 0.09154507 0.04413917 -0.01281594
v 0.09228701 0.04127820 -0.01373496
v 0.09134908 0.04000665 -0.01660011
v 0.09031316 0.03631642 -0.02138437
v 0.09218902 0.03599853 -0.01795160
v 0.09328094 0.03597089 -0.01581625
v 0.09468083 0.03601235 -0.01300515
v 0.09654269 0.03349691 -0.01100495
v 0.09731264 0.03277821 -0.00978861
v 0.09706065 0.03496195 -0.00868039
v 0.09776060 0.03634406 -0.00586930
v 0.09984644 0.03609528 -0.00103098
v 0.10141433 0.03554244 0.00237477
v 0.10102235 0.03464407 0.00067190
v 0.10039240 0.03291643 -0.00227435
v 0.10074238 0.03055302 -0.00300415
v 0.10147032 0.02487254 -0.00484217
v 0.10284222 0.02480343 -0.00140939
v 0.10429811 0.02470669 0.00232071
v 0.10505405 0.02311726 0.00332081
v 0.10532003 0.02080913 0.00275319
v 0.10477407 0.02078149 0.00126655
v 0.10557201 0.01756117 0.00199635
v 0.10401813 -0.00001928 -0.00584227
v 0.10504005 0.00173600 -0.00311227
v 0.10681792 0.00582705 0.00218556
v 0.10699991 0.00169454 0.00218556
v 0.10583799 0.00172218 -0.00097692
v 0.10681792 0.01745060 0.00564537
v 0.10730788 0.01349777 0.00567240
v 0.10774185 0.00964168 0.00569943
v 0.10793784 0.00582705 0.00569943
v 0.11294945 0.05033102 0.09927639
v 0.11283747 0.05013753 0.09543816
v 0.11313144 0.05070419 0.10711502
v 0.11321543 0.05082859 0.11106136
v 0.11334142 0.05106354 0.11881888
v 0.11338342 0.05113265 0.12271118
v 0.11460134 0.04820257 0.12314365
v 0.11472732 0.04788469 0.12314365
v 0.11999093 -0.00001928 0.06416476
v 0.11997693 0.00147340 0.06413772
v 0.11980894 0.00571648 0.06408366
v 0.11912299 0.00962786 0.06019138
v 0.11871701 0.01338720 0.06013732
v 0.11793308 0.02485872 0.06800298
v 0.11819906 0.01746442 0.06011030
v 0.11773710 0.02093352 0.06011030
v 0.11713514 0.02397417 0.06008327
v 0.11269748 0.04990257 0.09149182
v 0.11254348 0.04962615 0.08749142
v 0.11287947 0.04803672 0.08376132
v 0.11244549 0.04944647 0.08513984
v 0.11661718 0.03085708 0.06794892
v 0.11570725 0.03276439 0.06400258
v 0.11616921 0.03277821 0.06797595
v 0.11525929 0.03591561 0.06800298
v 0.11587524 0.03547333 0.07232774
v 0.11475532 0.04025543 0.07592269
v 0.11434935 0.04026926 0.07197635
v 0.11345342 0.04437413 0.07594973
v 0.11280946 0.04733184 0.07978794
v 0.11261349 0.04686193 0.07594973
v 0.00095789 0.13617393 0.07962577
v -0.00284982 0.13665768 0.07965280
v 0.00094389 0.13575931 0.07573348
v 0.00092989 0.13531704 0.07178715
v -0.00280783 0.13537231 0.06789485
v -0.00625157 0.13566255 0.06789485
v -0.01486092 0.13646418 0.07186823
v -0.01498691 0.13694792 0.07603081
v -0.01481892 0.13600810 0.06794892
v -0.01479092 0.13552435 0.06400258
v -0.01775870 0.13552435 0.06400258
v -0.01775870 0.13600810 0.06797595
v -0.01777270 0.13647800 0.07186823
v -0.01925659 0.13613247 0.06954368
v -0.01925659 0.13640891 0.07189527
v -0.01925659 0.13669914 0.07438200
v -0.01925659 0.13736256 0.08013933
v 0.01303898 0.13719669 0.12254899
v 0.00990322 0.13792921 0.12314365
v 0.01453687 0.13660239 0.11762959
v 0.01408890 0.13654711 0.11465630
v 0.01487284 0.13665768 0.12027849
v 0.01348695 0.13646418 0.11081809
v 0.01259102 0.13642272 0.10692581
v 0.01074315 0.13674061 0.10560135
v 0.01280100 0.13610482 0.10306056
v 0.01278700 0.13581458 0.09914124
v 0.01277300 0.13551053 0.09524895
v 0.01274500 0.13517882 0.09130262
v 0.01273100 0.13483329 0.08735628
v 0.00882530 0.13567638 0.08735628
v 0.00881130 0.13531704 0.08346399
v 0.00881130 0.13491623 0.07959874
v 0.00879730 0.13450157 0.07570646
v 0.00498959 0.13517882 0.07570646
v 0.00178383 0.02487254 -0.15299218
v -0.01029726 0.10084718 -0.04184589
v -0.00599959 0.10070897 -0.04154856
v -0.00231786 0.10070897 -0.04081876
v -0.00234586 0.09819353 -0.04473807
v -0.01925659 0.10086100 -0.04195400
v -0.01925659 0.10130328 -0.04122420
v -0.01750672 0.10376343 -0.03730489
v -0.01749272 0.10520083 -0.03492627
v -0.01417497 0.10387400 -0.03725083
v -0.01033926 0.10513172 -0.03476409
v 0.01704268 0.01669044 -0.15299218
v 0.06050940 0.07236188 -0.03343964
v 0.06165732 0.07353667 -0.03062854
v 0.06522705 0.07309439 -0.02657408
v 0.06615098 0.07020578 -0.02870943
v 0.06896477 0.06896188 -0.02630378
v 0.07002869 0.06626677 -0.02792557
v 0.06920275 0.06523018 -0.03022310
v 0.06841881 0.06395864 -0.03270983
v 0.07015468 0.06290823 -0.03143943
v 0.07261850 0.06462205 -0.02595240
v 0.07338844 0.06567246 -0.02346566
v 0.07683218 0.06503669 -0.01860031
v 0.07609023 0.06383425 -0.02122219
v 0.07763011 0.06277002 -0.01989774
v 0.07680418 0.06145702 -0.02273586
v 0.07137259 0.06373750 -0.02879052
v 0.07851205 0.06011637 -0.02127625
v 0.08045790 0.05697898 -0.02122219
v 0.08107385 0.05801556 -0.01903278
v 0.08321570 0.05610825 -0.01722179
v 0.08451759 0.05706191 -0.01381604
v 0.08532954 0.05418711 -0.01538377
v 0.08577751 0.05572126 -0.01289703
v 0.08856329 0.05295703 -0.01038327
v 0.08968321 0.05174078 -0.00938317
v 0.09300096 0.04999932 -0.00389613
v 0.09130709 0.04821639 -0.00962643
v 0.09287497 0.04260502 -0.01143743
v 0.09325293 0.04000665 -0.01276188
v 0.09459684 0.04040747 -0.00957238
v 0.09613672 0.03620585 -0.00973455
v 0.09720064 0.03930178 -0.00454484
v 0.09962246 0.04042129 0.00232071
v 0.10098035 0.03814081 0.00367220
v 0.10200228 0.03664812 0.00513180
v 0.10329018 0.03304082 0.00548319
v 0.10222626 0.03293025 0.00234774
v 0.10312220 0.02936440 0.00226665
v 0.10471807 0.02626847 0.00459121
v 0.10541803 0.02480343 0.00575349
v 0.10662193 0.02487254 0.00969983
v 0.10627196 0.02085060 0.00564537
v 0.10543202 -0.00001928 -0.00211217
v 0.10701390 -0.00001928 0.00218556
v 0.10646795 -0.00001928 0.00067190
v 0.10818982 0.00180510 0.00596972
v 0.10814782 -0.00001928 0.00575349
v 0.10845580 0.01906767 0.01188924
v 0.10858178 0.01725711 0.01156488
v 0.10884776 0.01341484 0.01088914
v 0.10908575 0.00958639 0.01026745
v 0.10921174 0.00578559 0.01002419
v 0.11054164 0.05585947 0.09927639
v 0.11073762 0.05585947 0.10316867
v 0.11007967 0.05590093 0.09149182
v 0.10918374 0.05849930 0.09538411
v 0.11104560 0.05583183 0.11106136
v 0.11118559 0.05580419 0.11489957
v 0.11128358 0.05579036 0.11876482
v 0.11138158 0.05577654 0.12314365
v 0.11338342 0.05114647 0.12314365
v 0.11972495 -0.00001928 0.06211050
v 0.11947296 0.00150104 0.06027247
v 0.11929097 0.00573030 0.06019138
v 0.11875903 0.00573030 0.05635316
v 0.11857704 0.00964168 0.05632613
v 0.11817107 0.01345630 0.05627207
v 0.11766710 0.01749207 0.05621802
v 0.11734513 0.02517660 0.06384040
v 0.11644920 0.02929530 0.06381337
v 0.11698116 0.02000751 0.05354207
v 0.11714914 0.02101645 0.05600178
v 0.11691115 0.02314490 0.05719108
v 0.11521729 0.03276439 0.06011030
v 0.11542727 0.02939204 0.05616395
v 0.10891776 0.05811231 0.08849152
v 0.10880577 0.05793263 0.08578855
v 0.11233350 0.04922534 0.08257200
v 0.10870777 0.05776678 0.08357211
v 0.11479731 0.03591561 0.06405664
v 0.11390138 0.04026926 0.06803001
v 0.11276747 0.04386275 0.06805704
v 0.11292146 0.04465055 0.07176011
v 0.11244549 0.04643347 0.07294942
v 0.11219351 0.04896273 0.07976092
v 0.11198353 0.04853428 0.07594973
v 0.00498959 0.13473655 0.07176011
v 0.00498959 0.13428044 0.06784081
v 0.00091589 0.13486093 0.06786783
v -0.00277983 0.13490239 0.06394852
v -0.00619557 0.13517882 0.06394852
v -0.01056324 0.13535850 0.06397556
v -0.01476293 0.13502679 0.06008327
v -0.01775870 0.13499915 0.06008327
v -0.01925659 0.13524793 0.06254297
v -0.01925659 0.13544142 0.06402960
v -0.01925659 0.13593899 0.06797595
v 0.01512482 0.13669914 0.12254899
v 0.01305298 0.13721053 0.12314365
v 0.01340295 0.13712758 0.12314365
v 0.01630074 0.13621539 0.11879186
v 0.01662271 0.13591134 0.11465630
v 0.01660871 0.13569020 0.11081809
v 0.01659471 0.13545524 0.10695283
v 0.01659471 0.13517882 0.10303352
v 0.01660871 0.13487475 0.09911421
v 0.01662271 0.13457068 0.09522193
v 0.01662271 0.13423898 0.09130262
v 0.01662271 0.13387963 0.08732924
v 0.01271700 0.13446012 0.08343697
v 0.01270301 0.13405930 0.07959874
v 0.01270301 0.13364468 0.07567942
v 0.00881130 0.13405930 0.07176011
v 0.00395367 0.02438880 -0.15299218
v 0.00109788 0.09802768 -0.04400826
v 0.00535356 0.09764068 -0.04327846
v -0.00599959 0.10336262 -0.03716974
v -0.00255585 0.10480002 -0.03422350
v -0.00317180 0.10164880 -0.03946727
v 0.00113988 0.09994881 -0.04100796
v 0.00112588 0.10260246 -0.03671024
v -0.01925659 0.10449595 -0.03592637
v -0.01750672 0.10640327 -0.03281795
v -0.01416097 0.10644473 -0.03287201
v -0.01417497 0.10522847 -0.03498033
v -0.01925659 0.10514555 -0.03484518
v -0.01925659 0.10636181 -0.03273686
v -0.01033926 0.10634798 -0.03265578
v -0.00604158 0.10619596 -0.03241251
v -0.00601358 0.10497969 -0.03449380
v 0.01562879 0.01814166 -0.15299218
v 0.05797560 0.07368870 -0.03498033
v 0.06042541 0.07625942 -0.02879052
v 0.06130734 0.07713016 -0.02662814
v 0.06242726 0.07426919 -0.02876349
v 0.06371516 0.07556837 -0.02538477
v 0.06482108 0.07668788 -0.02233041
v 0.06606698 0.07399277 -0.02416843
v 0.06867079 0.07254155 -0.02219526
v 0.06752287 0.07150497 -0.02522260
v 0.06977671 0.06992936 -0.02387111
v 0.07119060 0.06733099 -0.02489824
v 0.07323445 0.06943180 -0.01903278
v 0.07413038 0.06658465 -0.02114111
v 0.07546028 0.06778709 -0.01741100
v 0.07670618 0.06887895 -0.01392416
v 0.07765811 0.06611473 -0.01581625
v 0.08052790 0.06386189 -0.01351872
v 0.07854005 0.06379278 -0.01711367
v 0.08105986 0.06188547 -0.01487021
v 0.08058390 0.06039279 -0.01735694
v 0.08185780 0.05934239 -0.01622169
v 0.08308970 0.05999198 -0.01324842
v 0.08513355 0.05804320 -0.01157258
v 0.08755537 0.05556923 -0.00943723
v 0.08846530 0.05697898 -0.00584227
v 0.08902526 0.05789117 -0.00351771
v 0.08961322 0.05486435 -0.00581524
v 0.09147508 0.05158874 -0.00554494
v 0.09344893 0.04817493 -0.00478811
v 0.09477883 0.05172695 0.00229368
v 0.09644470 0.04810583 0.00215853
v 0.09503080 0.04809200 -0.00122019
v 0.09427486 0.04498225 -0.00605851
v 0.09330893 0.04357250 -0.00957238
v 0.09664068 0.04227332 -0.00316633
v 0.09610873 0.04067007 -0.00584227
v 0.09776060 0.04498225 0.00213150
v 0.09897851 0.04483022 0.00532101
v 0.10053239 0.04053186 0.00505071
v 0.10343018 0.04035218 0.01380835
v 0.10380814 0.03586032 0.00991607
v 0.10492806 0.03422943 0.01167300
v 0.10513804 0.03291643 0.01129458
v 0.10684592 0.02932294 0.01394350
v 0.10790983 0.02481726 0.01405162
v 0.10823181 0.02143108 0.01264607
v 0.10767186 0.02050507 0.01013231
v 0.10921174 0.00176365 0.00945656
v 0.10866578 0.00058885 0.00742933
v 0.10851180 -0.00001928 0.00691577
v 0.10991169 0.02064328 0.01799796
v 0.11041565 0.01727093 0.01799796
v 0.10935173 0.01724329 0.01418677
v 0.10981369 0.01338720 0.01424083
v 0.11024765 0.00954493 0.01426785
v 0.11042964 0.00573030 0.01424083
v 0.10930973 0.05865133 0.09924937
v 0.10950571 0.05894158 0.10714204
v 0.10960371 0.05905214 0.11103432
v 0.10902975 0.05829199 0.09149182
v 0.10795183 0.06040662 0.09146480
v 0.10810582 0.06058629 0.09535708
v 0.10967370 0.05912125 0.11484551
v 0.10978570 0.05925946 0.12273820
v 0.10995368 0.05890011 0.12314365
v 0.11948696 -0.00001928 0.06029950
v 0.11920698 -0.00001928 0.05827228
v 0.11892701 0.00154251 0.05640722
v 0.11817107 0.00574413 0.05235276
v 0.11798908 0.00965550 0.05237979
v 0.11689716 0.01753353 0.05092018
v 0.11716314 0.01272378 0.04913622
v 0.11605723 0.02096117 0.04856859
v 0.11660318 0.02103027 0.05229870
v 0.11672918 0.02216360 0.05456920
v 0.11584723 0.02485872 0.05235276
v 0.11488131 0.02937822 0.05235276
v 0.11430735 0.03590179 0.06016435
v 0.11468533 0.03276439 0.05619098
v 0.10797983 0.05977084 0.08727518
v 0.10751786 0.06011637 0.08357211
v 0.10851180 0.05746272 0.07970686
v 0.10718189 0.06013019 0.07970686
v 0.11254348 0.04310258 0.06413772
v 0.11194153 0.04494079 0.06413772
v 0.11216552 0.04565949 0.06805704
v 0.11133958 0.04788469 0.06805704
v 0.11184354 0.04767737 0.07178715
v 0.11021966 0.05169931 0.07200337
v 0.10830181 0.05708955 0.07584160
v 0.10975770 0.05171314 0.06803001
v 0.00881130 0.13358938 0.06781377
v 0.00500358 0.13379671 0.06389446
v 0.00091589 0.13439101 0.06392149
v -0.00275183 0.13440485 0.06002921
v -0.00615357 0.13466744 0.06002921
v -0.00612558 0.13414224 0.05616395
v -0.01474892 0.13448777 0.05619098
v -0.01778670 0.13446012 0.05619098
v -0.01925659 0.13491623 0.06008327
v -0.01925659 0.13472273 0.05865069
v 0.01518082 0.13669914 0.12314365
v 0.01697269 0.13624304 0.12314365
v 0.02048642 0.13505443 0.11854859
v 0.02048642 0.13483329 0.11462928
v 0.02048642 0.13461214 0.11079105
v 0.02048642 0.13436337 0.10692581
v 0.02048642 0.13408695 0.10297946
v 0.02050042 0.13378288 0.09906015
v 0.02050042 0.13346500 0.09516787
v 0.02048642 0.13313330 0.09127559
v 0.02062641 0.13276012 0.08759955
v 0.01956249 0.13267719 0.08338290
v 0.01898853 0.13252516 0.08019339
v 0.01662271 0.13349265 0.08340993
v 0.01697269 0.13296743 0.07919329
v 0.01609075 0.13280158 0.07567942
v 0.01529281 0.13264956 0.07254397
v 0.01459286 0.13252516 0.06989507
v 0.01302498 0.13307800 0.07143576
v 0.00448562 0.02426441 -0.15299218
v 0.00759339 0.09740573 -0.04287302
v 0.00538156 0.09910572 -0.04098093
v -0.00413772 0.10901545 -0.02724983
v -0.00262584 0.10777156 -0.02903379
v 0.00097189 0.10716343 -0.02900676
v 0.00101389 0.10565693 -0.03162864
v 0.00105588 0.10444067 -0.03370993
v 0.00533956 0.10213255 -0.03611558
v 0.00538156 0.10080572 -0.03825093
v -0.01925659 0.10866993 -0.02865537
v -0.01752072 0.10829676 -0.02946626
v -0.01414697 0.10835205 -0.02949330
v -0.01035326 0.10925041 -0.02754715
v -0.01035326 0.10824148 -0.02933112
v 0.01477485 0.01898475 -0.15299218
v 0.05416788 0.07374398 -0.03933212
v 0.05399989 0.07753097 -0.03481815
v 0.05656170 0.07630089 -0.03335855
v 0.05850756 0.07811146 -0.02879052
v 0.05740164 0.08080657 -0.02665517
v 0.05982346 0.07942446 -0.02541180
v 0.06218928 0.07804235 -0.02419547
v 0.06584301 0.07769682 -0.01949229
v 0.06963672 0.07361960 -0.01935714
v 0.07310846 0.07314968 -0.01449179
v 0.07378041 0.07395130 -0.01235644
v 0.07408838 0.07052367 -0.01622169
v 0.07735014 0.06969440 -0.01170773
v 0.07826007 0.06752449 -0.01295109
v 0.08097586 0.06523018 -0.01103198
v 0.08166181 0.06285295 -0.01262674
v 0.08437761 0.06076596 -0.00978861
v 0.08559552 0.05874808 -0.00978861
v 0.08651945 0.06025458 -0.00592336
v 0.08842331 0.06024076 -0.00176078
v 0.08791934 0.06401393 0.00207744
v 0.08915124 0.06191311 0.00205041
v 0.09036916 0.05988141 0.00210447
v 0.09223102 0.05660581 0.00221259
v 0.09102711 0.05592857 -0.00135533
v 0.09230101 0.05272208 -0.00227435
v 0.09284697 0.05765621 0.00526695
v 0.09676668 0.04922534 0.00423982
v 0.09713065 0.04719363 0.00283428
v 0.09627671 0.04494079 -0.00146345
v 0.09886651 0.04836843 0.00942953
v 0.10037840 0.04828550 0.01388944
v 0.10134433 0.04337900 0.01088914
v 0.10177829 0.04470583 0.01386241
v 0.10294021 0.04469201 0.01759251
v 0.10446609 0.04040747 0.01732222
v 0.10459209 0.03710422 0.01383538
v 0.10525004 0.03516927 0.01386241
v 0.10706989 0.03281968 0.01772766
v 0.10592198 0.03288878 0.01386241
v 0.10797983 0.02912944 0.01780875
v 0.10832981 0.02636522 0.01678162
v 0.10900175 0.02478961 0.01791687
v 0.10865178 0.02328311 0.01548419
v 0.11058364 0.00154251 0.01424083
v 0.10866578 -0.00001928 0.00742933
v 0.11061163 -0.00001928 0.01424083
v 0.10930973 -0.00001928 0.00967280
v 0.10886177 -0.00001928 0.00810507
v 0.10989768 0.02477579 0.02143074
v 0.11077962 0.02071238 0.02148480
v 0.11087761 0.01338720 0.01802499
v 0.11125558 0.01734003 0.02145777
v 0.11129758 0.00954493 0.01810608
v 0.11147957 0.00573030 0.01813311
v 0.10662193 0.06417978 0.10316867
v 0.10678993 0.06417978 0.10706096
v 0.10852578 0.06112531 0.11098027
v 0.10592198 0.06380661 0.08751845
v 0.10509605 0.06581067 0.09049173
v 0.10516604 0.06596270 0.09305955
v 0.10625796 0.06411067 0.09530301
v 0.10643995 0.06415214 0.09924937
v 0.10858178 0.06122206 0.11481849
v 0.10709790 0.06426270 0.11873780
v 0.10716789 0.06427652 0.12273820
v 0.10852578 0.06167815 0.12314365
v 0.10978570 0.05925946 0.12314365
v 0.11894100 -0.00001928 0.05640722
v 0.11866103 -0.00001928 0.05446108
v 0.11772310 0.00158397 0.04837939
v 0.11752711 0.00573030 0.04832533
v 0.11703716 0.00871566 0.04616295
v 0.11727513 0.00976607 0.04800097
v 0.11693916 0.01095468 0.04646028
v 0.11588924 0.01750589 0.04459523
v 0.11541327 0.02097499 0.04467631
v 0.11464333 0.02483108 0.04470334
v 0.11527327 0.02484490 0.04859562
v 0.11432135 0.02932294 0.04862265
v 0.11413936 0.03272293 0.05237979
v 0.11290746 0.04046275 0.06048871
v 0.11377540 0.03590179 0.05627207
v 0.11275347 0.03920503 0.05632613
v 0.11203953 0.04148551 0.05635316
v 0.11322944 0.03586032 0.05243385
v 0.10483007 0.06534075 0.08359913
v 0.10466208 0.06503669 0.07973388
v 0.10678993 0.06013019 0.07581458
v 0.11223551 0.04212128 0.05938049
v 0.11174555 0.04408389 0.06054277
v 0.11105960 0.04442941 0.05640722
v 0.11034565 0.04795379 0.06035357
v 0.11084962 0.04792615 0.06413772
v 0.10874977 0.05404890 0.06800298
v 0.10804982 0.05666109 0.07194933
v 0.10635595 0.06011637 0.07189527
v 0.10923973 0.05189281 0.06446209
v 0.10862378 0.05378630 0.06597575
v 0.01200306 0.13287069 0.06778675
v 0.01119112 0.13269101 0.06484050
v 0.01047717 0.13251135 0.06216456
v 0.00906328 0.13300891 0.06365119
v 0.00801336 0.13276012 0.05994812
v 0.00731341 0.13256662 0.05746138
v 0.00501758 0.13327150 0.05997515
v 0.00090190 0.13389347 0.06000218
v -0.00272383 0.13389347 0.05613692
v -0.00612558 0.13357557 0.05224464
v -0.01473493 0.13390728 0.05227167
v -0.01782870 0.13386582 0.05227167
v -0.01925659 0.13416987 0.05478543
v -0.01925659 0.13437720 0.05619098
v 0.02048642 0.13526174 0.12314365
v 0.02048642 0.13524793 0.12257602
v 0.02453211 0.13399019 0.12257602
v 0.02451812 0.13379671 0.11854859
v 0.02451812 0.13357557 0.11462928
v 0.02450412 0.13334061 0.11076403
v 0.02482609 0.13296743 0.10673659
v 0.02414015 0.13292598 0.10295244
v 0.02323021 0.13260810 0.09514085
v 0.02272625 0.13244224 0.09124856
v 0.02244627 0.13234549 0.08911321
v 0.02150834 0.13208289 0.08335587
v 0.02036043 0.13199997 0.07916626
v 0.02047242 0.13158534 0.07565240
v 0.01848457 0.13240079 0.07765260
v 0.01799461 0.13230403 0.07565240
v 0.01658071 0.13217963 0.07140873
v 0.01660871 0.13173736 0.06778675
v 0.01660871 0.13123981 0.06384040
v 0.01260502 0.13220728 0.06362417
v 0.00623549 0.02371157 -0.15299218
v 0.01008520 0.09710166 -0.04227836
v 0.00921727 0.10162116 -0.03546687
v 0.00927326 0.10029434 -0.03757519
v 0.00903528 0.09819353 -0.04100796
v 0.00092989 0.10854554 -0.02652002
v -0.01036726 0.11034228 -0.02541180
v -0.00608358 0.11194553 -0.02165467
v -0.00606958 0.11298212 -0.01957338
v -0.00349378 0.11285772 -0.01938417
v -0.00261184 0.11193171 -0.02097893
v -0.00268183 0.10987236 -0.02511448
v 0.00519957 0.10640327 -0.02895270
v 0.00526957 0.10397075 -0.03308825
v 0.00734141 0.10493824 -0.03068260
v -0.01925659 0.10925041 -0.02760121
v -0.01749272 0.10929188 -0.02765527
v -0.01411897 0.10934716 -0.02770933
v -0.01413297 0.11050813 -0.02543883
v 0.01292699 0.02036686 -0.15299218
v 0.04217079 0.08109681 -0.04262975
v 0.04446661 0.08046104 -0.04117014
v 0.04590851 0.08115210 -0.03879153
v 0.04736440 0.08221633 -0.03589934
v 0.04996820 0.08113828 -0.03462895
v 0.05478384 0.08191226 -0.02822290
v 0.05595975 0.08017080 -0.02914191
v 0.05324395 0.08455209 -0.02633082
v 0.05580576 0.08311469 -0.02524963
v 0.05681369 0.08428950 -0.02224932
v 0.05832557 0.08166348 -0.02419547
v 0.06091538 0.08047487 -0.02249259
v 0.06200729 0.08142853 -0.01965447
v 0.06462510 0.08008787 -0.01784348
v 0.06623498 0.08163584 -0.01322139
v 0.06841881 0.07918950 -0.01349169
v 0.07007069 0.07802853 -0.01262674
v 0.06941274 0.07725455 -0.01470803
v 0.07273048 0.07671552 -0.00997782
v 0.07445235 0.07473911 -0.00995079
v 0.07637021 0.07234805 -0.00989673
v 0.07785410 0.07035781 -0.00986970
v 0.07995394 0.06746920 -0.00986970
v 0.08156382 0.06605945 -0.00873445
v 0.08233377 0.06404157 -0.00984267
v 0.08423762 0.06398628 -0.00595039
v 0.08563752 0.06278385 -0.00454484
v 0.08611348 0.06687490 0.00207744
v 0.08885727 0.06427652 0.00480745
v 0.08941723 0.06236921 0.00329378
v 0.08490956 0.06517490 -0.00300415
v 0.09088712 0.06082124 0.00483448
v 0.09042515 0.06442856 0.00934844
v 0.09301496 0.06195458 0.01270013
v 0.09378490 0.05914889 0.01037557
v 0.09678068 0.05765621 0.01683568
v 0.09640270 0.05619117 0.01342993
v 0.09703266 0.05384159 0.01178112
v 0.09840456 0.05222452 0.01342993
v 0.10084037 0.04929444 0.01664647
v 0.10124633 0.04723510 0.01532202
v 0.10154031 0.04831314 0.01770063
v 0.10117635 0.05013753 0.01894400
v 0.10474607 0.04202454 0.02032252
v 0.10523604 0.03899771 0.01826826
v 0.10491406 0.03798877 0.01597073
v 0.10582399 0.03648227 0.01737628
v 0.10699991 0.03610910 0.02134965
v 0.10807782 0.03266765 0.02156589
v 0.10832981 0.03053920 0.02045767
v 0.10865178 0.02758148 0.01899806
v 0.11170354 0.00147340 0.01843044
v 0.11212352 0.00011893 0.01983598
v 0.11209552 -0.00001928 0.01972786
v 0.11080762 0.02921237 0.02967481
v 0.11173155 0.02478961 0.02951263
v 0.11202553 0.02191482 0.02808005
v 0.11170354 0.02074003 0.02559332
v 0.11227750 0.01956523 0.02710698
v 0.11175954 0.01320752 0.02159291
v 0.11195554 0.00958639 0.02075499
v 0.11244549 0.01724329 0.02664748
v 0.11205352 0.00575794 0.02040361
v 0.10539003 0.06650173 0.10316867
v 0.10530603 0.06630822 0.09924937
v 0.10546002 0.06665375 0.10703392
v 0.10555801 0.06694400 0.11479146
v 0.10699991 0.06423506 0.11481849
v 0.10498406 0.06561718 0.08751845
v 0.10344417 0.06774562 0.08359913
v 0.10373815 0.06774562 0.08751845
v 0.10422812 0.06741392 0.09165401
v 0.10417212 0.06789766 0.09533005
v 0.10560002 0.06705457 0.11871076
v 0.10565600 0.06710985 0.12273820
v 0.10581000 0.06683343 0.12314365
v 0.10716789 0.06427652 0.12314365
v 0.11805907 -0.00001928 0.05048771
v 0.11775109 -0.00001928 0.04846048
v 0.11723313 0.00157015 0.04532503
v 0.11681317 0.00570266 0.04394651
v 0.11625320 0.00574413 0.04064888
v 0.11602922 0.00977989 0.04059482
v 0.11632321 0.01355305 0.04448711
v 0.11539928 0.00983517 0.03694581
v 0.11503530 0.01341484 0.03683769
v 0.11567925 0.01349777 0.04062185
v 0.11523128 0.01743678 0.04064888
v 0.11474132 0.02096117 0.04070294
v 0.11366340 0.02926765 0.04473037
v 0.11394338 0.02481726 0.04070294
v 0.11280946 0.03281968 0.04443305
v 0.11357941 0.03266765 0.04870375
v 0.11272547 0.03583268 0.04910919
v 0.11247349 0.03832048 0.05246088
v 0.11175954 0.04061478 0.05248791
v 0.11048564 0.04447087 0.05251494
v 0.11233350 0.03787820 0.05059583
v 0.10313620 0.06771798 0.07976092
v 0.10445210 0.06466352 0.07584160
v 0.10275822 0.06770416 0.07586863
v 0.10422812 0.06423506 0.07186823
v 0.10977169 0.04800908 0.05643425
v 0.10914174 0.05087005 0.06029950
v 0.10866578 0.04990257 0.05389346
v 0.10779785 0.05619117 0.06800298
v 0.10571200 0.05949442 0.06405664
v 0.10579599 0.06036515 0.06830031
v 0.10413012 0.06362693 0.06830031
v 0.10844179 0.05342695 0.06340792
v 0.10765785 0.05551394 0.06443505
v 0.01270301 0.13168208 0.05992109
v 0.00986122 0.13234549 0.05992109
v 0.00883930 0.13146094 0.05216355
v 0.00882530 0.13088045 0.04832533
v 0.00622149 0.13238695 0.05486653
v 0.00494759 0.13276012 0.05613692
v 0.00088790 0.13336825 0.05610989
v 0.00078990 0.13284306 0.05229870
v -0.00069398 0.13269101 0.04981197
v -0.00272383 0.13332679 0.05224464
v -0.00272383 0.13285687 0.04924434
v -0.00612558 0.13303654 0.04883889
v -0.01089922 0.13310565 0.04810909
v -0.01474892 0.13328533 0.04835236
v -0.01787069 0.13324387 0.04832533
v -0.01925659 0.13378288 0.05227167
v -0.01925659 0.13316094 0.04824424
v 0.02106038 0.13509589 0.12314365
v 0.02454611 0.13400403 0.12314365
v 0.02719191 0.13309183 0.12314365
v 0.02733190 0.13281541 0.11854859
v 0.02705193 0.13269101 0.11460224
v 0.02677195 0.13256662 0.11073699
v 0.02656196 0.13246988 0.10795294
v 0.02633798 0.13237314 0.10533105
v 0.02607200 0.13227638 0.10292540
v 0.02563803 0.13211054 0.09900610
v 0.02470010 0.13179265 0.09124856
v 0.02401415 0.13169590 0.08759955
v 0.02437813 0.13117070 0.08335587
v 0.02202630 0.13222111 0.08646429
v 0.02437813 0.13078371 0.07954467
v 0.02437813 0.13036907 0.07567942
v 0.02436413 0.12992680 0.07176011
v 0.02047242 0.13112924 0.07173308
v 0.02045842 0.13067313 0.06781377
v 0.02043042 0.13017557 0.06386743
v 0.01660871 0.13072843 0.05989405
v 0.00805536 0.02303433 -0.15299218
v 0.01320697 0.09451712 -0.04457589
v 0.01707068 0.09389517 -0.04349470
v 0.01138711 0.10130328 -0.03498033
v 0.01406091 0.10088865 -0.03438568
v 0.01357094 0.09681142 -0.04098093
v 0.00882530 0.10359758 -0.03233142
v 0.00977723 0.10462034 -0.03019607
v 0.01292699 0.10416425 -0.02952032
v 0.00517157 0.10810326 -0.02587131
v 0.00091589 0.11119919 -0.02127625
v 0.00517157 0.11043903 -0.02127625
v -0.01414697 0.11218049 -0.02214121
v -0.01039526 0.11209757 -0.02189794
v -0.01039526 0.11313414 -0.01981665
v -0.00599959 0.11582926 -0.01346466
v -0.00263984 0.11555284 -0.01338357
v -0.00261184 0.11365935 -0.01741100
v -0.00161792 0.11270570 -0.01908684
v 0.00878330 0.10557400 -0.02903379
v -0.01925659 0.11032846 -0.02546586
v -0.01749272 0.11041139 -0.02546586
v 0.01135911 0.02130669 -0.15299218
v 0.03496133 0.08539518 -0.04314331
v 0.03760713 0.08459356 -0.04200806
v 0.04054691 0.08332201 -0.04106202
v 0.04154084 0.08463502 -0.03833202
v 0.04306672 0.08569924 -0.03543984
v 0.04560053 0.08475941 -0.03427756
v 0.04847031 0.08346022 -0.03303419
v 0.05066815 0.08556103 -0.02784448
v 0.05163408 0.08679111 -0.02484418
v 0.05381791 0.08890574 -0.01900575
v 0.05420988 0.08539518 -0.02387111
v 0.05563777 0.08610006 -0.02100596
v 0.05793360 0.08522933 -0.01941120
v 0.05997745 0.08720575 -0.01359981
v 0.06234327 0.08565778 -0.01270783
v 0.06512906 0.08466266 -0.01000485
v 0.06721490 0.08265860 -0.00997782
v 0.06916075 0.08070983 -0.00995079
v 0.07079863 0.07889926 -0.00997782
v 0.07336044 0.07743422 -0.00765326
v 0.07410238 0.07838788 -0.00473405
v 0.07558627 0.07581715 -0.00603148
v 0.07781210 0.07415862 -0.00438267
v 0.07705616 0.07324643 -0.00727485
v 0.07875003 0.07189196 -0.00586930
v 0.08227777 0.06699928 -0.00592336
v 0.08474158 0.06883749 0.00205041
v 0.08520355 0.06943180 0.00410467
v 0.08657545 0.06810498 0.00532101
v 0.08971121 0.06661229 0.01091617
v 0.09221702 0.06415214 0.01399756
v 0.09430286 0.06047572 0.01402459
v 0.09585674 0.05999198 0.01791687
v 0.09714464 0.05836109 0.01918727
v 0.09787260 0.05613589 0.01783578
v 0.09750862 0.05476760 0.01456518
v 0.10009842 0.05158874 0.01772766
v 0.10057439 0.05270826 0.02121450
v 0.10148432 0.05081476 0.02121450
v 0.10246425 0.04843753 0.02118747
v 0.10410212 0.04438795 0.02140371
v 0.10348617 0.04847900 0.02521490
v 0.10541803 0.04350340 0.02526896
v 0.10652394 0.04040747 0.02532302
v 0.10775585 0.03999284 0.02986402
v 0.10832981 0.03733918 0.02867471
v 0.10795183 0.03599853 0.02524193
v 0.10873577 0.03449203 0.02662045
v 0.10838580 0.03338634 0.02372827
v 0.10862378 0.03176927 0.02294440
v 0.11002368 0.03255708 0.02970184
v 0.11212352 -0.00001928 0.01983598
v 0.11243150 0.00150104 0.02140371
v 0.11329943 0.00158397 0.02526896
v 0.11332743 -0.00001928 0.02526896
v 0.11084962 0.03257090 0.03340491
v 0.11170354 0.02890830 0.03351303
v 0.11259948 0.02478961 0.03345897
v 0.11233350 0.02326929 0.03072897
v 0.11257149 0.02072621 0.02945857
v 0.11335543 0.02078149 0.03324273
v 0.11387338 0.01720182 0.03321570
v 0.11310345 0.01720182 0.02956669
v 0.11223551 0.01157663 0.02289034
v 0.11437735 0.01337338 0.03332382
v 0.11296346 0.00966932 0.02535005
v 0.11313144 0.00582705 0.02529599
v 0.10435411 0.06827083 0.10319570
v 0.10443810 0.06842285 0.10706096
v 0.10428411 0.06807733 0.09927639
v 0.10450809 0.06854725 0.11092621
v 0.10457809 0.06867164 0.11481849
v 0.10170831 0.07063423 0.08357211
v 0.10154031 0.07038546 0.07976092
v 0.10198828 0.07113180 0.09141074
v 0.10211427 0.07131147 0.09535708
v 0.10462009 0.06876838 0.11873780
v 0.10476008 0.06867164 0.12314365
v 0.10565600 0.06710985 0.12314365
v 0.11723313 -0.00001928 0.04527097
v 0.11691115 0.00155633 0.04340592
v 0.11577724 0.00152868 0.03705393
v 0.11486732 0.00584087 0.03340491
v 0.11469932 0.00982135 0.03343194
v 0.11453133 0.01731239 0.03681066
v 0.11406938 0.02090588 0.03686472
v 0.11327143 0.02478961 0.03686472
v 0.11206752 0.03017985 0.03681066
v 0.11230551 0.03369041 0.04286532
v 0.11149356 0.03261236 0.03683769
v 0.11255749 0.03443675 0.04556829
v 0.11212352 0.03724243 0.04813612
v 0.11150757 0.03975788 0.04916325
v 0.10901575 0.04727656 0.04967682
v 0.10912775 0.04820257 0.05259603
v 0.10970171 0.04487169 0.04859562
v 0.10135833 0.07006757 0.07586863
v 0.10201628 0.06745538 0.06797595
v 0.10117635 0.06976351 0.07259803
v 0.10177829 0.06706839 0.06419178
v 0.10848379 0.04943265 0.05137969
v 0.10821781 0.05298467 0.06027247
v 0.10775585 0.05154728 0.05256900
v 0.10792384 0.05240419 0.05638019
v 0.10543202 0.05901068 0.06019138
v 0.10343018 0.06397246 0.06413772
v 0.10688791 0.05595622 0.06021841
v 0.01271700 0.13112924 0.05600178
v 0.01270301 0.13057639 0.05210949
v 0.01267501 0.12999591 0.04829830
v 0.00879730 0.13023086 0.04446008
v 0.00500358 0.13092191 0.04446008
v 0.00501758 0.13157151 0.04832533
v 0.00494759 0.13219346 0.05227167
v 0.00216180 0.13244224 0.05105533
v 0.00080390 0.13223492 0.04843345
v 0.00088790 0.13154386 0.04443305
v -0.00272383 0.13205524 0.04443305
v -0.00272383 0.13253899 0.04729820
v -0.00612558 0.13271866 0.04686572
v -0.00945732 0.13281541 0.04664949
v -0.01280308 0.13288452 0.04632513
v -0.01476293 0.13289834 0.04597374
v -0.01788469 0.13281541 0.04575750
v -0.01925659 0.13287069 0.04651434
v 0.02765388 0.13292598 0.12314365
v 0.02920776 0.13211054 0.11854859
v 0.02895578 0.13197232 0.11460224
v 0.02868980 0.13183411 0.11073699
v 0.02803185 0.13182030 0.10673659
v 0.02832583 0.13144712 0.10295244
v 0.02829783 0.13085280 0.09516787
v 0.02828383 0.13053493 0.09127559
v 0.02825584 0.13020322 0.08730222
v 0.02824184 0.12984387 0.08338290
v 0.02822784 0.12947069 0.07957171
v 0.02857781 0.12890404 0.07535507
v 0.02786387 0.12875200 0.07178715
v 0.02724791 0.12851704 0.06789485
v 0.02435013 0.12947069 0.06786783
v 0.02467210 0.12883493 0.06365119
v 0.02040243 0.12966419 0.05989405
v 0.02034643 0.12912518 0.05600178
v 0.01658071 0.13017557 0.05600178
v 0.00918927 0.02257824 -0.15299218
v 0.01929651 0.09342525 -0.04292708
v 0.01708468 0.09562280 -0.04092687
v 0.01280100 0.10218783 -0.03284498
v 0.01515282 0.10478619 -0.02733092
v 0.01658071 0.10356994 -0.02860131
v 0.01686069 0.10170409 -0.03154756
v 0.01693069 0.10036344 -0.03368291
v 0.01702868 0.09855287 -0.03643994
v 0.01292699 0.10514555 -0.02784448
v 0.00762139 0.10878050 -0.02351972
v 0.00895129 0.10773010 -0.02500636
v 0.00091589 0.11247074 -0.01868140
v 0.00518557 0.11205610 -0.01800565
v 0.00892329 0.10954066 -0.02143843
v -0.01745072 0.11316179 -0.02000586
v -0.01413297 0.11323089 -0.02003289
v -0.01414697 0.11458537 -0.01716773
v -0.01081523 0.11621626 -0.01322139
v -0.01270508 0.11686585 -0.01203208
v -0.00594359 0.11667235 -0.01149149
v -0.00259784 0.11650649 -0.01114010
v 0.00094389 0.11497235 -0.01338357
v 0.00524157 0.11428130 -0.01332951
v -0.01925659 0.11132358 -0.02349269
v 0.03270750 0.08821469 -0.04098093
v 0.03638922 0.08977648 -0.03571014
v 0.03858706 0.08908542 -0.03481815
v 0.03634723 0.08623827 -0.04076470
v 0.03892303 0.08551957 -0.03952133
v 0.04114886 0.08824233 -0.03368291
v 0.04266075 0.08923745 -0.03084478
v 0.04413064 0.08701225 -0.03254765
v 0.04520856 0.08835290 -0.02960141
v 0.04630048 0.08914070 -0.02738497
v 0.04795235 0.08697079 -0.02873646
v 0.04896028 0.08821469 -0.02584428
v 0.05090613 0.08969354 -0.02122219
v 0.04945024 0.09252687 -0.01846516
v 0.05225003 0.09114476 -0.01730288
v 0.05334195 0.09238866 -0.01395119
v 0.05493782 0.08980411 -0.01614060
v 0.05754163 0.08875371 -0.01446476
v 0.05831157 0.08938948 -0.01243753
v 0.06102737 0.08843582 -0.01008594
v 0.06318320 0.08648704 -0.01003188
v 0.06416313 0.08753745 -0.00649099
v 0.06659894 0.08603095 -0.00505841
v 0.06913276 0.08470413 -0.00297712
v 0.07047666 0.08216104 -0.00511247
v 0.06965072 0.08130413 -0.00805871
v 0.07306646 0.08072364 -0.00281494
v 0.07653820 0.07950739 0.00188823
v 0.07792409 0.07830495 0.00259101
v 0.08124185 0.07338464 0.00148279
v 0.08063989 0.07197488 -0.00186890
v 0.08136783 0.06974968 -0.00370692
v 0.08216577 0.07071716 -0.00059850
v 0.08258574 0.07196106 0.00215853
v 0.08159182 0.07388219 0.00302348
v 0.08530154 0.07355049 0.01199736
v 0.08619747 0.07089684 0.00945656
v 0.08826931 0.06789766 0.00942953
v 0.09279098 0.06500904 0.01710598
v 0.08888526 0.06896188 0.01305152
v 0.08835330 0.07219602 0.01772766
v 0.09004718 0.06781473 0.01421380
v 0.09316894 0.06574156 0.01951163
v 0.09375690 0.06388953 0.01807905
v 0.09637471 0.06097328 0.02132262
v 0.09742463 0.05894158 0.02126856
v 0.09890851 0.05605296 0.02121450
v 0.10093836 0.05341313 0.02380935
v 0.10193229 0.05211395 0.02524193
v 0.10305220 0.05203102 0.02945857
v 0.10498406 0.04963997 0.03316164
v 0.10456409 0.04839607 0.02945857
v 0.10592198 0.04485786 0.02948560
v 0.10687392 0.04470583 0.03321570
v 0.10820382 0.04105706 0.03332382
v 0.10869378 0.03822373 0.03148580
v 0.10907175 0.03590179 0.02994510
v 0.10984169 0.03595707 0.03340491
v 0.11419536 0.00158397 0.02937748
v 0.11420936 -0.00001928 0.02935045
v 0.11048564 0.03601235 0.03683769
v 0.11230551 0.02727741 0.03470234
v 0.11404138 0.00584087 0.02948560
v 0.10224027 0.07146350 0.09930341
v 0.10250625 0.07160171 0.10706096
v 0.10264623 0.07160171 0.11095323
v 0.10277223 0.07161554 0.11484551
v 0.10051840 0.07258301 0.08354509
v 0.10081237 0.07306675 0.09141074
v 0.10033641 0.07233423 0.07976092
v 0.10092436 0.07324643 0.09538411
v 0.10285622 0.07162935 0.11876482
v 0.10292621 0.07165700 0.12314365
v 0.10450809 0.06908627 0.12314365
v 0.10466208 0.06882367 0.12276524
v 0.11689716 -0.00001928 0.04332483
v 0.11644920 -0.00001928 0.04075700
v 0.11576324 -0.00001928 0.03702690
v 0.11503530 -0.00001928 0.03326976
v 0.11503530 0.00154251 0.03332382
v 0.11058364 0.04032454 0.04491958
v 0.10908575 0.04314405 0.04167601
v 0.10939373 0.04389039 0.04489255
v 0.10884776 0.04653022 0.04719008
v 0.10838580 0.04845135 0.04856859
v 0.10012643 0.07203017 0.07586863
v 0.10012643 0.07124237 0.07148982
v 0.10089636 0.06932123 0.06794892
v 0.10102235 0.06950091 0.06992209
v 0.09953847 0.07150497 0.06789485
v 0.10149832 0.06659847 0.06029950
v 0.10037840 0.06847814 0.06032654
v 0.10065838 0.06893424 0.06419178
v 0.10764385 0.04863103 0.04481146
v 0.10694391 0.05201720 0.04875781
v 0.10553001 0.05514077 0.04870375
v 0.10477407 0.05772532 0.05137969
v 0.10564201 0.05620500 0.05254197
v 0.10632795 0.05595622 0.05632613
v 0.10288421 0.06397246 0.06024544
v 0.10513804 0.05847166 0.05627207
v 0.01655272 0.12960891 0.05210949
v 0.01651072 0.12904224 0.04832533
v 0.01644073 0.12842030 0.04464928
v 0.01264701 0.12933249 0.04448711
v 0.01065916 0.12793655 0.03445907
v 0.00878330 0.12948453 0.04043264
v 0.00497559 0.13018940 0.04045967
v 0.00087390 0.13082517 0.04045967
v -0.00272383 0.13135038 0.04048671
v -0.00611158 0.13230403 0.04440602
v -0.01088521 0.13255281 0.04478443
v -0.01474892 0.13256662 0.04408166
v -0.01787069 0.13248370 0.04383839
v -0.01925659 0.13267719 0.04537909
v 0.02951574 0.13222111 0.12314365
v 0.03227353 0.13088045 0.11854859
v 0.03227353 0.13042436 0.11076403
v 0.03224554 0.13018940 0.10689877
v 0.03217554 0.12966419 0.09903312
v 0.03216154 0.12937395 0.09519489
v 0.03246952 0.12893168 0.09116747
v 0.03178357 0.12887639 0.08732924
v 0.03134960 0.12869672 0.08340993
v 0.03088764 0.12850323 0.07959874
v 0.03045367 0.12833736 0.07643626
v 0.03007570 0.12819916 0.07378734
v 0.02917977 0.12783981 0.06792189
v 0.02814384 0.12767396 0.06370525
v 0.02672995 0.12830973 0.06484050
v 0.02621199 0.12813005 0.06213753
v 0.02577802 0.12797802 0.05997515
v 0.02377617 0.12861380 0.05994812
v 0.02290824 0.12833736 0.05602880
v 0.02183032 0.12793655 0.05113642
v 0.02044442 0.12853086 0.05227167
v 0.01918452 0.12829590 0.04835236
v 0.02184432 0.09287240 -0.04217025
v 0.02495208 0.09230573 -0.04087282
v 0.02748589 0.08943095 -0.04327846
v 0.03000570 0.08876753 -0.04235945
v 0.02085039 0.09775126 -0.03541281
v 0.01770063 0.10437156 -0.02654705
v 0.01295499 0.10650001 -0.02530369
v 0.01686069 0.10753660 -0.02106002
v 0.01662271 0.10538051 -0.02530369
v 0.02072440 0.10188376 -0.02892567
v 0.01945050 0.10119271 -0.03084478
v 0.01292699 0.10913985 -0.02016803
v 0.01295499 0.10804798 -0.02230338
v 0.00839133 0.11270570 -0.01527565
v 0.00937126 0.11172440 -0.01681635
v -0.01925659 0.11309268 -0.01992477
v -0.01925659 0.11385285 -0.01830298
v -0.01743673 0.11447480 -0.01719476
v -0.01586884 0.11686585 -0.01216723
v -0.01413297 0.11621626 -0.01359981
v -0.01413297 0.11686585 -0.01211317
v -0.01413297 0.11758455 -0.01022109
v -0.01414697 0.11910487 -0.00613960
v -0.01413297 0.12109511 -0.00078771
v -0.00590159 0.12007235 -0.00251761
v -0.00259784 0.11990649 -0.00224732
v -0.00256984 0.11846910 -0.00600445
v 0.00119587 0.11972682 -0.00119316
v 0.00521357 0.11900812 -0.00140939
v 0.00531156 0.11564959 -0.01003188
v 0.00939926 0.11328619 -0.01357278
v 0.00917527 0.11490325 -0.01000485
v 0.03361743 0.09254070 -0.03403429
v 0.03658521 0.09183582 -0.03254765
v 0.03801310 0.09263745 -0.03011498
v 0.04037892 0.09201549 -0.02889864
v 0.03998695 0.08991469 -0.03233142
v 0.04183481 0.09260980 -0.02665517
v 0.04400465 0.08988704 -0.02857428
v 0.04417264 0.09189111 -0.02533071
v 0.04550253 0.09258216 -0.02278992
v 0.04681844 0.09346671 -0.01992477
v 0.04781236 0.09465532 -0.01673526
v 0.05068215 0.09334232 -0.01562704
v 0.05204004 0.09385370 -0.01308624
v 0.05411189 0.09298297 -0.01195099
v 0.05583376 0.09089598 -0.01319436
v 0.05665969 0.09200167 -0.01008594
v 0.05908151 0.09006672 -0.01008594
v 0.06168532 0.08904395 -0.00789653
v 0.06263725 0.08979029 -0.00495029
v 0.06518505 0.08857404 -0.00289603
v 0.06763487 0.08703989 -0.00138236
v 0.06857280 0.08800737 0.00205041
v 0.07054665 0.08605860 0.00202338
v 0.07250650 0.08404071 0.00202338
v 0.07432636 0.08214722 0.00205041
v 0.07698617 0.08075129 0.00523992
v 0.07842805 0.07902365 0.00521289
v 0.08044390 0.07648057 0.00521289
v 0.08164781 0.07804235 0.01129458
v 0.08268374 0.07581715 0.00961874
v 0.08436361 0.07563748 0.01367320
v 0.08635146 0.07498789 0.01772766
v 0.08964121 0.07024725 0.01775469
v 0.08888526 0.07308058 0.02121450
v 0.09211902 0.06818790 0.02134965
v 0.09346292 0.06614237 0.02140371
v 0.09694867 0.06523018 0.03175610
v 0.09473683 0.06397246 0.02137668
v 0.09750862 0.06311555 0.02953966
v 0.09903450 0.06018548 0.02951263
v 0.10060239 0.05708955 0.02948560
v 0.10131634 0.05417329 0.02667451
v 0.10166631 0.05491964 0.02948560
v 0.10197429 0.05626028 0.03332382
v 0.10392014 0.05207248 0.03318867
v 0.10518004 0.05017899 0.03497264
v 0.10755986 0.04476112 0.03672957
v 0.10859579 0.04196926 0.03678363
v 0.10893176 0.03881804 0.03337788
v 0.11464333 -0.00001928 0.03137768
v 0.10107835 0.07346756 0.10138471
v 0.10113435 0.07356431 0.10392551
v 0.10210027 0.07194724 0.10287134
v 0.10120434 0.07367488 0.10703392
v 0.10127434 0.07378545 0.11095323
v 0.10133033 0.07388219 0.11484551
v 0.10137233 0.07396513 0.11876482
v 0.09864253 0.07547162 0.08351805
v 0.09893651 0.07548544 0.08743736
v 0.09834856 0.07544398 0.07973388
v 0.09736863 0.07829113 0.09146480
v 0.09640270 0.08011552 0.09546520
v 0.09725664 0.07805618 0.08743736
v 0.09757861 0.07865048 0.09930341
v 0.10130233 0.07422772 0.12314365
v 0.09780259 0.07569276 0.07613893
v 0.09756462 0.07462853 0.06786783
v 0.09904850 0.07151879 0.06416476
v 0.09732663 0.07425536 0.06416476
v 0.10120434 0.06605945 0.05621802
v 0.09847455 0.07153261 0.06035357
v 0.10005642 0.06796676 0.05621802
v 0.09770460 0.07078627 0.05229870
v 0.09648669 0.07276269 0.05232573
v 0.10597798 0.05248712 0.04451413
v 0.10680391 0.04872777 0.04059482
v 0.10564201 0.05156110 0.04059482
v 0.10456409 0.05717247 0.04870375
v 0.10530603 0.05444971 0.04570344
v 0.10088237 0.06536839 0.05159593
v 0.10308020 0.06008873 0.04867672
v 0.10065838 0.06485701 0.04867672
v 0.10229626 0.06395864 0.05621802
v 0.01854057 0.12811623 0.04608186
v 0.01761663 0.12789509 0.04343295
v 0.01518082 0.12821299 0.04183819
v 0.01327696 0.12767396 0.03645927
v 0.00876930 0.12873818 0.03648630
v 0.01226904 0.12728697 0.03321570
v 0.00962324 0.12768778 0.03232372
v 0.00853132 0.12811623 0.03321570
v 0.00496159 0.12944306 0.03651333
v 0.00084590 0.13009265 0.03654036
v -0.00273783 0.13061786 0.03659442
v -0.00606958 0.13089428 0.03662145
v -0.00608358 0.13159916 0.04051373
v -0.01050725 0.13177882 0.04054076
v -0.01472093 0.13194467 0.04059482
v -0.01781469 0.13121216 0.03672957
v -0.01785670 0.13190321 0.04059482
v -0.01925659 0.13183411 0.04059482
v -0.01925659 0.13222111 0.04275720
v 0.03225953 0.13111541 0.12314365
v 0.03225953 0.13108777 0.12257602
v 0.03603925 0.12926338 0.11854859
v 0.03582926 0.12913899 0.11462928
v 0.03561928 0.12901461 0.11079105
v 0.03539530 0.12887639 0.10692581
v 0.03511532 0.12873818 0.10297946
v 0.03479334 0.12859997 0.09906015
v 0.03448537 0.12844793 0.09519489
v 0.03423339 0.12833736 0.09241083
v 0.03398140 0.12822680 0.08978895
v 0.03330946 0.12793655 0.08343697
v 0.03372943 0.12811623 0.08735628
v 0.03287548 0.12774306 0.07962577
v 0.03192356 0.12766013 0.07538209
v 0.03214754 0.12719022 0.07184121
v 0.03218954 0.12672030 0.06800298
v 0.03225953 0.12619510 0.06408366
v 0.03231553 0.12564224 0.06013732
v 0.02833983 0.12710729 0.06005624
v 0.02839582 0.12652680 0.05613692
v 0.02496608 0.12767396 0.05605583
v 0.02401415 0.12742517 0.05235276
v 0.02439213 0.12667884 0.04846048
v 0.02114437 0.12770161 0.04837939
v 0.02292224 0.09726752 -0.03479112
v 0.02552604 0.09663174 -0.03400726
v 0.02377617 0.09367402 -0.03965648
v 0.02859181 0.09393663 -0.03587231
v 0.02868980 0.09038460 -0.04100796
v 0.03102763 0.09328704 -0.03500736
v 0.02078040 0.09970003 -0.03238548
v 0.02376217 0.10128946 -0.02792557
v 0.02437813 0.09806914 -0.03257469
v 0.01806460 0.10836587 -0.01870843
v 0.02083640 0.10590571 -0.02157358
v 0.01960449 0.10502115 -0.02406032
v 0.02080840 0.10391547 -0.02533071
v 0.01554479 0.10876668 -0.01943823
v 0.01289899 0.11074309 -0.01695149
v 0.01075715 0.11236017 -0.01476209
v -0.01925659 0.11436423 -0.01719476
v -0.01925659 0.11535935 -0.01503238
v -0.01925659 0.11609186 -0.01343763
v -0.01724074 0.11625772 -0.01332951
v -0.01925659 0.11678292 -0.01184287
v -0.01925659 0.11739105 -0.01022109
v -0.01925659 0.11957479 -0.00438267
v -0.01729673 0.12025202 -0.00286900
v -0.01726873 0.12106746 -0.00067959
v -0.01409097 0.12206258 0.00196932
v -0.01031126 0.12101218 -0.00051741
v -0.00591559 0.12088780 -0.00027414
v -0.00261184 0.12073575 0.00002318
v -0.00007803 0.12054227 0.00045566
v 0.00277775 0.12029348 0.00096922
v 0.00515757 0.12011381 0.00156388
v 0.00742540 0.12037642 0.00340190
v 0.00883930 0.11972682 0.00237477
v 0.00914727 0.11824796 -0.00140939
v 0.01288499 0.11208375 -0.01416743
v 0.01292699 0.11280244 -0.01262674
v 0.01145710 0.11667235 -0.00403128
v 0.01420089 0.11631301 -0.00322039
v 0.01302498 0.11392195 -0.00997782
v 0.03232953 0.09421305 -0.03254765
v 0.03542330 0.09343907 -0.03119617
v 0.03920301 0.09336996 -0.02795260
v 0.04044892 0.09422687 -0.02535774
v 0.04295473 0.09339760 -0.02419547
v 0.04389266 0.09472443 -0.02095190
v 0.04478859 0.09596833 -0.01787051
v 0.04616049 0.09672849 -0.01500535
v 0.04890428 0.09592686 -0.01327545
v 0.04974422 0.09652118 -0.01116713
v 0.05191405 0.09556752 -0.01000485
v 0.05469984 0.09352199 -0.01005891
v 0.05749963 0.09272036 -0.00741000
v 0.05842356 0.09349435 -0.00446375
v 0.06006144 0.09126915 -0.00619366
v 0.06126535 0.09262362 -0.00159860
v 0.06252525 0.09366021 0.00250992
v 0.06391115 0.09045371 -0.00143642
v 0.06666894 0.08980411 0.00205041
v 0.06615098 0.08933420 0.00023942
v 0.06917476 0.08861550 0.00448309
v 0.07305246 0.08469031 0.00451012
v 0.07473234 0.08337730 0.00559131
v 0.07807808 0.08196755 0.01045666
v 0.08068188 0.08026755 0.01332181
v 0.08199779 0.07916186 0.01448409
v 0.08486757 0.07696431 0.01775469
v 0.08518955 0.07742040 0.01975489
v 0.08672943 0.07592772 0.02105232
v 0.08511955 0.08095860 0.02802599
v 0.08917925 0.07352285 0.02326876
v 0.09256699 0.07270740 0.03313462
v 0.09220302 0.07154643 0.02918827
v 0.09347692 0.07012285 0.03045867
v 0.09406488 0.06693018 0.02532302
v 0.09386890 0.07067570 0.03318867
v 0.09599673 0.06720660 0.03294541
v 0.09717264 0.06565863 0.03381036
v 0.09788659 0.06404157 0.03291838
v 0.10021042 0.05982613 0.03329679
v 0.10099436 0.05780824 0.03240481
v 0.10124633 0.05829199 0.03440501
v 0.10462009 0.05201720 0.03637818
v 0.10508204 0.05382777 0.04297344
v 0.09669668 0.08048868 0.10706096
v 0.09678068 0.08059925 0.11100729
v 0.09767660 0.07876105 0.10311462
v 0.09687866 0.08072364 0.11760255
v 0.10002843 0.07601065 0.11876482
v 0.10011242 0.07603829 0.12273820
v 0.09710265 0.07780739 0.08351805
v 0.09685067 0.07739276 0.07759854
v 0.09694867 0.07754479 0.07970686
v 0.09624871 0.07994966 0.09149182
v 0.09407888 0.08240982 0.08746439
v 0.09424687 0.08256185 0.09149182
v 0.09441485 0.08265860 0.09543816
v 0.09651469 0.08025373 0.09927639
v 0.09609473 0.07974234 0.08746439
v 0.10011242 0.07603829 0.12314365
v 0.09624871 0.07657731 0.06786783
v 0.09602473 0.07621797 0.06413772
v 0.09706065 0.07378545 0.06040762
v 0.09574475 0.07577569 0.06040762
v 0.09991644 0.06726188 0.05259603
v 0.09906251 0.06759359 0.04867672
v 0.09742463 0.07026106 0.04870375
v 0.09431686 0.07595536 0.05216355
v 0.09619272 0.07225131 0.04873078
v 0.09426086 0.07518138 0.04875781
v 0.10438210 0.05590093 0.04454116
v 0.10212827 0.06044808 0.04462225
v 0.10043440 0.06379278 0.04464928
v 0.09878252 0.06388953 0.03659442
v 0.09748062 0.06619766 0.03667551
v 0.09788659 0.06688871 0.04070294
v 0.02005245 0.12739754 0.04470334
v 0.02034643 0.12652680 0.04051373
v 0.02036043 0.12576665 0.03651333
v 0.01651072 0.12685851 0.03648630
v 0.01644073 0.12763250 0.04045967
v 0.00715942 0.12795038 0.03113441
v 0.00491959 0.12873818 0.03294541
v 0.01651072 0.12616746 0.03299947
v 0.01271700 0.12629184 0.02937748
v 0.00857332 0.12728697 0.02964778
v 0.00080390 0.12937395 0.03294541
v -0.00276583 0.12989915 0.03297244
v -0.00608358 0.13017557 0.03299947
v -0.01046525 0.13107394 0.03667551
v -0.01462294 0.13052110 0.03308055
v -0.01467893 0.13123981 0.03670254
v -0.01925659 0.13112924 0.03672957
v -0.01925659 0.13137801 0.03808106
v -0.01777270 0.13047964 0.03310759
v -0.01925659 0.13041053 0.03310759
v 0.03280549 0.13088045 0.12314365
v 0.03659921 0.12920810 0.12246791
v 0.03826508 0.12850323 0.12314365
v 0.03815309 0.12844793 0.12106235
v 0.03781712 0.12826827 0.11465630
v 0.03760713 0.12814388 0.11081809
v 0.03738315 0.12801948 0.10692581
v 0.03710317 0.12788128 0.10297946
v 0.03680919 0.12772924 0.09906015
v 0.03651521 0.12757721 0.09522193
v 0.03581526 0.12756339 0.09119449
v 0.03612324 0.12712112 0.08738330
v 0.03612324 0.12677559 0.08346399
v 0.03613724 0.12641623 0.07965280
v 0.03615124 0.12600160 0.07578754
v 0.03616524 0.12555933 0.07186823
v 0.03643122 0.12503412 0.06824624
v 0.03550729 0.12489592 0.06413772
v 0.03491934 0.12460567 0.06019138
v 0.03452736 0.12442600 0.05767762
v 0.03258151 0.12499266 0.05629910
v 0.03151759 0.12479916 0.05235276
v 0.02843782 0.12591868 0.05227167
v 0.02868980 0.12519997 0.04851454
v 0.02755589 0.12492355 0.04467631
v 0.02444812 0.12598779 0.04464928
v 0.02783587 0.09743337 -0.03111508
v 0.02888579 0.09599597 -0.03252062
v 0.03169957 0.09741954 -0.02814181
v 0.02639398 0.10069515 -0.02703359
v 0.02489609 0.10018377 -0.02889864
v 0.02491009 0.10211872 -0.02562804
v 0.01680470 0.10951302 -0.01716773
v 0.01665071 0.11154472 -0.01308624
v 0.02066841 0.11014879 -0.01330248
v 0.02069640 0.10789595 -0.01784348
v 0.02465811 0.10520083 -0.02016803
v 0.02219429 0.10453742 -0.02319537
v 0.01529281 0.11248456 -0.01192396
v -0.01925659 0.12019674 -0.00270682
v -0.01925659 0.12101218 -0.00049038
v -0.01925659 0.12149592 0.00086110
v -0.01722674 0.12196584 0.00191526
v -0.00590159 0.12171705 0.00210447
v -0.01721274 0.12301624 0.00534804
v -0.01409097 0.12312681 0.00545616
v -0.01028326 0.12296096 0.00548319
v -0.00259784 0.12148209 0.00215853
v 0.00118188 0.12088780 0.00199635
v 0.00518557 0.12055608 0.00286131
v 0.00091589 0.12202112 0.00548319
v 0.00518557 0.12134389 0.00542913
v 0.00510158 0.12262925 0.00964577
v 0.00909128 0.12189673 0.00959171
v 0.00986122 0.12014145 0.00423982
v 0.01301098 0.11869023 0.00213150
v 0.01693069 0.11591220 -0.00235544
v 0.01698668 0.11447480 -0.00595039
v 0.03433138 0.09671467 -0.02706062
v 0.03655721 0.09428215 -0.02889864
v 0.03662721 0.09628622 -0.02560101
v 0.03818109 0.09678377 -0.02324942
v 0.04032293 0.09614801 -0.02222229
v 0.04226878 0.09679760 -0.01911387
v 0.04373867 0.09729515 -0.01665417
v 0.04385066 0.09925775 -0.01305921
v 0.04691643 0.09723987 -0.01324842
v 0.04833032 0.09801386 -0.00997782
v 0.04956223 0.10048783 -0.00308524
v 0.05198405 0.09765451 -0.00562603
v 0.05418188 0.09696345 -0.00392316
v 0.05317396 0.09625857 -0.00681534
v 0.04239477 0.10079190 -0.01189693
v 0.05693967 0.09606508 -0.00157157
v 0.05783561 0.09670085 0.00110437
v 0.05835357 0.09714312 0.00280725
v 0.06015943 0.09520817 0.00180715
v 0.06090138 0.09616182 0.00523992
v 0.06322520 0.09424070 0.00526695
v 0.06515706 0.09256834 0.00526695
v 0.06645896 0.09364638 0.01053775
v 0.06903476 0.09236102 0.01302449
v 0.07029467 0.08967973 0.00948359
v 0.07301047 0.08853257 0.01288934
v 0.07408838 0.08585128 0.00951062
v 0.07679018 0.08455209 0.01307855
v 0.07777010 0.08554722 0.01775469
v 0.07903001 0.08276917 0.01467330
v 0.08153583 0.08131795 0.01780875
v 0.08125584 0.08094478 0.01626806
v 0.08311770 0.07927243 0.01778172
v 0.08425161 0.07921715 0.02102529
v 0.08553952 0.08148381 0.03081006
v 0.08649145 0.07963177 0.02937748
v 0.09011718 0.07471146 0.02937748
v 0.08961322 0.07408951 0.02613391
v 0.08208178 0.08200901 0.02113341
v 0.08271173 0.08272771 0.02510678
v 0.09067714 0.07538870 0.03308055
v 0.09298696 0.07331553 0.03664848
v 0.09428886 0.07128382 0.03667551
v 0.09619272 0.06827083 0.03667551
v 0.10043440 0.06071068 0.03656739
v 0.10273023 0.05612207 0.03659442
v 0.09454084 0.08275535 0.09924937
v 0.09151708 0.08703989 0.10695283
v 0.09160107 0.08715047 0.11087215
v 0.09167106 0.08724721 0.11473740
v 0.09169906 0.08734396 0.11865672
v 0.09696266 0.08079275 0.12314365
v 0.09805458 0.07916186 0.12314365
v 0.09826457 0.07884398 0.12314365
v 0.09592674 0.07950739 0.08351805
v 0.09497481 0.07912039 0.07189527
v 0.09571675 0.07877487 0.07611190
v 0.09574475 0.07927243 0.07970686
v 0.08908126 0.08885046 0.08938350
v 0.09389689 0.08223015 0.08351805
v 0.09038315 0.08663908 0.08346399
v 0.08882927 0.08858786 0.08346399
v 0.08896926 0.08872607 0.08665350
v 0.08930524 0.08907159 0.09530301
v 0.08941723 0.08919599 0.09911421
v 0.09448485 0.07912039 0.06786783
v 0.09368691 0.07878869 0.06038060
v 0.09377090 0.07939682 0.06394852
v 0.09815257 0.06784237 0.04486552
v 0.09720064 0.06983261 0.04621701
v 0.09300096 0.07757243 0.05083910
v 0.09595473 0.07136675 0.04486552
v 0.09354692 0.07410334 0.04164898
v 0.09389689 0.07457325 0.04489255
v 0.09279098 0.07728219 0.04875781
v 0.09692066 0.06937651 0.04348700
v 0.02346820 0.12477153 0.03651333
v 0.02279625 0.12446746 0.03378333
v 0.02066841 0.12493738 0.03283729
v 0.00487760 0.12817151 0.03045867
v 0.00886729 0.12616746 0.02529599
v 0.00888129 0.12518616 0.02134965
v 0.00489160 0.12691379 0.02529599
v 0.01935251 0.12453657 0.02943154
v 0.01849857 0.12427396 0.02721510
v 0.01655272 0.12532437 0.02940451
v 0.01670671 0.12336177 0.02124153
v 0.01190507 0.12450892 0.02132262
v 0.00077590 0.12848940 0.02913421
v -0.00279383 0.12905607 0.02929639
v -0.00609758 0.12933249 0.02929639
v -0.01455294 0.12969184 0.02937748
v -0.01771670 0.12963656 0.02940451
v -0.01925659 0.13010648 0.03178313
v 0.03654321 0.12926338 0.12314365
v 0.03745314 0.12886257 0.12314365
v 0.03911902 0.12808859 0.12314365
v 0.03991695 0.12767396 0.12252197
v 0.04028093 0.12710729 0.11471036
v 0.04029493 0.12689998 0.11087215
v 0.04028093 0.12667884 0.10697987
v 0.04026693 0.12643006 0.10303352
v 0.04026693 0.12616746 0.09914124
v 0.04026693 0.12590485 0.09527599
v 0.04026693 0.12561461 0.09138370
v 0.03977697 0.12517234 0.08349103
v 0.03941299 0.12497884 0.07967983
v 0.03900703 0.12477153 0.07578754
v 0.03854506 0.12455039 0.07189527
v 0.03826508 0.12442600 0.06965180
v 0.03792911 0.12426015 0.06711099
v 0.03752314 0.12406664 0.06413772
v 0.03694918 0.12377640 0.06019138
v 0.03609525 0.12359672 0.05632613
v 0.03406540 0.12423250 0.05505573
v 0.03351944 0.12405282 0.05235276
v 0.03088764 0.12463331 0.04978494
v 0.03018769 0.12445363 0.04729820
v 0.02959973 0.12420486 0.04467631
v 0.02693993 0.12464713 0.04194631
v 0.02561003 0.12408047 0.03651333
v 0.02884379 0.09827645 -0.02903379
v 0.02885779 0.10033580 -0.02560101
v 0.03280549 0.09834556 -0.02562804
v 0.02684194 0.10473091 -0.01935714
v 0.02940375 0.10415043 -0.01827595
v 0.02780787 0.10140003 -0.02457388
v 0.02465811 0.10402604 -0.02233041
v 0.01781262 0.11218049 -0.01089683
v 0.02432213 0.10893253 -0.01300515
v 0.02271225 0.10857318 -0.01500535
v 0.02058441 0.11175204 -0.00976158
v 0.02470010 0.11021789 -0.00984267
v 0.02430813 0.10712197 -0.01668120
v 0.01674870 0.11294066 -0.00981564
v -0.01925659 0.12184145 0.00188823
v -0.01925659 0.12290567 0.00532101
v -0.00591559 0.12275364 0.00551022
v -0.00259784 0.12251868 0.00551022
v -0.01728274 0.12464713 0.01078102
v -0.01425897 0.12569754 0.01407865
v -0.01039526 0.12666502 0.01791687
v -0.00601358 0.12445363 0.01118646
v -0.00111395 0.12424632 0.01194330
v 0.00168584 0.12402519 0.01259201
v 0.00496159 0.12374877 0.01340290
v 0.00706143 0.12414958 0.01605182
v 0.00862931 0.12337559 0.01437597
v 0.01294099 0.12231137 0.01386241
v 0.01284300 0.12101218 0.00942953
v 0.01142910 0.12054227 0.00678062
v 0.01287099 0.11978210 0.00540210
v 0.01690269 0.11763983 0.00213150
v 0.01686069 0.11682439 -0.00003088
v 0.01691669 0.11867642 0.00523992
v 0.01901653 0.11647886 0.00069893
v 0.02051442 0.11531788 -0.00108504
v 0.02064041 0.11332765 -0.00595039
v 0.01922652 0.11273333 -0.00849119
v 0.03473735 0.10091629 -0.01941120
v 0.03553529 0.09747483 -0.02462794
v 0.03647321 0.09887077 -0.02133031
v 0.04032293 0.09739190 -0.02008695
v 0.04021093 0.09931304 -0.01681635
v 0.04141484 0.10019759 -0.01400525
v 0.04504057 0.10011466 -0.00992376
v 0.04690243 0.10137238 -0.00481514
v 0.04821833 0.09987970 -0.00619366
v 0.04819033 0.10204962 -0.00151751
v 0.04799435 0.10372197 0.00194229
v 0.05138209 0.10163499 0.00205041
v 0.05208204 0.09950653 -0.00157157
v 0.05334195 0.10032198 0.00205041
v 0.05496582 0.09750247 -0.00157157
v 0.04018293 0.10142767 -0.01305921
v 0.03752314 0.10415043 -0.01054545
v 0.03995895 0.10325205 -0.00957238
v 0.04309472 0.10131710 -0.00992376
v 0.05635172 0.09817971 0.00199635
v 0.05390190 0.10077808 0.00399655
v 0.05787760 0.10093011 0.01170003
v 0.05892753 0.09766833 0.00523992
v 0.06234327 0.09726752 0.01091617
v 0.06511506 0.09621711 0.01399756
v 0.06770486 0.09407484 0.01429489
v 0.06974871 0.09291387 0.01597073
v 0.07406038 0.08950005 0.01764657
v 0.07596424 0.08750981 0.01770063
v 0.07522230 0.08686022 0.01445706
v 0.07971596 0.08336348 0.01778172
v 0.07656620 0.08815940 0.02099826
v 0.07835806 0.08619681 0.02102529
v 0.08028992 0.08402689 0.02107935
v 0.08180181 0.08564396 0.03026946
v 0.08420962 0.08384722 0.03313462
v 0.08587550 0.08189844 0.03313462
v 0.08765336 0.07950739 0.03308055
v 0.08346768 0.08330819 0.02916124
v 0.08853529 0.07943828 0.03635115
v 0.09088712 0.07616268 0.03635115
v 0.09458284 0.07205781 0.04040561
v 0.08952922 0.08930655 0.10300650
v 0.08962721 0.08940330 0.10692581
v 0.08969721 0.08950005 0.11084511
v 0.08976720 0.08958297 0.11471036
v 0.09010318 0.08944476 0.12314365
v 0.09174105 0.08741306 0.12265711
v 0.09174105 0.08741306 0.12314365
v 0.09325293 0.08149763 0.07189527
v 0.09349092 0.08177405 0.07581458
v 0.09370090 0.08200901 0.07967983
v 0.08367766 0.09462768 0.08735628
v 0.08383165 0.09480736 0.09132964
v 0.08549752 0.09296915 0.09135668
v 0.09018717 0.08643176 0.07959874
v 0.08863329 0.08838054 0.07959874
v 0.08672943 0.09048135 0.07959874
v 0.08136783 0.09646589 0.08027448
v 0.08563752 0.09310736 0.09519489
v 0.08418163 0.09523581 0.10297946
v 0.09298696 0.08117974 0.06789485
v 0.09280497 0.08093096 0.06500269
v 0.09248300 0.08046104 0.06035357
v 0.09265099 0.08069600 0.06262406
v 0.09206302 0.07920332 0.05216355
v 0.09216102 0.08000495 0.05629910
v 0.09122309 0.07952121 0.04878484
v 0.09001918 0.07870577 0.04059482
v 0.09027117 0.07975617 0.04513582
v 0.02430813 0.12379022 0.03283729
v 0.02219429 0.12420486 0.03167501
v 0.02136835 0.12394225 0.02940451
v 0.02010845 0.12343087 0.02556629
v 0.00217580 0.12793655 0.02772867
v 0.01096714 0.12423250 0.01932242
v 0.00854532 0.12439835 0.01805202
v 0.00489160 0.12593249 0.02137668
v 0.00071991 0.12659591 0.02137668
v 0.02050042 0.12231137 0.02124153
v 0.01677670 0.12242194 0.01761954
v 0.01257702 0.12351381 0.01794390
v -0.00279383 0.12710729 0.02140371
v -0.00606958 0.12736989 0.02140371
v -0.01040925 0.12759104 0.02143074
v -0.01424496 0.12859997 0.02491758
v -0.01508490 0.12817151 0.02313361
v -0.01637281 0.12817151 0.02316064
v -0.01925659 0.12955362 0.02943154
v -0.01754871 0.12858615 0.02505272
v -0.01925659 0.12923575 0.02808005
v 0.04000095 0.12766013 0.12314365
v 0.04379466 0.12554550 0.11868374
v 0.04365468 0.12543493 0.11476443
v 0.04028093 0.12730079 0.11860265
v 0.04351468 0.12531054 0.11092621
v 0.04336070 0.12517234 0.10703392
v 0.04317871 0.12503412 0.10308758
v 0.04295473 0.12489592 0.09916827
v 0.04273075 0.12474388 0.09530301
v 0.04235277 0.12449511 0.08941054
v 0.04212879 0.12438453 0.08673459
v 0.04186281 0.12423250 0.08351805
v 0.04148484 0.12405282 0.07967983
v 0.04106487 0.12385933 0.07581458
v 0.04060290 0.12365202 0.07189527
v 0.03988896 0.12354144 0.06824624
v 0.04029493 0.12286421 0.06413772
v 0.04033692 0.12232519 0.06016435
v 0.04035092 0.12177234 0.05624505
v 0.03644522 0.12286421 0.05237979
v 0.03652921 0.12220080 0.04856859
v 0.03239952 0.12385933 0.04854157
v 0.03269350 0.12305771 0.04467631
v 0.02866180 0.12303006 0.03648630
v 0.02857781 0.12238047 0.03302650
v 0.03246952 0.10149678 -0.02038427
v 0.03246952 0.10028051 -0.02254665
v 0.02544205 0.10806180 -0.01389713
v 0.02829783 0.10533905 -0.01695149
v 0.03106962 0.10485530 -0.01543783
v 0.03242752 0.10343173 -0.01692447
v 0.02675795 0.10860082 -0.01170773
v 0.02181632 0.11230488 -0.00741000
v 0.02360819 0.11288537 -0.00451781
v 0.02485409 0.11183496 -0.00592336
v -0.01925659 0.12511705 0.01270013
v -0.00273783 0.12510323 0.01415974
v -0.01736673 0.12558698 0.01397053
v -0.01432895 0.12683087 0.01791687
v -0.00605558 0.12645769 0.01791687
v -0.00277983 0.12620892 0.01791687
v 0.00069191 0.12568372 0.01786281
v 0.00487760 0.12500649 0.01783578
v 0.00963724 0.12391462 0.01705192
v 0.01708468 0.12116422 0.01345696
v 0.01604875 0.12066665 0.01086211
v 0.01712667 0.11992032 0.00937547
v 0.01970248 0.11678292 0.00213150
v 0.01849857 0.12032112 0.01186221
v 0.02066841 0.11886991 0.00942953
v 0.02236228 0.11647886 0.00367220
v 0.02166233 0.11614715 0.00210447
v 0.02467210 0.11512439 0.00210447
v 0.03626323 0.10348701 -0.01319436
v 0.03616524 0.10153824 -0.01687041
v 0.03734115 0.10018377 -0.01819486
v 0.03883904 0.10094393 -0.01530268
v 0.04439662 0.10227075 -0.00616663
v 0.04450861 0.10410896 -0.00194999
v 0.04599250 0.10453742 0.00102328
v 0.04659446 0.10492441 0.00272616
v 0.04925425 0.10424718 0.00523992
v 0.03631923 0.10518701 -0.00954535
v 0.03610924 0.10706668 -0.00549088
v 0.03715916 0.10789595 -0.00235544
v 0.03941299 0.10518701 -0.00592336
v 0.04225478 0.10463417 -0.00376098
v 0.03489134 0.10477238 -0.01208614
v 0.05246001 0.10218783 0.00523992
v 0.05222203 0.10387400 0.00929438
v 0.05341194 0.10438538 0.01272716
v 0.05607174 0.10289271 0.01364617
v 0.05670169 0.10390165 0.01759251
v 0.05866155 0.10142767 0.01456518
v 0.05992145 0.10007320 0.01345696
v 0.06314121 0.09779271 0.01394350
v 0.06610899 0.09700491 0.01821420
v 0.06567502 0.09659028 0.01618697
v 0.06752287 0.09545695 0.01740331
v 0.07009869 0.09327321 0.01767360
v 0.07264649 0.09204313 0.02097123
v 0.07466234 0.09010818 0.02097123
v 0.07758812 0.08922363 0.02710698
v 0.08051390 0.08809029 0.03313462
v 0.08222177 0.08614152 0.03313462
v 0.08268374 0.08669436 0.03672957
v 0.08468559 0.08437242 0.03670254
v 0.08630947 0.08246510 0.03667551
v 0.08909525 0.08101389 0.04389245
v 0.08427962 0.09534638 0.10687175
v 0.08436361 0.09544312 0.11076403
v 0.08454559 0.09559516 0.11860265
v 0.08461559 0.09566427 0.12252197
v 0.08623946 0.09383988 0.12254899
v 0.08985120 0.08973501 0.12263008
v 0.08964121 0.08998379 0.12314365
v 0.08814332 0.08786916 0.07178715
v 0.08840930 0.08814558 0.07567942
v 0.08152182 0.09660410 0.08340993
v 0.08185780 0.09692199 0.09132964
v 0.08394364 0.09497321 0.09519489
v 0.08651945 0.09026021 0.07567942
v 0.08119985 0.09632768 0.07778774
v 0.07964596 0.09794475 0.07924735
v 0.07714016 0.10028051 0.07957171
v 0.07728014 0.10036344 0.08170706
v 0.07754612 0.10062604 0.08730222
v 0.08220777 0.09729515 0.10297946
v 0.08196979 0.09706020 0.09519489
v 0.09133509 0.08323909 0.06786783
v 0.08919324 0.08525697 0.06394852
v 0.08990719 0.08213340 0.05232573
v 0.09022917 0.08249275 0.05621802
v 0.09029916 0.08319763 0.06032654
v 0.08959921 0.08173259 0.04878484
v 0.08940323 0.08145617 0.04675760
v 0.02447612 0.12297478 0.02940451
v 0.02450412 0.12197966 0.02521490
v 0.02460211 0.12098454 0.02126856
v 0.02331421 0.12063901 0.01826826
v 0.02086439 0.12116422 0.01729519
v -0.01417497 0.12781217 0.02172806
v -0.01747872 0.12775687 0.02172806
v -0.01746472 0.12672030 0.01783578
v -0.01925659 0.12788128 0.02259302
v -0.01925659 0.12857232 0.02537708
v 0.04352868 0.12587722 0.12314365
v 0.04392066 0.12565607 0.12265711
v 0.04593650 0.12443981 0.11871076
v 0.04578251 0.12434306 0.11479146
v 0.04564253 0.12423250 0.11095323
v 0.04547454 0.12410811 0.10706096
v 0.04527855 0.12398372 0.10311462
v 0.04504057 0.12385933 0.09919531
v 0.04480259 0.12372112 0.09533005
v 0.04455061 0.12356909 0.09143776
v 0.04399065 0.12358291 0.08784281
v 0.04435462 0.12305771 0.08354509
v 0.04431262 0.12272600 0.07970686
v 0.04427063 0.12236665 0.07581458
v 0.04424263 0.12196584 0.07192229
v 0.04380866 0.12123332 0.06411070
v 0.04327670 0.12097071 0.06016435
v 0.04270275 0.12066665 0.05624505
v 0.04235277 0.12048698 0.05397454
v 0.04190481 0.12029348 0.05137969
v 0.04053291 0.12110893 0.05254197
v 0.03944099 0.12094308 0.04854157
v 0.03888103 0.12072194 0.04594671
v 0.03682319 0.12137153 0.04462225
v 0.03440137 0.12054227 0.03505373
v 0.03274950 0.12222843 0.04048671
v 0.03193756 0.12108128 0.03299947
v 0.03118161 0.12074958 0.03026946
v 0.02881579 0.12137153 0.02908015
v 0.02763988 0.12087397 0.02518787
v 0.02825584 0.10734310 -0.01300515
v 0.03244152 0.10535287 -0.01322139
v 0.03370143 0.10421953 -0.01424852
v 0.02857781 0.11183496 -0.00235544
v 0.02898378 0.11002440 -0.00622069
v 0.02959973 0.10821383 -0.00981564
v 0.02625399 0.11234634 -0.00335553
v 0.02479810 0.11357642 -0.00167969
v -0.01925659 0.12547641 0.01391647
v -0.01925659 0.12662355 0.01780875
v 0.02090639 0.12004470 0.01345696
v 0.02453211 0.11891137 0.01378132
v 0.02471410 0.11607805 0.00505071
v 0.02864781 0.11464065 0.00521289
v 0.02856381 0.11363171 0.00210447
v 0.04341670 0.10528376 -0.00070662
v 0.04456461 0.10576749 0.00196932
v 0.04441062 0.10708050 0.00526695
v 0.04730840 0.10542197 0.00523992
v 0.05093413 0.10522847 0.01069993
v 0.03452736 0.10858701 -0.00376098
v 0.03602525 0.10900164 -0.00105801
v 0.03847506 0.10850407 0.00069893
v 0.04037892 0.10658294 -0.00154454
v 0.03253951 0.10690082 -0.00981564
v 0.05222203 0.10557400 0.01397053
v 0.05427987 0.10482766 0.01556528
v 0.05941749 0.10196669 0.01759251
v 0.05483983 0.10515937 0.01759251
v 0.05741564 0.10434392 0.02045767
v 0.06136334 0.10052930 0.01761954
v 0.06412114 0.09827645 0.01737628
v 0.06175531 0.10079190 0.01929539
v 0.06361718 0.09978296 0.02075499
v 0.06661295 0.09751630 0.02107935
v 0.06861480 0.09578865 0.02105232
v 0.07068664 0.09389517 0.02099826
v 0.07274449 0.09589923 0.03318867
v 0.07417238 0.09354964 0.03008025
v 0.07553028 0.09184964 0.02894500
v 0.07796609 0.08956916 0.02932342
v 0.07856805 0.09017729 0.03316164
v 0.08100386 0.08860168 0.03675660
v 0.08441961 0.08793827 0.04873078
v 0.08516155 0.08491144 0.04072997
v 0.08572151 0.08560250 0.04570344
v 0.08604349 0.08604477 0.04873078
v 0.08230577 0.09739190 0.10687175
v 0.08258574 0.09761305 0.11860265
v 0.08432162 0.09598215 0.12314365
v 0.08461559 0.09566427 0.12314365
v 0.08600149 0.09411630 0.12314365
v 0.08653344 0.09352199 0.12314365
v 0.08786335 0.08755128 0.06784081
v 0.08597348 0.08974883 0.06781377
v 0.08625347 0.09003907 0.07176011
v 0.07950598 0.09880166 0.08732924
v 0.07786810 0.10094393 0.09519489
v 0.07771411 0.10079190 0.09130262
v 0.07687417 0.10008702 0.07567942
v 0.08247375 0.09410248 0.07167902
v 0.08076588 0.09592686 0.07167902
v 0.07879203 0.09780654 0.07167902
v 0.07523630 0.10202198 0.07957171
v 0.07331844 0.10415043 0.08338290
v 0.07578225 0.10186994 0.08313964
v 0.07509630 0.10287889 0.08741034
v 0.07561427 0.10274067 0.09132964
v 0.07812008 0.10117889 0.10297946
v 0.07823207 0.10128946 0.10687175
v 0.08208178 0.09718458 0.09908718
v 0.07800809 0.10105450 0.09908718
v 0.08901126 0.08503583 0.06159693
v 0.08758337 0.08721957 0.06392149
v 0.08635146 0.08644558 0.05219058
v 0.08752737 0.08658379 0.06019138
v 0.02679994 0.12052844 0.02253896
v 0.02601600 0.12019674 0.02005222
v 0.02458811 0.11993414 0.01729519
v 0.02236228 0.12029348 0.01594370
v -0.01925659 0.12763250 0.02161994
v 0.04393465 0.12566989 0.12314365
v 0.04585251 0.12467478 0.12314365
v 0.04609049 0.12455039 0.12314365
v 0.04865230 0.12282275 0.11479146
v 0.04863830 0.12265690 0.11095323
v 0.04859630 0.12247722 0.10703392
v 0.04855431 0.12226990 0.10311462
v 0.04847031 0.12182762 0.09533005
v 0.04875029 0.12144063 0.09165401
v 0.04810634 0.12148209 0.08749142
v 0.04779836 0.12131624 0.08357211
v 0.04747639 0.12115039 0.07970686
v 0.04709842 0.12095690 0.07581458
v 0.04666445 0.12076340 0.07192229
v 0.04602050 0.12044552 0.06643525
v 0.04453661 0.12134389 0.06786783
v 0.04571252 0.12029348 0.06411070
v 0.04518056 0.12003089 0.06013732
v 0.04463460 0.11972682 0.05621802
v 0.04386466 0.11953332 0.05251494
v 0.04421463 0.11869023 0.04851454
v 0.04133085 0.12007235 0.04851454
v 0.04026693 0.11983739 0.04464928
v 0.03822308 0.12051462 0.04329780
v 0.03633323 0.11994795 0.03635115
v 0.03651521 0.11918780 0.03299947
v 0.03392541 0.12029348 0.03299947
v 0.03246952 0.11993414 0.02910718
v 0.03244152 0.11898048 0.02518787
v 0.03028568 0.12041787 0.02748540
v 0.02957174 0.12012763 0.02518787
v 0.02824184 0.11967153 0.02126856
v 0.03046767 0.11231870 0.00083407
v 0.03207755 0.11088131 -0.00097692
v 0.03249752 0.10909839 -0.00476108
v 0.02847982 0.11860731 0.01761954
v 0.02860581 0.11737723 0.01375429
v 0.02740190 0.11692113 0.01080805
v 0.03379942 0.11220813 0.00448309
v 0.02868980 0.11593983 0.00932141
v 0.02997771 0.11639593 0.01234874
v 0.03253951 0.11437805 0.00942953
v 0.03099963 0.11259513 0.00213150
v 0.04095288 0.10779920 0.00210447
v 0.04189081 0.10844879 0.00526695
v 0.04329070 0.10940245 0.01018636
v 0.04599250 0.10871140 0.01245686
v 0.04858230 0.10609920 0.00926735
v 0.04827433 0.10786831 0.01380835
v 0.03637523 0.11013497 0.00213150
v 0.03896503 0.10883578 0.00213150
v 0.05222203 0.10680408 0.01761954
v 0.05212404 0.10788212 0.02094420
v 0.05611374 0.10550490 0.02151183
v 0.05839556 0.10500734 0.02516084
v 0.06119535 0.10421953 0.02937748
v 0.06034142 0.10359758 0.02516084
v 0.05985145 0.10275450 0.02110638
v 0.06220328 0.10119271 0.02175509
v 0.06284723 0.10171791 0.02513381
v 0.06543703 0.10061222 0.02824223
v 0.06785885 0.09891223 0.02924233
v 0.07025267 0.09721223 0.03024243
v 0.06973471 0.09681142 0.02745837
v 0.07469034 0.09404719 0.03318867
v 0.07078463 0.09761305 0.03316164
v 0.07326244 0.09636914 0.03675660
v 0.07660819 0.09215370 0.03318867
v 0.07714016 0.09263745 0.03683769
v 0.07901601 0.09070249 0.03678363
v 0.08021992 0.09161468 0.04510879
v 0.08238976 0.09021875 0.04870375
v 0.08474158 0.08833908 0.05210949
v 0.07834406 0.10137238 0.11079105
v 0.07844206 0.10145531 0.11468334
v 0.08247375 0.09755776 0.11468334
v 0.07854005 0.10151059 0.11857562
v 0.07861004 0.10156588 0.12254899
v 0.08265574 0.09765451 0.12252197
v 0.08265574 0.09766833 0.12314365
v 0.08219377 0.09383988 0.06778675
v 0.08569351 0.08941712 0.06389446
v 0.07576826 0.10287889 0.09522193
v 0.07604823 0.10312766 0.10297946
v 0.07495632 0.10182848 0.07567942
v 0.07309446 0.10397075 0.07954467
v 0.07655220 0.09986589 0.07167902
v 0.07463434 0.10162116 0.07167902
v 0.08048590 0.09565044 0.06778675
v 0.07851205 0.09753011 0.06775971
v 0.07138659 0.10569839 0.08338290
v 0.07359842 0.10437156 0.08884291
v 0.07371041 0.10446831 0.09135668
v 0.07617422 0.10323823 0.10687175
v 0.07628622 0.10333499 0.11079105
v 0.08541353 0.08908542 0.06000218
v 0.08523154 0.08889192 0.05786682
v 0.04870829 0.12314063 0.12314365
v 0.04870829 0.12312681 0.12268414
v 0.04868030 0.12297478 0.11871076
v 0.05160608 0.12120567 0.11479146
v 0.05145209 0.12110893 0.11092621
v 0.05127010 0.12102600 0.10703392
v 0.05080814 0.12081869 0.09919531
v 0.05041617 0.12065283 0.09308657
v 0.05024818 0.12056990 0.09046469
v 0.05003819 0.12045933 0.08749142
v 0.04974422 0.12030731 0.08357211
v 0.04942224 0.12014145 0.07970686
v 0.04904427 0.11994795 0.07581458
v 0.04862430 0.11974064 0.07192229
v 0.04782636 0.11967153 0.06784081
v 0.04812034 0.11904959 0.06411070
v 0.04813434 0.11849674 0.06013732
v 0.04849831 0.11765365 0.05583960
v 0.04778437 0.11746016 0.05224464
v 0.04721041 0.11712845 0.04851454
v 0.04666445 0.11686585 0.04556829
v 0.04457861 0.11769511 0.04443305
v 0.04245077 0.11671382 0.03408065
v 0.04047692 0.11809593 0.03637818
v 0.04064490 0.11733577 0.03310759
v 0.03644522 0.11833089 0.02943154
v 0.03244152 0.11797154 0.02121450
v 0.03297348 0.11172440 0.00213150
v 0.03241352 0.11707317 0.01791687
v 0.03106962 0.11681056 0.01513281
v 0.03545130 0.11306504 0.00940250
v 0.03832108 0.11253985 0.01180815
v 0.03610924 0.11146179 0.00556428
v 0.03244152 0.11581545 0.01375429
v 0.03678119 0.11378374 0.01345696
v 0.03990296 0.10948537 0.00526695
v 0.04050491 0.11195936 0.01345696
v 0.04455061 0.10995529 0.01383538
v 0.04758838 0.10952684 0.01764657
v 0.04956223 0.10839350 0.01764657
v 0.05019218 0.10864229 0.01953865
v 0.05079414 0.10897399 0.02197133
v 0.05247401 0.10995529 0.02918827
v 0.05465785 0.10893253 0.03032352
v 0.05716366 0.10803416 0.03305352
v 0.05924950 0.10561547 0.02940451
v 0.06171332 0.10456506 0.03191828
v 0.06358918 0.10344555 0.03302650
v 0.06400914 0.10210490 0.02953966
v 0.06634697 0.10128946 0.03313462
v 0.06833482 0.09965857 0.03313462
v 0.07523630 0.09448947 0.03681066
v 0.06883878 0.10012849 0.03667551
v 0.07134459 0.09802768 0.03672957
v 0.07016867 0.10112361 0.04554126
v 0.07245050 0.09982442 0.04854157
v 0.07435436 0.09730898 0.04497364
v 0.07673418 0.09596833 0.04862265
v 0.07625822 0.09555370 0.04505473
v 0.07740614 0.09288622 0.03881086
v 0.07821807 0.09367402 0.04510879
v 0.08063989 0.09208460 0.04870375
v 0.08271173 0.09053663 0.05205543
v 0.07637021 0.10341790 0.11468334
v 0.07644020 0.10350084 0.11857562
v 0.07651020 0.10358376 0.12314365
v 0.07861004 0.10157970 0.12314365
v 0.08189979 0.09352199 0.06389446
v 0.07386440 0.10459271 0.09524895
v 0.07400439 0.10471709 0.09911421
v 0.07414438 0.10482766 0.10300650
v 0.07281448 0.10376343 0.07567942
v 0.07116261 0.10551872 0.07957171
v 0.07089663 0.10532522 0.07567942
v 0.07623022 0.09961711 0.06773269
v 0.07431237 0.10137238 0.06773269
v 0.07250650 0.10352847 0.07167902
v 0.08017792 0.09534638 0.06392149
v 0.07819007 0.09726752 0.06392149
v 0.06868479 0.10748131 0.07959874
v 0.06892277 0.10764716 0.08343697
v 0.06913276 0.10779920 0.08738330
v 0.06934274 0.10795123 0.09138370
v 0.07194654 0.10557400 0.08743736
v 0.07165257 0.10637563 0.09527599
v 0.07427037 0.10493824 0.10689877
v 0.07438236 0.10503498 0.11081809
v 0.07446636 0.10511790 0.11468334
v 0.08360767 0.09102037 0.06000218
v 0.05206804 0.12127478 0.12314365
v 0.05184406 0.12138535 0.12268414
v 0.05339794 0.12018291 0.11476443
v 0.05324395 0.12009999 0.11089917
v 0.05306197 0.12000324 0.10700690
v 0.05285198 0.11990649 0.10308758
v 0.05261400 0.11979593 0.09919531
v 0.05187206 0.11972682 0.09162697
v 0.05239002 0.11967153 0.09530301
v 0.05219403 0.11925690 0.08749142
v 0.05215204 0.11896665 0.08354509
v 0.05209604 0.11866260 0.07970686
v 0.05205404 0.11828942 0.07581458
v 0.05202604 0.11787479 0.07189527
v 0.05141009 0.11723902 0.06408366
v 0.05090613 0.11697642 0.06013732
v 0.05225003 0.11730812 0.06832734
v 0.05047216 0.11674145 0.05694782
v 0.05008019 0.11653414 0.05427187
v 0.04978621 0.11636829 0.05221761
v 0.04919826 0.11606422 0.04848751
v 0.04806434 0.11588455 0.04443305
v 0.04828833 0.11412927 0.03637818
v 0.04481659 0.11595365 0.03635115
v 0.04396265 0.11571869 0.03310759
v 0.04204480 0.11647886 0.03226966
v 0.03932900 0.11703170 0.02948560
v 0.03858706 0.11674145 0.02699886
v 0.03645922 0.11729430 0.02540411
v 0.03501732 0.11685202 0.02118747
v 0.03451336 0.11656178 0.01926836
v 0.03372943 0.11623007 0.01697083
v 0.03924501 0.11296829 0.01461924
v 0.04260475 0.11266423 0.01899806
v 0.04187681 0.11229106 0.01667350
v 0.03608125 0.11546992 0.01791687
v 0.04413064 0.11146179 0.01775469
v 0.04515256 0.11194553 0.02121450
v 0.04863830 0.10992765 0.02094420
v 0.04929625 0.11194553 0.02956669
v 0.04998220 0.11227724 0.03221560
v 0.05180206 0.11142033 0.03310759
v 0.05517581 0.10931952 0.03305352
v 0.06024343 0.10589189 0.03299947
v 0.05567977 0.10974798 0.03645927
v 0.05768162 0.10844879 0.03648630
v 0.06003344 0.10685936 0.03651333
v 0.06213329 0.10485530 0.03405363
v 0.06445711 0.10366669 0.03659442
v 0.06687893 0.10174555 0.03664848
v 0.06787285 0.10276831 0.04456820
v 0.06825083 0.10337645 0.04854157
v 0.07057465 0.10145531 0.04851454
v 0.07483033 0.09770979 0.04859562
v 0.07095262 0.10178702 0.05208246
v 0.07282848 0.10014230 0.05205543
v 0.07865204 0.09410248 0.04867672
v 0.07701416 0.09623093 0.05129860
v 0.08093387 0.09241630 0.05200137
v 0.08160581 0.09316264 0.06000218
v 0.07462034 0.10526994 0.12314365
v 0.07179256 0.10673497 0.10300650
v 0.07058865 0.10510409 0.07170606
v 0.06841881 0.10727400 0.07570646
v 0.07217053 0.10327970 0.06773269
v 0.07589425 0.09935450 0.06389446
v 0.07396239 0.10110978 0.06389446
v 0.07026667 0.10486913 0.06775971
v 0.07982795 0.09501467 0.06002921
v 0.07784010 0.09699109 0.06002921
v 0.06669694 0.10901545 0.07962577
v 0.06693492 0.10919513 0.08346399
v 0.06714491 0.10934716 0.08741034
v 0.06734089 0.10949920 0.09141074
v 0.06752287 0.10963741 0.09530301
v 0.06951072 0.10807563 0.09530301
v 0.07191854 0.10684554 0.10692581
v 0.07204454 0.10694229 0.11084511
v 0.07214253 0.10702522 0.11471036
v 0.07222653 0.10709432 0.11862968
v 0.07232452 0.10716343 0.12314365
v 0.05364992 0.12034877 0.12314365
v 0.05363592 0.12034877 0.12268414
v 0.05352393 0.12026584 0.11868374
v 0.05609974 0.11852438 0.11476443
v 0.05607174 0.11837235 0.11089917
v 0.05604374 0.11820649 0.10700690
v 0.05598775 0.11801300 0.10308758
v 0.05595975 0.11779186 0.09916827
v 0.05572177 0.11744634 0.09141074
v 0.05545578 0.11732194 0.08746439
v 0.05518981 0.11716992 0.08351805
v 0.05489583 0.11701788 0.07967983
v 0.05454586 0.11683821 0.07581458
v 0.05394390 0.11652032 0.06978695
v 0.05367792 0.11635447 0.06721911
v 0.05332795 0.11614715 0.06408366
v 0.05283798 0.11585691 0.06013732
v 0.05190006 0.11573252 0.05581256
v 0.05208204 0.11505529 0.05221761
v 0.05206804 0.11443333 0.04851454
v 0.05232002 0.11353496 0.04467631
v 0.05134009 0.11325854 0.04051373
v 0.05031817 0.11252602 0.03405363
v 0.04851231 0.11330000 0.03308055
v 0.04733640 0.11302358 0.02953966
v 0.04428463 0.11462683 0.02951263
v 0.04317871 0.11298212 0.02118747
v 0.04040692 0.11436423 0.02118747
v 0.04127486 0.11611951 0.02948560
v 0.03778912 0.11636829 0.02413371
v 0.03700517 0.11595365 0.02118747
v 0.04049091 0.11332765 0.01775469
v 0.04443862 0.11341057 0.02524193
v 0.04582451 0.11230488 0.02386341
v 0.04805035 0.11146179 0.02529599
v 0.05258600 0.11166911 0.03640521
v 0.05378991 0.11238780 0.04332483
v 0.05577776 0.11142033 0.04470334
v 0.05843756 0.10901545 0.04154086
v 0.06251126 0.10513172 0.03654036
v 0.06092937 0.10799269 0.04475740
v 0.06505906 0.10412279 0.04059482
v 0.06554903 0.10442685 0.04359512
v 0.06599700 0.10468945 0.04629810
v 0.06630497 0.10489676 0.04854157
v 0.06869879 0.10369433 0.05216355
v 0.06913276 0.10402604 0.05610989
v 0.06942673 0.10423335 0.05883990
v 0.06969271 0.10444067 0.06143475
v 0.07182056 0.10300328 0.06389446
v 0.07359842 0.10080572 0.06002921
v 0.06994470 0.10842115 0.10695283
v 0.06962272 0.10815854 0.09814114
v 0.06811083 0.10705287 0.07173308
v 0.06643096 0.10880814 0.07576052
v 0.06993070 0.10462034 0.06392149
v 0.06777486 0.10680408 0.06778675
v 0.06405114 0.11099188 0.07965280
v 0.06428912 0.11117156 0.08349103
v 0.06451311 0.11133741 0.08743736
v 0.06473709 0.11148944 0.09141074
v 0.06493307 0.11161383 0.09533005
v 0.06526905 0.11183496 0.10306056
v 0.06771887 0.10994147 0.10306056
v 0.07005669 0.10853172 0.11087215
v 0.07015468 0.10862847 0.11471036
v 0.07023868 0.10871140 0.11862968
v 0.07032267 0.10878050 0.12265711
v 0.07057465 0.10858701 0.12314365
v 0.05616973 0.11878698 0.12314365
v 0.05616973 0.11877317 0.12265711
v 0.05612774 0.11866260 0.11865672
v 0.05866155 0.11687967 0.11473740
v 0.05853555 0.11679674 0.11087215
v 0.05836757 0.11671382 0.10697987
v 0.05818558 0.11661707 0.10306056
v 0.05798960 0.11650649 0.09916827
v 0.05770962 0.11635447 0.09384341
v 0.05626773 0.11734959 0.09519489
v 0.05756963 0.11628536 0.09138370
v 0.05731765 0.11616097 0.08743736
v 0.05705167 0.11600894 0.08351805
v 0.05677169 0.11584309 0.07967983
v 0.05643571 0.11566341 0.07581458
v 0.05605774 0.11545610 0.07186823
v 0.05546978 0.11540082 0.06827328
v 0.05587575 0.11459919 0.06408366
v 0.05590375 0.11401870 0.06016435
v 0.05528780 0.11313414 0.05221761
v 0.05472784 0.11284391 0.04854157
v 0.05427987 0.11263659 0.04602780
v 0.05892753 0.10936098 0.04475740
v 0.05667369 0.11162765 0.04856859
v 0.06312721 0.10554636 0.04056779
v 0.06000544 0.10948537 0.04891998
v 0.06186731 0.10850407 0.05035256
v 0.06412114 0.10573985 0.04486552
v 0.06675293 0.10521466 0.05221761
v 0.06717290 0.10553253 0.05616395
v 0.06790085 0.10561547 0.06016435
v 0.06718691 0.10677644 0.06421882
v 0.06774686 0.11014879 0.10697987
v 0.06610899 0.10858701 0.07176011
v 0.06333719 0.11104716 0.07540913
v 0.06577301 0.10833822 0.06781377
v 0.06182531 0.11224960 0.07651735
v 0.06206329 0.11240163 0.07967983
v 0.06231527 0.11256748 0.08349103
v 0.06255325 0.11273333 0.08743736
v 0.06277724 0.11287155 0.09141074
v 0.06297322 0.11298212 0.09530301
v 0.06330919 0.11321708 0.10306056
v 0.06347718 0.11331382 0.10697987
v 0.06557703 0.11202846 0.11089917
v 0.06776086 0.11032846 0.11087215
v 0.06776086 0.11049432 0.11473740
v 0.06739689 0.11093660 0.11862968
v 0.06788685 0.11070164 0.12268414
v 0.06818083 0.11048050 0.12314365
v 0.07033667 0.10878050 0.12314365
v 0.05649171 0.11857966 0.12314365
v 0.05889953 0.11701788 0.12265711
v 0.05878754 0.11694877 0.11865672
v 0.06074739 0.11567724 0.11865672
v 0.06063540 0.11559430 0.11473740
v 0.06050940 0.11551138 0.11087215
v 0.06035542 0.11541463 0.10697987
v 0.06018743 0.11531788 0.10306056
v 0.05943149 0.11533171 0.09519489
v 0.05976746 0.11486179 0.09141074
v 0.05976746 0.11458537 0.08743736
v 0.05975346 0.11428130 0.08349103
v 0.05972547 0.11394959 0.07967983
v 0.06006144 0.11328619 0.07543615
v 0.05945949 0.11328619 0.07184121
v 0.05908151 0.11306504 0.06792189
v 0.05866155 0.11283009 0.06408366
v 0.05821358 0.11255366 0.06019138
v 0.05790560 0.11237399 0.05778574
v 0.05720566 0.11194553 0.05224464
v 0.05985145 0.11019026 0.05227167
v 0.06017343 0.11125447 0.06021841
v 0.06258125 0.10894635 0.05621802
v 0.06406514 0.10720489 0.05227167
v 0.06501707 0.10781302 0.06024544
v 0.06559102 0.10818619 0.06565139
v 0.06533905 0.10802034 0.06321872
v 0.06360317 0.11042522 0.07178715
v 0.06160133 0.11211138 0.07386843
v 0.06358918 0.10994147 0.06786783
v 0.05999145 0.11520731 0.09916827
v 0.06361718 0.11339675 0.11089917
v 0.06372916 0.11347967 0.11473740
v 0.06575901 0.11215285 0.11727820
v 0.06589900 0.11223578 0.12268414
v 0.06766287 0.11088131 0.12314365
v 0.05891353 0.11701788 0.12314365
v 0.06085938 0.11574634 0.12314365
v 0.06385516 0.11367317 0.12268414
v 0.06140534 0.11200082 0.07181417
v 0.06102737 0.11177968 0.06789485
v 0.06062140 0.11153089 0.06408366
v 0.05947348 0.11110245 0.05635316
v 0.06305722 0.10925041 0.06024544
v 0.06386915 0.10926424 0.06429991
v 0.06420513 0.11328619 0.11862968
v 0.06409314 0.11352114 0.12314365
v 0.06589900 0.11223578 0.12314365
v 0.06385516 0.11368700 0.12314365
f 1 2 6
f 1 6 12
f 1 12 21
f 1 21 35
f 1 35 36
f 1 36 50
f 1 50 73
f 1 73 95
f 1 95 137
f 1 137 193
f 1 193 258
f 1 258 331
f 1 331 430
f 1 430 558
f 1 558 557
f 1 557 689
f 1 689 688
f 1 688 824
f 1 824 963
f 1 963 962
f 1 962 1125
f 1 1125 1124
f 1 1124 1299
f 1 1299 1298
f 1 1298 1463
f 1 1463 1462
f 1 1462 1623
f 1 1623 1785
f 1 1785 1933
f 1 1933 1932
f 1 1932 1931
f 1 1931 2087
f 1 2087 2085
f 1 2085 2225
f 1 2225 2338
f 1 2338 2337
f 1 2337 2336
f 1 2336 2335
f 1 2335 2446
f 1 2446 2530
f 1 2530 2529
f 1 2529 2613
f 1 2613 2633
f 1 2633 2702
f 1 2702 2753
f 1 2753 2752
f 1 2752 2789
f 1 2789 2801
f 1 2801 2800
f 1 2800 2802
f 1 2802 2791
f 1 2791 2790
f 1 2790 2754
f 1 2754 2703
f 1 2703 2634
f 1 2634 2553
f 1 2553 2464
f 1 2464 2369
f 1 2369 2368
f 1 2368 2367
f 1 2367 2256
f 1 2256 2130
f 1 2130 1976
f 1 1976 1824
f 1 1824 1975
f 1 1975 1974
f 1 1974 1822
f 1 1822 1661
f 1 1661 1505
f 1 1505 1346
f 1 1346 1179
f 1 1179 1178
f 1 1178 1177
f 1 1177 1009
f 1 1009 862
f 1 862 861
f 1 861 728
f 1 728 727
f 1 727 600
f 1 600 476
f 1 476 371
f 1 371 288
f 1 288 216
f 1 216 158
f 1 158 152
f 1 152 110
f 1 110 74
f 1 74 52
f 1 52 37
f 1 37 23
f 1 23 13
f 1 13 7
f 1 7 3
f 1 3 8
f 1 8 14
f 1 14 24
f 1 24 40
f 1 40 60
f 1 60 90
f 1 90 132
f 1 132 186
f 1 186 252
f 1 252 325
f 1 325 422
f 1 422 421
f 1 421 542
f 1 542 671
f 1 671 673
f 1 673 672
f 1 672 675
f 1 675 809
f 1 809 941
f 1 941 944
f 1 944 943
f 1 943 942
f 1 942 1102
f 1 1102 1272
f 1 1272 1275
f 1 1275 1449
f 1 1449 1608
f 1 1608 1468
f 1 1468 1467
f 1 1467 1466
f 1 1466 1465
f 1 1465 1300
f 1 1300 1127
f 1 1127 1126
f 1 1126 965
f 1 965 964
f 1 964 826
f 1 826 825
f 1 825 690
f 1 690 559
f 1 559 431
f 1 431 334
f 1 334 333
f 1 333 332
f 1 332 259
f 1 259 194
f 1 194 138
f 1 138 96
f 1 96 65
f 1 65 64
f 1 64 44
f 1 44 29
f 1 29 28
f 1 28 27
f 1 27 18
f 1 18 15
f 1 15 9
f 1 9 4
f 1 4 5
f 1 5 2
f 2 5 6
f 3 7 8
f 4 9 10
f 4 10 11
f 4 11 5
f 5 11 12
f 5 12 6
f 7 13 14
f 7 14 8
f 9 15 10
f 10 16 17
f 10 17 11
f 10 15 18
f 10 18 19
f 10 19 20
f 10 20 16
f 11 17 12
f 12 17 22
f 12 22 21
f 13 23 38
f 13 38 55
f 13 55 76
f 13 76 113
f 13 113 155
f 13 155 211
f 13 211 282
f 13 282 281
f 13 281 365
f 13 365 467
f 13 467 466
f 13 466 465
f 13 465 464
f 13 464 598
f 13 598 597
f 13 597 596
f 13 596 595
f 13 595 725
f 13 725 724
f 13 724 723
f 13 723 859
f 13 859 860
f 13 860 1008
f 13 1008 1007
f 13 1007 1175
f 13 1175 1176
f 13 1176 1345
f 13 1345 1504
f 13 1504 1660
f 13 1660 1659
f 13 1659 1819
f 13 1819 1818
f 13 1818 1821
f 13 1821 1973
f 13 1973 2127
f 13 2127 2129
f 13 2129 2255
f 13 2255 2254
f 13 2254 2366
f 13 2366 2295
f 13 2295 2294
f 13 2294 2165
f 13 2165 2016
f 13 2016 2015
f 13 2015 1863
f 13 1863 1862
f 13 1862 1861
f 13 1861 1708
f 13 1708 1707
f 13 1707 1706
f 13 1706 1704
f 13 1704 1703
f 13 1703 1702
f 13 1702 1543
f 13 1543 1542
f 13 1542 1389
f 13 1389 1218
f 13 1218 1044
f 13 1044 890
f 13 890 755
f 13 755 754
f 13 754 750
f 13 750 623
f 13 623 622
f 13 622 488
f 13 488 382
f 13 382 296
f 13 296 294
f 13 294 220
f 13 220 165
f 13 165 119
f 13 119 80
f 13 80 56
f 13 56 39
f 13 39 24
f 13 24 14
f 16 20 25
f 16 25 17
f 17 26 22
f 17 25 26
f 18 27 19
f 19 27 28
f 19 28 29
f 19 29 30
f 19 30 31
f 19 31 32
f 19 32 20
f 20 32 33
f 20 33 34
f 20 34 25
f 21 22 35
f 22 26 36
f 22 36 35
f 23 37 38
f 24 39 57
f 24 57 82
f 24 82 81
f 24 81 121
f 24 121 120
f 24 120 167
f 24 167 166
f 24 166 222
f 24 222 221
f 24 221 295
f 24 295 380
f 24 380 483
f 24 483 617
f 24 617 742
f 24 742 880
f 24 880 1029
f 24 1029 1198
f 24 1198 1365
f 24 1365 1220
f 24 1220 1048
f 24 1048 895
f 24 895 759
f 24 759 628
f 24 628 491
f 24 491 384
f 24 384 297
f 24 297 223
f 24 223 168
f 24 168 122
f 24 122 83
f 24 83 58
f 24 58 40
f 25 34 41
f 25 41 42
f 25 42 43
f 25 43 26
f 26 43 36
f 29 44 45
f 29 45 30
f 30 45 31
f 31 45 46
f 31 46 47
f 31 47 33
f 31 33 32
f 33 47 48
f 33 48 49
f 33 49 41
f 33 41 34
f 36 43 51
f 36 51 50
f 37 52 53
f 37 53 54
f 37 54 55
f 37 55 38
f 39 56 57
f 40 58 59
f 40 59 60
f 41 61 42
f 41 49 61
f 42 61 62
f 42 62 43
f 43 63 51
f 43 62 63
f 44 64 45
f 45 64 65
f 45 65 66
f 45 66 67
f 45 67 46
f 46 68 47
f 46 67 69
f 46 69 68
f 47 68 48
f 48 70 49
f 48 68 71
f 48 71 70
f 49 70 72
f 49 72 61
f 50 51 73
f 51 63 73
f 52 74 53
f 53 75 54
f 53 74 75
f 54 76 55
f 54 75 77
f 54 77 78
f 54 78 79
f 54 79 113
f 54 113 76
f 56 80 81
f 56 81 82
f 56 82 57
f 58 83 84
f 58 84 85
f 58 85 86
f 58 86 59
f 59 86 87
f 59 87 88
f 59 88 89
f 59 89 90
f 59 90 60
f 61 91 62
f 61 72 92
f 61 92 91
f 62 91 93
f 62 93 63
f 63 94 95
f 63 95 73
f 63 93 94
f 65 96 97
f 65 97 66
f 66 97 98
f 66 98 67
f 67 98 99
f 67 99 69
f 68 69 71
f 69 99 100
f 69 100 71
f 70 101 102
f 70 102 72
f 70 71 103
f 70 103 104
f 70 104 105
f 70 105 101
f 71 100 106
f 71 106 107
f 71 107 108
f 71 108 109
f 71 109 103
f 72 102 92
f 74 110 111
f 74 111 112
f 74 112 77
f 74 77 75
f 77 112 114
f 77 114 115
f 77 115 116
f 77 116 78
f 78 116 79
f 79 116 117
f 79 117 118
f 79 118 113
f 80 119 120
f 80 120 121
f 80 121 81
f 83 122 123
f 83 123 84
f 84 123 124
f 84 124 125
f 84 125 126
f 84 126 127
f 84 127 128
f 84 128 129
f 84 129 85
f 85 129 88
f 85 88 87
f 85 87 86
f 88 129 130
f 88 130 131
f 88 131 89
f 89 131 90
f 90 131 132
f 91 133 134
f 91 134 93
f 91 92 135
f 91 135 133
f 92 102 135
f 93 134 94
f 94 136 137
f 94 137 95
f 94 134 136
f 96 138 97
f 97 138 139
f 97 139 98
f 98 139 140
f 98 140 141
f 98 141 99
f 99 141 100
f 100 141 142
f 100 142 143
f 100 143 106
f 101 144 102
f 101 105 145
f 101 145 146
f 101 146 147
f 101 147 144
f 102 144 135
f 103 109 105
f 103 105 104
f 105 109 107
f 105 107 148
f 105 148 145
f 106 143 142
f 106 142 149
f 106 149 150
f 106 150 107
f 107 151 148
f 107 109 108
f 107 150 151
f 110 152 111
f 111 153 114
f 111 114 112
f 111 152 153
f 113 118 154
f 113 154 155
f 114 156 157
f 114 157 115
f 114 153 158
f 114 158 156
f 115 159 116
f 115 157 160
f 115 160 161
f 115 161 162
f 115 162 163
f 115 163 159
f 116 159 117
f 117 159 164
f 117 164 118
f 118 164 163
f 118 163 154
f 119 165 166
f 119 166 167
f 119 167 120
f 122 168 169
f 122 169 170
f 122 170 171
f 122 171 172
f 122 172 173
f 122 173 123
f 123 173 124
f 124 173 174
f 124 174 175
f 124 175 125
f 125 175 176
f 125 176 177
f 125 177 126
f 126 177 178
f 126 178 179
f 126 179 180
f 126 180 181
f 126 181 182
f 126 182 127
f 127 183 130
f 127 130 128
f 127 182 184
f 127 184 183
f 128 130 129
f 130 183 131
f 131 183 185
f 131 185 186
f 131 186 132
f 133 187 188
f 133 188 189
f 133 189 134
f 133 135 187
f 134 189 136
f 135 144 190
f 135 190 191
f 135 191 187
f 136 192 137
f 136 189 192
f 137 192 193
f 138 194 139
f 139 194 195
f 139 195 140
f 140 195 196
f 140 196 141
f 141 196 197
f 141 197 198
f 141 198 142
f 142 198 149
f 144 147 199
f 144 199 200
f 144 200 190
f 145 148 146
f 146 201 199
f 146 199 147
f 146 148 202
f 146 202 203
f 146 203 201
f 148 151 202
f 149 198 204
f 149 204 205
f 149 205 150
f 150 205 206
f 150 206 151
f 151 206 207
f 151 207 208
f 151 208 203
f 151 203 202
f 152 158 153
f 154 163 209
f 154 209 210
f 154 210 211
f 154 211 155
f 156 212 213
f 156 213 214
f 156 214 157
f 156 158 215
f 156 215 212
f 157 214 160
f 158 216 215
f 159 163 164
f 160 214 217
f 160 217 161
f 161 217 218
f 161 218 162
f 162 218 293
f 162 293 219
f 162 219 209
f 162 209 163
f 165 220 221
f 165 221 222
f 165 222 166
f 168 223 224
f 168 224 225
f 168 225 226
f 168 226 227
f 168 227 228
f 168 228 229
f 168 229 230
f 168 230 231
f 168 231 232
f 168 232 233
f 168 233 169
f 169 233 232
f 169 232 234
f 169 234 170
f 170 234 235
f 170 235 236
f 170 236 171
f 171 236 172
f 172 236 173
f 173 236 174
f 174 236 237
f 174 237 238
f 174 238 175
f 175 238 239
f 175 239 240
f 175 240 176
f 176 240 241
f 176 241 177
f 177 241 178
f 178 241 179
f 179 241 242
f 179 242 181
f 179 181 180
f 181 243 244
f 181 244 182
f 181 242 245
f 181 245 246
f 181 246 247
f 181 247 248
f 181 248 249
f 181 249 243
f 182 244 250
f 182 250 184
f 183 184 251
f 183 251 185
f 184 250 251
f 185 251 252
f 185 252 186
f 187 191 253
f 187 253 254
f 187 254 255
f 187 255 188
f 188 255 192
f 188 192 189
f 190 200 256
f 190 256 253
f 190 253 191
f 192 257 258
f 192 258 193
f 192 255 257
f 194 259 195
f 195 259 260
f 195 260 261
f 195 261 196
f 196 261 262
f 196 262 197
f 197 262 198
f 198 262 263
f 198 263 264
f 198 264 265
f 198 265 266
f 198 266 204
f 199 201 267
f 199 267 200
f 200 268 256
f 200 267 269
f 200 269 268
f 201 203 267
f 203 270 267
f 203 208 270
f 204 266 271
f 204 271 205
f 205 271 272
f 205 272 206
f 206 272 273
f 206 273 207
f 207 274 208
f 207 273 274
f 208 274 275
f 208 275 276
f 208 276 270
f 209 219 277
f 209 277 278
f 209 278 210
f 210 278 279
f 210 279 280
f 210 280 281
f 210 281 282
f 210 282 211
f 212 215 283
f 212 283 284
f 212 284 285
f 212 285 286
f 212 286 213
f 213 286 214
f 214 287 217
f 214 286 287
f 215 216 288
f 215 288 283
f 217 287 289
f 217 289 290
f 217 290 291
f 217 291 218
f 218 291 292
f 218 292 293
f 219 293 277
f 220 294 221
f 221 294 296
f 221 296 295
f 223 297 298
f 223 298 224
f 224 298 299
f 224 299 225
f 225 299 300
f 225 300 226
f 226 300 301
f 226 301 227
f 227 301 302
f 227 302 303
f 227 303 229
f 227 229 228
f 229 303 304
f 229 304 231
f 229 231 230
f 231 304 232
f 232 304 305
f 232 305 306
f 232 306 307
f 232 307 234
f 234 307 235
f 235 307 308
f 235 308 309
f 235 309 236
f 236 309 237
f 237 309 239
f 237 239 238
f 239 309 310
f 239 310 311
f 239 311 240
f 240 311 312
f 240 312 241
f 241 312 313
f 241 313 314
f 241 314 242
f 242 314 315
f 242 315 245
f 243 249 316
f 243 316 244
f 244 316 250
f 245 315 317
f 245 317 246
f 246 317 247
f 247 317 318
f 247 318 319
f 247 319 248
f 248 320 321
f 248 321 249
f 248 319 322
f 248 322 320
f 249 321 316
f 250 316 323
f 250 323 324
f 250 324 251
f 251 324 252
f 252 324 325
f 253 326 254
f 253 256 327
f 253 327 328
f 253 328 329
f 253 329 326
f 254 326 255
f 255 326 330
f 255 330 257
f 256 268 327
f 257 331 258
f 257 330 331
f 259 332 260
f 260 332 333
f 260 333 334
f 260 334 335
f 260 335 336
f 260 336 263
f 260 263 337
f 260 337 261
f 261 337 263
f 261 263 262
f 263 336 338
f 263 338 264
f 264 338 339
f 264 339 340
f 264 340 341
f 264 341 342
f 264 342 266
f 264 266 265
f 266 342 271
f 267 270 343
f 267 343 269
f 268 269 344
f 268 344 327
f 269 343 345
f 269 345 346
f 269 346 344
f 270 276 347
f 270 347 343
f 271 348 272
f 271 342 349
f 271 349 348
f 272 348 273
f 273 348 350
f 273 350 351
f 273 351 352
f 273 352 274
f 274 352 353
f 274 353 275
f 275 353 354
f 275 354 355
f 275 355 276
f 276 356 347
f 276 355 357
f 276 357 356
f 277 293 358
f 277 358 359
f 277 359 360
f 277 360 279
f 277 279 278
f 279 361 280
f 279 360 362
f 279 362 361
f 280 361 363
f 280 363 364
f 280 364 365
f 280 365 281
f 283 288 284
f 284 288 366
f 284 366 367
f 284 367 368
f 284 368 285
f 285 368 369
f 285 369 286
f 286 369 287
f 287 370 289
f 287 369 370
f 288 371 366
f 289 370 372
f 289 372 373
f 289 373 374
f 289 374 290
f 290 375 376
f 290 376 377
f 290 377 291
f 290 374 375
f 291 377 292
f 292 377 378
f 292 378 379
f 292 379 293
f 293 379 358
f 295 296 381
f 295 381 380
f 296 382 383
f 296 383 381
f 297 384 385
f 297 385 298
f 298 385 386
f 298 386 299
f 299 386 387
f 299 387 388
f 299 388 389
f 299 389 390
f 299 390 391
f 299 391 392
f 299 392 393
f 299 393 394
f 299 394 300
f 300 394 302
f 300 302 301
f 302 305 303
f 302 394 395
f 302 395 396
f 302 396 397
f 302 397 398
f 302 398 305
f 303 305 304
f 305 398 399
f 305 399 306
f 306 399 307
f 307 399 400
f 307 400 308
f 308 400 401
f 308 401 402
f 308 402 309
f 309 402 403
f 309 403 310
f 310 403 311
f 311 403 404
f 311 404 405
f 311 405 312
f 312 405 406
f 312 406 313
f 313 407 408
f 313 408 409
f 313 409 410
f 313 410 411
f 313 411 314
f 313 406 407
f 314 411 412
f 314 412 315
f 315 412 413
f 315 413 317
f 316 321 414
f 316 414 323
f 317 413 415
f 317 415 318
f 318 415 319
f 319 415 416
f 319 416 322
f 320 417 414
f 320 414 321
f 320 322 418
f 320 418 417
f 322 416 419
f 322 419 420
f 322 420 418
f 323 414 421
f 323 421 422
f 323 422 325
f 323 325 324
f 326 423 330
f 326 329 423
f 327 344 328
f 328 344 424
f 328 424 425
f 328 425 426
f 328 426 329
f 329 426 427
f 329 427 423
f 330 423 427
f 330 427 428
f 330 428 429
f 330 429 331
f 331 429 430
f 334 431 432
f 334 432 335
f 335 432 433
f 335 433 336
f 336 433 338
f 338 433 339
f 339 433 561
f 339 561 434
f 339 434 340
f 340 434 435
f 340 435 341
f 341 436 342
f 341 435 437
f 341 437 438
f 341 438 436
f 342 436 349
f 343 347 356
f 343 356 439
f 343 439 345
f 344 346 424
f 345 440 346
f 345 439 441
f 345 441 440
f 346 440 442
f 346 442 424
f 348 349 443
f 348 443 444
f 348 444 350
f 349 436 443
f 350 444 351
f 351 444 445
f 351 445 446
f 351 446 352
f 352 446 447
f 352 447 353
f 353 447 448
f 353 448 354
f 354 448 449
f 354 449 357
f 354 357 355
f 356 357 439
f 357 450 439
f 357 449 451
f 357 451 450
f 358 379 452
f 358 452 453
f 358 453 359
f 359 454 455
f 359 455 456
f 359 456 457
f 359 457 362
f 359 362 458
f 359 458 360
f 359 453 454
f 360 458 362
f 361 459 364
f 361 364 363
f 361 362 459
f 362 460 461
f 362 461 459
f 362 457 456
f 362 456 460
f 364 459 460
f 364 460 462
f 364 462 463
f 364 463 464
f 364 464 465
f 364 465 466
f 364 466 467
f 364 467 365
f 366 468 367
f 366 371 468
f 367 468 469
f 367 469 470
f 367 470 368
f 368 470 471
f 368 471 369
f 369 471 472
f 369 472 473
f 369 473 370
f 370 474 475
f 370 475 372
f 370 473 474
f 371 476 468
f 372 475 477
f 372 477 373
f 373 477 375
f 373 375 374
f 375 477 376
f 376 477 478
f 376 478 377
f 377 478 378
f 378 478 479
f 378 479 480
f 378 480 481
f 378 481 482
f 378 482 452
f 378 452 379
f 380 381 383
f 380 383 484
f 380 484 485
f 380 485 486
f 380 486 487
f 380 487 483
f 382 488 383
f 383 488 489
f 383 489 490
f 383 490 485
f 383 485 484
f 384 491 492
f 384 492 493
f 384 493 494
f 384 494 495
f 384 495 496
f 384 496 497
f 384 497 385
f 385 497 498
f 385 498 499
f 385 499 386
f 386 499 389
f 386 389 388
f 386 388 387
f 389 499 498
f 389 498 500
f 389 500 501
f 389 501 502
f 389 502 503
f 389 503 504
f 389 504 390
f 390 504 505
f 390 505 391
f 391 505 506
f 391 506 392
f 392 506 507
f 392 507 393
f 393 507 508
f 393 508 509
f 393 509 510
f 393 510 511
f 393 511 512
f 393 512 395
f 393 395 394
f 395 512 513
f 395 513 397
f 395 397 514
f 395 514 396
f 396 514 397
f 397 515 516
f 397 516 398
f 397 513 517
f 397 517 518
f 397 518 519
f 397 519 520
f 397 520 521
f 397 521 515
f 398 516 399
f 399 516 400
f 400 516 515
f 400 515 522
f 400 522 401
f 401 522 523
f 401 523 524
f 401 524 525
f 401 525 403
f 401 403 402
f 403 525 404
f 404 525 526
f 404 526 406
f 404 406 405
f 406 526 527
f 406 527 407
f 407 527 408
f 408 527 528
f 408 528 529
f 408 529 530
f 408 530 531
f 408 531 532
f 408 532 533
f 408 533 534
f 408 534 409
f 409 535 410
f 409 534 535
f 410 535 411
f 411 535 536
f 411 536 412
f 412 536 413
f 413 536 537
f 413 537 538
f 413 538 539
f 413 539 540
f 413 540 415
f 414 417 421
f 415 540 539
f 415 539 541
f 415 541 416
f 416 541 419
f 417 542 421
f 417 418 543
f 417 543 542
f 418 420 544
f 418 544 545
f 418 545 546
f 418 546 543
f 419 541 547
f 419 547 548
f 419 548 420
f 420 548 549
f 420 549 550
f 420 550 544
f 424 551 425
f 424 442 552
f 424 552 551
f 425 551 426
f 426 553 427
f 426 551 553
f 427 553 554
f 427 554 555
f 427 555 428
f 428 555 429
f 429 555 556
f 429 556 557
f 429 557 558
f 429 558 430
f 431 559 560
f 431 560 432
f 432 560 561
f 432 561 433
f 434 561 692
f 434 692 562
f 434 562 563
f 434 563 435
f 435 563 437
f 436 564 443
f 436 438 564
f 437 563 565
f 437 565 438
f 438 565 566
f 438 566 567
f 438 567 564
f 439 450 441
f 440 568 442
f 440 441 569
f 440 569 568
f 441 450 570
f 441 570 571
f 441 571 569
f 442 568 552
f 443 564 444
f 444 564 572
f 444 572 573
f 444 573 574
f 444 574 445
f 445 574 446
f 446 574 575
f 446 575 576
f 446 576 448
f 446 448 447
f 448 577 449
f 448 576 578
f 448 578 577
f 449 577 579
f 449 579 451
f 450 451 580
f 450 580 570
f 451 579 581
f 451 581 580
f 452 482 481
f 452 481 582
f 452 582 583
f 452 583 453
f 453 583 454
f 454 583 582
f 454 582 584
f 454 584 455
f 455 585 586
f 455 586 587
f 455 587 456
f 455 584 585
f 456 587 590
f 456 590 588
f 456 588 589
f 456 589 460
f 459 461 460
f 460 589 588
f 460 588 590
f 460 590 462
f 462 590 591
f 462 591 592
f 462 592 593
f 462 593 594
f 462 594 595
f 462 595 596
f 462 596 597
f 462 597 598
f 462 598 464
f 462 464 463
f 468 599 469
f 468 476 600
f 468 600 599
f 469 601 602
f 469 602 470
f 469 599 603
f 469 603 601
f 470 602 604
f 470 604 471
f 471 604 605
f 471 605 472
f 472 605 606
f 472 606 473
f 473 606 474
f 474 606 607
f 474 607 608
f 474 608 609
f 474 609 475
f 475 609 477
f 477 610 611
f 477 611 612
f 477 612 478
f 477 609 610
f 478 612 613
f 478 613 479
f 479 613 480
f 480 614 615
f 480 615 616
f 480 616 584
f 480 584 582
f 480 582 481
f 480 613 614
f 483 487 617
f 485 490 486
f 486 490 618
f 486 618 487
f 487 618 619
f 487 619 620
f 487 620 621
f 487 621 617
f 488 622 489
f 489 622 623
f 489 623 624
f 489 624 490
f 490 624 625
f 490 625 626
f 490 626 627
f 490 627 618
f 491 628 492
f 492 629 630
f 492 630 631
f 492 631 494
f 492 494 493
f 492 628 629
f 494 631 632
f 494 632 633
f 494 633 634
f 494 634 635
f 494 635 636
f 494 636 495
f 495 636 637
f 495 637 496
f 496 637 501
f 496 501 498
f 496 498 497
f 498 501 500
f 501 638 639
f 501 639 640
f 501 640 641
f 501 641 642
f 501 642 643
f 501 643 502
f 501 637 644
f 501 644 638
f 502 643 503
f 503 643 645
f 503 645 646
f 503 646 504
f 504 646 506
f 504 506 505
f 506 646 647
f 506 647 648
f 506 648 507
f 507 648 649
f 507 649 650
f 507 650 508
f 508 650 509
f 509 650 651
f 509 651 652
f 509 652 510
f 510 517 511
f 510 652 653
f 510 653 654
f 510 654 655
f 510 655 517
f 511 517 512
f 512 517 513
f 515 521 522
f 517 655 656
f 517 656 519
f 517 519 518
f 519 656 520
f 520 656 657
f 520 657 525
f 520 525 521
f 521 525 524
f 521 524 523
f 521 523 522
f 525 657 656
f 525 656 658
f 525 658 659
f 525 659 526
f 526 659 528
f 526 528 527
f 528 659 529
f 529 660 661
f 529 661 530
f 529 659 658
f 529 658 660
f 530 661 531
f 531 661 662
f 531 662 663
f 531 663 664
f 531 664 665
f 531 665 532
f 532 665 533
f 533 665 534
f 534 665 666
f 534 666 536
f 534 536 535
f 536 666 537
f 537 666 538
f 538 666 667
f 538 667 668
f 538 668 669
f 538 669 670
f 538 670 539
f 539 670 547
f 539 547 541
f 542 543 671
f 543 546 671
f 544 550 545
f 545 672 673
f 545 673 546
f 545 550 674
f 545 674 675
f 545 675 672
f 546 673 671
f 547 670 676
f 547 676 677
f 547 677 548
f 548 677 678
f 548 678 549
f 549 678 679
f 549 679 680
f 549 680 550
f 550 680 674
f 551 681 682
f 551 682 553
f 551 552 681
f 552 568 683
f 552 683 684
f 552 684 681
f 553 685 554
f 553 682 685
f 554 685 686
f 554 686 555
f 555 687 688
f 555 688 556
f 555 686 687
f 556 688 689
f 556 689 557
f 559 690 560
f 560 690 691
f 560 691 561
f 561 691 692
f 562 692 693
f 562 693 694
f 562 694 695
f 562 695 563
f 563 695 696
f 563 696 565
f 564 567 697
f 564 697 698
f 564 698 572
f 565 696 699
f 565 699 566
f 566 699 700
f 566 700 701
f 566 701 567
f 567 702 698
f 567 698 697
f 567 701 703
f 567 703 702
f 568 569 704
f 568 704 683
f 569 571 705
f 569 705 704
f 570 580 706
f 570 706 571
f 571 707 705
f 571 706 707
f 572 698 573
f 573 698 702
f 573 702 708
f 573 708 574
f 574 708 575
f 575 709 578
f 575 578 576
f 575 708 709
f 577 578 579
f 578 709 710
f 578 710 711
f 578 711 579
f 579 711 712
f 579 712 581
f 580 581 713
f 580 713 706
f 581 714 713
f 581 712 714
f 584 616 715
f 584 715 585
f 585 715 716
f 585 716 717
f 585 717 586
f 586 717 718
f 586 718 587
f 587 718 719
f 587 719 720
f 587 720 590
f 590 720 591
f 591 720 721
f 591 721 592
f 592 721 722
f 592 722 723
f 592 723 724
f 592 724 725
f 592 725 595
f 592 595 593
f 593 595 594
f 599 726 603
f 599 600 727
f 599 727 728
f 599 728 726
f 601 603 729
f 601 729 730
f 601 730 602
f 602 730 731
f 602 731 604
f 603 726 729
f 604 731 732
f 604 732 605
f 605 732 607
f 605 607 606
f 607 732 733
f 607 733 608
f 608 734 735
f 608 735 609
f 608 733 734
f 609 735 736
f 609 736 610
f 610 736 611
f 611 736 737
f 611 737 738
f 611 738 613
f 611 613 612
f 613 738 614
f 614 739 740
f 614 740 615
f 614 738 739
f 615 740 741
f 615 741 616
f 616 741 715
f 617 621 743
f 617 743 744
f 617 744 742
f 618 627 745
f 618 745 619
f 619 745 746
f 619 746 747
f 619 747 620
f 620 748 743
f 620 743 621
f 620 747 746
f 620 746 749
f 620 749 748
f 623 750 625
f 623 625 624
f 625 751 752
f 625 752 753
f 625 753 626
f 625 750 754
f 625 754 755
f 625 755 751
f 626 753 627
f 627 753 752
f 627 752 756
f 627 756 757
f 627 757 758
f 627 758 745
f 628 759 760
f 628 760 629
f 629 760 630
f 630 761 762
f 630 762 763
f 630 763 631
f 630 760 761
f 631 763 762
f 631 762 764
f 631 764 765
f 631 765 766
f 631 766 767
f 631 767 768
f 631 768 633
f 631 633 632
f 633 768 769
f 633 769 770
f 633 770 634
f 634 770 638
f 634 638 644
f 634 644 637
f 634 637 635
f 635 637 636
f 638 770 639
f 639 770 771
f 639 771 772
f 639 772 640
f 640 773 774
f 640 774 775
f 640 775 776
f 640 776 777
f 640 777 642
f 640 642 641
f 640 772 773
f 642 645 643
f 642 777 778
f 642 778 779
f 642 779 645
f 645 779 646
f 646 779 647
f 647 779 780
f 647 780 648
f 648 780 649
f 649 781 782
f 649 782 651
f 649 651 650
f 649 780 781
f 651 782 652
f 652 783 784
f 652 784 653
f 652 782 783
f 653 784 785
f 653 785 786
f 653 786 787
f 653 787 654
f 654 788 655
f 654 787 789
f 654 789 790
f 654 790 791
f 654 791 788
f 655 788 792
f 655 792 793
f 655 793 656
f 656 793 658
f 658 793 792
f 658 792 794
f 658 794 795
f 658 795 660
f 660 795 794
f 660 794 661
f 661 794 796
f 661 796 797
f 661 797 662
f 662 797 798
f 662 798 799
f 662 799 663
f 663 799 800
f 663 800 801
f 663 801 664
f 664 667 666
f 664 666 665
f 664 801 667
f 667 801 802
f 667 802 803
f 667 803 669
f 667 669 668
f 669 803 804
f 669 804 805
f 669 805 670
f 670 805 806
f 670 806 676
f 674 680 807
f 674 807 808
f 674 808 675
f 675 808 809
f 676 805 810
f 676 810 811
f 676 811 812
f 676 812 677
f 676 806 805
f 677 812 678
f 678 812 813
f 678 813 814
f 678 814 679
f 679 814 680
f 680 814 815
f 680 815 807
f 681 684 682
f 682 684 816
f 682 816 817
f 682 817 818
f 682 818 685
f 683 819 684
f 683 704 819
f 684 819 820
f 684 820 821
f 684 821 816
f 685 818 686
f 686 818 822
f 686 822 687
f 687 823 688
f 687 822 823
f 688 823 824
f 690 825 691
f 691 825 826
f 691 826 827
f 691 827 693
f 691 693 692
f 693 827 828
f 693 828 694
f 694 828 829
f 694 829 695
f 695 830 699
f 695 699 696
f 695 829 831
f 695 831 830
f 699 830 832
f 699 832 833
f 699 833 834
f 699 834 700
f 700 834 701
f 701 834 835
f 701 835 836
f 701 836 703
f 702 837 708
f 702 703 838
f 702 838 837
f 703 836 838
f 704 705 839
f 704 839 820
f 704 820 819
f 705 707 840
f 705 840 839
f 706 713 841
f 706 841 707
f 707 841 842
f 707 842 840
f 708 837 843
f 708 843 709
f 709 843 710
f 710 843 844
f 710 844 845
f 710 845 711
f 711 845 712
f 712 845 846
f 712 846 847
f 712 847 714
f 713 714 848
f 713 848 849
f 713 849 841
f 714 847 846
f 714 846 850
f 714 850 848
f 715 741 716
f 716 741 851
f 716 851 852
f 716 852 853
f 716 853 717
f 717 853 718
f 718 853 854
f 718 854 719
f 719 854 855
f 719 855 721
f 719 721 720
f 721 855 856
f 721 856 857
f 721 857 858
f 721 858 722
f 722 859 723
f 722 858 860
f 722 860 859
f 726 728 861
f 726 861 862
f 726 862 729
f 729 863 730
f 729 862 863
f 730 864 865
f 730 865 731
f 730 863 864
f 731 865 732
f 732 866 867
f 732 867 733
f 732 865 866
f 733 867 868
f 733 868 734
f 734 868 735
f 735 868 869
f 735 869 736
f 736 870 737
f 736 869 870
f 737 870 871
f 737 871 872
f 737 872 873
f 737 873 874
f 737 874 738
f 738 874 875
f 738 875 739
f 739 875 740
f 740 875 876
f 740 876 877
f 740 877 878
f 740 878 879
f 740 879 741
f 741 879 851
f 742 744 881
f 742 881 880
f 743 748 744
f 744 748 882
f 744 882 881
f 745 758 746
f 746 758 757
f 746 757 883
f 746 883 884
f 746 884 885
f 746 885 886
f 746 886 887
f 746 887 749
f 748 749 888
f 748 888 889
f 748 889 882
f 749 887 888
f 751 755 890
f 751 890 891
f 751 891 752
f 752 891 892
f 752 892 893
f 752 893 894
f 752 894 756
f 756 894 883
f 756 883 757
f 759 895 760
f 760 896 897
f 760 897 898
f 760 898 899
f 760 899 761
f 760 895 896
f 761 899 762
f 762 899 900
f 762 900 901
f 762 901 902
f 762 902 764
f 764 902 765
f 765 902 903
f 765 903 766
f 766 903 904
f 766 904 767
f 767 769 768
f 767 904 769
f 769 904 905
f 769 905 771
f 769 771 770
f 771 905 906
f 771 906 907
f 771 907 773
f 771 773 772
f 773 907 774
f 774 906 908
f 774 908 909
f 774 909 775
f 774 907 906
f 775 909 910
f 775 910 776
f 776 911 778
f 776 778 777
f 776 910 911
f 778 780 779
f 778 911 781
f 778 781 780
f 781 911 782
f 782 911 912
f 782 912 913
f 782 913 783
f 783 913 784
f 784 913 785
f 785 787 786
f 785 913 914
f 785 914 915
f 785 915 916
f 785 916 917
f 785 917 918
f 785 918 919
f 785 919 920
f 785 920 787
f 787 920 919
f 787 919 921
f 787 921 789
f 788 791 792
f 789 921 919
f 789 919 922
f 789 922 923
f 789 923 790
f 790 923 924
f 790 924 791
f 791 924 925
f 791 925 792
f 792 925 794
f 794 925 796
f 796 924 797
f 796 925 924
f 797 924 923
f 797 923 926
f 797 926 927
f 797 927 928
f 797 928 798
f 798 928 799
f 799 929 930
f 799 930 931
f 799 931 932
f 799 932 800
f 799 928 929
f 800 932 801
f 801 932 933
f 801 933 934
f 801 934 935
f 801 935 803
f 801 803 802
f 803 935 934
f 803 934 936
f 803 936 937
f 803 937 804
f 804 937 938
f 804 938 939
f 804 939 805
f 805 939 810
f 807 815 940
f 807 940 808
f 808 941 809
f 808 940 942
f 808 942 943
f 808 943 944
f 808 944 941
f 810 939 938
f 810 938 945
f 810 945 946
f 810 946 811
f 811 947 812
f 811 946 948
f 811 948 947
f 812 947 813
f 813 947 814
f 814 947 949
f 814 949 815
f 815 949 950
f 815 950 940
f 816 951 817
f 816 821 951
f 817 951 952
f 817 952 818
f 818 952 953
f 818 953 822
f 820 839 954
f 820 954 955
f 820 955 821
f 821 955 956
f 821 956 957
f 821 957 958
f 821 958 951
f 822 953 959
f 822 959 960
f 822 960 823
f 823 960 961
f 823 961 962
f 823 962 963
f 823 963 824
f 826 964 827
f 827 964 965
f 827 965 966
f 827 966 828
f 828 966 967
f 828 967 829
f 829 967 968
f 829 968 969
f 829 969 970
f 829 970 831
f 830 831 970
f 830 970 971
f 830 971 832
f 832 971 972
f 832 972 973
f 832 973 974
f 832 974 835
f 832 835 834
f 832 834 833
f 835 974 975
f 835 975 836
f 836 976 838
f 836 975 976
f 837 977 843
f 837 838 978
f 837 978 979
f 837 979 980
f 837 980 977
f 838 976 981
f 838 981 978
f 839 840 954
f 840 982 954
f 840 842 983
f 840 983 982
f 841 849 984
f 841 984 842
f 842 984 983
f 843 977 985
f 843 985 844
f 844 985 986
f 844 986 987
f 844 987 988
f 844 988 989
f 844 989 845
f 845 989 846
f 846 989 850
f 848 850 990
f 848 990 849
f 849 990 991
f 849 991 992
f 849 992 984
f 850 989 993
f 850 993 994
f 850 994 990
f 851 879 995
f 851 995 996
f 851 996 997
f 851 997 998
f 851 998 999
f 851 999 852
f 852 999 1000
f 852 1000 1001
f 852 1001 1002
f 852 1002 853
f 853 1002 854
f 854 1002 1003
f 854 1003 855
f 855 1003 856
f 856 1003 1004
f 856 1004 857
f 857 1004 1005
f 857 1005 858
f 858 1005 1006
f 858 1006 1007
f 858 1007 1008
f 858 1008 860
f 862 1009 1010
f 862 1010 863
f 863 1010 1011
f 863 1011 1012
f 863 1012 1013
f 863 1013 864
f 864 1013 865
f 865 1013 1014
f 865 1014 866
f 866 1015 1016
f 866 1016 867
f 866 1014 1015
f 867 1016 868
f 868 1017 869
f 868 1016 1017
f 869 1017 1018
f 869 1018 1019
f 869 1019 870
f 870 1019 871
f 871 1019 1020
f 871 1020 872
f 872 1020 873
f 873 1020 1021
f 873 1021 1022
f 873 1022 1023
f 873 1023 875
f 873 875 874
f 875 1023 1024
f 875 1024 876
f 876 1024 877
f 877 1024 878
f 878 995 879
f 878 1024 1025
f 878 1025 1026
f 878 1026 1027
f 878 1027 1028
f 878 1028 995
f 880 881 1030
f 880 1030 1029
f 881 882 889
f 881 889 1031
f 881 1031 1032
f 881 1032 1033
f 881 1033 1030
f 883 1034 884
f 883 894 893
f 883 893 1035
f 883 1035 1036
f 883 1036 1037
f 883 1037 1038
f 883 1038 1039
f 883 1039 1040
f 883 1040 1034
f 884 1034 885
f 885 1034 1041
f 885 1041 886
f 886 1041 887
f 887 1042 888
f 887 1041 1042
f 888 1042 1043
f 888 1043 1031
f 888 1031 889
f 890 1044 891
f 891 1044 1045
f 891 1045 1046
f 891 1046 892
f 892 1046 893
f 893 1046 1047
f 893 1047 1035
f 895 1048 1049
f 895 1049 1050
f 895 1050 1051
f 895 1051 1052
f 895 1052 1053
f 895 1053 897
f 895 897 896
f 897 1053 1054
f 897 1054 1055
f 897 1055 900
f 897 900 899
f 897 899 898
f 900 1056 1057
f 900 1057 1058
f 900 1058 1059
f 900 1059 1060
f 900 1060 901
f 900 1055 1054
f 900 1054 1056
f 901 1060 902
f 902 1060 1061
f 902 1061 1062
f 902 1062 903
f 903 1062 1063
f 903 1063 1064
f 903 1064 1065
f 903 1065 1066
f 903 1066 904
f 904 1066 1065
f 904 1065 906
f 904 906 905
f 906 1065 1067
f 906 1067 1068
f 906 1068 1069
f 906 1069 908
f 908 1069 1070
f 908 1070 910
f 908 910 909
f 910 1070 1071
f 910 1071 1072
f 910 1072 1073
f 910 1073 911
f 911 1073 912
f 912 1073 1074
f 912 1074 1075
f 912 1075 914
f 912 914 913
f 914 1075 916
f 914 916 915
f 916 1076 1077
f 916 1077 1078
f 916 1078 917
f 916 1075 1079
f 916 1079 1076
f 917 1078 918
f 918 1078 922
f 918 922 919
f 922 1078 1080
f 922 1080 1081
f 922 1081 1082
f 922 1082 1083
f 922 1083 1084
f 922 1084 1085
f 922 1085 1086
f 922 1086 923
f 923 1086 1087
f 923 1087 1088
f 923 1088 926
f 926 1088 927
f 927 1088 1089
f 927 1089 929
f 927 929 928
f 929 1089 930
f 930 1089 1088
f 930 1088 1090
f 930 1090 1091
f 930 1091 1092
f 930 1092 931
f 931 1092 1093
f 931 1093 1094
f 931 1094 932
f 932 1094 933
f 933 1094 1095
f 933 1095 934
f 934 1095 1096
f 934 1096 1097
f 934 1097 1098
f 934 1098 936
f 936 938 937
f 936 1098 1099
f 936 1099 938
f 938 1099 945
f 940 950 1100
f 940 1100 1101
f 940 1101 942
f 942 1101 1102
f 945 1099 1098
f 945 1098 1103
f 945 1103 1104
f 945 1104 1105
f 945 1105 946
f 946 1105 1106
f 946 1106 1107
f 946 1107 948
f 947 948 1108
f 947 1108 1109
f 947 1109 949
f 948 1107 1110
f 948 1110 1108
f 949 1109 1111
f 949 1111 950
f 950 1111 1101
f 950 1101 1100
f 951 1112 952
f 951 958 1113
f 951 1113 1112
f 952 1112 1114
f 952 1114 1115
f 952 1115 1116
f 952 1116 953
f 953 1116 960
f 953 960 959
f 954 982 1117
f 954 1117 955
f 955 1117 1118
f 955 1118 1119
f 955 1119 1120
f 955 1120 956
f 956 1120 1121
f 956 1121 1113
f 956 1113 957
f 957 1113 958
f 960 1122 1123
f 960 1123 961
f 960 1116 1115
f 960 1115 1122
f 961 1123 1124
f 961 1124 1125
f 961 1125 962
f 965 1126 966
f 966 1127 1128
f 966 1128 967
f 966 1126 1127
f 967 1128 968
f 968 970 969
f 968 1128 1129
f 968 1129 1130
f 968 1130 1131
f 968 1131 970
f 970 1132 971
f 970 1131 1133
f 970 1133 1134
f 970 1134 1135
f 970 1135 1132
f 971 1132 1135
f 971 1135 1136
f 971 1136 972
f 972 1136 1137
f 972 1137 973
f 973 1138 975
f 973 975 974
f 973 1137 1139
f 973 1139 1138
f 975 1138 1140
f 975 1140 1141
f 975 1141 976
f 976 1141 1142
f 976 1142 981
f 977 980 985
f 978 981 1143
f 978 1143 979
f 979 1143 1144
f 979 1144 980
f 980 1144 1145
f 980 1145 987
f 980 987 986
f 980 986 985
f 981 1142 1146
f 981 1146 1143
f 982 1118 1117
f 982 983 1147
f 982 1147 1118
f 983 984 1148
f 983 1148 1149
f 983 1149 1147
f 984 992 1150
f 984 1150 1148
f 987 1145 1151
f 987 1151 988
f 988 1152 989
f 988 1151 1153
f 988 1153 1152
f 989 1152 993
f 990 1154 991
f 990 994 1154
f 991 1154 1155
f 991 1155 992
f 992 1155 1156
f 992 1156 1157
f 992 1157 1150
f 993 1152 994
f 994 1152 1158
f 994 1158 1159
f 994 1159 1154
f 995 1028 996
f 996 1028 997
f 997 1160 1161
f 997 1161 999
f 997 999 998
f 997 1028 1160
f 999 1161 1000
f 1000 1162 1163
f 1000 1163 1164
f 1000 1164 1001
f 1000 1161 1162
f 1001 1164 1165
f 1001 1165 1166
f 1001 1166 1002
f 1002 1166 1003
f 1003 1166 1167
f 1003 1167 1168
f 1003 1168 1169
f 1003 1169 1004
f 1004 1169 1170
f 1004 1170 1171
f 1004 1171 1172
f 1004 1172 1005
f 1005 1172 1173
f 1005 1173 1174
f 1005 1174 1006
f 1006 1175 1007
f 1006 1174 1176
f 1006 1176 1175
f 1009 1177 1010
f 1010 1177 1011
f 1011 1177 1178
f 1011 1178 1179
f 1011 1179 1012
f 1012 1179 1180
f 1012 1180 1181
f 1012 1181 1013
f 1013 1181 1182
f 1013 1182 1183
f 1013 1183 1014
f 1014 1183 1184
f 1014 1184 1015
f 1015 1184 1016
f 1016 1184 1185
f 1016 1185 1186
f 1016 1186 1017
f 1017 1186 1187
f 1017 1187 1018
f 1018 1187 1188
f 1018 1188 1019
f 1019 1188 1189
f 1019 1189 1190
f 1019 1190 1020
f 1020 1190 1189
f 1020 1189 1191
f 1020 1191 1021
f 1021 1192 1022
f 1021 1191 1192
f 1022 1192 1193
f 1022 1193 1194
f 1022 1194 1023
f 1023 1194 1195
f 1023 1195 1024
f 1024 1195 1026
f 1024 1026 1025
f 1026 1195 1027
f 1027 1196 1197
f 1027 1197 1028
f 1027 1195 1196
f 1028 1197 1160
f 1029 1030 1199
f 1029 1199 1200
f 1029 1200 1198
f 1030 1033 1032
f 1030 1032 1201
f 1030 1201 1202
f 1030 1202 1203
f 1030 1203 1199
f 1031 1201 1032
f 1031 1043 1204
f 1031 1204 1205
f 1031 1205 1206
f 1031 1206 1201
f 1034 1207 1041
f 1034 1040 1208
f 1034 1208 1209
f 1034 1209 1207
f 1035 1047 1210
f 1035 1210 1211
f 1035 1211 1036
f 1036 1211 1037
f 1037 1211 1212
f 1037 1212 1213
f 1037 1213 1038
f 1038 1213 1214
f 1038 1214 1215
f 1038 1215 1216
f 1038 1216 1039
f 1039 1216 1208
f 1039 1208 1040
f 1041 1207 1217
f 1041 1217 1043
f 1041 1043 1042
f 1043 1217 1204
f 1044 1218 1219
f 1044 1219 1045
f 1045 1219 1047
f 1045 1047 1046
f 1047 1219 1210
f 1048 1220 1221
f 1048 1221 1222
f 1048 1222 1223
f 1048 1223 1049
f 1049 1223 1224
f 1049 1224 1225
f 1049 1225 1226
f 1049 1226 1050
f 1050 1226 1051
f 1051 1226 1052
f 1052 1226 1227
f 1052 1227 1053
f 1053 1227 1228
f 1053 1228 1054
f 1054 1228 1056
f 1056 1228 1229
f 1056 1229 1230
f 1056 1230 1231
f 1056 1231 1058
f 1056 1058 1057
f 1058 1231 1232
f 1058 1232 1233
f 1058 1233 1059
f 1059 1233 1061
f 1059 1061 1060
f 1061 1233 1234
f 1061 1234 1235
f 1061 1235 1063
f 1061 1063 1062
f 1063 1235 1236
f 1063 1236 1237
f 1063 1237 1238
f 1063 1238 1064
f 1064 1238 1065
f 1065 1238 1239
f 1065 1239 1067
f 1067 1239 1240
f 1067 1240 1068
f 1068 1240 1241
f 1068 1241 1242
f 1068 1242 1243
f 1068 1243 1244
f 1068 1244 1069
f 1069 1244 1070
f 1070 1244 1072
f 1070 1072 1071
f 1072 1244 1245
f 1072 1245 1246
f 1072 1246 1079
f 1072 1079 1073
f 1073 1079 1074
f 1074 1079 1075
f 1076 1079 1247
f 1076 1247 1248
f 1076 1248 1249
f 1076 1249 1077
f 1077 1249 1250
f 1077 1250 1081
f 1077 1081 1080
f 1077 1080 1078
f 1079 1246 1247
f 1081 1250 1251
f 1081 1251 1082
f 1082 1251 1252
f 1082 1252 1083
f 1083 1252 1084
f 1084 1253 1254
f 1084 1254 1255
f 1084 1255 1256
f 1084 1256 1085
f 1084 1252 1253
f 1085 1256 1086
f 1086 1256 1087
f 1087 1256 1257
f 1087 1257 1088
f 1088 1257 1091
f 1088 1091 1090
f 1091 1257 1258
f 1091 1258 1259
f 1091 1259 1260
f 1091 1260 1092
f 1092 1260 1261
f 1092 1261 1262
f 1092 1262 1263
f 1092 1263 1264
f 1092 1264 1096
f 1092 1096 1093
f 1093 1095 1094
f 1093 1096 1095
f 1096 1264 1265
f 1096 1265 1266
f 1096 1266 1267
f 1096 1267 1268
f 1096 1268 1269
f 1096 1269 1097
f 1097 1270 1098
f 1097 1269 1271
f 1097 1271 1270
f 1098 1270 1103
f 1101 1272 1102
f 1101 1111 1273
f 1101 1273 1274
f 1101 1274 1275
f 1101 1275 1272
f 1103 1271 1276
f 1103 1276 1277
f 1103 1277 1278
f 1103 1278 1279
f 1103 1279 1104
f 1103 1270 1271
f 1104 1279 1105
f 1105 1279 1280
f 1105 1280 1107
f 1105 1107 1106
f 1107 1280 1281
f 1107 1281 1282
f 1107 1282 1283
f 1107 1283 1110
f 1108 1110 1284
f 1108 1284 1109
f 1109 1284 1285
f 1109 1285 1286
f 1109 1286 1287
f 1109 1287 1111
f 1110 1283 1285
f 1110 1285 1284
f 1111 1287 1274
f 1111 1274 1273
f 1112 1288 1289
f 1112 1289 1114
f 1112 1113 1290
f 1112 1290 1288
f 1113 1121 1290
f 1114 1289 1291
f 1114 1291 1292
f 1114 1292 1115
f 1115 1292 1122
f 1118 1293 1119
f 1118 1147 1294
f 1118 1294 1293
f 1119 1293 1295
f 1119 1295 1120
f 1120 1295 1121
f 1121 1295 1296
f 1121 1296 1290
f 1122 1297 1123
f 1122 1292 1297
f 1123 1297 1298
f 1123 1298 1299
f 1123 1299 1124
f 1127 1300 1128
f 1128 1300 1301
f 1128 1301 1129
f 1129 1301 1130
f 1130 1302 1133
f 1130 1133 1131
f 1130 1301 1302
f 1133 1302 1303
f 1133 1303 1304
f 1133 1304 1285
f 1133 1285 1134
f 1134 1305 1136
f 1134 1136 1135
f 1134 1285 1282
f 1134 1282 1305
f 1136 1305 1306
f 1136 1306 1137
f 1137 1306 1307
f 1137 1307 1139
f 1138 1139 1308
f 1138 1308 1140
f 1139 1307 1308
f 1140 1309 1141
f 1140 1308 1310
f 1140 1310 1309
f 1141 1309 1311
f 1141 1311 1142
f 1142 1311 1312
f 1142 1312 1146
f 1143 1146 1144
f 1144 1146 1313
f 1144 1313 1145
f 1145 1314 1315
f 1145 1315 1151
f 1145 1313 1316
f 1145 1316 1314
f 1146 1312 1313
f 1147 1149 1317
f 1147 1317 1294
f 1148 1150 1318
f 1148 1318 1149
f 1149 1318 1319
f 1149 1319 1317
f 1150 1157 1320
f 1150 1320 1318
f 1151 1315 1321
f 1151 1321 1153
f 1152 1322 1158
f 1152 1153 1322
f 1153 1321 1323
f 1153 1323 1324
f 1153 1324 1322
f 1154 1159 1155
f 1155 1159 1325
f 1155 1325 1326
f 1155 1326 1157
f 1155 1157 1156
f 1157 1326 1320
f 1158 1322 1159
f 1159 1322 1327
f 1159 1327 1325
f 1160 1197 1328
f 1160 1328 1161
f 1161 1328 1329
f 1161 1329 1162
f 1162 1329 1163
f 1163 1330 1331
f 1163 1331 1332
f 1163 1332 1333
f 1163 1333 1164
f 1163 1329 1330
f 1164 1334 1167
f 1164 1167 1165
f 1164 1333 1334
f 1165 1167 1166
f 1167 1334 1335
f 1167 1335 1168
f 1168 1170 1169
f 1168 1335 1333
f 1168 1333 1336
f 1168 1336 1337
f 1168 1337 1338
f 1168 1338 1339
f 1168 1339 1170
f 1170 1339 1340
f 1170 1340 1171
f 1171 1340 1341
f 1171 1341 1172
f 1172 1341 1342
f 1172 1342 1173
f 1173 1342 1343
f 1173 1343 1174
f 1174 1343 1344
f 1174 1344 1176
f 1176 1344 1345
f 1179 1346 1180
f 1180 1346 1347
f 1180 1347 1181
f 1181 1347 1348
f 1181 1348 1182
f 1182 1349 1183
f 1182 1348 1349
f 1183 1349 1350
f 1183 1350 1351
f 1183 1351 1184
f 1184 1351 1352
f 1184 1352 1185
f 1185 1352 1186
f 1186 1352 1353
f 1186 1353 1187
f 1187 1353 1354
f 1187 1354 1188
f 1188 1354 1355
f 1188 1355 1189
f 1189 1355 1356
f 1189 1356 1191
f 1191 1356 1357
f 1191 1357 1192
f 1192 1357 1358
f 1192 1358 1359
f 1192 1359 1193
f 1193 1359 1360
f 1193 1360 1195
f 1193 1195 1194
f 1195 1360 1361
f 1195 1361 1196
f 1196 1361 1362
f 1196 1362 1197
f 1197 1362 1363
f 1197 1363 1364
f 1197 1364 1329
f 1197 1329 1328
f 1198 1200 1366
f 1198 1366 1365
f 1199 1203 1367
f 1199 1367 1200
f 1200 1367 1366
f 1201 1206 1368
f 1201 1368 1202
f 1202 1368 1206
f 1202 1206 1369
f 1202 1369 1370
f 1202 1370 1371
f 1202 1371 1372
f 1202 1372 1203
f 1203 1372 1373
f 1203 1373 1367
f 1204 1217 1205
f 1205 1217 1206
f 1206 1217 1374
f 1206 1374 1369
f 1207 1209 1375
f 1207 1375 1376
f 1207 1376 1217
f 1208 1216 1377
f 1208 1377 1378
f 1208 1378 1209
f 1209 1378 1379
f 1209 1379 1375
f 1210 1219 1380
f 1210 1380 1381
f 1210 1381 1211
f 1211 1381 1212
f 1212 1381 1382
f 1212 1382 1213
f 1213 1382 1383
f 1213 1383 1384
f 1213 1384 1385
f 1213 1385 1214
f 1214 1385 1386
f 1214 1386 1387
f 1214 1387 1215
f 1215 1387 1216
f 1216 1387 1388
f 1216 1388 1377
f 1217 1376 1374
f 1218 1389 1219
f 1219 1389 1380
f 1220 1365 1221
f 1221 1390 1391
f 1221 1391 1392
f 1221 1392 1393
f 1221 1393 1222
f 1221 1365 1390
f 1222 1393 1392
f 1222 1392 1394
f 1222 1394 1223
f 1223 1394 1224
f 1224 1394 1395
f 1224 1395 1225
f 1225 1395 1396
f 1225 1396 1397
f 1225 1397 1226
f 1226 1397 1398
f 1226 1398 1399
f 1226 1399 1400
f 1226 1400 1228
f 1226 1228 1227
f 1228 1400 1399
f 1228 1399 1401
f 1228 1401 1229
f 1229 1401 1230
f 1230 1402 1403
f 1230 1403 1404
f 1230 1404 1405
f 1230 1405 1406
f 1230 1406 1407
f 1230 1407 1233
f 1230 1233 1232
f 1230 1232 1231
f 1230 1401 1402
f 1233 1407 1234
f 1234 1407 1408
f 1234 1408 1409
f 1234 1409 1235
f 1235 1409 1410
f 1235 1410 1236
f 1236 1410 1411
f 1236 1411 1412
f 1236 1412 1237
f 1237 1412 1413
f 1237 1413 1414
f 1237 1414 1415
f 1237 1415 1238
f 1238 1415 1416
f 1238 1416 1239
f 1239 1416 1241
f 1239 1241 1240
f 1241 1416 1417
f 1241 1417 1418
f 1241 1418 1242
f 1242 1418 1243
f 1243 1245 1244
f 1243 1418 1419
f 1243 1419 1245
f 1245 1419 1420
f 1245 1420 1421
f 1245 1421 1246
f 1246 1421 1422
f 1246 1422 1247
f 1247 1422 1423
f 1247 1423 1248
f 1248 1423 1424
f 1248 1424 1425
f 1248 1425 1426
f 1248 1426 1427
f 1248 1427 1249
f 1249 1427 1250
f 1250 1428 1251
f 1250 1427 1429
f 1250 1429 1430
f 1250 1430 1431
f 1250 1431 1432
f 1250 1432 1428
f 1251 1428 1433
f 1251 1433 1252
f 1252 1433 1253
f 1253 1433 1434
f 1253 1434 1254
f 1254 1434 1435
f 1254 1435 1436
f 1254 1436 1255
f 1255 1257 1256
f 1255 1436 1258
f 1255 1258 1257
f 1258 1436 1437
f 1258 1437 1259
f 1259 1437 1438
f 1259 1438 1439
f 1259 1439 1262
f 1259 1262 1260
f 1260 1262 1261
f 1262 1439 1440
f 1262 1440 1441
f 1262 1441 1263
f 1263 1441 1442
f 1263 1442 1443
f 1263 1443 1444
f 1263 1444 1265
f 1263 1265 1264
f 1265 1444 1445
f 1265 1445 1266
f 1266 1445 1446
f 1266 1446 1267
f 1267 1446 1268
f 1268 1446 1271
f 1268 1271 1269
f 1271 1446 1447
f 1271 1447 1276
f 1274 1287 1448
f 1274 1448 1275
f 1275 1448 1449
f 1276 1447 1450
f 1276 1450 1310
f 1276 1310 1308
f 1276 1308 1277
f 1277 1308 1451
f 1277 1451 1278
f 1278 1281 1279
f 1278 1451 1307
f 1278 1307 1306
f 1278 1306 1281
f 1279 1281 1280
f 1281 1306 1282
f 1282 1306 1305
f 1282 1285 1283
f 1285 1304 1286
f 1286 1304 1452
f 1286 1452 1287
f 1287 1452 1448
f 1288 1290 1453
f 1288 1453 1289
f 1289 1453 1454
f 1289 1454 1291
f 1290 1296 1453
f 1291 1454 1292
f 1292 1454 1455
f 1292 1455 1456
f 1292 1456 1297
f 1293 1294 1457
f 1293 1457 1458
f 1293 1458 1295
f 1294 1317 1459
f 1294 1459 1457
f 1295 1458 1296
f 1296 1458 1460
f 1296 1460 1453
f 1297 1461 1462
f 1297 1462 1463
f 1297 1463 1464
f 1297 1464 1298
f 1297 1456 1461
f 1298 1464 1463
f 1300 1465 1301
f 1301 1465 1466
f 1301 1466 1302
f 1302 1466 1467
f 1302 1467 1468
f 1302 1468 1469
f 1302 1469 1303
f 1303 1469 1452
f 1303 1452 1304
f 1307 1451 1308
f 1309 1470 1311
f 1309 1310 1450
f 1309 1450 1470
f 1311 1470 1312
f 1312 1470 1313
f 1313 1470 1471
f 1313 1471 1472
f 1313 1472 1316
f 1314 1321 1315
f 1314 1316 1473
f 1314 1473 1474
f 1314 1474 1321
f 1316 1472 1473
f 1317 1475 1459
f 1317 1319 1476
f 1317 1476 1475
f 1318 1477 1478
f 1318 1478 1319
f 1318 1320 1477
f 1319 1478 1479
f 1319 1479 1476
f 1320 1326 1480
f 1320 1480 1481
f 1320 1481 1482
f 1320 1482 1477
f 1321 1474 1483
f 1321 1483 1484
f 1321 1484 1323
f 1322 1324 1327
f 1323 1484 1485
f 1323 1485 1486
f 1323 1486 1487
f 1323 1487 1488
f 1323 1488 1324
f 1324 1488 1327
f 1325 1489 1326
f 1325 1327 1490
f 1325 1490 1489
f 1326 1489 1480
f 1327 1488 1490
f 1329 1364 1491
f 1329 1491 1492
f 1329 1492 1330
f 1330 1492 1493
f 1330 1493 1494
f 1330 1494 1331
f 1331 1494 1495
f 1331 1495 1496
f 1331 1496 1497
f 1331 1497 1332
f 1332 1337 1336
f 1332 1336 1333
f 1332 1497 1498
f 1332 1498 1337
f 1333 1335 1334
f 1337 1498 1499
f 1337 1499 1338
f 1338 1499 1500
f 1338 1500 1339
f 1339 1500 1340
f 1340 1500 1341
f 1341 1500 1501
f 1341 1501 1343
f 1341 1343 1342
f 1343 1501 1502
f 1343 1502 1503
f 1343 1503 1344
f 1344 1503 1504
f 1344 1504 1345
f 1346 1505 1347
f 1347 1505 1506
f 1347 1506 1507
f 1347 1507 1348
f 1348 1507 1349
f 1349 1507 1508
f 1349 1508 1350
f 1350 1508 1351
f 1351 1508 1509
f 1351 1509 1510
f 1351 1510 1352
f 1352 1510 1511
f 1352 1511 1512
f 1352 1512 1353
f 1353 1512 1354
f 1354 1512 1513
f 1354 1513 1355
f 1355 1513 1514
f 1355 1514 1356
f 1356 1514 1515
f 1356 1515 1516
f 1356 1516 1357
f 1357 1516 1358
f 1358 1516 1517
f 1358 1517 1359
f 1359 1517 1518
f 1359 1518 1519
f 1359 1519 1360
f 1360 1519 1361
f 1361 1519 1520
f 1361 1520 1521
f 1361 1521 1522
f 1361 1522 1362
f 1362 1522 1523
f 1362 1523 1363
f 1363 1523 1524
f 1363 1524 1525
f 1363 1525 1526
f 1363 1526 1491
f 1363 1491 1364
f 1365 1366 1527
f 1365 1527 1528
f 1365 1528 1529
f 1365 1529 1530
f 1365 1530 1390
f 1366 1367 1531
f 1366 1531 1527
f 1367 1373 1531
f 1369 1532 1370
f 1369 1374 1533
f 1369 1533 1534
f 1369 1534 1535
f 1369 1535 1532
f 1370 1532 1536
f 1370 1536 1537
f 1370 1537 1371
f 1371 1537 1372
f 1372 1531 1373
f 1372 1537 1531
f 1374 1376 1533
f 1375 1379 1376
f 1376 1379 1538
f 1376 1538 1539
f 1376 1539 1533
f 1377 1388 1378
f 1378 1388 1540
f 1378 1540 1379
f 1379 1540 1541
f 1379 1541 1538
f 1380 1542 1543
f 1380 1543 1544
f 1380 1544 1382
f 1380 1382 1381
f 1380 1389 1542
f 1382 1544 1545
f 1382 1545 1546
f 1382 1546 1384
f 1382 1384 1383
f 1384 1546 1547
f 1384 1547 1548
f 1384 1548 1549
f 1384 1549 1550
f 1384 1550 1551
f 1384 1551 1385
f 1385 1551 1552
f 1385 1552 1553
f 1385 1553 1386
f 1386 1553 1554
f 1386 1554 1555
f 1386 1555 1556
f 1386 1556 1388
f 1386 1388 1387
f 1388 1557 1540
f 1388 1556 1558
f 1388 1558 1557
f 1390 1530 1559
f 1390 1559 1391
f 1391 1559 1560
f 1391 1560 1392
f 1392 1395 1394
f 1392 1560 1561
f 1392 1561 1562
f 1392 1562 1563
f 1392 1563 1395
f 1395 1563 1396
f 1396 1398 1397
f 1396 1563 1562
f 1396 1562 1564
f 1396 1564 1565
f 1396 1565 1399
f 1396 1399 1398
f 1399 1564 1566
f 1399 1566 1567
f 1399 1567 1568
f 1399 1568 1403
f 1399 1403 1401
f 1399 1565 1564
f 1401 1403 1402
f 1403 1568 1569
f 1403 1569 1570
f 1403 1570 1405
f 1403 1405 1404
f 1405 1571 1572
f 1405 1572 1573
f 1405 1573 1406
f 1405 1570 1571
f 1406 1573 1408
f 1406 1408 1407
f 1408 1573 1572
f 1408 1572 1574
f 1408 1574 1575
f 1408 1575 1409
f 1409 1575 1576
f 1409 1576 1410
f 1410 1576 1411
f 1411 1577 1578
f 1411 1578 1412
f 1411 1576 1577
f 1412 1578 1579
f 1412 1579 1413
f 1413 1579 1580
f 1413 1580 1581
f 1413 1581 1414
f 1414 1581 1582
f 1414 1582 1583
f 1414 1583 1416
f 1414 1416 1415
f 1416 1583 1417
f 1417 1583 1418
f 1418 1424 1419
f 1418 1583 1584
f 1418 1584 1585
f 1418 1585 1586
f 1418 1586 1424
f 1419 1424 1423
f 1419 1423 1422
f 1419 1422 1421
f 1419 1421 1420
f 1424 1586 1587
f 1424 1587 1588
f 1424 1588 1425
f 1425 1588 1587
f 1425 1587 1589
f 1425 1589 1590
f 1425 1590 1430
f 1425 1430 1429
f 1425 1429 1426
f 1426 1429 1427
f 1428 1432 1433
f 1430 1591 1431
f 1430 1590 1592
f 1430 1592 1432
f 1430 1432 1591
f 1431 1591 1432
f 1432 1592 1593
f 1432 1593 1594
f 1432 1594 1595
f 1432 1595 1596
f 1432 1596 1433
f 1433 1596 1434
f 1434 1596 1597
f 1434 1597 1435
f 1435 1597 1598
f 1435 1598 1436
f 1436 1598 1599
f 1436 1599 1437
f 1437 1599 1600
f 1437 1600 1438
f 1438 1600 1439
f 1439 1600 1601
f 1439 1601 1602
f 1439 1602 1603
f 1439 1603 1604
f 1439 1604 1440
f 1440 1443 1442
f 1440 1442 1441
f 1440 1604 1443
f 1443 1604 1605
f 1443 1605 1606
f 1443 1606 1444
f 1444 1607 1445
f 1444 1606 1607
f 1445 1607 1447
f 1445 1447 1446
f 1447 1607 1606
f 1447 1606 1450
f 1448 1452 1469
f 1448 1469 1608
f 1448 1608 1449
f 1450 1606 1470
f 1453 1609 1610
f 1453 1610 1611
f 1453 1611 1454
f 1453 1460 1609
f 1454 1611 1610
f 1454 1610 1612
f 1454 1612 1455
f 1455 1613 1456
f 1455 1612 1613
f 1456 1613 1614
f 1456 1614 1615
f 1456 1615 1461
f 1457 1616 1617
f 1457 1617 1458
f 1457 1459 1618
f 1457 1618 1616
f 1458 1619 1620
f 1458 1620 1460
f 1458 1617 1621
f 1458 1621 1619
f 1459 1475 1618
f 1460 1620 1622
f 1460 1622 1609
f 1461 1615 1623
f 1461 1623 1462
f 1468 1608 1469
f 1470 1606 1471
f 1471 1606 1605
f 1471 1605 1483
f 1471 1483 1473
f 1471 1473 1472
f 1473 1483 1474
f 1475 1624 1618
f 1475 1476 1625
f 1475 1625 1624
f 1476 1479 1625
f 1477 1482 1479
f 1477 1479 1478
f 1479 1482 1626
f 1479 1626 1627
f 1479 1627 1625
f 1480 1489 1628
f 1480 1628 1481
f 1481 1629 1626
f 1481 1626 1482
f 1481 1628 1630
f 1481 1630 1631
f 1481 1631 1632
f 1481 1632 1629
f 1483 1633 1484
f 1483 1605 1634
f 1483 1634 1604
f 1483 1604 1635
f 1483 1635 1633
f 1484 1633 1485
f 1485 1636 1486
f 1485 1633 1637
f 1485 1637 1636
f 1486 1638 1490
f 1486 1490 1488
f 1486 1488 1487
f 1486 1636 1639
f 1486 1639 1640
f 1486 1640 1638
f 1489 1490 1641
f 1489 1641 1638
f 1489 1638 1628
f 1490 1638 1641
f 1491 1526 1492
f 1492 1526 1642
f 1492 1642 1493
f 1493 1643 1644
f 1493 1644 1494
f 1493 1642 1643
f 1494 1644 1645
f 1494 1645 1495
f 1495 1646 1496
f 1495 1645 1647
f 1495 1647 1648
f 1495 1648 1649
f 1495 1649 1646
f 1496 1646 1650
f 1496 1650 1497
f 1497 1650 1651
f 1497 1651 1498
f 1498 1651 1499
f 1499 1651 1652
f 1499 1652 1653
f 1499 1653 1654
f 1499 1654 1500
f 1500 1654 1655
f 1500 1655 1501
f 1501 1655 1656
f 1501 1656 1502
f 1502 1656 1503
f 1503 1656 1657
f 1503 1657 1658
f 1503 1658 1659
f 1503 1659 1660
f 1503 1660 1504
f 1505 1661 1662
f 1505 1662 1506
f 1506 1662 1663
f 1506 1663 1664
f 1506 1664 1665
f 1506 1665 1507
f 1507 1665 1666
f 1507 1666 1508
f 1508 1666 1667
f 1508 1667 1668
f 1508 1668 1509
f 1509 1668 1669
f 1509 1669 1670
f 1509 1670 1510
f 1510 1670 1511
f 1511 1671 1512
f 1511 1670 1671
f 1512 1672 1513
f 1512 1671 1673
f 1512 1673 1672
f 1513 1674 1514
f 1513 1672 1674
f 1514 1674 1515
f 1515 1674 1675
f 1515 1675 1516
f 1516 1675 1676
f 1516 1676 1677
f 1516 1677 1517
f 1517 1677 1678
f 1517 1678 1518
f 1518 1678 1679
f 1518 1679 1680
f 1518 1680 1520
f 1518 1520 1519
f 1520 1680 1521
f 1521 1680 1681
f 1521 1681 1682
f 1521 1682 1523
f 1521 1523 1522
f 1523 1682 1683
f 1523 1683 1524
f 1524 1683 1684
f 1524 1684 1685
f 1524 1685 1526
f 1524 1526 1525
f 1526 1685 1642
f 1527 1531 1686
f 1527 1686 1687
f 1527 1687 1688
f 1527 1688 1528
f 1528 1688 1687
f 1528 1687 1689
f 1528 1689 1529
f 1529 1689 1690
f 1529 1690 1530
f 1530 1690 1691
f 1530 1691 1559
f 1531 1537 1692
f 1531 1692 1693
f 1531 1693 1694
f 1531 1694 1686
f 1532 1535 1534
f 1532 1534 1695
f 1532 1695 1696
f 1532 1696 1697
f 1532 1697 1698
f 1532 1698 1536
f 1533 1539 1699
f 1533 1699 1534
f 1534 1699 1695
f 1536 1698 1693
f 1536 1693 1692
f 1536 1692 1537
f 1538 1699 1539
f 1538 1541 1700
f 1538 1700 1699
f 1540 1557 1541
f 1541 1557 1701
f 1541 1701 1700
f 1543 1702 1544
f 1544 1702 1703
f 1544 1703 1704
f 1544 1704 1705
f 1544 1705 1545
f 1545 1547 1546
f 1545 1705 1704
f 1545 1704 1706
f 1545 1706 1707
f 1545 1707 1708
f 1545 1708 1709
f 1545 1709 1710
f 1545 1710 1550
f 1545 1550 1549
f 1545 1549 1548
f 1545 1548 1547
f 1550 1710 1711
f 1550 1711 1712
f 1550 1712 1551
f 1551 1712 1713
f 1551 1713 1714
f 1551 1714 1552
f 1552 1714 1715
f 1552 1715 1554
f 1552 1554 1553
f 1554 1715 1716
f 1554 1716 1555
f 1555 1716 1717
f 1555 1717 1718
f 1555 1718 1719
f 1555 1719 1720
f 1555 1720 1556
f 1556 1720 1558
f 1557 1721 1701
f 1557 1558 1722
f 1557 1722 1721
f 1558 1720 1723
f 1558 1723 1724
f 1558 1724 1725
f 1558 1725 1722
f 1559 1691 1726
f 1559 1726 1727
f 1559 1727 1560
f 1560 1727 1561
f 1561 1727 1728
f 1561 1728 1562
f 1562 1728 1564
f 1564 1728 1729
f 1564 1729 1730
f 1564 1730 1566
f 1566 1730 1567
f 1567 1730 1568
f 1568 1730 1731
f 1568 1731 1732
f 1568 1732 1733
f 1568 1733 1569
f 1569 1733 1734
f 1569 1734 1570
f 1570 1734 1571
f 1571 1734 1735
f 1571 1735 1572
f 1572 1735 1736
f 1572 1736 1737
f 1572 1737 1574
f 1574 1737 1738
f 1574 1738 1575
f 1575 1738 1739
f 1575 1739 1740
f 1575 1740 1577
f 1575 1577 1576
f 1577 1740 1739
f 1577 1739 1741
f 1577 1741 1742
f 1577 1742 1743
f 1577 1743 1744
f 1577 1744 1745
f 1577 1745 1578
f 1578 1745 1580
f 1578 1580 1579
f 1580 1745 1744
f 1580 1744 1746
f 1580 1746 1581
f 1581 1746 1747
f 1581 1747 1582
f 1582 1747 1583
f 1583 1747 1748
f 1583 1748 1584
f 1584 1748 1749
f 1584 1749 1750
f 1584 1750 1585
f 1585 1750 1587
f 1585 1587 1586
f 1587 1750 1751
f 1587 1751 1589
f 1589 1751 1752
f 1589 1752 1590
f 1590 1752 1753
f 1590 1753 1754
f 1590 1754 1592
f 1592 1754 1755
f 1592 1755 1756
f 1592 1756 1757
f 1592 1757 1758
f 1592 1758 1593
f 1593 1758 1594
f 1594 1758 1759
f 1594 1759 1760
f 1594 1760 1595
f 1595 1759 1757
f 1595 1757 1761
f 1595 1761 1762
f 1595 1762 1763
f 1595 1763 1764
f 1595 1764 1597
f 1595 1597 1596
f 1595 1760 1759
f 1597 1764 1765
f 1597 1765 1598
f 1598 1765 1599
f 1599 1765 1766
f 1599 1766 1600
f 1600 1766 1601
f 1601 1766 1602
f 1602 1766 1767
f 1602 1767 1603
f 1603 1767 1768
f 1603 1768 1604
f 1604 1768 1769
f 1604 1769 1635
f 1604 1634 1605
f 1609 1622 1610
f 1610 1622 1612
f 1612 1770 1771
f 1612 1771 1613
f 1612 1622 1772
f 1612 1772 1770
f 1613 1771 1614
f 1614 1771 1773
f 1614 1773 1774
f 1614 1774 1775
f 1614 1775 1615
f 1615 1775 1623
f 1616 1776 1621
f 1616 1621 1617
f 1616 1618 1776
f 1618 1624 1777
f 1618 1777 1778
f 1618 1778 1776
f 1619 1779 1620
f 1619 1621 1779
f 1620 1779 1780
f 1620 1780 1781
f 1620 1781 1782
f 1620 1782 1783
f 1620 1783 1622
f 1621 1776 1784
f 1621 1784 1779
f 1622 1783 1772
f 1623 1775 1785
f 1624 1625 1777
f 1625 1786 1777
f 1625 1627 1787
f 1625 1787 1786
f 1626 1629 1627
f 1627 1629 1788
f 1627 1788 1789
f 1627 1789 1787
f 1628 1638 1790
f 1628 1790 1630
f 1629 1632 1788
f 1630 1790 1631
f 1631 1790 1791
f 1631 1791 1792
f 1631 1792 1632
f 1632 1793 1789
f 1632 1789 1788
f 1632 1792 1794
f 1632 1794 1795
f 1632 1795 1793
f 1633 1635 1769
f 1633 1769 1637
f 1636 1637 1796
f 1636 1796 1767
f 1636 1767 1797
f 1636 1797 1639
f 1637 1769 1796
f 1638 1640 1791
f 1638 1791 1790
f 1639 1797 1640
f 1640 1797 1798
f 1640 1798 1799
f 1640 1799 1800
f 1640 1800 1801
f 1640 1801 1791
f 1642 1685 1802
f 1642 1802 1803
f 1642 1803 1643
f 1643 1803 1804
f 1643 1804 1805
f 1643 1805 1806
f 1643 1806 1644
f 1644 1806 1645
f 1645 1806 1805
f 1645 1805 1647
f 1646 1649 1807
f 1646 1807 1808
f 1646 1808 1650
f 1647 1809 1810
f 1647 1810 1648
f 1647 1805 1809
f 1648 1807 1649
f 1648 1810 1811
f 1648 1811 1807
f 1650 1808 1651
f 1651 1808 1812
f 1651 1812 1813
f 1651 1813 1652
f 1652 1813 1814
f 1652 1814 1653
f 1653 1815 1655
f 1653 1655 1654
f 1653 1814 1816
f 1653 1816 1815
f 1655 1815 1817
f 1655 1817 1656
f 1656 1817 1657
f 1657 1818 1819
f 1657 1819 1659
f 1657 1659 1658
f 1657 1817 1816
f 1657 1816 1820
f 1657 1820 1821
f 1657 1821 1818
f 1661 1822 1662
f 1662 1822 1663
f 1663 1822 1823
f 1663 1823 1824
f 1663 1824 1825
f 1663 1825 1826
f 1663 1826 1664
f 1664 1826 1827
f 1664 1827 1665
f 1665 1827 1828
f 1665 1828 1666
f 1666 1828 1829
f 1666 1829 1667
f 1667 1829 1668
f 1668 1830 1831
f 1668 1831 1669
f 1668 1829 1830
f 1669 1831 1832
f 1669 1832 1670
f 1670 1832 1833
f 1670 1833 1671
f 1671 1833 1834
f 1671 1834 1673
f 1672 1673 1834
f 1672 1834 1835
f 1672 1835 1674
f 1674 1835 1836
f 1674 1836 1676
f 1674 1676 1675
f 1676 1836 1837
f 1676 1837 1838
f 1676 1838 1677
f 1677 1838 1839
f 1677 1839 1678
f 1678 1839 1840
f 1678 1840 1841
f 1678 1841 1679
f 1679 1841 1842
f 1679 1842 1681
f 1679 1681 1680
f 1681 1842 1843
f 1681 1843 1844
f 1681 1844 1682
f 1682 1844 1683
f 1683 1844 1684
f 1684 1845 1846
f 1684 1846 1847
f 1684 1847 1685
f 1684 1844 1845
f 1685 1847 1802
f 1686 1694 1687
f 1687 1694 1848
f 1687 1848 1689
f 1689 1848 1849
f 1689 1849 1691
f 1689 1691 1690
f 1691 1849 1850
f 1691 1850 1726
f 1693 1851 1852
f 1693 1852 1694
f 1693 1698 1853
f 1693 1853 1851
f 1694 1852 1848
f 1695 1699 1854
f 1695 1854 1855
f 1695 1855 1856
f 1695 1856 1857
f 1695 1857 1696
f 1696 1857 1858
f 1696 1858 1859
f 1696 1859 1698
f 1696 1698 1697
f 1698 1859 1853
f 1699 1700 1854
f 1700 1701 1721
f 1700 1721 1860
f 1700 1860 1855
f 1700 1855 1854
f 1708 1861 1710
f 1708 1710 1709
f 1710 1861 1862
f 1710 1862 1863
f 1710 1863 1864
f 1710 1864 1711
f 1711 1865 1713
f 1711 1713 1712
f 1711 1864 1866
f 1711 1866 1867
f 1711 1867 1868
f 1711 1868 1865
f 1713 1865 1869
f 1713 1869 1714
f 1714 1869 1715
f 1715 1869 1870
f 1715 1870 1716
f 1716 1870 1871
f 1716 1871 1717
f 1717 1871 1718
f 1718 1871 1872
f 1718 1872 1873
f 1718 1873 1874
f 1718 1874 1875
f 1718 1875 1876
f 1718 1876 1719
f 1719 1876 1877
f 1719 1877 1720
f 1720 1877 1723
f 1721 1722 1860
f 1722 1725 1860
f 1723 1877 1724
f 1724 1877 1878
f 1724 1878 1879
f 1724 1879 1725
f 1725 1879 1860
f 1726 1850 1727
f 1727 1850 1880
f 1727 1880 1881
f 1727 1881 1728
f 1728 1881 1880
f 1728 1880 1882
f 1728 1882 1729
f 1729 1882 1883
f 1729 1883 1884
f 1729 1884 1730
f 1730 1884 1885
f 1730 1885 1731
f 1731 1885 1732
f 1732 1886 1887
f 1732 1887 1733
f 1732 1885 1886
f 1733 1887 1888
f 1733 1888 1734
f 1734 1888 1735
f 1735 1889 1890
f 1735 1890 1891
f 1735 1891 1892
f 1735 1892 1893
f 1735 1893 1736
f 1735 1888 1894
f 1735 1894 1889
f 1736 1893 1737
f 1737 1893 1892
f 1737 1892 1895
f 1737 1895 1739
f 1737 1739 1738
f 1739 1895 1896
f 1739 1896 1897
f 1739 1897 1898
f 1739 1898 1742
f 1739 1742 1741
f 1742 1744 1743
f 1742 1898 1897
f 1742 1897 1899
f 1742 1899 1900
f 1742 1900 1901
f 1742 1901 1744
f 1744 1901 1746
f 1746 1901 1902
f 1746 1902 1903
f 1746 1903 1904
f 1746 1904 1905
f 1746 1905 1747
f 1747 1905 1906
f 1747 1906 1748
f 1748 1906 1907
f 1748 1907 1749
f 1749 1907 1908
f 1749 1908 1909
f 1749 1909 1910
f 1749 1910 1911
f 1749 1911 1750
f 1750 1911 1751
f 1751 1911 1910
f 1751 1910 1912
f 1751 1912 1752
f 1752 1912 1913
f 1752 1913 1753
f 1753 1913 1754
f 1754 1913 1755
f 1755 1914 1915
f 1755 1915 1916
f 1755 1916 1917
f 1755 1917 1756
f 1755 1913 1918
f 1755 1918 1919
f 1755 1919 1914
f 1756 1917 1757
f 1757 1759 1758
f 1757 1917 1916
f 1757 1916 1920
f 1757 1920 1921
f 1757 1921 1922
f 1757 1922 1761
f 1761 1922 1923
f 1761 1923 1763
f 1761 1763 1762
f 1763 1923 1800
f 1763 1800 1799
f 1763 1799 1764
f 1764 1799 1765
f 1765 1799 1767
f 1765 1767 1766
f 1767 1799 1924
f 1767 1924 1798
f 1767 1798 1797
f 1767 1796 1925
f 1767 1925 1768
f 1768 1925 1769
f 1769 1925 1796
f 1770 1772 1783
f 1770 1783 1926
f 1770 1926 1927
f 1770 1927 1928
f 1770 1928 1771
f 1771 1928 1929
f 1771 1929 1773
f 1773 1930 1931
f 1773 1931 1932
f 1773 1932 1775
f 1773 1775 1774
f 1773 1929 1930
f 1775 1932 1933
f 1775 1933 1785
f 1776 1934 1784
f 1776 1778 1934
f 1777 1786 1935
f 1777 1935 1936
f 1777 1936 1937
f 1777 1937 1778
f 1778 1937 1934
f 1779 1784 1780
f 1780 1938 1781
f 1780 1784 1939
f 1780 1939 1940
f 1780 1940 1941
f 1780 1941 1942
f 1780 1942 1938
f 1781 1943 1782
f 1781 1938 1943
f 1782 1943 1944
f 1782 1944 1926
f 1782 1926 1783
f 1784 1934 1939
f 1786 1945 1935
f 1786 1787 1945
f 1787 1789 1946
f 1787 1946 1947
f 1787 1947 1945
f 1789 1793 1946
f 1791 1801 1948
f 1791 1948 1949
f 1791 1949 1792
f 1792 1949 1794
f 1793 1795 1950
f 1793 1950 1946
f 1794 1949 1951
f 1794 1951 1952
f 1794 1952 1953
f 1794 1953 1795
f 1795 1953 1954
f 1795 1954 1950
f 1798 1924 1799
f 1800 1923 1955
f 1800 1955 1801
f 1801 1955 1949
f 1801 1949 1948
f 1802 1847 1803
f 1803 1956 1804
f 1803 1847 1956
f 1804 1956 1957
f 1804 1957 1958
f 1804 1958 1809
f 1804 1809 1805
f 1807 1959 1808
f 1807 1811 1960
f 1807 1960 1961
f 1807 1961 1962
f 1807 1962 1959
f 1808 1959 1812
f 1809 1958 1963
f 1809 1963 1964
f 1809 1964 1965
f 1809 1965 1810
f 1810 1965 1966
f 1810 1966 1967
f 1810 1967 1960
f 1810 1960 1811
f 1812 1959 1968
f 1812 1968 1969
f 1812 1969 1813
f 1813 1969 1970
f 1813 1970 1814
f 1814 1970 1971
f 1814 1971 1816
f 1815 1816 1817
f 1816 1971 1820
f 1820 1971 1972
f 1820 1972 1821
f 1821 1972 1973
f 1822 1974 1823
f 1823 1974 1975
f 1823 1975 1824
f 1824 1976 1977
f 1824 1977 1978
f 1824 1978 1825
f 1825 1978 1979
f 1825 1979 1826
f 1826 1979 1827
f 1827 1979 1980
f 1827 1980 1828
f 1828 1980 1981
f 1828 1981 1982
f 1828 1982 1829
f 1829 1982 1983
f 1829 1983 1830
f 1830 1983 1831
f 1831 1983 1984
f 1831 1984 1832
f 1832 1984 1833
f 1833 1985 1834
f 1833 1984 1985
f 1834 1985 1835
f 1835 1986 1987
f 1835 1987 1836
f 1835 1985 1986
f 1836 1987 1988
f 1836 1988 1989
f 1836 1989 1837
f 1837 1989 1838
f 1838 1989 1990
f 1838 1990 1991
f 1838 1991 1839
f 1839 1991 1992
f 1839 1992 1840
f 1840 1992 1841
f 1841 1993 1994
f 1841 1994 1842
f 1841 1992 1993
f 1842 1994 1995
f 1842 1995 1843
f 1843 1995 1996
f 1843 1996 1844
f 1844 1996 1845
f 1845 1997 1998
f 1845 1998 1846
f 1845 1996 1997
f 1846 1998 1999
f 1846 1999 1847
f 1847 1999 2000
f 1847 2000 1956
f 1848 1852 1851
f 1848 1851 2001
f 1848 2001 1849
f 1849 2001 1850
f 1850 2001 1851
f 1850 1851 2002
f 1850 2002 2003
f 1850 2003 1880
f 1851 1853 2004
f 1851 2004 2005
f 1851 2005 2006
f 1851 2006 2002
f 1853 1859 2007
f 1853 2007 2004
f 1855 1860 2008
f 1855 2008 1856
f 1856 2009 2010
f 1856 2010 1857
f 1856 2008 2011
f 1856 2011 2012
f 1856 2012 2009
f 1857 2010 2013
f 1857 2013 1858
f 1858 2004 2007
f 1858 2007 1859
f 1858 2013 2004
f 1860 1879 2014
f 1860 2014 2008
f 1863 2015 1864
f 1864 2015 2016
f 1864 2016 1866
f 1865 1868 2017
f 1865 2017 2018
f 1865 2018 1869
f 1866 2016 2019
f 1866 2019 1867
f 1867 2019 2020
f 1867 2020 2021
f 1867 2021 1868
f 1868 2021 2022
f 1868 2022 2017
f 1869 2018 1872
f 1869 1872 1870
f 1870 1872 1871
f 1872 2018 2023
f 1872 2023 2024
f 1872 2024 1874
f 1872 1874 1873
f 1874 2024 2025
f 1874 2025 2026
f 1874 2026 1875
f 1875 2026 2027
f 1875 2027 2028
f 1875 2028 1876
f 1876 2028 2029
f 1876 2029 2030
f 1876 2030 2031
f 1876 2031 1877
f 1877 2032 2033
f 1877 2033 1878
f 1877 2031 2034
f 1877 2034 2032
f 1878 2033 2035
f 1878 2035 2036
f 1878 2036 1879
f 1879 2037 2038
f 1879 2038 2008
f 1879 2008 2014
f 1879 2036 2037
f 1880 2003 2039
f 1880 2039 2040
f 1880 2040 1882
f 1882 2040 1883
f 1883 2040 2041
f 1883 2041 2042
f 1883 2042 1884
f 1884 2042 1885
f 1885 2042 2043
f 1885 2043 2044
f 1885 2044 1887
f 1885 1887 1886
f 1887 2044 1894
f 1887 1894 1888
f 1889 1894 2045
f 1889 2045 2046
f 1889 2046 2047
f 1889 2047 1890
f 1890 2048 2049
f 1890 2049 2050
f 1890 2050 2051
f 1890 2051 1891
f 1890 2047 2046
f 1890 2046 2048
f 1891 2051 1892
f 1892 2051 2052
f 1892 2052 2053
f 1892 2053 1897
f 1892 1897 1896
f 1892 1896 1895
f 1894 2044 2054
f 1894 2054 2055
f 1894 2055 2056
f 1894 2056 2057
f 1894 2057 2045
f 1897 2053 2058
f 1897 2058 2052
f 1897 2052 2059
f 1897 2059 2060
f 1897 2060 2061
f 1897 2061 1899
f 1899 2061 2062
f 1899 2062 2063
f 1899 2063 1900
f 1900 2063 1902
f 1900 1902 1901
f 1902 2063 2064
f 1902 2064 1903
f 1903 2064 2065
f 1903 2065 1905
f 1903 1905 1904
f 1905 2065 2066
f 1905 2066 2067
f 1905 2067 2068
f 1905 2068 1906
f 1906 2068 1907
f 1907 2068 2067
f 1907 2067 1908
f 1908 2069 1909
f 1908 2067 2070
f 1908 2070 2071
f 1908 2071 2069
f 1909 2069 1910
f 1910 2069 2071
f 1910 2071 2072
f 1910 2072 1918
f 1910 1918 1913
f 1910 1913 1912
f 1914 2073 2074
f 1914 2074 2075
f 1914 2075 2076
f 1914 2076 1915
f 1914 1919 2077
f 1914 2077 2073
f 1915 2076 1916
f 1916 2076 1920
f 1918 2072 2073
f 1918 2073 1919
f 1919 2073 2077
f 1920 2076 2078
f 1920 2078 2079
f 1920 2079 1921
f 1921 2079 1952
f 1921 1952 1922
f 1922 1952 2080
f 1922 2080 1923
f 1923 2080 1951
f 1923 1951 1955
f 1926 2081 1927
f 1926 1944 2081
f 1927 2081 2082
f 1927 2082 1928
f 1928 2082 1929
f 1929 2082 2083
f 1929 2083 2084
f 1929 2084 1930
f 1930 2085 2086
f 1930 2086 1931
f 1930 2084 2085
f 1931 2086 2087
f 1934 1937 1939
f 1935 1945 2088
f 1935 2088 1936
f 1936 2089 1937
f 1936 2088 2089
f 1937 2089 2090
f 1937 2090 1939
f 1938 1942 2091
f 1938 2091 2092
f 1938 2092 2093
f 1938 2093 1943
f 1939 2090 2094
f 1939 2094 1940
f 1940 2094 2095
f 1940 2095 1941
f 1941 2091 1942
f 1941 2095 2096
f 1941 2096 2097
f 1941 2097 2091
f 1943 2093 2092
f 1943 2092 2098
f 1943 2098 2099
f 1943 2099 1944
f 1944 2099 2081
f 1945 2100 2088
f 1945 1947 2101
f 1945 2101 2100
f 1946 2102 2103
f 1946 2103 1947
f 1946 1950 2104
f 1946 2104 2105
f 1946 2105 2102
f 1947 2103 2101
f 1949 1955 1951
f 1950 1954 2106
f 1950 2106 2104
f 1951 2080 1952
f 1952 2079 2107
f 1952 2107 2108
f 1952 2108 2106
f 1952 2106 1953
f 1953 2106 1954
f 1956 2000 1957
f 1957 2109 1958
f 1957 2000 2109
f 1958 2109 2110
f 1958 2110 2111
f 1958 2111 2112
f 1958 2112 1963
f 1959 2113 1968
f 1959 1962 2113
f 1960 1967 2114
f 1960 2114 1961
f 1961 2114 2115
f 1961 2115 2116
f 1961 2116 1962
f 1962 2116 2117
f 1962 2117 2113
f 1963 2112 1964
f 1964 2112 2118
f 1964 2118 1966
f 1964 1966 1965
f 1966 2118 2119
f 1966 2119 2120
f 1966 2120 1967
f 1967 2120 2114
f 1968 2113 2117
f 1968 2117 1969
f 1969 2117 2121
f 1969 2121 1970
f 1970 2121 2122
f 1970 2122 2123
f 1970 2123 2124
f 1970 2124 1971
f 1971 2124 2125
f 1971 2125 2126
f 1971 2126 1972
f 1972 2127 1973
f 1972 2126 2128
f 1972 2128 2129
f 1972 2129 2127
f 1976 2130 1977
f 1977 2131 2132
f 1977 2132 2133
f 1977 2133 1978
f 1977 2130 2131
f 1978 2132 2134
f 1978 2134 1979
f 1978 2133 2132
f 1979 2134 2135
f 1979 2135 2136
f 1979 2136 1980
f 1980 2136 2137
f 1980 2137 1981
f 1981 2137 2138
f 1981 2138 1982
f 1982 2138 1983
f 1983 2138 2139
f 1983 2139 1984
f 1984 2139 2140
f 1984 2140 1985
f 1985 2140 2141
f 1985 2141 2142
f 1985 2142 1986
f 1986 2142 2143
f 1986 2143 1987
f 1987 2143 2144
f 1987 2144 1988
f 1988 2144 1989
f 1989 2145 2146
f 1989 2146 1990
f 1989 2144 2145
f 1990 2146 1991
f 1991 2146 2147
f 1991 2147 1992
f 1992 2147 2148
f 1992 2148 1993
f 1993 2148 2149
f 1993 2149 1995
f 1993 1995 1994
f 1995 2149 2150
f 1995 2150 2151
f 1995 2151 1996
f 1996 2151 1997
f 1997 2151 1998
f 1998 2152 2153
f 1998 2153 1999
f 1998 2151 2152
f 1999 2153 2000
f 2000 2153 2154
f 2000 2154 2109
f 2002 2006 2005
f 2002 2005 2155
f 2002 2155 2156
f 2002 2156 2003
f 2003 2156 2039
f 2004 2013 2157
f 2004 2157 2158
f 2004 2158 2005
f 2005 2158 2159
f 2005 2159 2160
f 2005 2160 2155
f 2008 2038 2011
f 2009 2161 2157
f 2009 2157 2010
f 2009 2012 2161
f 2010 2157 2013
f 2011 2038 2037
f 2011 2037 2162
f 2011 2162 2163
f 2011 2163 2164
f 2011 2164 2012
f 2012 2164 2161
f 2016 2165 2019
f 2017 2022 2018
f 2018 2022 2166
f 2018 2166 2023
f 2019 2165 2167
f 2019 2167 2168
f 2019 2168 2020
f 2020 2168 2021
f 2021 2169 2022
f 2021 2168 2123
f 2021 2123 2169
f 2022 2169 2166
f 2023 2166 2170
f 2023 2170 2024
f 2024 2170 2171
f 2024 2171 2025
f 2025 2171 2172
f 2025 2172 2026
f 2026 2172 2116
f 2026 2116 2115
f 2026 2115 2173
f 2026 2173 2027
f 2027 2173 2028
f 2028 2173 2120
f 2028 2120 2119
f 2028 2119 2174
f 2028 2174 2175
f 2028 2175 2029
f 2029 2175 2031
f 2029 2031 2030
f 2031 2175 2176
f 2031 2176 2034
f 2032 2177 2035
f 2032 2035 2033
f 2032 2034 2177
f 2034 2176 2178
f 2034 2178 2179
f 2034 2179 2180
f 2034 2180 2177
f 2035 2177 2181
f 2035 2181 2036
f 2036 2181 2182
f 2036 2182 2163
f 2036 2163 2037
f 2037 2163 2162
f 2039 2041 2040
f 2039 2156 2155
f 2039 2155 2160
f 2039 2160 2183
f 2039 2183 2184
f 2039 2184 2185
f 2039 2185 2041
f 2041 2185 2042
f 2042 2185 2043
f 2043 2185 2044
f 2044 2185 2186
f 2044 2186 2054
f 2045 2057 2046
f 2046 2057 2187
f 2046 2187 2188
f 2046 2188 2189
f 2046 2189 2049
f 2046 2049 2048
f 2049 2189 2190
f 2049 2190 2050
f 2050 2190 2191
f 2050 2191 2059
f 2050 2059 2052
f 2050 2052 2051
f 2052 2058 2053
f 2054 2186 2183
f 2054 2183 2055
f 2055 2192 2193
f 2055 2193 2194
f 2055 2194 2195
f 2055 2195 2196
f 2055 2196 2056
f 2055 2183 2197
f 2055 2197 2192
f 2056 2196 2057
f 2057 2196 2187
f 2059 2191 2198
f 2059 2198 2199
f 2059 2199 2200
f 2059 2200 2060
f 2060 2200 2201
f 2060 2201 2202
f 2060 2202 2203
f 2060 2203 2204
f 2060 2204 2061
f 2061 2204 2062
f 2062 2204 2205
f 2062 2205 2063
f 2063 2205 2206
f 2063 2206 2207
f 2063 2207 2064
f 2064 2207 2208
f 2064 2208 2209
f 2064 2209 2065
f 2065 2209 2066
f 2066 2209 2210
f 2066 2210 2211
f 2066 2211 2070
f 2066 2070 2067
f 2070 2211 2212
f 2070 2212 2071
f 2071 2212 2073
f 2071 2073 2072
f 2073 2212 2213
f 2073 2213 2214
f 2073 2214 2074
f 2074 2214 2215
f 2074 2215 2216
f 2074 2216 2217
f 2074 2217 2075
f 2075 2217 2078
f 2075 2078 2076
f 2078 2217 2218
f 2078 2218 2107
f 2078 2107 2079
f 2081 2099 2219
f 2081 2219 2082
f 2082 2219 2220
f 2082 2220 2221
f 2082 2221 2083
f 2083 2221 2084
f 2084 2221 2222
f 2084 2222 2223
f 2084 2223 2224
f 2084 2224 2085
f 2085 2224 2225
f 2085 2087 2086
f 2088 2100 2226
f 2088 2226 2227
f 2088 2227 2089
f 2089 2227 2094
f 2089 2094 2090
f 2091 2097 2228
f 2091 2228 2092
f 2092 2229 2230
f 2092 2230 2098
f 2092 2228 2229
f 2094 2227 2095
f 2095 2227 2231
f 2095 2231 2096
f 2096 2231 2097
f 2097 2231 2232
f 2097 2232 2233
f 2097 2233 2234
f 2097 2234 2235
f 2097 2235 2236
f 2097 2236 2228
f 2098 2230 2099
f 2099 2237 2219
f 2099 2230 2238
f 2099 2238 2237
f 2100 2101 2239
f 2100 2239 2226
f 2101 2103 2240
f 2101 2240 2226
f 2101 2226 2239
f 2102 2105 2241
f 2102 2241 2103
f 2103 2241 2242
f 2103 2242 2243
f 2103 2243 2240
f 2104 2106 2244
f 2104 2244 2241
f 2104 2241 2105
f 2106 2108 2245
f 2106 2245 2244
f 2107 2218 2108
f 2108 2218 2245
f 2109 2154 2246
f 2109 2246 2110
f 2110 2246 2111
f 2111 2246 2118
f 2111 2118 2112
f 2114 2120 2173
f 2114 2173 2115
f 2116 2172 2171
f 2116 2171 2117
f 2117 2171 2170
f 2117 2170 2121
f 2118 2246 2247
f 2118 2247 2248
f 2118 2248 2249
f 2118 2249 2250
f 2118 2250 2119
f 2119 2250 2178
f 2119 2178 2174
f 2121 2170 2122
f 2122 2170 2169
f 2122 2169 2123
f 2123 2251 2124
f 2123 2168 2251
f 2124 2251 2125
f 2125 2251 2168
f 2125 2168 2126
f 2126 2252 2128
f 2126 2168 2253
f 2126 2253 2252
f 2128 2252 2254
f 2128 2254 2255
f 2128 2255 2129
f 2130 2256 2131
f 2131 2256 2257
f 2131 2257 2258
f 2131 2258 2259
f 2131 2259 2132
f 2132 2259 2260
f 2132 2260 2134
f 2134 2260 2261
f 2134 2261 2135
f 2135 2261 2262
f 2135 2262 2136
f 2136 2262 2263
f 2136 2263 2137
f 2137 2263 2264
f 2137 2264 2138
f 2138 2264 2265
f 2138 2265 2266
f 2138 2266 2139
f 2139 2266 2140
f 2140 2266 2267
f 2140 2267 2141
f 2141 2267 2268
f 2141 2268 2142
f 2142 2268 2269
f 2142 2269 2143
f 2143 2269 2270
f 2143 2270 2144
f 2144 2270 2271
f 2144 2271 2146
f 2144 2146 2145
f 2146 2271 2272
f 2146 2272 2147
f 2147 2272 2148
f 2148 2273 2274
f 2148 2274 2275
f 2148 2275 2276
f 2148 2276 2149
f 2148 2272 2273
f 2149 2276 2277
f 2149 2277 2150
f 2150 2277 2278
f 2150 2278 2279
f 2150 2279 2152
f 2150 2152 2151
f 2152 2279 2280
f 2152 2280 2281
f 2152 2281 2153
f 2153 2281 2280
f 2153 2280 2154
f 2154 2282 2283
f 2154 2283 2284
f 2154 2284 2285
f 2154 2285 2246
f 2154 2280 2282
f 2157 2161 2286
f 2157 2286 2158
f 2158 2286 2159
f 2159 2286 2287
f 2159 2287 2288
f 2159 2288 2160
f 2160 2288 2183
f 2161 2164 2289
f 2161 2289 2290
f 2161 2290 2291
f 2161 2291 2286
f 2163 2292 2164
f 2163 2182 2293
f 2163 2293 2292
f 2164 2292 2289
f 2165 2294 2167
f 2166 2169 2170
f 2167 2294 2295
f 2167 2295 2253
f 2167 2253 2168
f 2174 2178 2175
f 2175 2178 2176
f 2177 2180 2181
f 2178 2250 2296
f 2178 2296 2179
f 2179 2296 2297
f 2179 2297 2180
f 2180 2182 2181
f 2180 2297 2298
f 2180 2298 2182
f 2182 2298 2299
f 2182 2299 2300
f 2182 2300 2293
f 2183 2288 2197
f 2183 2186 2185
f 2183 2185 2184
f 2187 2196 2188
f 2188 2196 2189
f 2189 2196 2301
f 2189 2301 2190
f 2190 2301 2302
f 2190 2302 2303
f 2190 2303 2304
f 2190 2304 2191
f 2191 2304 2305
f 2191 2305 2199
f 2191 2199 2198
f 2192 2197 2193
f 2193 2306 2194
f 2193 2197 2306
f 2194 2307 2308
f 2194 2308 2309
f 2194 2309 2195
f 2194 2306 2307
f 2195 2309 2196
f 2196 2309 2301
f 2197 2288 2287
f 2197 2287 2310
f 2197 2310 2306
f 2199 2305 2200
f 2200 2305 2311
f 2200 2311 2312
f 2200 2312 2201
f 2201 2312 2202
f 2202 2313 2203
f 2202 2312 2314
f 2202 2314 2315
f 2202 2315 2313
f 2203 2313 2316
f 2203 2316 2204
f 2204 2316 2205
f 2205 2316 2317
f 2205 2317 2206
f 2206 2209 2208
f 2206 2208 2207
f 2206 2317 2316
f 2206 2316 2318
f 2206 2318 2319
f 2206 2319 2320
f 2206 2320 2321
f 2206 2321 2209
f 2209 2321 2322
f 2209 2322 2210
f 2210 2322 2323
f 2210 2323 2324
f 2210 2324 2211
f 2211 2324 2325
f 2211 2325 2212
f 2212 2325 2326
f 2212 2326 2213
f 2213 2327 2328
f 2213 2328 2215
f 2213 2215 2214
f 2213 2326 2327
f 2215 2328 2329
f 2215 2329 2216
f 2216 2329 2330
f 2216 2330 2217
f 2217 2330 2331
f 2217 2331 2332
f 2217 2332 2245
f 2217 2245 2218
f 2219 2237 2333
f 2219 2333 2220
f 2220 2333 2334
f 2220 2334 2221
f 2221 2334 2222
f 2222 2334 2335
f 2222 2335 2336
f 2222 2336 2337
f 2222 2337 2338
f 2222 2338 2223
f 2223 2338 2224
f 2224 2338 2225
f 2226 2339 2340
f 2226 2340 2341
f 2226 2341 2227
f 2226 2240 2339
f 2227 2341 2231
f 2228 2236 2342
f 2228 2342 2229
f 2229 2343 2238
f 2229 2238 2230
f 2229 2342 2344
f 2229 2344 2343
f 2231 2341 2232
f 2232 2345 2233
f 2232 2341 2346
f 2232 2346 2347
f 2232 2347 2348
f 2232 2348 2345
f 2233 2345 2234
f 2234 2349 2235
f 2234 2345 2349
f 2235 2349 2350
f 2235 2350 2351
f 2235 2351 2236
f 2236 2352 2353
f 2236 2353 2344
f 2236 2344 2342
f 2236 2351 2350
f 2236 2350 2352
f 2237 2354 2355
f 2237 2355 2333
f 2237 2238 2356
f 2237 2356 2354
f 2238 2343 2357
f 2238 2357 2354
f 2238 2354 2356
f 2240 2243 2358
f 2240 2358 2359
f 2240 2359 2339
f 2241 2360 2361
f 2241 2361 2358
f 2241 2358 2242
f 2241 2244 2360
f 2242 2358 2243
f 2244 2245 2332
f 2244 2332 2360
f 2246 2285 2247
f 2247 2285 2362
f 2247 2362 2363
f 2247 2363 2248
f 2248 2363 2249
f 2249 2364 2365
f 2249 2365 2250
f 2249 2363 2364
f 2250 2365 2296
f 2252 2366 2254
f 2252 2253 2295
f 2252 2295 2366
f 2256 2367 2257
f 2257 2367 2258
f 2258 2367 2368
f 2258 2368 2369
f 2258 2369 2370
f 2258 2370 2371
f 2258 2371 2259
f 2259 2371 2260
f 2260 2371 2372
f 2260 2372 2261
f 2261 2372 2262
f 2262 2372 2373
f 2262 2373 2374
f 2262 2374 2263
f 2263 2374 2375
f 2263 2375 2264
f 2264 2375 2376
f 2264 2376 2265
f 2265 2376 2266
f 2266 2376 2267
f 2267 2376 2377
f 2267 2377 2378
f 2267 2378 2268
f 2268 2378 2269
f 2269 2378 2379
f 2269 2379 2380
f 2269 2380 2270
f 2270 2380 2381
f 2270 2381 2382
f 2270 2382 2271
f 2271 2382 2381
f 2271 2381 2383
f 2271 2383 2384
f 2271 2384 2272
f 2272 2384 2385
f 2272 2385 2273
f 2273 2385 2386
f 2273 2386 2274
f 2274 2386 2275
f 2275 2386 2387
f 2275 2387 2388
f 2275 2388 2277
f 2275 2277 2276
f 2277 2388 2278
f 2278 2388 2389
f 2278 2389 2390
f 2278 2390 2279
f 2279 2390 2280
f 2280 2390 2391
f 2280 2391 2392
f 2280 2392 2393
f 2280 2393 2282
f 2282 2393 2283
f 2283 2393 2394
f 2283 2394 2395
f 2283 2395 2396
f 2283 2396 2284
f 2284 2396 2285
f 2285 2397 2398
f 2285 2398 2362
f 2285 2396 2397
f 2286 2291 2310
f 2286 2310 2287
f 2289 2300 2399
f 2289 2399 2400
f 2289 2400 2290
f 2289 2292 2300
f 2290 2400 2401
f 2290 2401 2291
f 2291 2401 2310
f 2292 2293 2300
f 2296 2365 2297
f 2297 2365 2364
f 2297 2364 2402
f 2297 2402 2403
f 2297 2403 2404
f 2297 2404 2298
f 2298 2404 2299
f 2299 2405 2300
f 2299 2404 2406
f 2299 2406 2407
f 2299 2407 2408
f 2299 2408 2405
f 2300 2409 2399
f 2300 2405 2409
f 2301 2309 2410
f 2301 2410 2302
f 2302 2410 2303
f 2303 2411 2412
f 2303 2412 2413
f 2303 2413 2304
f 2303 2410 2411
f 2304 2413 2414
f 2304 2414 2305
f 2305 2414 2415
f 2305 2415 2311
f 2306 2310 2401
f 2306 2401 2400
f 2306 2400 2307
f 2307 2400 2416
f 2307 2416 2308
f 2308 2416 2417
f 2308 2417 2410
f 2308 2410 2309
f 2311 2415 2418
f 2311 2418 2312
f 2312 2418 2314
f 2313 2315 2318
f 2313 2318 2316
f 2314 2418 2419
f 2314 2419 2420
f 2314 2420 2315
f 2315 2420 2421
f 2315 2421 2422
f 2315 2422 2423
f 2315 2423 2424
f 2315 2424 2318
f 2318 2424 2425
f 2318 2425 2319
f 2319 2425 2426
f 2319 2426 2320
f 2320 2426 2427
f 2320 2427 2428
f 2320 2428 2429
f 2320 2429 2430
f 2320 2430 2321
f 2321 2430 2322
f 2322 2430 2323
f 2323 2431 2324
f 2323 2430 2429
f 2323 2429 2432
f 2323 2432 2433
f 2323 2433 2431
f 2324 2431 2325
f 2325 2431 2326
f 2326 2431 2434
f 2326 2434 2327
f 2327 2434 2435
f 2327 2435 2436
f 2327 2436 2328
f 2328 2436 2437
f 2328 2437 2438
f 2328 2438 2329
f 2329 2332 2331
f 2329 2331 2330
f 2329 2438 2439
f 2329 2439 2332
f 2332 2439 2360
f 2333 2355 2440
f 2333 2440 2441
f 2333 2441 2442
f 2333 2442 2334
f 2334 2443 2444
f 2334 2444 2445
f 2334 2445 2335
f 2334 2442 2441
f 2334 2441 2443
f 2335 2445 2446
f 2339 2359 2448
f 2339 2448 2340
f 2340 2447 2341
f 2340 2448 2447
f 2341 2447 2346
f 2343 2344 2353
f 2343 2353 2449
f 2343 2449 2450
f 2343 2450 2357
f 2345 2451 2452
f 2345 2452 2349
f 2345 2348 2453
f 2345 2453 2454
f 2345 2454 2451
f 2346 2447 2347
f 2347 2447 2455
f 2347 2455 2456
f 2347 2456 2348
f 2348 2456 2453
f 2349 2452 2350
f 2350 2452 2457
f 2350 2457 2458
f 2350 2458 2352
f 2352 2458 2353
f 2353 2458 2459
f 2353 2459 2449
f 2354 2450 2460
f 2354 2460 2355
f 2354 2357 2450
f 2355 2460 2461
f 2355 2461 2440
f 2358 2361 2359
f 2359 2361 2462
f 2359 2462 2448
f 2360 2439 2463
f 2360 2463 2361
f 2361 2463 2462
f 2362 2398 2363
f 2363 2398 2402
f 2363 2402 2364
f 2369 2464 2465
f 2369 2465 2466
f 2369 2466 2370
f 2370 2467 2371
f 2370 2466 2467
f 2371 2467 2468
f 2371 2468 2469
f 2371 2469 2372
f 2372 2469 2470
f 2372 2470 2373
f 2373 2470 2471
f 2373 2471 2374
f 2374 2471 2375
f 2375 2471 2472
f 2375 2472 2376
f 2376 2472 2473
f 2376 2473 2474
f 2376 2474 2377
f 2377 2474 2475
f 2377 2475 2378
f 2378 2475 2476
f 2378 2476 2379
f 2379 2476 2380
f 2380 2476 2477
f 2380 2477 2478
f 2380 2478 2381
f 2381 2479 2383
f 2381 2478 2479
f 2383 2479 2384
f 2384 2479 2480
f 2384 2480 2385
f 2385 2481 2482
f 2385 2482 2386
f 2385 2480 2481
f 2386 2482 2387
f 2387 2483 2484
f 2387 2484 2485
f 2387 2485 2486
f 2387 2486 2389
f 2387 2389 2388
f 2387 2482 2483
f 2389 2486 2487
f 2389 2487 2390
f 2390 2487 2392
f 2390 2392 2391
f 2392 2488 2489
f 2392 2489 2393
f 2392 2487 2488
f 2393 2489 2395
f 2393 2395 2394
f 2395 2490 2398
f 2395 2398 2397
f 2395 2397 2396
f 2395 2489 2490
f 2398 2490 2402
f 2399 2409 2491
f 2399 2491 2400
f 2400 2491 2416
f 2402 2492 2493
f 2402 2493 2403
f 2402 2490 2492
f 2403 2493 2407
f 2403 2407 2404
f 2404 2407 2406
f 2405 2408 2494
f 2405 2494 2495
f 2405 2495 2496
f 2405 2496 2416
f 2405 2416 2491
f 2405 2491 2409
f 2407 2493 2497
f 2407 2497 2408
f 2408 2497 2498
f 2408 2498 2494
f 2410 2417 2499
f 2410 2499 2411
f 2411 2499 2412
f 2412 2499 2495
f 2412 2495 2500
f 2412 2500 2501
f 2412 2501 2413
f 2413 2501 2502
f 2413 2502 2415
f 2413 2415 2414
f 2415 2502 2503
f 2415 2503 2418
f 2416 2496 2499
f 2416 2499 2417
f 2418 2503 2504
f 2418 2504 2419
f 2419 2504 2505
f 2419 2505 2506
f 2419 2506 2507
f 2419 2507 2420
f 2420 2507 2508
f 2420 2508 2421
f 2421 2508 2509
f 2421 2509 2422
f 2422 2509 2510
f 2422 2510 2426
f 2422 2426 2425
f 2422 2425 2424
f 2422 2424 2423
f 2426 2510 2511
f 2426 2511 2512
f 2426 2512 2427
f 2427 2512 2511
f 2427 2511 2513
f 2427 2513 2514
f 2427 2514 2428
f 2428 2514 2429
f 2429 2514 2432
f 2431 2433 2515
f 2431 2515 2435
f 2431 2435 2434
f 2432 2514 2516
f 2432 2516 2517
f 2432 2517 2433
f 2433 2517 2518
f 2433 2518 2519
f 2433 2519 2520
f 2433 2520 2521
f 2433 2521 2522
f 2433 2522 2515
f 2435 2515 2523
f 2435 2523 2436
f 2436 2523 2437
f 2437 2524 2525
f 2437 2525 2438
f 2437 2523 2524
f 2438 2525 2526
f 2438 2526 2439
f 2439 2526 2463
f 2440 2461 2441
f 2441 2461 2527
f 2441 2527 2528
f 2441 2528 2443
f 2443 2528 2529
f 2443 2529 2444
f 2444 2529 2530
f 2444 2530 2445
f 2445 2530 2446
f 2447 2448 2462
f 2447 2462 2531
f 2447 2531 2455
f 2449 2459 2532
f 2449 2532 2533
f 2449 2533 2450
f 2450 2534 2549
f 2450 2549 2460
f 2450 2533 2534
f 2451 2535 2452
f 2451 2454 2535
f 2452 2536 2457
f 2452 2535 2537
f 2452 2537 2536
f 2453 2456 2538
f 2453 2538 2539
f 2453 2539 2454
f 2454 2539 2540
f 2454 2540 2535
f 2455 2531 2541
f 2455 2541 2542
f 2455 2542 2456
f 2456 2542 2538
f 2457 2536 2543
f 2457 2543 2544
f 2457 2544 2545
f 2457 2545 2546
f 2457 2546 2547
f 2457 2547 2458
f 2458 2547 2546
f 2458 2546 2459
f 2459 2546 2548
f 2459 2548 2532
f 2460 2549 2550
f 2460 2550 2461
f 2461 2550 2551
f 2461 2551 2527
f 2462 2463 2526
f 2462 2526 2552
f 2462 2552 2531
f 2464 2553 2554
f 2464 2554 2465
f 2465 2554 2467
f 2465 2467 2466
f 2467 2555 2556
f 2467 2556 2468
f 2467 2554 2555
f 2468 2556 2469
f 2469 2556 2557
f 2469 2557 2558
f 2469 2558 2470
f 2470 2559 2471
f 2470 2558 2559
f 2471 2560 2472
f 2471 2559 2561
f 2471 2561 2560
f 2472 2562 2473
f 2472 2560 2562
f 2473 2562 2563
f 2473 2563 2474
f 2474 2563 2564
f 2474 2564 2475
f 2475 2564 2565
f 2475 2565 2476
f 2476 2565 2566
f 2476 2566 2477
f 2477 2566 2479
f 2477 2479 2478
f 2479 2567 2568
f 2479 2568 2480
f 2479 2566 2569
f 2479 2569 2567
f 2480 2568 2570
f 2480 2570 2481
f 2481 2570 2571
f 2481 2571 2572
f 2481 2572 2482
f 2482 2572 2573
f 2482 2573 2483
f 2483 2573 2484
f 2484 2573 2574
f 2484 2574 2575
f 2484 2575 2576
f 2484 2576 2486
f 2484 2486 2485
f 2486 2576 2577
f 2486 2577 2578
f 2486 2578 2488
f 2486 2488 2487
f 2488 2578 2579
f 2488 2579 2489
f 2489 2579 2580
f 2489 2580 2581
f 2489 2581 2582
f 2489 2582 2490
f 2490 2582 2583
f 2490 2583 2492
f 2492 2584 2497
f 2492 2497 2493
f 2492 2583 2584
f 2494 2498 2495
f 2495 2498 2585
f 2495 2585 2586
f 2495 2586 2587
f 2495 2587 2500
f 2495 2499 2496
f 2497 2584 2498
f 2498 2584 2588
f 2498 2588 2585
f 2500 2587 2589
f 2500 2589 2501
f 2501 2589 2502
f 2502 2589 2590
f 2502 2590 2591
f 2502 2591 2504
f 2502 2504 2503
f 2504 2591 2505
f 2505 2591 2592
f 2505 2592 2593
f 2505 2593 2506
f 2506 2593 2594
f 2506 2594 2507
f 2507 2594 2595
f 2507 2595 2508
f 2508 2596 2509
f 2508 2595 2597
f 2508 2597 2598
f 2508 2598 2599
f 2508 2599 2600
f 2508 2600 2596
f 2509 2596 2600
f 2509 2600 2510
f 2510 2600 2511
f 2511 2600 2601
f 2511 2601 2513
f 2513 2601 2602
f 2513 2602 2514
f 2514 2602 2516
f 2515 2522 2524
f 2515 2524 2523
f 2516 2602 2518
f 2516 2518 2517
f 2518 2603 2604
f 2518 2604 2605
f 2518 2605 2519
f 2518 2602 2603
f 2519 2606 2520
f 2519 2605 2607
f 2519 2607 2608
f 2519 2608 2606
f 2520 2606 2521
f 2521 2609 2524
f 2521 2524 2522
f 2521 2606 2610
f 2521 2610 2609
f 2524 2609 2525
f 2525 2609 2611
f 2525 2611 2526
f 2526 2611 2612
f 2526 2612 2552
f 2527 2551 2528
f 2528 2613 2529
f 2528 2551 2613
f 2531 2552 2612
f 2531 2612 2541
f 2532 2548 2533
f 2533 2548 2614
f 2533 2614 2534
f 2534 2614 2549
f 2535 2540 2615
f 2535 2615 2537
f 2536 2537 2543
f 2537 2616 2543
f 2537 2615 2687
f 2537 2687 2616
f 2538 2542 2539
f 2539 2617 2540
f 2539 2542 2618
f 2539 2618 2619
f 2539 2619 2617
f 2540 2617 2620
f 2540 2620 2615
f 2541 2612 2621
f 2541 2621 2622
f 2541 2622 2542
f 2542 2622 2618
f 2543 2623 2624
f 2543 2624 2544
f 2543 2616 2623
f 2544 2624 2625
f 2544 2625 2545
f 2545 2625 2546
f 2546 2626 2627
f 2546 2627 2628
f 2546 2628 2548
f 2546 2625 2626
f 2548 2628 2614
f 2549 2614 2629
f 2549 2629 2630
f 2549 2630 2550
f 2550 2630 2631
f 2550 2631 2551
f 2551 2631 2632
f 2551 2632 2633
f 2551 2633 2613
f 2553 2634 2635
f 2553 2635 2636
f 2553 2636 2554
f 2554 2636 2555
f 2555 2636 2637
f 2555 2637 2638
f 2555 2638 2556
f 2556 2638 2639
f 2556 2639 2557
f 2557 2639 2558
f 2558 2639 2640
f 2558 2640 2641
f 2558 2641 2642
f 2558 2642 2559
f 2559 2642 2561
f 2560 2561 2562
f 2561 2642 2562
f 2562 2643 2644
f 2562 2644 2563
f 2562 2642 2643
f 2563 2644 2645
f 2563 2645 2564
f 2564 2645 2646
f 2564 2646 2565
f 2565 2646 2566
f 2566 2646 2647
f 2566 2647 2569
f 2567 2569 2648
f 2567 2648 2649
f 2567 2649 2568
f 2568 2649 2650
f 2568 2650 2570
f 2569 2647 2648
f 2570 2651 2652
f 2570 2652 2571
f 2570 2650 2651
f 2571 2652 2572
f 2572 2652 2653
f 2572 2653 2573
f 2573 2653 2654
f 2573 2654 2655
f 2573 2655 2574
f 2574 2655 2656
f 2574 2656 2575
f 2575 2656 2657
f 2575 2657 2577
f 2575 2577 2576
f 2577 2657 2658
f 2577 2658 2659
f 2577 2659 2578
f 2578 2659 2660
f 2578 2660 2661
f 2578 2661 2662
f 2578 2662 2580
f 2578 2580 2579
f 2580 2662 2661
f 2580 2661 2663
f 2580 2663 2581
f 2581 2663 2582
f 2582 2663 2664
f 2582 2664 2583
f 2583 2664 2588
f 2583 2588 2584
f 2585 2588 2665
f 2585 2665 2586
f 2586 2661 2660
f 2586 2660 2590
f 2586 2590 2589
f 2586 2589 2587
f 2586 2665 2661
f 2588 2664 2661
f 2588 2661 2665
f 2590 2660 2666
f 2590 2666 2667
f 2590 2667 2668
f 2590 2668 2591
f 2591 2668 2592
f 2592 2658 2593
f 2592 2668 2667
f 2592 2667 2658
f 2593 2657 2656
f 2593 2656 2594
f 2593 2658 2657
f 2594 2656 2669
f 2594 2669 2595
f 2595 2669 2597
f 2597 2669 2670
f 2597 2670 2671
f 2597 2671 2598
f 2598 2671 2672
f 2598 2672 2599
f 2599 2673 2600
f 2599 2672 2674
f 2599 2674 2673
f 2600 2673 2675
f 2600 2675 2601
f 2601 2675 2602
f 2602 2675 2676
f 2602 2676 2677
f 2602 2677 2603
f 2603 2677 2604
f 2604 2677 2678
f 2604 2678 2679
f 2604 2679 2605
f 2605 2679 2607
f 2606 2608 2610
f 2607 2679 2680
f 2607 2680 2681
f 2607 2681 2682
f 2607 2682 2683
f 2607 2683 2684
f 2607 2684 2608
f 2608 2684 2622
f 2608 2622 2610
f 2609 2610 2621
f 2609 2621 2611
f 2610 2622 2621
f 2611 2621 2612
f 2614 2685 2629
f 2614 2628 2686
f 2614 2686 2685
f 2615 2620 2687
f 2616 2688 2623
f 2616 2687 2688
f 2617 2619 2683
f 2617 2683 2689
f 2617 2689 2620
f 2618 2622 2619
f 2619 2622 2684
f 2619 2684 2683
f 2620 2690 2687
f 2620 2689 2690
f 2623 2688 2691
f 2623 2691 2692
f 2623 2692 2624
f 2624 2692 2693
f 2624 2693 2694
f 2624 2694 2625
f 2625 2694 2626
f 2626 2694 2627
f 2627 2686 2628
f 2627 2694 2695
f 2627 2695 2696
f 2627 2696 2697
f 2627 2697 2686
f 2629 2685 2698
f 2629 2698 2630
f 2630 2698 2699
f 2630 2699 2631
f 2631 2699 2700
f 2631 2700 2632
f 2632 2700 2701
f 2632 2701 2633
f 2633 2701 2702
f 2634 2703 2635
f 2635 2704 2705
f 2635 2705 2636
f 2635 2703 2704
f 2636 2705 2637
f 2637 2706 2707
f 2637 2707 2638
f 2637 2705 2706
f 2638 2707 2639
f 2639 2708 2709
f 2639 2709 2640
f 2639 2707 2708
f 2640 2709 2710
f 2640 2710 2641
f 2641 2710 2711
f 2641 2711 2712
f 2641 2712 2642
f 2642 2712 2713
f 2642 2713 2714
f 2642 2714 2643
f 2643 2714 2644
f 2644 2714 2715
f 2644 2715 2645
f 2645 2716 2717
f 2645 2717 2646
f 2645 2715 2716
f 2646 2717 2718
f 2646 2718 2647
f 2647 2718 2719
f 2647 2719 2648
f 2648 2720 2649
f 2648 2719 2720
f 2649 2720 2721
f 2649 2721 2650
f 2650 2721 2722
f 2650 2722 2652
f 2650 2652 2651
f 2652 2722 2653
f 2653 2723 2724
f 2653 2724 2654
f 2653 2722 2723
f 2654 2724 2670
f 2654 2670 2655
f 2655 2669 2656
f 2655 2670 2669
f 2658 2667 2666
f 2658 2666 2659
f 2659 2666 2660
f 2661 2664 2663
f 2670 2724 2671
f 2671 2725 2672
f 2671 2724 2726
f 2671 2726 2725
f 2672 2725 2674
f 2673 2674 2727
f 2673 2727 2677
f 2673 2677 2676
f 2673 2676 2675
f 2674 2725 2728
f 2674 2728 2729
f 2674 2729 2727
f 2677 2727 2730
f 2677 2730 2729
f 2677 2729 2678
f 2678 2729 2731
f 2678 2731 2679
f 2679 2731 2680
f 2680 2731 2732
f 2680 2732 2733
f 2680 2733 2681
f 2681 2733 2682
f 2682 2733 2734
f 2682 2734 2689
f 2682 2689 2683
f 2685 2735 2698
f 2685 2686 2735
f 2686 2697 2735
f 2687 2690 2738
f 2687 2738 2736
f 2687 2736 2688
f 2688 2736 2737
f 2688 2737 2691
f 2689 2734 2690
f 2690 2734 2738
f 2691 2737 2739
f 2691 2739 2740
f 2691 2740 2692
f 2692 2740 2741
f 2692 2741 2742
f 2692 2742 2693
f 2693 2742 2694
f 2694 2743 2695
f 2694 2742 2743
f 2695 2743 2744
f 2695 2744 2745
f 2695 2745 2696
f 2696 2745 2746
f 2696 2746 2747
f 2696 2747 2735
f 2696 2735 2697
f 2698 2735 2748
f 2698 2748 2699
f 2699 2749 2750
f 2699 2750 2700
f 2699 2748 2749
f 2700 2750 2751
f 2700 2751 2701
f 2701 2751 2752
f 2701 2752 2753
f 2701 2753 2702
f 2703 2754 2755
f 2703 2755 2704
f 2704 2755 2705
f 2705 2755 2756
f 2705 2756 2706
f 2706 2756 2757
f 2706 2757 2758
f 2706 2758 2759
f 2706 2759 2707
f 2707 2759 2708
f 2708 2759 2760
f 2708 2760 2761
f 2708 2761 2709
f 2709 2761 2762
f 2709 2762 2710
f 2710 2762 2711
f 2711 2762 2713
f 2711 2713 2712
f 2713 2762 2763
f 2713 2763 2764
f 2713 2764 2714
f 2714 2764 2765
f 2714 2765 2715
f 2715 2765 2716
f 2716 2766 2717
f 2716 2765 2766
f 2717 2766 2767
f 2717 2767 2768
f 2717 2768 2718
f 2718 2768 2769
f 2718 2769 2719
f 2719 2769 2720
f 2720 2769 2770
f 2720 2770 2721
f 2721 2770 2771
f 2721 2771 2772
f 2721 2772 2773
f 2721 2773 2722
f 2722 2773 2723
f 2723 2726 2724
f 2723 2773 2726
f 2725 2726 2728
f 2726 2773 2728
f 2727 2729 2730
f 2728 2773 2774
f 2728 2774 2729
f 2729 2774 2775
f 2729 2775 2776
f 2729 2776 2777
f 2729 2777 2731
f 2731 2777 2778
f 2731 2778 2732
f 2732 2778 2733
f 2733 2778 2734
f 2734 2779 2738
f 2734 2778 2780
f 2734 2780 2779
f 2735 2747 2748
f 2736 2738 2781
f 2736 2781 2737
f 2737 2781 2782
f 2737 2782 2739
f 2738 2783 2781
f 2738 2779 2783
f 2739 2766 2740
f 2739 2782 2767
f 2739 2767 2766
f 2740 2766 2765
f 2740 2765 2741
f 2741 2765 2742
f 2742 2765 2764
f 2742 2764 2743
f 2743 2763 2762
f 2743 2762 2784
f 2743 2784 2761
f 2743 2761 2744
f 2743 2764 2763
f 2744 2761 2745
f 2745 2761 2760
f 2745 2760 2746
f 2746 2760 2759
f 2746 2759 2785
f 2746 2785 2747
f 2747 2749 2748
f 2747 2785 2786
f 2747 2786 2787
f 2747 2787 2749
f 2749 2787 2750
f 2750 2787 2788
f 2750 2788 2751
f 2751 2788 2789
f 2751 2789 2752
f 2754 2790 2755
f 2755 2757 2756
f 2755 2790 2791
f 2755 2791 2757
f 2757 2791 2792
f 2757 2792 2786
f 2757 2786 2758
f 2758 2786 2785
f 2758 2785 2759
f 2761 2784 2762
f 2767 2782 2768
f 2768 2793 2794
f 2768 2794 2769
f 2768 2782 2793
f 2769 2794 2770
f 2770 2795 2771
f 2770 2794 2795
f 2771 2795 2775
f 2771 2775 2796
f 2771 2796 2772
f 2772 2796 2773
f 2773 2796 2774
f 2774 2796 2775
f 2775 2795 2797
f 2775 2797 2776
f 2776 2797 2778
f 2776 2778 2777
f 2778 2797 2798
f 2778 2798 2780
f 2779 2780 2798
f 2779 2798 2783
f 2781 2793 2782
f 2781 2783 2794
f 2781 2794 2793
f 2783 2798 2794
f 2786 2792 2799
f 2786 2799 2787
f 2787 2799 2792
f 2787 2792 2788
f 2788 2792 2800
f 2788 2800 2801
f 2788 2801 2789
f 2791 2802 2792
f 2792 2802 2800
f 2794 2798 2795
f 2795 2798 2797

