# https://github.com/mikedh/trimesh
v -0.16066864 -0.00185754 -0.49889704
v -0.15944538 -0.00204720 -0.49993576
v -0.15913173 -0.00960228 -0.49987989
v -0.15891216 -0.01374335 -0.49987432
v -0.15866124 -0.01785281 -0.49974031
v -0.15841031 -0.02196226 -0.49949459
v -0.15953947 -0.01311113 -0.49881887
v -0.15834758 -0.02351121 -0.49763495
v -0.16016679 -0.00176270 -0.49564130
v -0.16013543 0.00067136 -0.49564691
v -0.16060591 0.00079781 -0.49886912
v -0.15941401 0.00124036 -0.49991900
v -0.15608923 -0.02648266 -0.50002509
v -0.15599514 0.02662416 -0.49999717
v -0.15612061 0.02260954 -0.49999717
v -0.15590104 -0.03027601 -0.49998602
v -0.15558738 -0.03435385 -0.49994134
v -0.15514825 -0.03792592 -0.49992458
v -0.15762616 -0.02913801 -0.49897522
v -0.15812801 -0.02521822 -0.49893615
v -0.15910035 -0.01728380 -0.49868483
v -0.15841031 -0.02357443 -0.49818224
v -0.15690474 -0.03340552 -0.49892496
v -0.15787709 -0.02461761 -0.49599314
v -0.15809665 -0.02133004 -0.49482041
v -0.15831620 -0.01810569 -0.49407208
v -0.15859850 -0.01301629 -0.49291609
v -0.15803392 -0.01320596 -0.49029139
v -0.15828484 -0.00903328 -0.48976647
v -0.15922581 -0.00182592 -0.49130219
v -0.15922581 0.00060814 -0.49160935
v -0.15831620 0.00955411 -0.49005686
v -0.15888079 0.00958572 -0.49263130
v -0.15982177 0.00519176 -0.49566364
v -0.16032362 0.00534982 -0.49881887
v -0.15888079 0.01407451 -0.49974031
v -0.15906899 0.01021795 -0.49981848
v -0.15925718 0.00579238 -0.49985198
v -0.15539919 0.03411602 -0.49999160
v -0.02256489 -0.15621505 -0.50009211
v -0.02651699 -0.15621505 -0.50009211
v -0.03043772 -0.15615183 -0.50008653
v -0.06948818 -0.14401314 -0.50001951
v -0.10875819 -0.11654299 -0.49994692
v -0.11264755 -0.11271804 -0.49993576
v -0.14034358 -0.07370981 -0.49990784
v -0.08943684 0.11298598 -0.49995249
v -0.15154118 -0.05006462 -0.49985198
v -0.15091387 -0.05341541 -0.49966213
v -0.15455232 -0.04111865 -0.49958392
v -0.14369974 -0.06915780 -0.49985758
v -0.15866124 -0.02133004 -0.49843911
v -0.15279582 -0.04889501 -0.49885236
v -0.15558738 -0.03634536 -0.49578092
v -0.15496006 -0.03647181 -0.49268156
v -0.15637153 -0.03293135 -0.49574742
v -0.15715567 -0.02850578 -0.49573624
v -0.15671655 -0.02502855 -0.49088894
v -0.15721840 -0.02161454 -0.49082750
v -0.15721840 -0.01352207 -0.48676202
v -0.15759480 -0.00931778 -0.48678436
v -0.15866124 -0.00192076 -0.48882827
v -0.15862986 0.00054492 -0.48910750
v -0.15806528 0.00079781 -0.48689048
v -0.15750069 0.00971217 -0.48687372
v -0.15715567 0.01347390 -0.48686253
v -0.15809665 0.01322101 -0.49058178
v -0.15869260 0.01322101 -0.49317298
v -0.15950811 0.00964894 -0.49568598
v -0.15997860 0.00983861 -0.49878537
v -0.15859850 0.01796269 -0.49958953
v -0.15743797 0.02969045 -0.49895288
v -0.15489734 0.03753003 -0.49991342
v -0.15138435 0.04992162 -0.49979056
v -0.14815368 0.05788765 -0.49979056
v -0.14432705 0.06591689 -0.49981848
v -0.14037496 0.07372486 -0.49984082
v -0.09759196 0.12104684 -0.49989666
v -0.09756059 0.11712705 -0.49992458
v -0.09360850 0.11709544 -0.49993576
v -0.09345167 0.11308081 -0.49994692
v 0.03075702 -0.15615183 -0.50008096
v -0.00176934 -0.15994517 -0.50005862
v 0.04139004 0.13230043 -0.49992458
v -0.01406475 -0.15956585 -0.50005304
v -0.01804821 -0.15928135 -0.50005304
v -0.03432708 -0.15596217 -0.50005862
v -0.06164672 -0.14774326 -0.50003070
v -0.06490876 -0.14698459 -0.49987989
v -0.07256203 -0.14315963 -0.49974588
v -0.07736100 -0.14003011 -0.49987989
v -0.08510836 -0.13563617 -0.49982964
v -0.08934275 -0.13219055 -0.49991900
v -0.10075991 -0.12416130 -0.49991342
v -0.10477474 -0.12043117 -0.49990224
v -0.11117337 -0.11499404 -0.49913718
v -0.11506273 -0.11120070 -0.49912602
v -0.11650555 -0.10879825 -0.49991342
v -0.13212574 -0.08926252 -0.49981848
v -0.13962218 -0.07709221 -0.49982406
v -0.07786285 0.13647311 -0.49989666
v -0.07394212 0.12882320 -0.49991900
v 0.00572709 0.14017162 -0.49991342
v -0.14752636 -0.06141305 -0.49981290
v -0.14874963 -0.05989571 -0.49878537
v -0.15016110 -0.05622881 -0.49889704
v -0.14661675 -0.06444772 -0.49905900
v -0.15157256 -0.05221419 -0.49863457
v -0.15113344 -0.05180324 -0.49560223
v -0.15235671 -0.04826279 -0.49564691
v -0.15370543 -0.04355272 -0.49595961
v -0.15351724 -0.03700920 -0.48685138
v -0.15430138 -0.03343713 -0.48679554
v -0.15580695 -0.02534466 -0.48716411
v -0.15618333 -0.02161454 -0.48653306
v -0.15671655 -0.01766314 -0.48671733
v -0.15668518 -0.01368013 -0.48515927
v -0.15599514 -0.02012881 -0.48528216
v -0.15624606 -0.01778958 -0.48523187
v -0.15699884 -0.00947584 -0.48514254
v -0.15819075 -0.00192076 -0.48691840
v -0.15734386 0.00108231 -0.48509786
v -0.15690474 0.00993344 -0.48523748
v -0.15746933 -0.00188915 -0.48506436
v -0.15662246 0.01379001 -0.48529889
v -0.15640289 0.01641374 -0.48534357
v -0.15665382 0.01742530 -0.48659448
v -0.15859850 0.01502285 -0.49351921
v -0.15916309 0.01331584 -0.49570274
v -0.15957084 0.01356873 -0.49869601
v -0.15828484 0.02172442 -0.49929353
v -0.15910035 0.01729885 -0.49853405
v -0.15862986 0.02093415 -0.49823250
v -0.15834758 0.02279921 -0.49783041
v -0.15712431 0.02896339 -0.49576416
v -0.15652835 0.03221935 -0.49576416
v -0.15674791 0.03291479 -0.49893057
v -0.15436411 0.04119693 -0.49952809
v -0.15085114 0.05330402 -0.49960626
v -0.14755773 0.06130166 -0.49971239
v -0.14382520 0.06914123 -0.49974031
v -0.13971626 0.07713887 -0.49961187
v -0.13218848 0.08911952 -0.49956719
v -0.12858140 0.09329220 -0.49966771
v -0.12481750 0.09730682 -0.49971797
v -0.10530795 0.11693738 -0.49980733
v -0.10151269 0.11712705 -0.49988550
v -0.09730967 0.12449246 -0.49982964
v -0.08570431 0.13236365 -0.49986316
v 0.13257051 -0.05366830 -0.49995810
v 0.13260188 -0.05758809 -0.49995810
v 0.12093379 -0.08559562 -0.49996926
v 0.10926570 -0.10532101 -0.49997483
v 0.05425003 -0.14840709 -0.50004185
v 0.03825346 -0.15567766 -0.50006419
v 0.03467775 -0.15602538 -0.50006977
v 0.00607211 -0.15988196 -0.50004185
v 0.00190046 -0.15994517 -0.50005304
v 0.12058877 0.06942574 -0.49993018
v -0.00126749 -0.16187346 -0.49903666
v -0.00562734 -0.15988196 -0.50005304
v 0.00993011 0.14014000 -0.49991342
v 0.01400767 0.14010840 -0.49990784
v 0.03753204 0.13603056 -0.49990224
v 0.04534213 0.13226882 -0.49991342
v 0.05754344 0.12847548 -0.49989666
v 0.10095376 0.09708554 -0.49989666
v -0.00989309 -0.15975551 -0.50004743
v -0.00487456 -0.16168379 -0.49903108
v -0.00910895 -0.16139929 -0.49902548
v -0.02196894 -0.15893363 -0.50002509
v -0.03805961 -0.15555123 -0.50003628
v -0.05346023 -0.15109405 -0.49990224
v -0.04160395 -0.15495061 -0.49993018
v -0.06020389 -0.14926059 -0.49899756
v -0.06760622 -0.14594141 -0.49906458
v -0.07532222 -0.14192680 -0.49888589
v -0.07877246 -0.14018818 -0.49847264
v -0.08071714 -0.13892373 -0.49904782
v -0.08379099 -0.13709028 -0.49880768
v -0.09219704 -0.13111575 -0.49956719
v -0.09649416 -0.12776497 -0.49980733
v -0.10314371 -0.12258074 -0.49908134
v -0.10718990 -0.11885061 -0.49911484
v -0.11311804 -0.11303415 -0.49858989
v -0.11688194 -0.10920920 -0.49857315
v -0.11876389 -0.10718607 -0.49904224
v -0.12023809 -0.10478362 -0.49981290
v -0.12397062 -0.10061095 -0.49982964
v -0.13538779 -0.08499501 -0.49970120
v -0.12757769 -0.09650149 -0.49970678
v -0.13839890 -0.08028494 -0.49899198
v -0.08150129 0.13571444 -0.49977938
v -0.07353437 0.13991873 -0.49979614
v -0.05791418 0.14753703 -0.49976822
v -0.05430711 0.14810603 -0.49984082
v -0.04627746 0.15164649 -0.49984082
v -0.03868693 0.15227871 -0.49985758
v -0.03050045 0.15585078 -0.49984082
v -0.14831051 -0.05920026 -0.49562457
v -0.14987880 -0.05521725 -0.49557989
v -0.14630309 -0.06387872 -0.49569717
v -0.14683632 -0.06128661 -0.49309481
v -0.14093953 -0.07554326 -0.49881329
v -0.14514256 -0.06738757 -0.49886912
v -0.15091387 -0.05085491 -0.49301660
v -0.15047476 -0.05281480 -0.49413910
v -0.15022382 -0.04880018 -0.48692955
v -0.15201167 -0.04061287 -0.48500292
v -0.15288992 -0.03723048 -0.48483538
v -0.14959651 -0.04914790 -0.48485215
v -0.15361134 -0.03378486 -0.48478513
v -0.15539919 -0.02550272 -0.48568980
v -0.15571285 -0.02278415 -0.48544409
v -0.15533646 -0.01380657 -0.48444447
v -0.15420728 -0.02964379 -0.48476279
v -0.15464640 -0.02578722 -0.48472929
v -0.15517963 -0.01797925 -0.48456733
v -0.15728114 -0.00508188 -0.48510901
v -0.15561874 0.00124036 -0.48429370
v -0.15555602 0.00569754 -0.48441656
v -0.15546191 0.01012311 -0.48452826
v -0.15536782 0.01407451 -0.48466785
v -0.15461504 0.02577066 -0.48488564
v -0.15565012 -0.00176270 -0.48424902
v -0.15423866 0.02991173 -0.48494151
v -0.15612061 0.01900586 -0.48543851
v -0.15627744 0.02109220 -0.48708033
v -0.15724978 0.02077609 -0.49092804
v -0.15790845 0.01660341 -0.49143062
v -0.15812801 0.02074448 -0.49508285
v -0.15850441 0.02080770 -0.49726638
v -0.15496006 0.02921628 -0.48662243
v -0.15452094 0.03240901 -0.48721995
v -0.15348587 0.03651847 -0.48691840
v -0.15420728 0.04088082 -0.49460819
v -0.15370543 0.04401032 -0.49576976
v -0.15445821 0.04220849 -0.49741716
v -0.15448957 0.04227171 -0.49798679
v -0.15383089 0.04461094 -0.49872393
v -0.15267036 0.04891006 -0.49862899
v -0.15022382 0.05633870 -0.49869601
v -0.14903193 0.05981593 -0.49852847
v -0.14671085 0.06449439 -0.49931029
v -0.14285285 0.07214430 -0.49914833
v -0.13545051 0.08491522 -0.49942199
v -0.12773452 0.09613721 -0.49947225
v -0.12406472 0.10027827 -0.49947783
v -0.11258483 0.11213248 -0.49953367
v -0.10857000 0.11598904 -0.49953927
v -0.10135586 0.12076234 -0.49980733
v -0.09313801 0.12806452 -0.49975707
v -0.10455518 0.11984561 -0.49948898
v 0.14828480 -0.00166787 -0.49991342
v 0.14442679 -0.03840009 -0.49993018
v 0.13228822 0.03386313 -0.49993018
v 0.14837889 -0.04257277 -0.49990784
v 0.13266460 -0.06176077 -0.49995249
v 0.13269598 -0.06587023 -0.49994692
v 0.12491724 -0.08575368 -0.49994692
v 0.11710716 -0.09748144 -0.49996368
v 0.10929706 -0.10927241 -0.49996926
v 0.05804529 -0.14834387 -0.50001394
v 0.10926570 -0.11319220 -0.49994134
v 0.05001564 -0.15194754 -0.50001951
v 0.04179779 -0.15507706 -0.50001951
v 0.02617761 -0.15861751 -0.49982964
v 0.02238235 -0.15896523 -0.49993018
v 0.01849298 -0.15928135 -0.49996368
v 0.01438406 -0.15956585 -0.49999160
v 0.01030650 -0.15975551 -0.50002509
v 0.00186909 -0.16184186 -0.49903108
v 0.10503131 0.09721199 -0.49988550
v 0.12077696 0.07764465 -0.49989666
v 0.12874389 0.06983668 -0.49988550
v 0.15192323 0.03847837 -0.49987432
v 0.00199455 -0.16162058 -0.49569156
v -0.00089110 -0.16158896 -0.49569156
v 0.00993011 0.15619850 -0.49976822
v 0.03837892 0.15231031 -0.49974031
v 0.04226828 0.15224709 -0.49972912
v 0.06980748 0.12872836 -0.49984640
v 0.06579265 0.12866514 -0.49986316
v 0.06168373 0.12857031 -0.49987989
v 0.06961929 0.12465051 -0.49987432
v -0.00440407 -0.16133607 -0.49568040
v -0.00863846 -0.16098835 -0.49569717
v -0.01274739 -0.16057740 -0.49572508
v -0.01324924 -0.16095674 -0.49903108
v -0.02573284 -0.15858589 -0.49989666
v -0.04856717 -0.15340166 -0.49895849
v -0.03313517 -0.15779562 -0.49902548
v -0.03689908 -0.15691051 -0.49901432
v -0.05929428 -0.14907093 -0.49568040
v -0.06318364 -0.14742714 -0.49543469
v -0.06352866 -0.14780648 -0.49883563
v -0.05226833 -0.15213721 -0.49886912
v -0.05173511 -0.15188432 -0.49569717
v -0.06519105 -0.14676330 -0.49678053
v -0.06666525 -0.14581497 -0.49542911
v -0.07701597 -0.13930306 -0.48920244
v -0.08052895 -0.13863923 -0.49556870
v -0.07237383 -0.14265386 -0.49401625
v -0.07193471 -0.14233774 -0.49107324
v -0.07532222 -0.14053590 -0.49092804
v -0.08310095 -0.13696383 -0.49555755
v -0.09078557 -0.13206410 -0.49853405
v -0.09432991 -0.12947198 -0.49871277
v -0.09884659 -0.12608958 -0.49900317
v -0.10370830 -0.11954606 -0.48966034
v -0.10515112 -0.12062084 -0.49855081
v -0.10110493 -0.12412969 -0.49855081
v -0.10025805 -0.12349746 -0.49301102
v -0.10922868 -0.11679588 -0.49860107
v -0.10602936 -0.11771261 -0.49104529
v -0.10775449 -0.11553144 -0.48926943
v -0.11176931 -0.11154842 -0.48905164
v -0.11556458 -0.10775508 -0.48930854
v -0.11697604 -0.10544746 -0.48699657
v -0.11760336 -0.10604807 -0.49115141
v -0.11923438 -0.10377206 -0.48981673
v -0.12001853 -0.10468879 -0.49570274
v -0.12036355 -0.10513134 -0.49847264
v -0.12594667 -0.09861944 -0.49891381
v -0.13096520 -0.09207592 -0.49905900
v -0.13407043 -0.08742907 -0.49894172
v -0.13642286 -0.08373056 -0.49870717
v -0.12902053 -0.09482609 -0.49872393
v -0.13965354 -0.07785087 -0.49840562
v -0.07670231 0.13900200 -0.49937174
v -0.06901769 0.14295340 -0.49953367
v -0.08893499 0.13144692 -0.49961187
v -0.06584974 0.14380691 -0.49976822
v -0.06123896 0.14674675 -0.49952809
v -0.04988453 0.15091943 -0.49975146
v -0.03787142 0.15490244 -0.49970120
v -0.03423298 0.15543983 -0.49981290
v -0.01836187 0.15875901 -0.49957835
v -0.01431568 0.15901190 -0.49961745
v -0.01023812 0.15923317 -0.49963418
v -0.00220847 0.15951767 -0.49966213
v 0.00136724 0.15951767 -0.49967886
v 0.00544480 0.15942284 -0.49967886
v 0.00569572 0.15623010 -0.49977380
v -0.14896919 -0.05256191 -0.48698542
v -0.15009836 -0.05211935 -0.49126309
v -0.13915169 -0.07702899 -0.49372025
v -0.13730110 -0.07668126 -0.48503084
v -0.14228827 -0.06760885 -0.48694074
v -0.14567577 -0.06293039 -0.49131895
v -0.14765183 -0.05467986 -0.48528216
v -0.15103933 -0.04118188 -0.48439979
v -0.15144709 -0.03770464 -0.48414293
v -0.14840461 -0.05275158 -0.48509228
v -0.14664811 -0.05645009 -0.48499734
v -0.14724407 -0.05332058 -0.48451150
v -0.14780866 -0.04959046 -0.48411501
v -0.15179211 -0.03406936 -0.48400331
v -0.04022385 -0.00150981 -0.44304693
v -0.15213714 -0.02597689 -0.48371291
v -0.15216850 -0.02227837 -0.48358448
v -0.15201167 -0.02989668 -0.48386369
v -0.04025522 0.00136681 -0.44304693
v -0.15216850 0.02608677 -0.48400331
v -0.04025522 -0.00018214 -0.44304693
v -0.15580695 0.02147153 -0.48559486
v -0.15207441 0.03025945 -0.48417084
v -0.15182348 0.03414763 -0.48431046
v -0.15364270 0.03357863 -0.48498058
v -0.15282719 0.03711908 -0.48504760
v -0.15154118 0.04290393 -0.48537707
v -0.14981608 0.04951067 -0.48517046
v -0.15241943 0.04837267 -0.49540116
v -0.15075704 0.05422075 -0.49622766
v -0.15091387 0.05437880 -0.49799237
v -0.15160392 0.05226085 -0.49840004
v -0.14878100 0.05915209 -0.49549610
v -0.14667949 0.06487372 -0.49722728
v -0.14671085 0.06490533 -0.49772431
v -0.14570714 0.06705489 -0.49847821
v -0.14156685 0.07495769 -0.49821574
v -0.13849301 0.08039483 -0.49854524
v -0.13657969 0.08377722 -0.49818782
v -0.13425862 0.08741251 -0.49844472
v -0.13109067 0.09186969 -0.49906458
v -0.12613486 0.09841321 -0.49840004
v -0.12243370 0.10264911 -0.49834417
v -0.12958510 0.09411409 -0.49817667
v -0.11876389 0.10672696 -0.49835536
v -0.12026945 0.10438773 -0.49945549
v -0.11644283 0.10830752 -0.49948341
v -0.11499999 0.11064675 -0.49840004
v -0.11104790 0.11447170 -0.49842238
v -0.10035215 0.12341767 -0.49941639
v -0.10687624 0.11826505 -0.49834417
v -0.10267322 0.12186873 -0.49824926
v 0.15615761 -0.00179431 -0.49985758
v 0.15217415 0.03459019 -0.49987432
v 0.15612625 -0.00539799 -0.49985198
v 0.15223689 -0.03448030 -0.49983524
v 0.15204869 -0.03855815 -0.49981848
v 0.14837889 -0.04649256 -0.49987432
v 0.13260188 -0.08572206 -0.49984082
v 0.12096515 -0.10140122 -0.49992458
v 0.11713852 -0.10146445 -0.49995249
v 0.11707579 -0.10535263 -0.49993576
v 0.11318643 -0.10927241 -0.49994134
v 0.07404187 -0.14053590 -0.49993018
v 0.07771167 -0.14015656 -0.49987989
v 0.06987021 -0.14420281 -0.49990224
v 0.06165237 -0.14802775 -0.49994134
v 0.05349725 -0.15141015 -0.49996368
v 0.10145561 -0.12100017 -0.49990784
v 0.11277867 -0.11274965 -0.49988550
v 0.04534213 -0.15453967 -0.49980172
v 0.03016107 -0.15830139 -0.49946667
v 0.01394494 -0.16101997 -0.49897522
v 0.00999284 -0.16143091 -0.49899756
v 0.00578982 -0.16171541 -0.49901432
v 0.10126741 0.12092039 -0.49975146
v 0.11691896 0.10530446 -0.49974588
v 0.12087105 0.08169088 -0.49987432
v 0.12880661 0.07388292 -0.49986316
v 0.12880661 0.07792915 -0.49982964
v 0.12077696 0.10132144 -0.49972354
v 0.13658533 0.07792915 -0.49970120
v 0.15151547 0.04233493 -0.49980733
v 0.15493435 0.02959562 -0.49953367
v 0.15524801 0.02589710 -0.49961187
v 0.15553031 0.02235665 -0.49965094
v 0.15603216 0.01009150 -0.49974031
v 0.15612625 0.00152486 -0.49982964
v 0.00572709 -0.16136769 -0.49566364
v 0.00224548 -0.16083030 -0.49074374
v -0.00079700 -0.16079868 -0.49076050
v 0.03379951 0.15575595 -0.49968447
v 0.03750068 0.15531338 -0.49966213
v 0.04600082 0.15205743 -0.49969562
v 0.09728395 0.12477695 -0.49974031
v -0.00863846 -0.16016646 -0.49079400
v -0.01274739 -0.15981874 -0.49084426
v -0.01663675 -0.16007163 -0.49574742
v -0.02124753 -0.15785884 -0.48405914
v -0.01713860 -0.16038774 -0.49902548
v -0.04470917 -0.15419195 -0.49580326
v -0.04787712 -0.15321199 -0.49573066
v -0.02864986 -0.15811174 -0.49532857
v -0.03235103 -0.15751112 -0.49574742
v -0.03260196 -0.15672084 -0.49091686
v -0.03630313 -0.15656279 -0.49577534
v -0.03846737 -0.15485577 -0.48847646
v -0.04097663 -0.15441322 -0.49002334
v -0.04198034 -0.15466610 -0.49347453
v -0.05524809 -0.14982960 -0.49129661
v -0.05935701 -0.14821742 -0.49098946
v -0.06456374 -0.14657363 -0.49377050
v -0.04803394 -0.15232688 -0.49098388
v -0.05255063 -0.15052504 -0.48987256
v -0.07660822 -0.13892373 -0.48657217
v -0.07936841 -0.13680578 -0.48452826
v -0.07921158 -0.13835473 -0.49084426
v -0.07193471 -0.14088362 -0.48442771
v -0.06694754 -0.14483503 -0.49102856
v -0.08300684 -0.13598389 -0.49122959
v -0.08419875 -0.13484588 -0.48988932
v -0.08636299 -0.13361305 -0.49125751
v -0.09163245 -0.13060998 -0.49460261
v -0.09207157 -0.13092610 -0.49764614
v -0.09599230 -0.12703791 -0.49367557
v -0.09825064 -0.12466708 -0.49125751
v -0.09963074 -0.12314974 -0.48981673
v -0.10138723 -0.12090534 -0.48753826
v -0.10486883 -0.11695394 -0.48487449
v -0.10537068 -0.11711200 -0.48689048
v -0.10938551 -0.11328704 -0.48705802
v -0.11145565 -0.11123231 -0.48708033
v -0.11525092 -0.10731252 -0.48703007
v -0.11688194 -0.10494168 -0.48514812
v -0.11885799 -0.10326628 -0.48694074
v -0.12393926 -0.09678599 -0.48557813
v -0.12130453 -0.10190700 -0.49160374
v -0.12707584 -0.09583765 -0.49397714
v -0.12742086 -0.09624860 -0.49686990
v -0.13225120 -0.09017924 -0.49851171
v -0.13344311 -0.08354089 -0.48496943
v -0.13830480 -0.07927338 -0.49536209
v -0.08454377 0.13460804 -0.49908692
v -0.07971344 0.13767432 -0.49837770
v -0.07171515 0.14197345 -0.49854524
v -0.06412462 0.14583003 -0.49857315
v -0.09605503 0.12683169 -0.49919859
v -0.09150699 0.13018248 -0.49851171
v -0.05643999 0.14911759 -0.49858989
v -0.05308385 0.15025559 -0.49884678
v -0.04496009 0.15329027 -0.49873508
v -0.04135302 0.15430183 -0.49889147
v -0.03304108 0.15683073 -0.49870717
v -0.02585830 0.15819001 -0.49915394
v -0.02234533 0.15847451 -0.49948341
v -0.00951671 0.16043440 -0.49858431
v -0.00189481 0.16106662 -0.49862899
v -0.00600373 0.15942284 -0.49963979
v 0.00117904 0.16103502 -0.49864575
v 0.00964782 0.15926479 -0.49966213
v -0.13632876 -0.07854632 -0.48508667
v -0.14122183 -0.06865202 -0.48515927
v -0.14028086 -0.07070675 -0.48526540
v -0.13507413 -0.08047461 -0.48488564
v -0.13968490 -0.06934747 -0.48456175
v -0.14335471 -0.06470062 -0.48582384
v -0.14348017 -0.06571217 -0.48803529
v -0.14511120 -0.06021182 -0.48522072
v -0.14815368 -0.04551261 -0.48377993
v -0.03881239 -0.01146734 -0.44304693
v -0.03903195 -0.01061384 -0.44304693
v -0.03925151 -0.00957067 -0.44304693
v -0.14413886 -0.05736681 -0.48412059
v -0.03545625 -0.02088748 -0.44304693
v -0.03677361 -0.01763153 -0.44304693
v -0.03793415 -0.01415429 -0.44304693
v -0.03975337 -0.00571410 -0.44304693
v -0.03956517 -0.00729466 -0.44304693
v -0.03903195 0.01021795 -0.44304693
v -0.15144709 0.03771970 -0.48448358
v -0.03896922 0.01053406 -0.44304693
v -0.15053748 0.04571733 -0.48502526
v -0.14799685 0.05007968 -0.48446681
v -0.14749500 0.05339885 -0.48475721
v -0.14878100 0.05260857 -0.48531565
v -0.14934559 0.05219763 -0.48704683
v -0.15053748 0.05324080 -0.49352479
v -0.15122752 0.05210279 -0.49506051
v -0.15009836 0.05542197 -0.49509962
v -0.14702451 0.06164938 -0.49289375
v -0.14727543 0.06285061 -0.49579207
v -0.14558169 0.06645428 -0.49580884
v -0.14257057 0.07195463 -0.49480922
v -0.14282149 0.07242880 -0.49735017
v -0.13990447 0.07808721 -0.49788067
v -0.13651695 0.08317661 -0.49524481
v -0.13529368 0.08516812 -0.49530065
v -0.13545051 0.08548423 -0.49776899
v -0.13105931 0.09205936 -0.49702625
v -0.13109067 0.09205936 -0.49744507
v -0.12776589 0.09642170 -0.49783598
v -0.12393926 0.10053116 -0.49528949
v -0.12415882 0.10062600 -0.49776342
v -0.12052038 0.10483029 -0.49772431
v -0.11681921 0.10884491 -0.49775223
v -0.11318078 0.11263826 -0.49780807
v -0.09831338 0.12540918 -0.49807054
v -0.10904049 0.11636838 -0.49775223
v -0.10490020 0.12003528 -0.49769082
v -0.10054035 0.12360734 -0.49762380
v 0.15838460 -0.00176270 -0.49927119
v 0.15606352 -0.00960228 -0.49982964
v 0.15596942 -0.01399624 -0.49981290
v 0.15173503 -0.04238310 -0.49976265
v 0.14806523 -0.05414247 -0.49978499
v 0.14831616 -0.05047557 -0.49982406
v 0.15581259 -0.01835858 -0.49977938
v 0.15556167 -0.02227837 -0.49975146
v 0.13627167 -0.08158100 -0.49976265
v 0.12849295 -0.09334037 -0.49982964
v 0.12479179 -0.09744982 -0.49988550
v 0.12040057 -0.10484685 -0.49986874
v 0.09750351 -0.12485674 -0.49988550
v 0.10490585 -0.12055762 -0.49984082
v 0.10089102 -0.12431935 -0.49981290
v 0.09684483 -0.12804947 -0.49975146
v 0.08517674 -0.13601550 -0.49974588
v 0.08091098 -0.13927146 -0.49968447
v 0.07325772 -0.14344413 -0.49976822
v 0.06516534 -0.14733231 -0.49980172
v 0.05688476 -0.15074633 -0.49970120
v 0.11660530 -0.10886147 -0.49987432
v 0.11541340 -0.11154842 -0.49952251
v 0.04847872 -0.15393904 -0.49899198
v 0.03693609 -0.15728985 -0.49903108
v 0.03345448 -0.15801690 -0.49889147
v 0.01795976 -0.16041935 -0.49894730
v 0.01378811 -0.16070385 -0.49564691
v 0.03182346 -0.15826979 -0.49780807
v 0.03295263 -0.15795367 -0.49607131
v 0.03345448 -0.15735306 -0.49076050
v 0.00989874 -0.16108319 -0.49564130
v 0.10443536 0.12028817 -0.49961745
v 0.11230819 0.11244859 -0.49962303
v 0.11613481 0.10856041 -0.49962860
v 0.11306096 0.10919263 -0.49974588
v 0.12457222 0.09733843 -0.49969005
v 0.13608348 0.08153283 -0.49960069
v 0.14012968 0.07378808 -0.49961187
v 0.14050606 0.07002635 -0.49969562
v 0.14781431 0.05377819 -0.49970120
v 0.15104498 0.04622311 -0.49963979
v 0.15741224 0.02131348 -0.49834417
v 0.15800820 0.01375840 -0.49861223
v 0.15458933 0.03376830 -0.49928237
v 0.15813366 0.00949089 -0.49883563
v 0.15838460 0.00101908 -0.49918186
v 0.15578122 0.01843686 -0.49966771
v 0.15593805 0.01426418 -0.49969562
v 0.01008694 -0.16022968 -0.49064323
v 0.01018104 -0.15943940 -0.48616450
v 0.00233958 -0.16000841 -0.48623709
v -0.00079700 -0.16000841 -0.48625383
v -0.00443544 -0.15972390 -0.48624825
v 0.01369401 0.15904350 -0.49961745
v 0.04110775 0.15477599 -0.49952251
v 0.04970199 0.15152004 -0.49964537
v 0.01774020 0.15882223 -0.49953367
v 0.02162957 0.15860095 -0.49944991
v 0.02529937 0.15834806 -0.49929914
v 0.02884371 0.15809517 -0.49898640
v 0.09320639 0.12853869 -0.49966213
v 0.10032644 0.12404990 -0.49958953
v -0.00907758 -0.15928135 -0.48587410
v -0.01277875 -0.15909168 -0.48653864
v -0.02052611 -0.15947102 -0.49576416
v -0.02479186 -0.15763757 -0.48637111
v -0.02485460 -0.15817496 -0.49069348
v -0.02516825 -0.15716339 -0.48412616
v -0.01281012 -0.15871234 -0.48457852
v -0.00449817 -0.15931295 -0.48417642
v -0.01723270 -0.15817496 -0.48398654
v -0.01782865 -0.15605700 -0.48306510
v -0.02187484 -0.15593056 -0.48322706
v -0.02582694 -0.15561445 -0.48337226
v -0.04376819 -0.15381261 -0.49143062
v -0.02880669 -0.15678406 -0.48642136
v -0.03661678 -0.15514027 -0.48758294
v -0.03645996 -0.15577250 -0.49101737
v -0.03693044 -0.15466610 -0.48562281
v -0.04034932 -0.15403388 -0.48685695
v -0.05277019 -0.14935543 -0.48414293
v -0.06120760 -0.14695297 -0.48845412
v -0.06387369 -0.14632075 -0.49101737
v -0.04455234 -0.15261138 -0.48642697
v -0.05176648 -0.15020892 -0.48673968
v -0.07616910 -0.13848116 -0.48436630
v -0.08492017 -0.13190604 -0.48390837
v -0.08388509 -0.13354983 -0.48442213
v -0.08586114 -0.13219055 -0.48454499
v -0.06396779 -0.14477180 -0.48434954
v -0.06817081 -0.14262224 -0.48424344
v -0.07303251 -0.13955596 -0.48396981
v -0.08680212 -0.13219055 -0.48701334
v -0.08906045 -0.13155832 -0.49096154
v -0.09097377 -0.13013581 -0.49097269
v -0.09442401 -0.12589991 -0.48471811
v -0.09558455 -0.12669019 -0.49105090
v -0.10091674 -0.12043117 -0.48496943
v -0.10882093 -0.11319220 -0.48518161
v -0.10330054 -0.11825000 -0.48468461
v -0.10671941 -0.11496243 -0.48481304
v -0.11857570 -0.10288695 -0.48496382
v -0.12550755 -0.09469965 -0.48507552
v -0.12902053 -0.08979992 -0.48508110
v -0.13243939 -0.08142294 -0.48423786
v -0.12726403 -0.09185464 -0.48488006
v -0.12823638 -0.08885158 -0.48441656
v -0.08677075 0.13334359 -0.49805378
v -0.08335187 0.13552477 -0.49774108
v -0.07717280 0.13916006 -0.49755678
v -0.06748076 0.14418624 -0.49824366
v -0.06359140 0.14595646 -0.49532857
v -0.06183491 0.14690480 -0.49782483
v -0.05979613 0.14772670 -0.49829392
v -0.09618050 0.12711619 -0.49740600
v -0.09461221 0.12812774 -0.49790301
v -0.08940548 0.13160498 -0.49774665
v -0.05923155 0.14775831 -0.49532299
v -0.05543628 0.14918081 -0.49536209
v -0.05132736 0.15095103 -0.49818224
v -0.04872399 0.15193099 -0.49859549
v -0.04806531 0.15183616 -0.49544585
v -0.04414458 0.15322704 -0.49551844
v -0.04103937 0.15420700 -0.49560223
v -0.03947107 0.15493406 -0.49823250
v -0.03667951 0.15575595 -0.49858989
v -0.03241376 0.15664106 -0.49561896
v -0.02814801 0.15771584 -0.49594288
v -0.02657972 0.15825323 -0.49756796
v -0.02880669 0.15781067 -0.49860665
v -0.03909469 0.15480761 -0.49563572
v -0.03627176 0.15559788 -0.49563572
v -0.02491733 0.15850611 -0.49809288
v -0.02156118 0.15898028 -0.49841677
v -0.01760909 0.15948607 -0.49851729
v -0.01359426 0.15999184 -0.49856197
v -0.01312378 0.15983379 -0.49548495
v -0.00904622 0.16021313 -0.49546261
v -0.00490593 0.16059245 -0.49545703
v -0.00170661 0.16084535 -0.49549053
v 0.00127314 0.16084535 -0.49552963
v 0.00513114 0.16081374 -0.49863457
v -0.13585827 -0.07725027 -0.48457852
v -0.03141006 -0.02806323 -0.44304693
v -0.03338610 -0.02468083 -0.44304693
v -0.03831054 0.01318940 -0.44304693
v -0.14423295 0.05772959 -0.48419318
v -0.14689905 0.05627548 -0.48512578
v -0.14376246 0.06098554 -0.48461201
v -0.14536212 0.06013204 -0.48525982
v -0.14589534 0.06313510 -0.49134129
v -0.14636583 0.06417827 -0.49467521
v -0.14332334 0.06936251 -0.49263688
v -0.14150413 0.07438870 -0.49577534
v -0.13943398 0.07729693 -0.49304455
v -0.13962218 0.07777109 -0.49532299
v -0.13833618 0.08007871 -0.49525039
v -0.13510549 0.08466234 -0.49307247
v -0.13407043 0.08700156 -0.49529507
v -0.13193754 0.09025752 -0.49555755
v -0.13074565 0.09161680 -0.49447415
v -0.12955374 0.09363992 -0.49561896
v -0.12754632 0.09623204 -0.49540677
v -0.12588394 0.09825516 -0.49535651
v -0.12359423 0.10018344 -0.49277650
v -0.12221414 0.10252267 -0.49526158
v -0.12030082 0.10473545 -0.49526715
v -0.11474907 0.11064675 -0.49535651
v -0.11851297 0.10666374 -0.49530626
v -0.11286712 0.11254342 -0.49538443
v -0.11079697 0.11450332 -0.49537885
v -0.10878956 0.11630516 -0.49533975
v -0.10471200 0.11994044 -0.49532299
v -0.10235957 0.12186873 -0.49535651
v 0.15907464 -0.00173109 -0.49797560
v 0.15832185 -0.00501866 -0.49919301
v 0.15527937 -0.02569239 -0.49970120
v 0.15499708 -0.02932767 -0.49963979
v 0.15471478 -0.03359519 -0.49939965
v 0.15129592 -0.04614484 -0.49960626
v 0.14756338 -0.05749326 -0.49967328
v 0.14405041 -0.06602829 -0.49966771
v 0.14025514 -0.07380464 -0.49970678
v 0.15822777 -0.00919134 -0.49909808
v 0.13953372 -0.07718704 -0.49957835
v 0.13536208 -0.08471051 -0.49962860
v 0.13203728 -0.08910447 -0.49975707
v 0.12764608 -0.09656471 -0.49970678
v 0.11914593 -0.10759702 -0.49943873
v 0.11158677 -0.11534177 -0.49945549
v 0.10760331 -0.11926156 -0.49934379
v 0.10355712 -0.12305490 -0.49922093
v 0.09947956 -0.12672181 -0.49886355
v 0.09248498 -0.13149509 -0.49959511
v 0.08799966 -0.13487749 -0.49927680
v 0.08348298 -0.13803861 -0.49879095
v 0.07927997 -0.14069395 -0.49864017
v 0.07626884 -0.14240096 -0.49891938
v 0.06842739 -0.14644720 -0.49933821
v 0.05992724 -0.15005087 -0.49890262
v 0.05239945 -0.15267460 -0.49885797
v 0.11757764 -0.10974658 -0.49838885
v 0.11575842 -0.11183292 -0.49794211
v 0.11378237 -0.11366638 -0.49840004
v 0.04628311 -0.15463450 -0.49836651
v 0.03630877 -0.15719501 -0.49575300
v 0.04628311 -0.15457127 -0.49712119
v 0.03185483 -0.15826979 -0.49811522
v 0.01391357 -0.15991357 -0.49064323
v 0.02567576 -0.15795367 -0.48629293
v 0.02200596 -0.15801690 -0.48402565
v 0.03665380 -0.15659439 -0.49079958
v 0.03379951 -0.15656279 -0.48635437
v 0.02997288 -0.15732145 -0.48630969
v 0.10710146 0.11896049 -0.49860665
v 0.10841882 0.11636838 -0.49961187
v 0.11484882 0.11112092 -0.49860665
v 0.11986735 0.10460901 -0.49958392
v 0.12830476 0.09329220 -0.49958953
v 0.13181773 0.08902468 -0.49948341
v 0.13934553 0.07720209 -0.49941081
v 0.14373675 0.06560078 -0.49957835
v 0.14718699 0.05725542 -0.49952809
v 0.15057450 0.04957390 -0.49940523
v 0.15829049 0.01862653 -0.49650133
v 0.15788273 0.01777302 -0.49815433
v 0.15681630 0.02456943 -0.49834417
v 0.15490299 0.03582302 -0.49788067
v 0.15851005 0.01341068 -0.49732222
v 0.15869825 0.00904833 -0.49751767
v 0.15904327 0.00067136 -0.49786393
v 0.15324059 0.04179754 -0.49871277
v 0.15418157 0.03762486 -0.49868483
v 0.01391357 -0.15909168 -0.48595228
v 0.01259621 -0.15887040 -0.48427136
v 0.01018104 -0.15902845 -0.48420434
v 0.00240231 -0.15953424 -0.48411501
v -0.00085974 -0.15956585 -0.48412616
v 0.04465209 0.15420700 -0.49877976
v 0.04854145 0.15310060 -0.49861783
v 0.05334042 0.15085620 -0.49946667
v 0.03624604 0.15673589 -0.49866248
v 0.06124461 0.14747381 -0.49945549
v 0.05791983 0.14807442 -0.49960069
v 0.00930279 0.16049762 -0.49861223
v 0.01322352 0.16011829 -0.49856758
v 0.01714425 0.15970734 -0.49849498
v 0.02093952 0.15929640 -0.49842238
v 0.02987878 0.15825323 -0.49779691
v 0.03204302 0.15774745 -0.49852847
v 0.07702162 0.13982390 -0.49941639
v 0.08900337 0.13211076 -0.49950575
v 0.09618615 0.12765358 -0.49946667
v 0.06582402 0.14424946 -0.49958392
v 0.07366548 0.14042450 -0.49956158
v 0.10296117 0.12269062 -0.49858989
v -0.02971630 -0.15514027 -0.48355656
v -0.03765186 -0.15409711 -0.48410940
v -0.03310381 -0.15570928 -0.48620918
v -0.00481183 -0.15871234 -0.48363474
v -0.01371973 -0.15608862 -0.48289760
v 0.00208865 -0.04880018 -0.44304693
v -0.03429571 -0.15220044 -0.48285292
v -0.03824781 -0.15204237 -0.48315447
v -0.00082837 -0.04819956 -0.44304693
v -0.04144712 -0.15311715 -0.48417642
v -0.04881809 -0.15052504 -0.48404241
v -0.04561878 -0.15106243 -0.48367381
v -0.05364843 -0.14777486 -0.48346162
v -0.05700457 -0.14707942 -0.48379667
v -0.06007843 -0.14638398 -0.48425460
v -0.06051755 -0.14663687 -0.48578474
v -0.06299545 -0.14581497 -0.48692955
v -0.08884089 -0.12833397 -0.48372407
v -0.08761763 -0.13073643 -0.48433280
v -0.07754919 -0.13617356 -0.48378551
v -0.01669948 -0.04181410 -0.44304693
v -0.01993016 -0.03966454 -0.44304693
v -0.06494013 -0.14350735 -0.48380227
v -0.06951954 -0.14021978 -0.48355095
v -0.01293558 -0.04405850 -0.44304693
v -0.01506846 -0.04282566 -0.44304693
v -0.09182064 -0.12744886 -0.48438864
v -0.09633733 -0.12375035 -0.48443332
v -0.09903479 -0.12194851 -0.48470695
v -0.10427288 -0.11622688 -0.48412616
v -0.10050898 -0.12008345 -0.48439979
v -0.11622326 -0.10424623 -0.48440537
v -0.11989306 -0.10035805 -0.48444447
v -0.12142999 -0.09947294 -0.48496943
v -0.12437838 -0.09302426 -0.48414850
v -0.08448104 0.13482933 -0.49715468
v -0.07896066 0.13792723 -0.49529507
v -0.07711007 0.13912844 -0.49670236
v -0.07137013 0.14203667 -0.49534533
v -0.06948818 0.14314307 -0.49777457
v -0.06688481 0.14434429 -0.49533975
v -0.06889222 0.14292180 -0.49315064
v -0.06277588 0.14554552 -0.49150322
v -0.06105077 0.14671514 -0.49315622
v -0.06152125 0.14684159 -0.49531741
v -0.09614913 0.12708458 -0.49695926
v -0.09116196 0.13024570 -0.49524481
v -0.08921728 0.13154176 -0.49521132
v -0.05135873 0.14984465 -0.49117375
v -0.04985317 0.15072976 -0.49295519
v -0.04436414 0.15224709 -0.49101737
v -0.03827917 0.15471277 -0.49345219
v -0.04872399 0.15050848 -0.48979439
v -0.02877532 0.15667266 -0.49110116
v -0.03275879 0.15562950 -0.49088336
v -0.02472913 0.15815839 -0.49449091
v -0.02661108 0.15825323 -0.49780249
v -0.02469777 0.15844289 -0.49658508
v -0.01716997 0.15935962 -0.49552405
v -0.02024382 0.15856934 -0.49264803
v -0.01701314 0.15879061 -0.49159816
v -0.01334334 0.15901190 -0.49047011
v -0.00892075 0.15948607 -0.49091128
v -0.00487456 0.15983379 -0.49091686
v -0.00164388 0.16011829 -0.49096711
v 0.00513114 0.16062407 -0.49554636
v 0.00146134 0.16008668 -0.49101737
v 0.00949099 0.15970734 -0.49103414
v 0.01334899 0.15948607 -0.49103971
v 0.00927143 0.16037118 -0.49554636
v 0.01316079 0.16008668 -0.49552405
v -0.02993586 -0.03008634 -0.44304693
v -0.12052038 -0.09707049 -0.48386926
v -0.03689908 0.01682469 -0.44304693
v -0.03551898 0.02017547 -0.44304693
v -0.03467210 0.02200893 -0.44304693
v -0.03435844 0.02267276 -0.44304693
v -0.14024949 0.06563239 -0.48414293
v -0.13877529 0.07315586 -0.48503642
v -0.14169232 0.06794001 -0.48524306
v -0.14078271 0.07024763 -0.48548877
v -0.13899486 0.07647503 -0.49002334
v -0.13799116 0.07897232 -0.49130777
v -0.13576417 0.08273405 -0.49134129
v -0.13476047 0.08377722 -0.49008478
v -0.13347447 0.08349273 -0.48523748
v -0.13174935 0.08911952 -0.49202817
v -0.13046335 0.09041557 -0.49086102
v -0.12814228 0.09398764 -0.49164284
v -0.12729541 0.09591592 -0.49337402
v -0.12519389 0.09774938 -0.49163166
v -0.12312374 0.09955121 -0.48993958
v -0.12152409 0.10195367 -0.49119609
v -0.11992443 0.10426129 -0.49245258
v -0.11616053 0.10821269 -0.49257543
v -0.11236527 0.11206925 -0.49262012
v -0.10831908 0.11592582 -0.49267037
v -0.10436698 0.11965594 -0.49285467
v -0.10013259 0.12329123 -0.49355271
v -0.10035215 0.12348090 -0.49537885
v 0.15967059 0.00048169 -0.49514430
v 0.15970195 -0.00182592 -0.49514430
v 0.15879234 -0.00887522 -0.49787509
v 0.15803956 -0.01358529 -0.49893615
v 0.15782000 -0.01791603 -0.49869601
v 0.15436976 -0.03802076 -0.49865691
v 0.15364836 -0.04171927 -0.49860665
v 0.15079405 -0.04996979 -0.49937174
v 0.15763181 -0.02095070 -0.49832186
v 0.14696742 -0.06109694 -0.49939408
v 0.14336035 -0.06937907 -0.49953367
v 0.15860415 -0.01326918 -0.49774665
v 0.13856139 -0.08025333 -0.49922654
v 0.14251348 -0.07241375 -0.49913718
v 0.13100222 -0.09204431 -0.49938289
v 0.12642281 -0.09906200 -0.49870717
v 0.12977895 -0.09466804 -0.49850613
v 0.12083969 -0.10614291 -0.49827718
v 0.11952232 -0.10781830 -0.49784159
v 0.10572136 -0.12134790 -0.49812080
v 0.10223975 -0.12444580 -0.49814314
v 0.09957366 -0.12687986 -0.49511077
v 0.09762897 -0.12830236 -0.49829392
v 0.09505698 -0.13007259 -0.49874069
v 0.08661957 -0.13598389 -0.49820458
v 0.08342025 -0.13816506 -0.49520571
v 0.07865265 -0.14110491 -0.49526158
v 0.07633157 -0.14252741 -0.49527273
v 0.06874104 -0.14657363 -0.49790301
v 0.07109348 -0.14524597 -0.49858989
v 0.06372251 -0.14856515 -0.49874627
v 0.06318929 -0.14862837 -0.49540116
v 0.05917447 -0.15008249 -0.49522805
v 0.05773164 -0.15068309 -0.49662418
v 0.05205442 -0.15257976 -0.49555197
v 0.11588389 -0.11192776 -0.49523923
v 0.11397057 -0.11382443 -0.49519455
v 0.11190042 -0.11556305 -0.49784717
v 0.10779150 -0.11948284 -0.49769640
v 0.04794550 -0.15390744 -0.49559104
v 0.04559306 -0.15444483 -0.49416144
v 0.02595805 -0.15757433 -0.48413732
v 0.01814796 -0.15826979 -0.48393629
v 0.02636581 -0.15583573 -0.48328290
v 0.02244508 -0.15602538 -0.48310421
v 0.04443252 -0.15431838 -0.49039194
v 0.04211145 -0.15469772 -0.48837034
v 0.03706155 -0.15567766 -0.48625943
v 0.03006697 -0.15687889 -0.48429928
v 0.04186053 -0.15387583 -0.48415408
v 0.03398770 -0.15602538 -0.48449473
v 0.10926570 0.11712705 -0.49799794
v 0.11312370 0.11323887 -0.49798679
v 0.11099082 0.11504071 -0.49858431
v 0.10534497 0.12085717 -0.49801471
v 0.11676213 0.10935069 -0.49803147
v 0.11854998 0.10713791 -0.49861783
v 0.12225115 0.10306006 -0.49851729
v 0.12356851 0.10046794 -0.49948898
v 0.13511114 0.08459911 -0.49929353
v 0.12720696 0.09629526 -0.49931029
v 0.13831045 0.08011032 -0.49889704
v 0.14232529 0.07249203 -0.49868483
v 0.14307807 0.06914123 -0.49930472
v 0.14991582 0.05241891 -0.49895849
v 0.15164094 0.04875201 -0.49823250
v 0.15233098 0.04568572 -0.49851729
v 0.14655968 0.06082749 -0.49915394
v 0.15760045 0.02393721 -0.49525597
v 0.15819639 0.02042836 -0.49521689
v 0.15844732 0.01922714 -0.49394923
v 0.15851005 0.01729885 -0.49521132
v 0.15882371 0.01334745 -0.49518898
v 0.15916874 0.00895350 -0.49517779
v 0.15835322 0.01622407 -0.49717144
v 0.15229962 0.04846751 -0.49532857
v 0.15396201 0.04141821 -0.49548495
v 0.15487161 0.03721392 -0.49539001
v 0.00616621 -0.15928135 -0.48414293
v 0.01030650 -0.15858589 -0.48369057
v 0.00626031 -0.15871234 -0.48359563
v 0.00240231 -0.15880718 -0.48352861
v -0.00104793 -0.15880718 -0.48353980
v 0.04267604 0.15490244 -0.49819898
v 0.04474618 0.15430183 -0.49549610
v 0.04803959 0.15325866 -0.49531741
v 0.05202306 0.15189937 -0.49522247
v 0.05653973 0.15035042 -0.49519455
v 0.05484598 0.15091943 -0.49808173
v 0.05233671 0.15177292 -0.49843353
v 0.05663383 0.15019237 -0.49866248
v 0.06444392 0.14668352 -0.49906458
v 0.03590102 0.15679911 -0.49563572
v 0.03972765 0.15572433 -0.49563572
v 0.04264467 0.15490244 -0.49560223
v 0.07234812 0.14289018 -0.49910368
v 0.06918016 0.14368045 -0.49944991
v 0.01698742 0.15973896 -0.49551844
v 0.02078269 0.15932800 -0.49554636
v 0.02987878 0.15825323 -0.49755678
v 0.08009548 0.13878072 -0.49903108
v 0.08470625 0.13552477 -0.49934379
v 0.09875815 0.12629430 -0.49850613
v 0.09192039 0.13109920 -0.49914276
v 0.09442966 0.12973992 -0.49827157
v 0.10111058 0.12452407 -0.49799237
v -0.04204307 -0.15163144 -0.48342810
v -0.00954807 -0.15605700 -0.48274679
v 0.00293553 -0.04880018 -0.44304693
v -0.00528232 -0.15605700 -0.48262951
v -0.00374539 -0.04740928 -0.44304693
v -0.00653695 -0.04665062 -0.44304693
v -0.05004136 -0.14818582 -0.48315447
v -0.00910895 -0.04579711 -0.44304693
v -0.09291845 -0.12450902 -0.48365708
v -0.02419591 -0.03612409 -0.44304693
v -0.11672511 -0.10095867 -0.48371291
v -0.02614060 -0.03425902 -0.44304693
v -0.02799118 -0.03242557 -0.44304693
v -0.02984176 -0.03021279 -0.44304693
v -0.08303822 0.13552477 -0.49551844
v -0.08608070 0.13359648 -0.49551844
v -0.07673368 0.13903361 -0.49403856
v -0.07510266 0.14007678 -0.49535651
v -0.07403622 0.13985550 -0.49127427
v -0.07064871 0.14165735 -0.49155348
v -0.06691617 0.14352240 -0.49152556
v -0.05923155 0.14583003 -0.48711385
v -0.06007843 0.14636742 -0.49015738
v -0.06823354 0.14254246 -0.49029139
v -0.06569291 0.14323790 -0.48836476
v -0.06330910 0.14393336 -0.48699657
v -0.05891789 0.14712607 -0.49139155
v -0.05546765 0.14829570 -0.49095035
v -0.09580411 0.12680008 -0.49448533
v -0.09432991 0.12809614 -0.49553521
v -0.08874679 0.13132047 -0.49259220
v -0.08410465 0.13467126 -0.49441273
v -0.04637156 0.15098265 -0.48840386
v -0.04009839 0.15373283 -0.49153114
v -0.03652268 0.15445988 -0.49013504
v -0.03304108 0.15464955 -0.48658890
v -0.05753779 0.14696802 -0.48854906
v -0.04790848 0.15006592 -0.48678436
v -0.02491733 0.15746295 -0.49106205
v -0.03166098 0.15528178 -0.48791243
v -0.02999859 0.15509211 -0.48513136
v -0.02278445 0.15834806 -0.49356389
v -0.02143572 0.15875901 -0.49518898
v -0.02134162 0.15809517 -0.49103414
v -0.01695041 0.15837968 -0.48917453
v -0.01484890 0.15850611 -0.48856582
v -0.00879529 0.15882223 -0.48721437
v -0.00487456 0.15894867 -0.48631527
v -0.00154978 0.15926479 -0.48665034
v 0.00161816 0.15923317 -0.48666150
v 0.00971055 0.15894867 -0.48697981
v 0.01350582 0.15882223 -0.48743774
v 0.01723835 0.15869578 -0.48809670
v 0.01714425 0.15920157 -0.49107324
v -0.03407615 0.02321015 -0.44304693
v -0.13243939 0.08169088 -0.48424902
v -0.13639149 0.07369325 -0.48420992
v -0.13466637 0.08109027 -0.48508110
v -0.13767750 0.07603248 -0.48524306
v -0.13984173 0.07236558 -0.48592436
v -0.13817935 0.07619053 -0.48689606
v -0.13651695 0.07960454 -0.48766111
v -0.13557598 0.08029999 -0.48594670
v -0.13645423 0.07849815 -0.48549435
v -0.13184345 0.08485201 -0.48484096
v -0.12820500 0.08889824 -0.48436630
v -0.12732677 0.09171164 -0.48506436
v -0.12566437 0.09439859 -0.48533242
v -0.12770315 0.09202775 -0.48622591
v -0.12795409 0.09281803 -0.48858813
v -0.12174365 0.09895061 -0.48525421
v -0.11948531 0.10362906 -0.48963803
v -0.11399629 0.10982485 -0.49116815
v -0.11562731 0.10758046 -0.48972179
v -0.11180068 0.11143703 -0.48974970
v -0.10772312 0.11535682 -0.48980554
v -0.10383376 0.11911855 -0.48995634
v -0.09956801 0.12272223 -0.49059855
v -0.09821927 0.12417635 -0.49178804
v -0.09517679 0.12632590 -0.49133011
v 0.15967059 0.00035525 -0.49124635
v 0.15976468 -0.00207881 -0.49121283
v 0.15904327 -0.01342724 -0.49510519
v 0.15825913 -0.01955981 -0.49743950
v 0.15487161 -0.03637697 -0.49790858
v 0.15433840 -0.04133993 -0.49531741
v 0.15346015 -0.04525972 -0.49530065
v 0.15280147 -0.04554422 -0.49841119
v 0.15026084 -0.05306769 -0.49901990
v 0.14621464 -0.06463739 -0.49881329
v 0.14150978 -0.07525876 -0.49834978
v 0.13975328 -0.07895727 -0.49810407
v 0.13903187 -0.08072749 -0.49773547
v 0.13426427 -0.08746068 -0.49870717
v 0.14533641 -0.06722951 -0.49815433
v 0.12805383 -0.09729177 -0.49809846
v 0.13131588 -0.09255009 -0.49782483
v 0.12319213 -0.10361401 -0.49517221
v 0.12140427 -0.10576358 -0.49522247
v 0.11961642 -0.10788152 -0.49527831
v 0.10794833 -0.11954606 -0.49509962
v 0.10374531 -0.12318134 -0.49763495
v 0.09772307 -0.12827076 -0.49509962
v 0.10227112 -0.12454063 -0.49550171
v 0.10383941 -0.12321296 -0.49410558
v 0.10173790 -0.12476191 -0.49067114
v 0.09941683 -0.12669019 -0.49062089
v 0.09505698 -0.13013581 -0.49508285
v 0.08818786 -0.13490911 -0.49772431
v 0.08661957 -0.13598389 -0.49530065
v 0.08815649 -0.13490911 -0.49373143
v 0.08605499 -0.13611034 -0.49059297
v 0.08313796 -0.13800701 -0.49064323
v 0.07893494 -0.14063074 -0.49070464
v 0.07589246 -0.14236935 -0.49071025
v 0.06845875 -0.14647880 -0.49404974
v 0.05942539 -0.14954510 -0.49064880
v 0.06328339 -0.14812258 -0.49062089
v 0.04838462 -0.15318039 -0.49065438
v 0.11591525 -0.11186453 -0.49198907
v 0.11964779 -0.10791313 -0.49273182
v 0.11205725 -0.11565788 -0.49516106
v 0.11208862 -0.11562627 -0.49191647
v 0.10801106 -0.11957767 -0.49247492
v 0.03436409 -0.15504544 -0.48377993
v 0.03041200 -0.15548799 -0.48351188
v 0.03866121 -0.15220044 -0.48293109
v 0.01375674 -0.04832601 -0.44304693
v 0.01852435 -0.15612022 -0.48295901
v 0.04493438 -0.15355972 -0.48625383
v 0.04559306 -0.15289588 -0.48418761
v 0.04960789 -0.15099921 -0.48365150
v 0.04618901 -0.15150499 -0.48342810
v 0.10760331 0.11927661 -0.49472547
v 0.11152404 0.11545166 -0.49461934
v 0.11350009 0.11346014 -0.49463611
v 0.11544476 0.11146864 -0.49465287
v 0.10340029 0.12294351 -0.49483156
v 0.10569000 0.12095201 -0.49477015
v 0.12052603 0.10527285 -0.49800352
v 0.12413310 0.10113178 -0.49785832
v 0.12588958 0.09876094 -0.49830510
v 0.13065720 0.09199614 -0.49888589
v 0.12777153 0.09676943 -0.49761261
v 0.13890641 0.08048966 -0.49726080
v 0.13962783 0.07878265 -0.49768521
v 0.14141568 0.07514736 -0.49792535
v 0.13401334 0.08744413 -0.49823250
v 0.14270167 0.07293458 -0.49712119
v 0.14326626 0.07129080 -0.49748976
v 0.14455226 0.06778195 -0.49800913
v 0.14593236 0.06414666 -0.49824926
v 0.15060586 0.05324080 -0.49736132
v 0.15760045 0.02390560 -0.49127427
v 0.15851005 0.01916392 -0.49293843
v 0.15540484 0.03509596 -0.49383195
v 0.15399338 0.04129176 -0.49100064
v 0.15145275 0.05128090 -0.49520013
v 0.15139001 0.05134413 -0.49120725
v 0.15226826 0.04834106 -0.49110116
v 0.01444679 -0.15615183 -0.48281939
v 0.01040060 -0.15612022 -0.48270211
v 0.01096518 -0.04851567 -0.44304693
v 0.00591528 -0.04876857 -0.44304693
v 0.04208009 0.15490244 -0.49294400
v 0.05406183 0.15095103 -0.49220687
v 0.04825916 0.15268965 -0.49064323
v 0.05330905 0.15088781 -0.48923036
v 0.05559876 0.15028721 -0.49068233
v 0.05958222 0.14889631 -0.49064880
v 0.06532216 0.14696802 -0.49204494
v 0.05933129 0.14933886 -0.49509962
v 0.05983315 0.14905436 -0.49840004
v 0.06745505 0.14576679 -0.49826042
v 0.03160390 0.15777905 -0.49593727
v 0.03232531 0.15702039 -0.49114023
v 0.03621468 0.15610367 -0.49114584
v 0.03975901 0.15525016 -0.49130219
v 0.07539060 0.14194185 -0.49829392
v 0.02081405 0.15879061 -0.49089452
v 0.02451522 0.15853773 -0.49250844
v 0.02642854 0.15837968 -0.49337959
v 0.02442112 0.15885385 -0.49558546
v 0.02887507 0.15815839 -0.49473662
v 0.07877811 0.14014000 -0.49798679
v 0.08291840 0.13754789 -0.49822132
v 0.08762327 0.13438677 -0.49846703
v 0.09693893 0.12790647 -0.49788067
v 0.09063440 0.13258492 -0.49803705
v 0.09251635 0.13138371 -0.49765729
v 0.09916590 0.12651557 -0.49489301
v 0.10145561 0.12461890 -0.49487067
v -0.07924295 0.13694727 -0.49108997
v -0.07616910 0.13871750 -0.49119609
v -0.07340891 0.13947618 -0.48878359
v -0.05995296 0.14462880 -0.48444447
v -0.05631452 0.14665192 -0.48579032
v -0.06719847 0.14206829 -0.48714735
v -0.06459511 0.14285856 -0.48572891
v -0.09313801 0.12781164 -0.49127427
v -0.09028372 0.12983476 -0.49119049
v -0.08815085 0.13087792 -0.48971063
v -0.08677075 0.13223720 -0.49109555
v -0.08344597 0.13432354 -0.49102856
v -0.08162675 0.13546155 -0.49103971
v -0.04442688 0.15139360 -0.48758294
v -0.04458371 0.15079298 -0.48544967
v -0.03696181 0.15347994 -0.48663358
v -0.03733820 0.15268965 -0.48409824
v -0.03351157 0.15379604 -0.48399773
v -0.04872399 0.14905436 -0.48392513
v -0.05176648 0.14858019 -0.48649957
v -0.02507416 0.15641977 -0.48660566
v -0.02112206 0.15717845 -0.48656656
v -0.02736386 0.15543983 -0.48451707
v -0.02127889 0.15651461 -0.48412059
v -0.01701314 0.15781067 -0.48656656
v -0.01328060 0.15825323 -0.48660009
v -0.00873256 0.15841128 -0.48525982
v -0.00358856 0.15866418 -0.48451150
v -0.00148705 0.15875901 -0.48443332
v 0.00171226 0.15872740 -0.48451707
v 0.00695036 0.15860095 -0.48471811
v 0.00983601 0.15850611 -0.48494709
v 0.01391357 0.15806356 -0.48384695
v 0.01359991 0.15841128 -0.48540502
v 0.01733245 0.15828484 -0.48604722
v 0.01959079 0.15856934 -0.48861047
v 0.02203732 0.15841128 -0.48921918
v -0.03272742 0.02567582 -0.44304693
v -0.12867549 0.08557906 -0.48374083
v -0.12444111 0.09310253 -0.48408706
v -0.12359423 0.09629526 -0.48494151
v -0.11983034 0.10043633 -0.48477397
v -0.11832477 0.10261750 -0.48509786
v -0.11286712 0.10843396 -0.48560047
v -0.11343170 0.10909780 -0.48818607
v -0.11111063 0.11077320 -0.48690721
v -0.10863274 0.11257503 -0.48559486
v -0.10533932 0.11684255 -0.48801853
v -0.10242230 0.11804377 -0.48482423
v -0.10144995 0.12025656 -0.48802411
v -0.09652552 0.12338606 -0.48587968
v -0.09712147 0.12386024 -0.48845412
v -0.09260479 0.12743230 -0.48891763
v 0.15907464 0.00032364 -0.48832008
v 0.15904327 0.00926961 -0.49100622
v 0.15866688 0.01097661 -0.48950957
v 0.15879234 0.00803677 -0.48917453
v 0.15838460 0.00926961 -0.48748800
v 0.15847868 0.00443309 -0.48655541
v 0.15913736 -0.00223687 -0.48816930
v 0.15879234 -0.01200473 -0.48918010
v 0.15898053 -0.01358529 -0.49091128
v 0.15929419 -0.00919134 -0.49112907
v 0.15872962 -0.01807408 -0.49177127
v 0.15851005 -0.02053976 -0.49227389
v 0.15866688 -0.01778958 -0.49509404
v 0.15838460 -0.02016042 -0.49507728
v 0.15819639 -0.02120359 -0.49504378
v 0.15553031 -0.03549186 -0.49275973
v 0.15427567 -0.04140315 -0.49091686
v 0.15251917 -0.04921112 -0.49522247
v 0.15336606 -0.04532295 -0.49101180
v 0.15242508 -0.04930596 -0.49106205
v 0.15189186 -0.04936918 -0.49813756
v 0.15113909 -0.05215097 -0.49777457
v 0.14662240 -0.06498511 -0.49734456
v 0.14285850 -0.07295114 -0.49764056
v 0.14016104 -0.07883082 -0.49522247
v 0.13912596 -0.08082233 -0.49526158
v 0.12811657 -0.09744982 -0.49514987
v 0.12676783 -0.09918844 -0.49511638
v 0.13009261 -0.09463643 -0.49519455
v 0.13467202 -0.08765035 -0.49522805
v 0.13297826 -0.09024247 -0.49522247
v 0.10547043 -0.12172723 -0.49549610
v 0.09750351 -0.12811269 -0.49056505
v 0.09057166 -0.13301244 -0.49055386
v 0.10117331 -0.12428774 -0.48684022
v 0.10371395 -0.12308651 -0.49072698
v 0.09709576 -0.12776497 -0.48749918
v 0.08991298 -0.13370788 -0.49526158
v 0.08818786 -0.13490911 -0.49703743
v 0.08796830 -0.13481427 -0.49058178
v 0.08091098 -0.13911339 -0.48857698
v 0.09270454 -0.13117899 -0.48828100
v 0.07507694 -0.14195840 -0.48683461
v 0.07341455 -0.14309641 -0.48816373
v 0.07118758 -0.14474020 -0.49065438
v 0.06795690 -0.14628915 -0.49062646
v 0.05964495 -0.14881804 -0.48637671
v 0.05550466 -0.15027215 -0.48657217
v 0.06529080 -0.14688975 -0.48801295
v 0.04866691 -0.15239010 -0.48620357
v 0.11767174 -0.10980981 -0.49108439
v 0.11575842 -0.11161165 -0.48950957
v 0.12309803 -0.10336112 -0.49091686
v 0.12087105 -0.10617451 -0.49121844
v 0.11945959 -0.10766025 -0.49010712
v 0.11190042 -0.11540499 -0.48955983
v 0.10782287 -0.11938800 -0.49004568
v 0.10638004 -0.12081051 -0.49105090
v 0.04248784 -0.15194754 -0.48320472
v 0.01400767 -0.04826279 -0.44304693
v 0.01309806 -0.04838923 -0.44304693
v 0.05660247 -0.14945026 -0.48407033
v 0.05271310 -0.15055666 -0.48400331
v 0.06111915 -0.14707942 -0.48347835
v 0.05763754 -0.14777486 -0.48326617
v 0.05399910 -0.14821742 -0.48301485
v 0.10565863 0.12088878 -0.49055386
v 0.10757195 0.11921339 -0.49054271
v 0.10964209 0.11725349 -0.49054271
v 0.11155540 0.11542004 -0.49053152
v 0.11353145 0.11342853 -0.49054271
v 0.11547613 0.11143703 -0.49054829
v 0.11917730 0.10739080 -0.49057620
v 0.12087105 0.10546251 -0.49481480
v 0.10336892 0.12288028 -0.49058739
v 0.12281574 0.10328134 -0.49482598
v 0.12444676 0.10135306 -0.49479807
v 0.12943393 0.09433537 -0.49790858
v 0.13112769 0.09231225 -0.49718263
v 0.12642281 0.09895061 -0.49474220
v 0.12802246 0.09695909 -0.49469194
v 0.13771450 0.08273405 -0.49485948
v 0.13903187 0.08061610 -0.49492650
v 0.14028651 0.07852976 -0.49496000
v 0.13457793 0.08776024 -0.49466960
v 0.14204299 0.07495769 -0.49495442
v 0.14546187 0.06711812 -0.49487067
v 0.14655968 0.06449439 -0.49487624
v 0.14706153 0.06221838 -0.49746184
v 0.14853572 0.05931015 -0.49497676
v 0.15073133 0.05336724 -0.49514987
v 0.14728108 0.06262933 -0.49490416
v 0.15587533 0.03079684 -0.48854906
v 0.15527937 0.03263029 -0.48700773
v 0.15687903 0.02393721 -0.48718087
v 0.15750635 0.02033353 -0.48723671
v 0.15822777 0.02023870 -0.49150322
v 0.15487161 0.03734036 -0.49093920
v 0.15841596 0.01707758 -0.49064880
v 0.15430704 0.03724553 -0.48674528
v 0.15082543 0.05327241 -0.49256986
v 0.14837889 0.05943660 -0.49101180
v 0.15076269 0.05260857 -0.48997308
v 0.15132728 0.05014290 -0.48835360
v 0.15336606 0.04110209 -0.48685138
v 0.04104501 0.15471277 -0.48977204
v 0.04386794 0.15411216 -0.49107882
v 0.05092525 0.15136199 -0.48762204
v 0.05233671 0.15069815 -0.48642136
v 0.05613198 0.14946531 -0.48661682
v 0.06340885 0.14753703 -0.49077166
v 0.06751777 0.14614613 -0.49493208
v 0.06551036 0.14696802 -0.49493766
v 0.06309519 0.14791637 -0.49498791
v 0.06478895 0.14684159 -0.48963243
v 0.06692183 0.14614613 -0.49081634
v 0.07103075 0.14431268 -0.49086102
v 0.06544763 0.14693642 -0.49760703
v 0.07347728 0.14311146 -0.49765171
v 0.02862415 0.15692556 -0.48672294
v 0.03270170 0.15607205 -0.48642697
v 0.03430136 0.15543983 -0.48485772
v 0.03649697 0.15550305 -0.48778958
v 0.03853575 0.15515533 -0.48857140
v 0.02805956 0.15787389 -0.49154790
v 0.08084825 0.13909684 -0.49762937
v 0.02460932 0.15822161 -0.49019087
v 0.09722122 0.12803291 -0.49489858
v 0.09267318 0.13147854 -0.49489858
v 0.09461785 0.13002443 -0.49489858
v 0.08799966 0.13467126 -0.49490974
v 0.09035210 0.13309071 -0.49490416
v 0.09907180 0.12638914 -0.49065438
v 0.10142424 0.12449246 -0.49063204
v 0.09709576 0.12793809 -0.49064323
v -0.08099944 0.13527188 -0.48889529
v -0.07513403 0.13805366 -0.48735957
v -0.07240520 0.13906522 -0.48622033
v -0.05574994 0.14627258 -0.48410382
v -0.06770032 0.14093029 -0.48477397
v -0.06403052 0.14254246 -0.48433280
v -0.06079984 0.14333273 -0.48350630
v -0.05361706 0.14728414 -0.48448358
v -0.05189194 0.14788475 -0.48420992
v -0.08567294 0.13182626 -0.48776724
v -0.09182064 0.12698974 -0.48637111
v -0.04524239 0.15009754 -0.48382461
v -0.03787142 0.15139360 -0.48318238
v -0.03417025 0.15186776 -0.48289199
v -0.02573284 0.15493406 -0.48348954
v -0.02927718 0.15468115 -0.48397539
v -0.02510552 0.15581917 -0.48431604
v -0.05277019 0.14696802 -0.48346162
v -0.04960224 0.14756864 -0.48303719
v -0.01723270 0.15714683 -0.48403680
v -0.01315514 0.15765262 -0.48397539
v -0.00901485 0.15800034 -0.48391952
v -0.00503139 0.15828484 -0.48391952
v -0.00164388 0.15834806 -0.48356772
v 0.00177499 0.15837968 -0.48366265
v 0.00575845 0.15837968 -0.48395863
v 0.01005557 0.15819001 -0.48383019
v 0.01033787 0.15626172 -0.48245082
v 0.01425859 0.15607205 -0.48245082
v 0.02191186 0.15572433 -0.48260160
v 0.01764610 0.15781067 -0.48388045
v 0.02097088 0.15812679 -0.48705241
v 0.02479751 0.15758939 -0.48677320
v -0.03122186 0.02810989 -0.44304693
v -0.12475477 0.08949886 -0.48338902
v -0.03021815 0.02969045 -0.44304693
v -0.11672511 0.10119500 -0.48360682
v -0.11612917 0.10416645 -0.48462877
v -0.11057741 0.11033063 -0.48503642
v -0.10618619 0.11450332 -0.48494151
v -0.10392786 0.11602065 -0.48441098
v -0.09997576 0.11949789 -0.48432720
v -0.09580411 0.12297512 -0.48441098
v -0.09407899 0.12477695 -0.48494151
v 0.15860415 0.00032364 -0.48611424
v 0.15782000 0.01704597 -0.48722552
v 0.15753771 0.00911155 -0.48357890
v 0.15778864 0.00468598 -0.48357329
v 0.15863551 -0.00233170 -0.48597462
v 0.15857279 -0.00523993 -0.48634877
v 0.15841596 -0.00938100 -0.48677878
v 0.15829049 -0.01371174 -0.48753268
v 0.15863551 -0.01522908 -0.48962685
v 0.15844732 -0.01820053 -0.49004010
v 0.15825913 -0.02126682 -0.49106763
v 0.15553031 -0.03451191 -0.48995634
v 0.15446386 -0.03767303 -0.48679554
v 0.15154683 -0.05218258 -0.49101737
v 0.15160958 -0.05208774 -0.49516664
v 0.15148411 -0.05155035 -0.48871099
v 0.14665377 -0.06501673 -0.49668560
v 0.14602645 -0.06659729 -0.49520571
v 0.14411313 -0.07073836 -0.49516664
v 0.14188616 -0.07532198 -0.49518337
v 0.13912596 -0.08085394 -0.49279884
v 0.13137860 -0.09255009 -0.49263130
v 0.12795974 -0.09713371 -0.49081076
v 0.12472905 -0.10127478 -0.49087775
v 0.09289273 -0.13136865 -0.49052595
v 0.09913453 -0.12517286 -0.48432720
v 0.09847585 -0.12637409 -0.48651072
v 0.10543906 -0.12062084 -0.48699100
v 0.09455512 -0.12874493 -0.48432162
v 0.09662527 -0.12738563 -0.48509228
v 0.08743508 -0.13434010 -0.48662243
v 0.08542767 -0.13566777 -0.48660566
v 0.08266748 -0.13756445 -0.48699657
v 0.07896631 -0.13984045 -0.48705241
v 0.09232815 -0.13076803 -0.48582384
v 0.09088532 -0.13206410 -0.48688487
v 0.07595518 -0.14078879 -0.48431046
v 0.07237948 -0.14255902 -0.48397539
v 0.07140714 -0.14382347 -0.48680112
v 0.06707866 -0.14587819 -0.48673410
v 0.06331475 -0.14739553 -0.48663916
v 0.06469485 -0.14660525 -0.48559486
v 0.06434983 -0.14635236 -0.48400888
v 0.05308950 -0.15084116 -0.48548877
v 0.11704443 -0.10943047 -0.48713619
v 0.11541340 -0.11116909 -0.48720318
v 0.11350009 -0.11309737 -0.48724229
v 0.12777153 -0.09678599 -0.48841502
v 0.12262755 -0.10272889 -0.48701334
v 0.12068286 -0.10513134 -0.48702449
v 0.11902047 -0.10715447 -0.48706917
v 0.10964209 -0.11679588 -0.48719761
v 0.10735238 -0.11891383 -0.48710267
v 0.01567006 -0.04778862 -0.44304693
v 0.06921153 -0.14344413 -0.48323822
v 0.06579265 -0.14413957 -0.48295343
v 0.01839889 -0.04690350 -0.44304693
v 0.10512540 0.12047783 -0.48717527
v 0.10707009 0.11873922 -0.48724786
v 0.10920296 0.11677932 -0.48733165
v 0.11306096 0.11295437 -0.48742098
v 0.11503701 0.11093125 -0.48739864
v 0.11682486 0.10903458 -0.48733722
v 0.11876955 0.10685341 -0.48725347
v 0.12052603 0.10486190 -0.48718087
v 0.12090242 0.10543090 -0.49057620
v 0.10286707 0.12240612 -0.48713619
v 0.10092239 0.12401829 -0.48711943
v 0.12284710 0.10315489 -0.49059297
v 0.12447813 0.10119500 -0.49060412
v 0.12993578 0.09436697 -0.49464726
v 0.12802246 0.09676943 -0.49062646
v 0.13131588 0.09243870 -0.49167634
v 0.13909460 0.08058449 -0.49228504
v 0.14000421 0.07871943 -0.49117933
v 0.14292124 0.07306102 -0.49245258
v 0.13451519 0.08757057 -0.49078842
v 0.14536777 0.06718134 -0.49097269
v 0.14662240 0.06408345 -0.49096154
v 0.14734382 0.06221838 -0.49097830
v 0.15553031 0.02969045 -0.48589644
v 0.15349153 0.03718231 -0.48366265
v 0.15606352 0.02406365 -0.48411501
v 0.15659673 0.02052320 -0.48380785
v 0.15697313 0.01723563 -0.48369615
v 0.14724972 0.06161777 -0.48901257
v 0.14903757 0.05551680 -0.48717527
v 0.15051177 0.05147057 -0.48711385
v 0.15120181 0.04821462 -0.48572333
v 0.15167230 0.04824623 -0.48763320
v 0.15261328 0.04097565 -0.48400888
v 0.04032360 0.15433343 -0.48690163
v 0.04465209 0.15303737 -0.48647723
v 0.05308950 0.14984465 -0.48388603
v 0.04982745 0.15117232 -0.48507552
v 0.05660247 0.14870664 -0.48412616
v 0.06008407 0.14797958 -0.48657775
v 0.06237378 0.14737898 -0.48773371
v 0.07084256 0.14462880 -0.49496560
v 0.06369115 0.14662030 -0.48677878
v 0.06742368 0.14507135 -0.48716969
v 0.07297543 0.14304823 -0.48916334
v 0.07332046 0.14317468 -0.49097830
v 0.07567289 0.14228957 -0.49506051
v 0.02504844 0.15692556 -0.48399212
v 0.02874961 0.15629334 -0.48417642
v 0.03681063 0.15502889 -0.48566746
v 0.03144707 0.15585078 -0.48439422
v 0.03734385 0.15427022 -0.48383577
v 0.04117048 0.15335349 -0.48400331
v 0.07858992 0.14064579 -0.49508846
v 0.08097372 0.13916006 -0.49509962
v 0.08304386 0.13786399 -0.49504378
v 0.09261044 0.13141531 -0.49151998
v 0.08608635 0.13590410 -0.49495442
v 0.08091098 0.13912844 -0.49205609
v 0.08592952 0.13584089 -0.49077166
v 0.08784283 0.13457644 -0.49071025
v 0.09675073 0.12765358 -0.48806321
v 0.09411600 0.13015086 -0.49045893
v 0.09239088 0.13122564 -0.48915776
v -0.08291275 0.13331198 -0.48704683
v -0.08002710 0.13486093 -0.48641579
v -0.07892929 0.13593572 -0.48746566
v -0.07576134 0.13672600 -0.48494151
v -0.07180924 0.13862267 -0.48457852
v -0.06860993 0.13941294 -0.48363474
v -0.05725550 0.14399657 -0.48298693
v -0.06487739 0.13976066 -0.48276913
v -0.08692758 0.13053020 -0.48674528
v -0.08470060 0.13135209 -0.48519280
v -0.08256773 0.13252170 -0.48467903
v -0.08733533 0.12929737 -0.48465111
v -0.04213717 0.14873826 -0.48255134
v -0.03827917 0.14946531 -0.48238941
v -0.03050045 0.15189937 -0.48254018
v -0.02636016 0.15275288 -0.48247874
v -0.02187484 0.15525016 -0.48319915
v -0.05389936 0.14424946 -0.48250108
v -0.05022955 0.14545069 -0.48237265
v -0.01776592 0.15556628 -0.48299811
v -0.01362563 0.15578755 -0.48281939
v -0.00192617 0.15648301 -0.48244524
v 0.00171226 0.15651461 -0.48243967
v 0.00607211 0.15638817 -0.48244524
v 0.00541343 0.04830945 -0.44304693
v 0.01011831 0.04815139 -0.44304693
v 0.01115338 0.04808817 -0.44304693
v 0.01642284 0.15423860 -0.48183654
v 0.01780293 0.15556628 -0.48236146
v 0.02216278 0.15392250 -0.48194263
v 0.02605215 0.15363799 -0.48204315
v 0.02991014 0.15332187 -0.48215485
v 0.02561303 0.15550305 -0.48276913
v 0.02144137 0.15743133 -0.48391952
v -0.02849303 0.03165034 -0.44304693
v -0.10496293 0.10912941 -0.48245082
v -0.10072854 0.11674771 -0.48321591
v -0.11220844 0.10805463 -0.48459525
v -0.09671371 0.12035139 -0.48322706
v -0.09263616 0.12395507 -0.48334434
v -0.08837040 0.12755875 -0.48366823
v -0.09125606 0.12645235 -0.48457852
v 0.15797683 0.00051330 -0.48357890
v 0.15725541 0.01344229 -0.48363474
v 0.15681630 0.00936444 -0.48209902
v 0.15709858 0.00493887 -0.48208783
v 0.15728679 0.00073458 -0.48208225
v 0.15800820 -0.00233170 -0.48359563
v 0.15788273 -0.00542960 -0.48365150
v 0.15766317 -0.00957067 -0.48371849
v 0.15734952 -0.01390141 -0.48379667
v 0.15785137 -0.01832697 -0.48720879
v 0.15750635 -0.02158293 -0.48722552
v 0.15700449 -0.02452277 -0.48724229
v 0.15534210 -0.03305779 -0.48668942
v 0.15587533 -0.03128757 -0.48795709
v 0.15556167 -0.03027601 -0.48541617
v 0.15367972 -0.03795753 -0.48407590
v 0.15358561 -0.04140315 -0.48691840
v 0.15107635 -0.05297286 -0.48969945
v 0.14872391 -0.05957960 -0.49106763
v 0.14677923 -0.06511156 -0.49378727
v 0.15107635 -0.05354186 -0.49227389
v 0.15139001 -0.04936918 -0.48610305
v 0.15082543 -0.05234063 -0.48733165
v 0.14953942 -0.05559659 -0.48718087
v 0.14709289 -0.06122338 -0.48605837
v 0.14643421 -0.06372066 -0.48727020
v 0.14737519 -0.06220333 -0.48872217
v 0.14298397 -0.07298275 -0.49227946
v 0.13893777 -0.08031655 -0.49002894
v 0.13115905 -0.09226558 -0.48985022
v 0.13244505 -0.09062181 -0.49111789
v 0.14188616 -0.07484782 -0.49093362
v 0.14285850 -0.07257181 -0.48965477
v 0.12999852 -0.09428870 -0.49106763
v 0.09624888 -0.12713274 -0.48371291
v 0.10267887 -0.12201173 -0.48417084
v 0.10029507 -0.12346585 -0.48306510
v 0.10678780 -0.11818677 -0.48398654
v 0.09188903 -0.13038870 -0.48372968
v 0.08501991 -0.13535166 -0.48469019
v 0.08028367 -0.13870245 -0.48598020
v 0.08354572 -0.13611034 -0.48425460
v 0.07997001 -0.13816506 -0.48389160
v 0.07708436 -0.13936629 -0.48323264
v 0.06805099 -0.14480341 -0.48419318
v 0.11666803 -0.10892469 -0.48474045
v 0.11481745 -0.11063169 -0.48410940
v 0.11092809 -0.11436182 -0.48398097
v 0.12636007 -0.09811366 -0.48709151
v 0.13078267 -0.09172819 -0.48681788
v 0.12748925 -0.09624860 -0.48587968
v 0.12510543 -0.09880910 -0.48443332
v 0.11845589 -0.10661708 -0.48421552
v 0.07369685 -0.14018818 -0.48276356
v 0.02561303 -0.04424816 -0.44304693
v 0.02178640 -0.04573389 -0.44304693
v 0.02119044 -0.04595517 -0.44304693
v 0.10202019 0.12123650 -0.48193148
v 0.10606638 0.11760121 -0.48193148
v 0.10813653 0.11586260 -0.48253461
v 0.11004984 0.11377626 -0.48195940
v 0.11390784 0.10985647 -0.48198174
v 0.11597798 0.10789658 -0.48262951
v 0.11776584 0.10565218 -0.48196497
v 0.12146701 0.10144789 -0.48199289
v 0.12247072 0.10252267 -0.48713061
v 0.09618615 0.12724263 -0.48564512
v 0.09853858 0.12474535 -0.48388603
v 0.09998141 0.12325962 -0.48293667
v 0.12410173 0.10053116 -0.48710827
v 0.12780291 0.09639010 -0.48836476
v 0.13009261 0.09392442 -0.49063765
v 0.13241368 0.09063686 -0.49069348
v 0.13573846 0.08564228 -0.49087775
v 0.13783997 0.08229150 -0.49106763
v 0.13987875 0.07767626 -0.48844293
v 0.14210572 0.07454675 -0.49127985
v 0.13890641 0.08014193 -0.49006244
v 0.13115905 0.09212258 -0.48962127
v 0.13551890 0.08516812 -0.48863839
v 0.14624602 0.06313510 -0.48757178
v 0.14285850 0.07249203 -0.49025789
v 0.14351718 0.06996312 -0.48838710
v 0.15415021 0.03304124 -0.48327174
v 0.15277011 0.03730875 -0.48230563
v 0.15342879 0.03449535 -0.48221629
v 0.14947669 0.04951067 -0.48206549
v 0.15389927 0.03177679 -0.48215485
v 0.15584395 0.02090253 -0.48230005
v 0.15618899 0.01752013 -0.48220511
v 0.14693606 0.06051137 -0.48637111
v 0.14750065 0.05795087 -0.48495266
v 0.14913167 0.05219763 -0.48341136
v 0.14809659 0.05580130 -0.48429370
v 0.15032356 0.04884684 -0.48366265
v 0.15195460 0.04407355 -0.48456175
v 0.04741228 0.15167809 -0.48436072
v 0.05744934 0.14737898 -0.48292552
v 0.06541627 0.14399657 -0.48238941
v 0.07159533 0.14149928 -0.48212693
v 0.04549896 0.15120393 -0.48321591
v 0.06441256 0.14545069 -0.48396420
v 0.05929993 0.14778991 -0.48456733
v 0.06155827 0.14709447 -0.48529331
v 0.06974475 0.14330113 -0.48498616
v 0.07096802 0.14355402 -0.48761643
v 0.07473192 0.14165735 -0.48763320
v 0.08066006 0.13897039 -0.48966034
v 0.07532786 0.14216312 -0.49101737
v 0.02934556 0.15518694 -0.48308745
v 0.04164097 0.15167809 -0.48285849
v 0.09088532 0.13249009 -0.49048127
v 0.08254201 0.13799044 -0.49083868
v 0.07909177 0.14004517 -0.49093362
v 0.08555313 0.13552477 -0.48797943
v 0.09198313 0.13087792 -0.48700215
v 0.09477468 0.12875996 -0.48691282
v 0.09010118 0.13220560 -0.48700215
v -0.07758056 0.13577765 -0.48521514
v -0.07955661 0.13426032 -0.48453384
v -0.07660822 0.13524027 -0.48381343
v -0.08103080 0.13182626 -0.48319357
v -0.06155262 0.14083546 -0.48255692
v -0.06936271 0.13688405 -0.48257368
v -0.06622612 0.13780078 -0.48230005
v -0.08419875 0.13100437 -0.48414293
v -0.00970490 0.04505349 -0.44304693
v -0.00634876 0.04603344 -0.44304693
v -0.00067154 0.04767723 -0.44304693
v -0.02237670 0.15306899 -0.48235031
v 0.00205729 0.04830945 -0.44304693
v -0.06368549 0.13846462 -0.48210459
v -0.01296695 0.04369421 -0.44304693
v -0.00945397 0.15591400 -0.48262951
v -0.00578417 0.15575595 -0.48237822
v 0.01303533 0.04789850 -0.44304693
v 0.01902620 0.15411216 -0.48187561
v 0.03383087 0.15278448 -0.48231681
v 0.01491728 0.04742434 -0.44304693
v -0.02400772 0.03594947 -0.44304693
v -0.09721557 0.11703221 -0.48241175
v -0.09326348 0.12076234 -0.48244524
v -0.08912318 0.12427118 -0.48258486
v -0.08513972 0.12831741 -0.48295901
v -0.09050329 0.12205839 -0.48219395
v 0.05183486 0.00079781 -0.44304693
v 0.05186623 -0.00084598 -0.44304693
v 0.15728679 -0.00230009 -0.48207110
v 0.15700449 -0.01835858 -0.48393071
v 0.15665947 -0.02189904 -0.48408148
v 0.15622035 -0.02496533 -0.48434396
v 0.15443250 -0.03369002 -0.48388603
v 0.15286421 -0.03425902 -0.48247316
v 0.14884937 -0.05028591 -0.48237822
v 0.15044903 -0.04978013 -0.48390837
v 0.15286421 -0.04149799 -0.48440537
v 0.14674787 -0.06466900 -0.49102856
v 0.14561870 -0.06713468 -0.49099503
v 0.14963352 -0.05287802 -0.48402565
v 0.14856708 -0.05600753 -0.48435511
v 0.14781431 -0.05837837 -0.48479631
v 0.14517958 -0.06463739 -0.48411501
v 0.14477181 -0.06732434 -0.48709709
v 0.13972192 -0.07807216 -0.48825866
v 0.13865547 -0.07943144 -0.48692397
v 0.13755767 -0.08003205 -0.48405356
v 0.13652261 -0.08297189 -0.48692955
v 0.13567573 -0.08477373 -0.48828658
v 0.13228822 -0.08945219 -0.48685138
v 0.14254484 -0.07197119 -0.48707475
v 0.10819926 -0.11587916 -0.48250666
v 0.10421580 -0.11957767 -0.48262951
v 0.10587819 -0.11758616 -0.48221629
v 0.10117331 -0.12144273 -0.48227771
v 0.09304956 -0.12814430 -0.48251784
v 0.08890927 -0.13149509 -0.48267419
v 0.08454942 -0.13484588 -0.48318796
v 0.08131874 -0.13569938 -0.48252342
v 0.11613481 -0.10826086 -0.48287526
v 0.13197456 -0.08891480 -0.48461201
v 0.12855568 -0.09403581 -0.48447797
v 0.12705013 -0.09590087 -0.48383577
v 0.12356851 -0.09994711 -0.48314331
v 0.11989871 -0.10405657 -0.48293109
v 0.07786850 -0.13709028 -0.48241175
v 0.02787136 -0.04317338 -0.44304693
v 0.02614625 -0.04399527 -0.44304693
v 0.09766034 0.12474535 -0.48200408
v 0.09602932 0.12594657 -0.48192590
v 0.09966775 0.12297512 -0.48186446
v 0.10377667 0.11933983 -0.48179186
v 0.10779150 0.11557810 -0.48179186
v 0.11177497 0.11162670 -0.48181420
v 0.11569570 0.10754885 -0.48181420
v 0.11949096 0.10334456 -0.48181978
v 0.12312940 0.09914027 -0.48189795
v 0.12604641 0.09553659 -0.48194263
v 0.12491724 0.09714876 -0.48205991
v 0.12347442 0.09948799 -0.48314331
v 0.09119898 0.12970831 -0.48198731
v 0.12736378 0.09575787 -0.48586292
v 0.12711285 0.09490437 -0.48344486
v 0.12996714 0.09088975 -0.48349512
v 0.13078267 0.09152197 -0.48712501
v 0.13213139 0.08959368 -0.48712501
v 0.13639714 0.08289211 -0.48729254
v 0.13507978 0.08428300 -0.48590202
v 0.13699309 0.07862460 -0.48197055
v 0.13943962 0.07663309 -0.48562839
v 0.14129021 0.07065857 -0.48209902
v 0.14072563 0.07517898 -0.48718645
v 0.13410744 0.08662223 -0.48720879
v 0.14480318 0.06370411 -0.48361797
v 0.14470909 0.06288222 -0.48217161
v 0.14552460 0.06085910 -0.48208225
v 0.14646557 0.05987915 -0.48386369
v 0.14426996 0.06743423 -0.48718087
v 0.14260758 0.07122757 -0.48721995
v 0.15026084 0.04587539 -0.48200965
v 0.14884937 0.05153379 -0.48210459
v 0.14662240 0.05706575 -0.48196497
v 0.04995291 0.01341068 -0.44304693
v 0.05007837 0.01303134 -0.44304693
v 0.05048613 0.01069211 -0.44304693
v 0.15411884 0.02943756 -0.48210459
v 0.05061159 0.00980700 -0.44304693
v 0.14740655 0.05633870 -0.48276913
v 0.04995291 0.14861181 -0.48242848
v 0.06180920 0.14507135 -0.48230005
v 0.07927997 0.13735822 -0.48199289
v 0.06946246 0.14213151 -0.48211017
v 0.02103361 0.04562250 -0.44304693
v 0.02492298 0.04401032 -0.44304693
v 0.07805670 0.13969745 -0.48723671
v 0.08009548 0.13852783 -0.48720879
v 0.08342025 0.13647311 -0.48689048
v 0.08495718 0.13508221 -0.48539941
v 0.08696459 0.13426032 -0.48681227
v 0.08953659 0.13173143 -0.48450592
v -0.08172085 0.12863353 -0.48235031
v -0.07736100 0.13217398 -0.48255134
v -0.07419305 0.13343843 -0.48233915
v -0.07158969 0.13438677 -0.48213809
v -0.01698177 0.04126015 -0.44304693
v 0.04590672 0.14927565 -0.48224421
v 0.01764610 0.04666567 -0.44304693
v -0.02193757 0.03778292 -0.44304693
v -0.01996153 0.03926865 -0.44304693
v 0.05186623 -0.00173109 -0.44304693
v 0.05108208 -0.00928617 -0.44304693
v 0.15659673 -0.00976034 -0.48215485
v 0.15622035 -0.01409107 -0.48223860
v 0.15574986 -0.01851664 -0.48237822
v 0.15509118 -0.02581883 -0.48288641
v 0.14966488 -0.04623967 -0.48224421
v 0.15349153 -0.03018118 -0.48231681
v 0.14577553 -0.05856804 -0.48227771
v 0.14797114 -0.05366830 -0.48250108
v 0.05020384 -0.01285824 -0.44304693
v 0.04882374 -0.01718897 -0.44304693
v 0.14706153 -0.05682943 -0.48278590
v 0.14662240 -0.06068599 -0.48395305
v 0.14285850 -0.06868363 -0.48324383
v 0.14198027 -0.07146541 -0.48415966
v 0.14066289 -0.07560648 -0.48699100
v 0.14050606 -0.07465815 -0.48446124
v 0.13912596 -0.07664965 -0.48371291
v 0.13583256 -0.08101200 -0.48275240
v 0.13492295 -0.08376217 -0.48367942
v 0.13307236 -0.08698652 -0.48412059
v 0.13636578 -0.08211839 -0.48445005
v 0.11208862 -0.11205420 -0.48259044
v 0.10989301 -0.11369799 -0.48225537
v 0.03677926 -0.03650342 -0.44304693
v 0.03474048 -0.03821042 -0.44304693
v 0.09461785 -0.12618442 -0.48226655
v 0.03241941 -0.03994904 -0.44304693
v 0.02994151 -0.04178249 -0.44304693
v 0.08956795 -0.13000937 -0.48231120
v 0.08596088 -0.13256987 -0.48234473
v 0.08276157 -0.13418205 -0.48227213
v 0.12093379 -0.10146445 -0.48227213
v 0.13147271 -0.08815613 -0.48288641
v 0.12441539 -0.09729177 -0.48243406
v 0.02934556 -0.04219344 -0.44304693
v 0.09684483 0.12420796 -0.48156849
v 0.10089102 0.12038300 -0.48141210
v 0.03367404 0.03828870 -0.44304693
v 0.03423863 0.03781453 -0.44304693
v 0.03637150 0.03588625 -0.44304693
v 0.03831619 0.03392635 -0.44304693
v 0.11274730 0.10871847 -0.48132835
v 0.11666803 0.10460901 -0.48133951
v 0.12046330 0.10059438 -0.48140095
v 0.12419583 0.09654815 -0.48154615
v 0.12789700 0.09231225 -0.48177510
v 0.12959076 0.09063686 -0.48195940
v 0.12821066 0.09272320 -0.48222745
v 0.08878381 0.13151014 -0.48246201
v 0.08661957 0.13274299 -0.48204315
v 0.02931419 0.04154465 -0.44304693
v 0.02959649 0.04135498 -0.44304693
v 0.03210575 0.03958476 -0.44304693
v 0.13172363 0.08896146 -0.48475721
v 0.13470338 0.08333467 -0.48342252
v 0.13140997 0.08829763 -0.48270211
v 0.13257051 0.08592678 -0.48194821
v 0.13545616 0.08039483 -0.48176394
v 0.13793407 0.07663309 -0.48192029
v 0.13906324 0.07587442 -0.48351746
v 0.13360558 0.08403011 -0.48183654
v 0.04512257 0.02482232 -0.44304693
v 0.04741228 0.01966970 -0.44304693
v 0.04876101 0.01654019 -0.44304693
v 0.04894921 0.01609763 -0.44304693
v 0.02724405 0.04277749 -0.44304693
v 0.05092525 -0.01004484 -0.44304693
v 0.15389927 -0.02648266 -0.48218835
v 0.15415021 -0.02398538 -0.48209902
v 0.15512254 -0.02243643 -0.48245082
v 0.05073706 -0.01086673 -0.44304693
v 0.04753774 -0.02072943 -0.44304693
v 0.14107065 -0.06985324 -0.48236707
v 0.14354854 -0.06568056 -0.48272445
v 0.13969055 -0.07320403 -0.48255134
v 0.13238232 -0.08537434 -0.48232239
v 0.11892638 -0.10320307 -0.48214370
v 0.03853575 -0.03466997 -0.44304693
v 0.12595232 -0.09438354 -0.48226655
v 0.04371111 -0.02850578 -0.44304693
v 0.04273877 -0.02977023 -0.44304693
v 0.04054316 -0.03239396 -0.44304693
v 0.04010404 0.03190323 -0.44304693
v 0.04195462 0.02975367 -0.44304693
v 0.04226828 0.02937434 -0.44304693
v 0.04349155 0.02782539 -0.44304693
v 0.13112769 0.08785507 -0.48181978
v 0.04496574 0.02513844 -0.44304693
v 0.13197456 0.08485201 -0.48147913
v 0.04684769 -0.02224676 -0.44304693
v 0.13413880 -0.08167583 -0.48222745
v 0.04640857 -0.02319510 -0.44304693
v 0.04534213 -0.02540788 -0.44304693
f 1 2 3
f 1 3 4
f 1 4 5
f 1 5 6
f 1 6 7
f 1 7 8
f 1 8 9
f 1 9 10
f 1 10 11
f 1 11 12
f 1 12 2
f 2 13 4
f 2 4 3
f 2 12 14
f 2 14 15
f 2 15 13
f 4 13 16
f 4 16 17
f 4 17 18
f 4 18 5
f 5 18 6
f 6 19 20
f 6 20 21
f 6 21 7
f 6 18 19
f 7 21 22
f 7 22 8
f 8 22 19
f 8 19 23
f 8 23 24
f 8 24 25
f 8 25 26
f 8 26 9
f 9 26 27
f 9 27 28
f 9 28 29
f 9 29 30
f 9 30 10
f 10 31 32
f 10 32 33
f 10 33 34
f 10 34 35
f 10 35 11
f 10 30 31
f 11 35 36
f 11 36 37
f 11 37 38
f 11 38 12
f 12 38 37
f 12 37 39
f 12 39 14
f 13 40 41
f 13 41 42
f 13 42 43
f 13 43 44
f 13 44 45
f 13 45 46
f 13 46 18
f 13 18 16
f 13 15 14
f 13 14 47
f 13 47 40
f 14 39 47
f 16 18 17
f 18 48 49
f 18 49 50
f 18 50 23
f 18 23 19
f 18 46 51
f 18 51 48
f 19 22 20
f 20 22 52
f 20 52 21
f 21 52 22
f 23 50 53
f 23 53 54
f 23 54 55
f 23 55 56
f 23 56 57
f 23 57 24
f 24 57 58
f 24 58 59
f 24 59 25
f 25 59 26
f 26 59 28
f 26 28 27
f 28 60 61
f 28 61 29
f 28 59 60
f 29 61 30
f 30 61 62
f 30 62 31
f 31 62 63
f 31 63 32
f 32 63 64
f 32 64 65
f 32 65 66
f 32 66 67
f 32 67 68
f 32 68 33
f 33 68 69
f 33 69 34
f 34 69 35
f 35 69 70
f 35 70 36
f 36 70 71
f 36 71 39
f 36 39 37
f 39 71 72
f 39 72 73
f 39 73 74
f 39 74 75
f 39 75 76
f 39 76 77
f 39 77 78
f 39 78 79
f 39 79 80
f 39 80 81
f 39 81 47
f 40 82 83
f 40 83 41
f 40 47 84
f 40 84 82
f 41 83 85
f 41 85 86
f 41 86 42
f 42 86 87
f 42 87 88
f 42 88 43
f 43 88 89
f 43 89 90
f 43 90 91
f 43 91 92
f 43 92 93
f 43 93 94
f 43 94 44
f 44 94 95
f 44 95 96
f 44 96 97
f 44 97 45
f 45 97 98
f 45 98 46
f 46 98 99
f 46 99 100
f 46 100 51
f 47 81 80
f 47 80 101
f 47 101 102
f 47 102 103
f 47 103 84
f 48 51 104
f 48 104 49
f 49 105 106
f 49 106 53
f 49 53 50
f 49 104 105
f 51 100 107
f 51 107 104
f 53 106 108
f 53 108 109
f 53 109 110
f 53 110 111
f 53 111 54
f 54 111 55
f 55 112 113
f 55 113 56
f 55 111 110
f 55 110 112
f 56 113 58
f 56 58 57
f 58 114 59
f 58 113 114
f 59 115 116
f 59 116 60
f 59 114 115
f 60 117 61
f 60 116 118
f 60 118 119
f 60 119 117
f 61 117 120
f 61 120 121
f 61 121 62
f 62 121 63
f 63 121 64
f 64 122 123
f 64 123 65
f 64 121 124
f 64 124 122
f 65 123 125
f 65 125 126
f 65 126 66
f 66 126 127
f 66 127 67
f 67 128 68
f 67 127 128
f 68 128 69
f 69 128 129
f 69 129 70
f 70 129 130
f 70 130 71
f 71 130 131
f 71 131 72
f 72 131 130
f 72 130 132
f 72 132 133
f 72 133 134
f 72 134 135
f 72 135 136
f 72 136 137
f 72 137 73
f 73 137 138
f 73 138 139
f 73 139 74
f 74 139 140
f 74 140 75
f 75 140 141
f 75 141 76
f 76 141 77
f 77 141 142
f 77 142 143
f 77 143 144
f 77 144 145
f 77 145 146
f 77 146 147
f 77 147 78
f 78 147 146
f 78 146 148
f 78 148 149
f 78 149 101
f 78 101 79
f 79 101 80
f 82 150 151
f 82 151 152
f 82 152 153
f 82 153 154
f 82 154 155
f 82 155 156
f 82 156 157
f 82 157 158
f 82 158 83
f 82 84 159
f 82 159 150
f 83 158 160
f 83 160 161
f 83 161 85
f 84 103 162
f 84 162 163
f 84 163 164
f 84 164 165
f 84 165 166
f 84 166 167
f 84 167 159
f 85 161 168
f 85 168 160
f 85 160 169
f 85 169 170
f 85 170 86
f 86 170 171
f 86 171 87
f 87 172 88
f 87 171 172
f 88 173 89
f 88 172 174
f 88 174 173
f 89 173 175
f 89 175 176
f 89 176 90
f 90 176 177
f 90 177 178
f 90 178 179
f 90 179 92
f 90 92 91
f 92 179 180
f 92 180 181
f 92 181 182
f 92 182 93
f 93 182 94
f 94 182 183
f 94 183 184
f 94 184 95
f 95 184 96
f 96 185 97
f 96 184 185
f 97 186 187
f 97 187 188
f 97 188 98
f 97 185 186
f 98 188 189
f 98 189 99
f 99 190 100
f 99 189 191
f 99 191 190
f 100 190 192
f 100 192 107
f 101 149 193
f 101 193 194
f 101 194 195
f 101 195 196
f 101 196 197
f 101 197 198
f 101 198 103
f 101 103 102
f 103 198 199
f 103 199 162
f 104 107 105
f 105 200 201
f 105 201 106
f 105 107 202
f 105 202 203
f 105 203 200
f 106 201 109
f 106 109 108
f 107 192 204
f 107 204 205
f 107 205 202
f 109 206 110
f 109 201 207
f 109 207 206
f 110 206 208
f 110 208 112
f 112 209 210
f 112 210 113
f 112 208 211
f 112 211 209
f 113 210 212
f 113 212 213
f 113 213 114
f 114 213 115
f 115 213 214
f 115 214 118
f 115 118 116
f 117 215 120
f 117 119 216
f 117 216 217
f 117 217 218
f 117 218 215
f 118 214 212
f 118 212 216
f 118 216 119
f 120 215 124
f 120 124 219
f 120 219 121
f 121 219 124
f 122 220 221
f 122 221 222
f 122 222 123
f 122 124 220
f 123 222 223
f 123 223 224
f 123 224 125
f 124 215 225
f 124 225 220
f 125 224 126
f 126 224 226
f 126 226 227
f 126 227 127
f 127 227 228
f 127 228 229
f 127 229 230
f 127 230 128
f 128 230 229
f 128 229 135
f 128 135 231
f 128 231 134
f 128 134 232
f 128 232 129
f 129 232 130
f 130 232 133
f 130 133 132
f 133 232 134
f 134 231 135
f 135 233 234
f 135 234 136
f 135 229 233
f 136 234 235
f 136 235 236
f 136 236 237
f 136 237 238
f 136 238 137
f 137 238 239
f 137 239 240
f 137 240 138
f 138 240 241
f 138 241 139
f 139 241 242
f 139 242 243
f 139 243 244
f 139 244 140
f 140 244 141
f 141 245 142
f 141 244 245
f 142 246 143
f 142 245 246
f 143 246 247
f 143 247 144
f 144 247 145
f 145 247 248
f 145 248 249
f 145 249 146
f 146 249 250
f 146 250 251
f 146 251 148
f 148 252 149
f 148 251 250
f 148 250 253
f 148 253 252
f 149 252 193
f 150 254 255
f 150 255 151
f 150 159 256
f 150 256 254
f 151 255 257
f 151 257 258
f 151 258 152
f 152 258 259
f 152 259 260
f 152 260 261
f 152 261 153
f 153 261 262
f 153 262 154
f 154 263 155
f 154 262 264
f 154 264 263
f 155 265 266
f 155 266 267
f 155 267 268
f 155 268 269
f 155 269 270
f 155 270 271
f 155 271 156
f 155 263 265
f 156 271 157
f 157 271 272
f 157 272 158
f 158 272 160
f 159 167 273
f 159 273 274
f 159 274 275
f 159 275 276
f 159 276 256
f 160 272 277
f 160 277 278
f 160 278 169
f 160 168 161
f 162 199 163
f 163 199 279
f 163 279 164
f 164 279 280
f 164 280 281
f 164 281 165
f 165 281 282
f 165 282 283
f 165 283 284
f 165 284 166
f 166 284 285
f 166 285 273
f 166 273 167
f 169 278 170
f 170 278 286
f 170 286 287
f 170 287 288
f 170 288 289
f 170 289 171
f 171 289 290
f 171 290 172
f 172 290 174
f 173 174 291
f 173 291 175
f 174 290 292
f 174 292 293
f 174 293 291
f 175 294 295
f 175 295 296
f 175 296 176
f 175 291 297
f 175 297 298
f 175 298 294
f 176 296 299
f 176 299 300
f 176 300 178
f 176 178 177
f 178 301 302
f 178 302 180
f 178 180 179
f 178 300 303
f 178 303 304
f 178 304 305
f 178 305 301
f 180 302 306
f 180 306 307
f 180 307 181
f 181 308 309
f 181 309 182
f 181 307 308
f 182 309 183
f 183 310 311
f 183 311 184
f 183 309 312
f 183 312 313
f 183 313 310
f 184 311 314
f 184 314 185
f 185 314 315
f 185 315 316
f 185 316 317
f 185 317 186
f 186 317 318
f 186 318 319
f 186 319 320
f 186 320 321
f 186 321 187
f 187 321 322
f 187 322 323
f 187 323 324
f 187 324 191
f 187 191 189
f 187 189 188
f 190 191 325
f 190 325 326
f 190 326 327
f 190 327 192
f 191 324 328
f 191 328 325
f 192 329 204
f 192 327 329
f 193 330 331
f 193 331 194
f 193 252 332
f 193 332 330
f 194 331 333
f 194 333 195
f 195 334 335
f 195 335 197
f 195 197 196
f 195 333 334
f 197 335 336
f 197 336 337
f 197 337 199
f 197 199 198
f 199 337 338
f 199 338 339
f 199 339 340
f 199 340 341
f 199 341 342
f 199 342 343
f 199 343 344
f 199 344 279
f 200 345 201
f 200 203 345
f 201 345 346
f 201 346 207
f 202 205 347
f 202 347 348
f 202 348 349
f 202 349 350
f 202 350 203
f 203 350 351
f 203 351 345
f 204 329 347
f 204 347 205
f 206 207 346
f 206 346 208
f 208 346 345
f 208 345 211
f 209 211 210
f 210 352 353
f 210 353 212
f 210 211 352
f 211 345 354
f 211 354 355
f 211 355 356
f 211 356 357
f 211 357 352
f 212 353 358
f 212 358 216
f 212 214 213
f 215 359 225
f 215 218 360
f 215 360 361
f 215 361 359
f 216 358 217
f 217 358 362
f 217 362 360
f 217 360 218
f 220 225 363
f 220 363 221
f 221 363 222
f 222 363 364
f 222 364 224
f 222 224 223
f 224 364 226
f 225 359 365
f 225 365 363
f 226 233 366
f 226 366 227
f 226 364 367
f 226 367 368
f 226 368 369
f 226 369 233
f 227 366 228
f 228 366 233
f 228 233 229
f 233 369 234
f 234 369 235
f 235 369 370
f 235 370 371
f 235 371 237
f 235 237 236
f 237 371 372
f 237 372 373
f 237 373 238
f 238 373 241
f 238 241 239
f 239 241 240
f 241 373 374
f 241 374 375
f 241 375 376
f 241 376 242
f 242 376 375
f 242 375 243
f 243 375 374
f 243 374 377
f 243 377 378
f 243 378 379
f 243 379 380
f 243 380 244
f 244 380 245
f 245 380 381
f 245 381 382
f 245 382 246
f 246 382 383
f 246 383 384
f 246 384 385
f 246 385 247
f 247 386 387
f 247 387 248
f 247 385 388
f 247 388 386
f 248 387 389
f 248 389 390
f 248 390 391
f 248 391 249
f 249 391 392
f 249 392 393
f 249 393 250
f 250 393 253
f 252 253 394
f 252 394 332
f 253 393 395
f 253 395 396
f 253 396 394
f 254 397 257
f 254 257 255
f 254 256 276
f 254 276 398
f 254 398 397
f 257 397 399
f 257 399 400
f 257 400 401
f 257 401 402
f 257 402 403
f 257 403 404
f 257 404 260
f 257 260 259
f 257 259 258
f 260 404 405
f 260 405 261
f 261 405 262
f 262 405 406
f 262 406 407
f 262 407 264
f 263 408 409
f 263 409 410
f 263 410 411
f 263 411 412
f 263 412 265
f 263 264 413
f 263 413 408
f 264 407 414
f 264 414 413
f 265 412 266
f 266 412 415
f 266 415 416
f 266 416 267
f 267 416 417
f 267 417 268
f 268 417 418
f 268 418 269
f 269 418 270
f 270 418 419
f 270 419 271
f 271 419 272
f 272 419 277
f 273 285 420
f 273 420 421
f 273 421 422
f 273 422 274
f 274 422 275
f 275 422 423
f 275 423 276
f 276 423 424
f 276 424 421
f 276 421 425
f 276 425 426
f 276 426 427
f 276 427 428
f 276 428 429
f 276 429 430
f 276 430 431
f 276 431 432
f 276 432 397
f 276 397 398
f 277 433 434
f 277 434 278
f 277 419 433
f 278 434 435
f 278 435 286
f 279 344 343
f 279 343 436
f 279 436 281
f 279 281 280
f 281 436 437
f 281 437 438
f 281 438 439
f 281 439 282
f 282 439 420
f 282 420 285
f 282 285 283
f 283 285 284
f 286 435 440
f 286 440 287
f 287 440 441
f 287 441 288
f 288 442 289
f 288 441 443
f 288 443 442
f 289 442 444
f 289 444 290
f 290 444 292
f 291 445 446
f 291 446 297
f 291 293 445
f 292 447 448
f 292 448 293
f 292 444 447
f 293 448 449
f 293 449 450
f 293 450 451
f 293 451 452
f 293 452 453
f 293 453 445
f 294 454 455
f 294 455 456
f 294 456 295
f 294 298 454
f 295 456 296
f 296 456 299
f 297 446 298
f 298 446 457
f 298 457 458
f 298 458 454
f 299 456 300
f 300 304 303
f 300 456 304
f 301 459 460
f 301 460 461
f 301 461 302
f 301 305 304
f 301 304 462
f 301 462 459
f 302 461 460
f 302 460 306
f 304 456 463
f 304 463 462
f 306 460 464
f 306 464 465
f 306 465 466
f 306 466 467
f 306 467 307
f 307 467 468
f 307 468 308
f 308 468 467
f 308 467 309
f 309 467 469
f 309 469 470
f 309 470 313
f 309 313 312
f 310 471 472
f 310 472 473
f 310 473 474
f 310 474 316
f 310 316 315
f 310 315 314
f 310 314 311
f 310 313 471
f 313 470 471
f 316 475 317
f 316 474 475
f 317 475 476
f 317 476 318
f 318 477 478
f 318 478 319
f 318 476 477
f 319 478 479
f 319 479 321
f 319 321 320
f 321 479 480
f 321 480 481
f 321 481 322
f 322 481 482
f 322 482 323
f 323 482 324
f 324 482 483
f 324 483 328
f 325 328 484
f 325 484 326
f 326 484 327
f 327 485 486
f 327 486 329
f 327 484 485
f 328 485 484
f 328 483 482
f 328 482 485
f 329 486 347
f 330 332 487
f 330 487 488
f 330 488 489
f 330 489 331
f 331 489 490
f 331 490 334
f 331 334 333
f 332 394 491
f 332 491 492
f 332 492 487
f 334 490 493
f 334 493 494
f 334 494 335
f 335 494 495
f 335 495 336
f 336 495 496
f 336 496 497
f 336 497 498
f 336 498 499
f 336 499 337
f 337 499 338
f 338 499 500
f 338 500 501
f 338 501 339
f 339 501 340
f 340 501 502
f 340 502 341
f 341 502 501
f 341 501 342
f 342 501 503
f 342 503 343
f 343 503 504
f 343 504 436
f 345 351 354
f 347 486 505
f 347 505 348
f 348 506 507
f 348 507 349
f 348 505 508
f 348 508 509
f 348 509 356
f 348 356 355
f 348 355 506
f 349 507 510
f 349 510 511
f 349 511 350
f 350 511 510
f 350 510 351
f 351 512 354
f 351 510 512
f 352 357 353
f 353 357 513
f 353 513 514
f 353 514 515
f 353 515 516
f 353 516 358
f 354 512 355
f 355 512 506
f 356 517 357
f 356 509 517
f 357 517 518
f 357 518 519
f 357 519 520
f 357 520 513
f 358 516 362
f 359 521 522
f 359 522 516
f 359 516 515
f 359 515 514
f 359 514 520
f 359 520 519
f 359 519 518
f 359 518 700
f 359 700 699
f 359 699 883
f 359 883 1031
f 359 1031 1030
f 359 1030 1029
f 359 1029 1027
f 359 1027 833
f 359 833 832
f 359 832 837
f 359 837 836
f 359 836 1025
f 359 1025 1023
f 359 1023 1022
f 359 1022 820
f 359 820 817
f 359 817 1020
f 359 1020 1181
f 359 1181 1180
f 359 1180 1323
f 359 1323 1145
f 359 1145 1322
f 359 1322 1495
f 359 1495 1498
f 359 1498 1661
f 359 1661 1660
f 359 1660 1659
f 359 1659 1791
f 359 1791 1790
f 359 1790 1889
f 359 1889 1882
f 359 1882 1881
f 359 1881 1879
f 359 1879 1878
f 359 1878 1932
f 359 1932 1936
f 359 1936 1935
f 359 1935 1934
f 359 1934 1947
f 359 1947 1946
f 359 1946 1944
f 359 1944 1926
f 359 1926 1864
f 359 1864 1863
f 359 1863 1925
f 359 1925 1921
f 359 1921 1854
f 359 1854 1853
f 359 1853 1751
f 359 1751 1750
f 359 1750 1830
f 359 1830 1828
f 359 1828 1827
f 359 1827 1826
f 359 1826 1919
f 359 1919 1918
f 359 1918 1917
f 359 1917 1916
f 359 1916 1942
f 359 1942 1940
f 359 1940 1939
f 359 1939 1938
f 359 1938 1937
f 359 1937 1895
f 359 1895 1894
f 359 1894 1893
f 359 1893 1892
f 359 1892 1907
f 359 1907 1906
f 359 1906 1905
f 359 1905 1920
f 359 1920 1837
f 359 1837 1836
f 359 1836 1850
f 359 1850 1743
f 359 1743 1740
f 359 1740 1589
f 359 1589 1588
f 359 1588 1587
f 359 1587 1735
f 359 1735 1733
f 359 1733 1732
f 359 1732 1731
f 359 1731 1737
f 359 1737 1848
f 359 1848 1852
f 359 1852 1851
f 359 1851 1744
f 359 1744 1597
f 359 1597 1433
f 359 1433 1431
f 359 1431 1247
f 359 1247 1072
f 359 1072 888
f 359 888 887
f 359 887 886
f 359 886 885
f 359 885 701
f 359 701 525
f 359 525 523
f 359 523 363
f 359 363 365
f 359 361 360
f 359 360 521
f 360 362 516
f 360 516 522
f 360 522 521
f 363 523 367
f 363 367 364
f 367 523 368
f 368 524 369
f 368 523 525
f 368 525 524
f 369 524 526
f 369 526 372
f 369 372 370
f 370 372 371
f 372 526 527
f 372 527 528
f 372 528 529
f 372 529 530
f 372 530 531
f 372 531 532
f 372 532 373
f 373 532 374
f 374 532 531
f 374 531 533
f 374 533 377
f 377 533 529
f 377 529 534
f 377 534 535
f 377 535 378
f 378 535 536
f 378 536 537
f 378 537 538
f 378 538 380
f 378 380 379
f 380 538 381
f 381 538 539
f 381 539 382
f 382 539 383
f 383 540 541
f 383 541 542
f 383 542 384
f 383 539 540
f 384 543 544
f 384 544 385
f 384 542 543
f 385 544 388
f 386 388 545
f 386 545 546
f 386 546 547
f 386 547 548
f 386 548 387
f 387 548 389
f 388 544 543
f 388 543 545
f 389 548 549
f 389 549 550
f 389 550 392
f 389 392 390
f 390 392 391
f 392 550 393
f 393 550 395
f 394 396 551
f 394 551 491
f 395 552 553
f 395 553 396
f 395 550 552
f 396 554 551
f 396 553 554
f 397 555 399
f 397 432 555
f 399 555 556
f 399 556 557
f 399 557 400
f 400 557 401
f 401 558 559
f 401 559 560
f 401 560 402
f 401 557 561
f 401 561 562
f 401 562 558
f 402 560 559
f 402 559 403
f 403 563 564
f 403 564 565
f 403 565 404
f 403 559 563
f 404 565 566
f 404 566 406
f 404 406 405
f 406 566 414
f 406 414 407
f 408 413 409
f 409 567 568
f 409 568 569
f 409 569 570
f 409 570 571
f 409 571 572
f 409 572 573
f 409 573 410
f 409 413 567
f 410 573 574
f 410 574 411
f 411 574 412
f 412 574 575
f 412 575 415
f 413 414 568
f 413 568 567
f 414 566 576
f 414 576 577
f 414 577 568
f 415 578 579
f 415 579 416
f 415 575 578
f 416 579 580
f 416 580 581
f 416 581 417
f 417 582 418
f 417 581 583
f 417 583 584
f 417 584 585
f 417 585 582
f 418 582 586
f 418 586 433
f 418 433 419
f 420 587 588
f 420 588 589
f 420 589 590
f 420 590 421
f 420 439 587
f 421 424 423
f 421 423 422
f 421 590 589
f 421 589 425
f 425 589 591
f 425 591 426
f 426 591 592
f 426 592 593
f 426 593 594
f 426 594 427
f 427 594 593
f 427 593 595
f 427 595 596
f 427 596 428
f 428 597 598
f 428 598 429
f 428 596 599
f 428 599 597
f 429 598 600
f 429 600 430
f 430 600 601
f 430 601 555
f 430 555 602
f 430 602 431
f 431 602 603
f 431 603 555
f 431 555 432
f 433 586 434
f 434 586 604
f 434 604 605
f 434 605 606
f 434 606 607
f 434 607 435
f 435 607 608
f 435 608 440
f 436 504 609
f 436 609 437
f 437 610 611
f 437 611 438
f 437 609 612
f 437 612 613
f 437 613 614
f 437 614 615
f 437 615 610
f 438 611 439
f 439 611 616
f 439 616 617
f 439 617 587
f 440 608 618
f 440 618 619
f 440 619 441
f 441 619 443
f 442 620 444
f 442 443 621
f 442 621 622
f 442 622 620
f 443 623 621
f 443 619 624
f 443 624 625
f 443 625 626
f 443 626 627
f 443 627 628
f 443 628 629
f 443 629 623
f 444 620 447
f 445 453 630
f 445 630 446
f 446 630 457
f 447 622 621
f 447 621 448
f 447 620 622
f 448 621 449
f 449 621 631
f 449 631 632
f 449 632 451
f 449 451 633
f 449 633 450
f 450 633 451
f 451 632 634
f 451 634 635
f 451 635 452
f 452 635 630
f 452 630 453
f 454 458 636
f 454 636 455
f 455 636 637
f 455 637 456
f 456 637 638
f 456 638 463
f 457 630 639
f 457 639 636
f 457 636 640
f 457 640 458
f 458 640 636
f 459 462 460
f 460 462 641
f 460 641 642
f 460 642 643
f 460 643 644
f 460 644 465
f 460 465 464
f 462 463 645
f 462 645 646
f 462 646 647
f 462 647 641
f 463 638 645
f 465 644 648
f 465 648 649
f 465 649 466
f 466 649 467
f 467 649 650
f 467 650 651
f 467 651 652
f 467 652 469
f 469 652 470
f 470 652 651
f 470 651 471
f 471 651 472
f 472 653 473
f 472 651 653
f 473 654 475
f 473 475 474
f 473 653 655
f 473 655 656
f 473 656 478
f 473 478 654
f 475 654 476
f 476 654 478
f 476 478 477
f 478 657 479
f 478 656 657
f 479 657 480
f 480 482 481
f 480 657 658
f 480 658 482
f 482 658 659
f 482 659 485
f 485 660 508
f 485 508 505
f 485 505 486
f 485 659 658
f 485 658 661
f 485 661 662
f 485 662 660
f 487 663 664
f 487 664 488
f 487 492 663
f 488 664 665
f 488 665 489
f 489 666 490
f 489 665 666
f 490 667 668
f 490 668 669
f 490 669 493
f 490 666 667
f 491 551 670
f 491 670 671
f 491 671 492
f 492 671 670
f 492 670 672
f 492 672 663
f 493 669 668
f 493 668 673
f 493 673 674
f 493 674 675
f 493 675 676
f 493 676 495
f 493 495 494
f 495 676 677
f 495 677 678
f 495 678 679
f 495 679 680
f 495 680 681
f 495 681 497
f 495 497 496
f 497 682 683
f 497 683 684
f 497 684 685
f 497 685 498
f 497 681 680
f 497 680 686
f 497 686 687
f 497 687 682
f 498 685 688
f 498 688 689
f 498 689 690
f 498 690 691
f 498 691 499
f 499 691 500
f 500 691 692
f 500 692 693
f 500 693 694
f 500 694 501
f 501 694 695
f 501 695 696
f 501 696 503
f 503 696 697
f 503 697 504
f 504 697 609
f 506 510 507
f 506 512 510
f 508 698 509
f 508 660 699
f 508 699 700
f 508 700 518
f 508 518 698
f 509 698 518
f 509 518 517
f 513 520 514
f 524 527 526
f 524 525 701
f 524 701 527
f 527 702 528
f 527 701 702
f 528 703 529
f 528 702 704
f 528 704 703
f 529 533 531
f 529 531 530
f 529 703 705
f 529 705 706
f 529 706 534
f 534 706 707
f 534 707 535
f 535 707 536
f 536 707 708
f 536 708 537
f 537 709 538
f 537 708 710
f 537 710 709
f 538 709 539
f 539 711 712
f 539 712 540
f 539 709 711
f 540 713 541
f 540 712 710
f 540 710 713
f 541 713 714
f 541 714 543
f 541 543 542
f 543 714 715
f 543 715 716
f 543 716 717
f 543 717 718
f 543 718 545
f 545 718 719
f 545 719 546
f 546 719 720
f 546 720 721
f 546 721 548
f 546 548 547
f 548 721 722
f 548 722 549
f 549 723 550
f 549 722 724
f 549 724 723
f 550 725 726
f 550 726 552
f 550 723 725
f 551 554 670
f 552 727 728
f 552 728 553
f 552 726 727
f 553 728 554
f 554 728 729
f 554 729 670
f 555 730 731
f 555 731 561
f 555 561 557
f 555 557 556
f 555 603 602
f 555 601 730
f 558 562 732
f 558 732 733
f 558 733 734
f 558 734 735
f 558 735 736
f 558 736 559
f 559 736 737
f 559 737 738
f 559 738 563
f 561 731 739
f 561 739 562
f 562 739 733
f 562 733 732
f 563 738 740
f 563 740 741
f 563 741 742
f 563 742 564
f 564 742 743
f 564 743 566
f 564 566 565
f 566 744 577
f 566 577 576
f 566 743 744
f 568 577 745
f 568 745 569
f 569 745 746
f 569 746 570
f 570 746 747
f 570 747 748
f 570 748 749
f 570 749 572
f 570 572 571
f 572 749 750
f 572 750 751
f 572 751 752
f 572 752 753
f 572 753 754
f 572 754 573
f 573 754 574
f 574 754 575
f 575 754 755
f 575 755 756
f 575 756 578
f 577 744 757
f 577 757 758
f 577 758 759
f 577 759 745
f 578 756 760
f 578 760 579
f 579 761 584
f 579 584 580
f 579 760 762
f 579 762 761
f 580 584 583
f 580 583 763
f 580 763 581
f 581 763 583
f 582 764 586
f 582 585 765
f 582 765 766
f 582 766 764
f 584 761 585
f 585 761 767
f 585 767 768
f 585 768 769
f 585 769 765
f 586 764 604
f 587 770 771
f 587 771 588
f 587 617 770
f 588 772 589
f 588 771 770
f 588 770 772
f 589 772 773
f 589 773 591
f 591 773 774
f 591 774 592
f 592 774 775
f 592 775 776
f 592 776 593
f 593 776 777
f 593 777 595
f 595 777 596
f 596 777 778
f 596 778 779
f 596 779 599
f 597 780 781
f 597 781 598
f 597 599 782
f 597 782 783
f 597 783 780
f 598 784 785
f 598 785 786
f 598 786 600
f 598 781 784
f 599 779 787
f 599 787 788
f 599 788 782
f 600 786 601
f 601 786 730
f 604 764 605
f 605 789 790
f 605 790 791
f 605 791 606
f 605 764 789
f 606 791 792
f 606 792 793
f 606 793 607
f 607 793 625
f 607 625 608
f 608 625 618
f 609 697 612
f 610 794 795
f 610 795 796
f 610 796 611
f 610 615 797
f 610 797 794
f 611 796 798
f 611 798 799
f 611 799 616
f 612 697 613
f 613 697 800
f 613 800 614
f 614 800 801
f 614 801 802
f 614 802 615
f 615 802 803
f 615 803 804
f 615 804 805
f 615 805 797
f 616 806 807
f 616 807 808
f 616 808 617
f 616 799 809
f 616 809 810
f 616 810 806
f 617 808 811
f 617 811 770
f 618 625 624
f 618 624 619
f 621 623 631
f 623 629 812
f 623 812 813
f 623 813 634
f 623 634 814
f 623 814 631
f 625 793 626
f 626 793 815
f 626 815 627
f 627 815 816
f 627 816 817
f 627 817 628
f 628 817 629
f 629 818 819
f 629 819 812
f 629 817 820
f 629 820 818
f 630 635 639
f 631 814 632
f 632 814 634
f 634 813 821
f 634 821 635
f 635 821 639
f 636 822 823
f 636 823 824
f 636 824 825
f 636 825 826
f 636 826 827
f 636 827 637
f 636 639 821
f 636 821 822
f 637 827 828
f 637 828 638
f 638 828 645
f 641 647 642
f 642 829 830
f 642 830 643
f 642 647 831
f 642 831 832
f 642 832 833
f 642 833 829
f 643 830 644
f 644 830 651
f 644 651 648
f 645 828 827
f 645 827 826
f 645 826 834
f 645 834 646
f 646 834 647
f 647 835 836
f 647 836 837
f 647 837 831
f 647 834 835
f 648 651 650
f 648 650 649
f 651 830 838
f 651 838 839
f 651 839 840
f 651 840 653
f 653 840 655
f 655 841 656
f 655 840 839
f 655 839 842
f 655 842 841
f 656 841 657
f 657 843 844
f 657 844 845
f 657 845 658
f 657 841 843
f 658 845 844
f 658 844 661
f 660 662 699
f 661 844 662
f 662 844 846
f 662 846 699
f 663 847 664
f 663 672 847
f 664 847 665
f 665 847 848
f 665 848 849
f 665 849 850
f 665 850 851
f 665 851 666
f 666 851 852
f 666 852 667
f 667 852 853
f 667 853 854
f 667 854 855
f 667 855 856
f 667 856 668
f 668 856 673
f 670 729 857
f 670 857 858
f 670 858 859
f 670 859 847
f 670 847 672
f 673 856 855
f 673 855 674
f 674 855 860
f 674 860 861
f 674 861 677
f 674 677 676
f 674 676 675
f 677 861 678
f 678 862 863
f 678 863 679
f 678 861 864
f 678 864 862
f 679 863 686
f 679 686 680
f 682 865 683
f 682 687 863
f 682 863 866
f 682 866 865
f 683 867 684
f 683 865 867
f 684 868 685
f 684 867 869
f 684 869 689
f 684 689 688
f 684 688 868
f 685 868 688
f 686 863 687
f 689 869 870
f 689 870 690
f 690 870 691
f 691 870 692
f 692 870 871
f 692 871 872
f 692 872 873
f 692 873 693
f 693 873 694
f 694 873 874
f 694 874 875
f 694 875 876
f 694 876 695
f 695 876 696
f 696 877 697
f 696 876 878
f 696 878 879
f 696 879 880
f 696 880 877
f 697 877 881
f 697 881 882
f 697 882 800
f 699 846 884
f 699 884 883
f 701 885 702
f 702 885 886
f 702 886 887
f 702 887 888
f 702 888 889
f 702 889 704
f 703 704 705
f 704 889 890
f 704 890 891
f 704 891 705
f 705 891 892
f 705 892 706
f 706 892 708
f 706 708 707
f 708 892 893
f 708 893 710
f 709 710 711
f 710 894 713
f 710 712 711
f 710 893 894
f 713 894 895
f 713 895 896
f 713 896 897
f 713 897 898
f 713 898 716
f 713 716 715
f 713 715 714
f 716 898 899
f 716 899 900
f 716 900 901
f 716 901 717
f 717 901 718
f 718 901 719
f 719 901 720
f 720 901 902
f 720 902 903
f 720 903 904
f 720 904 905
f 720 905 722
f 720 722 721
f 722 905 724
f 723 906 907
f 723 907 725
f 723 724 905
f 723 905 906
f 725 907 908
f 725 908 726
f 726 908 909
f 726 909 727
f 727 909 728
f 728 910 729
f 728 909 910
f 729 910 911
f 729 911 857
f 730 786 912
f 730 912 913
f 730 913 914
f 730 914 739
f 730 739 731
f 733 739 915
f 733 915 916
f 733 916 734
f 734 917 918
f 734 918 919
f 734 919 735
f 734 916 920
f 734 920 917
f 735 919 736
f 736 919 921
f 736 921 922
f 736 922 737
f 737 922 740
f 737 740 738
f 739 914 923
f 739 923 915
f 740 924 741
f 740 922 925
f 740 925 924
f 741 924 926
f 741 926 743
f 741 743 742
f 743 927 744
f 743 926 928
f 743 928 927
f 744 927 929
f 744 929 930
f 744 930 757
f 745 759 746
f 746 759 931
f 746 931 747
f 747 931 932
f 747 932 748
f 748 932 933
f 748 933 934
f 748 934 935
f 748 935 749
f 749 935 750
f 750 936 751
f 750 935 936
f 751 936 937
f 751 937 752
f 752 938 939
f 752 939 753
f 752 937 938
f 753 939 940
f 753 940 941
f 753 941 754
f 754 940 942
f 754 942 755
f 754 941 940
f 755 942 940
f 755 940 943
f 755 943 944
f 755 944 945
f 755 945 756
f 756 946 762
f 756 762 760
f 756 945 946
f 757 930 758
f 758 947 948
f 758 948 949
f 758 949 759
f 758 930 947
f 759 949 950
f 759 950 931
f 761 762 767
f 762 946 951
f 762 951 952
f 762 952 767
f 764 766 789
f 765 769 953
f 765 953 766
f 766 954 791
f 766 791 790
f 766 790 789
f 766 953 955
f 766 955 956
f 766 956 954
f 767 952 957
f 767 957 958
f 767 958 959
f 767 959 768
f 768 960 769
f 768 959 961
f 768 961 962
f 768 962 960
f 769 960 953
f 770 963 964
f 770 964 965
f 770 965 772
f 770 811 966
f 770 966 963
f 772 967 968
f 772 968 773
f 772 965 964
f 772 964 967
f 773 968 969
f 773 969 970
f 773 970 774
f 774 970 775
f 775 971 776
f 775 970 972
f 775 972 971
f 776 971 973
f 776 973 974
f 776 974 975
f 776 975 777
f 777 975 779
f 777 779 778
f 779 976 977
f 779 977 978
f 779 978 787
f 779 975 979
f 779 979 976
f 780 783 980
f 780 980 981
f 780 981 982
f 780 982 983
f 780 983 984
f 780 984 985
f 780 985 986
f 780 986 781
f 781 986 784
f 782 788 783
f 783 788 787
f 783 787 978
f 783 978 977
f 783 977 987
f 783 987 988
f 783 988 989
f 783 989 980
f 784 986 985
f 784 985 912
f 784 912 785
f 785 912 786
f 791 990 792
f 791 954 990
f 792 990 954
f 792 954 991
f 792 991 992
f 792 992 993
f 792 993 793
f 793 993 994
f 793 994 815
f 794 797 795
f 795 797 995
f 795 995 996
f 795 996 997
f 795 997 998
f 795 998 999
f 795 999 1000
f 795 1000 1001
f 795 1001 1002
f 795 1002 796
f 796 1002 1003
f 796 1003 798
f 797 805 1004
f 797 1004 1005
f 797 1005 1006
f 797 1006 995
f 798 1003 1007
f 798 1007 1008
f 798 1008 799
f 799 1008 809
f 800 882 1009
f 800 1009 801
f 801 1009 802
f 802 1009 1010
f 802 1010 803
f 803 1010 804
f 804 1011 805
f 804 1010 1011
f 805 1011 1004
f 806 1012 1013
f 806 1013 807
f 806 810 1008
f 806 1008 1007
f 806 1007 1012
f 807 1013 808
f 808 1014 811
f 808 1013 1015
f 808 1015 1016
f 808 1016 1014
f 809 1008 810
f 811 1014 1017
f 811 1017 966
f 812 819 1018
f 812 1018 813
f 813 1018 823
f 813 823 821
f 815 994 816
f 816 994 1019
f 816 1019 817
f 817 1019 1021
f 817 1021 994
f 817 994 993
f 817 993 1020
f 818 820 819
f 819 820 1022
f 819 1022 1023
f 819 1023 1018
f 821 823 822
f 823 1018 824
f 824 834 825
f 824 1018 1024
f 824 1024 1025
f 824 1025 836
f 824 836 834
f 825 834 826
f 829 1026 841
f 829 841 839
f 829 839 838
f 829 838 830
f 829 833 1027
f 829 1027 1026
f 831 837 832
f 834 836 835
f 839 841 842
f 841 1028 843
f 841 1026 1027
f 841 1027 1029
f 841 1029 1030
f 841 1030 1028
f 843 1028 844
f 844 1028 1030
f 844 1030 1031
f 844 1031 884
f 844 884 846
f 847 1032 848
f 847 859 1033
f 847 1033 1032
f 848 1034 849
f 848 1032 1034
f 849 1034 1035
f 849 1035 850
f 850 853 852
f 850 852 851
f 850 1035 1034
f 850 1034 853
f 853 1034 1036
f 853 1036 1037
f 853 1037 1038
f 853 1038 854
f 854 1039 1040
f 854 1040 855
f 854 1038 1041
f 854 1041 1042
f 854 1042 1043
f 854 1043 1039
f 855 1040 1044
f 855 1044 1045
f 855 1045 860
f 857 1046 1047
f 857 1047 858
f 857 911 910
f 857 910 1046
f 858 1047 1048
f 858 1048 859
f 859 1048 1049
f 859 1049 1033
f 860 864 861
f 860 1045 864
f 862 1050 1051
f 862 1051 863
f 862 864 1050
f 863 1052 1053
f 863 1053 866
f 863 1051 1052
f 864 1045 1054
f 864 1054 1055
f 864 1055 1050
f 865 1056 867
f 865 866 1057
f 865 1057 1058
f 865 1058 1056
f 866 1053 1057
f 867 1056 1059
f 867 1059 869
f 869 1060 870
f 869 1059 1060
f 870 1060 871
f 871 1060 1059
f 871 1059 1061
f 871 1061 1062
f 871 1062 872
f 872 1062 873
f 873 1062 1063
f 873 1063 1064
f 873 1064 874
f 874 1064 875
f 875 1064 876
f 876 1064 1065
f 876 1065 1066
f 876 1066 1067
f 876 1067 878
f 877 880 881
f 878 1067 1068
f 878 1068 879
f 879 1068 1069
f 879 1069 880
f 880 882 881
f 880 1069 1070
f 880 1070 1071
f 880 1071 882
f 882 1071 1009
f 883 884 1031
f 888 1072 1073
f 888 1073 1074
f 888 1074 889
f 889 1074 890
f 890 1074 1073
f 890 1073 1075
f 890 1075 1076
f 890 1076 891
f 891 1076 892
f 892 1076 1077
f 892 1077 893
f 893 1077 1078
f 893 1078 1079
f 893 1079 894
f 894 1079 895
f 895 897 896
f 895 1079 897
f 897 1079 1080
f 897 1080 1081
f 897 1081 1076
f 897 1076 1075
f 897 1075 1082
f 897 1082 1083
f 897 1083 1084
f 897 1084 1085
f 897 1085 1086
f 897 1086 899
f 897 899 898
f 899 1086 1087
f 899 1087 900
f 900 1087 1085
f 900 1085 901
f 901 1085 902
f 902 1085 903
f 903 1088 1089
f 903 1089 904
f 903 1085 1088
f 904 1089 905
f 905 1089 906
f 906 1090 907
f 906 1089 1091
f 906 1091 1090
f 907 1090 1092
f 907 1092 1093
f 907 1093 1094
f 907 1094 908
f 908 1094 909
f 909 1094 910
f 910 1094 1095
f 910 1095 1096
f 910 1096 1097
f 910 1097 1046
f 912 1098 1099
f 912 1099 913
f 912 985 1098
f 913 1099 1100
f 913 1100 923
f 913 923 914
f 915 923 916
f 916 1101 920
f 916 923 1101
f 917 1102 918
f 917 920 1101
f 917 1101 1102
f 918 1102 1103
f 918 1103 1104
f 918 1104 1105
f 918 1105 919
f 919 1105 1106
f 919 1106 921
f 921 1107 922
f 921 1106 1107
f 922 1107 925
f 923 1100 1101
f 924 925 1108
f 924 1108 1109
f 924 1109 1110
f 924 1110 1111
f 924 1111 926
f 925 1107 1112
f 925 1112 1108
f 926 1111 928
f 927 928 1113
f 927 1113 929
f 928 1111 1110
f 928 1110 1114
f 928 1114 1113
f 929 1113 930
f 930 1113 1115
f 930 1115 1116
f 930 1116 1117
f 930 1117 947
f 931 950 1118
f 931 1118 1119
f 931 1119 932
f 932 1119 933
f 933 1120 934
f 933 1119 1121
f 933 1121 1122
f 933 1122 1123
f 933 1123 1124
f 933 1124 1120
f 934 1120 1125
f 934 1125 1126
f 934 1126 936
f 934 936 935
f 936 1126 1301
f 936 1301 1127
f 936 1127 937
f 937 1127 1128
f 937 1128 1129
f 937 1129 1130
f 937 1130 1131
f 937 1131 938
f 938 1131 939
f 939 1131 1132
f 939 1132 1133
f 939 1133 940
f 940 1133 943
f 943 1134 944
f 943 1133 1135
f 943 1135 1134
f 944 1134 946
f 944 946 945
f 946 1136 951
f 946 1134 1136
f 947 1137 948
f 947 1117 1138
f 947 1138 1137
f 948 1139 949
f 948 1137 1140
f 948 1140 1141
f 948 1141 1139
f 949 1139 950
f 950 1139 1118
f 951 1136 952
f 952 1136 957
f 953 960 1142
f 953 1142 1143
f 953 1143 955
f 954 956 991
f 955 1143 1144
f 955 1144 1145
f 955 1145 956
f 956 1146 991
f 956 1145 1146
f 957 1136 1147
f 957 1147 958
f 958 1147 959
f 959 1147 1148
f 959 1148 961
f 960 962 961
f 960 961 1142
f 961 1148 1149
f 961 1149 1150
f 961 1150 1142
f 963 966 1151
f 963 1151 1152
f 963 1152 1153
f 963 1153 964
f 964 1153 1154
f 964 1154 967
f 966 1017 1155
f 966 1155 1156
f 966 1156 1151
f 967 1154 1157
f 967 1157 968
f 968 1157 969
f 969 1158 1159
f 969 1159 972
f 969 972 970
f 969 1157 1158
f 971 972 1160
f 971 1160 973
f 972 1159 1161
f 972 1161 1160
f 973 1162 1163
f 973 1163 1164
f 973 1164 974
f 973 1160 1165
f 973 1165 1162
f 974 1164 1166
f 974 1166 1167
f 974 1167 1168
f 974 1168 1169
f 974 1169 979
f 974 979 975
f 976 1170 977
f 976 979 1169
f 976 1169 1170
f 977 1170 987
f 980 1171 1172
f 980 1172 981
f 980 989 1173
f 980 1173 1171
f 981 1172 982
f 982 1172 985
f 982 985 984
f 982 984 983
f 985 1172 1098
f 987 1174 988
f 987 1170 1175
f 987 1175 1176
f 987 1176 1177
f 987 1177 1174
f 988 1174 1173
f 988 1173 989
f 991 1146 1178
f 991 1178 992
f 992 1178 993
f 993 1178 1179
f 993 1179 1180
f 993 1180 1181
f 993 1181 1020
f 994 1021 1019
f 995 1006 996
f 996 1006 1182
f 996 1182 997
f 997 1183 998
f 997 1182 1184
f 997 1184 1185
f 997 1185 1186
f 997 1186 1183
f 998 1183 999
f 999 1186 1187
f 999 1187 1188
f 999 1188 1189
f 999 1189 1000
f 999 1183 1186
f 1000 1189 1190
f 1000 1190 1002
f 1000 1002 1001
f 1002 1190 1003
f 1003 1190 1191
f 1003 1191 1007
f 1004 1011 1192
f 1004 1192 1193
f 1004 1193 1194
f 1004 1194 1195
f 1004 1195 1182
f 1004 1182 1005
f 1005 1182 1006
f 1007 1191 1196
f 1007 1196 1012
f 1009 1071 1197
f 1009 1197 1010
f 1010 1197 1198
f 1010 1198 1199
f 1010 1199 1200
f 1010 1200 1011
f 1011 1201 1192
f 1011 1200 1201
f 1012 1196 1202
f 1012 1202 1203
f 1012 1203 1204
f 1012 1204 1015
f 1012 1015 1013
f 1014 1016 1205
f 1014 1205 1017
f 1015 1204 1206
f 1015 1206 1016
f 1016 1206 1207
f 1016 1207 1205
f 1017 1205 1208
f 1017 1208 1209
f 1017 1209 1155
f 1018 1023 1025
f 1018 1025 1024
f 1032 1033 1049
f 1032 1049 1034
f 1034 1049 1210
f 1034 1210 1211
f 1034 1211 1036
f 1036 1211 1212
f 1036 1212 1041
f 1036 1041 1037
f 1037 1041 1038
f 1039 1043 1213
f 1039 1213 1214
f 1039 1214 1054
f 1039 1054 1040
f 1040 1054 1044
f 1041 1212 1042
f 1042 1212 1215
f 1042 1215 1216
f 1042 1216 1043
f 1043 1216 1213
f 1044 1054 1045
f 1046 1097 1217
f 1046 1217 1218
f 1046 1218 1048
f 1046 1048 1047
f 1048 1218 1219
f 1048 1219 1220
f 1048 1220 1049
f 1049 1221 1222
f 1049 1222 1210
f 1049 1220 1221
f 1050 1223 1051
f 1050 1055 1224
f 1050 1224 1223
f 1051 1225 1053
f 1051 1053 1052
f 1051 1223 1225
f 1053 1225 1226
f 1053 1226 1227
f 1053 1227 1058
f 1053 1058 1057
f 1054 1214 1228
f 1054 1228 1229
f 1054 1229 1055
f 1055 1228 1224
f 1055 1229 1228
f 1056 1061 1059
f 1056 1058 1230
f 1056 1230 1231
f 1056 1231 1061
f 1058 1227 1232
f 1058 1232 1233
f 1058 1233 1231
f 1058 1231 1230
f 1061 1231 1062
f 1062 1231 1234
f 1062 1234 1063
f 1063 1234 1235
f 1063 1235 1064
f 1064 1235 1236
f 1064 1236 1065
f 1065 1236 1237
f 1065 1237 1066
f 1066 1237 1238
f 1066 1238 1067
f 1067 1238 1239
f 1067 1239 1240
f 1067 1240 1068
f 1068 1240 1241
f 1068 1241 1242
f 1068 1242 1243
f 1068 1243 1069
f 1069 1243 1244
f 1069 1244 1070
f 1070 1245 1071
f 1070 1244 1245
f 1071 1245 1246
f 1071 1246 1197
f 1072 1247 1073
f 1073 1248 1083
f 1073 1083 1082
f 1073 1082 1075
f 1073 1247 1248
f 1076 1078 1077
f 1076 1081 1078
f 1078 1081 1079
f 1079 1081 1080
f 1083 1249 1250
f 1083 1250 1084
f 1083 1248 1249
f 1084 1250 1085
f 1085 1087 1086
f 1085 1250 1088
f 1088 1250 1251
f 1088 1251 1252
f 1088 1252 1089
f 1089 1252 1253
f 1089 1253 1254
f 1089 1254 1091
f 1090 1091 1092
f 1091 1254 1092
f 1092 1254 1253
f 1092 1253 1255
f 1092 1255 1256
f 1092 1256 1257
f 1092 1257 1093
f 1093 1257 1094
f 1094 1257 1258
f 1094 1258 1259
f 1094 1259 1260
f 1094 1260 1095
f 1095 1260 1261
f 1095 1261 1096
f 1096 1261 1097
f 1097 1262 1217
f 1097 1261 1262
f 1098 1263 1099
f 1098 1172 1264
f 1098 1264 1265
f 1098 1265 1266
f 1098 1266 1267
f 1098 1267 1268
f 1098 1268 1263
f 1099 1263 1269
f 1099 1269 1270
f 1099 1270 1271
f 1099 1271 1272
f 1099 1272 1273
f 1099 1273 1100
f 1100 1273 1274
f 1100 1274 1275
f 1100 1275 1101
f 1101 1275 1276
f 1101 1276 1277
f 1101 1277 1103
f 1101 1103 1102
f 1103 1278 1279
f 1103 1279 1104
f 1103 1277 1274
f 1103 1274 1278
f 1104 1280 1105
f 1104 1279 1281
f 1104 1281 1282
f 1104 1282 1280
f 1105 1280 1283
f 1105 1283 1106
f 1106 1283 1284
f 1106 1284 1107
f 1107 1285 1112
f 1107 1284 1285
f 1108 1112 1286
f 1108 1286 1110
f 1108 1110 1109
f 1110 1286 1287
f 1110 1287 1288
f 1110 1288 1114
f 1112 1285 1286
f 1113 1289 1290
f 1113 1290 1115
f 1113 1114 1291
f 1113 1291 1289
f 1114 1292 1293
f 1114 1293 1291
f 1114 1288 1292
f 1115 1138 1116
f 1115 1290 1138
f 1116 1138 1117
f 1118 1141 1294
f 1118 1294 1119
f 1118 1139 1141
f 1119 1294 1122
f 1119 1122 1121
f 1120 1124 1295
f 1120 1295 1296
f 1120 1296 1128
f 1120 1128 1125
f 1122 1294 1141
f 1122 1141 1123
f 1123 1297 1124
f 1123 1141 1298
f 1123 1298 1297
f 1124 1297 1299
f 1124 1299 1295
f 1125 1128 1300
f 1125 1300 1301
f 1125 1301 1126
f 1127 1301 1300
f 1127 1300 1128
f 1128 1302 1129
f 1128 1296 1302
f 1129 1303 1130
f 1129 1302 1304
f 1129 1304 1303
f 1130 1303 1131
f 1131 1303 1132
f 1132 1303 1305
f 1132 1305 1306
f 1132 1306 1307
f 1132 1307 1133
f 1133 1307 1308
f 1133 1308 1135
f 1134 1135 1309
f 1134 1309 1310
f 1134 1310 1136
f 1135 1311 1309
f 1135 1308 1311
f 1136 1312 1147
f 1136 1310 1312
f 1137 1313 1314
f 1137 1314 1140
f 1137 1138 1313
f 1138 1290 1315
f 1138 1315 1316
f 1138 1316 1317
f 1138 1317 1313
f 1140 1314 1318
f 1140 1318 1319
f 1140 1319 1141
f 1141 1319 1320
f 1141 1320 1298
f 1142 1150 1143
f 1143 1150 1321
f 1143 1321 1144
f 1144 1321 1322
f 1144 1322 1145
f 1145 1323 1178
f 1145 1178 1146
f 1147 1312 1148
f 1148 1312 1324
f 1148 1324 1325
f 1148 1325 1149
f 1149 1325 1324
f 1149 1324 1326
f 1149 1326 1327
f 1149 1327 1150
f 1150 1327 1328
f 1150 1328 1321
f 1151 1156 1329
f 1151 1329 1330
f 1151 1330 1331
f 1151 1331 1332
f 1151 1332 1152
f 1152 1332 1333
f 1152 1333 1153
f 1153 1333 1154
f 1154 1333 1334
f 1154 1334 1335
f 1154 1335 1336
f 1154 1336 1157
f 1155 1337 1156
f 1155 1209 1337
f 1156 1337 1329
f 1157 1336 1338
f 1157 1338 1158
f 1158 1338 1339
f 1158 1339 1161
f 1158 1161 1159
f 1160 1340 1341
f 1160 1341 1165
f 1160 1161 1340
f 1161 1339 1342
f 1161 1342 1343
f 1161 1343 1341
f 1161 1341 1340
f 1162 1344 1345
f 1162 1345 1346
f 1162 1346 1166
f 1162 1166 1164
f 1162 1164 1163
f 1162 1165 1341
f 1162 1341 1347
f 1162 1347 1344
f 1166 1346 1348
f 1166 1348 1349
f 1166 1349 1350
f 1166 1350 1351
f 1166 1351 1167
f 1167 1351 1168
f 1168 1351 1169
f 1169 1351 1170
f 1170 1352 1353
f 1170 1353 1175
f 1170 1351 1350
f 1170 1350 1354
f 1170 1354 1352
f 1171 1355 1356
f 1171 1356 1357
f 1171 1357 1358
f 1171 1358 1359
f 1171 1359 1172
f 1171 1173 1360
f 1171 1360 1355
f 1172 1359 1361
f 1172 1361 1264
f 1173 1174 1360
f 1174 1362 1360
f 1174 1177 1362
f 1175 1353 1363
f 1175 1363 1176
f 1176 1363 1364
f 1176 1364 1365
f 1176 1365 1366
f 1176 1366 1177
f 1177 1366 1367
f 1177 1367 1362
f 1178 1323 1179
f 1179 1323 1180
f 1182 1195 1368
f 1182 1368 1369
f 1182 1369 1184
f 1184 1369 1370
f 1184 1370 1185
f 1185 1371 1372
f 1185 1372 1187
f 1185 1187 1186
f 1185 1370 1371
f 1187 1372 1373
f 1187 1373 1188
f 1188 1374 1375
f 1188 1375 1376
f 1188 1376 1189
f 1188 1373 1377
f 1188 1377 1378
f 1188 1378 1379
f 1188 1379 1374
f 1189 1376 1190
f 1190 1376 1380
f 1190 1380 1191
f 1191 1380 1381
f 1191 1381 1196
f 1192 1201 1193
f 1193 1382 1383
f 1193 1383 1384
f 1193 1384 1385
f 1193 1385 1386
f 1193 1386 1194
f 1193 1201 1387
f 1193 1387 1382
f 1194 1386 1368
f 1194 1368 1195
f 1196 1381 1388
f 1196 1388 1202
f 1197 1246 1389
f 1197 1389 1198
f 1198 1389 1199
f 1199 1389 1387
f 1199 1387 1201
f 1199 1201 1200
f 1202 1388 1203
f 1203 1388 1206
f 1203 1206 1204
f 1205 1207 1390
f 1205 1390 1208
f 1206 1388 1207
f 1207 1391 1392
f 1207 1392 1390
f 1207 1388 1393
f 1207 1393 1394
f 1207 1394 1391
f 1208 1395 1396
f 1208 1396 1209
f 1208 1390 1397
f 1208 1397 1395
f 1209 1396 1337
f 1210 1222 1398
f 1210 1398 1211
f 1211 1398 1399
f 1211 1399 1212
f 1212 1399 1400
f 1212 1400 1215
f 1213 1401 1214
f 1213 1216 1402
f 1213 1402 1403
f 1213 1403 1404
f 1213 1404 1401
f 1214 1401 1405
f 1214 1405 1406
f 1214 1406 1228
f 1215 1402 1216
f 1215 1400 1402
f 1217 1262 1218
f 1218 1262 1219
f 1219 1407 1398
f 1219 1398 1220
f 1219 1262 1408
f 1219 1408 1407
f 1220 1398 1221
f 1221 1398 1222
f 1223 1224 1225
f 1224 1228 1226
f 1224 1226 1225
f 1226 1228 1409
f 1226 1409 1227
f 1227 1410 1411
f 1227 1411 1412
f 1227 1412 1413
f 1227 1413 1233
f 1227 1233 1414
f 1227 1414 1232
f 1227 1409 1410
f 1228 1406 1401
f 1228 1401 1415
f 1228 1415 1416
f 1228 1416 1409
f 1231 1233 1417
f 1231 1417 1234
f 1232 1414 1233
f 1233 1413 1412
f 1233 1412 1417
f 1234 1418 1235
f 1234 1417 1418
f 1235 1418 1236
f 1236 1418 1237
f 1237 1418 1419
f 1237 1419 1420
f 1237 1420 1421
f 1237 1421 1238
f 1238 1421 1422
f 1238 1422 1239
f 1239 1422 1423
f 1239 1423 1424
f 1239 1424 1242
f 1239 1242 1240
f 1240 1242 1241
f 1242 1424 1422
f 1242 1422 1425
f 1242 1425 1426
f 1242 1426 1427
f 1242 1427 1428
f 1242 1428 1243
f 1243 1428 1244
f 1244 1428 1429
f 1244 1429 1245
f 1245 1429 1246
f 1246 1429 1430
f 1246 1430 1389
f 1247 1431 1248
f 1248 1432 1249
f 1248 1431 1433
f 1248 1433 1432
f 1249 1432 1434
f 1249 1434 1251
f 1249 1251 1250
f 1251 1434 1435
f 1251 1435 1252
f 1252 1435 1436
f 1252 1436 1253
f 1253 1436 1256
f 1253 1256 1255
f 1256 1436 1437
f 1256 1437 1258
f 1256 1258 1257
f 1258 1260 1259
f 1258 1437 1436
f 1258 1436 1438
f 1258 1438 1439
f 1258 1439 1440
f 1258 1440 1441
f 1258 1441 1260
f 1260 1441 1408
f 1260 1408 1262
f 1260 1262 1261
f 1263 1268 1442
f 1263 1442 1269
f 1264 1361 1265
f 1265 1361 1443
f 1265 1443 1267
f 1265 1267 1266
f 1267 1444 1268
f 1267 1443 1444
f 1268 1444 1445
f 1268 1445 1442
f 1269 1442 1446
f 1269 1446 1447
f 1269 1447 1270
f 1270 1448 1449
f 1270 1449 1450
f 1270 1450 1271
f 1270 1447 1448
f 1271 1450 1451
f 1271 1451 1273
f 1271 1273 1272
f 1273 1451 1452
f 1273 1452 1274
f 1274 1277 1276
f 1274 1276 1275
f 1274 1452 1279
f 1274 1279 1278
f 1279 1453 1454
f 1279 1454 1281
f 1279 1452 1453
f 1280 1282 1455
f 1280 1455 1456
f 1280 1456 1284
f 1280 1284 1283
f 1281 1454 1282
f 1282 1457 1455
f 1282 1454 1457
f 1284 1456 1285
f 1285 1458 1459
f 1285 1459 1460
f 1285 1460 1286
f 1285 1456 1458
f 1286 1460 1461
f 1286 1461 1287
f 1287 1462 1288
f 1287 1461 1462
f 1288 1462 1292
f 1289 1291 1463
f 1289 1463 1464
f 1289 1464 1290
f 1290 1464 1465
f 1290 1465 1315
f 1291 1293 1462
f 1291 1462 1463
f 1292 1462 1293
f 1295 1299 1304
f 1295 1304 1466
f 1295 1466 1296
f 1296 1466 1304
f 1296 1304 1302
f 1297 1467 1468
f 1297 1468 1299
f 1297 1298 1319
f 1297 1319 1469
f 1297 1469 1467
f 1298 1320 1319
f 1299 1470 1304
f 1299 1468 1471
f 1299 1471 1470
f 1303 1304 1472
f 1303 1472 1473
f 1303 1473 1474
f 1303 1474 1475
f 1303 1475 1305
f 1304 1470 1476
f 1304 1476 1477
f 1304 1477 1472
f 1305 1478 1479
f 1305 1479 1480
f 1305 1480 1306
f 1305 1475 1478
f 1306 1480 1307
f 1307 1480 1308
f 1308 1480 1481
f 1308 1481 1311
f 1309 1324 1310
f 1309 1311 1482
f 1309 1482 1483
f 1309 1483 1484
f 1309 1484 1324
f 1310 1324 1485
f 1310 1485 1312
f 1311 1483 1482
f 1311 1481 1483
f 1312 1485 1324
f 1313 1317 1314
f 1314 1317 1486
f 1314 1486 1487
f 1314 1487 1488
f 1314 1488 1318
f 1315 1317 1316
f 1315 1465 1489
f 1315 1489 1317
f 1317 1489 1490
f 1317 1490 1491
f 1317 1491 1492
f 1317 1492 1486
f 1318 1488 1493
f 1318 1493 1319
f 1319 1493 1494
f 1319 1494 1469
f 1321 1328 1322
f 1322 1328 1495
f 1324 1484 1326
f 1326 1484 1496
f 1326 1496 1497
f 1326 1497 1327
f 1327 1497 1498
f 1327 1498 1495
f 1327 1495 1328
f 1329 1337 1499
f 1329 1499 1330
f 1330 1500 1501
f 1330 1501 1331
f 1330 1499 1500
f 1331 1501 1332
f 1332 1502 1333
f 1332 1501 1502
f 1333 1502 1503
f 1333 1503 1334
f 1334 1503 1504
f 1334 1504 1335
f 1335 1505 1506
f 1335 1506 1507
f 1335 1507 1338
f 1335 1338 1336
f 1335 1504 1505
f 1337 1508 1499
f 1337 1396 1509
f 1337 1509 1508
f 1338 1510 1339
f 1338 1507 1510
f 1339 1511 1342
f 1339 1510 1511
f 1341 1343 1512
f 1341 1512 1347
f 1342 1511 1343
f 1343 1513 1514
f 1343 1514 1512
f 1343 1511 1513
f 1344 1515 1345
f 1344 1347 1515
f 1345 1515 1346
f 1346 1515 1516
f 1346 1516 1517
f 1346 1517 1348
f 1347 1512 1514
f 1347 1514 1518
f 1347 1518 1515
f 1348 1517 1349
f 1349 1519 1350
f 1349 1517 1519
f 1350 1519 1520
f 1350 1520 1521
f 1350 1521 1354
f 1352 1363 1353
f 1352 1354 1363
f 1354 1521 1363
f 1355 1360 1362
f 1355 1362 1356
f 1356 1522 1357
f 1356 1362 1523
f 1356 1523 1522
f 1357 1524 1525
f 1357 1525 1358
f 1357 1522 1524
f 1358 1525 1526
f 1358 1526 1443
f 1358 1443 1361
f 1358 1361 1359
f 1362 1367 1523
f 1363 1521 1364
f 1364 1521 1365
f 1365 1521 1527
f 1365 1527 1366
f 1366 1528 1529
f 1366 1529 1530
f 1366 1530 1531
f 1366 1531 1367
f 1366 1527 1528
f 1367 1532 1523
f 1367 1531 1530
f 1367 1530 1532
f 1368 1533 1534
f 1368 1534 1369
f 1368 1386 1533
f 1369 1534 1370
f 1370 1534 1371
f 1371 1535 1372
f 1371 1534 1536
f 1371 1536 1535
f 1372 1535 1537
f 1372 1537 1538
f 1372 1538 1539
f 1372 1539 1377
f 1372 1377 1373
f 1374 1540 1380
f 1374 1380 1375
f 1374 1379 1540
f 1375 1380 1376
f 1377 1541 1542
f 1377 1542 1543
f 1377 1543 1379
f 1377 1379 1378
f 1377 1539 1541
f 1379 1543 1544
f 1379 1544 1545
f 1379 1545 1540
f 1380 1540 1381
f 1381 1545 1388
f 1381 1540 1545
f 1382 1387 1430
f 1382 1430 1546
f 1382 1546 1547
f 1382 1547 1384
f 1382 1384 1383
f 1384 1548 1385
f 1384 1547 1549
f 1384 1549 1550
f 1384 1550 1551
f 1384 1551 1548
f 1385 1548 1386
f 1386 1548 1533
f 1387 1389 1430
f 1388 1545 1552
f 1388 1552 1553
f 1388 1553 1554
f 1388 1554 1393
f 1390 1392 1555
f 1390 1555 1397
f 1391 1555 1392
f 1391 1394 1555
f 1393 1554 1556
f 1393 1556 1557
f 1393 1557 1558
f 1393 1558 1559
f 1393 1559 1555
f 1393 1555 1394
f 1395 1397 1560
f 1395 1560 1396
f 1396 1560 1509
f 1397 1555 1561
f 1397 1561 1562
f 1397 1562 1560
f 1398 1407 1563
f 1398 1563 1564
f 1398 1564 1565
f 1398 1565 1399
f 1399 1566 1400
f 1399 1565 1566
f 1400 1566 1402
f 1401 1404 1415
f 1401 1406 1405
f 1402 1566 1567
f 1402 1567 1403
f 1403 1567 1568
f 1403 1568 1404
f 1404 1569 1415
f 1404 1568 1570
f 1404 1570 1569
f 1407 1408 1571
f 1407 1571 1572
f 1407 1572 1573
f 1407 1573 1563
f 1408 1441 1574
f 1408 1574 1571
f 1409 1416 1410
f 1410 1416 1411
f 1411 1416 1575
f 1411 1575 1576
f 1411 1576 1577
f 1411 1577 1578
f 1411 1578 1579
f 1411 1579 1412
f 1412 1579 1417
f 1415 1569 1416
f 1416 1569 1580
f 1416 1580 1581
f 1416 1581 1575
f 1417 1579 1582
f 1417 1582 1418
f 1418 1421 1419
f 1418 1582 1583
f 1418 1583 1421
f 1419 1421 1420
f 1421 1584 1585
f 1421 1585 1586
f 1421 1586 1425
f 1421 1425 1422
f 1421 1583 1584
f 1422 1424 1423
f 1425 1586 1587
f 1425 1587 1588
f 1425 1588 1426
f 1426 1588 1589
f 1426 1589 1590
f 1426 1590 1591
f 1426 1591 1427
f 1427 1591 1592
f 1427 1592 1593
f 1427 1593 1594
f 1427 1594 1595
f 1427 1595 1596
f 1427 1596 1428
f 1428 1596 1429
f 1429 1596 1430
f 1430 1596 1546
f 1432 1433 1434
f 1433 1597 1434
f 1434 1598 1599
f 1434 1599 1435
f 1434 1597 1598
f 1435 1599 1600
f 1435 1600 1436
f 1436 1600 1438
f 1438 1599 1439
f 1438 1600 1599
f 1439 1599 1601
f 1439 1601 1602
f 1439 1602 1440
f 1440 1602 1603
f 1440 1603 1604
f 1440 1604 1441
f 1441 1604 1574
f 1442 1445 1605
f 1442 1605 1446
f 1443 1526 1606
f 1443 1606 1444
f 1444 1606 1607
f 1444 1607 1608
f 1444 1608 1445
f 1445 1608 1609
f 1445 1609 1605
f 1446 1605 1610
f 1446 1610 1611
f 1446 1611 1447
f 1447 1611 1612
f 1447 1612 1448
f 1448 1612 1449
f 1449 1613 1614
f 1449 1614 1450
f 1449 1612 1613
f 1450 1614 1451
f 1451 1614 1615
f 1451 1615 1452
f 1452 1615 1616
f 1452 1616 1617
f 1452 1617 1618
f 1452 1618 1453
f 1453 1618 1454
f 1454 1618 1617
f 1454 1617 1619
f 1454 1619 1620
f 1454 1620 1621
f 1454 1621 1457
f 1455 1457 1622
f 1455 1622 1623
f 1455 1623 1624
f 1455 1624 1625
f 1455 1625 1456
f 1456 1625 1624
f 1456 1624 1458
f 1457 1623 1622
f 1457 1621 1626
f 1457 1626 1627
f 1457 1627 1628
f 1457 1628 1629
f 1457 1629 1630
f 1457 1630 1631
f 1457 1631 1623
f 1458 1624 1459
f 1459 1624 1460
f 1460 1632 1461
f 1460 1624 1632
f 1461 1632 1462
f 1462 1633 1634
f 1462 1634 1635
f 1462 1635 1463
f 1462 1632 1636
f 1462 1636 1637
f 1462 1637 1633
f 1463 1635 1638
f 1463 1638 1464
f 1464 1489 1465
f 1464 1638 1489
f 1467 1639 1470
f 1467 1470 1471
f 1467 1471 1468
f 1467 1469 1640
f 1467 1640 1641
f 1467 1641 1639
f 1469 1494 1642
f 1469 1642 1640
f 1470 1643 1476
f 1470 1639 1643
f 1472 1477 1476
f 1472 1476 1644
f 1472 1644 1473
f 1473 1644 1474
f 1474 1645 1475
f 1474 1644 1645
f 1475 1645 1478
f 1476 1643 1644
f 1478 1645 1646
f 1478 1646 1647
f 1478 1647 1648
f 1478 1648 1479
f 1479 1648 1496
f 1479 1496 1649
f 1479 1649 1480
f 1480 1649 1481
f 1481 1649 1484
f 1481 1484 1483
f 1484 1649 1496
f 1486 1650 1651
f 1486 1651 1487
f 1486 1492 1650
f 1487 1651 1488
f 1488 1651 1652
f 1488 1652 1493
f 1489 1653 1490
f 1489 1638 1634
f 1489 1634 1654
f 1489 1654 1655
f 1489 1655 1656
f 1489 1656 1653
f 1490 1653 1656
f 1490 1656 1491
f 1491 1656 1492
f 1492 1656 1657
f 1492 1657 1650
f 1493 1652 1494
f 1494 1652 1642
f 1496 1648 1658
f 1496 1658 1497
f 1497 1658 1659
f 1497 1659 1660
f 1497 1660 1661
f 1497 1661 1498
f 1499 1508 1662
f 1499 1662 1663
f 1499 1663 1500
f 1500 1663 1501
f 1501 1663 1664
f 1501 1664 1665
f 1501 1665 1502
f 1502 1665 1666
f 1502 1666 1503
f 1503 1666 1504
f 1504 1666 1667
f 1504 1667 1668
f 1504 1668 1505
f 1505 1668 1506
f 1506 1668 1669
f 1506 1669 1670
f 1506 1670 1510
f 1506 1510 1507
f 1508 1509 1662
f 1509 1560 1671
f 1509 1671 1672
f 1509 1672 1673
f 1509 1673 1662
f 1510 1670 1511
f 1511 1670 1674
f 1511 1674 1675
f 1511 1675 1513
f 1513 1675 1676
f 1513 1676 1514
f 1514 1676 1677
f 1514 1677 1518
f 1515 1518 1678
f 1515 1678 1679
f 1515 1679 1516
f 1516 1680 1681
f 1516 1681 1517
f 1516 1679 1682
f 1516 1682 1680
f 1517 1681 1519
f 1518 1677 1683
f 1518 1683 1684
f 1518 1684 1678
f 1519 1685 1527
f 1519 1527 1520
f 1519 1681 1686
f 1519 1686 1687
f 1519 1687 1685
f 1520 1527 1521
f 1522 1523 1688
f 1522 1688 1524
f 1523 1689 1690
f 1523 1690 1688
f 1523 1532 1691
f 1523 1691 1689
f 1524 1688 1525
f 1525 1688 1692
f 1525 1692 1693
f 1525 1693 1526
f 1526 1607 1606
f 1526 1693 1694
f 1526 1694 1607
f 1527 1685 1695
f 1527 1695 1528
f 1528 1696 1529
f 1528 1695 1696
f 1529 1697 1530
f 1529 1696 1698
f 1529 1698 1697
f 1530 1697 1699
f 1530 1699 1700
f 1530 1700 1532
f 1532 1700 1699
f 1532 1699 1691
f 1533 1548 1534
f 1534 1701 1536
f 1534 1548 1551
f 1534 1551 1701
f 1535 1702 1703
f 1535 1703 1704
f 1535 1704 1537
f 1535 1536 1701
f 1535 1701 1551
f 1535 1551 1550
f 1535 1550 1705
f 1535 1705 1702
f 1537 1706 1707
f 1537 1707 1538
f 1537 1704 1706
f 1538 1707 1539
f 1539 1707 1708
f 1539 1708 1541
f 1541 1706 1542
f 1541 1708 1706
f 1542 1706 1709
f 1542 1709 1710
f 1542 1710 1543
f 1543 1704 1711
f 1543 1711 1712
f 1543 1712 1713
f 1543 1713 1544
f 1543 1710 1704
f 1544 1713 1545
f 1545 1713 1557
f 1545 1557 1552
f 1546 1596 1595
f 1546 1595 1714
f 1546 1714 1550
f 1546 1550 1547
f 1547 1550 1549
f 1550 1714 1715
f 1550 1715 1705
f 1552 1557 1553
f 1553 1557 1554
f 1554 1557 1556
f 1555 1562 1561
f 1555 1559 1716
f 1555 1716 1562
f 1557 1712 1717
f 1557 1717 1558
f 1557 1713 1718
f 1557 1718 1712
f 1558 1719 1559
f 1558 1717 1712
f 1558 1712 1719
f 1559 1719 1562
f 1559 1562 1716
f 1560 1562 1720
f 1560 1720 1721
f 1560 1721 1671
f 1562 1719 1722
f 1562 1722 1720
f 1563 1573 1564
f 1564 1723 1566
f 1564 1566 1565
f 1564 1573 1723
f 1566 1723 1724
f 1566 1724 1567
f 1567 1724 1725
f 1567 1725 1568
f 1568 1725 1726
f 1568 1726 1570
f 1569 1570 1727
f 1569 1727 1580
f 1570 1726 1728
f 1570 1728 1729
f 1570 1729 1727
f 1571 1574 1572
f 1572 1574 1573
f 1573 1724 1723
f 1573 1574 1730
f 1573 1730 1724
f 1574 1604 1730
f 1575 1581 1731
f 1575 1731 1576
f 1576 1731 1732
f 1576 1732 1733
f 1576 1733 1577
f 1577 1733 1578
f 1578 1734 1583
f 1578 1583 1582
f 1578 1582 1579
f 1578 1733 1735
f 1578 1735 1734
f 1580 1727 1736
f 1580 1736 1737
f 1580 1737 1581
f 1581 1737 1731
f 1583 1734 1735
f 1583 1735 1738
f 1583 1738 1584
f 1584 1738 1739
f 1584 1739 1735
f 1584 1735 1585
f 1585 1735 1587
f 1585 1587 1586
f 1589 1740 1741
f 1589 1741 1591
f 1589 1591 1590
f 1591 1741 1592
f 1592 1741 1740
f 1592 1740 1593
f 1593 1740 1594
f 1594 1742 1595
f 1594 1740 1743
f 1594 1743 1742
f 1595 1742 1714
f 1597 1744 1745
f 1597 1745 1599
f 1597 1599 1598
f 1599 1745 1746
f 1599 1746 1601
f 1601 1746 1602
f 1602 1747 1748
f 1602 1748 1726
f 1602 1726 1603
f 1602 1746 1749
f 1602 1749 1747
f 1603 1726 1730
f 1603 1730 1604
f 1605 1609 1610
f 1607 1750 1608
f 1607 1694 1750
f 1608 1750 1609
f 1609 1750 1751
f 1609 1751 1752
f 1609 1752 1610
f 1610 1752 1611
f 1611 1752 1612
f 1612 1752 1613
f 1613 1752 1753
f 1613 1753 1614
f 1614 1753 1615
f 1615 1753 1754
f 1615 1754 1755
f 1615 1755 1616
f 1616 1755 1619
f 1616 1619 1617
f 1619 1755 1756
f 1619 1756 1620
f 1620 1756 1757
f 1620 1757 1758
f 1620 1758 1759
f 1620 1759 1760
f 1620 1760 1626
f 1620 1626 1621
f 1623 1631 1761
f 1623 1761 1624
f 1624 1761 1762
f 1624 1762 1632
f 1626 1759 1763
f 1626 1763 1627
f 1626 1760 1759
f 1627 1763 1764
f 1627 1764 1765
f 1627 1765 1629
f 1627 1629 1628
f 1629 1766 1630
f 1629 1765 1766
f 1630 1766 1767
f 1630 1767 1761
f 1630 1761 1631
f 1632 1637 1636
f 1632 1762 1637
f 1633 1768 1769
f 1633 1769 1770
f 1633 1770 1771
f 1633 1771 1772
f 1633 1772 1634
f 1633 1637 1768
f 1634 1638 1635
f 1634 1772 1773
f 1634 1773 1654
f 1637 1762 1767
f 1637 1767 1774
f 1637 1774 1768
f 1639 1641 1643
f 1640 1642 1641
f 1641 1642 1775
f 1641 1775 1776
f 1641 1776 1777
f 1641 1777 1778
f 1641 1778 1779
f 1641 1779 1780
f 1641 1780 1643
f 1642 1652 1775
f 1643 1780 1781
f 1643 1781 1646
f 1643 1646 1644
f 1644 1646 1645
f 1646 1781 1647
f 1647 1781 1648
f 1648 1781 1780
f 1648 1780 1782
f 1648 1782 1658
f 1650 1657 1651
f 1651 1657 1783
f 1651 1783 1775
f 1651 1775 1652
f 1654 1773 1784
f 1654 1784 1785
f 1654 1785 1655
f 1655 1786 1656
f 1655 1785 1786
f 1656 1786 1787
f 1656 1787 1657
f 1657 1787 1788
f 1657 1788 1783
f 1658 1782 1789
f 1658 1789 1790
f 1658 1790 1791
f 1658 1791 1659
f 1662 1673 1792
f 1662 1792 1793
f 1662 1793 1794
f 1662 1794 1795
f 1662 1795 1663
f 1663 1795 1796
f 1663 1796 1665
f 1663 1665 1664
f 1665 1796 1797
f 1665 1797 1666
f 1666 1797 1798
f 1666 1798 1668
f 1666 1668 1667
f 1668 1798 1799
f 1668 1799 1669
f 1669 1799 1800
f 1669 1800 1801
f 1669 1801 1802
f 1669 1802 1803
f 1669 1803 1674
f 1669 1674 1670
f 1671 1792 1672
f 1671 1721 1804
f 1671 1804 1792
f 1672 1792 1673
f 1674 1803 1802
f 1674 1802 1675
f 1675 1802 1805
f 1675 1805 1806
f 1675 1806 1807
f 1675 1807 1808
f 1675 1808 1809
f 1675 1809 1683
f 1675 1683 1676
f 1676 1683 1677
f 1678 1684 1679
f 1679 1684 1682
f 1680 1682 1684
f 1680 1684 1810
f 1680 1810 1811
f 1680 1811 1812
f 1680 1812 1813
f 1680 1813 1814
f 1680 1814 1815
f 1680 1815 1686
f 1680 1686 1681
f 1683 1809 1684
f 1684 1811 1810
f 1684 1809 1816
f 1684 1816 1811
f 1685 1817 1818
f 1685 1818 1819
f 1685 1819 1820
f 1685 1820 1695
f 1685 1687 1821
f 1685 1821 1817
f 1686 1815 1822
f 1686 1822 1687
f 1687 1822 1821
f 1688 1690 1692
f 1689 1691 1690
f 1690 1691 1823
f 1690 1823 1692
f 1691 1699 1824
f 1691 1824 1825
f 1691 1825 1826
f 1691 1826 1827
f 1691 1827 1823
f 1692 1827 1828
f 1692 1828 1829
f 1692 1829 1694
f 1692 1694 1693
f 1692 1823 1827
f 1694 1829 1828
f 1694 1828 1830
f 1694 1830 1750
f 1695 1820 1696
f 1696 1820 1698
f 1697 1824 1699
f 1697 1698 1820
f 1697 1820 1831
f 1697 1831 1824
f 1702 1832 1833
f 1702 1833 1703
f 1702 1705 1715
f 1702 1715 1832
f 1703 1833 1704
f 1704 1834 1711
f 1704 1710 1709
f 1704 1709 1706
f 1704 1833 1835
f 1704 1835 1836
f 1704 1836 1837
f 1704 1837 1834
f 1706 1708 1707
f 1711 1834 1838
f 1711 1838 1712
f 1712 1718 1713
f 1712 1838 1839
f 1712 1839 1840
f 1712 1840 1719
f 1714 1742 1715
f 1715 1742 1832
f 1719 1840 1841
f 1719 1841 1842
f 1719 1842 1722
f 1720 1804 1721
f 1720 1722 1804
f 1722 1842 1843
f 1722 1843 1804
f 1724 1730 1725
f 1725 1730 1726
f 1726 1748 1844
f 1726 1844 1845
f 1726 1845 1846
f 1726 1846 1728
f 1727 1729 1736
f 1728 1846 1847
f 1728 1847 1729
f 1729 1847 1737
f 1729 1737 1736
f 1735 1739 1738
f 1737 1847 1848
f 1742 1849 1833
f 1742 1833 1832
f 1742 1743 1849
f 1743 1850 1833
f 1743 1833 1849
f 1744 1851 1746
f 1744 1746 1745
f 1746 1851 1749
f 1747 1749 1748
f 1748 1749 1844
f 1749 1851 1852
f 1749 1852 1844
f 1751 1853 1752
f 1752 1853 1854
f 1752 1854 1855
f 1752 1855 1753
f 1753 1855 1856
f 1753 1856 1754
f 1754 1856 1857
f 1754 1857 1858
f 1754 1858 1756
f 1754 1756 1755
f 1756 1858 1757
f 1757 1859 1758
f 1757 1858 1860
f 1757 1860 1859
f 1758 1861 1862
f 1758 1862 1759
f 1758 1859 1863
f 1758 1863 1864
f 1758 1864 1861
f 1759 1862 1763
f 1761 1767 1762
f 1763 1862 1865
f 1763 1865 1866
f 1763 1866 1766
f 1763 1766 1764
f 1764 1766 1765
f 1766 1866 1867
f 1766 1867 1868
f 1766 1868 1767
f 1767 1868 1774
f 1768 1774 1869
f 1768 1869 1870
f 1768 1870 1769
f 1769 1870 1770
f 1770 1871 1872
f 1770 1872 1873
f 1770 1873 1874
f 1770 1874 1875
f 1770 1875 1771
f 1770 1870 1871
f 1771 1875 1773
f 1771 1773 1772
f 1773 1875 1784
f 1774 1868 1870
f 1774 1870 1869
f 1775 1777 1776
f 1775 1783 1876
f 1775 1876 1877
f 1775 1877 1777
f 1777 1877 1878
f 1777 1878 1879
f 1777 1879 1778
f 1778 1880 1779
f 1778 1879 1881
f 1778 1881 1882
f 1778 1882 1880
f 1779 1880 1883
f 1779 1883 1780
f 1780 1883 1884
f 1780 1884 1782
f 1782 1884 1885
f 1782 1885 1790
f 1782 1790 1789
f 1783 1877 1876
f 1783 1788 1886
f 1783 1886 1877
f 1784 1875 1874
f 1784 1874 1785
f 1785 1874 1786
f 1786 1874 1873
f 1786 1873 1887
f 1786 1887 1787
f 1787 1887 1888
f 1787 1888 1886
f 1787 1886 1788
f 1790 1885 1884
f 1790 1884 1889
f 1792 1804 1793
f 1793 1890 1794
f 1793 1804 1890
f 1794 1891 1795
f 1794 1890 1891
f 1795 1891 1892
f 1795 1892 1893
f 1795 1893 1894
f 1795 1894 1796
f 1796 1894 1895
f 1796 1895 1797
f 1797 1896 1798
f 1797 1895 1896
f 1798 1897 1799
f 1798 1896 1895
f 1798 1895 1897
f 1799 1897 1898
f 1799 1898 1899
f 1799 1899 1800
f 1800 1899 1801
f 1801 1899 1900
f 1801 1900 1901
f 1801 1901 1902
f 1801 1902 1806
f 1801 1806 1802
f 1802 1806 1805
f 1804 1843 1903
f 1804 1903 1904
f 1804 1904 1834
f 1804 1834 1905
f 1804 1905 1906
f 1804 1906 1907
f 1804 1907 1890
f 1806 1902 1901
f 1806 1901 1807
f 1807 1901 1908
f 1807 1908 1809
f 1807 1809 1808
f 1809 1908 1816
f 1811 1909 1812
f 1811 1816 1910
f 1811 1910 1911
f 1811 1911 1909
f 1812 1912 1913
f 1812 1913 1814
f 1812 1814 1914
f 1812 1914 1813
f 1812 1909 1911
f 1812 1911 1915
f 1812 1915 1912
f 1813 1914 1814
f 1814 1819 1818
f 1814 1818 1817
f 1814 1817 1821
f 1814 1821 1822
f 1814 1822 1815
f 1814 1913 1916
f 1814 1916 1917
f 1814 1917 1819
f 1816 1908 1910
f 1819 1917 1918
f 1819 1918 1919
f 1819 1919 1825
f 1819 1825 1824
f 1819 1824 1831
f 1819 1831 1820
f 1825 1919 1826
f 1833 1850 1836
f 1833 1836 1835
f 1834 1904 1841
f 1834 1841 1840
f 1834 1840 1839
f 1834 1839 1838
f 1834 1837 1920
f 1834 1920 1905
f 1841 1904 1903
f 1841 1903 1842
f 1842 1903 1843
f 1844 1852 1848
f 1844 1848 1845
f 1845 1848 1846
f 1846 1848 1847
f 1854 1921 1860
f 1854 1860 1922
f 1854 1922 1923
f 1854 1923 1856
f 1854 1856 1855
f 1856 1923 1857
f 1857 1923 1922
f 1857 1922 1860
f 1857 1860 1924
f 1857 1924 1858
f 1858 1924 1860
f 1859 1860 1921
f 1859 1921 1925
f 1859 1925 1863
f 1861 1864 1926
f 1861 1926 1927
f 1861 1927 1928
f 1861 1928 1862
f 1862 1928 1865
f 1865 1928 1867
f 1865 1867 1866
f 1867 1928 1927
f 1867 1927 1929
f 1867 1929 1872
f 1867 1872 1871
f 1867 1871 1868
f 1868 1871 1870
f 1872 1930 1887
f 1872 1887 1873
f 1872 1929 1930
f 1877 1886 1931
f 1877 1931 1932
f 1877 1932 1878
f 1880 1882 1883
f 1882 1889 1883
f 1883 1889 1884
f 1886 1888 1933
f 1886 1933 1934
f 1886 1934 1935
f 1886 1935 1936
f 1886 1936 1932
f 1886 1932 1931
f 1887 1930 1888
f 1888 1930 1933
f 1890 1907 1891
f 1891 1907 1892
f 1895 1937 1898
f 1895 1898 1897
f 1898 1937 1938
f 1898 1938 1939
f 1898 1939 1899
f 1899 1939 1940
f 1899 1940 1900
f 1900 1941 1901
f 1900 1940 1941
f 1901 1941 1915
f 1901 1915 1911
f 1901 1911 1910
f 1901 1910 1908
f 1912 1915 1940
f 1912 1940 1942
f 1912 1942 1913
f 1913 1942 1916
f 1915 1943 1940
f 1915 1941 1943
f 1926 1944 1927
f 1927 1945 1930
f 1927 1930 1929
f 1927 1944 1946
f 1927 1946 1947
f 1927 1947 1934
f 1927 1934 1945
f 1930 1945 1934
f 1930 1934 1933
f 1940 1943 1941

