# https://github.com/mikedh/trimesh
v 0.12292845 -0.00184898 0.09793964
v 0.12291453 -0.00003293 0.09793964
v 0.12252484 -0.01047861 0.09793964
v 0.12278927 -0.00184898 0.09540945
v 0.12278927 -0.00003293 0.09540945
v 0.12287278 -0.00003293 0.09705531
v 0.11389575 -0.00003293 0.09793964
v 0.12234390 -0.01244485 0.09793964
v 0.12210730 -0.01350991 0.09543401
v 0.12238566 -0.01046496 0.09545858
v 0.12256659 -0.00184898 0.09150360
v 0.12269184 -0.00003293 0.09376359
v -0.01925659 -0.12965491 0.09793964
v -0.01925659 -0.00003293 -0.09236568
v 0.12223256 -0.01353722 0.09793964
v 0.12092428 -0.02160701 0.09516380
v 0.12188461 -0.01348260 0.09155274
v 0.12216297 -0.01043765 0.09155274
v 0.12203771 -0.01491632 0.09793964
v 0.12230215 -0.00184898 0.08759777
v 0.12245524 -0.00003293 0.08985775
v -0.01925659 -0.13947247 0.09793964
v -0.01925659 -0.00003293 -0.15296762
v 0.12071551 -0.02157970 0.09155274
v 0.12097995 -0.02222146 0.09793964
v 0.12091036 -0.02264475 0.09793964
v 0.12046498 -0.02159336 0.08764690
v 0.12162017 -0.01346894 0.08764690
v 0.12189853 -0.01042399 0.08767146
v 0.12230215 -0.00003293 0.08759777
v 0.12159233 -0.01041034 0.08374106
v 0.12199596 -0.00184898 0.08369192
v 0.12199596 -0.00003293 0.08366736
v -0.01696014 -0.13951344 0.09793964
v -0.01925659 -0.13926765 0.09545858
v 0.02394450 -0.00003293 -0.15296762
v -0.01925659 -0.01925844 -0.15296762
v 0.12011704 -0.02485678 0.09152817
v 0.12079901 -0.02324555 0.09793964
v 0.11985260 -0.02487043 0.08764690
v 0.11954641 -0.02489774 0.08374106
v 0.12015880 -0.02160701 0.08374106
v 0.12132790 -0.01338702 0.08376563
v 0.12125831 -0.01251313 0.08138281
v 0.12136965 -0.01038303 0.08113716
v 0.12166193 -0.00183532 0.07978609
v 0.12141140 -0.00003293 0.07671546
v -0.01478895 -0.13947247 0.09793964
v -0.01693230 -0.13930863 0.09545858
v -0.01366160 -0.13925401 0.09543401
v -0.01925659 -0.13891265 0.09157731
v 0.02394450 -0.00210842 -0.15296762
v 0.09375657 -0.00003293 -0.02763681
v -0.01665394 -0.02118372 -0.15296762
v -0.01925659 -0.09065771 -0.05647616
v 0.12033973 -0.02488409 0.09540945
v 0.11832163 -0.03345910 0.09538489
v 0.11809894 -0.03341814 0.09150360
v 0.12050674 -0.02473389 0.09793964
v 0.11783451 -0.03339083 0.08759777
v 0.11752831 -0.03339083 0.08371649
v 0.11919846 -0.02491140 0.07988434
v 0.11982477 -0.02160701 0.07988434
v 0.12100779 -0.01334605 0.08000717
v 0.12061808 -0.01334605 0.07597851
v 0.12021447 -0.01333240 0.07207266
v 0.12047891 -0.01028745 0.07207266
v 0.12088252 -0.01030110 0.07595395
v 0.12118872 -0.01034207 0.07919652
v 0.12139748 -0.00180802 0.07686284
v 0.12120264 -0.00179436 0.07492221
v 0.12089644 -0.00178071 0.07199898
v 0.12089644 -0.00003293 0.07197440
v -0.01366160 -0.13944517 0.09793964
v -0.01691839 -0.13895361 0.09157731
v -0.01366160 -0.13891265 0.09155274
v -0.00510211 -0.13863956 0.09536031
v -0.00510211 -0.13885803 0.09793964
v -0.01925659 -0.13853032 0.08767146
v -0.01690446 -0.13857129 0.08764690
v 0.02379141 -0.00331001 -0.15296762
v 0.09375657 -0.00156224 -0.02763681
v 0.09361740 -0.00556300 -0.02746486
v 0.09343647 -0.00967300 -0.02729290
v 0.09047196 -0.00967300 -0.03259895
v 0.09328337 -0.01199426 -0.02712095
v 0.09512053 -0.00003293 -0.02510661
v 0.09513445 -0.00156224 -0.02508205
v -0.01490029 -0.02224877 -0.15296762
v -0.01925659 -0.09263761 -0.05379858
v 0.11744481 -0.03672252 0.09536031
v 0.11844690 -0.03348641 0.09793964
v 0.11722212 -0.03668156 0.09147904
v 0.11684634 -0.03690003 0.08718017
v 0.11673500 -0.03634020 0.08369192
v 0.11662365 -0.03582132 0.08052304
v 0.11652623 -0.03535707 0.07799283
v 0.11705510 -0.03375950 0.07949130
v 0.11692985 -0.03288561 0.07600307
v 0.11882268 -0.02492505 0.07602763
v 0.11944898 -0.02160701 0.07602763
v 0.12007529 -0.01716931 0.07597851
v 0.11967167 -0.01715565 0.07207266
v 0.11978301 -0.01333240 0.06816683
v 0.12003353 -0.01030110 0.06814225
v 0.12046498 -0.00175340 0.06809313
v 0.12046498 -0.00003293 0.06806857
v -0.01366160 -0.13854396 0.08762233
v -0.00510211 -0.13829819 0.09150360
v -0.00192883 -0.13838013 0.09536031
v -0.00190100 -0.13859859 0.09793964
v -0.01925659 -0.13812069 0.08379019
v -0.01689055 -0.13817531 0.08376563
v 0.02341563 -0.00589071 -0.15296762
v 0.09488392 -0.00559031 -0.02508205
v 0.09464732 -0.00972762 -0.02500835
v 0.09631747 -0.00982320 -0.02179033
v 0.09609479 -0.01316854 -0.02144642
v 0.09409060 -0.01312758 -0.02527857
v 0.09279624 -0.01718296 -0.02635943
v 0.09223953 -0.01311393 -0.02864398
v 0.09022144 -0.01307296 -0.03227960
v 0.09713862 -0.00003293 -0.02117621
v 0.09658191 -0.00158954 -0.02230620
v -0.01387037 -0.02286322 -0.15296762
v -0.01925659 -0.09405768 -0.05185794
v 0.11491175 -0.04457385 0.09540945
v 0.11468906 -0.04454654 0.09152817
v 0.11757007 -0.03674983 0.09793964
v 0.11733346 -0.03748717 0.09793964
v 0.11441071 -0.04454654 0.08764690
v 0.11410451 -0.04454654 0.08376563
v 0.11552414 -0.04013614 0.08369192
v 0.11517620 -0.04014980 0.07983522
v 0.11589992 -0.03666790 0.07597851
v 0.11549630 -0.03668156 0.07207266
v 0.11644272 -0.03489282 0.07600307
v 0.11634529 -0.03344545 0.07172876
v 0.11677675 -0.03210730 0.07278505
v 0.11839122 -0.02495236 0.07212180
v 0.11903145 -0.02160701 0.07212180
v 0.11855824 -0.02164798 0.06816683
v 0.11929589 -0.01333240 0.06423642
v 0.11956032 -0.01030110 0.06423642
v 0.12000570 -0.00173974 0.06418730
v 0.11999178 -0.00003293 0.06416272
v -0.01367552 -0.13814798 0.08374106
v -0.00511602 -0.13792952 0.08757321
v -0.00195667 -0.13803876 0.09150360
v 0.00156456 -0.13786126 0.09536031
v -0.00078756 -0.13843474 0.09793964
v -0.01925659 -0.13787491 0.08153020
v -0.01686271 -0.13775200 0.07993348
v 0.02305376 -0.00724250 -0.15296762
v 0.08984566 -0.01715565 -0.03166548
v 0.08952554 -0.02051465 -0.03114961
v 0.08926110 -0.02294515 -0.03078114
v 0.08760488 -0.02476120 -0.03284460
v 0.09645664 -0.00564493 -0.02206055
v 0.09745873 -0.00568589 -0.02007078
v 0.09862784 -0.00994609 -0.01714754
v 0.09708295 -0.01320951 -0.01948122
v 0.09385400 -0.01721027 -0.02436966
v 0.09580251 -0.01686891 -0.02073404
v 0.09239263 -0.02140220 -0.02567161
v 0.09037453 -0.02159336 -0.02925810
v 0.09134879 -0.01716931 -0.02896332
v 0.09758399 -0.00003293 -0.02029187
v 0.09758399 -0.00160320 -0.02031643
v -0.01206104 -0.02369615 -0.15296762
v -0.01925659 -0.09610585 -0.04895926
v -0.01083627 -0.02413309 -0.15296762
v -0.00908262 -0.02470658 -0.15296762
v 0.11353388 -0.04847903 0.09545858
v 0.11570507 -0.04251202 0.09793964
v 0.11502309 -0.04458750 0.09793964
v 0.11365915 -0.04849268 0.09793964
v 0.11331119 -0.04845172 0.09157731
v 0.11297716 -0.04865654 0.08789255
v 0.11292149 -0.04791920 0.08379019
v 0.11274056 -0.04746859 0.07993348
v 0.11375657 -0.04450557 0.07990890
v 0.11338079 -0.04446461 0.07602763
v 0.11478649 -0.04013614 0.07597851
v 0.11438287 -0.04012248 0.07207266
v 0.11505093 -0.03670887 0.06814225
v 0.11594168 -0.03347275 0.06811769
v 0.11793194 -0.02499332 0.06816683
v 0.11743089 -0.02503429 0.06418730
v 0.11805719 -0.02168894 0.06421186
v 0.11872525 -0.01718296 0.06421186
v 0.11821029 -0.01718296 0.06033058
v 0.11878093 -0.01330509 0.06035515
v 0.11905928 -0.01027379 0.06037971
v 0.11950465 -0.00171244 0.06033058
v 0.11972734 -0.00003293 0.06209926
v -0.00512994 -0.13753355 0.08369192
v -0.01367552 -0.13772471 0.07990890
v -0.01091978 -0.13711025 0.07600307
v -0.00198450 -0.13765644 0.08759777
v 0.00788328 -0.13672793 0.09337055
v 0.00692294 -0.13661869 0.09076666
v 0.00297026 -0.13786126 0.09793964
v -0.01925659 -0.13769739 0.07993348
v -0.01590238 -0.13704198 0.07359569
v 0.02241354 -0.00946818 -0.15296762
v 0.09315812 -0.02372345 -0.02328880
v 0.09210035 -0.02478851 -0.02476270
v 0.09009617 -0.02476120 -0.02844746
v 0.08901058 -0.02476120 -0.03038809
v 0.08856521 -0.02900774 -0.02896332
v 0.08646361 -0.02850253 -0.03289373
v 0.09889228 -0.00569955 -0.01717211
v 0.10053458 -0.00568589 -0.01370844
v 0.10052066 -0.01027379 -0.01304518
v 0.10110522 -0.01163924 -0.01152215
v 0.09823814 -0.01322316 -0.01712298
v 0.09665150 -0.01830263 -0.01854775
v 0.09480042 -0.02144316 -0.02107795
v 0.09343647 -0.02141585 -0.02370640
v 0.09638706 -0.02151143 -0.01793362
v 0.09825205 -0.00003293 -0.01894079
v 0.09914280 -0.00158954 -0.01714754
v -0.01925659 -0.09744399 -0.04701863
v -0.00496293 -0.02548488 -0.15296762
v 0.11271273 -0.05056816 0.09548314
v 0.11258747 -0.05034969 0.09160187
v 0.11308851 -0.04994006 0.09793964
v 0.11250396 -0.05019949 0.08934188
v 0.11239262 -0.04996736 0.08671342
v 0.11226736 -0.04966697 0.08379019
v 0.11208642 -0.04924368 0.07993348
v 0.11187766 -0.04876577 0.07607676
v 0.11253180 -0.04694973 0.07605220
v 0.11240653 -0.04663567 0.07379222
v 0.11292149 -0.04465577 0.07234288
v 0.11282408 -0.04356341 0.06821595
v 0.11395143 -0.04009517 0.06816683
v 0.11459164 -0.03672252 0.06421186
v 0.11545455 -0.03352737 0.06418730
v 0.11495351 -0.03354103 0.06025688
v 0.11695768 -0.02492505 0.06042884
v 0.11684634 -0.02391462 0.05799690
v 0.11752831 -0.02174356 0.06028145
v 0.11825205 -0.01330509 0.05649843
v 0.11851648 -0.01027379 0.05649843
v 0.11837730 -0.00164416 0.05246977
v 0.11894794 -0.00003293 0.05642474
v 0.11949074 -0.00003293 0.06028145
v -0.00199842 -0.13724680 0.08371649
v -0.00512994 -0.13716486 0.08035109
v -0.00201234 -0.13694640 0.08096521
v -0.01363376 -0.13728775 0.07602763
v -0.00512994 -0.13694640 0.07843501
v -0.01206104 -0.13696004 0.07403787
v -0.00511602 -0.13619540 0.07207266
v -0.00511602 -0.13665966 0.07597851
v -0.00056488 -0.13680987 0.08143195
v 0.00018669 -0.13693275 0.08371649
v 0.01381229 -0.13521228 0.09150360
v 0.01751444 -0.13473437 0.09540945
v 0.00824514 -0.13682351 0.09536031
v 0.00664458 -0.13728775 0.09793964
v 0.00586518 -0.13741065 0.09793964
v 0.00576775 -0.13563557 0.07988434
v 0.00969260 -0.13491188 0.07988434
v 0.00969260 -0.13533517 0.08374106
v 0.01377053 -0.13482996 0.08762233
v 0.00576775 -0.13605886 0.08374106
v -0.01925659 -0.13726046 0.07622416
v -0.01925659 -0.13653677 0.07059876
v -0.01925659 -0.13622271 0.06824052
v -0.01679312 -0.13627734 0.06824052
v -0.01680704 -0.13573115 0.06433468
v -0.01356418 -0.13574481 0.06428555
v -0.01357809 -0.13629098 0.06819139
v -0.01359201 -0.13675524 0.07172876
v -0.01360593 -0.13700103 0.07369396
v 0.02077123 -0.01270429 -0.15296762
v 0.08586514 -0.03303581 -0.03151809
v 0.08548936 -0.03524784 -0.03095309
v 0.08508574 -0.03717312 -0.03036353
v 0.08242742 -0.03995863 -0.03279547
v 0.08182896 -0.04322205 -0.03146896
v 0.08113307 -0.04614411 -0.03041266
v 0.07850258 -0.04835614 -0.03286917
v 0.09706903 -0.02388731 -0.01545255
v 0.09389576 -0.02481582 -0.02129903
v 0.09283800 -0.02585355 -0.02279750
v 0.09055547 -0.02903505 -0.02535226
v 0.08965081 -0.02771056 -0.02771051
v 0.08739611 -0.03295388 -0.02888963
v 0.08917760 -0.03078282 -0.02689986
v 0.10065985 -0.00156224 -0.01395409
v 0.10146708 -0.00156224 -0.01220997
v 0.10134182 -0.00567223 -0.01193975
v 0.10097996 -0.01320951 -0.01120280
v 0.10001963 -0.01322316 -0.01333996
v 0.10182895 -0.01026014 -0.01004825
v 0.10356868 -0.00994609 -0.00577393
v 0.10323465 -0.01322316 -0.00574936
v 0.10177328 -0.01320951 -0.00931130
v 0.09755616 -0.01690987 -0.01719667
v 0.09930982 -0.01727854 -0.01336453
v 0.09857217 -0.02160701 -0.01333996
v 0.09912889 -0.00003293 -0.01714754
v -0.01729417 -0.09749861 -0.04706775
v -0.01721066 -0.09916445 -0.04456212
v -0.01925659 -0.09906887 -0.04456212
v -0.00127469 -0.02574432 -0.15296762
v 0.10921935 -0.05854238 0.09545858
v 0.11278232 -0.05069105 0.09793964
v 0.11049979 -0.05592072 0.09793964
v 0.10908016 -0.05835122 0.09155274
v 0.10892707 -0.05813274 0.08762233
v 0.10882964 -0.05802351 0.08563256
v 0.11126527 -0.05202919 0.08379019
v 0.11091733 -0.05204285 0.07990890
v 0.11054154 -0.05202919 0.07605220
v 0.11012401 -0.05202919 0.07212180
v 0.11173847 -0.04806939 0.07236744
v 0.11226736 -0.04622604 0.07121289
v 0.11208642 -0.04572082 0.06826508
v 0.11184982 -0.04499713 0.06435925
v 0.11260139 -0.04278511 0.06431011
v 0.11409060 -0.03669521 0.06030601
v 0.11357564 -0.03664059 0.05644931
v 0.11441071 -0.03354103 0.05640017
v 0.11544063 -0.02906236 0.05637561
v 0.11641489 -0.02495236 0.05657213
v 0.11580250 -0.02512987 0.05256803
v 0.11669325 -0.02269937 0.05544214
v 0.11690201 -0.02018694 0.05426302
v 0.11766749 -0.01333240 0.05256803
v 0.11794585 -0.01031476 0.05256803
v 0.11779276 -0.00164416 0.04853936
v 0.11805719 -0.00003293 0.05048000
v -0.00197058 -0.13638656 0.07597851
v -0.00959758 -0.13601790 0.06816683
v -0.00514386 -0.13570384 0.06814225
v -0.00191491 -0.13592231 0.07207266
v -0.00188708 -0.13543075 0.06816683
v 0.00579559 -0.13519862 0.07600307
v 0.01748661 -0.13437936 0.09152817
v 0.02082690 -0.13340988 0.09157731
v 0.02084082 -0.13376491 0.09543401
v 0.01868355 -0.13461148 0.09793964
v 0.01754228 -0.13493919 0.09793964
v 0.01512057 -0.13549902 0.09793964
v 0.01390971 -0.13577212 0.09793964
v 0.00871835 -0.13693275 0.09793964
v 0.00970652 -0.13446127 0.07600307
v 0.01374270 -0.13399702 0.07988434
v 0.01375662 -0.13442032 0.08374106
v 0.01745877 -0.13398338 0.08764690
v -0.01925659 -0.13566288 0.06435925
v -0.01680704 -0.13515767 0.06042884
v -0.01353634 -0.13518496 0.06037971
v -0.00962542 -0.13549902 0.06423642
v 0.02001966 -0.01394685 -0.15296762
v 0.07701337 -0.04950311 -0.03424481
v 0.07786236 -0.05105972 -0.03159178
v 0.08885749 -0.03285830 -0.02633486
v 0.08944204 -0.03550727 -0.02360815
v 0.08619917 -0.03627192 -0.02898789
v 0.08578164 -0.03904378 -0.02778420
v 0.08518316 -0.04189757 -0.02675247
v 0.08455686 -0.04032730 -0.02898789
v 0.08266403 -0.04457385 -0.02903702
v 0.08187071 -0.04775534 -0.02783333
v 0.08068769 -0.04877943 -0.02898789
v 0.09677676 -0.02596279 -0.01486299
v 0.09609479 -0.02488409 -0.01690189
v 0.09770926 -0.02495236 -0.01348735
v 0.09343647 -0.02878927 -0.02002165
v 0.09243438 -0.02872100 -0.02198685
v 0.09189158 -0.03272176 -0.02078317
v 0.08992916 -0.03284465 -0.02439423
v 0.10145317 -0.00003293 -0.01220997
v 0.09997788 -0.00003293 -0.01535429
v 0.10249701 -0.00158954 -0.00977803
v 0.10226040 -0.00565858 -0.00975346
v 0.10124440 -0.02005040 -0.00781283
v 0.10039541 -0.02141585 -0.00926217
v 0.10380529 -0.00563127 -0.00582306
v 0.10404189 -0.00163051 -0.00582306
v 0.10475170 -0.00990512 -0.00262961
v 0.10530841 -0.01323682 -0.00019767
v 0.10338775 -0.02160701 -0.00169613
v 0.10253876 -0.01729220 -0.00574936
v 0.09950466 -0.02500698 -0.00950782
v -0.01377294 -0.09755322 -0.04706775
v -0.01370336 -0.09924639 -0.04453756
v -0.01711324 -0.10081665 -0.04200736
v -0.01925659 -0.10077568 -0.04193366
v -0.01925659 -0.09990180 -0.04328474
v 0.00082691 -0.02549854 -0.15296762
v -0.00371032 -0.09715724 -0.04635537
v -0.00570058 -0.09860462 -0.04448843
v -0.00997336 -0.09744399 -0.04682211
v 0.10814767 -0.06063151 0.09540945
v 0.10594865 -0.06453670 0.09184752
v 0.10802241 -0.06044035 0.09150360
v 0.11008225 -0.05686288 0.09793964
v 0.10928893 -0.05865161 0.09793964
v 0.10860696 -0.06000341 0.09793964
v 0.10823117 -0.06074075 0.09793964
v 0.10785539 -0.06023553 0.08757321
v 0.10785539 -0.05970301 0.08406041
v 0.10870438 -0.05781869 0.08305323
v 0.10855129 -0.05751829 0.07985978
v 0.10832860 -0.05712231 0.07600307
v 0.10810591 -0.05667172 0.07207266
v 0.10946986 -0.05235690 0.06787205
v 0.10931677 -0.05171514 0.06433468
v 0.11112609 -0.04842441 0.06826508
v 0.11062505 -0.04846537 0.06438381
v 0.11008225 -0.04849268 0.06047797
v 0.11166889 -0.04398671 0.06055166
v 0.11244829 -0.04226624 0.06192731
v 0.11208642 -0.04109196 0.05652300
v 0.11040237 -0.04432807 0.05269086
v 0.11292149 -0.03672252 0.05244520
v 0.11269881 -0.03594421 0.04954653
v 0.11384008 -0.03351372 0.05261715
v 0.11521795 -0.02511621 0.04871131
v 0.11581641 -0.02183914 0.04868675
v 0.11647056 -0.02162067 0.05281368
v 0.11713861 -0.01714200 0.05281368
v 0.11706903 -0.01314124 0.04861306
v 0.11688809 -0.01218542 0.04662329
v 0.11733346 -0.01035572 0.04863762
v 0.11758398 -0.00578147 0.04861306
v 0.11775100 -0.00003293 0.04846567
v 0.11712470 -0.00582243 0.04581264
v 0.11723604 -0.00163051 0.04519852
v 0.11723604 -0.00003293 0.04527221
v -0.00517170 -0.13518496 0.06423642
v -0.00187316 -0.13491188 0.06426098
v 0.00155064 -0.13538978 0.07209722
v 0.00162023 -0.13436571 0.06426098
v 0.00586518 -0.13421550 0.06816683
v 0.00582343 -0.13472071 0.07209722
v 0.02081298 -0.13301390 0.08767146
v 0.02270581 -0.13216733 0.08543605
v 0.02302593 -0.13229021 0.08769602
v 0.02355480 -0.13249503 0.09160187
v 0.02899669 -0.13099305 0.09553228
v 0.02199600 -0.13358739 0.09793964
v 0.02085473 -0.13396973 0.09793964
v 0.01374270 -0.13354643 0.07600307
v 0.00973435 -0.13398338 0.07209722
v 0.01743094 -0.13313680 0.07990890
v 0.01744485 -0.13357375 0.08376563
v -0.01925659 -0.13507574 0.06047797
v -0.01925659 -0.13447494 0.05662126
v -0.01679312 -0.13454321 0.05659670
v -0.01349458 -0.13459782 0.05654756
v -0.00962542 -0.13436571 0.05647387
v -0.00963933 -0.13493919 0.06033058
v -0.00519953 -0.13463879 0.06033058
v 0.01950470 -0.01477977 -0.15296762
v 0.07370092 -0.05833756 -0.03117418
v 0.08125832 -0.05025411 -0.02680160
v 0.07711080 -0.05761387 -0.02658051
v 0.09024927 -0.03649040 -0.02137273
v 0.08850954 -0.04006787 -0.02198685
v 0.08832861 -0.03649040 -0.02495922
v 0.09272666 -0.03386873 -0.01852318
v 0.08664454 -0.04031365 -0.02527857
v 0.08590690 -0.04354976 -0.02414858
v 0.08473779 -0.04472405 -0.02527857
v 0.08284497 -0.04876577 -0.02532770
v 0.09551023 -0.03326794 -0.01319257
v 0.09487001 -0.02885754 -0.01709841
v 0.09815462 -0.02944468 -0.00975346
v 0.09370090 -0.03287196 -0.01714754
v 0.10246917 -0.00003293 -0.00980260
v 0.10319290 -0.00003293 -0.00796022
v 0.10402797 -0.00003293 -0.00582306
v 0.10177328 -0.02140220 -0.00587219
v 0.10102171 -0.02246724 -0.00727240
v 0.10504398 -0.00003293 -0.00314547
v 0.10543368 -0.00003293 -0.00211374
v 0.10583730 -0.00163051 -0.00103288
v 0.10703424 -0.00158954 0.00218514
v 0.10551719 -0.00987781 -0.00056614
v 0.10653319 -0.00980954 0.00218514
v 0.10617133 -0.01319585 0.00218514
v 0.10484913 -0.01850744 0.00090776
v 0.10267794 -0.02495236 -0.00167157
v 0.10455685 -0.02156605 0.00154645
v 0.10497438 -0.02362787 0.00385556
v 0.10071552 -0.02500698 -0.00658458
v 0.09882268 -0.03347275 -0.00565110
v -0.00991769 -0.09897329 -0.04451299
v -0.00986202 -0.10076203 -0.04176171
v -0.01361985 -0.10085761 -0.04203192
v -0.01705757 -0.10201824 -0.04009128
v -0.01925659 -0.10197728 -0.04001759
v 0.00238571 -0.02529372 -0.15296762
v -0.00245771 -0.09808575 -0.04468495
v -0.00213760 -0.10033874 -0.04117214
v -0.00561707 -0.10058452 -0.04144236
v 0.10516924 -0.06622985 0.09339511
v 0.10508573 -0.06607965 0.09079122
v 0.10599040 -0.06389494 0.08757321
v 0.10642185 -0.06426360 0.09793964
v 0.10482130 -0.06558809 0.08369192
v 0.10582338 -0.06362184 0.08366736
v 0.10465428 -0.06524673 0.07983522
v 0.10725692 -0.06012630 0.07983522
v 0.10689506 -0.06011265 0.07595395
v 0.10647752 -0.06007168 0.07204810
v 0.10585122 -0.06035843 0.06809313
v 0.10572596 -0.05962108 0.06426098
v 0.10743785 -0.05593437 0.06428555
v 0.10800848 -0.05567494 0.06782291
v 0.10902449 -0.05112800 0.06045340
v 0.10881572 -0.05067740 0.05762843
v 0.10862087 -0.05019949 0.05502453
v 0.10938636 -0.04875212 0.05642474
v 0.11098691 -0.04432807 0.05654756
v 0.10919150 -0.04772803 0.05266629
v 0.10901057 -0.04701800 0.04991500
v 0.10965079 -0.04462847 0.04866219
v 0.10938636 -0.04349514 0.04483004
v 0.11172456 -0.03649040 0.04490374
v 0.11250396 -0.03516591 0.04691807
v 0.11310243 -0.03377315 0.04841654
v 0.11457772 -0.02507525 0.04483004
v 0.11519011 -0.02178452 0.04478091
v 0.11573290 -0.01329143 0.04082594
v 0.11602518 -0.01032841 0.04080138
v 0.11697160 -0.01038303 0.04640221
v 0.11624787 -0.00586340 0.04080138
v 0.11645664 -0.00165782 0.04080138
v 0.11610869 -0.00003293 0.03888531
v 0.11644272 -0.00003293 0.04077681
v -0.00184532 -0.13436571 0.06035515
v 0.00163415 -0.13383318 0.06035515
v 0.00586518 -0.13369664 0.06426098
v 0.00974827 -0.13347815 0.06816683
v 0.01993616 -0.13244042 0.07993348
v 0.02230220 -0.13203078 0.08285672
v 0.02903845 -0.12984607 0.08393758
v 0.02902453 -0.13025570 0.08781885
v 0.02901061 -0.13063803 0.09167557
v 0.03261534 -0.12928624 0.09172470
v 0.03261534 -0.12961394 0.09558140
v 0.02898278 -0.13119787 0.09793964
v 0.01606698 -0.13224926 0.06978812
v 0.01765362 -0.13259063 0.07570829
v 0.01880881 -0.13209905 0.07423439
v -0.01925659 -0.13409262 0.05433671
v -0.01679312 -0.13390146 0.05271542
v -0.01345283 -0.13395607 0.05269086
v -0.00959758 -0.13373759 0.05261715
v -0.00518561 -0.13406529 0.05644931
v -0.00517170 -0.13345086 0.05259259
v -0.00181749 -0.13379222 0.05647387
v 0.01889232 -0.01554442 -0.15296762
v 0.07285193 -0.06086364 -0.02982310
v 0.07027712 -0.06266603 -0.03164091
v 0.06926111 -0.06532866 -0.03028983
v 0.06568422 -0.06575194 -0.03476067
v 0.07649841 -0.06001706 -0.02508205
v 0.07446640 -0.05966204 -0.02861941
v 0.07377051 -0.06202427 -0.02721921
v 0.08533626 -0.05047258 -0.01933383
v 0.08380530 -0.05181072 -0.02080773
v 0.08188463 -0.05205650 -0.02397662
v 0.08138359 -0.05380427 -0.02309228
v 0.07784844 -0.05893836 -0.02397662
v 0.07708296 -0.06145078 -0.02262554
v 0.09339472 -0.03580767 -0.01587016
v 0.08910801 -0.04230720 -0.01916187
v 0.08721517 -0.04432807 -0.02110251
v 0.08526668 -0.04634893 -0.02301858
v 0.08477955 -0.04838345 -0.02218337
v 0.09669325 -0.03340448 -0.01049042
v 0.09718038 -0.03571209 -0.00786196
v 0.09751441 -0.03345910 -0.00862347
v 0.10150884 -0.02499332 -0.00461937
v 0.10702032 -0.00003293 0.00218514
v 0.10811983 -0.00156224 0.00557511
v 0.10774405 -0.00976858 0.00589446
v 0.10741002 -0.01315489 0.00594359
v 0.10519707 -0.02155239 0.00338883
v 0.10605998 -0.02152509 0.00594359
v 0.10043716 -0.03345910 -0.00159787
v 0.10123048 -0.02694591 -0.00400525
v 0.10422282 -0.02474754 0.00245536
v 0.10306764 -0.02888485 0.00218514
v 0.10132791 -0.03209365 -0.00019767
v 0.10665845 -0.02481582 0.00989856
v 0.10539193 -0.02470658 0.00589446
v 0.10015880 -0.02880292 -0.00545458
v 0.10096604 -0.03476993 0.00076037
v 0.09937940 -0.03672252 -0.00169613
v -0.00982027 -0.10197728 -0.03982107
v -0.01356418 -0.10207286 -0.04009128
v -0.01346675 -0.10402545 -0.03687327
v -0.01697406 -0.10392987 -0.03692239
v -0.01925659 -0.10384794 -0.03692239
v 0.00487701 -0.02469293 -0.15296762
v 0.00820338 -0.09718456 -0.04267061
v 0.00571208 -0.09745764 -0.04311278
v 0.00150889 -0.09792190 -0.04377604
v 0.00038154 -0.10130821 -0.03891216
v -0.00212368 -0.10156764 -0.03923151
v -0.00558923 -0.10179977 -0.03950172
v 0.10529450 -0.06642101 0.09793964
v 0.10418107 -0.06807321 0.09543401
v 0.10085469 -0.07328922 0.09165099
v 0.10071552 -0.07307074 0.08774516
v 0.10497438 -0.06587484 0.08759777
v 0.10344342 -0.06793666 0.08374106
v 0.10312331 -0.06789570 0.07988434
v 0.10274753 -0.06785473 0.07602763
v 0.10444551 -0.06486440 0.07597851
v 0.10546151 -0.06289816 0.07595395
v 0.10423674 -0.06444112 0.07204810
v 0.10525274 -0.06246121 0.07202354
v 0.10416715 -0.06367646 0.06811769
v 0.10491871 -0.06186042 0.06676661
v 0.10473778 -0.06156002 0.06423642
v 0.10444551 -0.06106846 0.06037971
v 0.10541976 -0.05911586 0.06037971
v 0.10686722 -0.05596168 0.06040427
v 0.10628267 -0.05594803 0.05649843
v 0.10736827 -0.05213842 0.05264172
v 0.10667237 -0.05223401 0.04873588
v 0.10845386 -0.04966697 0.05266629
v 0.10824509 -0.04846537 0.04863762
v 0.10884356 -0.04626700 0.04723742
v 0.10859304 -0.04569351 0.04475635
v 0.10909408 -0.04277145 0.04183311
v 0.11104258 -0.03646309 0.04104702
v 0.11033277 -0.03644943 0.03719032
v 0.11123743 -0.03328159 0.03721488
v 0.11233695 -0.03442857 0.04490374
v 0.11276841 -0.03263983 0.04487917
v 0.11363131 -0.02903505 0.04485461
v 0.11392358 -0.02503429 0.04097333
v 0.11452206 -0.02172990 0.04092420
v 0.11502309 -0.01331874 0.03701836
v 0.11532929 -0.01030110 0.03696923
v 0.11576074 -0.00167147 0.03701836
v 0.11576074 -0.00003293 0.03704293
v 0.00166198 -0.13327333 0.05649843
v 0.00586518 -0.13316411 0.06035515
v 0.00848174 -0.13216733 0.05649843
v 0.00976219 -0.13294563 0.06426098
v 0.01524583 -0.13209905 0.06718422
v 0.02180115 -0.13186694 0.07995804
v 0.02082690 -0.13123882 0.07214636
v 0.02067380 -0.13171673 0.07575742
v 0.02902453 -0.12943643 0.08008087
v 0.03087561 -0.12812560 0.07384135
v 0.03120964 -0.12826215 0.07622416
v 0.03173852 -0.12848062 0.08010543
v 0.03222564 -0.12868544 0.08396214
v 0.03692988 -0.12744288 0.09174926
v 0.03729175 -0.12762038 0.09560597
v 0.03289370 -0.12878102 0.08772060
v 0.03615048 -0.12740192 0.08772060
v 0.03260142 -0.12980510 0.09793964
v 0.01720825 -0.13178501 0.06836334
v 0.01740310 -0.13119787 0.06426098
v 0.01822425 -0.13198983 0.07212180
v 0.02084082 -0.13073361 0.06824052
v -0.01925659 -0.13354643 0.05111869
v -0.01679312 -0.13321872 0.04880958
v -0.01342500 -0.13328699 0.04878501
v -0.00958366 -0.13308217 0.04873588
v -0.00518561 -0.13280909 0.04871131
v -0.00180357 -0.13319141 0.05261715
v 0.00167590 -0.13267255 0.05261715
v 0.01779280 -0.01681429 -0.15296762
v 0.07012402 -0.06650294 -0.02766138
v 0.06914978 -0.06902902 -0.02623660
v 0.06562855 -0.06939769 -0.03060918
v 0.06316508 -0.07092699 -0.03205852
v 0.06191247 -0.06979367 -0.03500632
v 0.07441073 -0.06343068 -0.02461531
v 0.07360350 -0.06576560 -0.02316598
v 0.08470996 -0.05278019 -0.01815471
v 0.08586514 -0.04835614 -0.02024274
v 0.08778580 -0.04805574 -0.01692646
v 0.08863480 -0.04910713 -0.01429800
v 0.08587906 -0.05176976 -0.01700015
v 0.08195422 -0.05482836 -0.02105338
v 0.07875311 -0.06005803 -0.02122534
v 0.07782061 -0.06262507 -0.02004621
v 0.07699945 -0.06516480 -0.01844949
v 0.07634532 -0.06375839 -0.02115164
v 0.09417412 -0.03669521 -0.01353648
v 0.09303285 -0.04236182 -0.01137476
v 0.09254573 -0.04008152 -0.01417517
v 0.09102868 -0.04010883 -0.01714754
v 0.08960906 -0.04394574 -0.01690189
v 0.08853738 -0.04505175 -0.01803188
v 0.09477258 -0.04013614 -0.00940955
v 0.09775101 -0.03664059 -0.00572480
v 0.10814767 -0.00003293 0.00574707
v 0.10850953 -0.00003293 0.00690163
v 0.10887139 -0.00003293 0.00810531
v 0.10938636 -0.00158954 0.00987400
v 0.10905233 -0.00979589 0.01036530
v 0.10888532 -0.01311393 0.01083203
v 0.10731259 -0.02147047 0.00989856
v 0.10320682 -0.03339083 0.00594359
v 0.10181503 -0.03341814 0.00208688
v 0.10562853 -0.02884389 0.00989856
v 0.10869046 -0.02331382 0.01574504
v 0.10798066 -0.02454273 0.01422201
v 0.10683939 -0.02880292 0.01380440
v 0.10141141 -0.03623096 0.00329057
v 0.09797369 -0.04028634 -0.00174526
v 0.09683243 -0.04181564 -0.00309634
v 0.09953250 -0.04013614 0.00218514
v 0.09784844 -0.04461481 0.00233253
v -0.00554748 -0.10343830 -0.03679957
v -0.00977851 -0.10377967 -0.03684870
v -0.00975068 -0.10507684 -0.03466241
v -0.01341108 -0.10518608 -0.03490806
v -0.01342500 -0.10633305 -0.03296742
v -0.01693230 -0.10513146 -0.03488349
v -0.01925659 -0.10453066 -0.03576784
v 0.00636623 -0.02432425 -0.15296762
v 0.00952558 -0.09811306 -0.04068084
v 0.00959517 -0.10021585 -0.03736456
v 0.00956734 -0.10145841 -0.03542393
v 0.00571208 -0.10072107 -0.03807695
v 0.00572600 -0.09915080 -0.04050889
v 0.00171765 -0.10010661 -0.04033693
v -0.00209585 -0.10312426 -0.03670131
v 0.00571208 -0.10192265 -0.03616088
v 0.00150889 -0.10428488 -0.03365525
v 0.10425066 -0.06816879 0.09793964
v 0.10205163 -0.07184184 0.09793964
v 0.10121657 -0.07323460 0.09793964
v 0.10102171 -0.07354865 0.09793964
v 0.10078511 -0.07391732 0.09793964
v 0.09953250 -0.07563779 0.09555684
v 0.09932373 -0.07561048 0.09170013
v 0.09905929 -0.07559683 0.08781885
v 0.09875310 -0.07558317 0.08388845
v 0.10056242 -0.07279766 0.08383931
v 0.10038149 -0.07248360 0.07998261
v 0.10017272 -0.07214224 0.07610134
v 0.10234391 -0.06780011 0.07209722
v 0.10175935 -0.06713104 0.06428555
v 0.10351301 -0.06396321 0.06426098
v 0.10297022 -0.06394955 0.06037971
v 0.10238566 -0.06392224 0.05649843
v 0.10412539 -0.06050862 0.05649843
v 0.10509965 -0.05852872 0.05649843
v 0.10490480 -0.05811909 0.05409106
v 0.10470995 -0.05764118 0.05153630
v 0.10450118 -0.05704039 0.04876045
v 0.10579554 -0.05252075 0.04455983
v 0.10550327 -0.05161956 0.04080138
v 0.10745177 -0.04871115 0.04470722
v 0.10667237 -0.04877943 0.04075225
v 0.10828684 -0.04436903 0.04062942
v 0.10882964 -0.04214335 0.03925378
v 0.10860696 -0.04155621 0.03706749
v 0.10905233 -0.03841568 0.03407056
v 0.10942810 -0.03665425 0.03303883
v 0.10906625 -0.03594421 0.03016471
v 0.11047195 -0.03328159 0.03338274
v 0.11240653 -0.02657724 0.03500403
v 0.11322769 -0.02496601 0.03719032
v 0.11201683 -0.03310408 0.04121898
v 0.11381224 -0.02167528 0.03711662
v 0.11445246 -0.01723758 0.03704293
v 0.11428545 -0.01335971 0.03321078
v 0.11457772 -0.01028745 0.03316165
v 0.11502309 -0.00167147 0.03321078
v 0.11538496 -0.00003293 0.03512685
v 0.00798070 -0.13197617 0.05445953
v 0.01741702 -0.13009186 0.05654756
v 0.01741702 -0.13066534 0.06037971
v 0.01436901 -0.13189425 0.06423642
v 0.03041632 -0.12797541 0.07121289
v 0.03264318 -0.12621397 0.06440837
v 0.03262926 -0.12671920 0.06833878
v 0.03230915 -0.12736095 0.07241658
v 0.03656802 -0.12557222 0.07224461
v 0.03654018 -0.12605012 0.07617502
v 0.03350609 -0.12774328 0.08010543
v 0.03648451 -0.12689670 0.08396214
v 0.03649843 -0.12648707 0.08008087
v 0.04070163 -0.12573608 0.09172470
v 0.04047894 -0.12512162 0.08391302
v 0.03882271 -0.12710152 0.09793964
v 0.03748660 -0.12771598 0.09793964
v 0.02084082 -0.13021475 0.06431011
v -0.01925659 -0.13313680 0.04880958
v -0.01682096 -0.13252235 0.04492830
v -0.01343891 -0.13259063 0.04490374
v -0.01132340 -0.13212637 0.04269288
v -0.00519953 -0.13229021 0.04573895
v -0.00181749 -0.13254965 0.04873588
v -0.00183141 -0.13212637 0.04627938
v -0.00035611 -0.13201713 0.04664785
v 0.00548940 -0.13151191 0.04910436
v 0.00658891 -0.13178501 0.05185564
v 0.01655411 -0.01817974 -0.15296762
v 0.06173154 -0.07360327 -0.03083027
v 0.07136271 -0.06743145 -0.02468901
v 0.07001268 -0.07008041 -0.02363271
v 0.06896884 -0.07266111 -0.02193772
v 0.06777190 -0.07156875 -0.02500835
v 0.07410453 -0.06726759 -0.02053752
v 0.07257357 -0.06841457 -0.02159381
v 0.08540585 -0.05403640 -0.01555081
v 0.08466820 -0.05679461 -0.01402778
v 0.08337384 -0.05594803 -0.01729493
v 0.08924718 -0.04658105 -0.01542799
v 0.08973431 -0.04798746 -0.01314344
v 0.08927503 -0.05040431 -0.01171867
v 0.08785540 -0.05176976 -0.01314344
v 0.08130007 -0.05783234 -0.01906361
v 0.08203773 -0.05904759 -0.01643515
v 0.08077120 -0.06018092 -0.01746689
v 0.08121657 -0.06176483 -0.01488756
v 0.07864176 -0.06388128 -0.01709841
v 0.07333905 -0.06953423 -0.01898992
v 0.07776494 -0.06622985 -0.01582103
v 0.07605304 -0.06751337 -0.01707385
v 0.09161322 -0.04397305 -0.01292235
v 0.09474475 -0.04446461 -0.00557741
v 0.09338080 -0.04401401 -0.00909021
v 0.09304677 -0.04651278 -0.00759174
v 0.09247613 -0.04510637 -0.01014651
v 0.11061112 -0.00003293 0.01424657
v 0.11062505 -0.00164416 0.01424657
v 0.11013792 -0.00985051 0.01417288
v 0.10983173 -0.01312758 0.01412375
v 0.10845386 -0.01888977 0.01245333
v 0.10827293 -0.02140220 0.01319028
v 0.10445942 -0.03332256 0.00984943
v 0.10487696 -0.03466069 0.01235507
v 0.10345734 -0.03666790 0.00980030
v 0.10198204 -0.03688637 0.00559968
v 0.10958121 -0.02134758 0.01788220
v 0.11054154 -0.02136123 0.02171434
v 0.10992915 -0.02470658 0.02171434
v 0.10899666 -0.02447445 0.01790676
v 0.10845386 -0.02540296 0.01662938
v 0.10800848 -0.02855714 0.01780850
v 0.10678371 -0.03326794 0.01766111
v 0.10564244 -0.03329525 0.01368158
v 0.10068768 -0.04034095 0.00562425
v 0.09921239 -0.04460116 0.00601729
v 0.09736131 -0.04311282 -0.00046788
v 0.09628963 -0.04456019 -0.00172070
v 0.09727781 -0.04722281 0.00368361
v 0.09680460 -0.04608949 0.00115341
v -0.00206801 -0.10466721 -0.03414655
v -0.00551964 -0.10488568 -0.03436763
v -0.00975068 -0.10621016 -0.03272177
v -0.00976460 -0.10803987 -0.02950375
v -0.01343891 -0.10816276 -0.02970027
v -0.01698797 -0.10812179 -0.02965114
v -0.01696014 -0.10627844 -0.03291829
v -0.01925659 -0.10509050 -0.03480980
v 0.00841215 -0.02370980 -0.15296762
v 0.01352002 -0.09639260 -0.04141780
v 0.01350610 -0.09767612 -0.03947716
v 0.01336692 -0.09973795 -0.03633283
v 0.01463345 -0.10069376 -0.03424481
v 0.01332516 -0.10196362 -0.03282003
v 0.00955342 -0.10312426 -0.03267264
v 0.00763275 -0.10480376 -0.03068287
v 0.00152280 -0.10541820 -0.03171461
v 0.09979694 -0.07541931 0.09793964
v 0.09635922 -0.08037589 0.09560597
v 0.09751441 -0.07831407 0.09174926
v 0.09691593 -0.07973413 0.09793964
v 0.09736131 -0.07810925 0.08784341
v 0.09720821 -0.07786347 0.08393758
v 0.09840515 -0.07554221 0.08003173
v 0.09789019 -0.07503699 0.07224461
v 0.09995003 -0.07175992 0.07217093
v 0.10181503 -0.06795031 0.06855987
v 0.09988045 -0.07113181 0.06860900
v 0.09908713 -0.07150048 0.06435925
v 0.09851650 -0.07148682 0.06042884
v 0.10035365 -0.06848284 0.06037971
v 0.10146708 -0.06666679 0.06037971
v 0.10116090 -0.06617523 0.05649843
v 0.10097996 -0.06587484 0.05433671
v 0.10170368 -0.06407244 0.05288737
v 0.10393055 -0.05966204 0.05273998
v 0.10308156 -0.05998975 0.04876045
v 0.10182895 -0.05947089 0.04097333
v 0.10429241 -0.05578418 0.04460895
v 0.10348518 -0.05596168 0.04089963
v 0.10526666 -0.05097780 0.03814835
v 0.10503006 -0.05032238 0.03561815
v 0.10583730 -0.04894328 0.03689554
v 0.10750744 -0.04457385 0.03699380
v 0.10671412 -0.04460116 0.03316165
v 0.10830076 -0.03998594 0.03296513
v 0.10747961 -0.04009517 0.02937863
v 0.10874613 -0.03512495 0.02756082
v 0.11165497 -0.02850253 0.03357925
v 0.10946986 -0.03362295 0.02910842
v 0.11070855 -0.02883023 0.02950146
v 0.11179414 -0.02458369 0.02982080
v 0.11214210 -0.02543027 0.03240013
v 0.11255963 -0.02463830 0.03355469
v 0.11236478 -0.02346402 0.03131927
v 0.11306068 -0.02159336 0.03330904
v 0.11349213 -0.01338702 0.02935407
v 0.11377049 -0.01026014 0.02930494
v 0.11421585 -0.00167147 0.02930494
v 0.11502309 -0.00003293 0.03328448
v 0.11463339 -0.00003293 0.03136840
v 0.00587910 -0.13074727 0.04487917
v 0.00979002 -0.13000993 0.04490374
v 0.00979002 -0.13065168 0.04876045
v 0.01743094 -0.12949106 0.05271542
v 0.02077123 -0.12912238 0.05659670
v 0.02079906 -0.12968222 0.06042884
v 0.02984569 -0.12778425 0.06836334
v 0.02896886 -0.12701960 0.06050254
v 0.03265710 -0.12568146 0.06050254
v 0.03862786 -0.12400195 0.06654554
v 0.03894798 -0.12417946 0.06914943
v 0.03972738 -0.12464371 0.07615046
v 0.03930984 -0.12438428 0.07222005
v 0.04011708 -0.12488949 0.08005631
v 0.04438987 -0.12364693 0.08747495
v 0.04508576 -0.12370155 0.09165099
v 0.04462647 -0.12282767 0.08000717
v 0.04464039 -0.12319634 0.08386388
v 0.04553113 -0.12397464 0.09793964
v 0.02878793 -0.12759308 0.06431011
v -0.01925659 -0.13265890 0.04615655
v -0.01925659 -0.13239947 0.04473178
v -0.01683488 -0.13209905 0.04269288
v -0.01345283 -0.13214002 0.04247180
v -0.01346675 -0.13177135 0.04053116
v -0.01349458 -0.13111593 0.03719032
v -0.01352242 -0.13033763 0.03328448
v -0.00966717 -0.13093843 0.03714118
v -0.00526912 -0.13069265 0.03714118
v -0.00524129 -0.13144364 0.04099790
v -0.00521345 -0.13194886 0.04379831
v -0.00187316 -0.13119787 0.04102246
v 0.00167590 -0.13067900 0.04104702
v 0.00589302 -0.13005089 0.04104702
v 0.01580255 -0.01898535 -0.15296762
v 0.06635228 -0.07410848 -0.02375554
v 0.06253878 -0.07443619 -0.02864398
v 0.06156453 -0.07705785 -0.02662964
v 0.06077121 -0.07627955 -0.02861941
v 0.05933767 -0.07491410 -0.03213221
v 0.05811290 -0.07378078 -0.03508002
v 0.07249006 -0.07225148 -0.01695102
v 0.06987350 -0.07360327 -0.01933383
v 0.06512751 -0.07666187 -0.02210968
v 0.06749355 -0.07513257 -0.02073404
v 0.08586514 -0.05557935 -0.01299605
v 0.08533626 -0.05794158 -0.01147302
v 0.08327641 -0.05986686 -0.01319257
v 0.09169674 -0.04793285 -0.00911477
v 0.09251788 -0.04897059 -0.00624067
v 0.09161322 -0.05164686 -0.00523350
v 0.08972040 -0.05175610 -0.00923760
v 0.08771622 -0.05555205 -0.00923760
v 0.08189855 -0.06278892 -0.01238192
v 0.08057635 -0.06396321 -0.01346279
v 0.07396536 -0.07032619 -0.01697559
v 0.07319987 -0.07315267 -0.01466647
v 0.08110523 -0.06536962 -0.01068694
v 0.07834949 -0.06756799 -0.01297149
v 0.07754225 -0.06969809 -0.01157128
v 0.07683244 -0.06878324 -0.01407691
v 0.09467516 -0.04849268 -0.00164700
v 0.11210035 -0.00003293 0.01974914
v 0.11172456 -0.00182167 0.01847176
v 0.11119568 -0.00993243 0.01812785
v 0.11211426 -0.00112530 0.01984740
v 0.11088948 -0.01314124 0.01807872
v 0.10522491 -0.03605345 0.01498353
v 0.10458469 -0.03677714 0.01368158
v 0.10340167 -0.04006787 0.01370614
v 0.10141141 -0.04305820 0.01083203
v 0.10099388 -0.04197950 0.00827727
v 0.11183590 -0.01319585 0.02193543
v 0.11144620 -0.02142950 0.02557105
v 0.10876005 -0.03130169 0.02348303
v 0.10881572 -0.02675475 0.01918414
v 0.11083381 -0.02474754 0.02559562
v 0.10842602 -0.03008644 0.02090370
v 0.10799457 -0.03287196 0.02193543
v 0.10683939 -0.03653136 0.02151783
v 0.10045108 -0.04457385 0.00965291
v 0.09886444 -0.04865654 0.00984943
v 0.09765359 -0.04851999 0.00623837
v 0.09679067 -0.04959870 0.00510838
v 0.09624788 -0.04846537 0.00233253
v -0.00204017 -0.10578688 -0.03220591
v -0.00553356 -0.10601900 -0.03242699
v -0.00551964 -0.10782139 -0.02920897
v -0.00551964 -0.10894106 -0.02717008
v -0.00979243 -0.10917319 -0.02744029
v -0.01342500 -0.10929607 -0.02761225
v -0.01694622 -0.10925511 -0.02756312
v -0.01925659 -0.10920049 -0.02751399
v -0.01925659 -0.10806718 -0.02957745
v -0.01925659 -0.10709771 -0.03129700
v -0.01925659 -0.10622383 -0.03284460
v -0.01925659 -0.10570495 -0.03375351
v 0.00864876 -0.02361422 -0.15296762
v 0.02104959 -0.09426249 -0.04063171
v 0.02103567 -0.09635163 -0.03753652
v 0.01851653 -0.09685684 -0.03827347
v 0.01619225 -0.09725282 -0.03883847
v 0.01731959 -0.09820864 -0.03682413
v 0.01723609 -0.10028412 -0.03360611
v 0.01720825 -0.10152668 -0.03164091
v 0.01340867 -0.10402545 -0.02933180
v 0.00953950 -0.10455797 -0.03026527
v 0.00959517 -0.10565033 -0.02832463
v 0.00864876 -0.10861335 -0.02328880
v 0.00576775 -0.10790333 -0.02576987
v 0.00606003 -0.10596438 -0.02918441
v 0.00153672 -0.10701578 -0.02886506
v -0.00087107 -0.10861335 -0.02682617
v 0.09435505 -0.08301120 0.09558140
v 0.09421587 -0.08288832 0.09170013
v 0.09406278 -0.08273812 0.08776972
v 0.09622004 -0.08019838 0.09174926
v 0.09641489 -0.08045782 0.09793964
v 0.09425762 -0.08329795 0.09793964
v 0.09606694 -0.08000722 0.08781885
v 0.09588601 -0.07978875 0.08391302
v 0.09702728 -0.07757672 0.08008087
v 0.09787627 -0.07577433 0.07656807
v 0.09659583 -0.07694861 0.07226919
v 0.09634530 -0.07659360 0.06836334
v 0.09765359 -0.07465466 0.06831422
v 0.09740306 -0.07421772 0.06440837
v 0.09713862 -0.07372616 0.06047797
v 0.09697160 -0.07345307 0.05831625
v 0.09677676 -0.07311171 0.05573692
v 0.10003355 -0.06801859 0.05649843
v 0.09983869 -0.06734952 0.05288737
v 0.10077119 -0.06545154 0.05175738
v 0.10052066 -0.06493268 0.04878501
v 0.10153667 -0.06299374 0.04878501
v 0.10127224 -0.06243390 0.04581264
v 0.10103563 -0.06192869 0.04320875
v 0.10081294 -0.06149175 0.04099790
v 0.10143925 -0.05865161 0.03711662
v 0.10121657 -0.05816005 0.03493033
v 0.10359652 -0.05223401 0.03313708
v 0.10477954 -0.04963966 0.03311252
v 0.10550327 -0.04775534 0.03311252
v 0.10523883 -0.04709992 0.03075428
v 0.10580946 -0.04479232 0.02942777
v 0.10537801 -0.04334494 0.02539910
v 0.10653319 -0.04009517 0.02542366
v 0.10778580 -0.03651770 0.02547279
v 0.10850953 -0.03422375 0.02552193
v 0.10984565 -0.02878927 0.02557105
v 0.11211426 -0.02148412 0.02869081
v 0.11251788 -0.02153874 0.03063145
v 0.11260139 -0.01329143 0.02527628
v 0.11226736 -0.01232196 0.02321281
v 0.11290758 -0.01019187 0.02537453
v 0.11335295 -0.00168513 0.02527628
v 0.11378441 -0.00003293 0.02736430
v 0.00977611 -0.12929990 0.04107159
v 0.01627575 -0.12803002 0.04252093
v 0.01740310 -0.12886295 0.04883414
v 0.01905933 -0.12800272 0.04637764
v 0.01976914 -0.12820754 0.04890784
v 0.02899669 -0.12645976 0.05662126
v 0.02093824 -0.12845331 0.05271542
v 0.02230220 -0.12781156 0.05141347
v 0.03772320 -0.12355135 0.06047797
v 0.03265710 -0.12510797 0.05664582
v 0.04586516 -0.12020601 0.06305729
v 0.04451513 -0.12150318 0.06828966
v 0.04457080 -0.12196743 0.07219549
v 0.04461255 -0.12240438 0.07612590
v 0.04853739 -0.12189916 0.09167557
v 0.04818945 -0.12139395 0.08386388
v 0.04702035 -0.12076584 0.07219549
v 0.04745180 -0.12098431 0.07612590
v 0.04784150 -0.12120278 0.08000717
v 0.04671415 -0.12334653 0.09793964
v 0.04857915 -0.12217225 0.09553228
v -0.01925659 -0.13173039 0.04119441
v -0.01686271 -0.13173039 0.04075225
v -0.01689055 -0.13103401 0.03719032
v -0.01693230 -0.13025570 0.03328448
v -0.01355026 -0.12953201 0.02940320
v -0.00969501 -0.13014647 0.03323534
v -0.00531088 -0.12990068 0.03323534
v -0.00188708 -0.13046052 0.03716575
v 0.00589302 -0.12928624 0.03723945
v 0.00792503 -0.12772962 0.03139297
v 0.01475871 -0.01976366 -0.15296762
v 0.05456384 -0.07387636 -0.03915781
v 0.05431331 -0.07741287 -0.03498176
v 0.05164108 -0.07881928 -0.03613631
v 0.05015187 -0.08122247 -0.03468698
v 0.04633837 -0.08122247 -0.03866651
v 0.06249702 -0.07801367 -0.02402575
v 0.06120266 -0.08059436 -0.02218337
v 0.06010315 -0.07940642 -0.02522944
v 0.05758402 -0.08082649 -0.02643312
v 0.05471693 -0.08186423 -0.02859485
v 0.05887838 -0.07805463 -0.02861941
v 0.05800155 -0.07723536 -0.03080570
v 0.05686029 -0.07623859 -0.03345873
v 0.07062507 -0.07447716 -0.01695102
v 0.06887142 -0.07637513 -0.01695102
v 0.06600433 -0.07761769 -0.01953035
v 0.08585122 -0.05877450 -0.00945868
v 0.08462645 -0.06078171 -0.00945868
v 0.09306069 -0.05019949 -0.00363677
v 0.08862088 -0.05698577 -0.00562654
v 0.08909409 -0.05787331 -0.00351395
v 0.08262228 -0.06400417 -0.00943412
v 0.06955339 -0.07708516 -0.01488756
v 0.07535715 -0.07144586 -0.01311888
v 0.07665151 -0.07248360 -0.00940955
v 0.07393752 -0.07398560 -0.01216084
v 0.07294935 -0.07652533 -0.01004825
v 0.07176633 -0.07552855 -0.01353648
v 0.08177328 -0.06628447 -0.00818130
v 0.08020057 -0.06758165 -0.00943412
v 0.07809897 -0.07049005 -0.00943412
v 0.09349214 -0.05096414 -0.00164700
v 0.11332512 -0.00003293 0.02527628
v 0.11193333 -0.01002801 0.02112478
v 0.11243438 -0.00183532 0.02132130
v 0.10564244 -0.03672252 0.01731720
v 0.10441767 -0.04012248 0.01731720
v 0.10287279 -0.04454654 0.01761198
v 0.10177328 -0.04454654 0.01387810
v 0.10084078 -0.04607584 0.01269898
v 0.10504398 -0.04258029 0.02296716
v 0.10469603 -0.04167910 0.02038783
v 0.09761184 -0.05136012 0.00984943
v 0.09723605 -0.05060912 0.00763858
v 0.10024231 -0.04845172 0.01387810
v 0.09428546 -0.05230228 0.00203775
v -0.00190100 -0.10779409 -0.02857028
v -0.00273607 -0.10877721 -0.02699812
v -0.00550573 -0.11008803 -0.02500835
v -0.00980635 -0.11044306 -0.02503292
v -0.01345283 -0.11067518 -0.02503292
v -0.01696014 -0.11056595 -0.02505748
v -0.01925659 -0.11048401 -0.02505748
v 0.00990137 -0.02298611 -0.15296762
v 0.02952557 -0.09237818 -0.03780674
v 0.02511361 -0.09342957 -0.03920694
v 0.02335995 -0.09714359 -0.03483437
v 0.02100783 -0.09763515 -0.03557132
v 0.01954645 -0.10113070 -0.03100222
v 0.01692990 -0.10354754 -0.02834920
v 0.01559378 -0.10481741 -0.02687530
v 0.01343651 -0.10511780 -0.02741573
v 0.01350610 -0.10649690 -0.02486096
v 0.00977611 -0.10756196 -0.02471357
v 0.01356177 -0.10795794 -0.02203598
v 0.00981786 -0.10937801 -0.02120077
v 0.00965084 -0.11160368 -0.01677907
v 0.00837040 -0.11261412 -0.01532973
v 0.00580951 -0.11040210 -0.02097969
v 0.00579559 -0.10894106 -0.02380467
v 0.00153672 -0.10835392 -0.02645769
v 0.00153672 -0.10939166 -0.02449249
v -0.00190100 -0.10956917 -0.02530313
v 0.09120961 -0.08701197 0.09553228
v 0.09278233 -0.08471801 0.09165099
v 0.09098692 -0.08699832 0.09165099
v 0.08917760 -0.08904648 0.08902254
v 0.09261531 -0.08456782 0.08772060
v 0.09243438 -0.08437665 0.08381475
v 0.09388184 -0.08253330 0.08386388
v 0.09151580 -0.08677984 0.09793964
v 0.09370090 -0.08228752 0.08000717
v 0.09569117 -0.07951565 0.08005631
v 0.09570508 -0.07895582 0.07656807
v 0.09677676 -0.07722171 0.07553634
v 0.09498135 -0.07929719 0.07224461
v 0.09449423 -0.07926987 0.06833878
v 0.09289367 -0.08115420 0.06615249
v 0.09384009 -0.07948835 0.06467859
v 0.09608086 -0.07618397 0.06443293
v 0.09580251 -0.07571971 0.06050254
v 0.09567725 -0.07503699 0.05684234
v 0.09441072 -0.07580164 0.05237151
v 0.09424371 -0.07509160 0.04878501
v 0.09652624 -0.07267476 0.05271542
v 0.09889228 -0.06769088 0.04878501
v 0.09779277 -0.06698084 0.04104702
v 0.09947683 -0.06404514 0.04102246
v 0.10031190 -0.06384032 0.04465809
v 0.10039541 -0.06072710 0.03716575
v 0.10003355 -0.05979859 0.03350556
v 0.10092429 -0.05751829 0.03232644
v 0.10273361 -0.05217939 0.02925581
v 0.10333208 -0.04871115 0.02537453
v 0.10437592 -0.04849268 0.02937863
v 0.10490480 -0.04640355 0.02817495
v 0.10454294 -0.04559793 0.02539910
v 0.11232303 -0.01010994 0.02281977
v 0.00876010 -0.12797541 0.03345643
v 0.01004055 -0.12841234 0.03701836
v 0.01727784 -0.12678747 0.03728857
v 0.01818250 -0.12778425 0.04379831
v 0.01729176 -0.12822118 0.04502657
v 0.01725000 -0.12753846 0.04119441
v 0.02075731 -0.12654168 0.04114529
v 0.02052070 -0.12732000 0.04507569
v 0.02167589 -0.12760674 0.04890784
v 0.02902453 -0.12584530 0.05278911
v 0.03143232 -0.12437062 0.04890784
v 0.04079906 -0.12214495 0.06047797
v 0.03708298 -0.12323731 0.05662126
v 0.04077122 -0.12158511 0.05662126
v 0.03272669 -0.12453447 0.05313302
v 0.03628966 -0.12303249 0.05313302
v 0.04544763 -0.12001484 0.06045340
v 0.04803635 -0.11800763 0.05657213
v 0.04809202 -0.11858112 0.06045340
v 0.05397928 -0.11621890 0.06664380
v 0.04779975 -0.11931847 0.06435925
v 0.04622703 -0.12036986 0.06566119
v 0.04654714 -0.12053372 0.06828966
v 0.05265709 -0.11963252 0.09174926
v 0.05228131 -0.11915462 0.08393758
v 0.05427156 -0.11639641 0.06927226
v 0.05457775 -0.11660122 0.07229375
v 0.05221172 -0.11837631 0.07617502
v 0.05223955 -0.11878594 0.08005631
v 0.04860698 -0.12232245 0.09793964
v 0.05292153 -0.11976906 0.09560597
v -0.01925659 -0.13147096 0.03984334
v -0.01925659 -0.13096574 0.03721488
v -0.01925659 -0.13017378 0.03330904
v -0.01696014 -0.12943643 0.02940320
v -0.01697406 -0.12856255 0.02557105
v -0.01356418 -0.12865813 0.02559562
v -0.00979243 -0.12846697 0.02557105
v -0.00973676 -0.12932721 0.02937863
v -0.00192883 -0.12965491 0.03330904
v -0.00536655 -0.12906776 0.02937863
v 0.00164806 -0.12912238 0.03335817
v 0.00585126 -0.12848062 0.03340730
v 0.00177333 -0.12822118 0.02930494
v 0.00038154 -0.12786617 0.02677474
v 0.00578167 -0.12676016 0.02569388
v 0.00974827 -0.12506700 0.02186174
v 0.00974827 -0.12599551 0.02569388
v 0.01372878 -0.12596820 0.02955059
v 0.01729176 -0.12599551 0.03343187
v 0.01331125 -0.02084236 -0.15296762
v 0.05541283 -0.07866908 -0.03203395
v 0.05389578 -0.08114054 -0.03058462
v 0.05274059 -0.08010280 -0.03326220
v 0.05346432 -0.08462243 -0.02626117
v 0.04974825 -0.08473167 -0.03024071
v 0.04708993 -0.08579672 -0.03166548
v 0.04585124 -0.08481359 -0.03431850
v 0.04778583 -0.08194616 -0.03618544
v 0.06363829 -0.07911968 -0.02085686
v 0.06214908 -0.08148190 -0.01960405
v 0.05450817 -0.08552363 -0.02365727
v 0.05603913 -0.08318871 -0.02505748
v 0.05965778 -0.08291563 -0.02078317
v 0.06664455 -0.07902409 -0.01655798
v 0.06565639 -0.08114054 -0.01501038
v 0.06477956 -0.08023934 -0.01761428
v 0.08672805 -0.06018092 -0.00582306
v 0.08519709 -0.06162829 -0.00722327
v 0.09056939 -0.05628939 -0.00199091
v 0.08970648 -0.05880181 -0.00088549
v 0.08849562 -0.06004437 -0.00201548
v 0.08445943 -0.06390859 -0.00582306
v 0.07031887 -0.07791809 -0.01240649
v 0.06913585 -0.08064898 -0.01024477
v 0.06848172 -0.07921526 -0.01343822
v 0.07724998 -0.07331652 -0.00710044
v 0.07452207 -0.07533738 -0.00904108
v 0.07365917 -0.07726267 -0.00756718
v 0.07141839 -0.07895582 -0.00891826
v 0.08501615 -0.06527404 -0.00282613
v 0.08224649 -0.06763626 -0.00525807
v 0.08089646 -0.06879689 -0.00631436
v 0.09239263 -0.05594803 0.00198862
v 0.10156451 -0.04789189 0.01761198
v 0.10123048 -0.04704531 0.01530287
v 0.10406972 -0.04427344 0.02161609
v 0.10209338 -0.04902521 0.02117391
v 0.09523187 -0.05598899 0.00980030
v 0.09823814 -0.05243883 0.01341136
v 0.09645664 -0.05594803 0.01343593
v 0.09335296 -0.05821467 0.00766315
v 0.09287976 -0.05736809 0.00515751
v 0.09605303 -0.05189264 0.00621381
v 0.10079902 -0.04974889 0.01761198
v -0.00192883 -0.11190408 -0.02070947
v -0.00546397 -0.11191774 -0.02134816
v -0.00982027 -0.11209524 -0.02174120
v -0.01349458 -0.11217718 -0.02201142
v -0.01700189 -0.11210890 -0.02193772
v -0.01925659 -0.11254584 -0.02088143
v 0.01215606 -0.02159336 -0.15296762
v 0.03890622 -0.08911476 -0.03483437
v 0.03733350 -0.08821356 -0.03746283
v 0.03247616 -0.08966094 -0.03937890
v 0.03031889 -0.08890994 -0.04220387
v 0.03143232 -0.09321110 -0.03515371
v 0.02914979 -0.09605124 -0.03252525
v 0.02857916 -0.09367535 -0.03650479
v 0.02489092 -0.09549140 -0.03628371
v 0.02484917 -0.09792190 -0.03259895
v 0.02214910 -0.10061183 -0.03016701
v 0.02092432 -0.09968333 -0.03242699
v 0.02085473 -0.10192265 -0.02879137
v 0.01790415 -0.10444874 -0.02623660
v 0.01695773 -0.10547282 -0.02491009
v 0.01736135 -0.10756196 -0.02073404
v 0.01630359 -0.10858605 -0.01933383
v 0.01358961 -0.10895472 -0.02007078
v 0.01363136 -0.11045671 -0.01702471
v 0.00583734 -0.11285990 -0.01582103
v 0.00582343 -0.11194505 -0.01781080
v 0.01740310 -0.11127598 -0.01311888
v 0.00967868 -0.11321491 -0.01326627
v 0.00977611 -0.11489441 -0.00933586
v 0.00722913 -0.11634179 -0.00719870
v 0.00587910 -0.11404784 -0.01319257
v 0.00153672 -0.11116674 -0.02100425
v 0.09079208 -0.08769470 0.09793964
v 0.08940028 -0.08929226 0.09553228
v 0.08927503 -0.08914207 0.09162643
v 0.08553111 -0.09295167 0.08769602
v 0.08774406 -0.09050751 0.08769602
v 0.08905234 -0.08892360 0.08639408
v 0.09040237 -0.08736698 0.08772060
v 0.08567029 -0.09312917 0.09160187
v 0.08381921 -0.09517735 0.09160187
v 0.09049980 -0.08682080 0.08379019
v 0.08871831 -0.08858224 0.07995804
v 0.08850954 -0.08832280 0.07612590
v 0.09349214 -0.08200078 0.07615046
v 0.09328337 -0.08168672 0.07222005
v 0.09303285 -0.08134536 0.06831422
v 0.08770230 -0.08728506 0.06431011
v 0.09027711 -0.08331161 0.06042884
v 0.09247613 -0.08055340 0.06047797
v 0.09379833 -0.07866908 0.06050254
v 0.08827294 -0.08800874 0.07222005
v 0.08799458 -0.08765373 0.06826508
v 0.09351997 -0.07816387 0.05657213
v 0.09329729 -0.07772692 0.05342780
v 0.09310244 -0.07733094 0.05084848
v 0.09616437 -0.07210128 0.04880958
v 0.09292151 -0.07703055 0.04876045
v 0.09388184 -0.07449081 0.04485461
v 0.09802937 -0.06788205 0.04497743
v 0.09592777 -0.07125470 0.04497743
v 0.09354781 -0.07402656 0.04183311
v 0.09324162 -0.07361692 0.03925378
v 0.09743090 -0.06643466 0.03792727
v 0.09832164 -0.06446842 0.03684641
v 0.09793194 -0.06367646 0.03330904
v 0.09885053 -0.06015361 0.02935407
v 0.10054851 -0.05676730 0.02930494
v 0.10177328 -0.05223401 0.02549736
v 0.10142533 -0.05120992 0.02223021
v 0.10106347 -0.05048624 0.01965088
v 0.02075731 -0.12579069 0.03728857
v 0.02905237 -0.12372887 0.04085050
v 0.03023539 -0.12398830 0.04424048
v 0.03095911 -0.12420677 0.04686894
v 0.03257359 -0.12326461 0.04527221
v 0.03336691 -0.12356501 0.04890784
v 0.03680462 -0.12213128 0.04890784
v 0.03981088 -0.12077949 0.04890784
v 0.04089648 -0.12095700 0.05305933
v 0.04479348 -0.11971445 0.05659670
v 0.04743788 -0.11698355 0.04885871
v 0.04830079 -0.11717471 0.05261715
v 0.05267100 -0.11535867 0.05659670
v 0.05319988 -0.11571368 0.06047797
v 0.05370093 -0.11604139 0.06440837
v 0.05601129 -0.11399322 0.06055166
v 0.06081296 -0.11160368 0.06458032
v 0.06124442 -0.11189043 0.06851073
v 0.06156453 -0.11209524 0.07145854
v 0.05562160 -0.11721568 0.08396214
v 0.05591387 -0.11737953 0.08786799
v 0.05531540 -0.11703817 0.08010543
v 0.06181505 -0.11225910 0.07406244
v 0.05495354 -0.11683335 0.07622416
v 0.05306071 -0.11985099 0.09793964
v 0.05644275 -0.11732491 0.09145448
v 0.05609480 -0.11784378 0.09563053
v 0.05432723 -0.11908634 0.09793964
v -0.01925659 -0.12935451 0.02942777
v -0.01925659 -0.12849428 0.02559562
v -0.01697406 -0.12790714 0.02279521
v -0.01357809 -0.12793444 0.02257412
v -0.00983419 -0.12785252 0.02296716
v -0.00638255 -0.12775693 0.02345846
v -0.00368248 -0.12766135 0.02377781
v -0.00517170 -0.12809830 0.02525171
v -0.00199842 -0.12882198 0.02945233
v -0.00206801 -0.12803002 0.02601322
v -0.00206801 -0.12703324 0.02186174
v 0.00150889 -0.12650071 0.02186174
v 0.00579559 -0.12581799 0.02186174
v 0.00814771 -0.12390637 0.01586786
v 0.01473087 -0.12367425 0.02083000
v 0.01606698 -0.12398830 0.02333564
v 0.00952558 -0.12419312 0.01820155
v 0.01372878 -0.12506700 0.02564475
v 0.01729176 -0.12513527 0.02955059
v 0.02072948 -0.12499873 0.03345643
v 0.02054854 -0.12428870 0.02994363
v 0.04333211 -0.08572845 -0.03547306
v 0.03942118 -0.08561921 -0.03928064
v 0.05290761 -0.08810432 -0.02164294
v 0.04653322 -0.08927861 -0.02726834
v 0.04532237 -0.08841838 -0.02979853
v 0.04433420 -0.08706659 -0.03267264
v 0.06170371 -0.08489553 -0.01501038
v 0.06072945 -0.08406260 -0.01763884
v 0.05807114 -0.08526419 -0.01938296
v 0.05555201 -0.08668426 -0.02051295
v 0.05400712 -0.08890994 -0.01903905
v 0.06628269 -0.08172768 -0.01311888
v 0.06234393 -0.08549632 -0.01309431
v 0.08580947 -0.06259776 -0.00466850
v 0.09026319 -0.06011265 0.00230797
v 0.08902450 -0.06143713 0.00115341
v 0.08635227 -0.06396321 -0.00159787
v 0.06984566 -0.08142728 -0.00776370
v 0.06757705 -0.08291563 -0.00901651
v 0.07937941 -0.07148682 -0.00543002
v 0.07790412 -0.07408118 -0.00457024
v 0.07622005 -0.07536470 -0.00577393
v 0.07414629 -0.07786347 -0.00565110
v 0.07239263 -0.07987068 -0.00562654
v 0.08558678 -0.06620254 -0.00019767
v 0.08400014 -0.06755433 -0.00159787
v 0.08054851 -0.07227878 -0.00174526
v 0.09375657 -0.05880181 0.00975117
v 0.09964385 -0.05220670 0.01761198
v 0.09684635 -0.05732713 0.01682590
v 0.09435505 -0.06018092 0.01375527
v 0.09261531 -0.06079537 0.00967748
v 0.09193334 -0.05975762 0.00618924
v -0.00096850 -0.11258680 -0.01898992
v -0.00188708 -0.11343338 -0.01746689
v -0.00274998 -0.11272335 -0.01921100
v -0.00543614 -0.11285990 -0.01940752
v -0.00980635 -0.11302375 -0.01980057
v -0.01349458 -0.11310568 -0.02007078
v -0.01698797 -0.11303741 -0.01999708
v -0.01925659 -0.11361089 -0.01862144
v 0.03399321 -0.09244645 -0.03409742
v 0.04143928 -0.08830914 -0.03367981
v 0.04025626 -0.08993402 -0.03237786
v 0.03832167 -0.09250107 -0.03031440
v 0.03261534 -0.09164084 -0.03643109
v 0.03562160 -0.09329303 -0.03144439
v 0.03264318 -0.09416691 -0.03267264
v 0.03048591 -0.09674761 -0.03043723
v 0.02818946 -0.09730744 -0.03122330
v 0.02401409 -0.10136283 -0.02756312
v 0.02913587 -0.09827691 -0.02896332
v 0.02881576 -0.10028412 -0.02589269
v 0.02114701 -0.10403910 -0.02486096
v 0.02004750 -0.10513146 -0.02360815
v 0.01853045 -0.10825834 -0.01867057
v 0.01740310 -0.10932339 -0.01722124
v 0.00156456 -0.11325588 -0.01658254
v 0.00160631 -0.11478518 -0.01321714
v 0.02099391 -0.11015631 -0.01306975
v 0.02111918 -0.11179485 -0.00928673
v 0.01993616 -0.11273701 -0.00800935
v 0.01744485 -0.11230006 -0.01073607
v 0.01578863 -0.11251854 -0.01122737
v 0.01297722 -0.11287355 -0.01208714
v 0.01413240 -0.11359724 -0.00972890
v 0.01754228 -0.11449843 -0.00545458
v 0.00973435 -0.11605505 -0.00648632
v 0.00974827 -0.11681970 -0.00454568
v 0.00974827 -0.11796668 -0.00157331
v 0.00587910 -0.11870402 -0.00162244
v 0.00163415 -0.11792571 -0.00550371
v -0.00187316 -0.11849920 -0.00552828
v 0.00160631 -0.11687431 -0.00820587
v 0.00160631 -0.11608235 -0.01014651
v 0.00587910 -0.11578195 -0.00911477
v 0.08945596 -0.08937419 0.09793964
v 0.08579555 -0.09327937 0.09548314
v 0.08841211 -0.09053482 0.09793964
v 0.08365220 -0.09499984 0.08769602
v 0.08539194 -0.09278781 0.08460084
v 0.08674197 -0.09119024 0.08349541
v 0.08892707 -0.08880070 0.08379019
v 0.08393056 -0.09531389 0.09548314
v 0.08196813 -0.09737572 0.09548314
v 0.08182896 -0.09725282 0.09160187
v 0.08166195 -0.09710263 0.08772060
v 0.08682547 -0.09069868 0.07995804
v 0.08661671 -0.09045290 0.07612590
v 0.08640794 -0.09013884 0.07222005
v 0.08583731 -0.08949708 0.06428555
v 0.08551719 -0.08915572 0.06035515
v 0.08530843 -0.08892360 0.05789864
v 0.08764663 -0.08656137 0.06037971
v 0.09017969 -0.08261522 0.05649843
v 0.08984566 -0.08219194 0.05264172
v 0.09215602 -0.08008915 0.05654756
v 0.09207252 -0.07914699 0.05234695
v 0.09119569 -0.07940642 0.04876045
v 0.09251788 -0.07645705 0.04480547
v 0.09226737 -0.07547393 0.04065399
v 0.09127919 -0.07563779 0.03706749
v 0.09034670 -0.07574703 0.03360382
v 0.09299110 -0.07322094 0.03711662
v 0.09551023 -0.06778646 0.03328448
v 0.09638706 -0.06770453 0.03684641
v 0.09712470 -0.06597042 0.03537250
v 0.09690202 -0.06554712 0.03330904
v 0.09644273 -0.06465958 0.02940320
v 0.09718038 -0.06228371 0.02729061
v 0.09789019 -0.06020823 0.02576758
v 0.10011705 -0.05563398 0.02549736
v 0.09890620 -0.05594803 0.02151783
v 0.02319294 -0.12420677 0.03345643
v 0.02913587 -0.12297787 0.03716575
v 0.03296329 -0.12230880 0.04094877
v 0.03715257 -0.12121644 0.04473178
v 0.03921242 -0.12054737 0.04593547
v 0.04432028 -0.11862209 0.04888327
v 0.05200295 -0.11434824 0.04888327
v 0.05175242 -0.11518116 0.05261715
v 0.04676982 -0.11662853 0.04497743
v 0.05390969 -0.11219082 0.04325788
v 0.05484219 -0.11270970 0.04890784
v 0.05542674 -0.11303741 0.05278911
v 0.05626182 -0.11318760 0.05669495
v 0.05808506 -0.11225910 0.05804603
v 0.06033976 -0.11126232 0.06062536
v 0.06277538 -0.10895472 0.05669495
v 0.06322076 -0.10929607 0.06064992
v 0.06373571 -0.11010170 0.06851073
v 0.06337385 -0.11092096 0.07263766
v 0.05993614 -0.11444382 0.08401127
v 0.05993614 -0.11478518 0.08791711
v 0.06199598 -0.11236834 0.07634697
v 0.06228826 -0.11255950 0.08020370
v 0.06632444 -0.10869528 0.07241658
v 0.06395840 -0.11093462 0.07632241
v 0.06423676 -0.11115309 0.08020370
v 0.06303983 -0.11305106 0.09184752
v 0.05610872 -0.11799398 0.09793964
v -0.01925659 -0.12818023 0.02426911
v -0.01925659 -0.12786617 0.02296716
v -0.01925659 -0.12704690 0.01974914
v -0.01925659 -0.12659631 0.01798046
v -0.01696014 -0.12742922 0.02092826
v -0.01355026 -0.12680113 0.01805415
v -0.01357809 -0.12747019 0.02070718
v -0.00984810 -0.12738827 0.02107565
v -0.00521345 -0.12733364 0.02205825
v -0.00205409 -0.12607744 0.01807872
v -0.00209585 -0.12757943 0.02412172
v 0.00150889 -0.12553125 0.01805415
v 0.00010318 -0.12402926 0.01166725
v 0.00587910 -0.12262284 0.01009508
v 0.00980394 -0.12187185 0.01009508
v 0.00956734 -0.12315537 0.01432027
v 0.01350610 -0.12325095 0.01810328
v 0.01718041 -0.12336019 0.02193543
v 0.01737527 -0.12226783 0.01785763
v 0.01809900 -0.12371521 0.02444106
v 0.01715258 -0.12426139 0.02569388
v 0.01914284 -0.12404291 0.02704496
v 0.02265014 -0.12397464 0.03151579
v 0.02057638 -0.12327827 0.02569388
v 0.02175940 -0.12366059 0.02888733
v 0.04600434 -0.09255569 -0.02272380
v 0.05175242 -0.08966094 -0.02053752
v 0.04413935 -0.09004326 -0.02852115
v 0.04284498 -0.08922399 -0.03102679
v 0.06114699 -0.08837742 -0.01014651
v 0.05976912 -0.08765373 -0.01329083
v 0.05759793 -0.08869147 -0.01469104
v 0.05953252 -0.08581037 -0.01655798
v 0.05674894 -0.08799509 -0.01692646
v 0.05484219 -0.08956536 -0.01692646
v 0.05345041 -0.09222798 -0.01427343
v 0.05203078 -0.09157257 -0.01709841
v 0.06604608 -0.08512765 -0.00781283
v 0.06525276 -0.08441762 -0.01029390
v 0.06361046 -0.08676619 -0.00896738
v 0.08997091 -0.06293912 0.00586990
v 0.08955338 -0.06222909 0.00368361
v 0.08811983 -0.06374474 0.00230797
v 0.07043022 -0.08205539 -0.00560198
v 0.06935854 -0.08460878 -0.00299808
v 0.06862089 -0.08388509 -0.00557741
v 0.07858609 -0.07487314 -0.00179439
v 0.07759792 -0.07730363 0.00024450
v 0.07706904 -0.07673015 -0.00181896
v 0.07315812 -0.08070360 -0.00272787
v 0.08878789 -0.06494633 0.00591903
v 0.08606000 -0.06692623 0.00216058
v 0.08530843 -0.06938403 0.00446969
v 0.08480738 -0.06872862 0.00216058
v 0.08118874 -0.07312536 0.00107971
v 0.09314419 -0.06157367 0.01242876
v 0.09724996 -0.05809178 0.01947893
v 0.09594169 -0.05970301 0.01793133
v 0.09361740 -0.06235198 0.01513092
v 0.09055547 -0.06429092 0.00965291
v -0.00191491 -0.11537233 -0.01321714
v -0.00538046 -0.11388398 -0.01717211
v -0.00977851 -0.11421169 -0.01722124
v -0.01348067 -0.11444382 -0.01722124
v -0.01696014 -0.11433458 -0.01724580
v -0.01925659 -0.11425266 -0.01724580
v 0.03971346 -0.09330668 -0.02775964
v 0.03737526 -0.09605124 -0.02562248
v 0.03649843 -0.09465847 -0.02857028
v 0.03251792 -0.09620143 -0.02960201
v 0.03254575 -0.09737572 -0.02768594
v 0.03094520 -0.10091223 -0.02314141
v 0.02522495 -0.10227767 -0.02508205
v 0.02878793 -0.10141745 -0.02392749
v 0.02262231 -0.10465356 -0.02267467
v 0.02118877 -0.10600534 -0.02117621
v 0.02092432 -0.10783505 -0.01783536
v 0.02093824 -0.10881817 -0.01584560
v -0.00190100 -0.11643737 -0.01071150
v 0.02469607 -0.10885913 -0.01277496
v 0.02974826 -0.10801255 -0.01036759
v 0.02507185 -0.11032016 -0.00926217
v 0.02301201 -0.10842219 -0.01505951
v 0.02245529 -0.11230006 -0.00697762
v 0.01748661 -0.11309202 -0.00884456
v 0.02113309 -0.11332415 -0.00557741
v 0.02100783 -0.11498999 -0.00149961
v 0.01905933 -0.11638275 0.00049015
v 0.01783456 -0.11595947 -0.00149961
v 0.01492572 -0.11619159 -0.00285069
v 0.01357569 -0.11557714 -0.00525807
v 0.01699949 -0.11666949 -0.00022223
v 0.01375662 -0.11837631 0.00230797
v 0.00951166 -0.11949597 0.00260275
v 0.00814771 -0.12031524 0.00410121
v 0.00586518 -0.11985099 0.00164471
v -0.00039786 -0.12036986 0.00026907
v -0.00188708 -0.11981003 -0.00186809
v -0.00531088 -0.11998754 -0.00213830
v -0.00526912 -0.11873132 -0.00560198
v -0.00524129 -0.11740684 -0.00904108
v -0.00188708 -0.11721568 -0.00879543
v 0.08585122 -0.09336130 0.09793964
v 0.08400014 -0.09539582 0.09793964
v 0.08148101 -0.09691146 0.08383931
v 0.08383313 -0.09437173 0.08351997
v 0.08526668 -0.09263761 0.08202151
v 0.08515534 -0.09252838 0.07995804
v 0.08329033 -0.09614682 0.09793964
v 0.07795979 -0.10122628 0.09550772
v 0.08203773 -0.09744399 0.09793964
v 0.07804330 -0.10129455 0.09793964
v 0.07780669 -0.10110339 0.09162643
v 0.07765359 -0.10093953 0.08774516
v 0.08491873 -0.09228259 0.07615046
v 0.08263620 -0.09413961 0.07222005
v 0.08047893 -0.09583276 0.06826508
v 0.08434809 -0.09170911 0.06824052
v 0.08102172 -0.09643356 0.07617502
v 0.08203773 -0.09352515 0.06433468
v 0.07985262 -0.09512273 0.06040427
v 0.08136967 -0.09280147 0.05647387
v 0.08507182 -0.08866416 0.05531931
v 0.08650537 -0.08717582 0.05654756
v 0.08640794 -0.08643848 0.05259259
v 0.08799458 -0.08354373 0.04871131
v 0.08948379 -0.08170038 0.04876045
v 0.08927503 -0.08142728 0.04664785
v 0.09027711 -0.07962490 0.04510026
v 0.08869047 -0.08052609 0.04092420
v 0.08824510 -0.07985702 0.03706749
v 0.08966473 -0.07787712 0.03704293
v 0.09250397 -0.07251091 0.03325991
v 0.08791107 -0.07909237 0.03360382
v 0.08909409 -0.07709881 0.03257209
v 0.09002659 -0.07461370 0.02937863
v 0.09435505 -0.06799128 0.02923124
v 0.09396535 -0.06702181 0.02547279
v 0.09599736 -0.06371743 0.02579214
v 0.09686027 -0.06160098 0.02468671
v 0.09752832 -0.05870623 0.02156695
v 0.02908020 -0.12217225 0.03335817
v 0.03141841 -0.12060199 0.03018928
v 0.03283803 -0.12155781 0.03711662
v 0.03804331 -0.12012408 0.04102246
v 0.03858611 -0.12032890 0.04328244
v 0.03711082 -0.11972810 0.03714118
v 0.04432028 -0.11788474 0.04497743
v 0.04628270 -0.11636910 0.04225071
v 0.05353391 -0.11195870 0.04116985
v 0.05627573 -0.10933704 0.03741140
v 0.05605305 -0.11032016 0.04114529
v 0.06120266 -0.10776678 0.04490374
v 0.06166196 -0.10808083 0.04785154
v 0.05686029 -0.11141252 0.04893241
v 0.05992222 -0.11016997 0.05281368
v 0.05740308 -0.11179485 0.05283825
v 0.05958819 -0.11108482 0.05674409
v 0.06230217 -0.10858605 0.05281368
v 0.06683940 -0.10524070 0.05276455
v 0.06476564 -0.10748003 0.05669495
v 0.06400016 -0.10935070 0.06477685
v 0.06924720 -0.10413468 0.05659670
v 0.06956731 -0.10435316 0.05934798
v 0.06597650 -0.10842219 0.06851073
v 0.06575381 -0.10825834 0.06620162
v 0.06256662 -0.11273701 0.08403584
v 0.06281714 -0.11290086 0.08794168
v 0.06450120 -0.11135791 0.08403584
v 0.06835645 -0.10715233 0.07239202
v 0.06864873 -0.10741176 0.07629785
v 0.06663064 -0.10894106 0.07632241
v 0.06800851 -0.10689288 0.06848617
v 0.06690899 -0.10915953 0.08015456
v 0.06494657 -0.11171292 0.09184752
v 0.06322076 -0.11317395 0.09570423
v 0.06157845 -0.11440285 0.09793964
v -0.01925659 -0.12553125 0.01400092
v -0.01683488 -0.12564050 0.01402549
v -0.01350851 -0.12576338 0.01409918
v -0.00986202 -0.12660996 0.01802959
v -0.00547789 -0.12630955 0.01802959
v -0.00546397 -0.12525816 0.01409918
v -0.00202626 -0.12501239 0.01414831
v -0.00202626 -0.12416581 0.01120051
v -0.00199842 -0.12356501 0.00918618
v -0.00194275 -0.12260920 0.00614011
v 0.00160631 -0.12206301 0.00614011
v 0.00589302 -0.12136664 0.00614011
v 0.00952558 -0.12071122 0.00626294
v 0.01747269 -0.11878594 0.00616468
v 0.01370094 -0.12091604 0.01004595
v 0.01674896 -0.12056102 0.01132334
v 0.01377053 -0.12206301 0.01397636
v 0.02075731 -0.12228149 0.02176347
v 0.01762579 -0.12099797 0.01358332
v 0.01872530 -0.12028793 0.01208485
v 0.02001966 -0.12061564 0.01471331
v 0.02104959 -0.12107989 0.01756285
v 0.02448730 -0.12296421 0.02991906
v 0.03063900 -0.12030159 0.02763452
v 0.02930289 -0.12112086 0.02915755
v 0.02490484 -0.12180358 0.02562019
v 0.03879488 -0.09680223 -0.02304315
v 0.04056245 -0.09465847 -0.02478727
v 0.04419502 -0.09190027 -0.02557335
v 0.04681158 -0.09315649 -0.02078317
v 0.04631053 -0.09678858 -0.01520690
v 0.04507184 -0.09606489 -0.01781080
v 0.06195423 -0.08907380 -0.00764087
v 0.05990830 -0.08998864 -0.00906564
v 0.05851651 -0.08940150 -0.01216084
v 0.05602521 -0.09080791 -0.01321714
v 0.05080601 -0.09318379 -0.01591929
v 0.05443858 -0.09291070 -0.01174323
v 0.05212821 -0.09386651 -0.01304518
v 0.04910803 -0.09598296 -0.01311888
v 0.06671414 -0.08574210 -0.00560198
v 0.07005444 -0.08530516 -0.00036962
v 0.06775798 -0.08688907 -0.00154874
v 0.08174545 -0.07387636 0.00365904
v 0.07967169 -0.07559683 0.00196406
v 0.07812680 -0.07808194 0.00289753
v 0.07656800 -0.07932450 0.00181667
v 0.07378443 -0.08142728 -0.00009941
v 0.08923327 -0.06571098 0.00840009
v 0.08671413 -0.06808686 0.00582077
v 0.08579555 -0.07013503 0.00699989
v 0.08436201 -0.07151414 0.00584533
v 0.08271970 -0.07171895 0.00228340
v 0.09222561 -0.06388128 0.01373071
v 0.09645664 -0.06074075 0.02159152
v 0.09396535 -0.06314394 0.01763655
v 0.09281016 -0.06509653 0.01766111
v 0.08967864 -0.06650294 0.01097943
v -0.00525520 -0.11662853 -0.01095715
v -0.00529696 -0.11563176 -0.01329083
v -0.01144866 -0.11686066 -0.01154671
v -0.01345283 -0.11606870 -0.01358561
v -0.01690446 -0.11600043 -0.01351192
v -0.01925659 -0.11503096 -0.01550168
v 0.03644276 -0.09939658 -0.02078317
v 0.03622007 -0.09733476 -0.02449249
v 0.03466127 -0.09678858 -0.02682617
v 0.03237874 -0.09932831 -0.02456618
v 0.03237874 -0.10152668 -0.02075860
v 0.03119572 -0.10491299 -0.01552625
v 0.02949774 -0.10431220 -0.01810558
v 0.02850957 -0.10343830 -0.02048839
v 0.02493267 -0.10420296 -0.02179033
v 0.02496051 -0.10522704 -0.01982513
v 0.02465432 -0.10700213 -0.01660711
v 0.02870442 -0.10727522 -0.01279953
v 0.03118180 -0.10855874 -0.00781283
v 0.02899669 -0.11045671 -0.00540545
v 0.03254575 -0.10547282 -0.01304518
v 0.02855132 -0.10532262 -0.01687733
v 0.02384708 -0.11281893 -0.00437372
v 0.02518320 -0.11339242 -0.00159787
v 0.03049982 -0.11230006 0.00078493
v 0.02457081 -0.11520847 0.00270101
v 0.02274757 -0.11643737 0.00422404
v 0.02092432 -0.11606870 0.00137449
v 0.02088257 -0.11676507 0.00329057
v 0.02085473 -0.11776185 0.00618924
v 0.01783456 -0.11724299 0.00196406
v -0.00191491 -0.12127106 0.00225884
v -0.00536655 -0.12153049 0.00218514
v -0.00969501 -0.12016504 -0.00255591
v -0.00970892 -0.12086142 -0.00061527
v -0.00966717 -0.11904538 -0.00562654
v -0.00979243 -0.11746145 -0.00972890
v 0.07745874 -0.10073472 0.08383931
v 0.08134183 -0.09677492 0.08123542
v 0.08118874 -0.09661107 0.07870523
v 0.07580252 -0.10323349 0.09553228
v 0.07669326 -0.10255076 0.09793964
v 0.07588602 -0.10330176 0.09793964
v 0.07564942 -0.10309695 0.09167557
v 0.07509270 -0.10324714 0.08757321
v 0.08074337 -0.09614682 0.07222005
v 0.07876703 -0.09809940 0.07222005
v 0.07850258 -0.09778535 0.06828966
v 0.07821031 -0.09743034 0.06435925
v 0.08017273 -0.09547774 0.06435925
v 0.07787628 -0.09708897 0.06040427
v 0.07751441 -0.09676126 0.05649843
v 0.07949075 -0.09475405 0.05649843
v 0.07910105 -0.09445366 0.05293650
v 0.08245527 -0.09094446 0.05288737
v 0.08480738 -0.08837742 0.05259259
v 0.08601824 -0.08597423 0.04871131
v 0.08775798 -0.08290197 0.04512482
v 0.08901058 -0.08101765 0.04401940
v 0.08643578 -0.08344815 0.04119441
v 0.08622701 -0.08249234 0.03711662
v 0.08573988 -0.08183692 0.03325991
v 0.09216994 -0.07136394 0.02923124
v 0.08543369 -0.08145460 0.03104906
v 0.08643578 -0.07957028 0.02957515
v 0.08863480 -0.07652533 0.02935407
v 0.08805025 -0.07578799 0.02549736
v 0.08944204 -0.07386270 0.02549736
v 0.09100084 -0.07151414 0.02547279
v 0.08914976 -0.07348038 0.02355672
v 0.09353389 -0.06632543 0.02245130
v 0.09442464 -0.06427726 0.02134587
v 0.03258751 -0.11899076 0.02559562
v 0.03262926 -0.11982368 0.02910842
v 0.03392362 -0.12009677 0.03264578
v 0.03272669 -0.12084776 0.03367752
v 0.04063204 -0.11808956 0.03714118
v 0.04065988 -0.11886787 0.04102246
v 0.03620616 -0.11934578 0.03367752
v 0.03960212 -0.11679239 0.02942777
v 0.04078514 -0.11714741 0.03333361
v 0.04450121 -0.11699720 0.04099790
v 0.04576774 -0.11609601 0.03964682
v 0.04810594 -0.11423900 0.03723945
v 0.05083384 -0.11266874 0.03726401
v 0.05281018 -0.11152176 0.03728857
v 0.05525973 -0.10906395 0.03343187
v 0.05969953 -0.10704309 0.03736227
v 0.06056244 -0.10732983 0.04102246
v 0.06317901 -0.10550014 0.04102246
v 0.06362437 -0.10687924 0.04905522
v 0.06200990 -0.10835392 0.05050457
v 0.06420892 -0.10566399 0.04522308
v 0.06632444 -0.10484472 0.04888327
v 0.06877399 -0.10379332 0.05273998
v 0.06984566 -0.10455797 0.06202557
v 0.07112611 -0.10181343 0.05269086
v 0.07184984 -0.10188169 0.05662126
v 0.07127921 -0.10306964 0.06057623
v 0.07008227 -0.10476279 0.06453120
v 0.06473781 -0.11154907 0.08794168
v 0.06717343 -0.10935070 0.08398670
v 0.07043022 -0.10504953 0.06846161
v 0.07075033 -0.10530897 0.07236744
v 0.07101477 -0.10556840 0.07627329
v 0.06891317 -0.10764389 0.08013000
v 0.06759097 -0.10969205 0.09179838
v 0.06512751 -0.11183581 0.09570423
v 0.06739612 -0.10952820 0.08789255
v 0.06441770 -0.11246392 0.09793964
v 0.06330426 -0.11324222 0.09793964
v -0.01925659 -0.12498507 0.01203572
v -0.01925659 -0.12449351 0.01029160
v -0.01634775 -0.12445255 0.00982487
v -0.01474720 -0.12398830 0.00803162
v -0.00984810 -0.12555856 0.01409918
v -0.01345283 -0.12458909 0.01007052
v -0.01204713 -0.12396099 0.00808075
v -0.01025172 -0.12438428 0.00989856
v -0.00545005 -0.12431601 0.01078290
v -0.00545005 -0.12371521 0.00876857
v -0.00542222 -0.12286863 0.00609098
v 0.02079906 -0.11900441 0.01002139
v 0.01761187 -0.11996022 0.01004595
v 0.02988744 -0.12005580 0.02562019
v 0.02242746 -0.12023332 0.01608895
v 0.02337387 -0.12057468 0.01866828
v 0.02103567 -0.11998754 0.01363245
v 0.02887143 -0.11838996 0.01785763
v 0.03257359 -0.11799398 0.02173891
v 0.04043719 -0.09935562 -0.01690189
v 0.03775104 -0.10020219 -0.01815471
v 0.04802243 -0.09461752 -0.01687733
v 0.03905932 -0.10092588 -0.01555081
v 0.04404192 -0.09730744 -0.01670537
v 0.04714561 -0.09734841 -0.01311888
v 0.04523886 -0.10006565 -0.01022020
v 0.04415326 -0.09930100 -0.01294692
v 0.04167588 -0.10016123 -0.01410148
v 0.06260837 -0.08957901 -0.00560198
v 0.06135576 -0.09218701 -0.00255591
v 0.05999181 -0.09161353 -0.00587219
v 0.05723607 -0.09200951 -0.00931130
v 0.05528757 -0.09356611 -0.00931130
v 0.05353391 -0.09632432 -0.00658458
v 0.05216996 -0.09575084 -0.00953238
v 0.04995702 -0.09655645 -0.01098172
v 0.06539194 -0.08850030 -0.00272787
v 0.07258749 -0.08389875 0.00218514
v 0.07068074 -0.08596057 0.00223427
v 0.06941421 -0.08851396 0.00488729
v 0.06870440 -0.08791316 0.00225884
v 0.06615743 -0.08911476 -0.00009941
v 0.08223258 -0.07453177 0.00601729
v 0.08075728 -0.07642975 0.00604185
v 0.07855825 -0.07929719 0.00628750
v 0.07701337 -0.08056706 0.00518208
v 0.07432722 -0.08201443 0.00218514
v 0.08838428 -0.06777281 0.00975117
v 0.08629660 -0.07095430 0.00982487
v 0.08497440 -0.07289324 0.00987400
v 0.09315812 -0.06571098 0.01989653
v 0.09011009 -0.06725394 0.01368158
v 0.08894100 -0.06902902 0.01370614
v -0.01339716 -0.11778916 -0.00948325
v -0.01342500 -0.11687431 -0.01166954
v -0.01684879 -0.11681970 -0.01159584
v -0.01925659 -0.11676507 -0.01149758
v -0.01925659 -0.11602774 -0.01321714
v 0.03645667 -0.10156764 -0.01690189
v 0.03250400 -0.10356120 -0.01687733
v 0.03648451 -0.10352024 -0.01306975
v 0.03253184 -0.10730253 -0.00916391
v 0.03904540 -0.10476279 -0.00778826
v 0.03644276 -0.10715233 -0.00520893
v 0.03255967 -0.10900933 -0.00520893
v 0.03271277 -0.11047037 -0.00145048
v 0.02917763 -0.11189043 -0.00157331
v 0.03783455 -0.10417565 -0.01034303
v 0.03282411 -0.11179485 0.00223427
v 0.03165501 -0.11272335 0.00336426
v 0.02899669 -0.11477153 0.00621381
v 0.02914979 -0.11591850 0.00987400
v 0.03048591 -0.11619159 0.01223224
v 0.02362439 -0.11675143 0.00618924
v -0.00975068 -0.12184454 0.00216058
v -0.01336933 -0.12027428 -0.00287526
v -0.01336933 -0.11927750 -0.00565110
v -0.01338324 -0.12206301 0.00213601
v 0.07539890 -0.10260538 0.08388845
v 0.07733348 -0.10059817 0.08153020
v 0.07718038 -0.10044797 0.07900001
v 0.07903146 -0.09834518 0.07615046
v 0.07390968 -0.10489934 0.09558140
v 0.07375659 -0.10477645 0.09172470
v 0.07516230 -0.10394352 0.09793964
v 0.07346431 -0.10455797 0.08617299
v 0.07333905 -0.10444874 0.08393758
v 0.07670718 -0.10002469 0.07222005
v 0.07698554 -0.10028412 0.07615046
v 0.07638707 -0.09972429 0.06828966
v 0.07410453 -0.10118532 0.06440837
v 0.07727781 -0.09654280 0.05406650
v 0.07374267 -0.10084395 0.06042884
v 0.07701337 -0.09629702 0.05153630
v 0.07862785 -0.09408499 0.04885871
v 0.08091038 -0.09233721 0.05180651
v 0.08237175 -0.09015250 0.04880958
v 0.08440376 -0.08792682 0.04873588
v 0.08562854 -0.08542805 0.04485461
v 0.08539194 -0.08510034 0.04266832
v 0.08508574 -0.08471801 0.04008899
v 0.08469604 -0.08428107 0.03714118
v 0.08415325 -0.08368027 0.03325991
v 0.08175937 -0.08542805 0.03028754
v 0.08340168 -0.08321603 0.02935407
v 0.08266403 -0.08272447 0.02552193
v 0.08505791 -0.08096303 0.02844516
v 0.08610175 -0.07840965 0.02549736
v 0.08565637 -0.07778154 0.02250042
v 0.08721517 -0.07536470 0.02173891
v 0.08877398 -0.07287958 0.02095283
v 0.03674895 -0.11712009 0.02554649
v 0.03658194 -0.11818514 0.02942777
v 0.04519710 -0.11585023 0.03721488
v 0.04438987 -0.11441651 0.02947689
v 0.04219084 -0.11615063 0.03210535
v 0.03893406 -0.11645103 0.02682387
v 0.04599042 -0.11220448 0.02392520
v 0.04415326 -0.11548155 0.03338274
v 0.04835646 -0.11324222 0.03343187
v 0.05031888 -0.11240930 0.03475838
v 0.05183593 -0.11120770 0.03345643
v 0.05724999 -0.10772581 0.03340730
v 0.05456384 -0.10854508 0.02955059
v 0.06159236 -0.10448970 0.03205622
v 0.06205165 -0.10479010 0.03461099
v 0.06249702 -0.10507684 0.03716575
v 0.06512751 -0.10401180 0.04107159
v 0.06561463 -0.10435316 0.04411765
v 0.06448728 -0.10354754 0.03716575
v 0.06824511 -0.10338369 0.04888327
v 0.07069465 -0.10140379 0.04883414
v 0.07193335 -0.10315156 0.06448207
v 0.07229521 -0.10346562 0.06841247
v 0.06914978 -0.10783505 0.08396214
v 0.07260141 -0.10376601 0.07234288
v 0.07287976 -0.10403910 0.07624873
v 0.07123746 -0.10581418 0.08010543
v 0.06956731 -0.10814910 0.09177382
v 0.06967865 -0.10823103 0.09430403
v 0.06810593 -0.10954186 0.09563053
v 0.06937246 -0.10801255 0.08786799
v 0.06521101 -0.11190408 0.09793964
v -0.01925659 -0.12394733 0.00844923
v -0.01925659 -0.12323731 0.00611555
v -0.01630600 -0.12342847 0.00641033
v -0.01341108 -0.12337385 0.00609098
v -0.01023780 -0.12333289 0.00650859
v 0.02860699 -0.11956424 0.02196000
v 0.03141841 -0.11657391 0.01483613
v 0.03544067 -0.11669681 0.02171434
v 0.03825208 -0.11610966 0.02424454
v 0.03262926 -0.11694259 0.01795590
v 0.04045111 -0.10147206 -0.01294692
v 0.04816161 -0.09861828 -0.00933586
v 0.04631053 -0.10070741 -0.00764087
v 0.04413935 -0.10128090 -0.00909021
v 0.06376355 -0.09067136 -0.00132766
v 0.06213516 -0.09282878 0.00009711
v 0.05711081 -0.09595566 -0.00162244
v 0.05869745 -0.09321110 -0.00474220
v 0.06004748 -0.09377093 -0.00137679
v 0.05617831 -0.09474040 -0.00565110
v 0.05793196 -0.09254203 -0.00724783
v 0.05438290 -0.09693878 -0.00400525
v 0.05219780 -0.09779900 -0.00538089
v 0.04707602 -0.10123993 -0.00545458
v 0.05091735 -0.09719821 -0.00845152
v 0.07318596 -0.08458147 0.00488729
v 0.07158540 -0.08688907 0.00616468
v 0.06535019 -0.09229625 0.00515751
v 0.06679765 -0.08967459 0.00225884
v 0.07002659 -0.08908745 0.00744206
v 0.08537802 -0.07345307 0.01201116
v 0.08281712 -0.07573337 0.00989856
v 0.08124440 -0.07712613 0.00859662
v 0.08015881 -0.07913334 0.00992313
v 0.07757009 -0.08119516 0.00773684
v 0.08846779 -0.07159606 0.01736633
v 0.08927503 -0.06958885 0.01579417
v 0.08690899 -0.07193742 0.01348506
v -0.01682096 -0.11767993 -0.00950782
v -0.01925659 -0.11750242 -0.00972890
v 0.03654018 -0.10536359 -0.00913934
v 0.04404192 -0.10319253 -0.00508611
v 0.04047894 -0.10515877 -0.00506154
v 0.03769537 -0.10779409 -0.00223657
v 0.04042327 -0.10334272 -0.00916391
v 0.03644276 -0.10883183 -0.00113114
v 0.03880880 -0.10831295 0.00041646
v 0.03666544 -0.11010170 0.00245536
v 0.03413239 -0.11213621 0.00486273
v 0.03281019 -0.11318760 0.00616468
v 0.03264318 -0.11456671 0.01011965
v 0.03264318 -0.11568637 0.01370614
v -0.01673745 -0.12024697 -0.00275243
v -0.01676528 -0.11916826 -0.00567567
v -0.01670961 -0.12195379 0.00203775
v 0.07310245 -0.10425758 0.08008087
v 0.07129313 -0.10701578 0.09558140
v 0.07164107 -0.10649690 0.09174926
v 0.07397928 -0.10496761 0.09793964
v 0.07261532 -0.10608728 0.09793964
v 0.07197510 -0.10589612 0.08762233
v 0.07146014 -0.10599170 0.08393758
v 0.07478652 -0.10178611 0.07226919
v 0.07446640 -0.10148572 0.06836334
v 0.07670718 -0.09601027 0.04888327
v 0.07822423 -0.09363439 0.04505113
v 0.08020057 -0.09153160 0.04500200
v 0.08195422 -0.08966094 0.04497743
v 0.08397232 -0.08739430 0.04490374
v 0.08128616 -0.08889628 0.03947486
v 0.08270578 -0.08660233 0.03719032
v 0.08045108 -0.08796778 0.03333361
v 0.07793195 -0.08951074 0.02942777
v 0.08013098 -0.08690274 0.02915755
v 0.07841908 -0.08615173 0.02166521
v 0.08203773 -0.08200078 0.02166521
v 0.08461253 -0.08037589 0.02549736
v 0.07878094 -0.08725775 0.02579214
v 0.08525276 -0.07722171 0.01992110
v 0.08633836 -0.07484582 0.01773481
v 0.08582339 -0.07412214 0.01466418
v 0.04727087 -0.11291451 0.02952603
v 0.04658889 -0.11253219 0.02650452
v 0.04539196 -0.11190408 0.02176347
v 0.04703426 -0.10887279 0.01463962
v 0.04827295 -0.10918685 0.01810328
v 0.04818945 -0.11030651 0.02176347
v 0.04802243 -0.11139887 0.02537453
v 0.04980392 -0.11210890 0.03217905
v 0.05211429 -0.11006073 0.02952603
v 0.05416022 -0.10824468 0.02733974
v 0.06110524 -0.10413468 0.02945233
v 0.06298415 -0.10159495 0.02554649
v 0.06401407 -0.10190901 0.02952603
v 0.06355479 -0.10328811 0.03330904
v 0.06809201 -0.10174515 0.04124355
v 0.06753530 -0.10311060 0.04524765
v 0.06708992 -0.10151303 0.03716575
v 0.07020753 -0.10093953 0.04497743
v 0.07438289 -0.09722552 0.04505113
v 0.06980391 -0.10835392 0.09793964
v 0.06892709 -0.10903664 0.09793964
v 0.06643578 -0.11096193 0.09793964
v -0.01925659 -0.12187185 0.00203775
v 0.03754227 -0.11574099 0.02171434
v 0.04075730 -0.11311933 0.01795590
v 0.03390971 -0.11600043 0.01672764
v 0.03630358 -0.11524943 0.01795590
v 0.03470302 -0.11636910 0.01930697
v 0.06462646 -0.09161353 0.00223427
v 0.06267796 -0.09333399 0.00223427
v 0.06127225 -0.09617412 0.00618924
v 0.05993614 -0.09546409 0.00216058
v 0.05780670 -0.09651548 0.00080950
v 0.05512055 -0.09748495 -0.00159787
v 0.05335298 -0.10010661 0.00147276
v 0.05208645 -0.09954678 -0.00172070
v 0.04988743 -0.10042067 -0.00312091
v 0.04839822 -0.10203189 -0.00169613
v 0.04603218 -0.10451701 0.00061298
v 0.04523886 -0.10408007 -0.00149961
v 0.07371484 -0.08522323 0.00746662
v 0.07243439 -0.08777662 0.00999682
v 0.06848172 -0.09154526 0.01002139
v 0.06594866 -0.09284243 0.00773684
v 0.06395840 -0.09400306 0.00633663
v 0.07058331 -0.08964728 0.01002139
v 0.08170370 -0.07782250 0.01122508
v 0.08438985 -0.07547393 0.01355875
v 0.08219082 -0.07846426 0.01385353
v 0.08071553 -0.08032128 0.01387810
v 0.07800155 -0.08172768 0.00994769
v 0.07424371 -0.08582403 0.00997226
v -0.01925659 -0.11908634 -0.00567567
v 0.04033976 -0.10686558 -0.00113114
v 0.04472390 -0.10580053 0.00206232
v 0.03951861 -0.10870893 0.00245536
v 0.03656802 -0.11148080 0.00618924
v 0.03787630 -0.11191774 0.00925987
v 0.03875313 -0.11234103 0.01186376
v 0.03656802 -0.11397956 0.01400092
v -0.01925659 -0.12061564 -0.00147505
v -0.01925659 -0.12020601 -0.00260504
v -0.01925659 -0.11953694 -0.00444742
v -0.01925659 -0.12131202 0.00046559
v 0.07623397 -0.09555968 0.04505113
v 0.07779277 -0.09308821 0.04116985
v 0.08160628 -0.08926496 0.04205419
v 0.07752834 -0.09276051 0.03890987
v 0.07876703 -0.09102639 0.03746053
v 0.07851650 -0.09012519 0.03335817
v 0.08099389 -0.08856858 0.03723945
v 0.07608087 -0.09132679 0.02942777
v 0.07549632 -0.09078061 0.02603779
v 0.07757009 -0.08915572 0.02729061
v 0.07672110 -0.09194123 0.03335817
v 0.07712471 -0.08871878 0.02471128
v 0.07660975 -0.08817260 0.02168978
v 0.07775102 -0.08537343 0.01780850
v 0.07993613 -0.08287466 0.01778394
v 0.08159235 -0.08149556 0.01908589
v 0.08271970 -0.07954297 0.01778394
v 0.08420892 -0.07917429 0.02139500
v 0.08487698 -0.07677111 0.01775937
v 0.04924721 -0.11176754 0.02952603
v 0.03939335 -0.11265508 0.01400092
v 0.04426461 -0.11135791 0.01795590
v 0.04486307 -0.10971937 0.01358332
v 0.04632445 -0.10844950 0.01198659
v 0.04841213 -0.10767120 0.01348506
v 0.05432723 -0.10469452 0.01540113
v 0.05190552 -0.10700213 0.01812785
v 0.05287977 -0.10749369 0.02178804
v 0.05093127 -0.10866797 0.02178804
v 0.05358958 -0.10788967 0.02473584
v 0.05566335 -0.10682462 0.02586584
v 0.05609480 -0.10545917 0.02198456
v 0.06033976 -0.10357485 0.02557105
v 0.06548937 -0.10037970 0.02827321
v 0.06224650 -0.10098050 0.02168978
v 0.06667239 -0.09743034 0.02168978
v 0.06739612 -0.09803113 0.02552193
v 0.06639403 -0.10104877 0.03328448
v 0.06988742 -0.10065279 0.04266832
v 0.06905235 -0.09997007 0.03719032
v 0.06949772 -0.10033874 0.04006443
v 0.07397928 -0.09685684 0.04202963
v 0.06181505 -0.09658376 0.00817901
v 0.05932375 -0.09763515 0.00616468
v 0.05854435 -0.09706166 0.00338883
v 0.05598346 -0.09859096 0.00243079
v 0.05413238 -0.10066645 0.00407665
v 0.05208645 -0.10140379 0.00257818
v 0.04817553 -0.10371140 0.00203775
v 0.04685333 -0.10498126 0.00311861
v 0.07307462 -0.08847300 0.01314115
v 0.06647754 -0.09333399 0.01004595
v 0.06920545 -0.09217336 0.01323941
v 0.06376355 -0.09555968 0.00970204
v 0.07358957 -0.08901918 0.01576961
v 0.07143230 -0.09057578 0.01449222
v 0.08116090 -0.08094938 0.01648199
v 0.07846083 -0.08309313 0.01424657
v 0.07688811 -0.08437665 0.01316571
v 0.04440378 -0.10746638 0.00609098
v 0.04230218 -0.10813545 0.00488729
v 0.04086865 -0.10935070 0.00618924
v 0.04033976 -0.11103020 0.01036530
v 0.04573990 -0.10808083 0.00989856
v 0.04139752 -0.11163099 0.01400092
v 0.07535715 -0.09531389 0.04092420
v 0.07331122 -0.09625605 0.03728857
v 0.07715256 -0.09239183 0.03630597
v 0.07421588 -0.09310187 0.02942777
v 0.07342256 -0.09239183 0.02476041
v 0.07473084 -0.09007057 0.02168978
v 0.07271275 -0.09570987 0.03335817
v 0.07400711 -0.08938784 0.01783307
v 0.07591386 -0.08739430 0.01783307
v 0.07741699 -0.08493649 0.01581874
v 0.04841213 -0.10648326 0.00989856
v 0.05358958 -0.10427123 0.01274811
v 0.05233698 -0.10543186 0.01395179
v 0.05605305 -0.10163591 0.01019334
v 0.05574686 -0.10320618 0.01402549
v 0.05679070 -0.10373870 0.01785763
v 0.05491178 -0.10506319 0.01788220
v 0.05743092 -0.10420296 0.02083000
v 0.05944901 -0.10309695 0.02193543
v 0.06786933 -0.09872751 0.02923124
v 0.06839821 -0.09943755 0.03328448
v 0.06181505 -0.10059817 0.01947893
v 0.06610175 -0.09696608 0.01881567
v 0.06871832 -0.09572353 0.02168978
v 0.06941421 -0.09637894 0.02554649
v 0.06977608 -0.09669299 0.02758539
v 0.07136271 -0.09799017 0.03723945
v 0.07075033 -0.09751226 0.03330904
v 0.07361741 -0.09652914 0.03945030
v 0.05471693 -0.10108974 0.00616468
v 0.06244135 -0.09708897 0.01078290
v 0.05740308 -0.10018854 0.00901422
v 0.05182201 -0.10309695 0.00648402
v 0.04828687 -0.10532262 0.00645946
v 0.06508575 -0.09610585 0.01395179
v 0.06977608 -0.09265127 0.01586786
v 0.06781366 -0.09382555 0.01432027
v 0.07208645 -0.09121755 0.01783307
v 0.04308159 -0.10859970 0.00736836
v 0.07165499 -0.09540947 0.02910842
v 0.07090343 -0.09372997 0.02168978
v 0.07285193 -0.09188662 0.02168978
v 0.07022145 -0.09707532 0.03016471
v 0.05278235 -0.10379332 0.00999682
v 0.05802939 -0.10069376 0.01161811
v 0.05860002 -0.10108974 0.01392723
v 0.06125834 -0.10016123 0.01687503
v 0.05988047 -0.10155399 0.01805415
v 0.06313725 -0.09768977 0.01392723
v 0.06370788 -0.09855001 0.01783307
v 0.06555896 -0.09652914 0.01623634
v 0.06756313 -0.09527293 0.01763655
v 0.07016578 -0.09301994 0.01783307
v 0.06057636 -0.09962871 0.01392723
f 1 2 7
f 1 7 13
f 1 13 22
f 1 22 34
f 1 34 48
f 1 48 74
f 1 74 78
f 1 78 111
f 1 111 151
f 1 151 203
f 1 203 264
f 1 264 263
f 1 263 351
f 1 351 350
f 1 350 349
f 1 349 348
f 1 348 347
f 1 347 450
f 1 450 449
f 1 449 551
f 1 551 668
f 1 668 799
f 1 799 798
f 1 798 942
f 1 942 1100
f 1 1100 1250
f 1 1250 1412
f 1 1412 1415
f 1 1415 1577
f 1 1577 1754
f 1 1754 1923
f 1 1923 1922
f 1 1922 2066
f 1 2066 2169
f 1 2169 2168
f 1 2168 2167
f 1 2167 2126
f 1 2126 2125
f 1 2125 2008
f 1 2008 1855
f 1 1855 1854
f 1 1854 1689
f 1 1689 1688
f 1 1688 1686
f 1 1686 1681
f 1 1681 1680
f 1 1680 1515
f 1 1515 1513
f 1 1513 1349
f 1 1349 1193
f 1 1193 1042
f 1 1042 1041
f 1 1041 883
f 1 883 880
f 1 880 745
f 1 745 744
f 1 744 743
f 1 743 742
f 1 742 741
f 1 741 613
f 1 613 508
f 1 508 407
f 1 407 406
f 1 406 405
f 1 405 404
f 1 404 313
f 1 313 312
f 1 312 228
f 1 228 177
f 1 177 176
f 1 176 175
f 1 175 130
f 1 130 129
f 1 129 92
f 1 92 59
f 1 59 39
f 1 39 26
f 1 26 25
f 1 25 19
f 1 19 15
f 1 15 8
f 1 8 3
f 1 3 4
f 1 4 5
f 1 5 6
f 1 6 2
f 2 6 5
f 2 5 12
f 2 12 21
f 2 21 30
f 2 30 33
f 2 33 47
f 2 47 73
f 2 73 107
f 2 107 146
f 2 146 196
f 2 196 249
f 2 249 248
f 2 248 337
f 2 337 434
f 2 434 437
f 2 437 539
f 2 539 538
f 2 538 650
f 2 650 782
f 2 782 922
f 2 922 923
f 2 923 1080
f 2 1080 1145
f 2 1145 986
f 2 986 839
f 2 839 708
f 2 708 707
f 2 707 706
f 2 706 585
f 2 585 484
f 2 484 483
f 2 483 480
f 2 480 479
f 2 479 478
f 2 478 379
f 2 379 380
f 2 380 306
f 2 306 222
f 2 222 168
f 2 168 123
f 2 123 87
f 2 87 53
f 2 53 36
f 2 36 23
f 2 23 14
f 2 14 7
f 3 8 9
f 3 9 10
f 3 10 4
f 4 10 11
f 4 11 5
f 5 11 12
f 7 14 13
f 8 15 9
f 9 16 17
f 9 17 18
f 9 18 10
f 9 15 19
f 9 19 16
f 10 18 11
f 11 18 20
f 11 20 21
f 11 21 12
f 13 14 23
f 13 23 37
f 13 37 55
f 13 55 90
f 13 90 126
f 13 126 171
f 13 171 224
f 13 224 309
f 13 309 396
f 13 396 395
f 13 395 500
f 13 500 605
f 13 605 730
f 13 730 870
f 13 870 1020
f 13 1020 1019
f 13 1019 1018
f 13 1018 1017
f 13 1017 1016
f 13 1016 1165
f 13 1165 1321
f 13 1321 1477
f 13 1477 1643
f 13 1643 1818
f 13 1818 1981
f 13 1981 1980
f 13 1980 2106
f 13 2106 2200
f 13 2200 2210
f 13 2210 2209
f 13 2209 2208
f 13 2208 2211
f 13 2211 2170
f 13 2170 2068
f 13 2068 2067
f 13 2067 1925
f 13 1925 1924
f 13 1924 1755
f 13 1755 1581
f 13 1581 1580
f 13 1580 1579
f 13 1579 1578
f 13 1578 1417
f 13 1417 1416
f 13 1416 1254
f 13 1254 1253
f 13 1253 1252
f 13 1252 1102
f 13 1102 945
f 13 945 944
f 13 944 801
f 13 801 673
f 13 673 555
f 13 555 456
f 13 456 455
f 13 455 356
f 13 356 272
f 13 272 271
f 13 271 270
f 13 270 204
f 13 204 152
f 13 152 112
f 13 112 79
f 13 79 51
f 13 51 35
f 13 35 22
f 16 24 17
f 16 19 25
f 16 25 26
f 16 26 24
f 17 24 27
f 17 27 28
f 17 28 18
f 18 28 29
f 18 29 20
f 20 30 21
f 20 29 31
f 20 31 32
f 20 32 33
f 20 33 30
f 22 35 34
f 23 36 52
f 23 52 81
f 23 81 114
f 23 114 154
f 23 154 206
f 23 206 279
f 23 279 360
f 23 360 462
f 23 462 562
f 23 562 680
f 23 680 811
f 23 811 958
f 23 958 1112
f 23 1112 1271
f 23 1271 1322
f 23 1322 1166
f 23 1166 1021
f 23 1021 871
f 23 871 731
f 23 731 606
f 23 606 501
f 23 501 397
f 23 397 310
f 23 310 225
f 23 225 173
f 23 173 172
f 23 172 170
f 23 170 125
f 23 125 89
f 23 89 54
f 23 54 37
f 24 26 38
f 24 38 27
f 26 39 38
f 27 40 41
f 27 41 42
f 27 42 28
f 27 38 40
f 28 42 43
f 28 43 44
f 28 44 29
f 29 44 31
f 31 44 45
f 31 45 46
f 31 46 32
f 32 46 47
f 32 47 33
f 34 35 49
f 34 49 50
f 34 50 48
f 35 51 49
f 36 53 82
f 36 82 52
f 37 54 55
f 38 39 56
f 38 56 57
f 38 57 58
f 38 58 40
f 39 59 56
f 40 60 41
f 40 58 60
f 41 60 61
f 41 61 62
f 41 62 63
f 41 63 42
f 42 63 44
f 42 44 43
f 44 63 64
f 44 64 65
f 44 65 66
f 44 66 67
f 44 67 68
f 44 68 69
f 44 69 45
f 45 69 70
f 45 70 46
f 46 70 47
f 47 70 71
f 47 71 72
f 47 72 73
f 48 50 74
f 49 51 75
f 49 75 76
f 49 76 50
f 50 76 77
f 50 77 78
f 50 78 74
f 51 79 80
f 51 80 75
f 52 82 83
f 52 83 84
f 52 84 85
f 52 85 86
f 52 86 81
f 53 87 88
f 53 88 82
f 54 89 90
f 54 90 55
f 56 59 57
f 57 91 93
f 57 93 58
f 57 59 92
f 57 92 91
f 58 93 60
f 60 94 95
f 60 95 61
f 60 93 94
f 61 95 96
f 61 96 97
f 61 97 98
f 61 98 62
f 62 98 99
f 62 99 100
f 62 100 63
f 63 100 101
f 63 101 102
f 63 102 65
f 63 65 64
f 65 102 103
f 65 103 66
f 66 103 104
f 66 104 67
f 67 104 105
f 67 105 106
f 67 106 72
f 67 72 71
f 67 71 68
f 68 71 70
f 68 70 69
f 72 106 107
f 72 107 73
f 75 80 108
f 75 108 76
f 76 109 77
f 76 108 109
f 77 109 110
f 77 110 111
f 77 111 78
f 79 112 113
f 79 113 80
f 80 113 108
f 81 86 114
f 82 88 83
f 83 88 115
f 83 115 84
f 84 115 116
f 84 116 86
f 84 86 85
f 86 116 117
f 86 117 118
f 86 118 119
f 86 119 120
f 86 120 121
f 86 121 122
f 86 122 114
f 87 123 124
f 87 124 88
f 88 124 115
f 89 125 90
f 90 125 126
f 91 127 128
f 91 128 93
f 91 92 129
f 91 129 130
f 91 130 127
f 93 128 94
f 94 131 132
f 94 132 133
f 94 133 95
f 94 128 131
f 95 133 96
f 96 134 97
f 96 133 134
f 97 135 136
f 97 136 137
f 97 137 99
f 97 99 98
f 97 134 135
f 99 137 138
f 99 138 139
f 99 139 100
f 100 139 140
f 100 140 141
f 100 141 101
f 101 141 103
f 101 103 102
f 103 141 104
f 104 141 142
f 104 142 143
f 104 143 144
f 104 144 105
f 105 144 145
f 105 145 106
f 106 145 107
f 107 145 146
f 108 113 147
f 108 147 197
f 108 197 148
f 108 148 109
f 109 149 110
f 109 148 149
f 110 149 150
f 110 150 151
f 110 151 111
f 112 152 113
f 113 152 153
f 113 153 147
f 114 122 155
f 114 155 156
f 114 156 157
f 114 157 158
f 114 158 154
f 115 124 159
f 115 159 116
f 116 159 117
f 117 159 160
f 117 160 161
f 117 161 162
f 117 162 118
f 118 163 119
f 118 162 164
f 118 164 163
f 119 163 120
f 120 163 165
f 120 165 166
f 120 166 156
f 120 156 167
f 120 167 121
f 121 167 122
f 122 167 155
f 123 168 124
f 124 168 169
f 124 169 160
f 124 160 159
f 125 170 126
f 126 170 172
f 126 172 173
f 126 173 171
f 127 174 178
f 127 178 128
f 127 130 175
f 127 175 176
f 127 176 177
f 127 177 174
f 128 178 179
f 128 179 131
f 131 179 180
f 131 180 132
f 132 180 181
f 132 181 182
f 132 182 134
f 132 134 133
f 134 182 183
f 134 183 184
f 134 184 135
f 135 184 136
f 136 185 186
f 136 186 137
f 136 184 185
f 137 186 187
f 137 187 138
f 138 187 140
f 138 140 139
f 140 187 188
f 140 188 141
f 141 188 142
f 142 188 189
f 142 189 190
f 142 190 191
f 142 191 143
f 143 191 192
f 143 192 193
f 143 193 194
f 143 194 144
f 144 194 195
f 144 195 145
f 145 195 196
f 145 196 146
f 147 153 198
f 147 198 199
f 147 199 197
f 148 197 200
f 148 200 149
f 149 201 150
f 149 200 202
f 149 202 201
f 150 201 203
f 150 203 151
f 152 204 153
f 153 204 205
f 153 205 198
f 154 158 206
f 155 167 156
f 156 166 157
f 157 166 165
f 157 165 207
f 157 207 208
f 157 208 209
f 157 209 210
f 157 210 158
f 158 210 211
f 158 211 212
f 158 212 206
f 160 169 213
f 160 213 161
f 161 213 214
f 161 214 215
f 161 215 216
f 161 216 217
f 161 217 162
f 162 217 218
f 162 218 164
f 163 164 219
f 163 219 220
f 163 220 165
f 164 218 221
f 164 221 219
f 165 220 207
f 168 222 169
f 169 222 223
f 169 223 213
f 171 173 225
f 171 225 224
f 174 226 227
f 174 227 178
f 174 177 226
f 177 228 226
f 178 227 229
f 178 229 179
f 179 229 230
f 179 230 180
f 180 230 231
f 180 231 232
f 180 232 181
f 181 232 233
f 181 233 234
f 181 234 182
f 182 234 183
f 183 234 235
f 183 235 236
f 183 236 185
f 183 185 184
f 185 236 237
f 185 237 238
f 185 238 186
f 186 238 239
f 186 239 187
f 187 239 240
f 187 240 188
f 188 240 189
f 189 240 241
f 189 241 242
f 189 242 243
f 189 243 190
f 190 243 244
f 190 244 191
f 191 244 192
f 192 244 245
f 192 245 193
f 193 245 194
f 194 245 246
f 194 246 195
f 195 246 247
f 195 247 248
f 195 248 249
f 195 249 196
f 197 250 200
f 197 199 251
f 197 251 252
f 197 252 250
f 198 205 253
f 198 253 199
f 199 254 251
f 199 253 255
f 199 255 256
f 199 256 257
f 199 257 254
f 200 250 258
f 200 258 259
f 200 259 202
f 201 260 261
f 201 261 262
f 201 262 263
f 201 263 264
f 201 264 203
f 201 202 265
f 201 265 266
f 201 266 267
f 201 267 268
f 201 268 260
f 202 259 258
f 202 258 269
f 202 269 265
f 204 270 205
f 205 271 272
f 205 272 273
f 205 273 274
f 205 274 275
f 205 275 276
f 205 276 277
f 205 277 278
f 205 278 253
f 205 270 271
f 206 212 280
f 206 280 281
f 206 281 282
f 206 282 283
f 206 283 284
f 206 284 285
f 206 285 286
f 206 286 279
f 207 220 219
f 207 219 221
f 207 221 287
f 207 287 288
f 207 288 289
f 207 289 208
f 208 289 290
f 208 290 291
f 208 291 209
f 209 291 210
f 210 291 211
f 211 292 280
f 211 280 212
f 211 291 293
f 211 293 292
f 213 223 294
f 213 294 214
f 214 294 295
f 214 295 296
f 214 296 215
f 215 296 216
f 216 297 298
f 216 298 217
f 216 296 299
f 216 299 300
f 216 300 301
f 216 301 302
f 216 302 297
f 217 303 218
f 217 298 304
f 217 304 305
f 217 305 303
f 218 303 221
f 221 303 305
f 221 305 287
f 222 306 223
f 223 306 294
f 224 307 308
f 224 308 309
f 224 225 310
f 224 310 307
f 226 311 227
f 226 228 312
f 226 312 313
f 226 313 311
f 227 314 315
f 227 315 229
f 227 311 314
f 229 315 316
f 229 316 230
f 230 316 317
f 230 317 231
f 231 317 318
f 231 318 232
f 232 318 319
f 232 319 233
f 233 319 320
f 233 320 321
f 233 321 234
f 234 321 235
f 235 321 322
f 235 322 236
f 236 322 237
f 237 322 323
f 237 323 324
f 237 324 325
f 237 325 239
f 237 239 238
f 239 325 326
f 239 326 241
f 239 241 240
f 241 326 327
f 241 327 328
f 241 328 329
f 241 329 330
f 241 330 242
f 242 330 243
f 243 330 331
f 243 331 332
f 243 332 244
f 244 332 333
f 244 333 245
f 245 333 334
f 245 334 335
f 245 335 246
f 246 335 247
f 247 335 336
f 247 336 248
f 248 336 337
f 250 252 258
f 251 254 338
f 251 338 252
f 252 338 258
f 253 278 255
f 254 257 338
f 255 278 277
f 255 277 276
f 255 276 339
f 255 339 340
f 255 340 256
f 256 341 257
f 256 340 342
f 256 342 341
f 257 341 338
f 258 343 265
f 258 265 269
f 258 338 341
f 258 341 343
f 260 344 261
f 260 268 344
f 261 344 345
f 261 345 346
f 261 346 347
f 261 347 348
f 261 348 349
f 261 349 262
f 262 349 350
f 262 350 351
f 262 351 263
f 265 343 266
f 266 343 352
f 266 352 353
f 266 353 354
f 266 354 267
f 267 354 268
f 268 354 454
f 268 454 355
f 268 355 344
f 272 356 274
f 272 274 273
f 274 356 357
f 274 357 358
f 274 358 275
f 275 359 276
f 275 358 359
f 276 359 339
f 279 286 361
f 279 361 362
f 279 362 360
f 280 292 281
f 281 292 363
f 281 363 364
f 281 364 365
f 281 365 282
f 282 365 366
f 282 366 367
f 282 367 368
f 282 368 284
f 282 284 283
f 284 368 367
f 284 367 369
f 284 369 285
f 285 369 370
f 285 370 371
f 285 371 286
f 286 371 362
f 286 362 361
f 287 372 373
f 287 373 288
f 287 305 374
f 287 374 372
f 288 373 375
f 288 375 289
f 289 375 376
f 289 376 290
f 290 376 377
f 290 377 378
f 290 378 293
f 290 293 291
f 292 293 363
f 293 378 363
f 294 379 295
f 294 306 380
f 294 380 379
f 295 379 381
f 295 381 296
f 296 381 382
f 296 382 299
f 297 305 304
f 297 304 298
f 297 302 383
f 297 383 384
f 297 384 305
f 299 382 300
f 300 385 386
f 300 386 387
f 300 387 301
f 300 382 381
f 300 381 385
f 301 387 388
f 301 388 389
f 301 389 390
f 301 390 383
f 301 383 302
f 305 384 391
f 305 391 374
f 307 392 393
f 307 393 308
f 307 310 392
f 308 393 394
f 308 394 395
f 308 395 396
f 308 396 309
f 310 397 398
f 310 398 399
f 310 399 400
f 310 400 393
f 310 393 392
f 311 401 402
f 311 402 403
f 311 403 314
f 311 313 404
f 311 404 405
f 311 405 406
f 311 406 407
f 311 407 401
f 314 403 315
f 315 408 316
f 315 403 408
f 316 408 409
f 316 409 410
f 316 410 317
f 317 410 318
f 318 410 411
f 318 411 319
f 319 411 412
f 319 412 320
f 320 413 414
f 320 414 415
f 320 415 416
f 320 416 321
f 320 412 413
f 321 416 322
f 322 416 323
f 323 416 417
f 323 417 324
f 324 417 418
f 324 418 419
f 324 419 325
f 325 419 420
f 325 420 326
f 326 420 327
f 327 421 422
f 327 422 423
f 327 423 424
f 327 424 425
f 327 425 328
f 327 420 421
f 328 425 426
f 328 426 331
f 328 331 329
f 329 331 330
f 331 426 332
f 332 426 427
f 332 427 428
f 332 428 333
f 333 428 429
f 333 429 334
f 334 429 427
f 334 427 430
f 334 430 431
f 334 431 335
f 335 431 432
f 335 432 433
f 335 433 336
f 336 434 337
f 336 433 435
f 336 435 436
f 336 436 437
f 336 437 434
f 339 359 340
f 340 359 438
f 340 438 439
f 340 439 342
f 341 440 343
f 341 342 440
f 342 439 441
f 342 441 442
f 342 442 443
f 342 443 440
f 343 440 443
f 343 443 452
f 343 452 352
f 344 355 444
f 344 444 345
f 345 444 445
f 345 445 446
f 345 446 447
f 345 447 346
f 346 447 448
f 346 448 449
f 346 449 450
f 346 450 347
f 352 451 353
f 352 452 451
f 353 451 453
f 353 453 454
f 353 454 354
f 355 454 444
f 356 455 357
f 357 456 457
f 357 457 458
f 357 458 358
f 357 455 456
f 358 458 459
f 358 459 460
f 358 460 359
f 359 460 461
f 359 461 438
f 360 362 463
f 360 463 462
f 362 371 464
f 362 464 465
f 362 465 463
f 363 378 364
f 364 466 467
f 364 467 468
f 364 468 365
f 364 378 469
f 364 469 466
f 365 468 366
f 366 468 470
f 366 470 367
f 367 470 471
f 367 471 472
f 367 472 369
f 369 472 473
f 369 473 370
f 370 473 464
f 370 464 371
f 372 374 474
f 372 474 373
f 373 474 475
f 373 475 375
f 374 391 476
f 374 476 474
f 375 475 477
f 375 477 469
f 375 469 377
f 375 377 376
f 377 469 378
f 379 478 381
f 381 478 479
f 381 479 480
f 381 480 386
f 381 386 385
f 383 390 389
f 383 389 481
f 383 481 482
f 383 482 384
f 384 482 391
f 386 480 483
f 386 483 484
f 386 484 485
f 386 485 387
f 387 485 486
f 387 486 487
f 387 487 388
f 388 487 488
f 388 488 489
f 388 489 490
f 388 490 389
f 389 491 482
f 389 482 481
f 389 490 492
f 389 492 493
f 389 493 491
f 391 482 494
f 391 494 495
f 391 495 476
f 393 400 496
f 393 496 497
f 393 497 498
f 393 498 394
f 394 498 499
f 394 499 500
f 394 500 395
f 397 501 398
f 398 502 503
f 398 503 504
f 398 504 399
f 398 501 502
f 399 496 400
f 399 504 496
f 401 505 402
f 401 407 505
f 402 505 506
f 402 506 507
f 402 507 403
f 403 507 408
f 407 508 505
f 408 507 409
f 409 507 509
f 409 509 510
f 409 510 511
f 409 511 512
f 409 512 410
f 410 512 411
f 411 512 513
f 411 513 412
f 412 513 413
f 413 513 514
f 413 514 515
f 413 515 516
f 413 516 517
f 413 517 518
f 413 518 415
f 413 415 414
f 415 417 416
f 415 518 517
f 415 517 519
f 415 519 417
f 417 519 418
f 418 519 520
f 418 520 521
f 418 521 522
f 418 522 523
f 418 523 419
f 419 523 421
f 419 421 420
f 421 523 422
f 422 524 525
f 422 525 526
f 422 526 423
f 422 523 524
f 423 526 424
f 424 526 527
f 424 527 528
f 424 528 529
f 424 529 425
f 425 529 530
f 425 530 426
f 426 530 531
f 426 531 532
f 426 532 427
f 427 532 431
f 427 431 430
f 427 429 428
f 431 532 533
f 431 533 534
f 431 534 535
f 431 535 432
f 432 535 433
f 433 535 435
f 435 535 534
f 435 534 436
f 436 534 536
f 436 536 537
f 436 537 538
f 436 538 539
f 436 539 437
f 438 461 540
f 438 540 439
f 439 540 541
f 439 541 441
f 441 542 442
f 441 541 542
f 442 543 452
f 442 452 443
f 442 542 543
f 444 454 544
f 444 544 545
f 444 545 445
f 445 546 547
f 445 547 446
f 445 545 546
f 446 547 447
f 447 548 448
f 447 547 548
f 448 548 549
f 448 549 550
f 448 550 551
f 448 551 449
f 451 452 552
f 451 552 553
f 451 553 453
f 452 543 552
f 453 544 454
f 453 553 554
f 453 554 544
f 456 555 556
f 456 556 457
f 457 556 458
f 458 556 557
f 458 557 558
f 458 558 459
f 459 559 460
f 459 558 560
f 459 560 559
f 460 559 461
f 461 559 561
f 461 561 540
f 462 463 563
f 462 563 564
f 462 564 565
f 462 565 566
f 462 566 562
f 463 465 567
f 463 567 568
f 463 568 569
f 463 569 563
f 464 473 570
f 464 570 571
f 464 571 572
f 464 572 465
f 465 572 573
f 465 573 574
f 465 574 575
f 465 575 567
f 466 469 576
f 466 576 577
f 466 577 467
f 467 470 468
f 467 577 470
f 469 477 474
f 469 474 576
f 470 577 471
f 471 578 579
f 471 579 472
f 471 577 578
f 472 579 473
f 473 579 580
f 473 580 570
f 474 476 581
f 474 581 582
f 474 582 576
f 474 477 475
f 476 495 583
f 476 583 581
f 482 491 584
f 482 584 494
f 484 585 486
f 484 486 485
f 486 585 586
f 486 586 587
f 486 587 488
f 486 488 487
f 488 587 588
f 488 588 489
f 489 589 490
f 489 588 590
f 489 590 589
f 490 589 492
f 491 591 592
f 491 592 584
f 491 493 593
f 491 593 594
f 491 594 595
f 491 595 591
f 492 589 493
f 493 589 590
f 493 590 596
f 493 596 597
f 493 597 593
f 494 584 598
f 494 598 495
f 495 598 591
f 495 591 599
f 495 599 600
f 495 600 582
f 495 582 583
f 496 504 497
f 497 504 601
f 497 601 602
f 497 602 498
f 498 602 499
f 499 602 603
f 499 603 604
f 499 604 605
f 499 605 500
f 501 606 607
f 501 607 608
f 501 608 609
f 501 609 502
f 502 609 503
f 503 609 610
f 503 610 611
f 503 611 504
f 504 611 612
f 504 612 601
f 505 508 613
f 505 613 614
f 505 614 615
f 505 615 506
f 506 616 617
f 506 617 507
f 506 615 616
f 507 617 509
f 509 617 618
f 509 618 619
f 509 619 511
f 509 511 510
f 511 619 620
f 511 620 621
f 511 621 622
f 511 622 513
f 511 513 512
f 513 622 623
f 513 623 624
f 513 624 514
f 514 624 625
f 514 625 515
f 515 625 626
f 515 626 516
f 516 626 627
f 516 627 628
f 516 628 629
f 516 629 517
f 517 629 630
f 517 630 519
f 519 630 520
f 520 630 631
f 520 631 521
f 521 631 632
f 521 632 633
f 521 633 634
f 521 634 524
f 521 524 522
f 522 524 523
f 524 634 525
f 525 634 635
f 525 635 636
f 525 636 526
f 526 636 527
f 527 637 638
f 527 638 528
f 527 636 637
f 528 638 639
f 528 639 529
f 529 639 640
f 529 640 641
f 529 641 642
f 529 642 530
f 530 642 643
f 530 643 644
f 530 644 531
f 531 644 645
f 531 645 532
f 532 645 646
f 532 646 533
f 533 646 647
f 533 647 648
f 533 648 534
f 534 648 536
f 536 648 537
f 537 648 649
f 537 649 538
f 538 649 650
f 540 561 651
f 540 651 541
f 541 651 652
f 541 652 542
f 542 652 653
f 542 653 543
f 543 653 654
f 543 654 655
f 543 655 552
f 544 656 545
f 544 554 657
f 544 657 658
f 544 658 656
f 545 659 546
f 545 656 660
f 545 660 659
f 546 659 660
f 546 660 661
f 546 661 662
f 546 662 547
f 547 662 663
f 547 663 548
f 548 663 549
f 549 664 665
f 549 665 550
f 549 663 666
f 549 666 667
f 549 667 664
f 550 665 668
f 550 668 551
f 552 669 553
f 552 655 670
f 552 670 669
f 553 669 671
f 553 671 554
f 554 671 670
f 554 670 672
f 554 672 657
f 555 673 556
f 556 673 674
f 556 674 675
f 556 675 557
f 557 675 676
f 557 676 558
f 558 676 677
f 558 677 560
f 559 560 678
f 559 678 561
f 560 677 806
f 560 806 678
f 561 678 679
f 561 679 651
f 562 566 680
f 563 569 565
f 563 565 564
f 565 569 681
f 565 681 682
f 565 682 566
f 566 682 683
f 566 683 684
f 566 684 685
f 566 685 680
f 567 569 568
f 567 575 569
f 569 575 686
f 569 686 687
f 569 687 681
f 570 688 571
f 570 580 689
f 570 689 690
f 570 690 691
f 570 691 692
f 570 692 688
f 571 688 693
f 571 693 572
f 572 693 573
f 573 693 574
f 574 693 694
f 574 694 575
f 575 694 695
f 575 695 696
f 575 696 697
f 575 697 686
f 576 582 698
f 576 698 699
f 576 699 700
f 576 700 701
f 576 701 577
f 577 701 702
f 577 702 703
f 577 703 578
f 578 703 690
f 578 690 689
f 578 689 579
f 579 689 580
f 581 583 582
f 582 704 699
f 582 699 698
f 582 600 705
f 582 705 704
f 584 592 598
f 585 706 586
f 586 706 707
f 586 707 708
f 586 708 709
f 586 709 587
f 587 709 710
f 587 710 711
f 587 711 588
f 588 711 712
f 588 712 590
f 590 712 596
f 591 598 592
f 591 595 599
f 593 597 713
f 593 713 594
f 594 714 599
f 594 599 595
f 594 713 714
f 596 715 713
f 596 713 597
f 596 712 716
f 596 716 717
f 596 717 718
f 596 718 715
f 599 714 713
f 599 713 719
f 599 719 600
f 600 720 721
f 600 721 705
f 600 719 722
f 600 722 723
f 600 723 720
f 601 612 724
f 601 724 725
f 601 725 603
f 601 603 602
f 603 725 726
f 603 726 727
f 603 727 728
f 603 728 604
f 604 729 730
f 604 730 605
f 604 728 729
f 606 731 607
f 607 732 733
f 607 733 734
f 607 734 735
f 607 735 736
f 607 736 608
f 607 731 732
f 608 736 609
f 609 736 737
f 609 737 610
f 610 738 611
f 610 737 736
f 610 736 735
f 610 735 739
f 610 739 740
f 610 740 738
f 611 738 612
f 612 738 724
f 613 741 614
f 614 741 742
f 614 742 743
f 614 743 615
f 615 743 744
f 615 744 745
f 615 745 746
f 615 746 747
f 615 747 748
f 615 748 616
f 616 748 749
f 616 749 750
f 616 750 618
f 616 618 617
f 618 750 619
f 619 751 620
f 619 750 751
f 620 751 752
f 620 752 753
f 620 753 621
f 621 753 623
f 621 623 622
f 623 753 754
f 623 754 625
f 623 625 624
f 625 754 755
f 625 755 626
f 626 755 627
f 627 755 628
f 628 756 757
f 628 757 758
f 628 758 629
f 628 755 756
f 629 758 759
f 629 759 631
f 629 631 630
f 631 759 760
f 631 760 761
f 631 761 632
f 632 761 633
f 633 761 762
f 633 762 763
f 633 763 764
f 633 764 765
f 633 765 634
f 634 765 635
f 635 765 636
f 636 765 637
f 637 765 766
f 637 766 767
f 637 767 638
f 638 767 768
f 638 768 639
f 639 768 640
f 640 768 769
f 640 769 770
f 640 770 771
f 640 771 772
f 640 772 773
f 640 773 641
f 641 773 774
f 641 774 775
f 641 775 645
f 641 645 776
f 641 776 642
f 642 776 643
f 643 776 645
f 643 645 644
f 645 775 646
f 646 775 777
f 646 777 778
f 646 778 647
f 647 778 779
f 647 779 648
f 648 779 780
f 648 780 781
f 648 781 649
f 649 781 650
f 650 781 782
f 651 679 783
f 651 783 652
f 652 783 653
f 653 783 784
f 653 784 785
f 653 785 786
f 653 786 654
f 654 786 655
f 655 786 785
f 655 785 670
f 656 658 657
f 656 657 787
f 656 787 660
f 657 672 787
f 660 787 788
f 660 788 789
f 660 789 790
f 660 790 791
f 660 791 792
f 660 792 661
f 661 792 662
f 662 792 793
f 662 793 663
f 663 794 666
f 663 793 795
f 663 795 794
f 664 796 665
f 664 667 794
f 664 794 797
f 664 797 796
f 665 796 798
f 665 798 799
f 665 799 668
f 666 794 667
f 669 670 671
f 670 800 672
f 670 785 800
f 672 800 787
f 673 801 674
f 674 801 802
f 674 802 675
f 675 802 803
f 675 803 804
f 675 804 676
f 676 804 805
f 676 805 677
f 677 805 807
f 677 807 806
f 678 806 808
f 678 808 679
f 679 808 809
f 679 809 810
f 679 810 783
f 680 685 812
f 680 812 811
f 681 687 813
f 681 813 682
f 682 813 814
f 682 814 815
f 682 815 816
f 682 816 812
f 682 812 683
f 683 812 684
f 684 812 685
f 686 697 687
f 687 697 696
f 687 696 817
f 687 817 818
f 687 818 814
f 687 814 813
f 688 692 819
f 688 819 820
f 688 820 821
f 688 821 693
f 690 822 691
f 690 703 822
f 691 822 823
f 691 823 824
f 691 824 825
f 691 825 692
f 692 825 819
f 693 821 826
f 693 826 694
f 694 826 827
f 694 827 828
f 694 828 695
f 695 828 829
f 695 829 830
f 695 830 696
f 696 831 817
f 696 830 832
f 696 832 833
f 696 833 831
f 699 834 700
f 699 704 835
f 699 835 836
f 699 836 837
f 699 837 838
f 699 838 834
f 700 702 701
f 700 834 702
f 702 834 822
f 702 822 703
f 704 705 835
f 705 721 835
f 708 839 709
f 709 839 840
f 709 840 841
f 709 841 710
f 710 841 842
f 710 842 711
f 711 843 712
f 711 842 843
f 712 843 844
f 712 844 716
f 713 715 845
f 713 845 846
f 713 846 847
f 713 847 848
f 713 848 719
f 715 718 845
f 716 844 842
f 716 842 849
f 716 849 850
f 716 850 851
f 716 851 852
f 716 852 853
f 716 853 717
f 717 853 718
f 718 853 854
f 718 854 855
f 718 855 856
f 718 856 845
f 719 848 857
f 719 857 858
f 719 858 722
f 720 723 859
f 720 859 721
f 721 859 860
f 721 860 835
f 722 858 723
f 723 861 862
f 723 862 859
f 723 858 861
f 724 738 863
f 724 863 864
f 724 864 725
f 725 864 726
f 726 864 865
f 726 865 728
f 726 728 727
f 728 865 866
f 728 866 867
f 728 867 868
f 728 868 869
f 728 869 729
f 729 870 730
f 729 869 870
f 731 871 732
f 732 872 873
f 732 873 874
f 732 874 875
f 732 875 733
f 732 871 872
f 733 875 734
f 734 739 735
f 734 875 876
f 734 876 877
f 734 877 878
f 734 878 739
f 738 740 863
f 739 878 740
f 740 878 879
f 740 879 863
f 745 880 746
f 746 881 882
f 746 882 747
f 746 880 883
f 746 883 881
f 747 882 748
f 748 884 749
f 748 882 884
f 749 884 885
f 749 885 886
f 749 886 750
f 750 886 751
f 751 886 887
f 751 887 752
f 752 887 888
f 752 888 753
f 753 889 754
f 753 888 889
f 754 889 890
f 754 890 891
f 754 891 892
f 754 892 893
f 754 893 894
f 754 894 755
f 755 894 756
f 756 894 895
f 756 895 757
f 757 895 896
f 757 896 897
f 757 897 898
f 757 898 758
f 758 898 759
f 759 898 760
f 760 898 761
f 761 898 899
f 761 899 762
f 762 899 900
f 762 900 901
f 762 901 764
f 762 764 763
f 764 901 902
f 764 902 903
f 764 903 765
f 765 903 766
f 766 903 904
f 766 904 905
f 766 905 906
f 766 906 767
f 767 906 768
f 768 906 769
f 769 906 907
f 769 907 908
f 769 908 770
f 770 908 771
f 771 908 772
f 772 909 910
f 772 910 773
f 772 908 909
f 773 911 774
f 773 910 912
f 773 912 913
f 773 913 914
f 773 914 915
f 773 915 911
f 774 911 915
f 774 915 775
f 775 915 916
f 775 916 917
f 775 917 777
f 777 918 779
f 777 779 778
f 777 917 918
f 779 918 919
f 779 919 780
f 780 919 920
f 780 920 921
f 780 921 781
f 781 922 782
f 781 921 923
f 781 923 922
f 783 810 924
f 783 924 925
f 783 925 926
f 783 926 927
f 783 927 784
f 784 928 785
f 784 927 928
f 785 928 929
f 785 929 800
f 787 800 930
f 787 930 931
f 787 931 932
f 787 932 788
f 788 932 933
f 788 933 789
f 789 791 790
f 789 933 791
f 791 933 934
f 791 934 792
f 792 935 795
f 792 795 793
f 792 934 936
f 792 936 935
f 794 795 937
f 794 937 797
f 795 935 937
f 796 797 938
f 796 938 939
f 796 939 798
f 797 937 940
f 797 940 941
f 797 941 938
f 798 939 942
f 800 931 943
f 800 943 930
f 800 929 931
f 801 944 802
f 802 944 945
f 802 945 946
f 802 946 947
f 802 947 803
f 803 947 804
f 804 947 948
f 804 948 949
f 804 949 950
f 804 950 951
f 804 951 952
f 804 952 953
f 804 953 954
f 804 954 805
f 805 954 807
f 806 807 808
f 807 954 955
f 807 955 808
f 808 955 956
f 808 956 957
f 808 957 924
f 808 924 809
f 809 924 810
f 811 812 958
f 812 816 959
f 812 959 960
f 812 960 961
f 812 961 962
f 812 962 963
f 812 963 964
f 812 964 958
f 814 818 831
f 814 831 965
f 814 965 966
f 814 966 815
f 815 967 959
f 815 959 816
f 815 966 968
f 815 968 967
f 817 831 818
f 819 825 969
f 819 969 820
f 820 969 970
f 820 970 971
f 820 971 827
f 820 827 821
f 821 827 826
f 822 834 838
f 822 838 823
f 823 838 972
f 823 972 824
f 824 972 973
f 824 973 974
f 824 974 975
f 824 975 976
f 824 976 825
f 825 976 970
f 825 970 969
f 827 829 828
f 827 971 829
f 829 971 977
f 829 977 978
f 829 978 830
f 830 978 832
f 831 833 979
f 831 979 980
f 831 980 965
f 832 980 833
f 832 978 981
f 832 981 982
f 832 982 983
f 832 983 984
f 832 984 980
f 833 980 979
f 835 860 985
f 835 985 837
f 835 837 836
f 837 985 973
f 837 973 972
f 837 972 838
f 839 986 840
f 840 987 988
f 840 988 841
f 840 986 989
f 840 989 987
f 841 988 842
f 842 988 990
f 842 990 849
f 842 844 843
f 845 856 846
f 846 856 855
f 846 855 991
f 846 991 847
f 847 991 992
f 847 992 993
f 847 993 994
f 847 994 995
f 847 995 848
f 848 995 857
f 849 990 850
f 850 996 997
f 850 997 851
f 850 990 996
f 851 998 999
f 851 999 852
f 851 997 1000
f 851 1000 998
f 852 999 853
f 853 999 854
f 854 999 1001
f 854 1001 1002
f 854 1002 855
f 855 1002 1003
f 855 1003 991
f 857 995 858
f 858 995 1004
f 858 1004 1005
f 858 1005 1006
f 858 1006 861
f 859 862 860
f 860 862 985
f 861 1007 1008
f 861 1008 862
f 861 1006 1007
f 862 1008 985
f 863 879 1009
f 863 1009 1010
f 863 1010 864
f 864 1010 865
f 865 1010 866
f 866 1011 1012
f 866 1012 1013
f 866 1013 867
f 866 1010 1011
f 867 1013 1014
f 867 1014 868
f 868 1014 1015
f 868 1015 1016
f 868 1016 1017
f 868 1017 1018
f 868 1018 869
f 869 1018 1019
f 869 1019 1020
f 869 1020 870
f 871 1021 1022
f 871 1022 1023
f 871 1023 1024
f 871 1024 1025
f 871 1025 872
f 872 1025 873
f 873 1025 1026
f 873 1026 875
f 873 875 874
f 875 1026 1027
f 875 1027 1028
f 875 1028 876
f 876 1028 1029
f 876 1029 877
f 877 1029 1030
f 877 1030 878
f 878 1030 1031
f 878 1031 1032
f 878 1032 1033
f 878 1033 1034
f 878 1034 879
f 879 1034 1035
f 879 1035 1036
f 879 1036 1009
f 881 1037 1038
f 881 1038 1039
f 881 1039 1040
f 881 1040 882
f 881 883 1041
f 881 1041 1042
f 881 1042 1037
f 882 1040 1043
f 882 1043 884
f 884 1043 885
f 885 1044 1045
f 885 1045 886
f 885 1043 1044
f 886 1045 1046
f 886 1046 887
f 887 1047 1048
f 887 1048 1049
f 887 1049 888
f 887 1046 1047
f 888 1049 890
f 888 890 889
f 890 1049 891
f 891 1050 1051
f 891 1051 892
f 891 1049 1050
f 892 1052 1053
f 892 1053 1054
f 892 1054 893
f 892 1051 1052
f 893 1054 894
f 894 1054 895
f 895 1054 1055
f 895 1055 896
f 896 1055 1056
f 896 1056 897
f 897 1056 1057
f 897 1057 1058
f 897 1058 899
f 897 899 898
f 899 1058 1059
f 899 1059 1060
f 899 1060 900
f 900 1060 1061
f 900 1061 1062
f 900 1062 902
f 900 902 901
f 902 1062 903
f 903 1062 1063
f 903 1063 904
f 904 1063 1064
f 904 1064 1065
f 904 1065 905
f 905 1065 1066
f 905 1066 907
f 905 907 906
f 907 1066 1067
f 907 1067 1068
f 907 1068 909
f 907 909 908
f 909 1068 1069
f 909 1069 1070
f 909 1070 1003
f 909 1003 1071
f 909 1071 910
f 910 1071 1003
f 910 1003 1072
f 910 1072 912
f 912 1072 998
f 912 998 1073
f 912 1073 1000
f 912 1000 913
f 913 1000 914
f 914 917 915
f 914 1000 917
f 915 917 916
f 917 1000 997
f 917 997 1074
f 917 1074 1075
f 917 1075 918
f 918 1075 919
f 919 1075 1074
f 919 1074 997
f 919 997 1076
f 919 1076 1077
f 919 1077 920
f 920 1077 1078
f 920 1078 1079
f 920 1079 921
f 921 1079 1080
f 921 1080 923
f 924 957 925
f 925 957 1081
f 925 1081 1082
f 925 1082 1083
f 925 1083 926
f 926 1083 927
f 927 1083 1084
f 927 1084 1085
f 927 1085 928
f 928 1086 929
f 928 1085 1087
f 928 1087 1088
f 928 1088 1086
f 929 1086 931
f 930 943 931
f 931 1086 932
f 932 1089 933
f 932 1086 1090
f 932 1090 1089
f 933 1089 1091
f 933 1091 1092
f 933 1092 1093
f 933 1093 934
f 934 1093 936
f 935 1094 940
f 935 940 937
f 935 936 1094
f 936 1093 1094
f 938 941 939
f 939 1095 942
f 939 941 1096
f 939 1096 1095
f 940 1094 1097
f 940 1097 1098
f 940 1098 1099
f 940 1099 941
f 941 1099 1096
f 942 1095 1101
f 942 1101 1100
f 945 1102 946
f 946 1102 1103
f 946 1103 947
f 947 1103 948
f 948 1103 1104
f 948 1104 949
f 949 1104 1105
f 949 1105 950
f 950 1105 1106
f 950 1106 1107
f 950 1107 951
f 951 1107 952
f 952 1107 1108
f 952 1108 1109
f 952 1109 953
f 953 955 954
f 953 1109 955
f 955 1109 956
f 956 1109 957
f 957 1109 1110
f 957 1110 1111
f 957 1111 1081
f 958 964 1113
f 958 1113 1114
f 958 1114 1115
f 958 1115 1116
f 958 1116 1117
f 958 1117 1112
f 959 967 961
f 959 961 960
f 961 967 1118
f 961 1118 1119
f 961 1119 1120
f 961 1120 1121
f 961 1121 1122
f 961 1122 1123
f 961 1123 1124
f 961 1124 962
f 962 1124 963
f 963 1124 964
f 964 1124 1125
f 964 1125 1113
f 965 980 966
f 966 980 1126
f 966 1126 1127
f 966 1127 1128
f 966 1128 968
f 967 968 1128
f 967 1128 1118
f 970 976 1129
f 970 1129 1130
f 970 1130 971
f 971 1130 977
f 973 985 1131
f 973 1131 974
f 974 1132 975
f 974 1131 1133
f 974 1133 1132
f 975 1132 976
f 976 1132 1129
f 977 1130 1134
f 977 1134 981
f 977 981 978
f 980 1135 1126
f 980 984 1136
f 980 1136 1137
f 980 1137 1138
f 980 1138 1139
f 980 1139 1140
f 980 1140 1135
f 981 1134 1141
f 981 1141 1142
f 981 1142 982
f 982 1142 1143
f 982 1143 983
f 983 1143 1137
f 983 1137 984
f 984 1137 1136
f 985 1144 1131
f 985 1008 1144
f 986 1145 1079
f 986 1079 989
f 987 989 988
f 988 989 1146
f 988 1146 1077
f 988 1077 990
f 989 1079 1147
f 989 1147 1146
f 990 1077 996
f 991 1003 1148
f 991 1148 1149
f 991 1149 993
f 991 993 992
f 993 1149 1150
f 993 1150 1151
f 993 1151 994
f 994 1004 995
f 994 1151 1152
f 994 1152 1004
f 996 1077 997
f 997 1077 1076
f 998 1072 1002
f 998 1002 1001
f 998 1001 999
f 998 1000 1073
f 1002 1072 1003
f 1003 1070 1069
f 1003 1069 1153
f 1003 1153 1154
f 1003 1154 1148
f 1004 1152 1005
f 1005 1155 1156
f 1005 1156 1007
f 1005 1007 1006
f 1005 1152 1157
f 1005 1157 1155
f 1007 1158 1144
f 1007 1144 1008
f 1007 1156 1158
f 1009 1036 1159
f 1009 1159 1160
f 1009 1160 1010
f 1010 1160 1011
f 1011 1160 1012
f 1012 1160 1161
f 1012 1161 1013
f 1013 1161 1162
f 1013 1162 1163
f 1013 1163 1014
f 1014 1163 1015
f 1015 1163 1164
f 1015 1164 1016
f 1016 1164 1165
f 1021 1166 1167
f 1021 1167 1168
f 1021 1168 1022
f 1022 1168 1023
f 1023 1168 1169
f 1023 1169 1170
f 1023 1170 1024
f 1024 1170 1171
f 1024 1171 1026
f 1024 1026 1025
f 1026 1171 1027
f 1027 1171 1028
f 1028 1171 1172
f 1028 1172 1173
f 1028 1173 1029
f 1029 1174 1030
f 1029 1173 1174
f 1030 1174 1031
f 1031 1174 1175
f 1031 1175 1176
f 1031 1176 1032
f 1032 1177 1178
f 1032 1178 1179
f 1032 1179 1180
f 1032 1180 1181
f 1032 1181 1182
f 1032 1182 1033
f 1032 1176 1175
f 1032 1175 1177
f 1033 1182 1183
f 1033 1183 1034
f 1034 1183 1035
f 1035 1183 1036
f 1036 1183 1184
f 1036 1184 1185
f 1036 1185 1160
f 1036 1160 1159
f 1037 1186 1187
f 1037 1187 1038
f 1037 1042 1186
f 1038 1187 1039
f 1039 1043 1040
f 1039 1187 1188
f 1039 1188 1189
f 1039 1189 1190
f 1039 1190 1191
f 1039 1191 1192
f 1039 1192 1043
f 1042 1193 1186
f 1043 1192 1044
f 1044 1192 1194
f 1044 1194 1195
f 1044 1195 1045
f 1045 1195 1196
f 1045 1196 1197
f 1045 1197 1046
f 1046 1197 1047
f 1047 1198 1048
f 1047 1197 1196
f 1047 1196 1198
f 1048 1199 1200
f 1048 1200 1201
f 1048 1201 1202
f 1048 1202 1049
f 1048 1198 1199
f 1049 1202 1050
f 1050 1202 1203
f 1050 1203 1051
f 1051 1203 1204
f 1051 1204 1052
f 1052 1204 1053
f 1053 1204 1205
f 1053 1205 1206
f 1053 1206 1207
f 1053 1207 1055
f 1053 1055 1054
f 1055 1207 1208
f 1055 1208 1056
f 1056 1208 1057
f 1057 1208 1209
f 1057 1209 1210
f 1057 1210 1211
f 1057 1211 1059
f 1057 1059 1058
f 1059 1211 1060
f 1060 1211 1210
f 1060 1210 1061
f 1061 1210 1212
f 1061 1212 1062
f 1062 1212 1063
f 1063 1212 1213
f 1063 1213 1214
f 1063 1214 1064
f 1064 1214 1215
f 1064 1215 1065
f 1065 1215 1216
f 1065 1216 1217
f 1065 1217 1067
f 1065 1067 1066
f 1067 1217 1218
f 1067 1218 1068
f 1068 1218 1219
f 1068 1219 1069
f 1069 1219 1153
f 1077 1146 1220
f 1077 1220 1078
f 1078 1220 1147
f 1078 1147 1079
f 1079 1145 1080
f 1081 1111 1221
f 1081 1221 1222
f 1081 1222 1223
f 1081 1223 1082
f 1082 1224 1225
f 1082 1225 1083
f 1082 1223 1226
f 1082 1226 1224
f 1083 1225 1224
f 1083 1224 1084
f 1084 1224 1227
f 1084 1227 1228
f 1084 1228 1229
f 1084 1229 1085
f 1085 1229 1087
f 1086 1088 1230
f 1086 1230 1231
f 1086 1231 1090
f 1087 1229 1088
f 1088 1229 1230
f 1089 1232 1091
f 1089 1090 1233
f 1089 1233 1234
f 1089 1234 1232
f 1090 1231 1235
f 1090 1235 1236
f 1090 1236 1233
f 1091 1232 1237
f 1091 1237 1238
f 1091 1238 1239
f 1091 1239 1240
f 1091 1240 1241
f 1091 1241 1242
f 1091 1242 1092
f 1092 1242 1093
f 1093 1242 1243
f 1093 1243 1097
f 1093 1097 1094
f 1095 1244 1101
f 1095 1096 1245
f 1095 1245 1244
f 1096 1099 1245
f 1097 1243 1246
f 1097 1246 1247
f 1097 1247 1248
f 1097 1248 1098
f 1098 1248 1099
f 1099 1248 1249
f 1099 1249 1245
f 1100 1101 1250
f 1101 1244 1251
f 1101 1251 1250
f 1102 1252 1103
f 1103 1252 1253
f 1103 1253 1104
f 1104 1253 1105
f 1105 1253 1254
f 1105 1254 1255
f 1105 1255 1106
f 1106 1255 1256
f 1106 1256 1257
f 1106 1257 1258
f 1106 1258 1259
f 1106 1259 1107
f 1107 1259 1108
f 1108 1260 1109
f 1108 1259 1261
f 1108 1261 1260
f 1109 1260 1262
f 1109 1262 1110
f 1110 1262 1263
f 1110 1263 1111
f 1111 1264 1265
f 1111 1265 1266
f 1111 1266 1267
f 1111 1267 1268
f 1111 1268 1269
f 1111 1269 1270
f 1111 1270 1221
f 1111 1263 1262
f 1111 1262 1264
f 1112 1117 1271
f 1113 1125 1114
f 1114 1125 1124
f 1114 1124 1272
f 1114 1272 1273
f 1114 1273 1274
f 1114 1274 1115
f 1115 1274 1116
f 1116 1274 1273
f 1116 1273 1275
f 1116 1275 1276
f 1116 1276 1277
f 1116 1277 1278
f 1116 1278 1279
f 1116 1279 1117
f 1117 1279 1278
f 1117 1278 1271
f 1118 1128 1280
f 1118 1280 1281
f 1118 1281 1119
f 1119 1282 1283
f 1119 1283 1121
f 1119 1121 1120
f 1119 1281 1284
f 1119 1284 1282
f 1121 1283 1122
f 1122 1273 1123
f 1122 1283 1275
f 1122 1275 1273
f 1123 1273 1124
f 1124 1273 1272
f 1126 1135 1127
f 1127 1135 1285
f 1127 1285 1128
f 1128 1285 1286
f 1128 1286 1287
f 1128 1287 1280
f 1129 1132 1133
f 1129 1133 1288
f 1129 1288 1289
f 1129 1289 1130
f 1130 1289 1134
f 1131 1144 1290
f 1131 1290 1133
f 1133 1290 1291
f 1133 1291 1292
f 1133 1292 1288
f 1134 1289 1293
f 1134 1293 1141
f 1135 1140 1294
f 1135 1294 1295
f 1135 1295 1296
f 1135 1296 1286
f 1135 1286 1285
f 1137 1143 1297
f 1137 1297 1138
f 1138 1297 1298
f 1138 1298 1139
f 1139 1298 1299
f 1139 1299 1300
f 1139 1300 1295
f 1139 1295 1294
f 1139 1294 1140
f 1141 1293 1301
f 1141 1301 1302
f 1141 1302 1303
f 1141 1303 1297
f 1141 1297 1142
f 1142 1297 1143
f 1144 1158 1304
f 1144 1304 1290
f 1146 1147 1220
f 1148 1154 1149
f 1149 1154 1150
f 1150 1305 1306
f 1150 1306 1152
f 1150 1152 1151
f 1150 1154 1307
f 1150 1307 1308
f 1150 1308 1305
f 1152 1306 1157
f 1153 1219 1307
f 1153 1307 1154
f 1155 1309 1156
f 1155 1157 1310
f 1155 1310 1311
f 1155 1311 1309
f 1156 1309 1312
f 1156 1312 1313
f 1156 1313 1314
f 1156 1314 1158
f 1157 1306 1305
f 1157 1305 1315
f 1157 1315 1310
f 1158 1314 1313
f 1158 1313 1304
f 1160 1185 1161
f 1161 1185 1316
f 1161 1316 1317
f 1161 1317 1318
f 1161 1318 1162
f 1162 1318 1163
f 1163 1318 1319
f 1163 1319 1164
f 1164 1319 1320
f 1164 1320 1165
f 1165 1320 1321
f 1166 1322 1323
f 1166 1323 1324
f 1166 1324 1325
f 1166 1325 1326
f 1166 1326 1327
f 1166 1327 1167
f 1167 1327 1328
f 1167 1328 1329
f 1167 1329 1330
f 1167 1330 1168
f 1168 1330 1169
f 1169 1330 1328
f 1169 1328 1331
f 1169 1331 1332
f 1169 1332 1333
f 1169 1333 1170
f 1170 1333 1171
f 1171 1333 1332
f 1171 1332 1334
f 1171 1334 1335
f 1171 1335 1172
f 1172 1335 1173
f 1173 1335 1336
f 1173 1336 1175
f 1173 1175 1174
f 1175 1336 1337
f 1175 1337 1177
f 1177 1337 1338
f 1177 1338 1339
f 1177 1339 1178
f 1178 1339 1340
f 1178 1340 1179
f 1179 1340 1180
f 1180 1341 1342
f 1180 1342 1181
f 1180 1340 1343
f 1180 1343 1344
f 1180 1344 1345
f 1180 1345 1346
f 1180 1346 1347
f 1180 1347 1341
f 1181 1348 1184
f 1181 1184 1182
f 1181 1342 1348
f 1182 1184 1183
f 1184 1348 1185
f 1185 1348 1316
f 1186 1193 1349
f 1186 1349 1350
f 1186 1350 1188
f 1186 1188 1187
f 1188 1351 1189
f 1188 1350 1351
f 1189 1352 1353
f 1189 1353 1354
f 1189 1354 1355
f 1189 1355 1190
f 1189 1351 1356
f 1189 1356 1357
f 1189 1357 1352
f 1190 1355 1191
f 1191 1355 1358
f 1191 1358 1194
f 1191 1194 1192
f 1194 1359 1360
f 1194 1360 1361
f 1194 1361 1195
f 1194 1358 1359
f 1195 1361 1362
f 1195 1362 1196
f 1196 1362 1198
f 1198 1362 1363
f 1198 1363 1200
f 1198 1200 1199
f 1200 1364 1365
f 1200 1365 1366
f 1200 1366 1367
f 1200 1367 1201
f 1200 1363 1368
f 1200 1368 1369
f 1200 1369 1364
f 1201 1367 1202
f 1202 1367 1203
f 1203 1367 1370
f 1203 1370 1204
f 1204 1370 1371
f 1204 1371 1205
f 1205 1372 1206
f 1205 1371 1372
f 1206 1373 1207
f 1206 1372 1374
f 1206 1374 1375
f 1206 1375 1373
f 1207 1373 1208
f 1208 1373 1376
f 1208 1376 1209
f 1209 1376 1377
f 1209 1377 1375
f 1209 1375 1378
f 1209 1378 1379
f 1209 1379 1380
f 1209 1380 1210
f 1210 1380 1381
f 1210 1381 1212
f 1212 1381 1382
f 1212 1382 1213
f 1213 1382 1383
f 1213 1383 1214
f 1214 1383 1384
f 1214 1384 1215
f 1215 1384 1385
f 1215 1385 1386
f 1215 1386 1216
f 1216 1386 1387
f 1216 1387 1308
f 1216 1308 1307
f 1216 1307 1219
f 1216 1219 1218
f 1216 1218 1217
f 1221 1270 1222
f 1222 1270 1223
f 1223 1270 1388
f 1223 1388 1227
f 1223 1227 1224
f 1223 1224 1226
f 1227 1389 1390
f 1227 1390 1228
f 1227 1388 1389
f 1228 1390 1229
f 1229 1390 1391
f 1229 1391 1230
f 1230 1391 1231
f 1231 1391 1392
f 1231 1392 1393
f 1231 1393 1235
f 1232 1234 1237
f 1233 1236 1394
f 1233 1394 1234
f 1234 1394 1395
f 1234 1395 1396
f 1234 1396 1397
f 1234 1397 1237
f 1235 1393 1394
f 1235 1394 1236
f 1237 1397 1238
f 1238 1397 1398
f 1238 1398 1399
f 1238 1399 1400
f 1238 1400 1401
f 1238 1401 1239
f 1239 1401 1402
f 1239 1402 1240
f 1240 1242 1241
f 1240 1402 1403
f 1240 1403 1404
f 1240 1404 1405
f 1240 1405 1406
f 1240 1406 1246
f 1240 1246 1243
f 1240 1243 1242
f 1244 1245 1407
f 1244 1407 1408
f 1244 1408 1251
f 1245 1249 1409
f 1245 1409 1407
f 1246 1406 1247
f 1247 1410 1411
f 1247 1411 1248
f 1247 1406 1410
f 1248 1411 1249
f 1249 1411 1409
f 1250 1251 1412
f 1251 1408 1413
f 1251 1413 1414
f 1251 1414 1415
f 1251 1415 1412
f 1254 1416 1255
f 1255 1416 1417
f 1255 1417 1256
f 1256 1417 1418
f 1256 1418 1257
f 1257 1418 1419
f 1257 1419 1420
f 1257 1420 1258
f 1258 1261 1259
f 1258 1420 1421
f 1258 1421 1422
f 1258 1422 1423
f 1258 1423 1261
f 1260 1261 1424
f 1260 1424 1264
f 1260 1264 1262
f 1261 1423 1422
f 1261 1422 1424
f 1264 1424 1265
f 1265 1424 1425
f 1265 1425 1426
f 1265 1426 1427
f 1265 1427 1266
f 1266 1427 1428
f 1266 1428 1429
f 1266 1429 1267
f 1267 1430 1431
f 1267 1431 1268
f 1267 1429 1432
f 1267 1432 1430
f 1268 1433 1269
f 1268 1431 1433
f 1269 1434 1270
f 1269 1433 1431
f 1269 1431 1434
f 1270 1435 1388
f 1270 1434 1436
f 1270 1436 1435
f 1271 1278 1437
f 1271 1437 1438
f 1271 1438 1322
f 1275 1283 1282
f 1275 1282 1439
f 1275 1439 1440
f 1275 1440 1276
f 1276 1440 1277
f 1277 1440 1441
f 1277 1441 1278
f 1278 1441 1442
f 1278 1442 1437
f 1280 1287 1281
f 1281 1287 1286
f 1281 1286 1443
f 1281 1443 1444
f 1281 1444 1284
f 1282 1284 1445
f 1282 1445 1446
f 1282 1446 1447
f 1282 1447 1439
f 1284 1444 1445
f 1286 1296 1295
f 1286 1295 1448
f 1286 1448 1449
f 1286 1449 1443
f 1288 1292 1450
f 1288 1450 1289
f 1289 1450 1293
f 1290 1304 1291
f 1291 1304 1451
f 1291 1451 1452
f 1291 1452 1292
f 1292 1453 1450
f 1292 1452 1453
f 1293 1450 1301
f 1295 1300 1454
f 1295 1454 1455
f 1295 1455 1448
f 1297 1303 1302
f 1297 1302 1456
f 1297 1456 1457
f 1297 1457 1458
f 1297 1458 1298
f 1298 1458 1299
f 1299 1458 1459
f 1299 1459 1460
f 1299 1460 1300
f 1300 1460 1454
f 1301 1453 1461
f 1301 1461 1462
f 1301 1462 1302
f 1301 1450 1453
f 1302 1462 1463
f 1302 1463 1456
f 1304 1313 1451
f 1305 1308 1315
f 1308 1387 1315
f 1309 1464 1312
f 1309 1311 1464
f 1310 1315 1465
f 1310 1465 1466
f 1310 1466 1311
f 1311 1466 1467
f 1311 1467 1464
f 1312 1464 1468
f 1312 1468 1469
f 1312 1469 1313
f 1313 1469 1451
f 1315 1387 1465
f 1316 1470 1471
f 1316 1471 1472
f 1316 1472 1317
f 1316 1348 1470
f 1317 1472 1473
f 1317 1473 1318
f 1318 1473 1474
f 1318 1474 1319
f 1319 1474 1475
f 1319 1475 1320
f 1320 1475 1476
f 1320 1476 1321
f 1321 1476 1477
f 1322 1438 1323
f 1323 1478 1327
f 1323 1327 1324
f 1323 1438 1479
f 1323 1479 1480
f 1323 1480 1481
f 1323 1481 1478
f 1324 1327 1482
f 1324 1482 1325
f 1325 1482 1327
f 1325 1327 1326
f 1327 1478 1481
f 1327 1481 1483
f 1327 1483 1484
f 1327 1484 1485
f 1327 1485 1328
f 1328 1485 1486
f 1328 1486 1331
f 1328 1330 1329
f 1331 1486 1332
f 1332 1487 1334
f 1332 1486 1488
f 1332 1488 1489
f 1332 1489 1487
f 1334 1487 1490
f 1334 1490 1335
f 1335 1490 1491
f 1335 1491 1336
f 1336 1491 1337
f 1337 1492 1338
f 1337 1491 1492
f 1338 1492 1493
f 1338 1493 1340
f 1338 1340 1339
f 1340 1493 1343
f 1341 1494 1342
f 1341 1347 1495
f 1341 1495 1494
f 1342 1494 1470
f 1342 1470 1348
f 1343 1496 1497
f 1343 1497 1498
f 1343 1498 1499
f 1343 1499 1500
f 1343 1500 1501
f 1343 1501 1344
f 1343 1493 1496
f 1344 1501 1345
f 1345 1501 1502
f 1345 1502 1503
f 1345 1503 1504
f 1345 1504 1346
f 1346 1504 1505
f 1346 1505 1506
f 1346 1506 1507
f 1346 1507 1508
f 1346 1508 1509
f 1346 1509 1510
f 1346 1510 1511
f 1346 1511 1512
f 1346 1512 1347
f 1347 1512 1495
f 1349 1513 1350
f 1350 1514 1351
f 1350 1513 1515
f 1350 1515 1514
f 1351 1514 1356
f 1352 1357 1516
f 1352 1516 1517
f 1352 1517 1518
f 1352 1518 1353
f 1353 1518 1519
f 1353 1519 1354
f 1354 1519 1355
f 1355 1519 1358
f 1356 1514 1357
f 1357 1514 1520
f 1357 1520 1521
f 1357 1521 1522
f 1357 1522 1523
f 1357 1523 1516
f 1358 1519 1359
f 1359 1524 1525
f 1359 1525 1360
f 1359 1519 1524
f 1360 1525 1526
f 1360 1526 1368
f 1360 1368 1362
f 1360 1362 1361
f 1362 1368 1363
f 1364 1369 1527
f 1364 1527 1528
f 1364 1528 1529
f 1364 1529 1530
f 1364 1530 1365
f 1365 1530 1531
f 1365 1531 1366
f 1366 1531 1532
f 1366 1532 1533
f 1366 1533 1370
f 1366 1370 1367
f 1368 1526 1527
f 1368 1527 1369
f 1370 1533 1371
f 1371 1533 1534
f 1371 1534 1372
f 1372 1534 1374
f 1373 1375 1377
f 1373 1377 1376
f 1374 1534 1535
f 1374 1535 1536
f 1374 1536 1375
f 1375 1536 1378
f 1378 1536 1537
f 1378 1537 1379
f 1379 1538 1539
f 1379 1539 1540
f 1379 1540 1541
f 1379 1541 1542
f 1379 1542 1380
f 1379 1537 1538
f 1380 1542 1541
f 1380 1541 1543
f 1380 1543 1381
f 1381 1543 1544
f 1381 1544 1382
f 1382 1544 1545
f 1382 1545 1383
f 1383 1545 1546
f 1383 1546 1547
f 1383 1547 1384
f 1384 1547 1548
f 1384 1548 1385
f 1385 1548 1386
f 1386 1548 1549
f 1386 1549 1387
f 1387 1549 1465
f 1388 1435 1550
f 1388 1550 1551
f 1388 1551 1389
f 1389 1551 1390
f 1390 1551 1552
f 1390 1552 1391
f 1391 1552 1392
f 1392 1552 1394
f 1392 1394 1393
f 1394 1552 1553
f 1394 1553 1554
f 1394 1554 1395
f 1395 1555 1397
f 1395 1397 1396
f 1395 1554 1555
f 1397 1555 1398
f 1398 1556 1557
f 1398 1557 1399
f 1398 1555 1558
f 1398 1558 1559
f 1398 1559 1556
f 1399 1557 1400
f 1400 1557 1560
f 1400 1560 1561
f 1400 1561 1401
f 1401 1403 1402
f 1401 1561 1562
f 1401 1562 1403
f 1403 1562 1563
f 1403 1563 1564
f 1403 1564 1404
f 1404 1564 1565
f 1404 1565 1566
f 1404 1566 1405
f 1405 1567 1406
f 1405 1566 1567
f 1406 1567 1568
f 1406 1568 1410
f 1407 1569 1408
f 1407 1409 1569
f 1408 1569 1570
f 1408 1570 1413
f 1409 1411 1410
f 1409 1410 1571
f 1409 1571 1572
f 1409 1572 1569
f 1410 1568 1573
f 1410 1573 1574
f 1410 1574 1575
f 1410 1575 1571
f 1413 1570 1576
f 1413 1576 1414
f 1414 1576 1577
f 1414 1577 1415
f 1417 1578 1418
f 1418 1578 1579
f 1418 1579 1580
f 1418 1580 1581
f 1418 1581 1582
f 1418 1582 1583
f 1418 1583 1584
f 1418 1584 1419
f 1419 1584 1585
f 1419 1585 1420
f 1420 1585 1421
f 1421 1585 1586
f 1421 1586 1422
f 1422 1586 1587
f 1422 1587 1426
f 1422 1426 1588
f 1422 1588 1425
f 1422 1425 1424
f 1425 1588 1426
f 1426 1587 1427
f 1427 1587 1589
f 1427 1589 1428
f 1428 1589 1429
f 1429 1589 1590
f 1429 1590 1591
f 1429 1591 1592
f 1429 1592 1593
f 1429 1593 1594
f 1429 1594 1432
f 1430 1595 1431
f 1430 1432 1594
f 1430 1594 1596
f 1430 1596 1595
f 1431 1595 1597
f 1431 1597 1598
f 1431 1598 1434
f 1434 1598 1597
f 1434 1597 1599
f 1434 1599 1436
f 1435 1436 1600
f 1435 1600 1550
f 1436 1599 1601
f 1436 1601 1602
f 1436 1602 1600
f 1437 1442 1479
f 1437 1479 1438
f 1439 1603 1440
f 1439 1447 1604
f 1439 1604 1603
f 1440 1603 1605
f 1440 1605 1441
f 1441 1605 1606
f 1441 1606 1479
f 1441 1479 1442
f 1443 1449 1607
f 1443 1607 1608
f 1443 1608 1609
f 1443 1609 1610
f 1443 1610 1444
f 1444 1610 1445
f 1445 1610 1611
f 1445 1611 1446
f 1446 1611 1447
f 1447 1611 1612
f 1447 1612 1613
f 1447 1613 1614
f 1447 1614 1604
f 1448 1455 1615
f 1448 1615 1616
f 1448 1616 1449
f 1449 1616 1617
f 1449 1617 1607
f 1451 1469 1618
f 1451 1618 1619
f 1451 1619 1620
f 1451 1620 1452
f 1452 1620 1453
f 1453 1620 1461
f 1454 1460 1621
f 1454 1621 1622
f 1454 1622 1623
f 1454 1623 1615
f 1454 1615 1455
f 1456 1463 1457
f 1457 1463 1624
f 1457 1624 1625
f 1457 1625 1626
f 1457 1626 1458
f 1458 1626 1459
f 1459 1626 1627
f 1459 1627 1460
f 1460 1627 1621
f 1461 1620 1628
f 1461 1628 1629
f 1461 1629 1630
f 1461 1630 1631
f 1461 1631 1632
f 1461 1632 1462
f 1462 1632 1463
f 1463 1632 1624
f 1464 1633 1468
f 1464 1467 1633
f 1465 1549 1634
f 1465 1634 1466
f 1466 1635 1467
f 1466 1634 1635
f 1467 1635 1636
f 1467 1636 1633
f 1468 1633 1637
f 1468 1637 1618
f 1468 1618 1469
f 1470 1494 1495
f 1470 1495 1471
f 1471 1495 1638
f 1471 1638 1472
f 1472 1638 1639
f 1472 1639 1473
f 1473 1639 1640
f 1473 1640 1474
f 1474 1640 1641
f 1474 1641 1475
f 1475 1641 1642
f 1475 1642 1476
f 1476 1642 1477
f 1477 1642 1643
f 1479 1606 1480
f 1480 1606 1481
f 1481 1606 1644
f 1481 1644 1645
f 1481 1645 1646
f 1481 1646 1483
f 1483 1646 1484
f 1484 1646 1647
f 1484 1647 1485
f 1485 1647 1648
f 1485 1648 1649
f 1485 1649 1489
f 1485 1489 1488
f 1485 1488 1486
f 1487 1489 1650
f 1487 1650 1490
f 1489 1649 1651
f 1489 1651 1650
f 1490 1650 1652
f 1490 1652 1653
f 1490 1653 1491
f 1491 1653 1492
f 1492 1653 1654
f 1492 1654 1655
f 1492 1655 1496
f 1492 1496 1493
f 1495 1512 1511
f 1495 1511 1656
f 1495 1656 1638
f 1496 1657 1658
f 1496 1658 1659
f 1496 1659 1497
f 1496 1655 1660
f 1496 1660 1657
f 1497 1659 1661
f 1497 1661 1498
f 1498 1662 1499
f 1498 1661 1663
f 1498 1663 1664
f 1498 1664 1503
f 1498 1503 1662
f 1499 1662 1502
f 1499 1502 1500
f 1500 1502 1501
f 1502 1662 1503
f 1503 1664 1665
f 1503 1665 1666
f 1503 1666 1667
f 1503 1667 1668
f 1503 1668 1504
f 1504 1668 1667
f 1504 1667 1505
f 1505 1667 1506
f 1506 1667 1669
f 1506 1669 1670
f 1506 1670 1671
f 1506 1671 1672
f 1506 1672 1507
f 1507 1509 1508
f 1507 1672 1673
f 1507 1673 1674
f 1507 1674 1509
f 1509 1674 1675
f 1509 1675 1676
f 1509 1676 1677
f 1509 1677 1678
f 1509 1678 1679
f 1509 1679 1510
f 1510 1679 1656
f 1510 1656 1511
f 1514 1515 1680
f 1514 1680 1681
f 1514 1681 1520
f 1516 1523 1682
f 1516 1682 1683
f 1516 1683 1517
f 1517 1683 1518
f 1518 1683 1684
f 1518 1684 1685
f 1518 1685 1524
f 1518 1524 1519
f 1520 1681 1686
f 1520 1686 1521
f 1521 1687 1522
f 1521 1686 1688
f 1521 1688 1689
f 1521 1689 1687
f 1522 1687 1690
f 1522 1690 1523
f 1523 1691 1682
f 1523 1690 1691
f 1524 1685 1525
f 1525 1685 1692
f 1525 1692 1526
f 1526 1693 1694
f 1526 1694 1695
f 1526 1695 1527
f 1526 1692 1696
f 1526 1696 1693
f 1527 1695 1694
f 1527 1694 1697
f 1527 1697 1528
f 1528 1698 1529
f 1528 1697 1698
f 1529 1698 1699
f 1529 1699 1700
f 1529 1700 1701
f 1529 1701 1530
f 1530 1701 1531
f 1531 1701 1702
f 1531 1702 1532
f 1532 1702 1703
f 1532 1703 1704
f 1532 1704 1534
f 1532 1534 1533
f 1534 1704 1535
f 1535 1704 1705
f 1535 1705 1706
f 1535 1706 1536
f 1536 1706 1707
f 1536 1707 1537
f 1537 1707 1708
f 1537 1708 1709
f 1537 1709 1538
f 1538 1709 1539
f 1539 1710 1540
f 1539 1709 1708
f 1539 1708 1711
f 1539 1711 1712
f 1539 1712 1713
f 1539 1713 1710
f 1540 1710 1541
f 1541 1544 1543
f 1541 1710 1714
f 1541 1714 1544
f 1544 1714 1545
f 1545 1714 1715
f 1545 1715 1716
f 1545 1716 1546
f 1546 1716 1717
f 1546 1717 1547
f 1547 1717 1718
f 1547 1718 1549
f 1547 1549 1548
f 1549 1718 1634
f 1550 1600 1551
f 1551 1600 1719
f 1551 1719 1720
f 1551 1720 1721
f 1551 1721 1552
f 1552 1722 1723
f 1552 1723 1553
f 1552 1721 1724
f 1552 1724 1722
f 1553 1723 1554
f 1554 1723 1725
f 1554 1725 1555
f 1555 1725 1726
f 1555 1726 1558
f 1556 1560 1557
f 1556 1559 1560
f 1558 1726 1559
f 1559 1726 1727
f 1559 1727 1728
f 1559 1728 1729
f 1559 1729 1730
f 1559 1730 1731
f 1559 1731 1732
f 1559 1732 1560
f 1560 1732 1733
f 1560 1733 1734
f 1560 1734 1561
f 1561 1734 1562
f 1562 1734 1735
f 1562 1735 1563
f 1563 1735 1564
f 1564 1735 1565
f 1565 1735 1736
f 1565 1736 1737
f 1565 1737 1738
f 1565 1738 1566
f 1566 1739 1567
f 1566 1738 1740
f 1566 1740 1741
f 1566 1741 1739
f 1567 1742 1573
f 1567 1573 1568
f 1567 1739 1743
f 1567 1743 1742
f 1569 1572 1744
f 1569 1744 1570
f 1570 1744 1745
f 1570 1745 1576
f 1571 1575 1572
f 1572 1575 1746
f 1572 1746 1744
f 1573 1747 1748
f 1573 1748 1749
f 1573 1749 1574
f 1573 1742 1750
f 1573 1750 1747
f 1574 1749 1751
f 1574 1751 1575
f 1575 1751 1746
f 1576 1752 1920
f 1576 1920 1753
f 1576 1753 1754
f 1576 1754 1577
f 1576 1745 1752
f 1581 1755 1756
f 1581 1756 1583
f 1581 1583 1582
f 1583 1756 1757
f 1583 1757 1758
f 1583 1758 1585
f 1583 1585 1584
f 1585 1758 1586
f 1586 1758 1759
f 1586 1759 1587
f 1587 1759 1760
f 1587 1760 1761
f 1587 1761 1590
f 1587 1590 1589
f 1590 1762 1763
f 1590 1763 1764
f 1590 1764 1765
f 1590 1765 1591
f 1590 1761 1762
f 1591 1765 1766
f 1591 1766 1672
f 1591 1672 1592
f 1592 1672 1767
f 1592 1767 1768
f 1592 1768 1769
f 1592 1769 1770
f 1592 1770 1771
f 1592 1771 1593
f 1593 1771 1596
f 1593 1596 1594
f 1595 1596 1772
f 1595 1772 1597
f 1596 1771 1773
f 1596 1773 1774
f 1596 1774 1775
f 1596 1775 1776
f 1596 1776 1772
f 1597 1772 1599
f 1599 1772 1601
f 1600 1602 1777
f 1600 1777 1778
f 1600 1778 1779
f 1600 1779 1719
f 1601 1772 1602
f 1602 1772 1780
f 1602 1780 1777
f 1603 1781 1782
f 1603 1782 1783
f 1603 1783 1605
f 1603 1604 1784
f 1603 1784 1785
f 1603 1785 1786
f 1603 1786 1781
f 1604 1614 1784
f 1605 1644 1606
f 1605 1783 1644
f 1607 1617 1787
f 1607 1787 1788
f 1607 1788 1789
f 1607 1789 1609
f 1607 1609 1608
f 1609 1612 1611
f 1609 1611 1610
f 1609 1789 1790
f 1609 1790 1612
f 1612 1790 1613
f 1613 1791 1614
f 1613 1790 1792
f 1613 1792 1793
f 1613 1793 1794
f 1613 1794 1791
f 1614 1791 1784
f 1615 1617 1616
f 1615 1623 1795
f 1615 1795 1787
f 1615 1787 1617
f 1618 1637 1628
f 1618 1628 1620
f 1618 1620 1619
f 1621 1627 1796
f 1621 1796 1622
f 1622 1797 1795
f 1622 1795 1623
f 1622 1796 1797
f 1624 1632 1798
f 1624 1798 1625
f 1625 1798 1799
f 1625 1799 1800
f 1625 1800 1801
f 1625 1801 1627
f 1625 1627 1626
f 1627 1801 1802
f 1627 1802 1796
f 1628 1637 1803
f 1628 1803 1804
f 1628 1804 1629
f 1629 1804 1805
f 1629 1805 1630
f 1630 1806 1807
f 1630 1807 1631
f 1630 1805 1806
f 1631 1807 1632
f 1632 1807 1798
f 1633 1636 1808
f 1633 1808 1637
f 1634 1718 1809
f 1634 1809 1635
f 1635 1810 1636
f 1635 1809 1810
f 1636 1810 1811
f 1636 1811 1808
f 1637 1808 1812
f 1637 1812 1803
f 1638 1656 1813
f 1638 1813 1814
f 1638 1814 1639
f 1639 1814 1640
f 1640 1814 1815
f 1640 1815 1641
f 1641 1815 1816
f 1641 1816 1642
f 1642 1816 1817
f 1642 1817 1818
f 1642 1818 1643
f 1644 1783 1782
f 1644 1782 1645
f 1645 1782 1781
f 1645 1781 1819
f 1645 1819 1820
f 1645 1820 1821
f 1645 1821 1646
f 1646 1821 1647
f 1647 1821 1648
f 1648 1821 1822
f 1648 1822 1649
f 1649 1822 1819
f 1649 1819 1823
f 1649 1823 1824
f 1649 1824 1825
f 1649 1825 1826
f 1649 1826 1651
f 1650 1651 1826
f 1650 1826 1827
f 1650 1827 1652
f 1652 1827 1828
f 1652 1828 1653
f 1653 1828 1654
f 1654 1828 1829
f 1654 1829 1660
f 1654 1660 1655
f 1656 1679 1678
f 1656 1678 1813
f 1657 1830 1658
f 1657 1660 1830
f 1658 1831 1832
f 1658 1832 1659
f 1658 1830 1824
f 1658 1824 1833
f 1658 1833 1831
f 1659 1832 1661
f 1660 1829 1834
f 1660 1834 1830
f 1661 1832 1835
f 1661 1835 1664
f 1661 1664 1663
f 1664 1835 1836
f 1664 1836 1837
f 1664 1837 1838
f 1664 1838 1839
f 1664 1839 1840
f 1664 1840 1665
f 1665 1840 1841
f 1665 1841 1842
f 1665 1842 1768
f 1665 1768 1843
f 1665 1843 1669
f 1665 1669 1666
f 1666 1669 1667
f 1669 1843 1670
f 1670 1843 1768
f 1670 1768 1671
f 1671 1768 1767
f 1671 1767 1672
f 1672 1766 1765
f 1672 1765 1673
f 1673 1765 1674
f 1674 1844 1675
f 1674 1765 1764
f 1674 1764 1844
f 1675 1844 1845
f 1675 1845 1676
f 1676 1846 1677
f 1676 1845 1847
f 1676 1847 1846
f 1677 1846 1848
f 1677 1848 1678
f 1678 1849 1815
f 1678 1815 1813
f 1678 1848 1849
f 1682 1691 1850
f 1682 1850 1851
f 1682 1851 1683
f 1683 1851 1685
f 1683 1685 1684
f 1685 1851 1852
f 1685 1852 1692
f 1687 1853 1690
f 1687 1689 1854
f 1687 1854 1855
f 1687 1855 1853
f 1690 1853 1856
f 1690 1856 1691
f 1691 1857 1850
f 1691 1856 1857
f 1692 1852 1696
f 1693 1858 1694
f 1693 1696 1858
f 1694 1858 1859
f 1694 1859 1860
f 1694 1860 1861
f 1694 1861 1862
f 1694 1862 1697
f 1696 1852 1859
f 1696 1859 1858
f 1697 1862 1698
f 1698 1863 1864
f 1698 1864 1865
f 1698 1865 1699
f 1698 1862 1861
f 1698 1861 1863
f 1699 1865 1866
f 1699 1866 1867
f 1699 1867 1700
f 1700 1867 1868
f 1700 1868 1702
f 1700 1702 1701
f 1702 1868 1869
f 1702 1869 1703
f 1703 1869 1870
f 1703 1870 1705
f 1703 1705 1704
f 1705 1870 1871
f 1705 1871 1706
f 1706 1871 1707
f 1707 1871 1872
f 1707 1872 1873
f 1707 1873 1708
f 1708 1873 1874
f 1708 1874 1711
f 1710 1713 1875
f 1710 1875 1714
f 1711 1874 1876
f 1711 1876 1877
f 1711 1877 1878
f 1711 1878 1712
f 1712 1878 1713
f 1713 1878 1879
f 1713 1879 1880
f 1713 1880 1875
f 1714 1875 1715
f 1715 1881 1882
f 1715 1882 1883
f 1715 1883 1716
f 1715 1875 1881
f 1716 1883 1884
f 1716 1884 1717
f 1717 1884 1809
f 1717 1809 1718
f 1719 1779 1778
f 1719 1778 1720
f 1720 1778 1885
f 1720 1885 1886
f 1720 1886 1887
f 1720 1887 1888
f 1720 1888 1721
f 1721 1888 1724
f 1722 1724 1889
f 1722 1889 1723
f 1723 1889 1890
f 1723 1890 1725
f 1724 1888 1891
f 1724 1891 1892
f 1724 1892 1893
f 1724 1893 1889
f 1725 1890 1894
f 1725 1894 1726
f 1726 1894 1895
f 1726 1895 1896
f 1726 1896 1727
f 1727 1896 1897
f 1727 1897 1898
f 1727 1898 1728
f 1728 1898 1899
f 1728 1899 1900
f 1728 1900 1901
f 1728 1901 1729
f 1729 1901 1730
f 1730 1901 1902
f 1730 1902 1731
f 1731 1903 1904
f 1731 1904 1733
f 1731 1733 1732
f 1731 1902 1905
f 1731 1905 1903
f 1733 1736 1735
f 1733 1735 1734
f 1733 1904 1736
f 1736 1904 1737
f 1737 1904 1903
f 1737 1903 1906
f 1737 1906 1907
f 1737 1907 1740
f 1737 1740 1738
f 1739 1908 1743
f 1739 1741 1908
f 1740 1907 1909
f 1740 1909 1741
f 1741 1909 1910
f 1741 1910 1911
f 1741 1911 1908
f 1742 1743 1750
f 1743 1908 1912
f 1743 1912 1750
f 1744 1746 1913
f 1744 1913 1745
f 1745 1913 1752
f 1746 1751 1914
f 1746 1914 1913
f 1747 1750 1915
f 1747 1915 1916
f 1747 1916 1748
f 1748 1917 1918
f 1748 1918 1749
f 1748 1916 1917
f 1749 1918 1751
f 1750 1912 1915
f 1751 1918 1914
f 1752 1919 1920
f 1752 1913 1921
f 1752 1921 1919
f 1753 1920 1922
f 1753 1922 1923
f 1753 1923 1754
f 1755 1924 1756
f 1756 1924 1925
f 1756 1925 1926
f 1756 1926 1927
f 1756 1927 1757
f 1757 1928 1758
f 1757 1927 1929
f 1757 1929 1930
f 1757 1930 1931
f 1757 1931 1928
f 1758 1928 1760
f 1758 1760 1759
f 1760 1928 1932
f 1760 1932 1761
f 1761 1932 1762
f 1762 1932 1763
f 1763 1932 1933
f 1763 1933 1764
f 1764 1934 1845
f 1764 1845 1844
f 1764 1933 1934
f 1768 1842 1935
f 1768 1935 1774
f 1768 1774 1936
f 1768 1936 1769
f 1769 1936 1770
f 1770 1774 1773
f 1770 1773 1771
f 1770 1936 1774
f 1772 1937 1780
f 1772 1776 1938
f 1772 1938 1939
f 1772 1939 1937
f 1774 1935 1940
f 1774 1940 1775
f 1775 1940 1938
f 1775 1938 1776
f 1777 1780 1778
f 1778 1780 1937
f 1778 1937 1941
f 1778 1941 1942
f 1778 1942 1885
f 1781 1786 1943
f 1781 1943 1944
f 1781 1944 1819
f 1784 1791 1945
f 1784 1945 1785
f 1785 1946 1943
f 1785 1943 1947
f 1785 1947 1786
f 1785 1945 1791
f 1785 1791 1794
f 1785 1794 1948
f 1785 1948 1949
f 1785 1949 1950
f 1785 1950 1951
f 1785 1951 1946
f 1786 1947 1943
f 1787 1795 1952
f 1787 1952 1953
f 1787 1953 1954
f 1787 1954 1788
f 1788 1955 1789
f 1788 1954 1955
f 1789 1955 1792
f 1789 1792 1790
f 1792 1955 1956
f 1792 1956 1957
f 1792 1957 1958
f 1792 1958 1959
f 1792 1959 1793
f 1793 1959 1794
f 1794 1959 1948
f 1795 1797 1960
f 1795 1960 1952
f 1796 1802 1961
f 1796 1961 1962
f 1796 1962 1963
f 1796 1963 1964
f 1796 1964 1797
f 1797 1964 1965
f 1797 1965 1960
f 1798 1800 1799
f 1798 1807 1806
f 1798 1806 1966
f 1798 1966 1967
f 1798 1967 1800
f 1800 1967 1968
f 1800 1968 1969
f 1800 1969 1801
f 1801 1969 1970
f 1801 1970 1802
f 1802 1970 1961
f 1803 1812 1804
f 1804 1812 1971
f 1804 1971 1805
f 1805 1971 1972
f 1805 1972 1973
f 1805 1973 1806
f 1806 1973 1966
f 1808 1811 1812
f 1809 1884 1810
f 1810 1884 1974
f 1810 1974 1811
f 1811 1975 1812
f 1811 1974 1975
f 1812 1972 1971
f 1812 1975 1976
f 1812 1976 1972
f 1813 1815 1814
f 1815 1849 1977
f 1815 1977 1978
f 1815 1978 1816
f 1816 1978 1979
f 1816 1979 1817
f 1817 1979 1980
f 1817 1980 1981
f 1817 1981 1818
f 1819 1944 1823
f 1819 1822 1820
f 1820 1822 1821
f 1823 1944 1982
f 1823 1982 1983
f 1823 1983 1824
f 1824 1834 1825
f 1824 1983 1982
f 1824 1982 1984
f 1824 1984 1833
f 1824 1830 1834
f 1825 1834 1828
f 1825 1828 1827
f 1825 1827 1826
f 1828 1834 1829
f 1831 1833 1985
f 1831 1985 1986
f 1831 1986 1987
f 1831 1987 1988
f 1831 1988 1989
f 1831 1989 1832
f 1832 1989 1837
f 1832 1837 1990
f 1832 1990 1835
f 1833 1984 1991
f 1833 1991 1985
f 1835 1990 1836
f 1836 1990 1837
f 1837 1839 1838
f 1837 1989 1992
f 1837 1992 1993
f 1837 1993 1994
f 1837 1994 1839
f 1839 1841 1840
f 1839 1994 1995
f 1839 1995 1996
f 1839 1996 1997
f 1839 1997 1842
f 1839 1842 1841
f 1842 1997 1996
f 1842 1996 1935
f 1845 1998 1847
f 1845 1934 1998
f 1846 1999 2000
f 1846 2000 1848
f 1846 1847 1999
f 1847 1998 2001
f 1847 2001 1999
f 1848 2000 1849
f 1849 2000 1977
f 1850 1857 2002
f 1850 2002 2003
f 1850 2003 1851
f 1851 2003 2004
f 1851 2004 2005
f 1851 2005 1852
f 1852 2005 1859
f 1853 2006 2007
f 1853 2007 1856
f 1853 1855 2008
f 1853 2008 2006
f 1856 2007 1857
f 1857 2009 2010
f 1857 2010 2002
f 1857 2007 2009
f 1859 2011 1860
f 1859 2005 2012
f 1859 2012 2011
f 1860 2013 1861
f 1860 2011 2013
f 1861 2013 2014
f 1861 2014 1863
f 1863 2014 1864
f 1864 2015 1865
f 1864 2014 2016
f 1864 2016 1910
f 1864 1910 2015
f 1865 2015 1866
f 1866 2017 2018
f 1866 2018 2019
f 1866 2019 1867
f 1866 2015 2017
f 1867 2019 2020
f 1867 2020 1868
f 1868 2020 2021
f 1868 2021 1869
f 1869 2021 2022
f 1869 2022 1870
f 1870 2022 1872
f 1870 1872 1871
f 1872 2022 2023
f 1872 2023 2024
f 1872 2024 1873
f 1873 2024 2025
f 1873 2025 1874
f 1874 2025 2026
f 1874 2026 1876
f 1875 1880 1882
f 1875 1882 1881
f 1876 2027 2028
f 1876 2028 2029
f 1876 2029 2030
f 1876 2030 1877
f 1876 2026 2027
f 1877 2030 2031
f 1877 2031 1878
f 1878 2031 1879
f 1879 2031 2032
f 1879 2032 2033
f 1879 2033 1882
f 1879 1882 1880
f 1882 2033 2034
f 1882 2034 1883
f 1883 2034 1974
f 1883 1974 1884
f 1885 2035 2036
f 1885 2036 1886
f 1885 1942 2035
f 1886 2036 1887
f 1887 1891 1888
f 1887 2036 1891
f 1889 2037 1895
f 1889 1895 1894
f 1889 1894 1890
f 1889 1893 2037
f 1891 2036 1892
f 1892 2038 2039
f 1892 2039 1893
f 1892 2036 2040
f 1892 2040 2041
f 1892 2041 2038
f 1893 2042 2037
f 1893 2039 2042
f 1895 2037 2043
f 1895 2043 1896
f 1896 2043 2044
f 1896 2044 1897
f 1897 2044 1898
f 1898 2044 2045
f 1898 2045 1899
f 1899 2046 1900
f 1899 2045 2047
f 1899 2047 2048
f 1899 2048 2046
f 1900 2049 1901
f 1900 2046 2048
f 1900 2048 2049
f 1901 2049 2050
f 1901 2050 1902
f 1902 2051 2052
f 1902 2052 1905
f 1902 2050 2053
f 1902 2053 2051
f 1903 1905 1906
f 1905 2052 2054
f 1905 2054 1906
f 1906 2054 1907
f 1907 2054 2055
f 1907 2055 1909
f 1908 1911 2056
f 1908 2056 1912
f 1909 2055 2017
f 1909 2017 2015
f 1909 2015 1910
f 1910 2016 1911
f 1911 2016 2056
f 1912 2056 2057
f 1912 2057 1915
f 1913 1914 1921
f 1914 2058 2065
f 1914 2065 1921
f 1914 1918 2058
f 1915 2057 2059
f 1915 2059 1916
f 1916 2059 2060
f 1916 2060 1917
f 1917 2060 2061
f 1917 2061 1918
f 1918 2061 2058
f 1919 2062 2063
f 1919 2063 2064
f 1919 2064 1920
f 1919 1921 2065
f 1919 2065 2062
f 1920 2064 2066
f 1920 2066 1922
f 1925 2067 1927
f 1925 1927 1926
f 1927 2067 2068
f 1927 2068 2069
f 1927 2069 2070
f 1927 2070 1930
f 1927 1930 1929
f 1928 1931 1932
f 1930 2070 2001
f 1930 2001 2071
f 1930 2071 1934
f 1930 1934 1933
f 1930 1933 1931
f 1931 1933 1932
f 1934 2071 1998
f 1935 1996 1938
f 1935 1938 1940
f 1937 2072 1941
f 1937 1939 2072
f 1938 1941 1939
f 1938 1996 1941
f 1939 1941 2072
f 1941 1996 2073
f 1941 2073 1942
f 1942 2074 2075
f 1942 2075 2035
f 1942 2073 2076
f 1942 2076 2074
f 1943 1946 1944
f 1944 1946 1982
f 1946 1951 2077
f 1946 2077 1991
f 1946 1991 1984
f 1946 1984 1982
f 1948 1959 2078
f 1948 2078 2079
f 1948 2079 1949
f 1949 2080 2077
f 1949 2077 1951
f 1949 1951 1950
f 1949 2079 2080
f 1952 1960 2081
f 1952 2081 2082
f 1952 2082 1953
f 1953 2083 2084
f 1953 2084 1954
f 1953 2082 2085
f 1953 2085 2083
f 1954 2084 2086
f 1954 2086 2087
f 1954 2087 1955
f 1955 2087 1956
f 1956 2087 2086
f 1956 2086 1957
f 1957 2086 2088
f 1957 2088 2089
f 1957 2089 2090
f 1957 2090 2079
f 1957 2079 2091
f 1957 2091 1958
f 1958 2091 1959
f 1959 2091 2078
f 1960 1965 2081
f 1961 1970 2092
f 1961 2092 1962
f 1962 2092 2093
f 1962 2093 1963
f 1963 2094 2095
f 1963 2095 1964
f 1963 2093 2096
f 1963 2096 2094
f 1964 2095 1965
f 1965 2095 2082
f 1965 2082 2081
f 1966 1973 2097
f 1966 2097 2098
f 1966 2098 2099
f 1966 2099 1967
f 1967 2099 1968
f 1968 2099 2100
f 1968 2100 2101
f 1968 2101 1969
f 1969 2092 1970
f 1969 2101 2092
f 1972 1976 2097
f 1972 2097 1973
f 1974 2034 2102
f 1974 2102 2103
f 1974 2103 1975
f 1975 2103 1976
f 1976 2104 2097
f 1976 2103 2102
f 1976 2102 2104
f 1977 2105 1979
f 1977 1979 1978
f 1977 2000 2105
f 1979 2105 2106
f 1979 2106 1980
f 1985 1991 2107
f 1985 2107 1986
f 1986 2108 2109
f 1986 2109 2110
f 1986 2110 1987
f 1986 2107 1991
f 1986 1991 2111
f 1986 2111 2080
f 1986 2080 2108
f 1987 2110 1988
f 1988 2110 1989
f 1989 2110 2112
f 1989 2112 2113
f 1989 2113 2114
f 1989 2114 1992
f 1991 2077 2111
f 1992 2114 2115
f 1992 2115 1993
f 1993 2115 2116
f 1993 2116 1996
f 1993 1996 1994
f 1994 1996 1995
f 1996 2116 2117
f 1996 2117 2118
f 1996 2118 2073
f 1998 2071 2001
f 1999 2119 2000
f 1999 2001 2119
f 2000 2119 2120
f 2000 2120 2105
f 2001 2121 2119
f 2001 2070 2069
f 2001 2069 2121
f 2002 2010 2122
f 2002 2122 2060
f 2002 2060 2003
f 2003 2060 2004
f 2004 2060 2012
f 2004 2012 2005
f 2006 2123 2124
f 2006 2124 2007
f 2006 2008 2125
f 2006 2125 2126
f 2006 2126 2123
f 2007 2124 2127
f 2007 2127 2009
f 2009 2127 2128
f 2009 2128 2061
f 2009 2061 2010
f 2010 2061 2122
f 2011 2012 2129
f 2011 2129 2013
f 2012 2060 2129
f 2013 2129 2130
f 2013 2130 2014
f 2014 2130 2057
f 2014 2057 2056
f 2014 2056 2016
f 2017 2055 2131
f 2017 2131 2018
f 2018 2020 2019
f 2018 2131 2132
f 2018 2132 2020
f 2020 2132 2133
f 2020 2133 2134
f 2020 2134 2021
f 2021 2134 2135
f 2021 2135 2022
f 2022 2135 2023
f 2023 2135 2024
f 2024 2136 2137
f 2024 2137 2025
f 2024 2135 2136
f 2025 2137 2026
f 2026 2137 2138
f 2026 2138 2027
f 2027 2139 2140
f 2027 2140 2029
f 2027 2029 2028
f 2027 2138 2139
f 2029 2141 2142
f 2029 2142 2143
f 2029 2143 2030
f 2029 2140 2144
f 2029 2144 2141
f 2030 2143 2031
f 2031 2143 2032
f 2032 2143 2145
f 2032 2145 2146
f 2032 2146 2033
f 2033 2146 2034
f 2034 2146 2147
f 2034 2147 2102
f 2035 2075 2036
f 2036 2075 2040
f 2037 2042 2148
f 2037 2148 2043
f 2038 2149 2148
f 2038 2148 2042
f 2038 2042 2039
f 2038 2041 2149
f 2040 2075 2041
f 2041 2075 2150
f 2041 2150 2151
f 2041 2151 2152
f 2041 2152 2153
f 2041 2153 2154
f 2041 2154 2149
f 2043 2148 2155
f 2043 2155 2044
f 2044 2155 2045
f 2045 2155 2156
f 2045 2156 2047
f 2047 2156 2157
f 2047 2157 2048
f 2048 2157 2158
f 2048 2158 2159
f 2048 2159 2160
f 2048 2160 2161
f 2048 2161 2049
f 2049 2161 2053
f 2049 2053 2050
f 2051 2162 2052
f 2051 2053 2162
f 2052 2163 2054
f 2052 2162 2163
f 2053 2161 2164
f 2053 2164 2162
f 2054 2163 2165
f 2054 2165 2055
f 2055 2165 2166
f 2055 2166 2131
f 2057 2130 2129
f 2057 2129 2059
f 2058 2128 2065
f 2058 2061 2128
f 2059 2129 2060
f 2060 2122 2061
f 2062 2124 2063
f 2062 2065 2124
f 2063 2124 2123
f 2063 2123 2167
f 2063 2167 2064
f 2064 2167 2168
f 2064 2168 2169
f 2064 2169 2066
f 2065 2128 2127
f 2065 2127 2124
f 2068 2170 2121
f 2068 2121 2069
f 2073 2118 2076
f 2074 2171 2075
f 2074 2076 2171
f 2075 2171 2172
f 2075 2172 2150
f 2076 2118 2173
f 2076 2173 2174
f 2076 2174 2175
f 2076 2175 2171
f 2077 2080 2111
f 2078 2091 2079
f 2079 2090 2108
f 2079 2108 2080
f 2082 2095 2176
f 2082 2176 2177
f 2082 2177 2178
f 2082 2178 2179
f 2082 2179 2180
f 2082 2180 2083
f 2082 2083 2085
f 2083 2181 2088
f 2083 2088 2084
f 2083 2180 2181
f 2084 2088 2086
f 2088 2181 2182
f 2088 2182 2183
f 2088 2183 2184
f 2088 2184 2089
f 2089 2184 2090
f 2090 2184 2185
f 2090 2185 2186
f 2090 2186 2187
f 2090 2187 2108
f 2092 2101 2188
f 2092 2188 2189
f 2092 2189 2093
f 2093 2189 2096
f 2094 2177 2176
f 2094 2176 2095
f 2094 2096 2190
f 2094 2190 2191
f 2094 2191 2192
f 2094 2192 2177
f 2096 2189 2193
f 2096 2193 2190
f 2097 2194 2098
f 2097 2104 2102
f 2097 2102 2147
f 2097 2147 2195
f 2097 2195 2196
f 2097 2196 2194
f 2098 2194 2099
f 2099 2194 2100
f 2100 2194 2197
f 2100 2197 2198
f 2100 2198 2101
f 2101 2198 2199
f 2101 2199 2188
f 2105 2120 2200
f 2105 2200 2106
f 2108 2187 2109
f 2109 2187 2201
f 2109 2201 2113
f 2109 2113 2110
f 2110 2113 2112
f 2113 2201 2186
f 2113 2186 2202
f 2113 2202 2203
f 2113 2203 2114
f 2114 2203 2204
f 2114 2204 2115
f 2115 2204 2116
f 2116 2204 2205
f 2116 2205 2117
f 2117 2205 2206
f 2117 2206 2118
f 2118 2207 2173
f 2118 2206 2207
f 2119 2208 2209
f 2119 2209 2210
f 2119 2210 2200
f 2119 2200 2120
f 2119 2121 2211
f 2119 2211 2208
f 2121 2170 2211
f 2123 2126 2167
f 2131 2166 2212
f 2131 2212 2132
f 2132 2212 2213
f 2132 2213 2133
f 2133 2213 2134
f 2134 2213 2214
f 2134 2214 2135
f 2135 2214 2136
f 2136 2215 2216
f 2136 2216 2217
f 2136 2217 2218
f 2136 2218 2137
f 2136 2214 2215
f 2137 2218 2138
f 2138 2217 2139
f 2138 2218 2217
f 2139 2219 2220
f 2139 2220 2221
f 2139 2221 2144
f 2139 2144 2140
f 2139 2217 2222
f 2139 2222 2219
f 2141 2144 2223
f 2141 2223 2224
f 2141 2224 2225
f 2141 2225 2226
f 2141 2226 2227
f 2141 2227 2142
f 2142 2227 2143
f 2143 2227 2228
f 2143 2228 2229
f 2143 2229 2145
f 2144 2221 2223
f 2145 2229 2228
f 2145 2228 2230
f 2145 2230 2146
f 2146 2230 2147
f 2147 2230 2196
f 2147 2196 2195
f 2148 2149 2231
f 2148 2231 2155
f 2149 2154 2231
f 2150 2172 2232
f 2150 2232 2233
f 2150 2233 2234
f 2150 2234 2151
f 2151 2234 2235
f 2151 2235 2236
f 2151 2236 2237
f 2151 2237 2238
f 2151 2238 2152
f 2152 2238 2239
f 2152 2239 2240
f 2152 2240 2153
f 2153 2240 2241
f 2153 2241 2154
f 2154 2241 2156
f 2154 2156 2231
f 2155 2231 2156
f 2156 2241 2157
f 2157 2242 2158
f 2157 2241 2243
f 2157 2243 2242
f 2158 2242 2243
f 2158 2243 2244
f 2158 2244 2159
f 2159 2245 2160
f 2159 2244 2246
f 2159 2246 2247
f 2159 2247 2248
f 2159 2248 2245
f 2160 2245 2249
f 2160 2249 2161
f 2161 2249 2164
f 2162 2250 2165
f 2162 2165 2163
f 2162 2164 2251
f 2162 2251 2252
f 2162 2252 2250
f 2164 2249 2251
f 2165 2250 2253
f 2165 2253 2166
f 2166 2253 2212
f 2171 2175 2174
f 2171 2174 2232
f 2171 2232 2172
f 2173 2207 2174
f 2174 2207 2206
f 2174 2206 2232
f 2177 2192 2254
f 2177 2254 2178
f 2178 2254 2255
f 2178 2255 2256
f 2178 2256 2179
f 2179 2256 2180
f 2180 2256 2257
f 2180 2257 2181
f 2181 2257 2258
f 2181 2258 2182
f 2182 2258 2259
f 2182 2259 2185
f 2182 2185 2184
f 2182 2184 2183
f 2185 2259 2186
f 2186 2259 2260
f 2186 2260 2261
f 2186 2261 2202
f 2186 2201 2187
f 2188 2199 2189
f 2189 2199 2262
f 2189 2262 2193
f 2190 2263 2191
f 2190 2193 2264
f 2190 2264 2263
f 2191 2263 2192
f 2192 2263 2265
f 2192 2265 2254
f 2193 2262 2266
f 2193 2266 2267
f 2193 2267 2264
f 2194 2196 2197
f 2196 2230 2228
f 2196 2228 2268
f 2196 2268 2197
f 2197 2268 2269
f 2197 2269 2198
f 2198 2269 2270
f 2198 2270 2199
f 2199 2270 2262
f 2202 2261 2271
f 2202 2271 2272
f 2202 2272 2203
f 2203 2272 2273
f 2203 2273 2205
f 2203 2205 2204
f 2205 2274 2206
f 2205 2273 2274
f 2206 2274 2275
f 2206 2275 2235
f 2206 2235 2234
f 2206 2234 2276
f 2206 2276 2233
f 2206 2233 2232
f 2212 2253 2277
f 2212 2277 2215
f 2212 2215 2213
f 2213 2215 2214
f 2215 2278 2279
f 2215 2279 2217
f 2215 2217 2216
f 2215 2277 2278
f 2217 2279 2222
f 2219 2280 2281
f 2219 2281 2220
f 2219 2222 2280
f 2220 2281 2282
f 2220 2282 2221
f 2221 2282 2223
f 2222 2279 2283
f 2222 2283 2280
f 2223 2282 2224
f 2224 2282 2284
f 2224 2284 2266
f 2224 2266 2285
f 2224 2285 2225
f 2225 2285 2286
f 2225 2286 2268
f 2225 2268 2226
f 2226 2268 2227
f 2227 2268 2228
f 2233 2276 2234
f 2235 2275 2287
f 2235 2287 2288
f 2235 2288 2236
f 2236 2288 2289
f 2236 2289 2237
f 2237 2289 2288
f 2237 2288 2290
f 2237 2290 2291
f 2237 2291 2292
f 2237 2292 2293
f 2237 2293 2239
f 2237 2239 2238
f 2239 2241 2240
f 2239 2293 2241
f 2241 2293 2243
f 2243 2294 2244
f 2243 2293 2294
f 2244 2294 2295
f 2244 2295 2246
f 2245 2248 2296
f 2245 2296 2297
f 2245 2297 2249
f 2246 2295 2298
f 2246 2298 2299
f 2246 2299 2247
f 2247 2299 2300
f 2247 2300 2301
f 2247 2301 2248
f 2248 2301 2302
f 2248 2302 2296
f 2249 2297 2251
f 2250 2252 2303
f 2250 2303 2253
f 2251 2297 2304
f 2251 2304 2252
f 2252 2304 2303
f 2253 2303 2305
f 2253 2305 2277
f 2254 2306 2255
f 2254 2265 2307
f 2254 2307 2321
f 2254 2321 2308
f 2254 2308 2306
f 2255 2306 2258
f 2255 2258 2257
f 2255 2257 2256
f 2258 2306 2309
f 2258 2309 2259
f 2259 2309 2260
f 2260 2309 2261
f 2261 2309 2310
f 2261 2310 2287
f 2261 2287 2275
f 2261 2275 2271
f 2262 2270 2286
f 2262 2286 2285
f 2262 2285 2266
f 2263 2264 2311
f 2263 2311 2265
f 2264 2267 2312
f 2264 2312 2313
f 2264 2313 2311
f 2265 2311 2307
f 2266 2284 2314
f 2266 2314 2267
f 2267 2314 2312
f 2268 2286 2269
f 2269 2286 2270
f 2271 2275 2315
f 2271 2315 2273
f 2271 2273 2272
f 2273 2315 2275
f 2273 2275 2274
f 2277 2305 2278
f 2278 2305 2303
f 2278 2303 2304
f 2278 2304 2283
f 2278 2283 2279
f 2280 2316 2281
f 2280 2283 2316
f 2281 2317 2318
f 2281 2318 2282
f 2281 2316 2302
f 2281 2302 2301
f 2281 2301 2317
f 2282 2318 2284
f 2283 2304 2319
f 2283 2319 2316
f 2284 2318 2314
f 2287 2320 2288
f 2287 2310 2320
f 2288 2320 2306
f 2288 2306 2290
f 2290 2306 2308
f 2290 2308 2321
f 2290 2321 2322
f 2290 2322 2291
f 2291 2322 2323
f 2291 2323 2292
f 2292 2324 2295
f 2292 2295 2294
f 2292 2294 2293
f 2292 2323 2324
f 2295 2324 2298
f 2296 2302 2319
f 2296 2319 2297
f 2297 2319 2304
f 2298 2324 2323
f 2298 2323 2325
f 2298 2325 2326
f 2298 2326 2299
f 2299 2326 2325
f 2299 2325 2327
f 2299 2327 2300
f 2300 2327 2328
f 2300 2328 2312
f 2300 2312 2329
f 2300 2329 2317
f 2300 2317 2301
f 2302 2316 2319
f 2306 2320 2309
f 2307 2311 2325
f 2307 2325 2330
f 2307 2330 2321
f 2309 2320 2310
f 2311 2313 2328
f 2311 2328 2327
f 2311 2327 2325
f 2312 2314 2329
f 2312 2328 2313
f 2314 2318 2317
f 2314 2317 2329
f 2321 2330 2322
f 2322 2330 2323
f 2323 2330 2325

