# https://github.com/mikedh/trimesh
v -0.02835825 -0.00045526 -0.15297056
v -0.02838315 0.00197448 -0.15297056
v -0.01925659 -0.00045526 -0.15297056
v -0.09751096 -0.00045526 -0.06306682
v -0.02807188 0.00391026 -0.15297056
v -0.09749852 0.00205458 -0.06302357
v -0.09739890 0.00617980 -0.06289384
v -0.09899263 0.01018486 -0.06045057
v -0.09707518 0.01300176 -0.06250465
v -0.09687596 0.01579196 -0.06224518
v -0.09671410 0.01794134 -0.06205059
v -0.01925659 0.01936982 -0.15297056
v -0.01925659 -0.00045526 -0.09236446
v -0.10084783 -0.00045526 -0.05867758
v -0.10095988 0.00005205 -0.05854785
v -0.02793492 0.00464452 -0.15297056
v -0.09924165 0.00620650 -0.06045057
v -0.09823312 0.01427003 -0.06077490
v -0.10072332 0.01019822 -0.05813703
v -0.10049920 0.01409648 -0.05781270
v -0.09818332 0.01795469 -0.06014786
v -0.09790939 0.02138570 -0.05969380
v -0.01931885 0.01931642 -0.15297056
v -0.07006901 0.06968680 -0.05854785
v -0.06568627 0.07330471 -0.05818027
v -0.06548706 0.07710952 -0.05420185
v -0.06110431 0.07690927 -0.05772621
v -0.05857677 0.07763018 -0.05859109
v -0.05822814 0.08124809 -0.05450455
v -0.05608657 0.08178210 -0.05517483
v -0.05079491 0.08147504 -0.05878569
v -0.04832961 0.08410503 -0.05688296
v -0.04458187 0.08482595 -0.05776946
v -0.04463167 0.08626777 -0.05590998
v -0.04258971 0.08515971 -0.05824514
v -0.03998746 0.08556021 -0.05876406
v -0.03670040 0.08601412 -0.05934786
v -0.03269119 0.08848391 -0.05738026
v -0.02926717 0.08883101 -0.05787757
v -0.02595521 0.08907132 -0.05818027
v -0.02311639 0.08919147 -0.05833163
v -0.01925659 0.08929827 -0.05848298
v -0.01925659 0.12669224 0.06787525
v -0.14168702 -0.00045526 0.06787525
v -0.10105949 -0.00045526 -0.05839649
v -0.10129606 -0.00045526 -0.05807216
v -0.10439636 -0.00045526 -0.05366130
v -0.10438390 0.00198783 -0.05363968
v -0.10200577 0.00164072 -0.05699107
v -0.10218008 0.00620650 -0.05647214
v -0.10083537 0.00621985 -0.05831000
v -0.02738707 0.00700751 -0.15297056
v -0.09640283 0.02135900 -0.06161815
v -0.10205557 0.01019822 -0.05629917
v -0.10184391 0.01408313 -0.05597484
v -0.10022527 0.01795469 -0.05742351
v -0.09990155 0.02141240 -0.05701269
v -0.10107194 0.02337488 -0.05482888
v -0.09743626 0.02535071 -0.05902353
v -0.02124874 0.01740733 -0.15297056
v -0.07786333 0.06233082 -0.05863433
v -0.07526107 0.06346560 -0.05993164
v -0.07396617 0.06606889 -0.05863433
v -0.07260901 0.06861878 -0.05740189
v -0.07396617 0.06995380 -0.05485051
v -0.07258411 0.07245029 -0.05348832
v -0.07008147 0.07335811 -0.05454780
v -0.07118961 0.07481328 -0.05195317
v -0.07237245 0.07624176 -0.04927206
v -0.06771578 0.07796394 -0.05128289
v -0.06526294 0.08076748 -0.05002883
v -0.06300931 0.07793723 -0.05513159
v -0.06081794 0.08051383 -0.05359644
v -0.05974716 0.08214256 -0.05236399
v -0.05770520 0.08498615 -0.05022342
v -0.05624843 0.08395818 -0.05240723
v -0.05180343 0.08305037 -0.05623430
v -0.05017236 0.08515971 -0.05454780
v -0.04834207 0.08557356 -0.05500186
v -0.04469393 0.08823026 -0.05335860
v -0.04077187 0.08880432 -0.05415861
v -0.03707393 0.08820355 -0.05629917
v -0.03596580 0.08945848 -0.05500186
v -0.03477050 0.09316984 -0.05043964
v -0.03272854 0.09186152 -0.05281805
v -0.02920492 0.09219527 -0.05329373
v -0.02581825 0.09242222 -0.05359644
v -0.02578090 0.09394415 -0.05149912
v -0.02167208 0.09256908 -0.05379103
v -0.01925659 0.09168796 -0.05519646
v -0.01925659 0.08972548 -0.05789919
v -0.01925659 0.13593059 0.06787525
v -0.14645575 -0.00045526 0.06787525
v -0.10481969 -0.00045526 -0.05305589
v -0.10564145 0.00200118 -0.05180182
v -0.10429675 0.00621985 -0.05348832
v -0.10417224 0.01022492 -0.05331535
v -0.02710070 0.00792868 -0.15297056
v -0.09590479 0.02532402 -0.06094787
v -0.09711254 0.02779381 -0.05856947
v -0.09513283 0.02954269 -0.06040733
v -0.09309087 0.03129157 -0.06226681
v -0.10156998 0.01795469 -0.05556403
v -0.10414733 0.01408313 -0.05270994
v -0.10345008 0.01798140 -0.05292616
v -0.10292714 0.02146580 -0.05283967
v -0.10127116 0.02141240 -0.05513159
v -0.10425939 0.02533737 -0.04961801
v -0.10203067 0.02505701 -0.05288292
v -0.10071087 0.02636533 -0.05424509
v -0.02296698 0.01552496 -0.15297056
v -0.08041578 0.06083560 -0.05738026
v -0.08162352 0.06234418 -0.05480726
v -0.08056519 0.06472052 -0.05366130
v -0.07801274 0.06600213 -0.05489375
v -0.07661823 0.06473386 -0.05746675
v -0.02331560 0.01513780 -0.15297056
v -0.07528597 0.06735051 -0.05616944
v -0.07924538 0.06736386 -0.05229912
v -0.07788823 0.06996715 -0.05095857
v -0.07528597 0.07122208 -0.05221264
v -0.07405333 0.07359841 -0.05087208
v -0.07390392 0.07730977 -0.04661257
v -0.06798970 0.08001987 -0.04855854
v -0.06274784 0.08154179 -0.05095857
v -0.06944647 0.08088763 -0.04620176
v -0.06688157 0.08179545 -0.04732609
v -0.06477735 0.08443879 -0.04561796
v -0.06224980 0.08522646 -0.04656933
v -0.06007088 0.08431864 -0.04940179
v -0.06010824 0.08586727 -0.04734771
v -0.06027010 0.08789650 -0.04451525
v -0.05913706 0.08939173 -0.04330442
v -0.05725696 0.08855066 -0.04572608
v -0.05220187 0.08819021 -0.04933693
v -0.05504069 0.08558691 -0.05106668
v -0.05282441 0.08457230 -0.05372617
v -0.05177853 0.08604082 -0.05245048
v -0.04947510 0.08881766 -0.05013693
v -0.04830471 0.08768290 -0.05227750
v -0.04709697 0.08929827 -0.05078559
v -0.04473128 0.08972548 -0.05132614
v -0.04079677 0.09033959 -0.05210453
v -0.03745991 0.09283608 -0.04994234
v -0.03275344 0.09337009 -0.05074235
v -0.03638913 0.09417110 -0.04847205
v -0.03681246 0.09638724 -0.04516390
v -0.03682491 0.09756206 -0.04347740
v -0.03282815 0.09680109 -0.04583418
v -0.03279080 0.09506557 -0.04832070
v -0.02918001 0.09370384 -0.05121803
v -0.02165963 0.09409100 -0.05167209
v -0.02844541 0.09720160 -0.04639635
v -0.02579335 0.09589328 -0.04873152
v -0.01925659 0.09327663 -0.05299102
v -0.02625404 0.13561018 0.06787525
v -0.01925659 0.13543664 0.06402656
v -0.14643085 0.00166742 0.06787525
v -0.14592035 0.00166742 0.06458873
v -0.14593281 -0.00045526 0.06458873
v -0.10848028 -0.00045526 -0.04758556
v -0.10737214 0.00200118 -0.04920720
v -0.10719782 0.00620650 -0.04920720
v -0.10555429 0.00621985 -0.05165046
v -0.10542979 0.01025162 -0.05145587
v -0.10530527 0.01273476 -0.05128289
v -0.02651550 0.00965086 -0.15297056
v -0.10027508 0.02968954 -0.05359644
v -0.09807126 0.02942253 -0.05666674
v -0.09672655 0.03065076 -0.05800730
v -0.09437332 0.03340090 -0.05980192
v -0.09271734 0.03340090 -0.06183437
v -0.10514341 0.01543150 -0.05100181
v -0.10496910 0.01800809 -0.05074235
v -0.10469517 0.02149250 -0.05030991
v -0.10168204 0.02968954 -0.05165046
v -0.10557920 0.02536407 -0.04765042
v -0.10524302 0.02822101 -0.04708825
v -0.10488194 0.03101121 -0.04656933
v -0.10387342 0.02964949 -0.04853692
v -0.08144921 0.05829906 -0.05843973
v -0.08535881 0.05797866 -0.05452618
v -0.08426313 0.06062200 -0.05340184
v -0.08544597 0.06209052 -0.05076397
v -0.08300558 0.06343890 -0.05221264
v -0.08179783 0.06604218 -0.05104506
v -0.08051538 0.06868553 -0.04966125
v -0.08129980 0.05390684 -0.06213708
v -0.02472256 0.01304181 -0.15297056
v -0.08510980 0.05388014 -0.05822352
v -0.07655597 0.07255709 -0.04953153
v -0.07780107 0.07378532 -0.04691528
v -0.07640657 0.07629516 -0.04538013
v -0.07765166 0.07737653 -0.04285036
v -0.07531088 0.07807074 -0.04427741
v -0.07341833 0.08092768 -0.04250441
v -0.07077872 0.08188890 -0.04371524
v -0.06891107 0.08447884 -0.04205036
v -0.06632127 0.08531991 -0.04313145
v -0.06365676 0.08598742 -0.04442876
v -0.06156500 0.08875091 -0.04237468
v -0.06030745 0.09035294 -0.04099088
v -0.06024520 0.09234212 -0.03807193
v -0.05819079 0.09283608 -0.03882869
v -0.05659706 0.09216857 -0.04094764
v -0.05335981 0.09272928 -0.04233144
v -0.05079491 0.09338344 -0.04308821
v -0.04869069 0.09256908 -0.04542337
v -0.04845412 0.09032624 -0.04864503
v -0.04626275 0.09306304 -0.04602878
v -0.04484334 0.09194162 -0.04821259
v -0.04354844 0.09347689 -0.04665581
v -0.04080923 0.09239552 -0.04929368
v -0.04083413 0.09387740 -0.04721798
v -0.03910344 0.09729506 -0.04302334
v -0.03683736 0.09915074 -0.04105575
v -0.03284060 0.09794922 -0.04416930
v -0.02940413 0.09812277 -0.04483958
v -0.02172188 0.09752201 -0.04676392
v -0.01925659 0.09673435 -0.04810448
v -0.01925659 0.09530587 -0.05013693
v -0.01925659 0.09415775 -0.05175858
v -0.02585561 0.09880363 -0.04455849
v -0.02962825 0.13536989 0.06787525
v -0.02631629 0.13510288 0.06402656
v -0.01925659 0.13491597 0.06006975
v -0.14614447 0.00994456 0.06787525
v -0.14562153 0.00991786 0.06452386
v -0.14501143 0.00987781 0.06065355
v -0.14529781 0.00166742 0.06071841
v -0.14531026 -0.00045526 0.06074004
v -0.10905302 -0.00045526 -0.04672068
v -0.10904056 0.00200118 -0.04669906
v -0.10895341 0.00619315 -0.04656933
v -0.10696126 0.01021157 -0.04918557
v -0.10881645 0.01018486 -0.04641797
v -0.10860478 0.01408313 -0.04611527
v -0.10636361 0.01408313 -0.04946666
v -0.08995322 0.03680520 -0.06347763
v -0.08940538 0.03946190 -0.06272087
v -0.08880774 0.04230550 -0.06189924
v -0.08813538 0.04489544 -0.06112085
v -0.10114665 0.03328075 -0.05091532
v -0.09970234 0.03332080 -0.05288292
v -0.09775999 0.03338755 -0.05547754
v -0.09627832 0.03340090 -0.05742351
v -0.09362626 0.03687196 -0.05898028
v -0.09197028 0.03689866 -0.06099112
v -0.10631380 0.01800809 -0.04875314
v -0.10601498 0.02151920 -0.04834232
v -0.10272792 0.03322735 -0.04870989
v -0.10909038 0.02350838 -0.04302334
v -0.10765851 0.02516381 -0.04458012
v -0.10869194 0.02649884 -0.04252604
v -0.10621419 0.02959609 -0.04509904
v -0.10831841 0.02958274 -0.04192062
v -0.10587802 0.03309384 -0.04416930
v -0.10454576 0.03314725 -0.04611527
v -0.08823499 0.05626983 -0.05268832
v -0.08903185 0.05787185 -0.05041802
v -0.08830970 0.05982099 -0.04953153
v -0.08620548 0.05950058 -0.05221264
v -0.08593155 0.05546881 -0.05597484
v -0.08921862 0.06186357 -0.04663419
v -0.08680312 0.06321194 -0.04810448
v -0.08550822 0.06590869 -0.04693690
v -0.08436273 0.06456032 -0.04957477
v -0.08433784 0.06851198 -0.04557472
v -0.08179783 0.06986035 -0.04702339
v -0.08928087 0.04701812 -0.05848298
v -0.08543352 0.04731183 -0.06256951
v -0.08474871 0.04947456 -0.06179112
v -0.08573234 0.05190430 -0.05895866
v -0.08787391 0.05219801 -0.05634241
v -0.08880774 0.05369323 -0.05415861
v -0.08151146 0.07366517 -0.04298009
v -0.08016675 0.07620171 -0.04150981
v -0.08131224 0.07725637 -0.03891518
v -0.07908352 0.07803069 -0.04040709
v -0.07731548 0.08084758 -0.03861248
v -0.07468833 0.08192895 -0.03990979
v -0.07295764 0.08451889 -0.03822328
v -0.07036784 0.08537331 -0.03945573
v -0.06762862 0.08620102 -0.04075304
v -0.06419215 0.08819021 -0.04094764
v -0.06320853 0.08959197 -0.03980168
v -0.06256108 0.09304968 -0.03517460
v -0.06024520 0.09365045 -0.03603948
v -0.05213961 0.09415775 -0.04101250
v -0.05714490 0.09632049 -0.03413675
v -0.05221432 0.09616029 -0.03789896
v -0.04953736 0.09678775 -0.03869897
v -0.04854128 0.09589328 -0.04066655
v -0.04869069 0.09385070 -0.04365037
v -0.04494295 0.09439805 -0.04473147
v -0.04062246 0.09597338 -0.04432065
v -0.04184266 0.09696130 -0.04237468
v -0.04061001 0.09813612 -0.04109899
v -0.03285305 0.09993840 -0.04112061
v -0.04078432 0.10021875 -0.03766111
v -0.03682491 0.10073941 -0.03848274
v -0.02951619 0.10063261 -0.04096926
v -0.02173433 0.09903058 -0.04460174
v -0.01925659 0.09854997 -0.04548823
v -0.02591786 0.10067266 -0.04166116
v -0.03311452 0.13488926 0.06787525
v -0.02637855 0.13456886 0.06006975
v -0.02962825 0.13484922 0.06402656
v -0.01925659 0.13471573 0.05864271
v -0.14589546 0.01290831 0.06787525
v -0.14533517 0.01338892 0.06448062
v -0.14471261 0.01341562 0.06061030
v -0.14377879 0.01218740 0.05423185
v -0.14437643 0.00985111 0.05682647
v -0.14467525 0.00170747 0.05691296
v -0.14468772 -0.00045526 0.05691296
v -0.14489937 -0.00045526 0.05821028
v -0.10998684 -0.00045526 -0.04529364
v -0.11042263 0.00206793 -0.04455849
v -0.11032302 0.00625990 -0.04445038
v -0.11019851 0.01019822 -0.04427741
v -0.11195410 0.01018486 -0.04155305
v -0.10996194 0.01408313 -0.04399632
v -0.10965066 0.01802145 -0.04365037
v -0.10831841 0.01800809 -0.04572608
v -0.09096175 0.04063672 -0.06021273
v -0.09249322 0.04182489 -0.05768297
v -0.08981626 0.04492214 -0.05915326
v -0.10088518 0.03472257 -0.05061262
v -0.09733665 0.03568379 -0.05491537
v -0.09573047 0.03692536 -0.05632079
v -0.09312822 0.03892789 -0.05850460
v -0.10799469 0.02150585 -0.04535850
v -0.10392321 0.03653820 -0.04529364
v -0.10173185 0.03623115 -0.04862340
v -0.10933939 0.02145245 -0.04330442
v -0.11089576 0.02139905 -0.04086115
v -0.11242723 0.02134565 -0.03841788
v -0.10997439 0.02507036 -0.04103413
v -0.11200390 0.02515046 -0.03772598
v -0.10955106 0.02956939 -0.03993141
v -0.10905302 0.03294699 -0.03926113
v -0.10780792 0.03300039 -0.04122873
v -0.10723518 0.03601754 -0.04049358
v -0.10521812 0.03648480 -0.04334767
v -0.08987852 0.05525521 -0.05158560
v -0.09126057 0.05641668 -0.04886125
v -0.09261773 0.05765825 -0.04607202
v -0.08989097 0.05988774 -0.04758556
v -0.08987852 0.06330539 -0.04429903
v -0.08802332 0.06823163 -0.04142332
v -0.08677823 0.06705680 -0.04419092
v -0.09274224 0.06156986 -0.04248279
v -0.08547087 0.06967345 -0.04302334
v -0.08965440 0.05106324 -0.05510997
v -0.08858362 0.04920756 -0.05770459
v -0.08701480 0.04825969 -0.06014786
v -0.09292901 0.04660427 -0.05433158
v -0.09243097 0.04837984 -0.05372617
v -0.09106136 0.05217131 -0.05258021
v -0.09249322 0.05330608 -0.04992072
v -0.08413861 0.07230344 -0.04148818
v -0.08275656 0.07475988 -0.04021250
v -0.08534636 0.07327801 -0.03889356
v -0.08616813 0.07413242 -0.03679624
v -0.08894469 0.07310445 -0.03461243
v -0.08503509 0.07694932 -0.03461243
v -0.08218381 0.07804404 -0.03679624
v -0.08107568 0.08076748 -0.03454756
v -0.07963136 0.08007327 -0.03707733
v -0.07852323 0.08180880 -0.03595299
v -0.07574666 0.08318387 -0.03709895
v -0.07420274 0.08548011 -0.03556379
v -0.07240980 0.08803000 -0.03359620
v -0.07137637 0.08670833 -0.03653678
v -0.06767843 0.08817685 -0.03783409
v -0.06561157 0.08883101 -0.03878545
v -0.06498901 0.09236883 -0.03411513
v -0.06389333 0.09382400 -0.03275295
v -0.06176422 0.09646734 -0.03030968
v -0.06035726 0.09566633 -0.03275295
v -0.05907481 0.09716155 -0.03132590
v -0.05586245 0.09773561 -0.03275295
v -0.05215207 0.09749530 -0.03582325
v -0.04734599 0.09726835 -0.03921789
v -0.04851638 0.10020540 -0.03381242
v -0.04849148 0.09812277 -0.03720706
v -0.04498030 0.09648069 -0.04163954
v -0.04496785 0.09768221 -0.03975844
v -0.04460677 0.09971144 -0.03668813
v -0.03292776 0.10244824 -0.03699084
v -0.04300060 0.10115327 -0.03506649
v -0.04077187 0.10146033 -0.03558542
v -0.03683736 0.10199433 -0.03640705
v -0.02869443 0.10155378 -0.03965033
v -0.02942903 0.10467773 -0.03430972
v -0.01925659 0.10087291 -0.04196387
v -0.01925659 0.09916408 -0.04458012
v -0.02598011 0.10491803 -0.03459081
v -0.02173433 0.10507823 -0.03476378
v -0.03707393 0.13430185 0.06787525
v -0.03299001 0.13438197 0.06404818
v -0.01925659 0.13436861 0.05617782
v -0.02642835 0.13400815 0.05617782
v -0.02961580 0.13430185 0.06006975
v -0.14585809 0.01334887 0.06787525
v -0.14580830 0.01386953 0.06787525
v -0.14507369 0.02129225 0.06787525
v -0.14455075 0.02125220 0.06445900
v -0.14386595 0.00982441 0.05386428
v -0.14372898 0.01973027 0.05859946
v -0.14255859 0.02125220 0.05286967
v -0.14294458 0.01767434 0.05286967
v -0.14223487 0.01764764 0.04893449
v -0.14268310 0.01345567 0.04897773
v -0.14224732 0.00973096 0.04502093
v -0.14299438 0.00977101 0.04902098
v -0.14397800 0.00157398 0.05286967
v -0.14369162 0.00023895 0.05098856
v -0.14372898 -0.00045526 0.05120479
v -0.11044752 -0.00045526 -0.04458012
v -0.11217822 -0.00045526 -0.04189900
v -0.11216576 0.00212134 -0.04185576
v -0.11206616 0.00631330 -0.04172603
v -0.11333616 0.00627325 -0.03969357
v -0.11322410 0.01013146 -0.03952060
v -0.11171753 0.01405643 -0.04122873
v -0.11262644 0.01899601 -0.03872059
v -0.09350175 0.04418788 -0.05504510
v -0.09197028 0.04521585 -0.05634241
v -0.09680126 0.03823368 -0.05426671
v -0.09620361 0.04091707 -0.05348832
v -0.10042449 0.03729916 -0.04992072
v -0.10138322 0.03959540 -0.04730447
v -0.10481969 0.03856744 -0.04280712
v -0.11364743 0.02130560 -0.03642867
v -0.11319919 0.02511041 -0.03573677
v -0.11247704 0.03082431 -0.03454756
v -0.11155566 0.02944924 -0.03666651
v -0.11045998 0.03301374 -0.03694759
v -0.10881645 0.03430872 -0.03895843
v -0.10829351 0.03713896 -0.03815842
v -0.10551694 0.04026291 -0.04073142
v -0.09351420 0.05488140 -0.04730447
v -0.09484646 0.05600282 -0.04455849
v -0.09193293 0.06020814 -0.04470985
v -0.09202009 0.06385275 -0.04099088
v -0.08977891 0.06712355 -0.04038547
v -0.08901940 0.06948654 -0.03885032
v -0.09710008 0.05428064 -0.04302334
v -0.09615381 0.05716429 -0.04174765
v -0.09490871 0.06008799 -0.04081791
v -0.09630322 0.06100915 -0.03802869
v -0.09367606 0.06283813 -0.03988817
v -0.08666617 0.07086162 -0.04014763
v -0.09502077 0.04509569 -0.05255859
v -0.09655224 0.04608361 -0.05000720
v -0.09397489 0.04843325 -0.05178020
v -0.09333989 0.05060933 -0.05095857
v -0.09473440 0.05171740 -0.04827745
v -0.09615381 0.05278542 -0.04555310
v -0.08806067 0.07222334 -0.03679624
v -0.09255548 0.06907269 -0.03437459
v -0.09118587 0.07166263 -0.03318539
v -0.09238116 0.07281075 -0.03002859
v -0.08982872 0.07417247 -0.03199618
v -0.08872058 0.07665561 -0.03028806
v -0.08752528 0.07552085 -0.03329350
v -0.08975401 0.07034096 -0.03679624
v -0.08608097 0.07792389 -0.03197456
v -0.08356587 0.07935236 -0.03327188
v -0.08212156 0.08168864 -0.03190970
v -0.08057764 0.08430529 -0.03000697
v -0.07954421 0.08307707 -0.03301241
v -0.07680499 0.08446549 -0.03411513
v -0.07798784 0.08537331 -0.03143402
v -0.07528597 0.08670833 -0.03251511
v -0.07380430 0.08887107 -0.03091509
v -0.06776559 0.09150106 -0.03277457
v -0.06771578 0.08951187 -0.03582325
v -0.06649559 0.09319653 -0.03141240
v -0.06422950 0.09591998 -0.02903399
v -0.06312137 0.09718825 -0.02790965
v -0.06030745 0.09794922 -0.02901236
v -0.05771765 0.10048575 -0.02678531
v -0.05621108 0.09987165 -0.02894750
v -0.05205246 0.09949785 -0.03257998
v -0.05070775 0.10097971 -0.03104482
v -0.04573981 0.10072606 -0.03446108
v -0.04845412 0.10147368 -0.03165023
v -0.03299001 0.10433062 -0.03385566
v -0.04455697 0.10195428 -0.03294755
v -0.04079677 0.10306235 -0.03286106
v -0.03716109 0.10406362 -0.03273133
v -0.03609030 0.10518504 -0.03121780
v -0.03302737 0.10553214 -0.03173672
v -0.02945393 0.10586589 -0.03219078
v -0.02595521 0.10611956 -0.03247186
v -0.01925659 0.10366311 -0.03733678
v -0.02405021 0.10912335 -0.02743397
v -0.02173433 0.10629310 -0.03266646
v -0.01925659 0.10565229 -0.03400702
v -0.01925659 0.10514498 -0.03487189
v -0.04099599 0.13355425 0.06787525
v -0.03707393 0.13376787 0.06409143
v -0.03296511 0.13380791 0.06011299
v -0.01925659 0.13416837 0.05479401
v -0.02189619 0.13364769 0.05228588
v -0.02646570 0.13340741 0.05228588
v -0.02959090 0.13372781 0.05617782
v -0.14502388 0.02163936 0.06787525
v -0.14411497 0.02400234 0.06445900
v -0.14386595 0.02310788 0.06199410
v -0.14361692 0.02177286 0.05944272
v -0.14394065 0.02094514 0.06065355
v -0.14184889 0.02516381 0.05280481
v -0.14183643 0.02125220 0.04893449
v -0.14148781 0.01756754 0.04497768
v -0.14192360 0.01342897 0.04499931
v -0.14252123 0.00180093 0.04504255
v -0.14054153 0.01345567 0.03805869
v -0.14145045 0.00974431 0.04102088
v -0.14173683 0.00178758 0.04102088
v -0.14254614 -0.00045526 0.04504255
v -0.14369162 -0.00033511 0.05098856
v -0.11257664 -0.00045526 -0.04127197
v -0.11342331 0.00209463 -0.03984492
v -0.11500458 0.00620650 -0.03694759
v -0.11481782 0.01003801 -0.03690435
v -0.11298753 0.01398968 -0.03919627
v -0.11439449 0.01390958 -0.03690435
v -0.11369723 0.01779449 -0.03718543
v -0.11583880 0.01779449 -0.03355296
v -0.09772263 0.04087702 -0.05154236
v -0.09985175 0.04098382 -0.04860178
v -0.10078557 0.04250575 -0.04639635
v -0.10428430 0.04146443 -0.04194225
v -0.11558978 0.02121215 -0.03309890
v -0.11656096 0.02269402 -0.03087185
v -0.11519135 0.02457640 -0.03249349
v -0.11364743 0.02939583 -0.03309890
v -0.11591351 0.02955603 -0.02896912
v -0.11329880 0.03305379 -0.03203943
v -0.11217822 0.03306714 -0.03402864
v -0.10948880 0.03600419 -0.03688273
v -0.10906547 0.03930170 -0.03558542
v -0.10770831 0.04071682 -0.03694759
v -0.10514341 0.04338686 -0.03939087
v -0.09275469 0.06514772 -0.03856924
v -0.09367606 0.06633589 -0.03595299
v -0.09981439 0.05219801 -0.04088278
v -0.10064861 0.05347963 -0.03861248
v -0.09777244 0.05586932 -0.04062331
v -0.09759812 0.05171740 -0.04442876
v -0.09987665 0.05621643 -0.03718543
v -0.10147038 0.05490810 -0.03601785
v -0.09777244 0.05991444 -0.03683948
v -0.09713743 0.06239758 -0.03539082
v -0.09499587 0.06377265 -0.03699084
v -0.09594214 0.04851335 -0.04918557
v -0.09808371 0.04485539 -0.04866665
v -0.10026263 0.04490879 -0.04563958
v -0.09738646 0.04851335 -0.04721798
v -0.09693822 0.05014208 -0.04661257
v -0.09489626 0.06747066 -0.03288268
v -0.09346440 0.07016741 -0.03173672
v -0.09464724 0.07120872 -0.02862317
v -0.09316557 0.07383872 -0.02747721
v -0.09211970 0.07624176 -0.02587719
v -0.09098665 0.07524049 -0.02888263
v -0.08467401 0.08048713 -0.03024481
v -0.08959214 0.07757678 -0.02775830
v -0.08716421 0.07901860 -0.02901236
v -0.08559538 0.08139494 -0.02771505
v -0.08314254 0.08283677 -0.02886101
v -0.08162352 0.08511965 -0.02747721
v -0.07929519 0.08608087 -0.02881777
v -0.07653107 0.08813680 -0.02892588
v -0.07735283 0.08877761 -0.02695829
v -0.07467587 0.08949853 -0.02890426
v -0.07297009 0.09226202 -0.02626639
v -0.07166274 0.09148771 -0.02890426
v -0.06780294 0.09389075 -0.02890426
v -0.06557422 0.09652074 -0.02678531
v -0.06424196 0.09798927 -0.02542313
v -0.06030745 0.09996510 -0.02544476
v -0.05906236 0.10113991 -0.02434204
v -0.05786706 0.10441072 -0.01900144
v -0.05618618 0.10180743 -0.02546638
v -0.05194040 0.10164722 -0.02894750
v -0.04839187 0.10308905 -0.02888263
v -0.04662383 0.10469108 -0.02708802
v -0.04511726 0.10411701 -0.02888263
v -0.04080923 0.10457092 -0.03020157
v -0.03863031 0.10486463 -0.03069887
v -0.03714864 0.10598605 -0.02933669
v -0.03301491 0.10700067 -0.02909885
v -0.02939168 0.10756137 -0.02916372
v -0.02646570 0.10898985 -0.02723937
v -0.02553188 0.10818883 -0.02886101
v -0.02585561 0.11182010 -0.02172579
v -0.02586805 0.11284806 -0.01965009
v -0.02177168 0.11198029 -0.02194201
v -0.01925659 0.11132613 -0.02352041
v -0.01925659 0.10989766 -0.02633125
v -0.01925659 0.10924350 -0.02760694
v -0.01925659 0.10866945 -0.02866641
v -0.01925659 0.10825559 -0.02942318
v -0.01925659 0.10635985 -0.03277457
v -0.04634991 0.13233937 0.06787525
v -0.03995011 0.13265979 0.06017786
v -0.04117030 0.13296684 0.06409143
v -0.03704903 0.13318046 0.06015624
v -0.03808246 0.13224592 0.05511834
v -0.03926530 0.13243283 0.05771297
v -0.03292776 0.13322050 0.05619944
v -0.01925659 0.13378120 0.05226425
v -0.01925659 0.13338070 0.04969125
v -0.02954109 0.13312704 0.05228588
v -0.02210786 0.13298020 0.04809123
v -0.02397551 0.13264644 0.04662095
v -0.02646570 0.13288674 0.04899936
v -0.14441379 0.02531066 0.06787525
v -0.14359203 0.02970289 0.06787525
v -0.14240918 0.03304044 0.06445900
v -0.14238428 0.02966284 0.06050219
v -0.14029252 0.03179887 0.05081559
v -0.14056643 0.02422930 0.04493444
v -0.14031741 0.02312123 0.04266415
v -0.14107692 0.02119880 0.04497768
v -0.14025516 0.01867561 0.03935600
v -0.14067849 0.01742069 0.04080466
v -0.14014310 0.01352242 0.03611272
v -0.14031741 0.00985111 0.03542082
v -0.14041703 0.00591280 0.03513974
v -0.14051664 0.00112007 0.03483702
v -0.14077810 -0.00045526 0.03613434
v -0.11344821 -0.00045526 -0.03986655
v -0.11465596 -0.00045526 -0.03787734
v -0.11519135 0.00201453 -0.03692597
v -0.11649870 0.00194778 -0.03472054
v -0.11642399 0.00615310 -0.03454756
v -0.11632438 0.00997126 -0.03437459
v -0.11611272 0.01378942 -0.03400702
v -0.11724576 0.01373602 -0.03201780
v -0.11695939 0.01771439 -0.03156375
v -0.10160733 0.04486874 -0.04371524
v -0.10364930 0.04476194 -0.04077466
v -0.11668547 0.02114540 -0.03113131
v -0.11788076 0.02109200 -0.02894750
v -0.11969860 0.02101189 -0.02546638
v -0.11930017 0.02453635 -0.02477448
v -0.11720841 0.02448295 -0.02886101
v -0.11496724 0.03300039 -0.02905561
v -0.11662321 0.03106461 -0.02693667
v -0.11293772 0.03518983 -0.03149888
v -0.11168018 0.03649815 -0.03290430
v -0.10991213 0.04079692 -0.03318539
v -0.10851763 0.04226544 -0.03461243
v -0.10459557 0.04600351 -0.03848274
v -0.10595272 0.04476194 -0.03714219
v -0.09632812 0.06470717 -0.03402864
v -0.10048675 0.04935441 -0.04218009
v -0.10129606 0.05103654 -0.03962870
v -0.10220498 0.05222471 -0.03722868
v -0.10423449 0.05218466 -0.03400702
v -0.10490684 0.05409374 -0.03115293
v -0.10280263 0.05590937 -0.03286106
v -0.10147038 0.05906002 -0.03193132
v -0.10063616 0.05772500 -0.03456919
v -0.09995136 0.06024819 -0.03314214
v -0.10064861 0.06163662 -0.03065563
v -0.09787204 0.06365250 -0.03281781
v -0.09717479 0.06586864 -0.03139077
v -0.10105949 0.04712493 -0.04300172
v -0.09944087 0.04833979 -0.04442876
v -0.09611645 0.06851198 -0.02976913
v -0.09696312 0.06953994 -0.02719613
v -0.09587988 0.07238355 -0.02516367
v -0.09373832 0.07516039 -0.02481772
v -0.09294145 0.07720297 -0.02326095
v -0.09062557 0.07865815 -0.02460150
v -0.08909410 0.08102114 -0.02334743
v -0.08821009 0.08011332 -0.02594206
v -0.08665371 0.08248966 -0.02460150
v -0.08415107 0.08395818 -0.02583395
v -0.08510980 0.08478590 -0.02326095
v -0.08296823 0.08566702 -0.02477448
v -0.08091382 0.08855066 -0.02287175
v -0.07953176 0.08803000 -0.02544476
v -0.07842362 0.08953858 -0.02440691
v -0.07665558 0.09212852 -0.02222310
v -0.07577156 0.09090030 -0.02531502
v -0.07416539 0.09298293 -0.02369338
v -0.06676951 0.09722830 -0.02429880
v -0.06573608 0.10055251 -0.01919603
v -0.06432912 0.10003185 -0.02155282
v -0.06327078 0.10119332 -0.02032037
v -0.06031990 0.10198098 -0.02155282
v -0.06046932 0.10395682 -0.01748791
v -0.05933628 0.10510494 -0.01625546
v -0.05609902 0.10778833 -0.01342299
v -0.05626088 0.10581250 -0.01744466
v -0.05197775 0.10765483 -0.01716358
v -0.05185324 0.10559889 -0.02142309
v -0.05186569 0.10366311 -0.02522854
v -0.04832961 0.10435732 -0.02656909
v -0.04399667 0.10509158 -0.02771505
v -0.04831716 0.10531854 -0.02466637
v -0.04834207 0.10701402 -0.02127173
v -0.04676079 0.10856264 -0.01915279
v -0.04510481 0.10586589 -0.02559611
v -0.04078432 0.10555884 -0.02845020
v -0.03681246 0.10797523 -0.02572584
v -0.03296511 0.10840244 -0.02646098
v -0.02932943 0.10876289 -0.02693667
v -0.02802207 0.11270121 -0.01945550
v -0.02588051 0.11399618 -0.01718520
v -0.02175923 0.11423648 -0.01722844
v -0.02175923 0.11300826 -0.01984469
v -0.01925659 0.11310171 -0.01995280
v -0.04872804 0.13175196 0.06787525
v -0.04484334 0.13212578 0.06411304
v -0.04501766 0.13149832 0.06019948
v -0.04870314 0.13120461 0.06417791
v -0.03688717 0.13261974 0.05632917
v -0.03546776 0.13247288 0.05392914
v -0.03684981 0.13203233 0.05254534
v -0.03696187 0.13135146 0.04854529
v -0.04080923 0.13059051 0.04856692
v -0.04083413 0.13123131 0.05241561
v -0.04498030 0.13089756 0.05630755
v -0.01925659 0.13315375 0.04826421
v -0.02951619 0.13268650 0.04951828
v -0.03398609 0.13228598 0.05131289
v -0.01925659 0.13287339 0.04651284
v -0.02646570 0.13256634 0.04705339
v -0.01925659 0.13268650 0.04538850
v -0.02642835 0.13145826 0.04065331
v -0.02645325 0.13213913 0.04452363
v -0.14295702 0.03306714 0.06787525
v -0.14216017 0.03623115 0.06787525
v -0.14159987 0.03624450 0.06445900
v -0.14174927 0.03301374 0.06052381
v -0.14013065 0.03304044 0.05161560
v -0.13957037 0.03318730 0.04876152
v -0.13876105 0.03332080 0.04469660
v -0.13798908 0.03329410 0.04071818
v -0.13874859 0.02963614 0.04082629
v -0.14105203 0.03300039 0.05661026
v -0.13970732 0.02483006 0.04117223
v -0.13884820 0.02505701 0.03706408
v -0.14049173 0.02114540 0.04201549
v -0.13950810 0.02111870 0.03708570
v -0.13996879 0.01742069 0.03728030
v -0.13905987 0.01758089 0.03302079
v -0.13948320 0.01362922 0.03302079
v -0.13887311 0.01002467 0.02884777
v -0.13917193 0.00180093 0.02880453
v -0.13917193 -0.00045526 0.02880453
v -0.14025516 -0.00045526 0.03366945
v -0.14051664 -0.00045526 0.03485865
v -0.11522870 -0.00045526 -0.03692597
v -0.11606292 -0.00045526 -0.03552055
v -0.11651115 -0.00045526 -0.03476378
v -0.11690959 -0.00045526 -0.03407189
v -0.11764419 0.00193443 -0.03273133
v -0.11754458 0.00612640 -0.03255835
v -0.11745743 0.00994456 -0.03238538
v -0.11890174 0.01366927 -0.02899074
v -0.11836635 0.01762094 -0.02899074
v -0.11996008 0.01751414 -0.02594206
v -0.12094370 0.01747409 -0.02401771
v -0.12231330 0.01746074 -0.02122849
v -0.12064488 0.02098520 -0.02354203
v -0.12045811 0.02280082 -0.02323932
v -0.12017174 0.02579127 -0.02237445
v -0.11989781 0.02927568 -0.02122849
v -0.11776870 0.02947593 -0.02546638
v -0.11373458 0.03652485 -0.02920696
v -0.11636174 0.03296034 -0.02641774
v -0.11588860 0.03649815 -0.02518529
v -0.11734537 0.03294699 -0.02453664
v -0.11247704 0.03791328 -0.03063401
v -0.11202881 0.04103722 -0.02927183
v -0.10932694 0.04404102 -0.03197456
v -0.10811919 0.04514909 -0.03327188
v -0.10184391 0.04835315 -0.04092602
v -0.10539244 0.04767229 -0.03593137
v -0.10409753 0.04871360 -0.03716381
v -0.10478234 0.05004862 -0.03493676
v -0.10631380 0.04880705 -0.03344485
v -0.10540488 0.05221136 -0.03201780
v -0.10735968 0.05193101 -0.02888263
v -0.10828106 0.05295897 -0.02626639
v -0.10536753 0.05569577 -0.02875290
v -0.10486949 0.05813886 -0.02719613
v -0.10409753 0.05684389 -0.02981237
v -0.10276528 0.05990109 -0.02892588
v -0.10424694 0.06099581 -0.02525016
v -0.10142057 0.06282478 -0.02803938
v -0.09966498 0.06755076 -0.02527178
v -0.09772263 0.06732381 -0.02870966
v -0.09758567 0.07034096 -0.02516367
v -0.09660204 0.07325130 -0.02285013
v -0.09565577 0.07541404 -0.02142309
v -0.09634057 0.07672237 -0.01846089
v -0.09357646 0.07791053 -0.02120687
v -0.09174616 0.07975286 -0.02120687
v -0.08977891 0.08172869 -0.02120687
v -0.08858362 0.08447884 -0.01872035
v -0.08776185 0.08366448 -0.02120687
v -0.08583195 0.08540001 -0.02122849
v -0.08187254 0.08932497 -0.02025551
v -0.08024146 0.09194162 -0.01794197
v -0.07933254 0.09072674 -0.02122849
v -0.07776372 0.09284943 -0.01958523
v -0.07549764 0.09355699 -0.02105552
v -0.07319421 0.09632049 -0.01876360
v -0.07181215 0.09569303 -0.02144471
v -0.06929705 0.09644064 -0.02291500
v -0.06793990 0.09802932 -0.02148795
v -0.06806441 0.09999180 -0.01761764
v -0.06699363 0.10122001 -0.01645006
v -0.06562402 0.10443742 -0.01139054
v -0.06432912 0.10207443 -0.01759602
v -0.06201323 0.10447747 -0.01497977
v -0.06050667 0.10583920 -0.01359597
v -0.05764295 0.10829564 -0.01091486
v -0.05202755 0.10939035 -0.01340137
v -0.05075755 0.10880294 -0.01577978
v -0.05050853 0.10486463 -0.02393122
v -0.04034854 0.10748127 -0.02488259
v -0.04835452 0.10828228 -0.01867711
v -0.04515462 0.10797523 -0.02127173
v -0.04840432 0.10927020 -0.01660141
v -0.04501766 0.11180675 -0.01331489
v -0.04519197 0.10977751 -0.01750953
v -0.04032364 0.10925686 -0.02127173
v -0.03682491 0.11013797 -0.02129336
v -0.03294021 0.11091228 -0.02133660
v -0.03289041 0.11220725 -0.01869873
v -0.03287795 0.11320852 -0.01657979
v -0.03285305 0.11467704 -0.01342299
v -0.02919247 0.11526445 -0.01348786
v -0.02588051 0.11567831 -0.01353110
v -0.01925659 0.11386268 -0.01833116
v -0.02173433 0.11590526 -0.01357435
v -0.01925659 0.11535790 -0.01506626
v -0.05197775 0.13072401 0.06787525
v -0.04866579 0.13060386 0.06022111
v -0.05195285 0.13016330 0.06417791
v -0.03262894 0.13204567 0.04861016
v -0.02945393 0.13185877 0.04456687
v -0.03694942 0.13068396 0.04471822
v -0.04077187 0.12990964 0.04473984
v -0.04494295 0.12961593 0.04856692
v -0.04496785 0.13027009 0.05243724
v -0.04864089 0.12998974 0.05630755
v -0.02949129 0.13236608 0.04759393
v -0.01925659 0.13221923 0.04275064
v -0.02942903 0.13116455 0.04069656
v -0.02639100 0.13076406 0.03678300
v -0.14093997 0.04067677 0.06787525
v -0.14074075 0.03940850 0.06443737
v -0.14046683 0.03872764 0.06175626
v -0.14085281 0.03645810 0.06048057
v -0.14052909 0.03505633 0.05661026
v -0.14031741 0.03432206 0.05442644
v -0.13962016 0.03600419 0.05295615
v -0.13872369 0.03648480 0.04873989
v -0.13791438 0.03661830 0.04467498
v -0.13706772 0.03676515 0.04052358
v -0.13671909 0.03532333 0.03689111
v -0.13651986 0.03448227 0.03488027
v -0.13724203 0.03317394 0.03689111
v -0.13797663 0.02958274 0.03695597
v -0.13800154 0.02508371 0.03308565
v -0.13866144 0.02118545 0.03308565
v -0.13813850 0.01770104 0.02891263
v -0.13856183 0.01376273 0.02889101
v -0.13796418 0.01002467 0.02484772
v -0.13811360 0.00603295 0.02480448
v -0.13826300 0.00181428 0.02478286
v -0.13826300 -0.00045526 0.02478286
v -0.11764419 -0.00045526 -0.03277457
v -0.11832900 -0.00045526 -0.03154213
v -0.11956164 0.00190773 -0.02922858
v -0.11930017 0.00989116 -0.02901236
v -0.12022154 0.01361587 -0.02650423
v -0.12119272 0.01360252 -0.02455826
v -0.12281134 0.01362922 -0.02120687
v -0.12405644 0.01368262 -0.01846089
v -0.12385723 0.01747409 -0.01783386
v -0.12369537 0.02082499 -0.01703385
v -0.12176546 0.02097184 -0.02120687
v -0.12268684 0.02493686 -0.01737980
v -0.12104331 0.02454970 -0.02112038
v -0.12058262 0.03070416 -0.01904468
v -0.11891419 0.03292029 -0.02140147
v -0.11698429 0.03521653 -0.02386636
v -0.11656096 0.03781982 -0.02300148
v -0.11321165 0.03968885 -0.02806100
v -0.11265135 0.04271935 -0.02693667
v -0.11028567 0.04521585 -0.02944480
v -0.10881645 0.04665767 -0.03095833
v -0.10831841 0.04864685 -0.03015832
v -0.10948880 0.04856675 -0.02816911
v -0.10897832 0.05044913 -0.02736910
v -0.10952616 0.05181085 -0.02509881
v -0.10896586 0.05428064 -0.02369338
v -0.10734724 0.05584262 -0.02507718
v -0.10541733 0.05904667 -0.02525016
v -0.10483214 0.06189027 -0.02326095
v -0.10222989 0.06393285 -0.02531502
v -0.10129606 0.06628249 -0.02408258
v -0.10038714 0.06881904 -0.02248256
v -0.09886812 0.07152913 -0.02137984
v -0.09734911 0.07422587 -0.02025551
v -0.09804636 0.07545409 -0.01727169
v -0.09705028 0.07760348 -0.01586627
v -0.09484646 0.07905865 -0.01729331
v -0.09255548 0.08054053 -0.01872035
v -0.09097421 0.08291687 -0.01740142
v -0.08940538 0.08527986 -0.01608248
v -0.08701480 0.08672168 -0.01720682
v -0.08543352 0.08892447 -0.01567167
v -0.08286862 0.09043304 -0.01681763
v -0.08124999 0.09266253 -0.01526085
v -0.07917068 0.09330334 -0.01686087
v -0.07696685 0.09614693 -0.01437436
v -0.07564706 0.09547942 -0.01733655
v -0.07433970 0.09702805 -0.01601762
v -0.07177480 0.09790917 -0.01735817
v -0.07176235 0.09980490 -0.01366084
v -0.06802706 0.10198098 -0.01366084
v -0.06323343 0.10503819 -0.01257974
v -0.06427932 0.10403691 -0.01363921
v -0.07316931 0.10025880 -0.01104459
v -0.06780294 0.10380996 -0.01000674
v -0.06660765 0.10498478 -0.00890402
v -0.06404274 0.10764147 -0.00570398
v -0.06429177 0.10571904 -0.00994187
v -0.06024520 0.10770823 -0.00966079
v -0.05891294 0.10881630 -0.00840672
v -0.05585000 0.11123269 -0.00550939
v -0.05015991 0.11244755 -0.00797428
v -0.05165403 0.11127274 -0.00937970
v -0.04859108 0.11200700 -0.01039593
v -0.04851638 0.11077877 -0.01329326
v -0.03919060 0.11247426 -0.01526085
v -0.04657403 0.11232740 -0.01117432
v -0.04366050 0.11268786 -0.01219055
v -0.04061001 0.11299491 -0.01331489
v -0.03681246 0.11176669 -0.01796359
v -0.03680001 0.11278131 -0.01582302
v -0.03680001 0.11394278 -0.01335813
v -0.03683736 0.11533120 -0.00998512
v -0.03277835 0.11613221 -0.00983376
v -0.02921737 0.11637252 -0.01078513
v -0.02590541 0.11658612 -0.01134729
v -0.02170943 0.11671962 -0.01167162
v -0.01925659 0.11646597 -0.01257974
v -0.01925659 0.11609216 -0.01344462
v -0.05225167 0.13063057 0.06787525
v -0.05190304 0.12956253 0.06022111
v -0.05627334 0.12925549 0.06787525
v -0.02939168 0.13045700 0.03682624
v -0.03697433 0.12994969 0.04080466
v -0.04075942 0.12916203 0.04084791
v -0.04525422 0.12877488 0.04445876
v -0.04789383 0.12830761 0.04558310
v -0.04872804 0.12858797 0.04832907
v -0.04860354 0.12934894 0.05241561
v -0.05120579 0.12850787 0.05243724
v -0.01925659 0.13137817 0.03808031
v -0.01925659 0.13112451 0.03673975
v -0.02634119 0.13005649 0.03319376
v -0.14019291 0.04334681 0.06787525
v -0.13904741 0.04530930 0.06432926
v -0.13837506 0.04525590 0.06039408
v -0.13896026 0.04079692 0.05656701
v -0.14020535 0.03800672 0.05914001
v -0.13996879 0.03719236 0.05658863
v -0.13696810 0.03998256 0.04467498
v -0.13823811 0.04081027 0.05267507
v -0.13668173 0.03899464 0.04171278
v -0.13644516 0.03807347 0.03913978
v -0.13622104 0.03720571 0.03691273
v -0.13669418 0.03310720 0.03427486
v -0.13577281 0.03600419 0.03334512
v -0.13472693 0.03635130 0.02906399
v -0.13553623 0.03313389 0.02904237
v -0.13625840 0.03312054 0.03228565
v -0.13647007 0.03126486 0.03148563
v -0.13674398 0.02365524 0.02629639
v -0.13774006 0.02125220 0.02899912
v -0.13665683 0.01922297 0.02316122
v -0.13764045 0.01378942 0.02489096
v -0.13710506 0.00995791 0.02119363
v -0.13669418 0.00812893 0.01916117
v -0.13735409 0.00180093 0.02099903
v -0.13735409 -0.00045526 0.02099903
v -0.11957409 -0.00045526 -0.02925021
v -0.12059507 -0.00045526 -0.02730424
v -0.12058262 0.00188103 -0.02728262
v -0.12052037 0.00473798 -0.02715288
v -0.12044566 0.00758157 -0.02704478
v -0.11964880 0.00613975 -0.02868804
v -0.12038341 0.00985111 -0.02691504
v -0.12137949 0.00983776 -0.02496908
v -0.12319733 0.00982441 -0.02120687
v -0.12511478 0.00987781 -0.01699060
v -0.12491556 0.01370932 -0.01649330
v -0.12470389 0.01748743 -0.01588789
v -0.12456693 0.01958342 -0.01554194
v -0.12435526 0.02185296 -0.01508788
v -0.12156625 0.02930238 -0.01761764
v -0.12492801 0.02412250 -0.01260136
v -0.12332184 0.02934243 -0.01363921
v -0.12246272 0.03284019 -0.01366084
v -0.12119272 0.03285354 -0.01649330
v -0.12030870 0.03288024 -0.01843927
v -0.11979821 0.03621779 -0.01733655
v -0.11769399 0.03647145 -0.02159606
v -0.11720841 0.03946190 -0.02045010
v -0.11611272 0.04082362 -0.02163931
v -0.11408321 0.04097048 -0.02550962
v -0.11232763 0.04537605 -0.02553124
v -0.11108253 0.04854005 -0.02527178
v -0.11154321 0.05183755 -0.02122849
v -0.10816900 0.05712424 -0.02220148
v -0.11230272 0.05301237 -0.01856900
v -0.10943900 0.05585597 -0.02112038
v -0.10682429 0.06012804 -0.02146633
v -0.10418469 0.06403965 -0.02174742
v -0.10821881 0.06122276 -0.01755277
v -0.10875420 0.06214392 -0.01547707
v -0.10549204 0.06298498 -0.02070957
v -0.10195596 0.06757747 -0.02127173
v -0.10110929 0.06980695 -0.01988794
v -0.10020038 0.07269060 -0.01740142
v -0.10079802 0.07338481 -0.01530410
v -0.10148283 0.07422587 -0.01275272
v -0.09987665 0.07548080 -0.01383381
v -0.10037469 0.07681581 -0.01080675
v -0.09767283 0.07831104 -0.01350948
v -0.09663939 0.08079418 -0.01121756
v -0.09602930 0.08009997 -0.01350948
v -0.09335234 0.08132819 -0.01610411
v -0.09211970 0.08409168 -0.01346624
v -0.09017734 0.08600077 -0.01346624
v -0.08879528 0.08856401 -0.01110946
v -0.08807313 0.08793655 -0.01346624
v -0.08182274 0.09314314 -0.01344462
v -0.08045313 0.09597338 -0.00981214
v -0.07922048 0.09511897 -0.01329326
v -0.07785087 0.09673435 -0.01199595
v -0.07562215 0.09757540 -0.01327164
v -0.07547274 0.09935099 -0.00981214
v -0.07404088 0.10081951 -0.00860132
v -0.07174990 0.10163388 -0.00979052
v -0.07152578 0.10343616 -0.00592020
v -0.06781539 0.10557219 -0.00587696
v -0.06523804 0.10818883 -0.00293639
v -0.06284745 0.10876289 -0.00432019
v -0.06157745 0.10822888 -0.00700130
v -0.06027010 0.10935030 -0.00568236
v -0.06005843 0.11117928 -0.00137961
v -0.05709510 0.11191354 -0.00259043
v -0.05206490 0.11426318 -0.00157421
v -0.04869069 0.11380927 -0.00587696
v -0.04501766 0.11483724 -0.00596345
v -0.04507991 0.11323521 -0.00996350
v -0.04074697 0.11442339 -0.00992025
v -0.03692452 0.11846850 -0.00168232
v -0.03301491 0.11918941 -0.00172556
v -0.02926717 0.11991033 -0.00140123
v -0.02812168 0.12072469 0.00028527
v -0.02591786 0.12001713 -0.00217962
v -0.01925659 0.11829495 -0.00780131
v -0.01925659 0.11677303 -0.01184460
v -0.02159737 0.12013728 -0.00252557
v -0.01925659 0.12020403 -0.00269854
v -0.05213961 0.12878822 0.05602646
v -0.05708265 0.12776026 0.06032922
v -0.05771765 0.12800056 0.06318330
v -0.05829040 0.12822751 0.06582117
v -0.05870127 0.12840107 0.06787525
v -0.02932943 0.12972274 0.03319376
v -0.03696187 0.12920209 0.03693435
v -0.03948942 0.12812072 0.03423161
v -0.04075942 0.12840107 0.03710733
v -0.04611334 0.12785371 0.04084791
v -0.04696001 0.12806731 0.04301009
v -0.04974903 0.12801391 0.04690203
v -0.04854128 0.12721289 0.04086953
v -0.05044628 0.12825421 0.04947503
v -0.05591226 0.12683909 0.05250210
v -0.05572549 0.12751996 0.05609133
v -0.01925659 0.13040360 0.03312890
v -0.01925659 0.12956253 0.02943156
v -0.02627894 0.12920209 0.02945318
v -0.13971977 0.04500224 0.06787525
v -0.13953301 0.04560300 0.06787525
v -0.13846223 0.04902066 0.06787525
v -0.13788948 0.04892720 0.06426440
v -0.13680624 0.04797934 0.05643728
v -0.13659458 0.04736523 0.05414536
v -0.13634555 0.04661762 0.05152911
v -0.13767781 0.04520249 0.05648052
v -0.13614634 0.04528259 0.04837232
v -0.13544908 0.04525590 0.04467498
v -0.13390516 0.04520249 0.03695597
v -0.13520007 0.04074352 0.03693435
v -0.13437830 0.04070347 0.03302079
v -0.13467713 0.04524254 0.04080466
v -0.13327017 0.04111733 0.02876128
v -0.13381800 0.03636465 0.02517205
v -0.13462732 0.03314725 0.02512881
v -0.13523741 0.02511041 0.02123687
v -0.13497595 0.02123885 0.01734493
v -0.13592222 0.02121215 0.02121524
v -0.13649497 0.02121215 0.02361528
v -0.13694319 0.02123885 0.02553962
v -0.13537438 0.01772774 0.01730169
v -0.13649497 0.01373602 0.02011253
v -0.13695566 0.01374937 0.02199363
v -0.13578526 0.01374937 0.01725844
v -0.13664437 0.00991786 0.01933414
v -0.13612144 0.00990451 0.01723682
v -0.13512536 0.00989116 0.01334488
v -0.13633310 0.00639340 0.01751791
v -0.13679379 0.00180093 0.01875035
v -0.13679379 -0.00045526 0.01875035
v -0.12170321 -0.00045526 -0.02514205
v -0.12167831 0.00188103 -0.02514205
v -0.12130478 0.00607300 -0.02550962
v -0.12358331 0.00588609 -0.02086092
v -0.12430547 0.00723447 -0.01917441
v -0.12506497 0.00592614 -0.01761764
v -0.12664624 0.00991786 -0.01344462
v -0.12621046 0.01376273 -0.01346624
v -0.12569997 0.01758089 -0.01350948
v -0.12512722 0.02083834 -0.01368246
v -0.12436771 0.02938248 -0.01104459
v -0.12668360 0.02110535 -0.00972565
v -0.12558791 0.02545752 -0.01011485
v -0.12144174 0.03615105 -0.01366084
v -0.12089389 0.03477597 -0.01588789
v -0.12404399 0.03289359 -0.00972565
v -0.12299811 0.03623115 -0.00983376
v -0.11799282 0.04078357 -0.01774737
v -0.12047056 0.03741931 -0.01495815
v -0.11667301 0.04243900 -0.01921766
v -0.11423262 0.04530930 -0.02185553
v -0.11333616 0.04429468 -0.02440691
v -0.11631193 0.04514909 -0.01779061
v -0.11278831 0.04695137 -0.02336906
v -0.11242723 0.04851335 -0.02267716
v -0.11295017 0.05044913 -0.01982307
v -0.11134400 0.05589602 -0.01737980
v -0.11348557 0.05183755 -0.01735817
v -0.11293772 0.05429400 -0.01597438
v -0.10387342 0.06769762 -0.01761764
v -0.11211596 0.05724439 -0.01430949
v -0.11077125 0.06024819 -0.01357435
v -0.11214086 0.06115601 -0.00968241
v -0.10941410 0.06319859 -0.01279596
v -0.10627645 0.06414645 -0.01770413
v -0.10531773 0.06650944 -0.01645006
v -0.10445861 0.06900594 -0.01478517
v -0.10179410 0.07068806 -0.01740142
v -0.10296449 0.07167598 -0.01374732
v -0.10422204 0.07275735 -0.00963917
v -0.10210537 0.07544075 -0.00957430
v -0.10381115 0.07541404 -0.00615805
v -0.10102214 0.07755007 -0.00825537
v -0.09271734 0.08473250 -0.01126081
v -0.09406205 0.08212920 -0.01348786
v -0.09724949 0.08152845 -0.00870942
v -0.09610400 0.08422519 -0.00589858
v -0.09500832 0.08313047 -0.00998512
v -0.09340214 0.08540001 -0.00879592
v -0.09109871 0.08698869 -0.00996350
v -0.08948008 0.08917812 -0.00866618
v -0.08796107 0.09178142 -0.00598507
v -0.08707705 0.09070005 -0.00966079
v -0.08459930 0.09224867 -0.01067702
v -0.08329195 0.09385070 -0.00957430
v -0.08116283 0.09649404 -0.00762833
v -0.07858549 0.09728170 -0.00979052
v -0.07691705 0.10011195 -0.00592020
v -0.07491244 0.10142027 -0.00592020
v -0.07284558 0.10403691 -0.00269854
v -0.06759127 0.10740117 -0.00170394
v -0.06625902 0.10870949 -0.00027690
v -0.06416726 0.11065863 0.00207989
v -0.06409255 0.10925686 -0.00161745
v -0.06139069 0.11194024 0.00216638
v -0.05931137 0.11286141 0.00218800
v -0.05850206 0.11246091 0.00022041
v -0.05582510 0.11288811 -0.00135799
v -0.05608657 0.11414303 0.00214475
v -0.05190304 0.11573171 0.00216638
v -0.05055834 0.11659947 0.00318260
v -0.04932569 0.11629241 0.00119339
v -0.04849148 0.11567831 -0.00118501
v -0.04735844 0.11663952 0.00052311
v -0.04503010 0.11614556 -0.00243908
v -0.04088393 0.11884230 0.00192854
v -0.04085903 0.11745388 -0.00181205
v -0.04080923 0.11593196 -0.00589858
v -0.03948942 0.11682643 -0.00438505
v -0.03696187 0.11977682 0.00188529
v -0.03310207 0.12045769 0.00182043
v -0.03026325 0.12059119 0.00086906
v -0.02588051 0.12083150 0.00002581
v -0.02924227 0.12107180 0.00184205
v -0.02931697 0.12211311 0.00519344
v -0.02706335 0.12443605 0.01180973
v -0.02584315 0.12147230 0.00188529
v -0.01925659 0.12101839 -0.00049312
v -0.06050667 0.12514362 0.05269670
v -0.06030745 0.12586453 0.05645890
v -0.06029500 0.12653204 0.06037246
v -0.06121637 0.12738646 0.06787525
v -0.02926717 0.12885498 0.02943156
v -0.03582884 0.12810737 0.03096672
v -0.03279080 0.12913533 0.03321539
v -0.03703658 0.12837436 0.03312890
v -0.04460677 0.12745321 0.03712894
v -0.03833148 0.12784036 0.03189645
v -0.04069717 0.12670558 0.02956129
v -0.04489314 0.12658544 0.03336674
v -0.04856618 0.12641188 0.03702084
v -0.05182834 0.12685244 0.04471822
v -0.05182834 0.12606477 0.04084791
v -0.05596206 0.12610483 0.04858854
v -0.05860167 0.12462296 0.04582094
v -0.05924912 0.12488995 0.04861016
v -0.01925659 0.12924213 0.02809100
v -0.02621668 0.12844112 0.02627477
v -0.13839996 0.04920756 0.06787525
v -0.13633310 0.05310582 0.06428602
v -0.13603428 0.05195771 0.06017786
v -0.13712997 0.04900731 0.06017786
v -0.13594713 0.04848665 0.05271832
v -0.13512536 0.04868690 0.04863179
v -0.13437830 0.04870025 0.04471822
v -0.13251065 0.04779244 0.03420999
v -0.13224919 0.04676447 0.03155050
v -0.13298379 0.04532264 0.03293430
v -0.13360634 0.04868690 0.04086953
v -0.13280947 0.03982235 0.02517205
v -0.13246085 0.03884779 0.02253418
v -0.13212468 0.03775307 0.01996118
v -0.13282194 0.03641805 0.02125849
v -0.13248576 0.03512308 0.01853414
v -0.13366860 0.03314725 0.02123687
v -0.13435339 0.02964949 0.02121524
v -0.13426624 0.02513711 0.01734493
v -0.13394251 0.02127890 0.01343137
v -0.13436585 0.01775444 0.01338813
v -0.13478919 0.01376273 0.01336651
v -0.13526232 0.00597955 0.01332326
v -0.13407948 0.00990451 0.00947457
v -0.13421644 0.00600625 0.00945295
v -0.13539928 0.00184098 0.01330164
v -0.13541174 -0.00045526 0.01330164
v -0.12350860 -0.00045526 -0.02142309
v -0.12349615 0.00192108 -0.02137984
v -0.12441752 0.00196113 -0.01941225
v -0.12538870 0.00201453 -0.01725007
v -0.12684545 0.00605965 -0.01344462
v -0.12784154 0.00608635 -0.01089323
v -0.12774193 0.00994456 -0.01061215
v -0.12827732 0.01269471 -0.00840672
v -0.12762987 0.01398968 -0.00970403
v -0.12713184 0.01774109 -0.00979052
v -0.12477860 0.03206588 -0.00838510
v -0.12777929 0.02119880 -0.00672021
v -0.12828977 0.02322803 -0.00423370
v -0.12736841 0.02492351 -0.00570398
v -0.12101840 0.03904804 -0.01238515
v -0.12533889 0.03297369 -0.00626615
v -0.12451713 0.03385481 -0.00777969
v -0.12424321 0.03664500 -0.00626615
v -0.12307281 0.04055662 -0.00596345
v -0.12156625 0.04051656 -0.00981214
v -0.11993517 0.04054327 -0.01368246
v -0.11809243 0.04509569 -0.01400678
v -0.11732046 0.04398763 -0.01660141
v -0.11501703 0.04848665 -0.01755277
v -0.11678507 0.04667102 -0.01552032
v -0.11342331 0.04850000 -0.02073119
v -0.11546527 0.05171740 -0.01335813
v -0.11621233 0.05279877 -0.01061215
v -0.11334860 0.05590937 -0.01325002
v -0.11272605 0.05836581 -0.01171487
v -0.11517890 0.05573582 -0.00948781
v -0.11677262 0.05398694 -0.00803915
v -0.11257664 0.06205047 -0.00758509
v -0.10859234 0.06546813 -0.01134729
v -0.10600253 0.06768427 -0.01350948
v -0.10816900 0.06421321 -0.01389868
v -0.11017361 0.06413311 -0.00989863
v -0.10508116 0.06995380 -0.01219055
v -0.10571616 0.07078152 -0.00961755
v -0.10470763 0.07335811 -0.00767158
v -0.10526792 0.07418582 -0.00507695
v -0.10429675 0.07674906 -0.00284990
v -0.10161979 0.07820424 -0.00585534
v -0.09793430 0.08227605 -0.00587696
v -0.09667675 0.08481260 -0.00360666
v -0.09416165 0.08609422 -0.00594183
v -0.09206988 0.08807006 -0.00598507
v -0.09015244 0.08985898 -0.00598507
v -0.08877038 0.09244893 -0.00313098
v -0.07975587 0.09810942 -0.00615805
v -0.08190989 0.09709480 -0.00496884
v -0.08095117 0.10031221 0.00093393
v -0.07960646 0.09987165 -0.00228773
v -0.07756450 0.10056585 -0.00384450
v -0.07567195 0.10259509 -0.00194178
v -0.07375450 0.10458427 -0.00001743
v -0.07155068 0.10522508 -0.00155258
v -0.07165029 0.10653340 0.00197178
v -0.06699363 0.10916340 0.00203664
v -0.06537500 0.11223395 0.00830699
v -0.06420461 0.11186014 0.00553939
v -0.06217510 0.11232740 0.00417721
v -0.06061873 0.11346217 0.00551777
v -0.05575039 0.11550475 0.00582047
v -0.04876540 0.11789444 0.00538804
v -0.04850393 0.11687983 0.00212313
v -0.05207736 0.11800125 0.00943133
v -0.05025951 0.12045769 0.01524761
v -0.04876540 0.11913602 0.00934484
v -0.04509236 0.11777430 0.00199340
v -0.04515462 0.11882896 0.00525831
v -0.04093373 0.11984357 0.00517182
v -0.04095864 0.12132545 0.01001512
v -0.03728560 0.12063124 0.00493398
v -0.03709883 0.12323454 0.01338813
v -0.03455884 0.12077809 0.00355018
v -0.02148531 0.12172596 0.00188529
v -0.02929207 0.12336803 0.00930159
v -0.02927962 0.12431590 0.01243677
v -0.02930452 0.12491666 0.01451247
v -0.02929207 0.12581112 0.01760439
v -0.02601747 0.12625168 0.01771251
v -0.02588051 0.12499676 0.01343137
v -0.02458560 0.12450280 0.01150702
v -0.02580580 0.12252697 0.00527993
v -0.01925659 0.12184611 0.00188529
v -0.06266069 0.12452950 0.05412374
v -0.06203814 0.12431590 0.05150749
v -0.06319608 0.12470306 0.05648052
v -0.06439137 0.12490332 0.06065355
v -0.06427932 0.12555748 0.06435089
v -0.06425441 0.12614489 0.06787525
v -0.02921737 0.12824087 0.02688018
v -0.03358766 0.12784036 0.02822073
v -0.03698677 0.12756000 0.02958291
v -0.03683736 0.12655873 0.02543151
v -0.04070962 0.12569098 0.02547475
v -0.04490560 0.12566427 0.02956129
v -0.04615069 0.12406225 0.02428555
v -0.04856618 0.12561087 0.03334512
v -0.04763236 0.12435595 0.02700991
v -0.05121824 0.12470306 0.03330188
v -0.05736902 0.12407559 0.04080466
v -0.05800402 0.12434260 0.04324794
v -0.05212716 0.12509021 0.03669651
v -0.06137824 0.12402220 0.04858854
v -0.06017049 0.12372849 0.04456687
v -0.01925659 0.12857462 0.02536665
v -0.02617933 0.12794717 0.02424231
v -0.13664437 0.05388014 0.06787525
v -0.13656967 0.05370658 0.06703200
v -0.13501330 0.05629653 0.06430764
v -0.13432850 0.05624312 0.06035084
v -0.13532458 0.05206451 0.05643728
v -0.13627085 0.04948792 0.05643728
v -0.13386781 0.05205116 0.04865340
v -0.13297134 0.05233151 0.04456687
v -0.13277213 0.04872695 0.03693435
v -0.13211222 0.04974157 0.03563704
v -0.13190056 0.04872695 0.03302079
v -0.13102899 0.04867355 0.02923696
v -0.13007027 0.04867355 0.02534502
v -0.13122820 0.04510904 0.02523692
v -0.13203752 0.04528259 0.02880453
v -0.13236125 0.05051588 0.03823166
v -0.13024457 0.04514909 0.02136660
v -0.13161419 0.04056997 0.02128011
v -0.13055585 0.04077022 0.01745304
v -0.13080487 0.03641805 0.01356111
v -0.13180095 0.03643140 0.01732331
v -0.13162663 0.03317394 0.01347462
v -0.13277213 0.03316059 0.01775575
v -0.13243595 0.03185228 0.01537734
v -0.13310830 0.02545752 0.01319353
v -0.13264761 0.02412250 0.01055566
v -0.13227408 0.02221341 0.00800428
v -0.13282194 0.02119880 0.00938808
v -0.13243595 0.02007738 0.00746374
v -0.13328261 0.01779449 0.00951781
v -0.13373085 0.01378942 0.00949619
v -0.13436585 0.00188103 0.00945295
v -0.13236125 0.01081233 0.00378802
v -0.13287173 0.00974431 0.00527993
v -0.13243595 0.00846269 0.00355018
v -0.13325771 0.00193443 0.00556101
v -0.13436585 -0.00045526 0.00945295
v -0.12413115 -0.00045526 -0.02008253
v -0.12511478 -0.00045526 -0.01792034
v -0.12541360 -0.00045526 -0.01725007
v -0.12701978 0.00206793 -0.01342299
v -0.12790380 0.00208129 -0.01113108
v -0.12857615 0.00206793 -0.00933646
v -0.12850144 0.00609970 -0.00909862
v -0.12840183 0.00995791 -0.00881754
v -0.12936055 0.00998461 -0.00609318
v -0.12883762 0.01402973 -0.00633102
v -0.12867576 0.01786124 -0.00544452
v -0.12799095 0.01782119 -0.00739049
v -0.12624782 0.02954269 -0.00596345
v -0.12688281 0.03302709 -0.00200665
v -0.12845164 0.02126555 -0.00477425
v -0.12938546 0.02133230 -0.00200665
v -0.12871310 0.02500361 -0.00183367
v -0.12769213 0.02962279 -0.00187691
v -0.12052037 0.04201179 -0.01106621
v -0.12501516 0.03556364 -0.00512020
v -0.12456693 0.03831378 -0.00399586
v -0.12157870 0.04478864 -0.00596345
v -0.12302301 0.04496219 -0.00202827
v -0.12060753 0.04608361 -0.00726076
v -0.12004723 0.04472189 -0.00983376
v -0.11857801 0.04843325 -0.00983376
v -0.11637420 0.04844660 -0.01469868
v -0.11727066 0.04841990 -0.01277434
v -0.11683488 0.05023553 -0.01190946
v -0.11722086 0.05169070 -0.00950944
v -0.11861536 0.05198440 -0.00589858
v -0.11720841 0.05486805 -0.00587696
v -0.11603802 0.05705749 -0.00587696
v -0.11403340 0.06054190 -0.00611480
v -0.11588860 0.06026154 -0.00207151
v -0.11632438 0.06158321 0.00078258
v -0.11312449 0.06299834 -0.00496884
v -0.11200390 0.06401296 -0.00604993
v -0.10921488 0.06636259 -0.00877429
v -0.10783282 0.06761752 -0.00987701
v -0.10829351 0.06892584 -0.00693643
v -0.10677449 0.07159588 -0.00600669
v -0.10787018 0.07258380 -0.00187691
v -0.10576596 0.07550749 -0.00166070
v -0.10486949 0.07749668 -0.00019041
v -0.10272792 0.07909870 -0.00176880
v -0.10114665 0.08138159 -0.00066609
v -0.10176920 0.08206245 0.00210151
v -0.09729930 0.08542671 -0.00094717
v -0.09591724 0.08813680 0.00199340
v -0.09502077 0.08708213 -0.00215800
v -0.09270489 0.08871086 -0.00336882
v -0.09107381 0.09088695 -0.00192016
v -0.09193293 0.09186152 0.00195016
v -0.08944273 0.09303633 -0.00047149
v -0.08271921 0.09774896 -0.00196340
v -0.08163597 0.10079281 0.00342045
v -0.07965627 0.10160718 0.00207989
v -0.07634431 0.10370316 0.00192854
v -0.07842362 0.10112657 -0.00116339
v -0.07432725 0.10497143 0.00195016
v -0.07162538 0.10780168 0.00543128
v -0.06805196 0.10980421 0.00547452
v -0.07298255 0.10821554 0.00882591
v -0.06620921 0.11266116 0.01096648
v -0.06419215 0.11320852 0.00960430
v -0.06304666 0.11275461 0.00664210
v -0.06034480 0.11489064 0.00956106
v -0.05725696 0.11610552 0.00951781
v -0.05817834 0.11642592 0.01165838
v -0.05172873 0.11946977 0.01377732
v -0.04864089 0.12076475 0.01464220
v -0.04867824 0.12017734 0.01263136
v -0.05646010 0.11753399 0.01321516
v -0.05552628 0.11920276 0.01782061
v -0.05160422 0.12065794 0.01779899
v -0.05182834 0.12155240 0.02138822
v -0.04854128 0.12268717 0.02143147
v -0.04860354 0.12157911 0.01745304
v -0.04647442 0.12055114 0.01189622
v -0.04095864 0.12235342 0.01340975
v -0.04054775 0.12370179 0.01775575
v -0.03891668 0.12451615 0.01929090
v -0.03698677 0.12422244 0.01673952
v -0.03426001 0.12452950 0.01602600
v -0.03291531 0.12406225 0.01364759
v -0.02143551 0.12278063 0.00530155
v -0.02924227 0.12686580 0.02143147
v -0.02611707 0.12726630 0.02147471
v -0.01925659 0.12662548 0.01782061
v -0.01925659 0.12547736 0.01390705
v -0.01925659 0.12290078 0.00534479
v -0.06408009 0.12367509 0.05269670
v -0.06503882 0.12394210 0.05645890
v -0.06439137 0.12276727 0.04854529
v -0.06567382 0.12418240 0.05950759
v -0.06446608 0.12605142 0.06787525
v -0.06619676 0.12438265 0.06214545
v -0.02921737 0.12773355 0.02484772
v -0.03236746 0.12742650 0.02575584
v -0.03280325 0.12623833 0.02140984
v -0.03681246 0.12553077 0.02143147
v -0.04043569 0.12475645 0.02158282
v -0.04323716 0.12444940 0.02300986
v -0.04479354 0.12370179 0.02158282
v -0.04856618 0.12467636 0.02940994
v -0.04950001 0.12404890 0.02796127
v -0.05045873 0.12436930 0.03062076
v -0.04855373 0.12374185 0.02558287
v -0.05592471 0.12295418 0.03323701
v -0.05583755 0.12374185 0.03665327
v -0.06046932 0.12120530 0.03334512
v -0.06035726 0.12203301 0.03686948
v -0.06038216 0.12284737 0.04073980
v -0.06441627 0.12195291 0.04458850
v -0.01925659 0.12788042 0.02257743
v -0.13378066 0.06068875 0.06787525
v -0.13227408 0.06227743 0.06318330
v -0.13202507 0.06167667 0.06035084
v -0.13249820 0.06285149 0.06582117
v -0.13341958 0.05660358 0.05619944
v -0.13313321 0.05568242 0.05256697
v -0.13272232 0.05492145 0.04865340
v -0.13239861 0.05433405 0.04573445
v -0.13212468 0.05375998 0.04318307
v -0.13190056 0.05317258 0.04095602
v -0.13155193 0.05190430 0.03702084
v -0.13064300 0.05209121 0.03325863
v -0.12970918 0.05209121 0.02936669
v -0.12875046 0.05211791 0.02558287
v -0.12845164 0.05084964 0.02242607
v -0.12893722 0.04883376 0.02123687
v -0.12853880 0.04797934 0.01851251
v -0.12820262 0.04691132 0.01589627
v -0.12906173 0.04541610 0.01730169
v -0.12927340 0.04118408 0.01334488
v -0.12870065 0.03970220 0.00975565
v -0.12969673 0.03643140 0.00973403
v -0.13055585 0.03317394 0.00964754
v -0.13125311 0.02970289 0.00958268
v -0.13217449 0.03010340 0.01317191
v -0.13203752 0.02548422 0.00938808
v -0.13102899 0.02524392 0.00575561
v -0.13185075 0.02122550 0.00601507
v -0.13060566 0.02135900 0.00188529
v -0.13102899 0.01784789 0.00179880
v -0.13201262 0.01783454 0.00515019
v -0.13280947 0.01381613 0.00631778
v -0.13327017 -0.00045526 0.00556101
v -0.13145232 0.01385618 0.00173394
v -0.13063056 0.00999796 -0.00222286
v -0.13192546 0.00978436 0.00203664
v -0.13079242 0.00611305 -0.00226611
v -0.13095429 0.00202788 -0.00226611
v -0.13197526 0.00200118 0.00119339
v -0.13254801 -0.00045526 0.00307450
v -0.12589919 -0.00045526 -0.01610411
v -0.12703223 -0.00045526 -0.01342299
v -0.12729369 -0.00045526 -0.01275272
v -0.12790380 -0.00045526 -0.01115270
v -0.12837694 -0.00045526 -0.00989863
v -0.12857615 -0.00045526 -0.00935808
v -0.12938546 -0.00045526 -0.00708778
v -0.12972164 0.00205458 -0.00609318
v -0.12954731 0.00611305 -0.00611480
v -0.13025703 0.01388288 -0.00217962
v -0.12980879 0.01787459 -0.00209313
v -0.12816526 0.03106461 0.00045825
v -0.12791624 0.03308049 0.00112853
v -0.12833958 0.03462912 0.00365828
v -0.12740575 0.03615105 0.00220962
v -0.12565018 0.03673845 -0.00239584
v -0.12985860 0.02527061 0.00190692
v -0.12506497 0.03966215 -0.00133637
v -0.12424321 0.04095712 -0.00241746
v -0.12109311 0.04749873 -0.00464452
v -0.12424321 0.04533600 0.00173394
v -0.12455448 0.04684457 0.00409072
v -0.12315997 0.04851335 0.00199340
v -0.12015929 0.04851335 -0.00594183
v -0.12061998 0.04960807 -0.00356342
v -0.12005968 0.05207786 -0.00209313
v -0.11795546 0.05634993 -0.00209313
v -0.11653605 0.05795195 -0.00352018
v -0.11704654 0.05900662 -0.00086069
v -0.11753213 0.06026154 0.00205827
v -0.11678507 0.06253108 0.00339882
v -0.11551508 0.06377265 0.00210151
v -0.11373458 0.06402630 -0.00196340
v -0.11241478 0.06522782 -0.00332558
v -0.10978763 0.06757747 -0.00566074
v -0.10885380 0.06976690 -0.00436343
v -0.10940165 0.07051451 -0.00183367
v -0.11256420 0.06949989 0.00400423
v -0.10839311 0.07333141 0.00071771
v -0.10740949 0.07541404 0.00205827
v -0.10534262 0.07811079 0.00210151
v -0.10374891 0.07989972 0.00212313
v -0.09990155 0.08405163 0.00205827
v -0.10433410 0.08056722 0.00484749
v -0.10267812 0.08291687 0.00603669
v -0.09797165 0.08609422 0.00203664
v -0.09655224 0.08869751 0.00463127
v -0.09401224 0.08992573 0.00195016
v -0.09336479 0.08932497 -0.00068771
v -0.09259283 0.09250232 0.00489073
v -0.09001548 0.09354364 0.00195016
v -0.08863342 0.09622704 0.00582047
v -0.08584440 0.09716155 0.00266368
v -0.08220872 0.10122001 0.00571236
v -0.08030372 0.10389006 0.00953944
v -0.07929519 0.10327595 0.00592858
v -0.07715362 0.10426387 0.00482587
v -0.07578401 0.10550544 0.00590696
v -0.07375450 0.10865609 0.01144216
v -0.06690647 0.11306166 0.01351786
v -0.06416726 0.11445009 0.01356111
v -0.06040706 0.11597201 0.01321516
v -0.05907481 0.11683978 0.01431787
v -0.04501766 0.12252697 0.01745304
v -0.05664686 0.11975013 0.02136660
v -0.05760559 0.12012393 0.02417745
v -0.05181589 0.12259372 0.02543151
v -0.04507991 0.12131210 0.01330164
v -0.04163099 0.12414235 0.02035037
v -0.03684981 0.12479651 0.01870711
v -0.02179659 0.12747990 0.02147471
v -0.01925659 0.12764010 0.02162606
v -0.06790255 0.12185946 0.05248048
v -0.06634618 0.12065794 0.04238306
v -0.06683176 0.12085819 0.04456687
v -0.06789009 0.12256702 0.05643728
v -0.06714304 0.12484991 0.06787525
v -0.06657030 0.12455621 0.06432926
v -0.06756637 0.12344813 0.06065355
v -0.07182460 0.12251362 0.06787525
v -0.05591226 0.12205971 0.02940994
v -0.05909971 0.12083150 0.02934507
v -0.06195098 0.12033754 0.03224240
v -0.06398049 0.11972342 0.03325863
v -0.06251127 0.12064459 0.03464243
v -0.06495166 0.12008388 0.03676137
v -0.06569873 0.12040429 0.03976682
v -0.13364369 0.06100915 0.06787525
v -0.13084223 0.06413311 0.06039408
v -0.13102899 0.06052855 0.05256697
v -0.13010761 0.06410640 0.05650214
v -0.12882516 0.06362580 0.04876152
v -0.12842674 0.06286483 0.04486958
v -0.13028193 0.06050184 0.04869665
v -0.13168889 0.06393285 0.06445900
v -0.13264761 0.06323864 0.06787525
v -0.13192546 0.06462707 0.06787525
v -0.12821507 0.06246433 0.04285874
v -0.13058075 0.05622978 0.04097764
v -0.12974654 0.05624312 0.03717219
v -0.12886252 0.05636328 0.03358296
v -0.12853880 0.05486805 0.02940994
v -0.12823998 0.05418719 0.02698828
v -0.12791624 0.05338618 0.02437204
v -0.12812792 0.04991512 0.01980982
v -0.12789135 0.04882040 0.01738818
v -0.12693262 0.04859345 0.01366921
v -0.12694508 0.04516244 0.00975565
v -0.12795359 0.04541610 0.01336651
v -0.12835204 0.03870094 0.00752860
v -0.12865086 0.03617774 0.00610156
v -0.12939791 0.03314725 0.00582047
v -0.13010761 0.02971624 0.00575561
v -0.13012006 -0.00045526 -0.00490397
v -0.13096674 -0.00045526 -0.00226611
v -0.13197526 -0.00045526 0.00112853
v -0.12973409 -0.00045526 -0.00609318
v -0.12853880 0.03310720 0.00309612
v -0.12794114 0.03735257 0.00493398
v -0.12566261 0.04107728 0.00173394
v -0.12160361 0.04855340 -0.00215800
v -0.12551321 0.04541610 0.00558263
v -0.12576224 0.04851335 0.00977728
v -0.12420586 0.04845995 0.00497722
v -0.12329693 0.05155720 0.00625291
v -0.12156625 0.05207786 0.00197178
v -0.12106821 0.05086299 -0.00088231
v -0.12044566 0.05343958 0.00063122
v -0.11968615 0.05602952 0.00199340
v -0.12017174 0.05741795 0.00523668
v -0.11930017 0.05984768 0.00627453
v -0.11602556 0.06485402 0.00521506
v -0.11996008 0.06096910 0.00977728
v -0.11832900 0.06387945 0.00982052
v -0.11710880 0.06375930 0.00627453
v -0.11329880 0.06747066 0.00244746
v -0.11292527 0.06610894 -0.00070933
v -0.11151831 0.06744396 -0.00194178
v -0.11204125 0.06871223 0.00136637
v -0.11495478 0.06720365 0.00631778
v -0.11295017 0.07008731 0.00605831
v -0.11141871 0.07218329 0.00603669
v -0.10805694 0.07672237 0.00607994
v -0.10844293 0.07729643 0.00817726
v -0.10595272 0.07929895 0.00614480
v -0.10484459 0.08122139 0.00748536
v -0.10044939 0.08463904 0.00458803
v -0.10357459 0.08377129 0.00999349
v -0.10104705 0.08521310 0.00722590
v -0.10164469 0.08576046 0.00995025
v -0.09712499 0.08920482 0.00724752
v -0.09563087 0.09168796 0.00984214
v -0.09487136 0.09086025 0.00605831
v -0.09319048 0.09300963 0.00752860
v -0.09124813 0.09411770 0.00605831
v -0.08913146 0.09662754 0.00791780
v -0.08726381 0.09869683 0.00960430
v -0.08792372 0.09964470 0.01364759
v -0.08346627 0.10168728 0.00979890
v -0.08107568 0.10437067 0.01243677
v -0.07842362 0.10507823 0.00949619
v -0.07537313 0.10712082 0.00986376
v -0.07633186 0.10772158 0.01345299
v -0.07716607 0.10825559 0.01676114
v -0.07427745 0.10897650 0.01347462
v -0.07156314 0.11161984 0.01725844
v -0.06800215 0.11356897 0.01725844
v -0.06779049 0.11485059 0.02130173
v -0.06515088 0.11621231 0.02130173
v -0.06395559 0.11571836 0.01758277
v -0.06183892 0.11629241 0.01643681
v -0.06039461 0.11724028 0.01762602
v -0.06028255 0.11830830 0.02134498
v -0.06000863 0.11948312 0.02543151
v -0.05842735 0.12048439 0.02685855
v -0.07219813 0.11964332 0.05245885
v -0.07295764 0.12000377 0.05643728
v -0.06798970 0.12109849 0.04873989
v -0.07192421 0.11740049 0.04076142
v -0.07171255 0.11832165 0.04458850
v -0.06800215 0.11858866 0.03676137
v -0.07341833 0.12021738 0.05898866
v -0.07386656 0.12044433 0.06162653
v -0.07430235 0.12067129 0.06430764
v -0.07486264 0.12096499 0.06787525
v -0.06120392 0.11995038 0.02930183
v -0.06425441 0.11866876 0.02923696
v -0.06721775 0.11721358 0.02917210
v -0.12899949 0.06769762 0.06078328
v -0.12878780 0.06658954 0.05654539
v -0.12974654 0.06753742 0.06439413
v -0.12916134 0.06433336 0.05226425
v -0.12804076 0.06510767 0.04880476
v -0.12762987 0.06438676 0.04491282
v -0.13023212 0.06773767 0.06787525
v -0.12725635 0.06366585 0.04138845
v -0.12617311 0.06391950 0.03723706
v -0.12794114 0.06186357 0.04032899
v -0.12760496 0.06107591 0.03721543
v -0.12718163 0.06008799 0.03362621
v -0.12599879 0.06039505 0.02945318
v -0.12708203 0.05589602 0.02562611
v -0.12400664 0.06174342 0.02437204
v -0.12555055 0.05659023 0.02123687
v -0.12506497 0.05549552 0.01764764
v -0.12663380 0.05203781 0.01764764
v -0.12762987 0.05207786 0.02132336
v -0.12533889 0.05222471 0.01351786
v -0.12479105 0.05076954 0.00977728
v -0.12449223 0.04992847 0.00774482
v -0.12390703 0.05278542 0.00977728
v -0.12233821 0.05613633 0.00977728
v -0.12120516 0.05602952 0.00627453
v -0.12088144 0.05453430 0.00326909
v -0.11648625 0.06565503 0.00780968
v -0.12034605 0.06182352 0.01224217
v -0.11684733 0.06628249 0.00988539
v -0.11966125 0.06381270 0.01366921
v -0.11738272 0.06761752 0.01388543
v -0.11562714 0.06820493 0.00992863
v -0.11608782 0.06897924 0.01265298
v -0.11344821 0.07156918 0.01025296
v -0.11201635 0.07299766 0.00915024
v -0.11047243 0.07549414 0.00997187
v -0.11149341 0.07610825 0.01390705
v -0.10894096 0.07791053 0.01077188
v -0.10531773 0.08180880 0.01001512
v -0.10414733 0.08442544 0.01299893
v -0.09766038 0.08972548 0.00986376
v -0.10303920 0.08736249 0.01771251
v -0.09372587 0.09341014 0.00984214
v -0.09631567 0.09228872 0.01306380
v -0.09104891 0.09557288 0.00947457
v -0.08971666 0.09710815 0.01055566
v -0.09038900 0.09765551 0.01369084
v -0.08863342 0.10015201 0.01680438
v -0.08171068 0.10478452 0.01509626
v -0.07933254 0.10721427 0.01784223
v -0.07979322 0.10558554 0.01362597
v -0.07782597 0.10865609 0.01944225
v -0.07579647 0.10940371 0.01784223
v -0.07292029 0.11207375 0.02134498
v -0.07350549 0.11240750 0.02372339
v -0.06583568 0.11649267 0.02350716
v -0.06337039 0.11698663 0.02132336
v -0.06447853 0.11749394 0.02502069
v -0.07582136 0.11845515 0.05641566
v -0.07131411 0.11936297 0.04871827
v -0.07512411 0.11729368 0.04850205
v -0.07391636 0.11663952 0.04214522
v -0.07336852 0.11637252 0.03955060
v -0.07438951 0.11689318 0.04461011
v -0.07277088 0.11609216 0.03684786
v -0.06820137 0.11757404 0.03284782
v -0.07549764 0.11933627 0.06032922
v -0.07643146 0.11952318 0.06428602
v -0.07721588 0.11969672 0.06787525
v -0.06650804 0.11682643 0.02614504
v -0.07170009 0.11479720 0.02917210
v -0.07155068 0.11578511 0.03286944
v -0.12828977 0.06949989 0.06234005
v -0.12802830 0.06907269 0.05970218
v -0.12771702 0.06852533 0.05654539
v -0.12848899 0.06597544 0.05334535
v -0.12847653 0.06982030 0.06441575
v -0.12823998 0.06548148 0.05077235
v -0.12749290 0.06739056 0.05230750
v -0.12668360 0.06752406 0.04880476
v -0.12586183 0.06751071 0.04491282
v -0.12877537 0.07034096 0.06787525
v -0.12476615 0.06634924 0.03725868
v -0.12441752 0.06574848 0.03444784
v -0.12508987 0.06406635 0.03325863
v -0.12465409 0.06311849 0.02947480
v -0.12502762 0.06759081 0.04145332
v -0.12433036 0.06251773 0.02700991
v -0.12330938 0.06369255 0.02564773
v -0.12208919 0.06385275 0.02164769
v -0.12071958 0.06267793 0.01488004
v -0.12277399 0.06031494 0.01764764
v -0.12377007 0.06039505 0.02125849
v -0.12464164 0.05457435 0.01470706
v -0.12424321 0.05367989 0.01209082
v -0.12354596 0.05608292 0.01351786
v -0.12145419 0.06046179 0.01360435
v -0.12101840 0.06379935 0.01795034
v -0.12003478 0.06485402 0.01682601
v -0.11900135 0.06713690 0.01799359
v -0.11652361 0.06964674 0.01526923
v -0.11496724 0.07122208 0.01392868
v -0.11200390 0.07685587 0.01697736
v -0.10951371 0.07860475 0.01392868
v -0.10799469 0.08036698 0.01392868
v -0.10577841 0.08302367 0.01414489
v -0.10460802 0.08494610 0.01559356
v -0.10376136 0.08807006 0.02151796
v -0.09683861 0.09275598 0.01565842
v -0.09500832 0.09382400 0.01410165
v -0.09580518 0.09566633 0.02145309
v -0.09101156 0.09848323 0.01777737
v -0.08918127 0.10056585 0.01942063
v -0.08220872 0.10514498 0.01747466
v -0.08017921 0.10772158 0.02138822
v -0.07832401 0.10889640 0.02140984
v -0.07579647 0.11041833 0.02138822
v -0.07560970 0.11155309 0.02515043
v -0.07410313 0.11276796 0.02636125
v -0.07196156 0.11360902 0.02510718
v -0.06775314 0.11585186 0.02499908
v -0.07862284 0.11689318 0.05641566
v -0.07927029 0.11725363 0.06035084
v -0.07610774 0.11753399 0.05250210
v -0.07818705 0.11663952 0.05384265
v -0.07724078 0.11610552 0.04850205
v -0.07772636 0.11637252 0.05118316
v -0.07651862 0.11570500 0.04461011
v -0.07553500 0.11543800 0.04080466
v -0.07584627 0.11436999 0.03686948
v -0.07473813 0.11314176 0.02919372
v -0.08006715 0.11746724 0.06409143
v -0.07979322 0.11828161 0.06787525
v -0.12685791 0.07128883 0.06078328
v -0.12760496 0.07229009 0.06787525
v -0.12709448 0.07206314 0.06441575
v -0.12538870 0.07102182 0.05265345
v -0.12495292 0.07043441 0.04878313
v -0.12447977 0.06979360 0.04489120
v -0.12424321 0.06945984 0.04294523
v -0.12355841 0.06835178 0.03723706
v -0.12395683 0.06897924 0.04041547
v -0.12322223 0.06723036 0.03323701
v -0.12213900 0.06743061 0.02947480
v -0.12408135 0.06520112 0.03187483
v -0.12377007 0.06468047 0.02949643
v -0.12110556 0.06752406 0.02584232
v -0.12073204 0.06616234 0.02166930
v -0.12040831 0.06558828 0.01946387
v -0.11953674 0.06812483 0.02166930
v -0.11694694 0.07022081 0.01775575
v -0.11549017 0.07230344 0.01775575
v -0.11329880 0.07553419 0.01805845
v -0.11241478 0.07742992 0.01957199
v -0.11041017 0.07912541 0.01782061
v -0.10882890 0.08131484 0.01864224
v -0.10499400 0.08537331 0.01777737
v -0.10565390 0.08608087 0.02156120
v -0.10430920 0.08860406 0.02460988
v -0.10184391 0.08992573 0.02145309
v -0.09719969 0.09310309 0.01762602
v -0.09788450 0.09377060 0.02145309
v -0.09650244 0.09630714 0.02530178
v -0.09387528 0.09729506 0.02147471
v -0.09152205 0.09927089 0.02147471
v -0.09223175 0.09988500 0.02532341
v -0.08956725 0.10088627 0.02147471
v -0.08767469 0.10346285 0.02528016
v -0.08344136 0.10549209 0.02173417
v -0.08107568 0.10822888 0.02528016
v -0.07924538 0.10939035 0.02530178
v -0.07682990 0.11191354 0.02919372
v -0.08046558 0.11585186 0.05639403
v -0.08111303 0.11619897 0.06032922
v -0.07956911 0.11558485 0.05248048
v -0.07980568 0.11463699 0.04850205
v -0.07920803 0.11330196 0.04073980
v -0.08006715 0.11360902 0.04443714
v -0.07843607 0.11284806 0.03686948
v -0.07599568 0.11342212 0.03330188
v -0.07747735 0.11228735 0.03222078
v -0.08148656 0.11639922 0.06266438
v -0.08222117 0.11683978 0.06787525
v -0.08186009 0.11662617 0.06525900
v -0.12428056 0.07366517 0.05546430
v -0.12513968 0.07514703 0.06439413
v -0.12743066 0.07257045 0.06787525
v -0.12531399 0.07593470 0.06787525
v -0.12416850 0.07745663 0.06690226
v -0.12396929 0.07322461 0.05261021
v -0.12353350 0.07262385 0.04873989
v -0.12307281 0.07196968 0.04484795
v -0.12230085 0.07581455 0.05256697
v -0.12277399 0.07118203 0.04138845
v -0.12115537 0.07064801 0.03332349
v -0.12144174 0.07176943 0.03745327
v -0.12060753 0.06990040 0.02943156
v -0.12030870 0.06945984 0.02731261
v -0.11997253 0.06885909 0.02471799
v -0.11737027 0.07152913 0.02197202
v -0.11603802 0.07295760 0.02091254
v -0.11486762 0.07505359 0.02195039
v -0.11275096 0.07784379 0.02162606
v -0.11129419 0.07960601 0.02162606
v -0.10933939 0.08190225 0.02162606
v -0.10758380 0.08390478 0.02160444
v -0.10819390 0.08459899 0.02538827
v -0.10596518 0.08716223 0.02569098
v -0.10036224 0.09243558 0.02458826
v -0.10472008 0.08901792 0.02716127
v -0.10372400 0.09190157 0.03299916
v -0.10308900 0.09127411 0.02915047
v -0.09899263 0.09409100 0.02564773
v -0.09688842 0.09665424 0.02748559
v -0.09458498 0.09792251 0.02532341
v -0.09028940 0.10148702 0.02532341
v -0.09505813 0.09869683 0.02923696
v -0.09550636 0.09944444 0.03302079
v -0.08847156 0.10401022 0.02917210
v -0.08149901 0.10848254 0.02726937
v -0.08006715 0.10980421 0.02882614
v -0.08027881 0.11174000 0.03684786
v -0.08188499 0.11274126 0.04558310
v -0.08233323 0.11304832 0.04848043
v -0.08293088 0.11346217 0.05239399
v -0.08102588 0.11219390 0.04071818
v -0.08146166 0.11244755 0.04301009
v -0.08862097 0.11192690 0.06426440
v -0.08905675 0.11220725 0.06733470
v -0.08913146 0.11224730 0.06787525
v -0.12355841 0.07636191 0.06037246
v -0.12330938 0.07554755 0.05661026
v -0.12394438 0.07702942 0.06439413
v -0.12499027 0.07644201 0.06787525
v -0.12425565 0.07759013 0.06787525
v -0.12306036 0.07920551 0.06787525
v -0.12159115 0.07916546 0.06035084
v -0.12123007 0.07857805 0.05639403
v -0.12085654 0.07797728 0.05252372
v -0.12144174 0.07590800 0.04893449
v -0.12033360 0.07721632 0.04776691
v -0.12118027 0.07488003 0.04478309
v -0.12061998 0.07765688 0.05038315
v -0.12073204 0.07415912 0.04093439
v -0.11977331 0.07273065 0.03325863
v -0.12017174 0.07329136 0.03632894
v -0.11923792 0.07196968 0.02938831
v -0.11880213 0.07107522 0.02577746
v -0.11674772 0.07389212 0.02543151
v -0.11534076 0.07586795 0.02543151
v -0.11591351 0.07666896 0.02930183
v -0.11336106 0.07855134 0.02543151
v -0.11191675 0.08034027 0.02543151
v -0.10993704 0.08260982 0.02540989
v -0.11231517 0.08080753 0.02802614
v -0.11134400 0.08370453 0.03315052
v -0.10890361 0.08538666 0.02999373
v -0.10501890 0.08936502 0.02917210
v -0.10112175 0.09316984 0.02912886
v -0.10174429 0.09375725 0.03297755
v -0.09729930 0.09706810 0.03008022
v -0.10556674 0.09000584 0.03302079
v -0.10429675 0.09248898 0.03680462
v -0.09137263 0.10179407 0.02947480
v -0.08900695 0.10438402 0.03198294
v -0.09614136 0.10001850 0.03684786
v -0.08199705 0.10882965 0.02986400
v -0.08256979 0.10925686 0.03299916
v -0.08904430 0.10841579 0.04843719
v -0.08939293 0.10866945 0.05070748
v -0.08975401 0.10897650 0.05330211
v -0.08843420 0.10796188 0.04454525
v -0.09015244 0.10931025 0.05626430
v -0.08804822 0.11153974 0.06026435
v -0.08360322 0.10955056 0.03710733
v -0.09067538 0.10971076 0.06024273
v -0.09163410 0.10984426 0.06450224
v -0.09353911 0.10874955 0.06601577
v -0.08999058 0.11163319 0.06787525
v -0.12099350 0.08192895 0.06787525
v -0.12071958 0.08154179 0.06510765
v -0.12025890 0.08086094 0.06035084
v -0.11984802 0.08031357 0.05639403
v -0.11942468 0.07976621 0.05252372
v -0.11750723 0.07869820 0.04086953
v -0.11998497 0.07670901 0.04476147
v -0.11915076 0.07905865 0.04889125
v -0.11775625 0.07957931 0.04478309
v -0.11949939 0.07601480 0.04091278
v -0.11764419 0.07574780 0.03315052
v -0.11912586 0.07521379 0.03736679
v -0.11729556 0.07473318 0.02932345
v -0.11626214 0.07716292 0.03180996
v -0.11375949 0.07945916 0.02932345
v -0.11268870 0.08126144 0.03064239
v -0.11303733 0.08171535 0.03317215
v -0.11189184 0.08434534 0.03697760
v -0.10937674 0.08588061 0.03308565
v -0.10748420 0.08793655 0.03304241
v -0.09774753 0.09750866 0.03299916
v -0.10994949 0.08646803 0.03691273
v -0.10608969 0.09059324 0.03682624
v -0.10468272 0.09290283 0.03961546
v -0.09832028 0.09806937 0.03682624
v -0.09422391 0.10155378 0.03682624
v -0.09093685 0.10316915 0.03315052
v -0.08944273 0.10471778 0.03451270
v -0.08778675 0.10748127 0.04067493
v -0.09676390 0.10055251 0.04069656
v -0.09098665 0.10603945 0.04454525
v -0.09175861 0.10629310 0.04824259
v -0.09406205 0.10545204 0.05230750
v -0.09214459 0.10778833 0.05624269
v -0.08980381 0.10503819 0.03680462
v -0.09041391 0.10554549 0.04067493
v -0.09270489 0.10820218 0.06022111
v -0.09314067 0.10850924 0.06331304
v -0.09504567 0.10729437 0.06450224
v -0.09538185 0.10769487 0.06787525
v -0.09381302 0.10888304 0.06787525
v -0.09112362 0.11081882 0.06787525
v -0.11944958 0.08387808 0.06787525
v -0.11781851 0.08279672 0.05637242
v -0.11742007 0.08223600 0.05250210
v -0.11697183 0.08167530 0.04863179
v -0.11266380 0.08525315 0.04268577
v -0.11379684 0.08338413 0.04117223
v -0.11354782 0.08235615 0.03699921
v -0.11699674 0.07808409 0.03702084
v -0.11662321 0.07763018 0.03436135
v -0.11232763 0.08485265 0.04009115
v -0.11090821 0.08668163 0.04112899
v -0.10854253 0.08909802 0.04071818
v -0.10632625 0.09150106 0.04082629
v -0.10501890 0.09328999 0.04221009
v -0.09707518 0.10083286 0.04277225
v -0.09484646 0.10207443 0.04067493
v -0.09236871 0.10402357 0.04065331
v -0.09292901 0.10451753 0.04452363
v -0.09507057 0.10372986 0.04824259
v -0.09599194 0.10395682 0.05232912
v -0.09655224 0.10439737 0.05624269
v -0.09559352 0.10602609 0.06041571
v -0.09592969 0.10726767 0.06787525
v -0.09736155 0.10494473 0.06188599
v -0.11918811 0.08419849 0.06787525
v -0.11382174 0.08658818 0.05245885
v -0.11337351 0.08608087 0.04858854
v -0.11291282 0.08553351 0.04471822
v -0.10757136 0.09114060 0.04419930
v -0.11148096 0.08817685 0.04854529
v -0.10774566 0.09214187 0.04845880
v -0.10531773 0.09362374 0.04456687
v -0.10391077 0.09596003 0.04845880
v -0.09559352 0.10235479 0.04424254
v -0.10440881 0.09646734 0.05232912
v -0.09742381 0.10115327 0.04536688
v -0.09783469 0.10152707 0.04845880
v -0.09835763 0.10198098 0.05235075
v -0.09697557 0.10469108 0.05918326
v -0.09809616 0.10547874 0.06787525
v -0.09766038 0.10517168 0.06428602
v -0.09930391 0.10208778 0.05665350
v -0.10394812 0.10036560 0.06787525
v -0.11748233 0.08620102 0.06787525
v -0.11705900 0.08580051 0.06430764
v -0.11426998 0.08705544 0.05632917
v -0.11245214 0.08915142 0.05628593
v -0.11197899 0.08868416 0.05241561
v -0.10579086 0.09417110 0.04845880
v -0.10820635 0.09267588 0.05232912
v -0.10623910 0.09470511 0.05232912
v -0.10478234 0.09685450 0.05546430
v -0.10376136 0.09976484 0.06432926
v -0.10418469 0.10015201 0.06787525
v -0.11375949 0.09047310 0.06787525
v -0.11337351 0.09007258 0.06432926
v -0.11303733 0.08971212 0.06121571
v -0.11201635 0.09244893 0.06787525
v -0.11155566 0.09208847 0.06435089
v -0.10862969 0.09318319 0.05622106
v -0.10923979 0.09378394 0.06141031
v -0.10961331 0.09409100 0.06435089
v -0.10633871 0.09557288 0.05654539
v -0.10508116 0.09716155 0.05808055
v -0.10442125 0.09992505 0.06787525
v -0.10531773 0.09741520 0.06024273
v -0.10579086 0.09786912 0.06435089
v -0.11177978 0.09268923 0.06787525
v -0.11003664 0.09443810 0.06787525
v -0.10620174 0.09821622 0.06787525
f 1 2 5
f 1 5 16
f 1 16 52
f 1 52 98
f 1 98 167
f 1 167 189
f 1 189 117
f 1 117 111
f 1 111 60
f 1 60 23
f 1 23 12
f 1 12 3
f 1 3 13
f 1 13 44
f 1 44 93
f 1 93 160
f 1 160 231
f 1 231 317
f 1 317 316
f 1 316 420
f 1 420 524
f 1 524 637
f 1 637 762
f 1 762 761
f 1 761 760
f 1 760 885
f 1 885 1003
f 1 1003 1135
f 1 1135 1270
f 1 1270 1416
f 1 1416 1565
f 1 1565 1572
f 1 1572 1688
f 1 1688 1687
f 1 1687 1686
f 1 1686 1689
f 1 1689 1579
f 1 1579 1578
f 1 1578 1577
f 1 1577 1576
f 1 1576 1575
f 1 1575 1574
f 1 1574 1573
f 1 1573 1419
f 1 1419 1418
f 1 1418 1417
f 1 1417 1271
f 1 1271 1136
f 1 1136 1005
f 1 1005 1004
f 1 1004 887
f 1 887 886
f 1 886 766
f 1 766 765
f 1 765 764
f 1 764 763
f 1 763 639
f 1 639 638
f 1 638 526
f 1 526 422
f 1 422 421
f 1 421 318
f 1 318 232
f 1 232 161
f 1 161 94
f 1 94 47
f 1 47 46
f 1 46 45
f 1 45 14
f 1 14 4
f 1 4 2
f 2 4 6
f 2 6 7
f 2 7 8
f 2 8 9
f 2 9 10
f 2 10 11
f 2 11 5
f 3 12 42
f 3 42 91
f 3 91 90
f 3 90 155
f 3 155 222
f 3 222 221
f 3 221 220
f 3 220 304
f 3 304 398
f 3 398 397
f 3 397 499
f 3 499 503
f 3 503 502
f 3 502 609
f 3 609 608
f 3 608 607
f 3 607 606
f 3 606 605
f 3 605 604
f 3 604 721
f 3 721 847
f 3 847 849
f 3 849 964
f 3 964 963
f 3 963 1082
f 3 1082 1081
f 3 1081 1084
f 3 1084 1223
f 3 1223 1356
f 3 1356 1508
f 3 1508 1507
f 3 1507 1506
f 3 1506 1644
f 3 1644 1532
f 3 1532 1378
f 3 1378 1242
f 3 1242 1102
f 3 1102 1101
f 3 1101 977
f 3 977 976
f 3 976 861
f 3 861 738
f 3 738 736
f 3 736 733
f 3 733 618
f 3 618 617
f 3 617 507
f 3 507 403
f 3 403 309
f 3 309 226
f 3 226 157
f 3 157 92
f 3 92 43
f 3 43 13
f 4 14 15
f 4 15 6
f 5 11 16
f 6 17 7
f 6 15 17
f 7 17 8
f 8 18 9
f 8 17 19
f 8 19 20
f 8 20 18
f 9 18 10
f 10 18 21
f 10 21 11
f 11 21 22
f 11 22 16
f 12 23 24
f 12 24 25
f 12 25 26
f 12 26 27
f 12 27 28
f 12 28 29
f 12 29 30
f 12 30 31
f 12 31 32
f 12 32 33
f 12 33 34
f 12 34 35
f 12 35 36
f 12 36 37
f 12 37 38
f 12 38 39
f 12 39 40
f 12 40 41
f 12 41 42
f 13 43 44
f 14 45 15
f 15 45 46
f 15 46 47
f 15 47 48
f 15 48 49
f 15 49 50
f 15 50 51
f 15 51 17
f 16 22 53
f 16 53 52
f 17 51 19
f 18 20 21
f 19 51 50
f 19 50 54
f 19 54 55
f 19 55 20
f 20 55 56
f 20 56 21
f 21 56 22
f 22 56 57
f 22 57 58
f 22 58 59
f 22 59 53
f 23 60 61
f 23 61 62
f 23 62 63
f 23 63 64
f 23 64 24
f 24 64 65
f 24 65 66
f 24 66 67
f 24 67 25
f 25 67 26
f 26 67 66
f 26 66 68
f 26 68 69
f 26 69 70
f 26 70 71
f 26 71 72
f 26 72 27
f 27 72 73
f 27 73 29
f 27 29 28
f 29 73 74
f 29 74 75
f 29 75 76
f 29 76 30
f 30 76 31
f 31 76 77
f 31 77 78
f 31 78 32
f 32 78 79
f 32 79 34
f 32 34 33
f 34 79 80
f 34 80 35
f 35 80 36
f 36 80 81
f 36 81 82
f 36 82 37
f 37 82 83
f 37 83 38
f 38 83 84
f 38 84 85
f 38 85 39
f 39 85 86
f 39 86 40
f 40 86 87
f 40 87 41
f 41 87 88
f 41 88 89
f 41 89 90
f 41 90 91
f 41 91 42
f 43 92 156
f 43 156 224
f 43 224 306
f 43 306 401
f 43 401 504
f 43 504 610
f 43 610 722
f 43 722 850
f 43 850 965
f 43 965 967
f 43 967 1089
f 43 1089 1227
f 43 1227 1362
f 43 1362 1513
f 43 1513 1649
f 43 1649 1652
f 43 1652 1757
f 43 1757 1829
f 43 1829 1893
f 43 1893 1943
f 43 1943 1990
f 43 1990 2039
f 43 2039 2081
f 43 2081 2080
f 43 2080 2079
f 43 2079 2104
f 43 2104 2121
f 43 2121 2124
f 43 2124 2135
f 43 2135 2146
f 43 2146 2151
f 43 2151 2150
f 43 2150 2149
f 43 2149 2139
f 43 2139 2136
f 43 2136 2125
f 43 2125 2106
f 43 2106 2082
f 43 2082 2040
f 43 2040 1996
f 43 1996 1995
f 43 1995 1994
f 43 1994 1948
f 43 1948 1947
f 43 1947 1895
f 43 1895 1842
f 43 1842 1767
f 43 1767 1669
f 43 1669 1668
f 43 1668 1660
f 43 1660 1533
f 43 1533 1380
f 43 1380 1244
f 43 1244 1106
f 43 1106 1105
f 43 1105 1104
f 43 1104 979
f 43 979 864
f 43 864 742
f 43 742 741
f 43 741 624
f 43 624 623
f 43 623 511
f 43 511 408
f 43 408 407
f 43 407 406
f 43 406 310
f 43 310 227
f 43 227 158
f 43 158 93
f 43 93 44
f 47 94 48
f 48 94 95
f 48 95 96
f 48 96 50
f 48 50 49
f 50 96 97
f 50 97 54
f 52 53 59
f 52 59 99
f 52 99 100
f 52 100 101
f 52 101 102
f 52 102 98
f 54 97 55
f 55 103 56
f 55 97 104
f 55 104 105
f 55 105 103
f 56 103 106
f 56 106 107
f 56 107 57
f 57 107 58
f 58 106 108
f 58 108 109
f 58 109 110
f 58 110 59
f 58 107 106
f 59 110 100
f 59 100 99
f 60 111 61
f 61 112 113
f 61 113 114
f 61 114 115
f 61 115 116
f 61 116 63
f 61 63 62
f 61 111 117
f 61 117 112
f 63 116 118
f 63 118 64
f 64 118 65
f 65 119 120
f 65 120 121
f 65 121 122
f 65 122 66
f 65 118 115
f 65 115 119
f 66 122 69
f 66 69 68
f 69 122 123
f 69 123 124
f 69 124 70
f 70 124 71
f 71 125 72
f 71 124 126
f 71 126 127
f 71 127 128
f 71 128 129
f 71 129 125
f 72 125 73
f 73 125 74
f 74 125 130
f 74 130 75
f 75 130 131
f 75 131 132
f 75 132 133
f 75 133 134
f 75 134 135
f 75 135 136
f 75 136 137
f 75 137 76
f 76 137 77
f 77 137 78
f 78 137 138
f 78 138 139
f 78 139 140
f 78 140 79
f 79 140 141
f 79 141 80
f 80 141 142
f 80 142 143
f 80 143 81
f 81 143 82
f 82 143 144
f 82 144 84
f 82 84 83
f 84 145 85
f 84 144 146
f 84 146 147
f 84 147 148
f 84 148 149
f 84 149 150
f 84 150 145
f 85 145 86
f 86 145 151
f 86 151 87
f 87 151 88
f 88 152 89
f 88 151 153
f 88 153 154
f 88 154 152
f 89 152 155
f 89 155 90
f 92 157 156
f 93 158 159
f 93 159 160
f 94 161 95
f 95 162 163
f 95 163 164
f 95 164 96
f 95 161 162
f 96 164 97
f 97 164 165
f 97 165 166
f 97 166 104
f 98 102 167
f 100 110 168
f 100 168 169
f 100 169 170
f 100 170 101
f 101 170 102
f 102 170 171
f 102 171 172
f 102 172 167
f 103 105 106
f 104 166 173
f 104 173 174
f 104 174 105
f 105 174 175
f 105 175 106
f 106 175 108
f 108 176 109
f 108 175 250
f 108 250 177
f 108 177 178
f 108 178 179
f 108 179 180
f 108 180 176
f 109 176 110
f 110 176 168
f 112 181 113
f 112 117 181
f 113 182 183
f 113 183 184
f 113 184 185
f 113 185 186
f 113 186 114
f 113 181 182
f 114 186 187
f 114 187 119
f 114 119 115
f 115 118 116
f 117 188 181
f 117 189 190
f 117 190 188
f 119 187 120
f 120 187 191
f 120 191 121
f 121 191 122
f 122 191 192
f 122 192 193
f 122 193 123
f 123 193 194
f 123 194 195
f 123 195 196
f 123 196 126
f 123 126 124
f 125 129 130
f 126 197 198
f 126 198 127
f 126 196 197
f 127 198 128
f 128 198 199
f 128 199 200
f 128 200 129
f 129 200 201
f 129 201 132
f 129 132 131
f 129 131 130
f 132 201 133
f 133 201 202
f 133 202 203
f 133 203 204
f 133 204 205
f 133 205 206
f 133 206 207
f 133 207 134
f 134 207 135
f 135 139 138
f 135 138 136
f 135 207 139
f 136 138 137
f 139 141 140
f 139 207 208
f 139 208 209
f 139 209 141
f 141 209 208
f 141 208 210
f 141 210 142
f 142 210 211
f 142 211 212
f 142 212 213
f 142 213 143
f 143 213 144
f 144 213 214
f 144 214 146
f 145 150 151
f 146 214 215
f 146 215 147
f 147 215 148
f 148 215 216
f 148 216 217
f 148 217 149
f 149 217 218
f 149 218 151
f 149 151 150
f 151 218 153
f 152 154 219
f 152 219 220
f 152 220 221
f 152 221 222
f 152 222 155
f 153 218 223
f 153 223 154
f 154 223 219
f 156 157 225
f 156 225 224
f 157 226 225
f 158 227 159
f 159 227 228
f 159 228 229
f 159 229 230
f 159 230 160
f 160 230 231
f 161 232 233
f 161 233 162
f 162 233 234
f 162 234 163
f 163 235 164
f 163 234 236
f 163 236 235
f 164 235 165
f 165 235 166
f 166 235 236
f 166 236 237
f 166 237 238
f 166 238 173
f 167 172 239
f 167 239 240
f 167 240 241
f 167 241 242
f 167 242 189
f 168 176 243
f 168 243 244
f 168 244 170
f 168 170 169
f 170 244 245
f 170 245 246
f 170 246 171
f 171 246 247
f 171 247 172
f 172 248 239
f 172 247 248
f 173 238 249
f 173 249 174
f 174 249 175
f 175 249 250
f 176 180 179
f 176 179 251
f 176 251 243
f 177 250 252
f 177 252 253
f 177 253 254
f 177 254 178
f 178 254 255
f 178 255 179
f 179 255 256
f 179 256 257
f 179 257 258
f 179 258 251
f 181 190 182
f 181 188 190
f 182 259 260
f 182 260 261
f 182 261 262
f 182 262 184
f 182 184 183
f 182 190 263
f 182 263 259
f 184 261 264
f 184 264 265
f 184 265 266
f 184 266 267
f 184 267 186
f 184 186 185
f 184 262 261
f 186 267 266
f 186 266 268
f 186 268 269
f 186 269 187
f 187 269 192
f 187 192 191
f 189 242 270
f 189 270 271
f 189 271 272
f 189 272 190
f 190 273 274
f 190 274 275
f 190 275 259
f 190 259 263
f 190 272 273
f 192 269 276
f 192 276 277
f 192 277 194
f 192 194 193
f 194 277 278
f 194 278 279
f 194 279 280
f 194 280 281
f 194 281 196
f 194 196 195
f 196 281 282
f 196 282 197
f 197 282 198
f 198 282 283
f 198 283 284
f 198 284 199
f 199 284 285
f 199 285 201
f 199 201 200
f 201 285 286
f 201 286 287
f 201 287 202
f 202 287 203
f 203 287 288
f 203 288 204
f 204 289 205
f 204 288 290
f 204 290 291
f 204 291 289
f 205 289 206
f 206 289 207
f 207 289 291
f 207 291 292
f 207 292 293
f 207 293 294
f 207 294 208
f 208 294 210
f 210 294 295
f 210 295 212
f 210 212 211
f 212 214 213
f 212 295 296
f 212 296 214
f 214 296 215
f 215 297 298
f 215 298 216
f 215 296 297
f 216 299 217
f 216 298 300
f 216 300 301
f 216 301 299
f 217 299 302
f 217 302 218
f 218 302 223
f 219 223 303
f 219 303 220
f 220 303 304
f 223 302 305
f 223 305 303
f 224 225 307
f 224 307 308
f 224 308 306
f 225 226 307
f 226 309 307
f 227 310 311
f 227 311 228
f 228 311 229
f 229 312 313
f 229 313 314
f 229 314 315
f 229 315 230
f 229 311 312
f 230 315 316
f 230 316 317
f 230 317 231
f 232 318 233
f 233 318 319
f 233 319 320
f 233 320 234
f 234 320 236
f 236 320 321
f 236 321 237
f 237 321 322
f 237 322 323
f 237 323 324
f 237 324 325
f 237 325 249
f 237 249 238
f 239 248 240
f 240 248 326
f 240 326 241
f 241 326 327
f 241 327 328
f 241 328 242
f 242 328 270
f 243 329 244
f 243 251 329
f 244 329 245
f 245 330 246
f 245 329 330
f 246 330 331
f 246 331 247
f 247 331 332
f 247 332 248
f 248 332 326
f 249 325 333
f 249 333 250
f 250 333 252
f 251 258 334
f 251 334 335
f 251 335 329
f 252 336 337
f 252 337 338
f 252 338 339
f 252 339 254
f 252 254 253
f 252 333 336
f 254 339 256
f 254 256 255
f 256 339 340
f 256 340 341
f 256 341 342
f 256 342 343
f 256 343 257
f 257 334 258
f 257 343 344
f 257 344 345
f 257 345 334
f 259 275 260
f 260 275 346
f 260 346 347
f 260 347 348
f 260 348 349
f 260 349 264
f 260 264 261
f 264 350 351
f 264 351 352
f 264 352 266
f 264 266 265
f 264 349 353
f 264 353 350
f 266 352 354
f 266 354 268
f 268 354 269
f 269 354 276
f 270 355 356
f 270 356 357
f 270 357 271
f 270 328 358
f 270 358 359
f 270 359 355
f 271 357 272
f 272 357 273
f 273 357 356
f 273 356 274
f 274 356 355
f 274 355 275
f 275 360 361
f 275 361 346
f 275 355 360
f 276 354 362
f 276 362 363
f 276 363 278
f 276 278 277
f 278 363 364
f 278 364 365
f 278 365 366
f 278 366 367
f 278 367 368
f 278 368 369
f 278 369 279
f 279 369 370
f 279 370 280
f 280 282 281
f 280 370 369
f 280 369 371
f 280 371 372
f 280 372 282
f 282 372 373
f 282 373 374
f 282 374 375
f 282 375 283
f 283 375 376
f 283 376 377
f 283 377 284
f 284 377 285
f 285 377 286
f 286 377 378
f 286 378 287
f 287 378 379
f 287 379 380
f 287 380 381
f 287 381 288
f 288 381 290
f 290 381 382
f 290 382 383
f 290 383 384
f 290 384 291
f 291 384 292
f 292 385 293
f 292 384 386
f 292 386 387
f 292 387 385
f 293 385 388
f 293 388 294
f 294 388 295
f 295 388 297
f 295 297 296
f 297 388 389
f 297 389 298
f 298 389 390
f 298 390 300
f 299 301 391
f 299 391 302
f 300 390 392
f 300 392 393
f 300 393 394
f 300 394 301
f 301 394 391
f 302 395 305
f 302 391 396
f 302 396 395
f 303 305 397
f 303 397 398
f 303 398 304
f 305 395 399
f 305 399 400
f 305 400 397
f 306 308 402
f 306 402 401
f 307 309 403
f 307 403 404
f 307 404 405
f 307 405 308
f 308 405 402
f 310 406 311
f 311 406 407
f 311 407 408
f 311 408 409
f 311 409 312
f 312 409 313
f 313 410 314
f 313 409 411
f 313 411 412
f 313 412 413
f 313 413 414
f 313 414 415
f 313 415 416
f 313 416 417
f 313 417 410
f 314 410 315
f 315 410 418
f 315 418 419
f 315 419 316
f 316 419 420
f 318 421 319
f 319 421 422
f 319 422 423
f 319 423 320
f 320 423 424
f 320 424 322
f 320 322 321
f 322 424 425
f 322 425 426
f 322 426 427
f 322 427 323
f 323 427 324
f 324 427 428
f 324 428 336
f 324 336 325
f 325 336 333
f 326 332 327
f 327 429 430
f 327 430 328
f 327 332 431
f 327 431 432
f 327 432 429
f 328 430 358
f 329 433 330
f 329 335 433
f 330 433 431
f 330 431 331
f 331 431 332
f 334 434 335
f 334 345 435
f 334 435 434
f 335 434 433
f 336 428 337
f 337 428 338
f 338 428 436
f 338 436 340
f 338 340 339
f 340 436 437
f 340 437 438
f 340 438 439
f 340 439 341
f 341 439 440
f 341 440 342
f 342 441 343
f 342 440 441
f 343 441 344
f 344 441 442
f 344 442 443
f 344 443 435
f 344 435 345
f 346 361 347
f 347 444 348
f 347 361 444
f 348 445 353
f 348 353 446
f 348 446 349
f 348 444 445
f 349 446 353
f 350 353 447
f 350 447 448
f 350 448 449
f 350 449 351
f 351 449 354
f 351 354 352
f 353 450 451
f 353 451 452
f 353 452 453
f 353 453 454
f 353 454 447
f 353 445 450
f 354 449 455
f 354 455 364
f 354 364 362
f 355 359 360
f 358 456 457
f 358 457 458
f 358 458 359
f 358 430 429
f 358 429 456
f 359 458 459
f 359 459 360
f 360 459 361
f 361 459 460
f 361 460 461
f 361 461 444
f 362 364 363
f 364 455 462
f 364 462 366
f 364 366 365
f 366 463 464
f 366 464 465
f 366 465 466
f 366 466 467
f 366 467 468
f 366 468 367
f 366 462 449
f 366 449 469
f 366 469 463
f 367 468 467
f 367 467 470
f 367 470 368
f 368 470 471
f 368 471 369
f 369 471 472
f 369 472 473
f 369 473 474
f 369 474 371
f 371 474 475
f 371 475 372
f 372 475 373
f 373 475 476
f 373 476 477
f 373 477 478
f 373 478 374
f 374 479 378
f 374 378 480
f 374 480 375
f 374 478 481
f 374 481 479
f 375 480 376
f 376 480 377
f 377 480 378
f 378 479 481
f 378 481 379
f 379 481 482
f 379 482 380
f 380 482 483
f 380 483 484
f 380 484 382
f 380 382 381
f 382 484 485
f 382 485 486
f 382 486 383
f 383 486 487
f 383 487 384
f 384 487 488
f 384 488 386
f 385 389 388
f 385 387 386
f 385 386 489
f 385 489 390
f 385 390 389
f 386 488 490
f 386 490 489
f 390 489 392
f 391 394 491
f 391 491 396
f 392 489 492
f 392 492 493
f 392 493 393
f 393 493 394
f 394 493 494
f 394 494 495
f 394 495 491
f 395 396 399
f 396 491 496
f 396 496 497
f 396 497 498
f 396 498 399
f 397 400 499
f 399 498 500
f 399 500 501
f 399 501 400
f 400 501 502
f 400 502 503
f 400 503 499
f 401 402 505
f 401 505 504
f 402 405 506
f 402 506 505
f 403 507 404
f 404 507 508
f 404 508 509
f 404 509 510
f 404 510 405
f 405 510 506
f 408 511 409
f 409 511 512
f 409 512 513
f 409 513 514
f 409 514 515
f 409 515 411
f 410 417 419
f 410 419 418
f 411 515 412
f 412 515 514
f 412 514 513
f 412 513 516
f 412 516 517
f 412 517 414
f 412 414 413
f 414 517 518
f 414 518 415
f 415 518 519
f 415 519 416
f 416 520 419
f 416 419 417
f 416 519 521
f 416 521 522
f 416 522 523
f 416 523 520
f 419 520 524
f 419 524 525
f 419 525 420
f 420 525 524
f 422 526 423
f 423 526 527
f 423 527 424
f 424 527 425
f 425 527 528
f 425 528 529
f 425 529 426
f 426 530 427
f 426 529 531
f 426 531 530
f 427 530 428
f 428 530 531
f 428 531 532
f 428 532 533
f 428 533 436
f 429 432 456
f 431 433 534
f 431 534 432
f 432 534 457
f 432 457 456
f 433 434 535
f 433 535 534
f 434 536 535
f 434 435 537
f 434 537 536
f 435 443 537
f 436 533 538
f 436 538 539
f 436 539 437
f 437 539 540
f 437 540 438
f 438 541 542
f 438 542 543
f 438 543 544
f 438 544 440
f 438 440 439
f 438 540 541
f 440 544 545
f 440 545 441
f 441 545 442
f 442 545 546
f 442 546 547
f 442 547 443
f 443 548 537
f 443 547 548
f 444 461 450
f 444 450 445
f 447 454 449
f 447 449 448
f 449 454 549
f 449 549 550
f 449 550 463
f 449 463 469
f 449 462 455
f 450 551 552
f 450 552 553
f 450 553 451
f 450 461 554
f 450 554 551
f 451 553 453
f 451 453 452
f 453 555 556
f 453 556 557
f 453 557 558
f 453 558 454
f 453 553 552
f 453 552 555
f 454 558 559
f 454 559 550
f 454 550 549
f 457 560 458
f 457 534 535
f 457 535 561
f 457 561 562
f 457 562 563
f 457 563 560
f 458 560 459
f 459 560 460
f 460 564 461
f 460 560 564
f 461 564 554
f 463 550 565
f 463 565 566
f 463 566 464
f 464 566 465
f 465 566 567
f 465 567 568
f 465 568 569
f 465 569 570
f 465 570 466
f 466 570 467
f 467 571 470
f 467 570 569
f 467 569 572
f 467 572 573
f 467 573 571
f 470 571 472
f 470 472 471
f 472 571 574
f 472 574 575
f 472 575 576
f 472 576 473
f 473 476 474
f 473 576 577
f 473 577 476
f 474 476 475
f 476 577 578
f 476 578 477
f 477 578 478
f 478 578 579
f 478 579 580
f 478 580 581
f 478 581 582
f 478 582 481
f 481 583 584
f 481 584 482
f 481 582 581
f 481 581 583
f 482 584 483
f 483 584 585
f 483 585 586
f 483 586 485
f 483 485 484
f 485 586 587
f 485 587 588
f 485 588 589
f 485 589 590
f 485 590 488
f 485 488 486
f 486 488 487
f 488 590 591
f 488 591 490
f 489 490 591
f 489 591 592
f 489 592 492
f 491 495 496
f 492 592 593
f 492 593 493
f 493 593 594
f 493 594 595
f 493 595 494
f 494 595 495
f 495 595 596
f 495 596 597
f 495 597 496
f 496 597 598
f 496 598 497
f 497 598 599
f 497 599 498
f 498 599 600
f 498 600 500
f 500 600 599
f 500 599 601
f 500 601 602
f 500 602 603
f 500 603 604
f 500 604 605
f 500 605 606
f 500 606 607
f 500 607 608
f 500 608 501
f 501 608 609
f 501 609 502
f 504 505 611
f 504 611 612
f 504 612 610
f 505 506 613
f 505 613 614
f 505 614 615
f 505 615 611
f 506 510 616
f 506 616 613
f 507 617 508
f 508 617 618
f 508 618 509
f 509 619 510
f 509 618 620
f 509 620 621
f 509 621 622
f 509 622 619
f 510 619 616
f 511 623 512
f 512 623 624
f 512 624 625
f 512 625 626
f 512 626 513
f 513 626 627
f 513 627 516
f 516 627 628
f 516 628 517
f 517 628 629
f 517 629 630
f 517 630 518
f 518 630 631
f 518 631 632
f 518 632 519
f 519 632 521
f 520 523 524
f 521 633 634
f 521 634 522
f 521 632 633
f 522 634 635
f 522 635 523
f 523 635 636
f 523 636 524
f 524 636 637
f 526 638 527
f 527 638 639
f 527 639 640
f 527 640 528
f 528 640 641
f 528 641 642
f 528 642 643
f 528 643 529
f 529 643 531
f 531 643 644
f 531 644 533
f 531 533 532
f 533 644 645
f 533 645 646
f 533 646 538
f 535 536 561
f 536 647 562
f 536 562 561
f 536 537 647
f 537 548 648
f 537 648 647
f 538 646 649
f 538 649 539
f 539 649 650
f 539 650 651
f 539 651 652
f 539 652 653
f 539 653 542
f 539 542 540
f 540 542 541
f 542 654 543
f 542 653 655
f 542 655 654
f 543 654 656
f 543 656 544
f 544 657 545
f 544 656 657
f 545 657 546
f 546 657 658
f 546 658 659
f 546 659 547
f 547 659 548
f 548 660 648
f 548 659 661
f 548 661 660
f 550 559 662
f 550 662 565
f 551 554 663
f 551 663 664
f 551 664 552
f 552 664 665
f 552 665 666
f 552 666 556
f 552 556 555
f 554 564 663
f 556 666 667
f 556 667 668
f 556 668 669
f 556 669 670
f 556 670 557
f 557 670 558
f 558 670 671
f 558 671 672
f 558 672 673
f 558 673 674
f 558 674 662
f 558 662 559
f 560 563 564
f 562 647 675
f 562 675 563
f 563 675 676
f 563 676 663
f 563 663 564
f 565 662 674
f 565 674 677
f 565 677 566
f 566 677 678
f 566 678 567
f 567 678 679
f 567 679 568
f 568 679 680
f 568 680 569
f 569 680 681
f 569 681 572
f 571 573 574
f 572 574 573
f 572 681 682
f 572 682 683
f 572 683 684
f 572 684 574
f 574 684 685
f 574 685 686
f 574 686 575
f 575 686 576
f 576 579 577
f 576 686 687
f 576 687 688
f 576 688 689
f 576 689 690
f 576 690 579
f 577 579 578
f 579 690 691
f 579 691 692
f 579 692 693
f 579 693 580
f 580 693 581
f 581 693 694
f 581 694 695
f 581 695 584
f 581 584 583
f 584 695 585
f 585 695 696
f 585 696 697
f 585 697 586
f 586 697 698
f 586 698 699
f 586 699 587
f 587 699 588
f 588 699 700
f 588 700 701
f 588 701 702
f 588 702 703
f 588 703 704
f 588 704 705
f 588 705 589
f 589 705 706
f 589 706 590
f 590 706 707
f 590 707 591
f 591 707 592
f 592 708 593
f 592 707 709
f 592 709 710
f 592 710 711
f 592 711 712
f 592 712 708
f 593 708 594
f 594 708 713
f 594 713 595
f 595 713 596
f 596 713 714
f 596 714 597
f 597 714 715
f 597 715 716
f 597 716 598
f 598 716 599
f 599 716 717
f 599 717 601
f 601 717 602
f 602 717 718
f 602 718 719
f 602 719 720
f 602 720 603
f 603 720 721
f 603 721 604
f 610 612 723
f 610 723 724
f 610 724 725
f 610 725 722
f 611 615 724
f 611 724 612
f 612 724 723
f 613 616 726
f 613 726 614
f 614 727 728
f 614 728 729
f 614 729 730
f 614 730 731
f 614 731 615
f 614 726 727
f 615 731 732
f 615 732 724
f 616 619 727
f 616 727 726
f 618 733 620
f 619 622 734
f 619 734 735
f 619 735 727
f 620 733 736
f 620 736 621
f 621 737 622
f 621 736 738
f 621 738 739
f 621 739 740
f 621 740 737
f 622 737 734
f 624 741 625
f 625 741 742
f 625 742 743
f 625 743 744
f 625 744 626
f 626 744 627
f 627 745 746
f 627 746 747
f 627 747 748
f 627 748 749
f 627 749 628
f 627 744 750
f 627 750 745
f 628 749 751
f 628 751 752
f 628 752 629
f 629 753 630
f 629 752 754
f 629 754 753
f 630 753 631
f 631 754 755
f 631 755 633
f 631 633 632
f 631 753 754
f 633 755 756
f 633 756 757
f 633 757 634
f 634 757 758
f 634 758 635
f 635 758 759
f 635 759 636
f 636 759 760
f 636 760 761
f 636 761 762
f 636 762 637
f 639 763 640
f 640 763 764
f 640 764 641
f 641 764 765
f 641 765 766
f 641 766 767
f 641 767 642
f 642 767 768
f 642 768 769
f 642 769 643
f 643 769 644
f 644 769 645
f 645 769 770
f 645 770 646
f 646 770 771
f 646 771 650
f 646 650 649
f 647 648 675
f 648 660 675
f 650 771 651
f 651 772 773
f 651 773 774
f 651 774 775
f 651 775 776
f 651 776 652
f 651 771 772
f 652 776 777
f 652 777 778
f 652 778 779
f 652 779 653
f 653 779 655
f 654 780 656
f 654 655 781
f 654 781 782
f 654 782 780
f 655 779 783
f 655 783 781
f 656 780 784
f 656 784 657
f 657 784 658
f 658 784 785
f 658 785 786
f 658 786 659
f 659 786 787
f 659 787 661
f 660 788 675
f 660 661 787
f 660 787 789
f 660 789 790
f 660 790 788
f 663 675 788
f 663 788 664
f 663 676 675
f 664 788 790
f 664 790 665
f 665 790 791
f 665 791 666
f 666 791 792
f 666 792 793
f 666 793 667
f 667 793 794
f 667 794 795
f 667 795 796
f 667 796 797
f 667 797 798
f 667 798 668
f 668 798 669
f 669 798 799
f 669 799 672
f 669 672 671
f 669 671 670
f 672 674 673
f 672 799 800
f 672 800 801
f 672 801 674
f 674 801 802
f 674 802 803
f 674 803 678
f 674 678 677
f 678 803 802
f 678 802 804
f 678 804 679
f 679 804 805
f 679 805 680
f 680 805 806
f 680 806 681
f 681 806 807
f 681 807 808
f 681 808 682
f 682 808 683
f 683 685 684
f 683 808 809
f 683 809 810
f 683 810 811
f 683 811 812
f 683 812 685
f 685 812 687
f 685 687 686
f 687 689 688
f 687 812 811
f 687 811 813
f 687 813 814
f 687 814 689
f 689 691 690
f 689 814 815
f 689 815 816
f 689 816 691
f 691 816 692
f 692 694 693
f 692 816 817
f 692 817 818
f 692 818 694
f 694 818 819
f 694 819 820
f 694 820 821
f 694 821 695
f 695 821 819
f 695 819 822
f 695 822 696
f 696 698 697
f 696 822 823
f 696 823 824
f 696 824 825
f 696 825 826
f 696 826 698
f 698 826 699
f 699 826 700
f 700 826 827
f 700 827 701
f 701 827 828
f 701 828 829
f 701 829 702
f 702 829 830
f 702 830 831
f 702 831 703
f 703 831 704
f 704 710 705
f 704 831 710
f 705 710 832
f 705 832 706
f 706 832 707
f 707 832 709
f 708 712 833
f 708 833 713
f 709 832 710
f 710 831 834
f 710 834 711
f 711 835 712
f 711 834 836
f 711 836 837
f 711 837 838
f 711 838 835
f 712 835 833
f 713 833 714
f 714 833 839
f 714 839 840
f 714 840 841
f 714 841 715
f 715 841 717
f 715 717 716
f 717 841 842
f 717 842 843
f 717 843 844
f 717 844 845
f 717 845 846
f 717 846 718
f 718 846 719
f 719 847 721
f 719 721 720
f 719 846 848
f 719 848 849
f 719 849 847
f 722 725 850
f 724 732 851
f 724 851 725
f 725 852 850
f 725 851 852
f 727 735 728
f 728 735 729
f 729 735 853
f 729 853 854
f 729 854 855
f 729 855 730
f 730 855 856
f 730 856 857
f 730 857 858
f 730 858 731
f 731 858 732
f 732 858 859
f 732 859 851
f 734 737 860
f 734 860 853
f 734 853 735
f 737 740 854
f 737 854 860
f 738 861 739
f 739 862 854
f 739 854 740
f 739 861 863
f 739 863 862
f 742 864 865
f 742 865 743
f 743 865 866
f 743 866 867
f 743 867 744
f 744 867 868
f 744 868 750
f 745 750 868
f 745 868 869
f 745 869 870
f 745 870 746
f 746 870 871
f 746 871 872
f 746 872 747
f 747 872 873
f 747 873 748
f 748 873 874
f 748 874 875
f 748 875 876
f 748 876 749
f 749 876 877
f 749 877 752
f 749 752 751
f 752 877 878
f 752 878 879
f 752 879 754
f 754 879 756
f 754 756 755
f 756 879 880
f 756 880 881
f 756 881 757
f 757 881 758
f 758 881 882
f 758 882 883
f 758 883 759
f 759 883 884
f 759 884 885
f 759 885 760
f 766 886 767
f 767 887 888
f 767 888 768
f 767 886 887
f 768 888 889
f 768 889 769
f 769 889 770
f 770 889 890
f 770 890 771
f 771 890 772
f 772 890 773
f 773 890 891
f 773 891 774
f 774 892 893
f 774 893 894
f 774 894 895
f 774 895 896
f 774 896 775
f 774 891 892
f 775 896 776
f 776 896 897
f 776 897 898
f 776 898 777
f 777 898 778
f 778 898 899
f 778 899 900
f 778 900 779
f 779 900 783
f 780 782 784
f 781 783 901
f 781 901 782
f 782 901 902
f 782 902 903
f 782 903 784
f 783 900 901
f 784 903 785
f 785 903 904
f 785 904 905
f 785 905 786
f 786 905 906
f 786 906 787
f 787 906 789
f 789 906 792
f 789 792 791
f 789 791 790
f 792 906 907
f 792 907 793
f 793 907 794
f 794 907 908
f 794 908 909
f 794 909 795
f 795 910 911
f 795 911 912
f 795 912 796
f 795 909 910
f 796 912 797
f 797 799 798
f 797 912 913
f 797 913 914
f 797 914 800
f 797 800 799
f 800 914 801
f 801 914 915
f 801 915 916
f 801 916 802
f 802 916 917
f 802 917 804
f 804 917 918
f 804 918 805
f 805 918 919
f 805 919 806
f 806 919 807
f 807 920 921
f 807 921 922
f 807 922 808
f 807 919 920
f 808 922 923
f 808 923 809
f 809 923 810
f 810 923 811
f 811 923 924
f 811 924 925
f 811 925 926
f 811 926 813
f 813 926 814
f 814 926 927
f 814 927 928
f 814 928 929
f 814 929 815
f 815 817 816
f 815 929 817
f 817 929 930
f 817 930 931
f 817 931 932
f 817 932 818
f 818 932 819
f 819 932 933
f 819 933 934
f 819 934 822
f 819 821 820
f 822 934 823
f 823 934 935
f 823 935 824
f 824 935 936
f 824 936 825
f 825 937 938
f 825 938 826
f 825 936 939
f 825 939 940
f 825 940 941
f 825 941 942
f 825 942 943
f 825 943 937
f 826 938 827
f 827 938 937
f 827 937 828
f 828 937 944
f 828 944 829
f 829 944 945
f 829 945 946
f 829 946 947
f 829 947 948
f 829 948 830
f 830 948 949
f 830 949 950
f 830 950 831
f 831 950 836
f 831 836 834
f 833 835 839
f 835 838 951
f 835 951 839
f 836 950 837
f 837 950 952
f 837 952 953
f 837 953 954
f 837 954 951
f 837 951 838
f 839 955 840
f 839 951 955
f 840 955 841
f 841 955 842
f 842 955 956
f 842 956 843
f 843 956 957
f 843 957 844
f 844 957 958
f 844 958 959
f 844 959 960
f 844 960 845
f 845 960 961
f 845 961 846
f 846 961 962
f 846 962 848
f 848 962 963
f 848 963 964
f 848 964 849
f 850 852 965
f 851 859 966
f 851 966 852
f 852 967 965
f 852 966 967
f 853 860 854
f 854 862 855
f 855 862 968
f 855 968 969
f 855 969 856
f 856 969 970
f 856 970 971
f 856 971 857
f 857 971 972
f 857 972 973
f 857 973 974
f 857 974 858
f 858 974 859
f 859 974 975
f 859 975 966
f 861 976 863
f 862 863 968
f 863 976 977
f 863 977 978
f 863 978 968
f 864 979 865
f 865 980 866
f 865 979 980
f 866 981 982
f 866 982 983
f 866 983 867
f 866 980 981
f 867 983 984
f 867 984 868
f 868 984 870
f 868 870 869
f 870 984 871
f 871 985 872
f 871 984 982
f 871 982 986
f 871 986 985
f 872 985 987
f 872 987 988
f 872 988 873
f 873 988 874
f 874 988 989
f 874 989 875
f 875 990 876
f 875 989 991
f 875 991 992
f 875 992 993
f 875 993 994
f 875 994 990
f 876 990 995
f 876 995 877
f 877 995 878
f 878 995 996
f 878 996 879
f 879 996 997
f 879 997 880
f 880 997 998
f 880 998 881
f 881 998 999
f 881 999 882
f 882 999 1000
f 882 1000 883
f 883 1000 1001
f 883 1001 884
f 884 1001 1002
f 884 1002 1003
f 884 1003 885
f 887 1004 888
f 888 1004 1005
f 888 1005 1006
f 888 1006 1007
f 888 1007 1008
f 888 1008 1009
f 888 1009 889
f 889 1009 1008
f 889 1008 1010
f 889 1010 890
f 890 1010 1011
f 890 1011 891
f 891 1011 892
f 892 1012 1013
f 892 1013 893
f 892 1011 1012
f 893 1013 1014
f 893 1014 894
f 894 1014 1015
f 894 1015 1016
f 894 1016 895
f 895 897 896
f 895 1016 1017
f 895 1017 897
f 897 1018 899
f 897 899 898
f 897 1017 1019
f 897 1019 1020
f 897 1020 1018
f 899 1018 1021
f 899 1021 1022
f 899 1022 1023
f 899 1023 900
f 900 1023 1024
f 900 1024 1025
f 900 1025 901
f 901 1025 902
f 902 1025 1026
f 902 1026 1027
f 902 1027 1028
f 902 1028 903
f 903 1028 904
f 904 1028 1029
f 904 1029 905
f 905 908 906
f 905 1029 1030
f 905 1030 908
f 906 908 907
f 908 1030 909
f 909 1030 910
f 910 1030 1031
f 910 1031 911
f 911 1032 912
f 911 1031 1033
f 911 1033 1034
f 911 1034 1032
f 912 1032 913
f 913 1032 1035
f 913 1035 914
f 914 1036 916
f 914 916 915
f 914 1035 1037
f 914 1037 1038
f 914 1038 1039
f 914 1039 1036
f 916 1036 1040
f 916 1040 917
f 917 1040 1041
f 917 1041 918
f 918 1041 919
f 919 1041 1042
f 919 1042 920
f 920 1042 1043
f 920 1043 921
f 921 1043 1044
f 921 1044 1045
f 921 1045 1046
f 921 1046 1047
f 921 1047 1048
f 921 1048 1049
f 921 1049 922
f 922 1049 1050
f 922 1050 923
f 923 1050 924
f 924 1050 925
f 925 1050 1051
f 925 1051 1052
f 925 1052 1053
f 925 1053 1054
f 925 1054 926
f 926 1054 927
f 927 1054 929
f 927 929 928
f 929 1054 1055
f 929 1055 1056
f 929 1056 1057
f 929 1057 930
f 930 1057 931
f 931 1057 1058
f 931 1058 1059
f 931 1059 933
f 931 933 932
f 933 1059 939
f 933 939 935
f 933 935 934
f 935 939 936
f 937 943 944
f 939 1059 1060
f 939 1060 1061
f 939 1061 1062
f 939 1062 940
f 940 1062 941
f 941 1062 1063
f 941 1063 1064
f 941 1064 1065
f 941 1065 942
f 942 1065 1066
f 942 1066 1067
f 942 1067 943
f 943 1067 944
f 944 1067 945
f 945 1067 1068
f 945 1068 1069
f 945 1069 1070
f 945 1070 946
f 946 1070 1071
f 946 1071 947
f 947 1072 949
f 947 949 948
f 947 1071 1072
f 949 1072 952
f 949 952 950
f 951 954 957
f 951 957 956
f 951 956 955
f 952 1072 1073
f 952 1073 1074
f 952 1074 1075
f 952 1075 953
f 953 1075 954
f 954 1075 957
f 957 1075 958
f 958 1075 1076
f 958 1076 1077
f 958 1077 959
f 959 1077 960
f 960 1077 1078
f 960 1078 1079
f 960 1079 961
f 961 1079 1080
f 961 1080 962
f 962 1081 1082
f 962 1082 963
f 962 1080 1083
f 962 1083 1084
f 962 1084 1081
f 966 975 1085
f 966 1085 1086
f 966 1086 1087
f 966 1087 1088
f 966 1088 967
f 967 1088 1089
f 968 978 1090
f 968 1090 1091
f 968 1091 969
f 969 1091 970
f 970 1091 1092
f 970 1092 1093
f 970 1093 1094
f 970 1094 971
f 971 1094 1095
f 971 1095 972
f 972 1096 973
f 972 1095 1097
f 972 1097 1096
f 973 1098 974
f 973 1096 1098
f 974 1098 975
f 975 1099 1100
f 975 1100 1086
f 975 1086 1085
f 975 1098 1099
f 977 1101 978
f 978 1101 1102
f 978 1102 1103
f 978 1103 1090
f 979 1104 980
f 980 1104 1105
f 980 1105 1106
f 980 1106 1107
f 980 1107 981
f 981 1108 1109
f 981 1109 1110
f 981 1110 1111
f 981 1111 982
f 981 1107 1108
f 982 1111 986
f 982 984 983
f 985 1112 1113
f 985 1113 987
f 985 986 1112
f 986 1111 1112
f 987 1113 988
f 988 1114 1115
f 988 1115 1116
f 988 1116 989
f 988 1113 1117
f 988 1117 1114
f 989 1116 991
f 990 994 995
f 991 1116 992
f 992 1118 1119
f 992 1119 1120
f 992 1120 993
f 992 1116 1118
f 993 995 994
f 993 1120 995
f 995 1120 996
f 996 1120 1121
f 996 1121 1122
f 996 1122 1123
f 996 1123 1124
f 996 1124 1125
f 996 1125 997
f 997 1125 998
f 998 1125 1124
f 998 1124 1123
f 998 1123 1122
f 998 1122 1126
f 998 1126 1127
f 998 1127 1128
f 998 1128 999
f 999 1128 1000
f 1000 1128 1127
f 1000 1127 1129
f 1000 1129 1130
f 1000 1130 1001
f 1001 1130 1131
f 1001 1131 1132
f 1001 1132 1133
f 1001 1133 1134
f 1001 1134 1002
f 1002 1134 1135
f 1002 1135 1003
f 1005 1136 1006
f 1006 1136 1137
f 1006 1137 1138
f 1006 1138 1007
f 1007 1138 1008
f 1008 1138 1011
f 1008 1011 1010
f 1011 1138 1139
f 1011 1139 1012
f 1012 1139 1140
f 1012 1140 1013
f 1013 1140 1141
f 1013 1141 1142
f 1013 1142 1014
f 1014 1142 1143
f 1014 1143 1015
f 1015 1143 1144
f 1015 1144 1016
f 1016 1144 1145
f 1016 1145 1017
f 1017 1145 1019
f 1018 1020 1021
f 1019 1146 1020
f 1019 1145 1147
f 1019 1147 1148
f 1019 1148 1146
f 1020 1146 1021
f 1021 1149 1150
f 1021 1150 1022
f 1021 1146 1151
f 1021 1151 1152
f 1021 1152 1149
f 1022 1150 1023
f 1023 1150 1024
f 1024 1153 1026
f 1024 1026 1025
f 1024 1150 1154
f 1024 1154 1153
f 1026 1153 1155
f 1026 1155 1027
f 1027 1156 1157
f 1027 1157 1028
f 1027 1155 1158
f 1027 1158 1156
f 1028 1157 1029
f 1029 1157 1156
f 1029 1156 1159
f 1029 1159 1030
f 1030 1159 1160
f 1030 1160 1161
f 1030 1161 1031
f 1031 1161 1033
f 1032 1034 1162
f 1032 1162 1037
f 1032 1037 1035
f 1033 1163 1164
f 1033 1164 1162
f 1033 1162 1034
f 1033 1161 1163
f 1036 1039 1165
f 1036 1165 1040
f 1037 1162 1038
f 1038 1166 1167
f 1038 1167 1168
f 1038 1168 1169
f 1038 1169 1170
f 1038 1170 1039
f 1038 1162 1166
f 1039 1170 1171
f 1039 1171 1165
f 1040 1165 1041
f 1041 1165 1172
f 1041 1172 1173
f 1041 1173 1042
f 1042 1173 1043
f 1043 1174 1044
f 1043 1173 1174
f 1044 1174 1175
f 1044 1175 1176
f 1044 1176 1046
f 1044 1046 1045
f 1046 1176 1177
f 1046 1177 1178
f 1046 1178 1048
f 1046 1048 1047
f 1048 1179 1180
f 1048 1180 1049
f 1048 1178 1181
f 1048 1181 1182
f 1048 1182 1183
f 1048 1183 1179
f 1049 1180 1050
f 1050 1180 1051
f 1051 1180 1179
f 1051 1179 1052
f 1052 1179 1184
f 1052 1184 1185
f 1052 1185 1053
f 1053 1055 1054
f 1053 1185 1186
f 1053 1186 1187
f 1053 1187 1188
f 1053 1188 1189
f 1053 1189 1055
f 1055 1189 1190
f 1055 1190 1191
f 1055 1191 1056
f 1056 1191 1192
f 1056 1192 1058
f 1056 1058 1057
f 1058 1192 1060
f 1058 1060 1059
f 1060 1192 1193
f 1060 1193 1061
f 1061 1193 1194
f 1061 1194 1195
f 1061 1195 1063
f 1061 1063 1062
f 1063 1195 1064
f 1064 1195 1196
f 1064 1196 1065
f 1065 1196 1197
f 1065 1197 1198
f 1065 1198 1199
f 1065 1199 1066
f 1066 1068 1067
f 1066 1199 1069
f 1066 1069 1068
f 1069 1199 1198
f 1069 1198 1200
f 1069 1200 1201
f 1069 1201 1202
f 1069 1202 1070
f 1070 1202 1203
f 1070 1203 1071
f 1071 1203 1202
f 1071 1202 1204
f 1071 1204 1205
f 1071 1205 1206
f 1071 1206 1207
f 1071 1207 1208
f 1071 1208 1072
f 1072 1208 1073
f 1073 1208 1209
f 1073 1209 1210
f 1073 1210 1211
f 1073 1211 1212
f 1073 1212 1213
f 1073 1213 1075
f 1073 1075 1074
f 1075 1213 1214
f 1075 1214 1076
f 1076 1214 1212
f 1076 1212 1211
f 1076 1211 1215
f 1076 1215 1077
f 1077 1215 1216
f 1077 1216 1217
f 1077 1217 1079
f 1077 1079 1078
f 1079 1218 1080
f 1079 1217 1219
f 1079 1219 1220
f 1079 1220 1221
f 1079 1221 1222
f 1079 1222 1218
f 1080 1218 1083
f 1083 1218 1223
f 1083 1223 1084
f 1086 1100 1099
f 1086 1099 1224
f 1086 1224 1225
f 1086 1225 1087
f 1087 1225 1088
f 1088 1225 1226
f 1088 1226 1089
f 1089 1226 1227
f 1090 1103 1228
f 1090 1228 1229
f 1090 1229 1230
f 1090 1230 1091
f 1091 1230 1231
f 1091 1231 1092
f 1092 1232 1094
f 1092 1094 1093
f 1092 1231 1233
f 1092 1233 1234
f 1092 1234 1235
f 1092 1235 1232
f 1094 1097 1095
f 1094 1232 1235
f 1094 1235 1236
f 1094 1236 1097
f 1096 1097 1237
f 1096 1237 1098
f 1097 1238 1237
f 1097 1236 1238
f 1098 1237 1239
f 1098 1239 1099
f 1099 1239 1240
f 1099 1240 1241
f 1099 1241 1224
f 1102 1242 1103
f 1103 1242 1243
f 1103 1243 1228
f 1106 1244 1107
f 1107 1244 1245
f 1107 1245 1246
f 1107 1246 1247
f 1107 1247 1108
f 1108 1247 1248
f 1108 1248 1109
f 1109 1248 1249
f 1109 1249 1110
f 1110 1249 1250
f 1110 1250 1113
f 1110 1113 1112
f 1110 1112 1111
f 1113 1250 1117
f 1114 1251 1252
f 1114 1252 1253
f 1114 1253 1116
f 1114 1116 1115
f 1114 1117 1254
f 1114 1254 1251
f 1116 1253 1252
f 1116 1252 1118
f 1117 1250 1254
f 1118 1252 1255
f 1118 1255 1119
f 1119 1255 1256
f 1119 1256 1257
f 1119 1257 1258
f 1119 1258 1259
f 1119 1259 1260
f 1119 1260 1120
f 1120 1260 1261
f 1120 1261 1121
f 1121 1261 1262
f 1121 1262 1122
f 1122 1262 1263
f 1122 1263 1264
f 1122 1264 1126
f 1126 1264 1265
f 1126 1265 1129
f 1126 1129 1127
f 1129 1131 1130
f 1129 1265 1131
f 1131 1265 1132
f 1132 1266 1133
f 1132 1265 1267
f 1132 1267 1268
f 1132 1268 1266
f 1133 1266 1269
f 1133 1269 1134
f 1134 1269 1270
f 1134 1270 1135
f 1136 1271 1137
f 1137 1271 1272
f 1137 1272 1139
f 1137 1139 1138
f 1139 1272 1273
f 1139 1273 1140
f 1140 1273 1141
f 1141 1274 1275
f 1141 1275 1142
f 1141 1273 1274
f 1142 1275 1276
f 1142 1276 1277
f 1142 1277 1143
f 1143 1277 1278
f 1143 1278 1279
f 1143 1279 1280
f 1143 1280 1144
f 1144 1280 1147
f 1144 1147 1145
f 1146 1148 1281
f 1146 1281 1151
f 1147 1280 1282
f 1147 1282 1283
f 1147 1283 1284
f 1147 1284 1148
f 1148 1284 1281
f 1149 1154 1150
f 1149 1152 1285
f 1149 1285 1154
f 1151 1281 1286
f 1151 1286 1287
f 1151 1287 1152
f 1152 1287 1288
f 1152 1288 1289
f 1152 1289 1290
f 1152 1290 1285
f 1153 1154 1291
f 1153 1291 1292
f 1153 1292 1293
f 1153 1293 1155
f 1154 1285 1291
f 1155 1293 1158
f 1156 1158 1294
f 1156 1294 1159
f 1158 1293 1295
f 1158 1295 1294
f 1159 1294 1296
f 1159 1296 1160
f 1160 1296 1161
f 1161 1296 1294
f 1161 1294 1163
f 1162 1164 1166
f 1163 1294 1297
f 1163 1297 1164
f 1164 1297 1298
f 1164 1298 1299
f 1164 1299 1166
f 1165 1171 1172
f 1166 1299 1300
f 1166 1300 1168
f 1166 1168 1167
f 1168 1301 1302
f 1168 1302 1303
f 1168 1303 1169
f 1168 1300 1301
f 1169 1304 1305
f 1169 1305 1306
f 1169 1306 1170
f 1169 1303 1307
f 1169 1307 1304
f 1170 1306 1171
f 1171 1306 1305
f 1171 1305 1172
f 1172 1305 1308
f 1172 1308 1174
f 1172 1174 1173
f 1174 1308 1175
f 1175 1309 1310
f 1175 1310 1177
f 1175 1177 1176
f 1175 1308 1309
f 1177 1310 1311
f 1177 1311 1312
f 1177 1312 1178
f 1178 1312 1313
f 1178 1313 1181
f 1179 1183 1184
f 1181 1313 1314
f 1181 1314 1315
f 1181 1315 1182
f 1182 1316 1184
f 1182 1184 1183
f 1182 1315 1316
f 1184 1186 1185
f 1184 1316 1317
f 1184 1317 1186
f 1186 1317 1318
f 1186 1318 1319
f 1186 1319 1187
f 1187 1191 1190
f 1187 1190 1189
f 1187 1189 1188
f 1187 1319 1191
f 1191 1320 1192
f 1191 1319 1321
f 1191 1321 1322
f 1191 1322 1320
f 1192 1320 1193
f 1193 1320 1323
f 1193 1323 1324
f 1193 1324 1194
f 1194 1324 1325
f 1194 1325 1326
f 1194 1326 1195
f 1195 1326 1327
f 1195 1327 1196
f 1196 1327 1326
f 1196 1326 1197
f 1197 1326 1328
f 1197 1328 1329
f 1197 1329 1198
f 1198 1329 1330
f 1198 1330 1331
f 1198 1331 1332
f 1198 1332 1200
f 1200 1332 1201
f 1201 1332 1333
f 1201 1333 1204
f 1201 1204 1202
f 1204 1206 1205
f 1204 1333 1334
f 1204 1334 1206
f 1206 1335 1336
f 1206 1336 1207
f 1206 1334 1337
f 1206 1337 1338
f 1206 1338 1339
f 1206 1339 1335
f 1207 1336 1208
f 1208 1336 1209
f 1209 1336 1340
f 1209 1340 1210
f 1210 1340 1211
f 1211 1340 1341
f 1211 1341 1342
f 1211 1342 1215
f 1212 1214 1213
f 1215 1342 1343
f 1215 1343 1344
f 1215 1344 1345
f 1215 1345 1346
f 1215 1346 1216
f 1216 1219 1217
f 1216 1346 1219
f 1218 1222 1347
f 1218 1347 1223
f 1219 1346 1220
f 1220 1346 1348
f 1220 1348 1221
f 1221 1348 1349
f 1221 1349 1350
f 1221 1350 1351
f 1221 1351 1352
f 1221 1352 1353
f 1221 1353 1354
f 1221 1354 1355
f 1221 1355 1222
f 1222 1355 1347
f 1223 1347 1356
f 1224 1357 1225
f 1224 1241 1358
f 1224 1358 1357
f 1225 1357 1226
f 1226 1357 1359
f 1226 1359 1360
f 1226 1360 1361
f 1226 1361 1227
f 1227 1361 1362
f 1228 1243 1363
f 1228 1363 1364
f 1228 1364 1229
f 1229 1365 1233
f 1229 1233 1231
f 1229 1231 1230
f 1229 1364 1365
f 1233 1365 1366
f 1233 1366 1367
f 1233 1367 1234
f 1234 1368 1235
f 1234 1367 1369
f 1234 1369 1368
f 1235 1370 1236
f 1235 1368 1371
f 1235 1371 1370
f 1236 1370 1372
f 1236 1372 1238
f 1237 1238 1373
f 1237 1373 1374
f 1237 1374 1240
f 1237 1240 1239
f 1238 1372 1375
f 1238 1375 1373
f 1240 1376 1358
f 1240 1358 1241
f 1240 1374 1377
f 1240 1377 1376
f 1242 1378 1379
f 1242 1379 1243
f 1243 1379 1363
f 1244 1380 1381
f 1244 1381 1245
f 1245 1381 1382
f 1245 1382 1383
f 1245 1383 1384
f 1245 1384 1246
f 1246 1384 1247
f 1247 1384 1385
f 1247 1385 1249
f 1247 1249 1248
f 1249 1385 1384
f 1249 1384 1386
f 1249 1386 1250
f 1250 1387 1254
f 1250 1386 1387
f 1251 1254 1388
f 1251 1388 1389
f 1251 1389 1390
f 1251 1390 1252
f 1252 1391 1392
f 1252 1392 1393
f 1252 1393 1394
f 1252 1394 1255
f 1252 1390 1391
f 1254 1387 1395
f 1254 1395 1388
f 1255 1393 1256
f 1255 1394 1393
f 1256 1396 1397
f 1256 1397 1257
f 1256 1393 1396
f 1257 1398 1399
f 1257 1399 1400
f 1257 1400 1259
f 1257 1259 1258
f 1257 1397 1398
f 1259 1400 1399
f 1259 1399 1401
f 1259 1401 1402
f 1259 1402 1260
f 1260 1402 1403
f 1260 1403 1262
f 1260 1262 1261
f 1262 1403 1404
f 1262 1404 1263
f 1263 1404 1405
f 1263 1405 1406
f 1263 1406 1407
f 1263 1407 1408
f 1263 1408 1264
f 1264 1408 1409
f 1264 1409 1410
f 1264 1410 1265
f 1265 1410 1267
f 1266 1268 1411
f 1266 1411 1269
f 1267 1410 1412
f 1267 1412 1413
f 1267 1413 1414
f 1267 1414 1415
f 1267 1415 1268
f 1268 1415 1411
f 1269 1411 1270
f 1270 1411 1416
f 1271 1417 1273
f 1271 1273 1272
f 1273 1417 1418
f 1273 1418 1274
f 1274 1418 1419
f 1274 1419 1420
f 1274 1420 1275
f 1275 1420 1276
f 1276 1420 1421
f 1276 1421 1422
f 1276 1422 1423
f 1276 1423 1424
f 1276 1424 1277
f 1277 1424 1278
f 1278 1280 1279
f 1278 1424 1425
f 1278 1425 1426
f 1278 1426 1427
f 1278 1427 1428
f 1278 1428 1280
f 1280 1428 1282
f 1281 1284 1429
f 1281 1429 1430
f 1281 1430 1286
f 1282 1428 1427
f 1282 1427 1431
f 1282 1431 1283
f 1283 1431 1432
f 1283 1432 1433
f 1283 1433 1434
f 1283 1434 1430
f 1283 1430 1429
f 1283 1429 1284
f 1285 1435 1291
f 1285 1290 1435
f 1286 1430 1436
f 1286 1436 1287
f 1287 1436 1288
f 1288 1436 1437
f 1288 1437 1289
f 1289 1438 1290
f 1289 1437 1439
f 1289 1439 1438
f 1290 1438 1440
f 1290 1440 1435
f 1291 1435 1441
f 1291 1441 1292
f 1292 1295 1293
f 1292 1441 1442
f 1292 1442 1295
f 1294 1295 1443
f 1294 1443 1297
f 1295 1442 1444
f 1295 1444 1443
f 1297 1443 1445
f 1297 1445 1298
f 1298 1446 1302
f 1298 1302 1301
f 1298 1301 1299
f 1298 1445 1446
f 1299 1301 1300
f 1302 1447 1448
f 1302 1448 1449
f 1302 1449 1303
f 1302 1446 1447
f 1303 1449 1450
f 1303 1450 1451
f 1303 1451 1452
f 1303 1452 1453
f 1303 1453 1454
f 1303 1454 1307
f 1304 1307 1455
f 1304 1455 1456
f 1304 1456 1305
f 1305 1456 1308
f 1307 1454 1455
f 1308 1456 1309
f 1309 1456 1457
f 1309 1457 1458
f 1309 1458 1310
f 1310 1458 1311
f 1311 1459 1460
f 1311 1460 1312
f 1311 1458 1459
f 1312 1460 1461
f 1312 1461 1462
f 1312 1462 1313
f 1313 1462 1314
f 1314 1462 1315
f 1315 1462 1463
f 1315 1463 1464
f 1315 1464 1465
f 1315 1465 1466
f 1315 1466 1467
f 1315 1467 1317
f 1315 1317 1316
f 1317 1467 1468
f 1317 1468 1318
f 1318 1468 1469
f 1318 1469 1319
f 1319 1469 1470
f 1319 1470 1471
f 1319 1471 1472
f 1319 1472 1321
f 1320 1322 1323
f 1321 1472 1322
f 1322 1473 1474
f 1322 1474 1475
f 1322 1475 1476
f 1322 1476 1323
f 1322 1472 1473
f 1323 1476 1324
f 1324 1476 1325
f 1325 1476 1475
f 1325 1475 1326
f 1326 1475 1477
f 1326 1477 1328
f 1328 1477 1478
f 1328 1478 1329
f 1329 1478 1479
f 1329 1479 1330
f 1330 1480 1481
f 1330 1481 1482
f 1330 1482 1331
f 1330 1479 1480
f 1331 1482 1483
f 1331 1483 1332
f 1332 1483 1333
f 1333 1483 1482
f 1333 1482 1484
f 1333 1484 1334
f 1334 1484 1485
f 1334 1485 1337
f 1335 1341 1340
f 1335 1340 1336
f 1335 1339 1341
f 1337 1485 1486
f 1337 1486 1487
f 1337 1487 1338
f 1338 1488 1489
f 1338 1489 1339
f 1338 1487 1490
f 1338 1490 1491
f 1338 1491 1492
f 1338 1492 1493
f 1338 1493 1494
f 1338 1494 1495
f 1338 1495 1488
f 1339 1489 1496
f 1339 1496 1341
f 1341 1496 1342
f 1342 1496 1343
f 1343 1496 1497
f 1343 1497 1345
f 1343 1345 1344
f 1345 1497 1498
f 1345 1498 1499
f 1345 1499 1500
f 1345 1500 1501
f 1345 1501 1346
f 1346 1501 1502
f 1346 1502 1349
f 1346 1349 1348
f 1347 1355 1503
f 1347 1503 1356
f 1349 1502 1350
f 1350 1502 1501
f 1350 1501 1351
f 1351 1504 1352
f 1351 1501 1504
f 1352 1504 1505
f 1352 1505 1506
f 1352 1506 1507
f 1352 1507 1354
f 1352 1354 1353
f 1354 1507 1508
f 1354 1508 1503
f 1354 1503 1355
f 1356 1503 1508
f 1357 1358 1509
f 1357 1509 1510
f 1357 1510 1359
f 1358 1376 1511
f 1358 1511 1509
f 1359 1510 1360
f 1360 1510 1512
f 1360 1512 1361
f 1361 1512 1362
f 1362 1512 1514
f 1362 1514 1513
f 1363 1379 1505
f 1363 1505 1515
f 1363 1515 1364
f 1364 1515 1516
f 1364 1516 1366
f 1364 1366 1365
f 1366 1516 1517
f 1366 1517 1518
f 1366 1518 1499
f 1366 1499 1367
f 1367 1499 1519
f 1367 1519 1520
f 1367 1520 1369
f 1368 1369 1371
f 1369 1520 1521
f 1369 1521 1494
f 1369 1494 1371
f 1370 1371 1522
f 1370 1522 1523
f 1370 1523 1524
f 1370 1524 1372
f 1371 1494 1525
f 1371 1525 1522
f 1372 1524 1526
f 1372 1526 1527
f 1372 1527 1373
f 1372 1373 1375
f 1373 1527 1526
f 1373 1526 1528
f 1373 1528 1529
f 1373 1529 1374
f 1374 1529 1530
f 1374 1530 1377
f 1376 1377 1511
f 1377 1530 1531
f 1377 1531 1511
f 1378 1532 1505
f 1378 1505 1379
f 1380 1533 1382
f 1380 1382 1381
f 1382 1534 1535
f 1382 1535 1383
f 1382 1533 1536
f 1382 1536 1534
f 1383 1535 1537
f 1383 1537 1538
f 1383 1538 1384
f 1384 1538 1539
f 1384 1539 1386
f 1386 1539 1540
f 1386 1540 1387
f 1387 1540 1541
f 1387 1541 1542
f 1387 1542 1395
f 1388 1395 1389
f 1389 1395 1542
f 1389 1542 1543
f 1389 1543 1544
f 1389 1544 1390
f 1390 1544 1391
f 1391 1544 1545
f 1391 1545 1392
f 1392 1546 1547
f 1392 1547 1548
f 1392 1548 1549
f 1392 1549 1396
f 1392 1396 1393
f 1392 1545 1546
f 1396 1549 1550
f 1396 1550 1551
f 1396 1551 1398
f 1396 1398 1397
f 1398 1551 1550
f 1398 1550 1552
f 1398 1552 1399
f 1399 1552 1553
f 1399 1553 1554
f 1399 1554 1555
f 1399 1555 1401
f 1401 1555 1403
f 1401 1403 1402
f 1403 1555 1556
f 1403 1556 1557
f 1403 1557 1405
f 1403 1405 1404
f 1405 1556 1558
f 1405 1558 1559
f 1405 1559 1406
f 1405 1557 1556
f 1406 1560 1407
f 1406 1559 1561
f 1406 1561 1560
f 1407 1560 1408
f 1408 1560 1561
f 1408 1561 1562
f 1408 1562 1563
f 1408 1563 1564
f 1408 1564 1410
f 1408 1410 1409
f 1410 1564 1412
f 1411 1415 1565
f 1411 1565 1416
f 1412 1566 1567
f 1412 1567 1568
f 1412 1568 1413
f 1412 1564 1566
f 1413 1568 1414
f 1414 1568 1569
f 1414 1569 1570
f 1414 1570 1571
f 1414 1571 1415
f 1415 1571 1572
f 1415 1572 1565
f 1419 1573 1420
f 1420 1573 1574
f 1420 1574 1575
f 1420 1575 1421
f 1421 1576 1577
f 1421 1577 1422
f 1421 1575 1576
f 1422 1577 1578
f 1422 1578 1579
f 1422 1579 1580
f 1422 1580 1423
f 1423 1580 1581
f 1423 1581 1425
f 1423 1425 1424
f 1425 1581 1567
f 1425 1567 1582
f 1425 1582 1426
f 1426 1582 1583
f 1426 1583 1427
f 1427 1583 1432
f 1427 1432 1431
f 1430 1434 1584
f 1430 1584 1585
f 1430 1585 1586
f 1430 1586 1587
f 1430 1587 1588
f 1430 1588 1436
f 1432 1583 1561
f 1432 1561 1589
f 1432 1589 1433
f 1433 1589 1584
f 1433 1584 1434
f 1435 1440 1441
f 1436 1588 1437
f 1437 1588 1590
f 1437 1590 1591
f 1437 1591 1439
f 1438 1439 1592
f 1438 1592 1440
f 1439 1591 1593
f 1439 1593 1594
f 1439 1594 1595
f 1439 1595 1592
f 1440 1592 1596
f 1440 1596 1442
f 1440 1442 1441
f 1442 1596 1447
f 1442 1447 1446
f 1442 1446 1445
f 1442 1445 1444
f 1443 1444 1445
f 1447 1596 1597
f 1447 1597 1598
f 1447 1598 1448
f 1448 1598 1599
f 1448 1599 1600
f 1448 1600 1449
f 1449 1600 1451
f 1449 1451 1450
f 1451 1600 1601
f 1451 1601 1452
f 1452 1602 1603
f 1452 1603 1604
f 1452 1604 1605
f 1452 1605 1453
f 1452 1601 1602
f 1453 1605 1606
f 1453 1606 1454
f 1454 1606 1455
f 1455 1606 1607
f 1455 1607 1457
f 1455 1457 1456
f 1457 1607 1608
f 1457 1608 1458
f 1458 1608 1459
f 1459 1609 1610
f 1459 1610 1611
f 1459 1611 1612
f 1459 1612 1460
f 1459 1608 1609
f 1460 1612 1461
f 1461 1612 1613
f 1461 1613 1614
f 1461 1614 1462
f 1462 1614 1463
f 1463 1614 1464
f 1464 1615 1465
f 1464 1614 1616
f 1464 1616 1617
f 1464 1617 1615
f 1465 1615 1618
f 1465 1618 1619
f 1465 1619 1466
f 1466 1619 1620
f 1466 1620 1467
f 1467 1621 1468
f 1467 1620 1621
f 1468 1621 1470
f 1468 1470 1469
f 1470 1620 1622
f 1470 1622 1623
f 1470 1623 1471
f 1470 1621 1620
f 1471 1623 1624
f 1471 1624 1625
f 1471 1625 1472
f 1472 1625 1473
f 1473 1626 1627
f 1473 1627 1628
f 1473 1628 1474
f 1473 1625 1624
f 1473 1624 1626
f 1474 1628 1629
f 1474 1629 1475
f 1475 1629 1477
f 1477 1629 1630
f 1477 1630 1480
f 1477 1480 1478
f 1478 1480 1479
f 1480 1630 1631
f 1480 1631 1481
f 1481 1631 1632
f 1481 1632 1633
f 1481 1633 1482
f 1482 1633 1484
f 1484 1633 1634
f 1484 1634 1486
f 1484 1486 1485
f 1486 1634 1635
f 1486 1635 1490
f 1486 1490 1487
f 1488 1496 1489
f 1488 1495 1636
f 1488 1636 1496
f 1490 1635 1491
f 1491 1637 1493
f 1491 1493 1492
f 1491 1635 1637
f 1493 1637 1638
f 1493 1638 1639
f 1493 1639 1523
f 1493 1523 1494
f 1494 1523 1525
f 1494 1521 1636
f 1494 1636 1495
f 1496 1636 1640
f 1496 1640 1497
f 1497 1640 1636
f 1497 1636 1498
f 1498 1636 1641
f 1498 1641 1499
f 1499 1642 1500
f 1499 1641 1519
f 1499 1518 1642
f 1500 1642 1501
f 1501 1642 1517
f 1501 1517 1504
f 1504 1517 1516
f 1504 1516 1515
f 1504 1515 1505
f 1505 1643 1506
f 1505 1532 1643
f 1506 1643 1644
f 1509 1511 1510
f 1510 1511 1645
f 1510 1645 1512
f 1511 1531 1646
f 1511 1646 1647
f 1511 1647 1645
f 1512 1645 1648
f 1512 1648 1514
f 1513 1514 1650
f 1513 1650 1649
f 1514 1648 1651
f 1514 1651 1652
f 1514 1652 1650
f 1517 1642 1518
f 1519 1641 1521
f 1519 1521 1520
f 1521 1641 1636
f 1522 1525 1523
f 1523 1639 1524
f 1524 1653 1526
f 1524 1639 1653
f 1526 1653 1654
f 1526 1654 1528
f 1528 1654 1655
f 1528 1655 1656
f 1528 1656 1657
f 1528 1657 1529
f 1529 1657 1658
f 1529 1658 1530
f 1530 1658 1659
f 1530 1659 1531
f 1531 1659 1646
f 1532 1644 1643
f 1533 1660 1536
f 1534 1536 1661
f 1534 1661 1535
f 1535 1662 1539
f 1535 1539 1538
f 1535 1538 1537
f 1535 1661 1663
f 1535 1663 1664
f 1535 1664 1665
f 1535 1665 1666
f 1535 1666 1662
f 1536 1667 1661
f 1536 1660 1668
f 1536 1668 1669
f 1536 1669 1667
f 1539 1666 1540
f 1539 1662 1666
f 1540 1666 1670
f 1540 1670 1671
f 1540 1671 1541
f 1541 1671 1542
f 1542 1671 1672
f 1542 1672 1544
f 1542 1544 1543
f 1544 1673 1674
f 1544 1674 1545
f 1544 1672 1673
f 1545 1674 1675
f 1545 1675 1546
f 1546 1675 1676
f 1546 1676 1547
f 1547 1677 1548
f 1547 1676 1677
f 1548 1677 1549
f 1549 1677 1678
f 1549 1678 1679
f 1549 1679 1550
f 1550 1679 1680
f 1550 1680 1681
f 1550 1681 1552
f 1552 1681 1553
f 1553 1682 1554
f 1553 1681 1682
f 1554 1682 1683
f 1554 1683 1586
f 1554 1586 1555
f 1555 1586 1684
f 1555 1684 1685
f 1555 1685 1556
f 1556 1685 1559
f 1556 1559 1558
f 1559 1685 1589
f 1559 1589 1561
f 1561 1583 1562
f 1562 1583 1582
f 1562 1582 1566
f 1562 1566 1564
f 1562 1564 1563
f 1566 1582 1567
f 1567 1569 1568
f 1567 1581 1569
f 1569 1581 1580
f 1569 1580 1570
f 1570 1580 1686
f 1570 1686 1687
f 1570 1687 1688
f 1570 1688 1571
f 1571 1688 1572
f 1579 1689 1580
f 1580 1689 1686
f 1584 1690 1585
f 1584 1589 1684
f 1584 1684 1690
f 1585 1690 1586
f 1586 1691 1587
f 1586 1690 1684
f 1586 1683 1691
f 1587 1691 1692
f 1587 1692 1588
f 1588 1692 1590
f 1589 1685 1684
f 1590 1692 1593
f 1590 1593 1591
f 1592 1595 1693
f 1592 1693 1597
f 1592 1597 1596
f 1593 1692 1594
f 1594 1691 1694
f 1594 1694 1680
f 1594 1680 1695
f 1594 1695 1696
f 1594 1696 1595
f 1594 1692 1691
f 1595 1696 1697
f 1595 1697 1698
f 1595 1698 1699
f 1595 1699 1693
f 1597 1693 1699
f 1597 1699 1598
f 1598 1699 1700
f 1598 1700 1599
f 1599 1700 1701
f 1599 1701 1602
f 1599 1602 1601
f 1599 1601 1600
f 1602 1701 1702
f 1602 1702 1703
f 1602 1703 1603
f 1603 1704 1604
f 1603 1703 1705
f 1603 1705 1706
f 1603 1706 1707
f 1603 1707 1704
f 1604 1704 1708
f 1604 1708 1709
f 1604 1709 1605
f 1605 1709 1606
f 1606 1709 1710
f 1606 1710 1607
f 1607 1710 1608
f 1608 1710 1711
f 1608 1711 1609
f 1609 1711 1610
f 1610 1612 1611
f 1610 1711 1708
f 1610 1708 1712
f 1610 1712 1713
f 1610 1713 1714
f 1610 1714 1612
f 1612 1714 1715
f 1612 1715 1613
f 1613 1616 1614
f 1613 1715 1716
f 1613 1716 1717
f 1613 1717 1718
f 1613 1718 1616
f 1615 1617 1719
f 1615 1719 1618
f 1616 1718 1720
f 1616 1720 1617
f 1617 1720 1721
f 1617 1721 1719
f 1618 1719 1721
f 1618 1721 1619
f 1619 1622 1620
f 1619 1721 1722
f 1619 1722 1723
f 1619 1723 1724
f 1619 1724 1725
f 1619 1725 1622
f 1622 1725 1724
f 1622 1724 1726
f 1622 1726 1727
f 1622 1727 1623
f 1623 1727 1624
f 1624 1727 1728
f 1624 1728 1626
f 1626 1728 1729
f 1626 1729 1730
f 1626 1730 1731
f 1626 1731 1732
f 1626 1732 1627
f 1627 1732 1733
f 1627 1733 1629
f 1627 1629 1628
f 1629 1733 1630
f 1630 1733 1734
f 1630 1734 1631
f 1631 1734 1735
f 1631 1735 1736
f 1631 1736 1737
f 1631 1737 1738
f 1631 1738 1632
f 1632 1738 1739
f 1632 1739 1740
f 1632 1740 1741
f 1632 1741 1633
f 1633 1741 1742
f 1633 1742 1634
f 1634 1742 1743
f 1634 1743 1744
f 1634 1744 1635
f 1635 1744 1637
f 1637 1744 1745
f 1637 1745 1638
f 1638 1746 1747
f 1638 1747 1653
f 1638 1653 1639
f 1638 1745 1746
f 1645 1748 1749
f 1645 1749 1648
f 1645 1647 1750
f 1645 1750 1748
f 1646 1751 1752
f 1646 1752 1647
f 1646 1659 1753
f 1646 1753 1751
f 1647 1752 1750
f 1648 1749 1754
f 1648 1754 1755
f 1648 1755 1651
f 1649 1650 1652
f 1651 1755 1652
f 1652 1756 1757
f 1652 1755 1756
f 1653 1747 1654
f 1654 1758 1655
f 1654 1747 1746
f 1654 1746 1758
f 1655 1758 1759
f 1655 1759 1656
f 1656 1759 1658
f 1656 1658 1657
f 1658 1759 1760
f 1658 1760 1753
f 1658 1753 1659
f 1661 1761 1762
f 1661 1762 1663
f 1661 1667 1763
f 1661 1763 1761
f 1663 1762 1764
f 1663 1764 1664
f 1664 1765 1766
f 1664 1766 1665
f 1664 1764 1765
f 1665 1670 1666
f 1665 1766 1670
f 1667 1669 1763
f 1669 1767 1763
f 1670 1766 1768
f 1670 1768 1769
f 1670 1769 1770
f 1670 1770 1671
f 1671 1770 1672
f 1672 1771 1673
f 1672 1770 1771
f 1673 1771 1674
f 1674 1771 1772
f 1674 1772 1773
f 1674 1773 1675
f 1675 1774 1676
f 1675 1773 1774
f 1676 1774 1775
f 1676 1775 1776
f 1676 1776 1777
f 1676 1777 1778
f 1676 1778 1779
f 1676 1779 1677
f 1677 1778 1679
f 1677 1679 1678
f 1677 1779 1778
f 1679 1780 1695
f 1679 1695 1680
f 1679 1778 1780
f 1680 1682 1681
f 1680 1694 1682
f 1682 1694 1691
f 1682 1691 1683
f 1695 1780 1781
f 1695 1781 1782
f 1695 1782 1696
f 1696 1782 1697
f 1697 1782 1781
f 1697 1781 1783
f 1697 1783 1784
f 1697 1784 1785
f 1697 1785 1786
f 1697 1786 1698
f 1698 1786 1700
f 1698 1700 1699
f 1700 1786 1701
f 1701 1786 1702
f 1702 1786 1785
f 1702 1785 1784
f 1702 1784 1705
f 1702 1705 1703
f 1704 1707 1787
f 1704 1787 1712
f 1704 1712 1708
f 1705 1784 1788
f 1705 1788 1706
f 1706 1789 1787
f 1706 1787 1707
f 1706 1788 1790
f 1706 1790 1791
f 1706 1791 1789
f 1708 1711 1709
f 1709 1711 1710
f 1712 1787 1789
f 1712 1789 1792
f 1712 1792 1713
f 1713 1792 1793
f 1713 1793 1794
f 1713 1794 1795
f 1713 1795 1714
f 1714 1795 1716
f 1714 1716 1715
f 1716 1795 1796
f 1716 1796 1797
f 1716 1797 1798
f 1716 1798 1717
f 1717 1798 1718
f 1718 1798 1799
f 1718 1799 1720
f 1720 1722 1721
f 1720 1799 1800
f 1720 1800 1722
f 1722 1801 1723
f 1722 1800 1802
f 1722 1802 1801
f 1723 1801 1724
f 1724 1803 1726
f 1724 1801 1804
f 1724 1804 1803
f 1726 1803 1805
f 1726 1805 1728
f 1726 1728 1727
f 1728 1805 1806
f 1728 1806 1730
f 1728 1730 1729
f 1730 1732 1731
f 1730 1806 1807
f 1730 1807 1808
f 1730 1808 1809
f 1730 1809 1732
f 1732 1809 1810
f 1732 1810 1811
f 1732 1811 1733
f 1733 1811 1735
f 1733 1735 1734
f 1735 1811 1736
f 1736 1811 1810
f 1736 1810 1812
f 1736 1812 1813
f 1736 1813 1737
f 1737 1813 1814
f 1737 1814 1738
f 1738 1814 1739
f 1739 1814 1740
f 1740 1814 1815
f 1740 1815 1816
f 1740 1816 1741
f 1741 1817 1742
f 1741 1816 1818
f 1741 1818 1817
f 1742 1817 1745
f 1742 1745 1744
f 1742 1744 1743
f 1745 1817 1818
f 1745 1818 1746
f 1746 1818 1759
f 1746 1759 1758
f 1748 1819 1749
f 1748 1750 1820
f 1748 1820 1821
f 1748 1821 1819
f 1749 1819 1754
f 1750 1752 1820
f 1751 1822 1752
f 1751 1753 1823
f 1751 1823 1822
f 1752 1824 1821
f 1752 1821 1820
f 1752 1822 1824
f 1753 1825 1823
f 1753 1760 1826
f 1753 1826 1825
f 1754 1819 1827
f 1754 1827 1755
f 1755 1827 1828
f 1755 1828 1756
f 1756 1828 1757
f 1757 1828 1829
f 1759 1818 1816
f 1759 1816 1830
f 1759 1830 1760
f 1760 1831 1832
f 1760 1832 1825
f 1760 1825 1826
f 1760 1830 1831
f 1761 1763 1833
f 1761 1833 1834
f 1761 1834 1835
f 1761 1835 1762
f 1762 1835 1836
f 1762 1836 1764
f 1763 1767 1837
f 1763 1837 1833
f 1764 1836 1838
f 1764 1838 1765
f 1765 1838 1839
f 1765 1839 1766
f 1766 1839 1840
f 1766 1840 1841
f 1766 1841 1768
f 1767 1842 1837
f 1768 1841 1769
f 1769 1843 1844
f 1769 1844 1845
f 1769 1845 1846
f 1769 1846 1771
f 1769 1771 1770
f 1769 1841 1847
f 1769 1847 1843
f 1771 1846 1773
f 1771 1773 1772
f 1773 1846 1848
f 1773 1848 1775
f 1773 1775 1774
f 1775 1848 1849
f 1775 1849 1850
f 1775 1850 1851
f 1775 1851 1852
f 1775 1852 1853
f 1775 1853 1777
f 1775 1777 1776
f 1777 1853 1852
f 1777 1852 1854
f 1777 1854 1778
f 1778 1854 1780
f 1780 1855 1783
f 1780 1783 1781
f 1780 1854 1855
f 1783 1855 1784
f 1784 1855 1856
f 1784 1856 1857
f 1784 1857 1788
f 1788 1857 1852
f 1788 1852 1851
f 1788 1851 1790
f 1789 1791 1793
f 1789 1793 1792
f 1790 1851 1858
f 1790 1858 1859
f 1790 1859 1791
f 1791 1859 1860
f 1791 1860 1861
f 1791 1861 1793
f 1793 1861 1862
f 1793 1862 1794
f 1794 1862 1797
f 1794 1797 1795
f 1795 1797 1796
f 1797 1862 1863
f 1797 1863 1798
f 1798 1863 1864
f 1798 1864 1799
f 1799 1864 1865
f 1799 1865 1866
f 1799 1866 1800
f 1800 1866 1867
f 1800 1867 1802
f 1801 1802 1804
f 1802 1868 1869
f 1802 1869 1804
f 1802 1867 1868
f 1803 1804 1870
f 1803 1870 1807
f 1803 1807 1806
f 1803 1806 1805
f 1804 1869 1870
f 1807 1870 1871
f 1807 1871 1872
f 1807 1872 1873
f 1807 1873 1808
f 1808 1873 1809
f 1809 1873 1874
f 1809 1874 1875
f 1809 1875 1810
f 1810 1875 1812
f 1812 1875 1876
f 1812 1876 1877
f 1812 1877 1813
f 1813 1877 1814
f 1814 1877 1815
f 1815 1878 1879
f 1815 1879 1880
f 1815 1880 1816
f 1815 1877 1878
f 1816 1880 1881
f 1816 1881 1830
f 1819 1882 1883
f 1819 1883 1827
f 1819 1821 1884
f 1819 1884 1885
f 1819 1885 1882
f 1821 1886 1887
f 1821 1887 1884
f 1821 1824 1888
f 1821 1888 1886
f 1822 1823 1889
f 1822 1889 1888
f 1822 1888 1824
f 1823 1825 1890
f 1823 1890 1889
f 1825 1832 1891
f 1825 1891 1890
f 1827 1883 1828
f 1828 1892 1893
f 1828 1893 1829
f 1828 1883 1892
f 1830 1881 1880
f 1830 1880 1831
f 1831 1891 1832
f 1831 1880 1879
f 1831 1879 1891
f 1833 1894 1834
f 1833 1837 1895
f 1833 1895 1896
f 1833 1896 1894
f 1834 1894 1897
f 1834 1897 1835
f 1835 1897 1898
f 1835 1898 1840
f 1835 1840 1839
f 1835 1839 1836
f 1836 1839 1838
f 1837 1842 1895
f 1840 1898 1841
f 1841 1899 1900
f 1841 1900 1847
f 1841 1898 1899
f 1843 1901 1844
f 1843 1847 1902
f 1843 1902 1901
f 1844 1901 1903
f 1844 1903 1904
f 1844 1904 1905
f 1844 1905 1845
f 1845 1905 1906
f 1845 1906 1846
f 1846 1906 1849
f 1846 1849 1848
f 1847 1900 1902
f 1849 1906 1907
f 1849 1907 1850
f 1850 1907 1908
f 1850 1908 1858
f 1850 1858 1851
f 1852 1857 1856
f 1852 1856 1854
f 1854 1856 1855
f 1858 1908 1909
f 1858 1909 1859
f 1859 1909 1860
f 1860 1909 1910
f 1860 1910 1911
f 1860 1911 1861
f 1861 1911 1912
f 1861 1912 1862
f 1862 1912 1863
f 1863 1912 1913
f 1863 1913 1914
f 1863 1914 1864
f 1864 1914 1915
f 1864 1915 1916
f 1864 1916 1865
f 1865 1916 1866
f 1866 1916 1867
f 1867 1916 1917
f 1867 1917 1868
f 1868 1917 1918
f 1868 1918 1919
f 1868 1919 1920
f 1868 1920 1869
f 1869 1920 1921
f 1869 1921 1871
f 1869 1871 1870
f 1871 1921 1922
f 1871 1922 1923
f 1871 1923 1924
f 1871 1924 1873
f 1871 1873 1872
f 1873 1924 1925
f 1873 1925 1926
f 1873 1926 1927
f 1873 1927 1928
f 1873 1928 1874
f 1874 1928 1929
f 1874 1929 1930
f 1874 1930 1875
f 1875 1930 1931
f 1875 1931 1876
f 1876 1931 1932
f 1876 1932 1878
f 1876 1878 1877
f 1878 1932 1879
f 1879 1932 1891
f 1882 1885 1933
f 1882 1933 1883
f 1883 1933 1934
f 1883 1934 1892
f 1884 1887 1885
f 1885 1887 1935
f 1885 1935 1933
f 1886 1936 1935
f 1886 1935 1887
f 1886 1888 1936
f 1888 1889 1937
f 1888 1937 1938
f 1888 1938 1936
f 1889 1890 1937
f 1890 1939 1937
f 1890 1891 1940
f 1890 1940 1939
f 1891 1932 1941
f 1891 1941 1940
f 1892 1934 1942
f 1892 1942 1893
f 1893 1942 1944
f 1893 1944 1943
f 1894 1945 1897
f 1894 1896 1946
f 1894 1946 1945
f 1895 1947 1896
f 1896 1947 1948
f 1896 1948 1949
f 1896 1949 1946
f 1897 1945 1950
f 1897 1950 1898
f 1898 1951 1952
f 1898 1952 1899
f 1898 1950 1953
f 1898 1953 1951
f 1899 1952 1900
f 1900 1952 1954
f 1900 1954 1902
f 1901 1955 1904
f 1901 1904 1903
f 1901 1902 1955
f 1902 1954 1956
f 1902 1956 1955
f 1904 1906 1905
f 1904 1955 1957
f 1904 1957 1907
f 1904 1907 1906
f 1907 1958 1959
f 1907 1959 1908
f 1907 1957 1958
f 1908 1910 1909
f 1908 1959 1910
f 1910 1959 1960
f 1910 1960 1911
f 1911 1960 1961
f 1911 1961 1912
f 1912 1961 1913
f 1913 1961 1962
f 1913 1962 1914
f 1914 1962 1963
f 1914 1963 1964
f 1914 1964 1915
f 1915 1964 1916
f 1916 1964 1965
f 1916 1965 1917
f 1917 1965 1966
f 1917 1966 1918
f 1918 1966 1967
f 1918 1967 1968
f 1918 1968 1919
f 1919 1969 1920
f 1919 1968 1970
f 1919 1970 1971
f 1919 1971 1972
f 1919 1972 1969
f 1920 1969 1922
f 1920 1922 1921
f 1922 1969 1973
f 1922 1973 1974
f 1922 1974 1923
f 1923 1974 1975
f 1923 1975 1925
f 1923 1925 1924
f 1925 1975 1926
f 1926 1976 1927
f 1926 1975 1974
f 1926 1974 1977
f 1926 1977 1978
f 1926 1978 1976
f 1927 1976 1928
f 1928 1930 1929
f 1928 1976 1979
f 1928 1979 1930
f 1930 1979 1980
f 1930 1980 1981
f 1930 1981 1931
f 1931 1981 1932
f 1932 1981 1982
f 1932 1982 1941
f 1933 1935 1936
f 1933 1936 1983
f 1933 1983 1984
f 1933 1984 1985
f 1933 1985 1934
f 1934 1985 1942
f 1936 1938 1983
f 1937 1986 1987
f 1937 1987 1938
f 1937 1939 1982
f 1937 1982 1986
f 1938 1987 1983
f 1939 1940 1941
f 1939 1941 1982
f 1942 1988 1989
f 1942 1989 1944
f 1942 1985 1988
f 1943 1944 1989
f 1943 1989 1990
f 1945 1953 1950
f 1945 1946 1991
f 1945 1991 1992
f 1945 1992 1953
f 1946 1949 1993
f 1946 1993 1991
f 1948 1994 1949
f 1949 1994 1995
f 1949 1995 1996
f 1949 1996 1997
f 1949 1997 1998
f 1949 1998 1999
f 1949 1999 1993
f 1951 2000 2001
f 1951 2001 2002
f 1951 2002 1952
f 1951 1953 2000
f 1952 2002 1954
f 1953 1992 1991
f 1953 1991 1999
f 1953 1999 2003
f 1953 2003 2001
f 1953 2001 2000
f 1954 2004 1956
f 1954 2002 2004
f 1955 2005 1957
f 1955 1956 2006
f 1955 2006 2005
f 1956 2004 2006
f 1957 2005 2007
f 1957 2007 1958
f 1958 2007 1959
f 1959 2007 2008
f 1959 2008 1960
f 1960 2008 2009
f 1960 2009 1961
f 1961 2009 1962
f 1962 2009 2010
f 1962 2010 1963
f 1963 2010 2011
f 1963 2011 2012
f 1963 2012 2013
f 1963 2013 1964
f 1964 2013 1965
f 1965 2013 2014
f 1965 2014 1967
f 1965 1967 1966
f 1967 2014 2015
f 1967 2015 2016
f 1967 2016 2017
f 1967 2017 1968
f 1968 2017 2018
f 1968 2018 1970
f 1969 1972 2019
f 1969 2019 1973
f 1970 2018 1971
f 1971 2020 2021
f 1971 2021 2019
f 1971 2019 1972
f 1971 2018 2022
f 1971 2022 2023
f 1971 2023 2020
f 1973 2019 1974
f 1974 2019 2021
f 1974 2021 1978
f 1974 1978 1977
f 1976 1978 2024
f 1976 2024 2025
f 1976 2025 1979
f 1978 2021 2026
f 1978 2026 2024
f 1979 2025 2027
f 1979 2027 1980
f 1980 2027 1982
f 1980 1982 1981
f 1982 2027 2028
f 1982 2028 1986
f 1983 2029 2030
f 1983 2030 2031
f 1983 2031 1984
f 1983 1987 2032
f 1983 2032 2029
f 1984 2031 1985
f 1985 2031 2033
f 1985 2033 2034
f 1985 2034 1988
f 1986 2028 2035
f 1986 2035 1987
f 1987 2035 2032
f 1988 2034 2033
f 1988 2033 2036
f 1988 2036 1989
f 1989 2036 2037
f 1989 2037 2038
f 1989 2038 2039
f 1989 2039 1990
f 1991 1993 1999
f 1996 2040 1997
f 1997 2040 1998
f 1998 2040 2041
f 1998 2041 2042
f 1998 2042 2043
f 1998 2043 1999
f 1999 2043 2044
f 1999 2044 2003
f 2001 2003 2045
f 2001 2045 2046
f 2001 2046 2002
f 2002 2046 2004
f 2003 2047 2048
f 2003 2048 2045
f 2003 2044 2047
f 2004 2046 2049
f 2004 2049 2006
f 2005 2050 2007
f 2005 2006 2049
f 2005 2049 2051
f 2005 2051 2050
f 2007 2050 2052
f 2007 2052 2009
f 2007 2009 2008
f 2009 2052 2011
f 2009 2011 2010
f 2011 2052 2050
f 2011 2050 2053
f 2011 2053 2012
f 2012 2015 2013
f 2012 2053 2054
f 2012 2054 2015
f 2013 2015 2014
f 2015 2054 2055
f 2015 2055 2056
f 2015 2056 2016
f 2016 2056 2057
f 2016 2057 2058
f 2016 2058 2017
f 2017 2058 2059
f 2017 2059 2018
f 2018 2059 2022
f 2020 2023 2060
f 2020 2060 2021
f 2021 2060 2026
f 2022 2059 2061
f 2022 2061 2062
f 2022 2062 2023
f 2023 2062 2063
f 2023 2063 2064
f 2023 2064 2060
f 2024 2026 2065
f 2024 2065 2066
f 2024 2066 2025
f 2025 2028 2027
f 2025 2066 2065
f 2025 2065 2067
f 2025 2067 2068
f 2025 2068 2028
f 2026 2060 2069
f 2026 2069 2065
f 2028 2068 2035
f 2029 2032 2070
f 2029 2070 2030
f 2030 2070 2071
f 2030 2071 2072
f 2030 2072 2031
f 2031 2072 2073
f 2031 2073 2033
f 2032 2035 2068
f 2032 2068 2074
f 2032 2074 2075
f 2032 2075 2070
f 2033 2073 2076
f 2033 2076 2077
f 2033 2077 2036
f 2036 2077 2038
f 2036 2038 2037
f 2038 2077 2078
f 2038 2078 2079
f 2038 2079 2080
f 2038 2080 2081
f 2038 2081 2039
f 2040 2082 2041
f 2041 2082 2042
f 2042 2082 2043
f 2043 2083 2084
f 2043 2084 2044
f 2043 2082 2083
f 2044 2084 2085
f 2044 2085 2047
f 2045 2048 2086
f 2045 2086 2087
f 2045 2087 2088
f 2045 2088 2089
f 2045 2089 2046
f 2046 2089 2049
f 2047 2085 2048
f 2048 2085 2086
f 2049 2089 2090
f 2049 2090 2050
f 2049 2050 2051
f 2050 2090 2053
f 2053 2090 2054
f 2054 2090 2056
f 2054 2056 2055
f 2056 2090 2089
f 2056 2089 2088
f 2056 2088 2091
f 2056 2091 2057
f 2057 2091 2061
f 2057 2061 2058
f 2058 2061 2059
f 2060 2064 2069
f 2061 2091 2062
f 2062 2091 2092
f 2062 2092 2093
f 2062 2093 2094
f 2062 2094 2063
f 2063 2094 2095
f 2063 2095 2096
f 2063 2096 2064
f 2064 2096 2069
f 2065 2074 2067
f 2065 2069 2097
f 2065 2097 2074
f 2067 2074 2068
f 2069 2096 2097
f 2070 2075 2098
f 2070 2098 2099
f 2070 2099 2100
f 2070 2100 2072
f 2070 2072 2071
f 2072 2101 2102
f 2072 2102 2073
f 2072 2100 2101
f 2073 2102 2103
f 2073 2103 2076
f 2074 2097 2098
f 2074 2098 2075
f 2076 2103 2078
f 2076 2078 2077
f 2078 2104 2079
f 2078 2103 2105
f 2078 2105 2104
f 2082 2106 2083
f 2083 2107 2084
f 2083 2106 2107
f 2084 2107 2108
f 2084 2108 2085
f 2085 2108 2109
f 2085 2109 2086
f 2086 2110 2093
f 2086 2093 2092
f 2086 2092 2091
f 2086 2091 2087
f 2086 2109 2111
f 2086 2111 2110
f 2087 2091 2088
f 2093 2110 2094
f 2094 2110 2095
f 2095 2110 2112
f 2095 2112 2113
f 2095 2113 2114
f 2095 2114 2096
f 2096 2115 2098
f 2096 2098 2097
f 2096 2114 2116
f 2096 2116 2117
f 2096 2117 2101
f 2096 2101 2100
f 2096 2100 2115
f 2098 2115 2099
f 2099 2115 2100
f 2101 2117 2102
f 2102 2117 2118
f 2102 2118 2119
f 2102 2119 2120
f 2102 2120 2103
f 2103 2120 2105
f 2104 2105 2122
f 2104 2122 2121
f 2105 2120 2119
f 2105 2119 2123
f 2105 2123 2124
f 2105 2124 2122
f 2106 2125 2126
f 2106 2126 2127
f 2106 2127 2107
f 2107 2127 2128
f 2107 2128 2129
f 2107 2129 2108
f 2108 2129 2109
f 2109 2129 2111
f 2110 2111 2112
f 2111 2129 2112
f 2112 2130 2113
f 2112 2129 2131
f 2112 2131 2130
f 2113 2130 2114
f 2114 2130 2116
f 2116 2132 2133
f 2116 2133 2119
f 2116 2119 2118
f 2116 2118 2117
f 2116 2130 2132
f 2119 2133 2123
f 2121 2122 2124
f 2123 2133 2134
f 2123 2134 2124
f 2124 2134 2135
f 2125 2136 2137
f 2125 2137 2138
f 2125 2138 2127
f 2125 2127 2126
f 2127 2138 2128
f 2128 2131 2129
f 2128 2138 2139
f 2128 2139 2140
f 2128 2140 2131
f 2130 2131 2132
f 2131 2140 2141
f 2131 2141 2132
f 2132 2141 2142
f 2132 2142 2143
f 2132 2143 2144
f 2132 2144 2145
f 2132 2145 2133
f 2133 2145 2134
f 2134 2145 2135
f 2135 2145 2147
f 2135 2147 2148
f 2135 2148 2146
f 2136 2139 2137
f 2137 2139 2138
f 2139 2149 2143
f 2139 2143 2142
f 2139 2142 2141
f 2139 2141 2140
f 2143 2149 2150
f 2143 2150 2148
f 2143 2148 2147
f 2143 2147 2144
f 2144 2147 2145
f 2146 2148 2151
f 2148 2150 2151

