# https://github.com/mikedh/trimesh
v 0.12389809 -0.00189513 0.13852225
v 0.12347771 -0.01049625 0.13856167
v 0.12388407 -0.00188123 0.13469899
v 0.12388407 -0.00003317 0.13690623
v 0.12388407 -0.00003317 0.14238492
v 0.12387006 -0.00190902 0.14632641
v 0.12388407 -0.00190902 0.14238492
v 0.12346369 -0.01052404 0.14246374
v 0.12315541 -0.01370604 0.13856167
v 0.12314140 -0.01367824 0.13469899
v 0.12346369 -0.01045456 0.13469899
v 0.12385605 -0.00186734 0.13079690
v 0.12385605 -0.00003317 0.13245233
v 0.12387006 -0.00003317 0.13465958
v 0.12384204 -0.00003317 0.14865190
v 0.12382803 -0.00190902 0.15022850
v 0.12343566 -0.01053793 0.14636583
v 0.12312738 -0.01371993 0.14632641
v 0.12314140 -0.01371993 0.14242434
v 0.12188025 -0.02183471 0.13852225
v 0.12188025 -0.02182082 0.13465958
v 0.12188025 -0.02177914 0.13079690
v 0.12308535 -0.01363656 0.12681598
v 0.12343566 -0.01042677 0.13079690
v 0.12382803 -0.00003317 0.12906264
v 0.12339363 -0.01039898 0.12685540
v 0.12381401 -0.00182566 0.12681598
v 0.12377198 -0.00003317 0.15413059
v 0.12339363 -0.01053793 0.15026792
v 0.12377198 -0.00189513 0.15413059
v 0.12333758 -0.01056572 0.15417001
v 0.12308535 -0.01371993 0.15022850
v 0.12183821 -0.02182082 0.14632641
v 0.12186623 -0.02183471 0.14238492
v 0.12126369 -0.02503061 0.13848283
v 0.12126369 -0.02501671 0.13465958
v 0.12126369 -0.02498892 0.13075749
v 0.12120763 -0.02493334 0.12283508
v 0.12185222 -0.02172355 0.12681598
v 0.12181019 -0.02168187 0.12283508
v 0.12302930 -0.01362266 0.12287449
v 0.12333758 -0.01039898 0.12287449
v 0.12380000 -0.00003317 0.12681598
v 0.12375796 -0.00179787 0.12283508
v 0.12368789 -0.00003317 0.15799326
v 0.12370191 -0.00188123 0.15803268
v 0.12326752 -0.01059351 0.15807210
v 0.12295923 -0.01377551 0.15803268
v 0.12302930 -0.01373382 0.15413059
v 0.12179617 -0.02182082 0.15018909
v 0.12124967 -0.02503061 0.14234551
v 0.12119362 -0.02494724 0.15018909
v 0.11925985 -0.03349277 0.13844342
v 0.11927387 -0.03346498 0.13462016
v 0.11927387 -0.03343719 0.13075749
v 0.11925985 -0.03340940 0.12681598
v 0.11923183 -0.03340940 0.12279566
v 0.12021272 -0.02896294 0.11881474
v 0.12080127 -0.02643402 0.11881474
v 0.12115158 -0.02491944 0.11881474
v 0.12175413 -0.02164018 0.11885415
v 0.12168407 -0.02164018 0.11491265
v 0.12295923 -0.01360877 0.11889357
v 0.12326752 -0.01041288 0.11889357
v 0.12374395 -0.00003317 0.12283508
v 0.12367388 -0.00179787 0.11885415
v 0.12367388 -0.00003317 0.11881474
v 0.12363184 -0.00003317 0.16035815
v 0.12360382 -0.00186734 0.16193477
v 0.12315541 -0.01060741 0.16201359
v 0.12274904 -0.01384499 0.16587626
v 0.12286114 -0.01381720 0.16197417
v 0.12168407 -0.02180692 0.15795385
v 0.12112356 -0.02479439 0.15795385
v 0.11920380 -0.03350667 0.14624760
v 0.11923183 -0.03350667 0.14230609
v 0.12115158 -0.02490555 0.15405176
v 0.11833501 -0.03682762 0.14226667
v 0.11836304 -0.03677203 0.13458074
v 0.11836304 -0.03673035 0.13071807
v 0.11833501 -0.03670256 0.12275624
v 0.11827896 -0.03671645 0.11877532
v 0.11916176 -0.03343719 0.11881474
v 0.11907769 -0.03347888 0.11483382
v 0.12077324 -0.02633675 0.11617393
v 0.12102547 -0.02514177 0.11487323
v 0.12105350 -0.02464154 0.11101058
v 0.12101146 -0.02426637 0.10714790
v 0.12145986 -0.02164018 0.10718732
v 0.12277707 -0.01356708 0.11104998
v 0.12287515 -0.01358098 0.11495207
v 0.12318343 -0.01042677 0.11495207
v 0.12357580 -0.00181176 0.11491265
v 0.12363184 -0.00003317 0.11711989
v 0.12358981 -0.00003317 0.16193477
v 0.12351975 -0.00003317 0.16426024
v 0.12347771 -0.00185344 0.16583684
v 0.12302930 -0.01062130 0.16587626
v 0.12288917 -0.01062130 0.16977835
v 0.12259490 -0.01385888 0.16973893
v 0.12096941 -0.02376614 0.17170969
v 0.12148789 -0.02177914 0.16579743
v 0.12158598 -0.02180692 0.16189535
v 0.12105350 -0.02430806 0.16575801
v 0.12108152 -0.02459985 0.16185594
v 0.11895157 -0.03346498 0.16185594
v 0.11903565 -0.03347888 0.15791443
v 0.11909170 -0.03350667 0.15401234
v 0.11914775 -0.03352056 0.15014967
v 0.11829298 -0.03682762 0.14616876
v 0.11823692 -0.03684151 0.15011025
v 0.11703182 -0.04066269 0.14632641
v 0.11647131 -0.04249685 0.14222726
v 0.11647131 -0.04255243 0.13836458
v 0.11647131 -0.04259411 0.13454133
v 0.11647131 -0.04260801 0.13067866
v 0.11647131 -0.04256632 0.12673716
v 0.11642927 -0.04237179 0.11873591
v 0.11641526 -0.04233011 0.11664691
v 0.11818087 -0.03675814 0.11479442
v 0.11896558 -0.03350667 0.11097116
v 0.11883947 -0.03352056 0.10710849
v 0.12068916 -0.02564199 0.10714790
v 0.12096941 -0.02380783 0.10324581
v 0.12094139 -0.02352993 0.10115682
v 0.12130573 -0.02162629 0.10324581
v 0.12265095 -0.01356708 0.10718732
v 0.12307134 -0.01045456 0.11108939
v 0.12346369 -0.00182566 0.11104998
v 0.12357580 -0.00003317 0.11491265
v 0.12340764 -0.00003317 0.16741344
v 0.12333758 -0.00183955 0.16973893
v 0.12316942 -0.00183955 0.17364102
v 0.12270700 -0.01062130 0.17368044
v 0.12224458 -0.01388667 0.17758251
v 0.12242674 -0.01387277 0.17364102
v 0.11858724 -0.03339550 0.17352277
v 0.11872737 -0.03342330 0.16958127
v 0.12099744 -0.02396068 0.16966010
v 0.12092738 -0.02329371 0.17435048
v 0.12019871 -0.02507229 0.18136637
v 0.12039489 -0.02504450 0.17746428
v 0.11841909 -0.03338161 0.17746428
v 0.11885349 -0.03345109 0.16571861
v 0.11804074 -0.03681372 0.16177710
v 0.11794265 -0.03681372 0.16567919
v 0.11812482 -0.03681372 0.15787502
v 0.11642927 -0.04235790 0.15007084
v 0.11640125 -0.04227453 0.15393351
v 0.11644328 -0.04239958 0.14778478
v 0.11568659 -0.04459502 0.15011025
v 0.11575665 -0.04463671 0.14226667
v 0.11577067 -0.04469229 0.13454133
v 0.11577067 -0.04470618 0.13071807
v 0.11575665 -0.04467839 0.12677657
v 0.11574264 -0.04459502 0.12275624
v 0.11571462 -0.04452554 0.11877532
v 0.11577067 -0.04412258 0.11510973
v 0.11540634 -0.04465060 0.10714790
v 0.11628914 -0.04194104 0.10706907
v 0.11806877 -0.03677203 0.11089233
v 0.11794265 -0.03678593 0.10706907
v 0.11780253 -0.03678593 0.10316698
v 0.11868533 -0.03352056 0.10320640
v 0.11851718 -0.03350667 0.09930431
v 0.12050699 -0.02473881 0.09796421
v 0.12091336 -0.02287685 0.09855543
v 0.12098343 -0.02222378 0.09796421
v 0.12115158 -0.02162629 0.09965904
v 0.12231465 -0.01355319 0.09938314
v 0.12248280 -0.01356708 0.10328523
v 0.12293120 -0.01046846 0.10722673
v 0.12277707 -0.01048235 0.10328523
v 0.12332357 -0.00182566 0.10718732
v 0.12340764 -0.00003317 0.10939456
v 0.12346369 -0.00003317 0.11104998
v 0.12332357 -0.00003317 0.16969952
v 0.12315541 -0.00003317 0.17364102
v 0.12304331 -0.00003317 0.17600593
v 0.12297324 -0.00183955 0.17762194
v 0.12251083 -0.01063520 0.17762194
v 0.12230063 -0.01067688 0.18156343
v 0.12203439 -0.01391446 0.18148460
v 0.12088534 -0.02261285 0.17750369
v 0.11752227 -0.03674424 0.17738545
v 0.11769042 -0.03674424 0.17348336
v 0.11822291 -0.03339550 0.18132695
v 0.11997450 -0.02510008 0.18522903
v 0.11631717 -0.04205220 0.16173769
v 0.11620507 -0.04170482 0.16950245
v 0.11626111 -0.04189936 0.16563978
v 0.11635921 -0.04217726 0.15783560
v 0.11554647 -0.04460891 0.15787502
v 0.11561653 -0.04460891 0.15397293
v 0.11425728 -0.04856904 0.15014967
v 0.11432735 -0.04855515 0.14624760
v 0.11436939 -0.04852736 0.14230609
v 0.11439742 -0.04849956 0.13844342
v 0.11441143 -0.04848567 0.13458074
v 0.11441143 -0.04845788 0.13071807
v 0.11441143 -0.04841620 0.12677657
v 0.11439742 -0.04838841 0.12275624
v 0.11424328 -0.04845788 0.11483382
v 0.11415920 -0.04845788 0.11104998
v 0.11403308 -0.04847178 0.10726614
v 0.11365474 -0.04849956 0.09796421
v 0.11525219 -0.04460891 0.10328523
v 0.11621908 -0.04173261 0.10320640
v 0.11763437 -0.03677203 0.09930431
v 0.11757832 -0.03675814 0.09796421
v 0.11844711 -0.03349277 0.09796421
v 0.12080127 -0.02325202 0.09796421
v 0.12091336 -0.02265453 0.09796421
v 0.12224458 -0.01353929 0.09796421
v 0.12252484 -0.01048235 0.09796421
v 0.12259490 -0.01048235 0.09938314
v 0.12316942 -0.00183955 0.10324581
v 0.12298726 -0.00185344 0.09934372
v 0.12332357 -0.00003317 0.10714790
v 0.12283312 -0.00003317 0.17998683
v 0.12276306 -0.00186734 0.18156343
v 0.12253885 -0.00188123 0.18542611
v 0.12206242 -0.01071857 0.18542611
v 0.12179617 -0.01394225 0.18538669
v 0.12084330 -0.02154291 0.18124812
v 0.12056305 -0.02184861 0.18530786
v 0.11975030 -0.02511398 0.18913111
v 0.11606494 -0.04119070 0.17734603
v 0.11732609 -0.03675814 0.18124812
v 0.11613500 -0.04146860 0.17340452
v 0.11777450 -0.03336771 0.18905228
v 0.11710189 -0.03675814 0.18511079
v 0.11546239 -0.04459502 0.16177710
v 0.11536430 -0.04459502 0.16563978
v 0.11523818 -0.04458113 0.16954187
v 0.11509806 -0.04456723 0.17344394
v 0.11411716 -0.04858294 0.15791443
v 0.11312226 -0.05132029 0.15018909
v 0.11315028 -0.05137587 0.14628700
v 0.11317830 -0.05140366 0.14234551
v 0.11317830 -0.05148703 0.13458074
v 0.11317830 -0.05148703 0.13071807
v 0.11317830 -0.05145924 0.12673716
v 0.11316429 -0.05138977 0.12275624
v 0.11312226 -0.05122302 0.11495207
v 0.11308022 -0.05108407 0.11116822
v 0.11291206 -0.05090343 0.10332465
v 0.11282798 -0.05076448 0.09938314
v 0.11278594 -0.05069501 0.09796421
v 0.11502799 -0.04458113 0.09796421
v 0.11508405 -0.04459502 0.09934372
v 0.11612099 -0.04144082 0.09930431
v 0.12291719 -0.00185344 0.09796421
v 0.12316942 -0.00003317 0.10324581
v 0.12298726 -0.00003317 0.09934372
v 0.12274904 -0.00003317 0.18152403
v 0.12252484 -0.00003317 0.18538669
v 0.12211846 -0.00003317 0.19169309
v 0.12228662 -0.00188123 0.18928878
v 0.12179617 -0.01071857 0.18932819
v 0.12136177 -0.01187187 0.19468863
v 0.12154394 -0.01392836 0.18924936
v 0.12124967 -0.01501218 0.19137777
v 0.12008661 -0.02183471 0.19311204
v 0.11949807 -0.02512787 0.19303320
v 0.11752227 -0.03338161 0.19299379
v 0.11596685 -0.04087111 0.18124812
v 0.11492990 -0.04458113 0.17738545
v 0.11586876 -0.04052373 0.18507138
v 0.11673755 -0.03635518 0.19295437
v 0.11680762 -0.03693878 0.18913111
v 0.11401907 -0.04858294 0.16181652
v 0.11380888 -0.04856904 0.16954187
v 0.11392099 -0.04856904 0.16567919
v 0.11365474 -0.04855515 0.17348336
v 0.11292607 -0.05098681 0.16571861
v 0.11298213 -0.05108407 0.16181652
v 0.11303817 -0.05116744 0.15795385
v 0.11308022 -0.05125081 0.15405176
v 0.11109040 -0.05603075 0.14628700
v 0.11096429 -0.05601686 0.15405176
v 0.11117448 -0.05600297 0.13844342
v 0.11120250 -0.05600297 0.13458074
v 0.11120250 -0.05600297 0.13067866
v 0.11116046 -0.05600297 0.12275624
v 0.11111843 -0.05597517 0.11889357
v 0.11095027 -0.05593349 0.11116822
v 0.11085218 -0.05591959 0.10726614
v 0.11072606 -0.05591959 0.10332465
v 0.11057192 -0.05591959 0.09938314
v 0.11050186 -0.05591959 0.09796421
v 0.12291719 -0.00003317 0.09796421
v 0.12127770 -0.00003317 0.20406941
v 0.12175413 -0.00185344 0.19709296
v 0.12147387 -0.00891220 0.19547694
v 0.12136177 -0.01391446 0.19196900
v 0.12127770 -0.01049625 0.19693529
v 0.12096941 -0.01064910 0.20103445
v 0.12038088 -0.01064910 0.20875979
v 0.12073120 -0.01384499 0.20099505
v 0.12101146 -0.01387277 0.19709296
v 0.11954011 -0.02187640 0.20091621
v 0.11982037 -0.02184861 0.19701412
v 0.11921781 -0.02514177 0.19697471
v 0.11893756 -0.02516956 0.20087678
v 0.11687768 -0.03256179 0.20470004
v 0.11710189 -0.03384015 0.19729002
v 0.11649933 -0.03527136 0.20083738
v 0.11655539 -0.03557705 0.19886664
v 0.11663946 -0.03592443 0.19622583
v 0.11450951 -0.04459502 0.18515019
v 0.11471971 -0.04459502 0.18128753
v 0.11347257 -0.04856904 0.17738545
v 0.11586876 -0.03978729 0.18909171
v 0.11577067 -0.03674424 0.20466064
v 0.11630316 -0.03674424 0.19725062
v 0.11467768 -0.04012077 0.20466064
v 0.11550442 -0.04014856 0.19287554
v 0.11270187 -0.05051437 0.17738545
v 0.11278594 -0.05069501 0.17348336
v 0.11287003 -0.05086175 0.16958127
v 0.10952097 -0.05883758 0.16181652
v 0.11078212 -0.05601686 0.16185594
v 0.11088021 -0.05601686 0.15795385
v 0.10966110 -0.05905991 0.15014967
v 0.10968912 -0.05912938 0.14624760
v 0.10971714 -0.05915717 0.14230609
v 0.10957701 -0.05892095 0.15795385
v 0.10973116 -0.05918496 0.13840400
v 0.10974517 -0.05918496 0.13454133
v 0.10971714 -0.05921275 0.12669775
v 0.10971714 -0.05918496 0.12275624
v 0.10970314 -0.05910159 0.11889357
v 0.10957701 -0.05899043 0.11112881
v 0.10950695 -0.05892095 0.10718732
v 0.10940887 -0.05883758 0.10328523
v 0.10932478 -0.05871252 0.09938314
v 0.10928274 -0.05865695 0.09796421
v 0.11008147 -0.05686446 0.09796421
v 0.11389296 -0.00003317 0.09796421
v 0.12127770 -0.00136712 0.20406941
v 0.11994648 -0.00003317 0.22042663
v 0.12014266 -0.01383109 0.20872038
v 0.11993247 -0.00192292 0.22046606
v 0.11975030 -0.01066299 0.21660337
v 0.11925985 -0.02189030 0.20477887
v 0.11865730 -0.02515566 0.20473947
v 0.11623309 -0.03406247 0.20856273
v 0.11516812 -0.03677203 0.21242539
v 0.11547640 -0.03674424 0.20852330
v 0.11427130 -0.04455334 0.18905228
v 0.11299613 -0.04808271 0.18909171
v 0.11313627 -0.04833283 0.18518962
v 0.11315028 -0.04886084 0.18140577
v 0.11438341 -0.04010688 0.20852330
v 0.11299613 -0.04423375 0.20856273
v 0.11303817 -0.04488682 0.20505478
v 0.11375282 -0.04451165 0.19685646
v 0.11401907 -0.04452554 0.19295437
v 0.11261780 -0.05036152 0.18018391
v 0.10897447 -0.05807335 0.18392834
v 0.10905854 -0.05818451 0.18132695
v 0.10918466 -0.05833736 0.17742486
v 0.10928274 -0.05849020 0.17348336
v 0.11055791 -0.05598907 0.16958127
v 0.10945091 -0.05874032 0.16571861
v 0.10663433 -0.06443734 0.16181652
v 0.10673242 -0.06445123 0.15787502
v 0.10688656 -0.06447903 0.15011025
v 0.10862415 -0.06121366 0.14620818
v 0.10865218 -0.06125534 0.14230609
v 0.10681650 -0.06446513 0.15397293
v 0.10866619 -0.06128313 0.13836458
v 0.10706873 -0.06445123 0.13450191
v 0.10708273 -0.06442344 0.13063924
v 0.10708273 -0.06439565 0.12669775
v 0.10704070 -0.06438176 0.12279566
v 0.10697064 -0.06439565 0.11885415
v 0.10690058 -0.06439565 0.11491265
v 0.10683050 -0.06438176 0.11104998
v 0.10845599 -0.06100523 0.10714790
v 0.10837192 -0.06090796 0.10320640
v 0.10827382 -0.06079680 0.09934372
v 0.10823179 -0.06074122 0.09796421
v -0.01925659 -0.12964743 0.09796421
v 0.07036923 -0.00003317 0.49605582
v 0.11962419 -0.00003317 0.22428932
v 0.11982037 -0.01381720 0.21266188
v 0.11862928 -0.02191809 0.21258305
v 0.11895157 -0.02190419 0.20864156
v 0.11928788 -0.00193681 0.22815198
v 0.11942801 -0.01064910 0.22046606
v 0.11949807 -0.01380330 0.21656397
v 0.11836304 -0.02515566 0.20860213
v 0.11572863 -0.03350667 0.21636689
v 0.11406111 -0.04009298 0.21242539
v 0.11483181 -0.03677203 0.21632747
v 0.11373882 -0.04006519 0.21632747
v 0.11284200 -0.04780481 0.19295437
v 0.11233754 -0.04977793 0.18909171
v 0.11219741 -0.04951391 0.19299379
v 0.11254773 -0.05019478 0.18274589
v 0.11279996 -0.04381689 0.21246482
v 0.11186110 -0.04555379 0.21636689
v 0.11204327 -0.04599843 0.21250422
v 0.11222544 -0.04640139 0.20860213
v 0.11230951 -0.04659593 0.20663138
v 0.11253371 -0.04713784 0.20079797
v 0.11268786 -0.04748522 0.19685646
v 0.10887638 -0.05796219 0.18652973
v 0.10761522 -0.06008815 0.18917055
v 0.10505089 -0.06591023 0.18128753
v 0.10514897 -0.06610476 0.17738545
v 0.10524706 -0.06627150 0.17344394
v 0.10534515 -0.06645214 0.16871414
v 0.10936683 -0.05862915 0.16958127
v 0.10540120 -0.06656330 0.16567919
v 0.10547127 -0.06667446 0.16177710
v 0.10552732 -0.06677173 0.15787502
v 0.10556935 -0.06685510 0.15397293
v 0.10561139 -0.06691068 0.15011025
v 0.10565344 -0.06696626 0.14620818
v 0.10694261 -0.06449292 0.14620818
v 0.10699867 -0.06447903 0.14226667
v 0.10704070 -0.06446513 0.13836458
v 0.10570949 -0.06704963 0.13063924
v 0.10569548 -0.06703574 0.13840400
v 0.10569548 -0.06703574 0.12673716
v 0.10561139 -0.06700795 0.11885415
v 0.10556935 -0.06695237 0.11491265
v 0.10547127 -0.06678563 0.10714790
v 0.10674644 -0.06435397 0.10714790
v 0.10663433 -0.06431229 0.10320640
v 0.10648019 -0.06427060 0.09930431
v 0.10642414 -0.06425670 0.09796421
v -0.01925659 -0.09942541 0.49727768
v -0.01925659 -0.13947131 0.09796421
v -0.01925659 -0.09941151 0.49830247
v 0.07063547 -0.00003317 0.49775064
v 0.11928788 -0.00003317 0.22815198
v 0.11804074 -0.02514177 0.21250422
v 0.11829298 -0.02189030 0.21648514
v 0.11893756 -0.00003317 0.23201465
v 0.11871335 -0.00003317 0.23445837
v 0.11857323 -0.00190902 0.23587732
v 0.11875539 -0.01062130 0.22815198
v 0.11882546 -0.01370604 0.22424989
v 0.11770443 -0.02511398 0.21640631
v 0.11736813 -0.02510008 0.22026898
v 0.11537831 -0.03352056 0.22022956
v 0.11448149 -0.03678593 0.22022956
v 0.11243563 -0.04288591 0.22022956
v 0.11261780 -0.04335835 0.21636689
v 0.11204327 -0.04922212 0.19689588
v 0.10845599 -0.05740638 0.19693529
v 0.10861013 -0.05762870 0.19303320
v 0.11029166 -0.05200115 0.20466064
v 0.11057192 -0.05198726 0.20075855
v 0.11167894 -0.04509525 0.22022956
v 0.11048785 -0.04837451 0.22026898
v 0.11116046 -0.04843009 0.21250422
v 0.11146875 -0.04844399 0.20860213
v 0.11183308 -0.04819387 0.20505478
v 0.11188913 -0.04890253 0.20075855
v 0.10736299 -0.06007425 0.19307262
v 0.10479866 -0.06549338 0.18913111
v 0.10492477 -0.06570180 0.18522903
v 0.10465853 -0.06527105 0.19307262
v 0.10341139 -0.06785555 0.18913111
v 0.10362157 -0.06789724 0.18518962
v 0.10381776 -0.06795282 0.18128753
v 0.10399993 -0.06800840 0.17734603
v 0.10083304 -0.07323299 0.17734603
v 0.10093112 -0.07338583 0.17340452
v 0.10102921 -0.07351089 0.16954187
v 0.10114131 -0.07369153 0.16394493
v 0.10118335 -0.07376101 0.16181652
v 0.10125342 -0.07384438 0.15791443
v 0.10129546 -0.07391386 0.15401234
v 0.10137953 -0.07402501 0.14628700
v 0.10276680 -0.07182958 0.14230609
v 0.10140756 -0.07415007 0.13462016
v 0.10139354 -0.07417786 0.13071807
v 0.10139354 -0.07415007 0.12677657
v 0.10279482 -0.07182958 0.13844342
v 0.10139354 -0.07410839 0.12283508
v 0.10133750 -0.07399722 0.11495207
v 0.10268272 -0.07176010 0.11495207
v 0.10551331 -0.06688289 0.11104998
v 0.10122540 -0.07385827 0.10722673
v 0.10115533 -0.07374711 0.10332465
v 0.10541522 -0.06664667 0.10320640
v 0.10533114 -0.06647993 0.09930431
v 0.10528910 -0.06642435 0.09796421
v -0.01695849 -0.13951301 0.09796421
v -0.01925659 -0.13958247 0.09930431
v -0.01925659 -0.10105115 0.49952432
v 0.07092973 -0.00003317 0.49952432
v 0.11759234 -0.02186251 0.22417105
v 0.11659743 -0.02425248 0.23055630
v 0.11820889 -0.00003317 0.23966116
v 0.11820889 -0.00186734 0.23966116
v 0.11802673 -0.01060741 0.23587732
v 0.11811081 -0.01363656 0.23197523
v 0.11847514 -0.01367824 0.22807314
v 0.11701781 -0.02508619 0.22409224
v 0.11464965 -0.03356225 0.22799431
v 0.11501398 -0.03354835 0.22409224
v 0.11413118 -0.03677203 0.22409224
v 0.11376684 -0.03675814 0.22795491
v 0.11223944 -0.04237179 0.22409224
v 0.11148275 -0.04460891 0.22409224
v 0.10711076 -0.06006036 0.19693529
v 0.10828784 -0.05717016 0.20079797
v 0.10657827 -0.06000478 0.20466064
v 0.10999740 -0.05198726 0.20856273
v 0.10811969 -0.05690615 0.20466064
v 0.11013753 -0.04836062 0.22409224
v 0.10891842 -0.05132029 0.22409224
v 0.10911459 -0.05170935 0.22022956
v 0.10968912 -0.05194557 0.21246482
v 0.10317317 -0.06781387 0.19307262
v 0.10451840 -0.06503483 0.19693529
v 0.10292094 -0.06777219 0.19697471
v 0.10165979 -0.07074575 0.18913111
v 0.10177190 -0.07095418 0.18518962
v 0.10072094 -0.07306625 0.18124812
v 0.09924959 -0.07560906 0.17734603
v 0.09943175 -0.07565075 0.17344394
v 0.09905341 -0.07558128 0.18128753
v 0.09958589 -0.07567854 0.16954187
v 0.10000629 -0.07531727 0.16540328
v 0.09770818 -0.07873548 0.16571861
v 0.09982412 -0.07578970 0.16181652
v 0.09989418 -0.07587307 0.15791443
v 0.09999227 -0.07598424 0.15018909
v 0.10003431 -0.07602592 0.14628700
v 0.10006233 -0.07606760 0.14238492
v 0.10009035 -0.07609540 0.13848283
v 0.10140756 -0.07412228 0.13844342
v 0.10010437 -0.07612319 0.13462016
v 0.10010437 -0.07612319 0.13075749
v 0.10010437 -0.07610929 0.12681598
v 0.10009035 -0.07608150 0.12283508
v 0.10006233 -0.07602592 0.11889357
v 0.10002029 -0.07598424 0.11499148
v 0.10258463 -0.07176010 0.11108939
v 0.09990819 -0.07584528 0.10726614
v 0.09982412 -0.07574802 0.10336406
v 0.10109927 -0.07367764 0.10103857
v 0.10461649 -0.06756376 0.09796421
v -0.01478651 -0.13947131 0.09796421
v -0.01366548 -0.13955469 0.09926489
v -0.01543110 -0.14065241 0.11317840
v -0.01732282 -0.14066630 0.11302074
v -0.01925659 -0.14058292 0.11203536
v -0.01925659 -0.10228781 0.49976082
v 0.07261127 -0.00003317 0.50058854
v 0.07184057 -0.00003317 0.50011555
v 0.11722800 -0.02186251 0.22803374
v 0.11648532 -0.02344656 0.23315769
v 0.11514010 -0.02510008 0.24348442
v 0.11553245 -0.02510008 0.23958233
v 0.11742418 -0.00003317 0.24738651
v 0.11742418 -0.00181176 0.24738651
v 0.11764838 -0.01059351 0.23970058
v 0.11774647 -0.01360877 0.23583790
v 0.11736813 -0.01360877 0.23966116
v 0.11427130 -0.03356225 0.23189640
v 0.11340251 -0.03673035 0.23181757
v 0.11138467 -0.04388637 0.22760018
v 0.11081014 -0.04434491 0.23177817
v 0.10629802 -0.05996309 0.20856273
v 0.10419611 -0.06456240 0.20470004
v 0.10778338 -0.05625308 0.21246482
v 0.10795153 -0.05658656 0.20856273
v 0.10974517 -0.04837451 0.22791549
v 0.10851205 -0.05047268 0.23173874
v 0.10872224 -0.05090343 0.22791549
v 0.10691459 -0.05575285 0.22409224
v 0.10729293 -0.05575285 0.22022956
v 0.10775536 -0.05544716 0.21676104
v 0.10918466 -0.05223737 0.21676104
v 0.10034258 -0.07245486 0.19303320
v 0.10265470 -0.06774440 0.20083738
v 0.10137953 -0.07030110 0.19693529
v 0.10048272 -0.07266329 0.18913111
v 0.10060883 -0.07287172 0.18518962
v 0.09884322 -0.07553959 0.18518962
v 0.09616677 -0.08019448 0.17734603
v 0.09636296 -0.08047238 0.16954187
v 0.09591454 -0.07986099 0.18518962
v 0.09644703 -0.08059744 0.16567919
v 0.09651710 -0.08069470 0.16181652
v 0.09777825 -0.07883275 0.16181652
v 0.09658716 -0.08077807 0.15791443
v 0.09789034 -0.07898560 0.15405176
v 0.09793238 -0.07904118 0.15018909
v 0.09796041 -0.07909675 0.14632641
v 0.09672729 -0.08098650 0.14238492
v 0.09675531 -0.08101429 0.13848283
v 0.09803048 -0.07918013 0.13462016
v 0.09804449 -0.07916623 0.13071807
v 0.09804449 -0.07916623 0.12681598
v 0.09803048 -0.07915233 0.12283508
v 0.09800245 -0.07911065 0.11893299
v 0.09796041 -0.07905507 0.11499148
v 0.09791837 -0.07898560 0.11112881
v 0.09787634 -0.07887443 0.10726614
v 0.09654513 -0.08062523 0.10336406
v 0.09646104 -0.08051406 0.09950139
v 0.09770818 -0.07865211 0.09950139
v 0.09997826 -0.07526168 0.09965904
v 0.09979609 -0.07541453 0.09796421
v 0.10101521 -0.07355258 0.09796421
v 0.10121138 -0.07323299 0.09796421
v 0.10352349 -0.06938403 0.09796421
v -0.01366548 -0.13944353 0.09796421
v -0.00510367 -0.13885992 0.09796421
v -0.00510367 -0.13895719 0.09922548
v -0.00510367 -0.13955469 0.10706907
v -0.01302090 -0.14055514 0.11373021
v -0.01370752 -0.13983260 0.10308815
v -0.01418396 -0.14070799 0.11510973
v -0.01405784 -0.14091642 0.11916947
v -0.01754703 -0.14102758 0.11916947
v -0.01742091 -0.14081915 0.11526739
v -0.01925659 -0.14065241 0.11294190
v -0.01925659 -0.14081915 0.11526739
v -0.01316102 -0.10084272 0.50023378
v -0.01925659 -0.10332996 0.49928786
v 0.00249126 -0.09634068 0.50062794
v 0.07262528 -0.00175618 0.50058854
v 0.07311573 -0.00003317 0.49983965
v 0.11683565 -0.02198756 0.23189640
v 0.11572863 -0.02182082 0.24348442
v 0.11533628 -0.02179303 0.24742592
v 0.11473372 -0.02508619 0.24738651
v 0.11350059 -0.03353446 0.23966116
v 0.11389296 -0.03354835 0.23575909
v 0.11638723 -0.00003317 0.25708261
v 0.11634520 -0.00028329 0.25751618
v 0.11701781 -0.00179787 0.25128858
v 0.11725602 -0.01060741 0.24352383
v 0.11644328 -0.01287232 0.24943609
v 0.11697577 -0.01363656 0.24348442
v 0.11303817 -0.03667477 0.23571966
v 0.10933880 -0.04840230 0.23177817
v 0.10996937 -0.04441438 0.23958233
v 0.10882032 -0.04759638 0.23958233
v 0.10598975 -0.05992140 0.21246482
v 0.10385980 -0.06402048 0.21246482
v 0.10402795 -0.06429839 0.20856273
v 0.10185596 -0.06752207 0.21242539
v 0.10237444 -0.06770270 0.20470004
v 0.10554133 -0.05944897 0.22022956
v 0.10650821 -0.05578064 0.22791549
v 0.10807765 -0.04945834 0.23958233
v 0.10824580 -0.04990298 0.23635030
v 0.10516299 -0.05112576 0.25940809
v 0.10537318 -0.05163988 0.25550600
v 0.10474260 -0.05808724 0.23445837
v 0.10533114 -0.05911548 0.22409224
v 0.10512095 -0.05874032 0.22795491
v 0.10018844 -0.07224644 0.19697471
v 0.09796041 -0.07522000 0.20087678
v 0.09836678 -0.07545621 0.19307262
v 0.09988016 -0.07177399 0.20470004
v 0.09861901 -0.07549791 0.18913111
v 0.09419097 -0.08284846 0.17726720
v 0.09382664 -0.08237602 0.18905228
v 0.09407887 -0.08270950 0.18116929
v 0.09438715 -0.08309857 0.16946303
v 0.09428906 -0.08298740 0.17336511
v 0.09577442 -0.07969425 0.18913111
v 0.09368651 -0.08220927 0.19303320
v 0.09447122 -0.08320973 0.16563978
v 0.09468141 -0.08327921 0.15787502
v 0.09662919 -0.08084755 0.15405176
v 0.09667123 -0.08090313 0.15018909
v 0.09669926 -0.08094481 0.14632641
v 0.09484958 -0.08327921 0.15014967
v 0.09496167 -0.08327921 0.14234551
v 0.09500371 -0.08327921 0.13844342
v 0.09503174 -0.08327921 0.13454133
v 0.09676933 -0.08102819 0.13462016
v 0.09676933 -0.08102819 0.12677657
v 0.09676933 -0.08101429 0.12283508
v 0.09675531 -0.08095871 0.11893299
v 0.09672729 -0.08088924 0.11499148
v 0.09668525 -0.08080586 0.11112881
v 0.09661519 -0.08072249 0.10726614
v 0.09459735 -0.08318194 0.10332465
v 0.09419097 -0.08348764 0.09961964
v 0.09426104 -0.08329310 0.09796421
v 0.09641900 -0.08045848 0.09796421
v 0.09899736 -0.07660952 0.09796421
v -0.00189474 -0.13859592 0.09796421
v -0.00188073 -0.13870709 0.09922548
v -0.00183869 -0.13899888 0.10304873
v -0.00182468 -0.13929068 0.10702965
v -0.00507564 -0.13984649 0.11116822
v -0.01119923 -0.14059682 0.11629218
v -0.00948967 -0.14063852 0.11932713
v -0.00953171 -0.14081915 0.12307156
v -0.01397377 -0.14109705 0.12315039
v -0.01763110 -0.14122211 0.12315039
v -0.01925659 -0.14133328 0.12488465
v -0.01925659 -0.14124991 0.12318981
v -0.01925659 -0.14113875 0.12102198
v -0.01925659 -0.14104148 0.11920888
v -0.00927948 -0.10039807 0.50031264
v -0.01805149 -0.10327437 0.49909076
v -0.01421199 -0.10263519 0.49924842
v -0.01925659 -0.10364954 0.49834187
v 0.06524054 -0.03756406 0.50054911
v 0.06915011 -0.02600327 0.50058854
v -0.00546800 -0.09987005 0.50015498
v 0.00595242 -0.09564592 0.50043088
v 0.01388366 -0.09203317 0.50039145
v 0.02227733 -0.08817031 0.50027321
v 0.03787356 -0.07672068 0.50039145
v 0.04192326 -0.07289951 0.50047031
v 0.07256924 -0.00571631 0.50050971
v 0.07362019 -0.00171449 0.49909076
v 0.07360618 -0.00003317 0.49909076
v 0.11572863 -0.01377551 0.25519067
v 0.11521016 -0.01717983 0.25523010
v 0.11491589 -0.02176524 0.25136741
v 0.11432735 -0.02504450 0.25132801
v 0.11380888 -0.02887957 0.24742592
v 0.11222544 -0.03502124 0.24813538
v 0.11235155 -0.03559094 0.24553400
v 0.11630316 -0.00003317 0.25779207
v 0.11634520 -0.00136712 0.25751618
v 0.11539233 -0.00003317 0.26539916
v 0.11570061 -0.00183955 0.26295545
v 0.11558851 -0.01069078 0.25909276
v 0.11684966 -0.01062130 0.24738651
v 0.11530825 -0.01380330 0.25905336
v 0.11134263 -0.03673035 0.25140685
v 0.10910058 -0.04330277 0.25148568
v 0.10855408 -0.04663761 0.24537635
v 0.10751713 -0.04869410 0.24754416
v 0.10324324 -0.06383985 0.22022956
v 0.10150565 -0.06695237 0.22022956
v 0.10168782 -0.06724416 0.21632747
v 0.09947380 -0.07139882 0.21242539
v 0.10184196 -0.06802230 0.20891746
v 0.10285088 -0.06385374 0.22413165
v 0.10489674 -0.05836515 0.23181757
v 0.10704070 -0.04877747 0.25156448
v 0.10499483 -0.05077838 0.26216713
v 0.10080501 -0.05793440 0.26910418
v 0.10443433 -0.05748975 0.23970058
v 0.10115533 -0.05861526 0.26327075
v 0.10137953 -0.05905991 0.25940809
v 0.10272476 -0.05999088 0.24372090
v 0.10317317 -0.05999088 0.23973999
v 0.10409801 -0.06069954 0.22795491
v 0.09765213 -0.07478925 0.20860213
v 0.09780628 -0.07501157 0.20473947
v 0.09662919 -0.07717922 0.20091621
v 0.09571836 -0.07895780 0.19701412
v 0.09692346 -0.07759608 0.19307262
v 0.09563429 -0.07949971 0.19307262
v 0.08920241 -0.08905960 0.17947444
v 0.08886612 -0.08871222 0.18909171
v 0.08900624 -0.08886507 0.18511079
v 0.08911835 -0.08896233 0.18207583
v 0.08937058 -0.08925413 0.17336511
v 0.09141644 -0.08710038 0.16560036
v 0.09353237 -0.08204254 0.19693529
v 0.08871197 -0.08854548 0.19303320
v 0.09185084 -0.08672521 0.16201359
v 0.09159861 -0.08722544 0.15783560
v 0.09168268 -0.08735050 0.15011025
v 0.09171071 -0.08739218 0.14620818
v 0.09175274 -0.08746165 0.13840400
v 0.09176676 -0.08748944 0.13450191
v 0.09178077 -0.08748944 0.13059982
v 0.09504575 -0.08326531 0.12669775
v 0.09504575 -0.08323752 0.12279566
v 0.09175274 -0.08739218 0.11881474
v 0.09493364 -0.08319583 0.11495207
v 0.09484958 -0.08318194 0.11108939
v 0.09473747 -0.08318194 0.10722673
v 0.09159861 -0.08721154 0.10714790
v 0.09151453 -0.08712817 0.10328523
v 0.09151453 -0.08678079 0.09796421
v -0.00078773 -0.13842918 0.09796421
v 0.00162247 -0.13817906 0.09922548
v 0.00169254 -0.13847086 0.10304873
v 0.00172056 -0.13874877 0.10699024
v -0.00185270 -0.13956857 0.11108939
v -0.00508965 -0.14008270 0.11510973
v -0.00772406 -0.14044398 0.11810526
v -0.00691132 -0.14051346 0.12070667
v -0.00441704 -0.14041619 0.12291391
v -0.00947566 -0.14098588 0.12701306
v -0.01386166 -0.14126379 0.12709189
v -0.01767315 -0.14140274 0.12713131
v -0.01925659 -0.14150001 0.12878674
v -0.01750499 -0.10367733 0.49727768
v -0.01027439 -0.10181537 0.49913019
v -0.01485657 -0.10351059 0.49593756
v -0.01068076 -0.10264909 0.49593756
v -0.01925659 -0.10373292 0.49798714
v 0.05316152 -0.06100523 0.50019438
v 0.06085454 -0.04901369 0.50023378
v 0.06449786 -0.04071826 0.50027321
v 0.06865966 -0.02940759 0.50035204
v 0.07133611 -0.02150123 0.49936666
v 0.07227497 -0.01355319 0.50011555
v 0.07245713 -0.00980149 0.50039145
v -0.00214697 -0.09928645 0.49976082
v 0.00491548 -0.09706322 0.49901193
v 0.00907728 -0.09502063 0.49936666
v 0.01720470 -0.09124115 0.49936666
v 0.03383788 -0.08031953 0.50027321
v 0.02115630 -0.08953204 0.49905133
v 0.02529008 -0.08722544 0.49928786
v 0.02970411 -0.08394617 0.49987908
v 0.03634617 -0.07909675 0.49924842
v 0.04043790 -0.07538674 0.49936666
v 0.04451563 -0.07152388 0.49940609
v 0.04581882 -0.06910612 0.50031264
v 0.07349408 -0.00545230 0.49901193
v 0.07423676 -0.00179787 0.49597696
v 0.09071579 -0.00003317 0.41320546
v 0.07395650 -0.00003317 0.49747474
v 0.11449551 -0.02175134 0.25526950
v 0.11390697 -0.02500282 0.25526950
v 0.11205728 -0.03427090 0.25140685
v 0.11089422 -0.03673035 0.25534834
v 0.11502799 -0.00003317 0.26831589
v 0.11522417 -0.00185344 0.26681811
v 0.11514010 -0.01067688 0.26295545
v 0.11485984 -0.01381720 0.26295545
v 0.11477576 -0.01719373 0.25909276
v 0.10887638 -0.04266359 0.25542717
v 0.10827382 -0.04555379 0.25152508
v 0.10111329 -0.06629929 0.22799431
v 0.10130947 -0.06663278 0.22409224
v 0.09874513 -0.07139882 0.22019015
v 0.09912347 -0.07139882 0.21632747
v 0.09689544 -0.07337194 0.22641773
v 0.09732984 -0.07424734 0.21632747
v 0.09748398 -0.07453914 0.21246482
v 0.10243049 -0.06388154 0.22799431
v 0.10095915 -0.06604918 0.23079278
v 0.10179992 -0.06424281 0.23201465
v 0.10378974 -0.05964350 0.23579849
v 0.10151967 -0.06314509 0.23977941
v 0.10614388 -0.04873579 0.25940809
v 0.10484069 -0.05043100 0.26468970
v 0.10066488 -0.05764260 0.27111433
v 0.09832474 -0.06003257 0.27891850
v 0.09940372 -0.06003257 0.27115376
v 0.10000629 -0.05978246 0.26756700
v 0.10007635 -0.06065785 0.26331018
v 0.10095915 -0.05825398 0.26646338
v 0.10265470 -0.05218179 0.27497701
v 0.10032858 -0.06106081 0.25940809
v 0.10076298 -0.06175557 0.25262870
v 0.10168782 -0.06026879 0.25140685
v 0.10226234 -0.06000478 0.24766241
v 0.10129546 -0.06271434 0.24372090
v 0.09463938 -0.07919402 0.20856273
v 0.09493364 -0.07922182 0.20470004
v 0.09519989 -0.07927739 0.20087678
v 0.08718457 -0.09089377 0.18515019
v 0.08370941 -0.09502063 0.18124812
v 0.08382151 -0.09515959 0.17730661
v 0.08668011 -0.09051859 0.19697471
v 0.08683426 -0.09067144 0.19303320
v 0.08391960 -0.09528464 0.17340452
v 0.08401768 -0.09539580 0.16950245
v 0.08945464 -0.08936529 0.16946303
v 0.08960879 -0.08955982 0.16177710
v 0.08953872 -0.08946256 0.16563978
v 0.09336422 -0.08186190 0.20083738
v 0.08823553 -0.08801746 0.20470004
v 0.08855783 -0.08837874 0.19693529
v 0.08966484 -0.08962931 0.15787502
v 0.08974891 -0.08972657 0.15011025
v 0.08977694 -0.08978215 0.14624760
v 0.08970687 -0.08968488 0.15397293
v 0.08980497 -0.08980994 0.14230609
v 0.08983300 -0.08983773 0.13450191
v 0.08984701 -0.08983773 0.13059982
v 0.08986102 -0.08980994 0.12665833
v 0.09178077 -0.08747555 0.12665833
v 0.09178077 -0.08743386 0.12275624
v 0.08983300 -0.08975435 0.11881474
v 0.09171071 -0.08733660 0.11491265
v 0.09165465 -0.08728101 0.11104998
v 0.08966484 -0.08961541 0.10714790
v 0.08958077 -0.08953204 0.10328523
v 0.08949668 -0.08942088 0.09942256
v 0.08945464 -0.08937919 0.09796421
v 0.00160846 -0.13806790 0.09796421
v 0.00586835 -0.13741483 0.09796421
v 0.00593841 -0.13780390 0.10308815
v 0.00588236 -0.13751211 0.09922548
v 0.00600848 -0.13806790 0.10699024
v 0.00169254 -0.13901278 0.11097116
v 0.00169254 -0.13923510 0.11483382
v 0.00174859 -0.13944353 0.11873591
v -0.00189474 -0.13979090 0.11499148
v -0.00186671 -0.13999933 0.11885415
v -0.00539794 -0.14031893 0.11920888
v -0.00181066 -0.14017996 0.12275624
v -0.00363232 -0.14049956 0.12681598
v -0.00944763 -0.14112485 0.13095457
v -0.01374956 -0.14140274 0.13103340
v -0.01768716 -0.14154171 0.13107282
v -0.01925659 -0.14163897 0.13264942
v -0.01925659 -0.14158337 0.13107282
v -0.01838779 -0.10403861 0.49597696
v -0.01620180 -0.10403861 0.49455804
v -0.00663106 -0.10171811 0.49593756
v -0.00637883 -0.10093998 0.49885429
v -0.01395976 -0.10640079 0.47942268
v -0.01367950 -0.10387186 0.49270553
v -0.00651896 -0.10264909 0.49105011
v -0.00301576 -0.10187096 0.49097125
v -0.01009222 -0.10560876 0.47934385
v -0.01925659 -0.10412198 0.49597696
v 0.05667873 -0.05673941 0.49944552
v 0.04954622 -0.06507652 0.50023378
v 0.04824303 -0.06761934 0.49928786
v 0.05185833 -0.06354805 0.49916959
v 0.05484305 -0.05978246 0.49897253
v 0.05985963 -0.05195947 0.49916959
v 0.06208767 -0.04791597 0.49889369
v 0.06372716 -0.04390026 0.49924842
v 0.06693609 -0.03634128 0.49932726
v 0.06812718 -0.03290918 0.49944552
v 0.07052337 -0.02505840 0.49924842
v 0.07137815 -0.02462765 0.49597696
v 0.07223293 -0.02086205 0.49589816
v 0.07244312 -0.01822197 0.49723828
v 0.07268133 -0.01545683 0.49830247
v 0.07297561 -0.01309465 0.49861777
v 0.07203675 -0.01730489 0.49932726
v 0.07329790 -0.00946800 0.49889369
v -0.00302977 -0.10017574 0.49838130
v -0.00147436 -0.09982837 0.49806597
v 0.00069763 -0.09860559 0.49913019
v 0.00459318 -0.09809147 0.49585873
v 0.00719956 -0.09631288 0.49849953
v 0.01274863 -0.09353385 0.49897253
v 0.02058178 -0.09068534 0.49577990
v 0.02331427 -0.08853158 0.49853896
v 0.00960976 -0.09577097 0.49668645
v 0.01199194 -0.09503453 0.49542517
v 0.01839578 -0.09238055 0.49349382
v 0.02569645 -0.08786462 0.49581930
v 0.02855506 -0.08532180 0.49865720
v 0.03203023 -0.08262613 0.49889369
v 0.03444043 -0.08087534 0.49853896
v 0.03679458 -0.07986099 0.49566166
v 0.03849013 -0.07747102 0.49861777
v 0.04269396 -0.07351089 0.49873603
v 0.04499206 -0.07221864 0.49574050
v 0.04647742 -0.06981478 0.49869663
v 0.09099605 -0.00171449 0.41155004
v 0.09103809 -0.00003317 0.41155004
v 0.11406111 -0.02175134 0.25913219
v 0.11190314 -0.03317318 0.25526950
v 0.11347257 -0.02497503 0.25913219
v 0.11135664 -0.03346498 0.25921099
v 0.10858211 -0.04192715 0.26007815
v 0.10875026 -0.04233011 0.25751618
v 0.10996937 -0.03674424 0.26307368
v 0.11471971 -0.00003317 0.27075960
v 0.11473372 -0.00185344 0.27072020
v 0.11464965 -0.01063520 0.26681811
v 0.11438341 -0.01378940 0.26681811
v 0.11359869 -0.02173745 0.26299485
v 0.10804962 -0.04490072 0.25546660
v 0.10790950 -0.04412258 0.25905336
v 0.09662919 -0.07285782 0.23197523
v 0.09676933 -0.07313572 0.22901910
v 0.09454129 -0.07533116 0.23595615
v 0.09563429 -0.07499768 0.22783666
v 0.09343428 -0.07819357 0.22799431
v 0.09379862 -0.07884664 0.22015073
v 0.09430308 -0.07916623 0.21242539
v 0.10080501 -0.06581296 0.23343358
v 0.09641900 -0.07246876 0.23595615
v 0.10044068 -0.06514599 0.23981883
v 0.10066488 -0.06556285 0.23587732
v 0.10541522 -0.04819387 0.26709400
v 0.10468656 -0.05005583 0.26709400
v 0.10151967 -0.05233464 0.28270236
v 0.10039864 -0.05705900 0.27497701
v 0.10013239 -0.05644761 0.27887910
v 0.09759608 -0.05917107 0.28676211
v 0.09769417 -0.06019931 0.28250529
v 0.09674130 -0.06167220 0.28360889
v 0.09601264 -0.06428450 0.27891850
v 0.09629290 -0.06479861 0.27505585
v 0.09759608 -0.06336741 0.27115376
v 0.09825468 -0.06400659 0.26334958
v 0.09873112 -0.06400659 0.25944749
v 0.10135150 -0.05148703 0.28672268
v 0.09920755 -0.06399269 0.25554540
v 0.09260753 -0.08095871 0.21731286
v 0.09273364 -0.08111156 0.21471146
v 0.09284574 -0.08125051 0.21234655
v 0.09302791 -0.08145894 0.20852330
v 0.09319606 -0.08166737 0.20466064
v 0.08376545 -0.09438146 0.18881580
v 0.08173360 -0.09716049 0.18124812
v 0.08160748 -0.09703543 0.18518962
v 0.08184570 -0.09728554 0.17734603
v 0.08651196 -0.09035185 0.20087678
v 0.08099092 -0.09645184 0.20087678
v 0.08125717 -0.09672974 0.19417624
v 0.08135525 -0.09682701 0.19153544
v 0.08195781 -0.09739671 0.17340452
v 0.08212596 -0.09759124 0.16567919
v 0.08417183 -0.09560423 0.16177710
v 0.08806738 -0.08780904 0.20852330
v 0.08602151 -0.08978215 0.21242539
v 0.08635782 -0.09017121 0.20470004
v 0.08422787 -0.09567370 0.15787502
v 0.08426991 -0.09572929 0.15401234
v 0.08431195 -0.09577097 0.15014967
v 0.08435399 -0.09581266 0.14624760
v 0.08438202 -0.09585434 0.14234551
v 0.08439604 -0.09588213 0.13844342
v 0.08441004 -0.09589603 0.13454133
v 0.08442406 -0.09589603 0.13059982
v 0.08442406 -0.09588213 0.12665833
v 0.08986102 -0.08978215 0.12275624
v 0.08441004 -0.09586824 0.12271683
v 0.08439604 -0.09581266 0.11877532
v 0.08435399 -0.09575708 0.11487323
v 0.08616165 -0.09374228 0.11487323
v 0.08431195 -0.09570150 0.11101058
v 0.08977694 -0.08971267 0.11491265
v 0.08972089 -0.08967099 0.11104998
v 0.08424189 -0.09561812 0.10714790
v 0.08597948 -0.09351996 0.10324581
v 0.08782917 -0.09126894 0.09942256
v 0.08841770 -0.09053249 0.09796421
v 0.00665307 -0.13728978 0.09796421
v 0.00871294 -0.13692850 0.09796421
v 0.00893715 -0.13698408 0.09922548
v 0.00956772 -0.13715082 0.10312756
v 0.00605051 -0.13831803 0.11093174
v 0.00614860 -0.13872099 0.11873591
v 0.00180464 -0.13962417 0.12267741
v 0.00609255 -0.13852644 0.11479442
v 0.00184668 -0.13977700 0.12661892
v -0.00178263 -0.14031893 0.12673716
v -0.00193678 -0.14045788 0.13075749
v -0.00319793 -0.14054126 0.12953562
v -0.00475335 -0.14072189 0.13087574
v -0.00944763 -0.14124991 0.13485666
v -0.01367950 -0.14151391 0.13497489
v -0.01771518 -0.14166675 0.13497489
v -0.01925659 -0.14170844 0.13497489
v -0.01925659 -0.10466388 0.49290260
v -0.01726677 -0.10683153 0.47950148
v -0.00311385 -0.10085661 0.49589816
v -0.01732282 -0.10745682 0.47595415
v -0.01398778 -0.10701218 0.47591475
v 0.00071164 -0.10067597 0.49081359
v -0.00081575 -0.10016185 0.49585873
v -0.00587437 -0.10464999 0.47930445
v -0.00186671 -0.10409419 0.47725487
v -0.01010624 -0.10617846 0.47595415
v 0.05817810 -0.05500251 0.49869663
v 0.05009272 -0.06577128 0.49861777
v 0.05233476 -0.06417333 0.49574050
v 0.05352585 -0.06174167 0.49846010
v 0.05698701 -0.05712848 0.49782950
v 0.05383413 -0.06229748 0.49577990
v 0.05742141 -0.05776765 0.49487337
v 0.06039212 -0.05258475 0.49574050
v 0.06154117 -0.05056995 0.49574050
v 0.06121887 -0.04990298 0.49838130
v 0.06434373 -0.04478955 0.49574050
v 0.06494627 -0.04180209 0.49834187
v 0.06298448 -0.04776312 0.49570106
v 0.06798705 -0.03588274 0.49601639
v 0.06847750 -0.03360393 0.49755358
v 0.06961254 -0.02849051 0.49893310
v 0.06920616 -0.03231168 0.49605582
v 0.07034120 -0.02836545 0.49593756
v 0.07025713 -0.03243674 0.49101068
v 0.07244312 -0.03342330 0.47914678
v 0.07458708 -0.02514177 0.47922558
v 0.07685715 -0.02487776 0.46811057
v 0.08270049 -0.02494724 0.43850988
v 0.08872598 -0.02361330 0.40946103
v 0.08798330 -0.02158460 0.41521563
v 0.08872598 -0.01959759 0.41324486
v 0.09012727 -0.01345592 0.41143178
v 0.08939860 -0.01333086 0.41521563
v 0.08855783 -0.01121880 0.42081254
v 0.08974891 -0.01013497 0.41525504
v 0.00207088 -0.09980058 0.49254787
v 0.01035244 -0.09628509 0.49376972
v 0.02380472 -0.08892065 0.49577990
v 0.02051172 -0.09175527 0.49120778
v 0.02477160 -0.08944867 0.49112892
v 0.01686839 -0.09364501 0.49120778
v 0.01916649 -0.09281130 0.48963117
v 0.02608881 -0.08822589 0.49329676
v 0.02812066 -0.08632225 0.49574050
v 0.03123150 -0.08540517 0.49065595
v 0.03039073 -0.08472431 0.49570106
v 0.03486082 -0.08136167 0.49566166
v 0.03731305 -0.08044459 0.49211430
v 0.03889650 -0.07799904 0.49570106
v 0.04136275 -0.07666510 0.49262670
v 0.04088631 -0.07613709 0.49574050
v 0.04305830 -0.07408060 0.49574050
v 0.04537041 -0.07266329 0.49306026
v 0.04950418 -0.07245486 0.47887088
v 0.04918188 -0.06874485 0.49254787
v 0.05285324 -0.06485419 0.49191724
v 0.05045705 -0.06632709 0.49570106
v 0.09124828 -0.01020445 0.40749029
v 0.09175274 -0.00177008 0.40756912
v 0.09179479 -0.00003317 0.40756912
v 0.11301015 -0.02493334 0.26295545
v 0.11088021 -0.03349277 0.26307368
v 0.10886236 -0.03610507 0.27367633
v 0.10949294 -0.03677203 0.26693634
v 0.10811969 -0.04075995 0.26697577
v 0.10625598 -0.04458113 0.27103552
v 0.10676044 -0.04458113 0.26705460
v 0.11421525 -0.00003317 0.27458285
v 0.11422926 -0.00186734 0.27454345
v 0.11364073 -0.01055183 0.27454345
v 0.11387895 -0.01376161 0.27068076
v 0.11310824 -0.02170966 0.26685751
v 0.11235155 -0.02407184 0.26938008
v 0.09410689 -0.07465029 0.24387856
v 0.09434512 -0.07496989 0.23993707
v 0.09330817 -0.07786008 0.23126577
v 0.09294383 -0.07699858 0.23993707
v 0.09207505 -0.08016668 0.22795491
v 0.09225720 -0.08048627 0.22401340
v 0.09758207 -0.06682731 0.25554540
v 0.09783430 -0.06717469 0.25164334
v 0.09815659 -0.06810566 0.24407565
v 0.09930564 -0.06778608 0.23591674
v 0.09619480 -0.07207969 0.23993707
v 0.09707761 -0.06610476 0.26334958
v 0.10516299 -0.04751301 0.27103552
v 0.10443433 -0.04940275 0.27103552
v 0.09920755 -0.05591959 0.28672268
v 0.09732984 -0.05854579 0.29066417
v 0.09650308 -0.06119976 0.28676211
v 0.09497568 -0.06399269 0.28676211
v 0.09325211 -0.06624371 0.28971822
v 0.09349033 -0.06660499 0.28672268
v 0.09378460 -0.06709132 0.28274176
v 0.09389670 -0.06786945 0.27872144
v 0.09455531 -0.06766102 0.27501642
v 0.09655913 -0.06527105 0.27115376
v 0.09676933 -0.06563232 0.26800056
v 0.10366362 -0.04866631 0.27891850
v 0.10310311 -0.04868020 0.28282059
v 0.10254259 -0.04868020 0.28676211
v 0.10104323 -0.05088954 0.29062477
v 0.09859099 -0.05594738 0.29066417
v 0.08973490 -0.08213980 0.23591674
v 0.08994510 -0.08241770 0.23193583
v 0.09014127 -0.08269561 0.22795491
v 0.08768903 -0.08735050 0.21624864
v 0.08788522 -0.08758671 0.21238598
v 0.07788008 -0.10091219 0.18120870
v 0.07797818 -0.10105115 0.17730661
v 0.07776798 -0.10075934 0.18515019
v 0.07807626 -0.10117619 0.17336511
v 0.08261641 -0.09429809 0.20473947
v 0.08065462 -0.09609056 0.20860213
v 0.07872085 -0.09803589 0.20860213
v 0.07888900 -0.09820263 0.20473947
v 0.07884696 -0.09888349 0.19665939
v 0.07816034 -0.10128736 0.16950245
v 0.07823041 -0.10139852 0.16563978
v 0.07830047 -0.10148189 0.16177710
v 0.08219603 -0.09767461 0.16177710
v 0.08047245 -0.09590992 0.21246482
v 0.08562916 -0.08936529 0.22015073
v 0.08027627 -0.09571539 0.21636689
v 0.08230812 -0.09778578 0.15401234
v 0.08235016 -0.09781357 0.15014967
v 0.08237819 -0.09785525 0.14624760
v 0.08240622 -0.09788304 0.14234551
v 0.08243424 -0.09789693 0.13844342
v 0.08244826 -0.09791083 0.13454133
v 0.08246227 -0.09791083 0.13059982
v 0.08244826 -0.09788304 0.12271683
v 0.08243424 -0.09782746 0.11881474
v 0.08239220 -0.09777188 0.11491265
v 0.08233615 -0.09773019 0.11104998
v 0.08228010 -0.09766072 0.10718732
v 0.08415781 -0.09553476 0.10324581
v 0.08589540 -0.09340879 0.09938314
v 0.08708649 -0.09200538 0.09796421
v 0.01391169 -0.13577520 0.09796421
v 0.01399577 -0.13616426 0.10316698
v 0.01378557 -0.13646996 0.10683257
v 0.01033843 -0.13723418 0.10683257
v 0.01005817 -0.13756767 0.11093174
v 0.01014225 -0.13797063 0.11873591
v 0.00620465 -0.13888772 0.12263800
v 0.01010021 -0.13777610 0.11483382
v 0.00624669 -0.13902668 0.12661892
v 0.00627472 -0.13915173 0.13059982
v 0.00187470 -0.13988817 0.13059982
v -0.00144633 -0.14049956 0.13462016
v -0.00510367 -0.14095810 0.13864050
v -0.00508965 -0.14086083 0.13477782
v -0.00944763 -0.14134718 0.13871931
v -0.01365147 -0.14159727 0.13879815
v -0.01925659 -0.14180570 0.13883756
v -0.01925659 -0.14175014 0.13647267
v -0.01925659 -0.10701218 0.47954091
v -0.01925659 -0.10762357 0.47595415
v -0.01925659 -0.10790146 0.47425931
v -0.01742091 -0.10823495 0.47118494
v -0.01634192 -0.10849895 0.46889887
v -0.01415593 -0.10773472 0.47157907
v -0.01051261 -0.10911034 0.45845388
v -0.01072280 -0.10851285 0.46243480
v 0.00441102 -0.09925866 0.49077422
v 0.00483140 -0.10194043 0.47579649
v 0.00749383 -0.10038417 0.47891026
v -0.00116607 -0.10428872 0.47473230
v -0.00600049 -0.10524749 0.47595415
v -0.00612660 -0.10670648 0.46728285
v -0.00266544 -0.10588666 0.46736168
v -0.00259538 -0.10726229 0.45872981
v -0.00134824 -0.10804042 0.45187156
v -0.00807438 -0.10817937 0.46093705
v 0.05836026 -0.05576675 0.49609523
v 0.05648255 -0.06043553 0.49069536
v 0.05646854 -0.06431229 0.47894969
v 0.05840230 -0.06278381 0.47559942
v 0.05795389 -0.05843462 0.49061655
v 0.06033607 -0.06003257 0.47563882
v 0.06165327 -0.05805945 0.47567823
v 0.06135900 -0.05764260 0.47812199
v 0.06002779 -0.05526652 0.49030122
v 0.06085454 -0.05325172 0.49211430
v 0.06414755 -0.04774923 0.49069536
v 0.06545073 -0.05043100 0.47902852
v 0.06517048 -0.05000025 0.48127516
v 0.06522653 -0.04264970 0.49577990
v 0.06470806 -0.04556768 0.49282379
v 0.06879980 -0.03467386 0.49467628
v 0.07265331 -0.03410416 0.47717601
v 0.07713740 -0.02614222 0.46511501
v 0.08470431 -0.02673971 0.42593651
v 0.08578329 -0.02483608 0.42301978
v 0.08653998 -0.02484997 0.41911769
v 0.08889414 -0.02464154 0.40729319
v 0.09015529 -0.02514177 0.39992261
v 0.09234128 -0.02514177 0.38809808
v 0.09299988 -0.02375225 0.38612733
v 0.09012727 -0.02182082 0.40374586
v 0.08944064 -0.02172355 0.40756912
v 0.08854382 -0.02159850 0.41233833
v 0.09019733 -0.01736047 0.40756912
v 0.09086994 -0.01353929 0.40749029
v 0.00860084 -0.09759124 0.49089245
v 0.01301487 -0.09564592 0.49073479
v 0.00818046 -0.10070376 0.47575709
v 0.01270659 -0.09873064 0.47567823
v 0.01564928 -0.09678532 0.47894969
v 0.01803145 -0.09616004 0.47654538
v 0.02052573 -0.09436756 0.47894969
v 0.02401491 -0.09315868 0.47571766
v 0.03001239 -0.09224160 0.46440555
v 0.02016140 -0.09529854 0.47544176
v 0.03037672 -0.08876780 0.47902852
v 0.02800856 -0.08750334 0.49112892
v 0.03788758 -0.08468262 0.47370751
v 0.04513219 -0.08011110 0.46692812
v 0.04654748 -0.07760997 0.47134260
v 0.04984049 -0.07276055 0.47662421
v 0.05128380 -0.06706353 0.49041946
v 0.05125578 -0.07056511 0.47891026
v 0.05365197 -0.06934234 0.47418047
v 0.05453477 -0.06678563 0.47894969
v 0.05690294 -0.06482640 0.47559942
v 0.09161262 -0.01349761 0.40354877
v 0.09284574 -0.01206640 0.39775477
v 0.09199096 -0.01016276 0.40346994
v 0.09283174 -0.00129763 0.40177509
v 0.09539607 -0.00170059 0.38766451
v 0.09681136 -0.00160333 0.37989977
v 0.09578844 -0.00003317 0.38561494
v 0.11148275 -0.02496113 0.27470112
v 0.11216938 -0.02566979 0.26811879
v 0.11233754 -0.02636455 0.26547799
v 0.11038976 -0.03353446 0.26693634
v 0.10869422 -0.03547978 0.27627770
v 0.10674644 -0.03709163 0.28680151
v 0.10729293 -0.03709163 0.28278119
v 0.10729293 -0.04017636 0.27493758
v 0.10545726 -0.04390026 0.27887910
v 0.10561139 -0.04488682 0.27501642
v 0.11369678 -0.00003317 0.27844554
v 0.11371079 -0.00185344 0.27840611
v 0.11336047 -0.01374772 0.27454345
v 0.11310824 -0.01052404 0.27840611
v 0.11207129 -0.01284453 0.28443661
v 0.11282798 -0.01373382 0.27840611
v 0.11331843 -0.01722151 0.27072020
v 0.11155282 -0.02172355 0.27856377
v 0.11218340 -0.02311307 0.27198148
v 0.09384066 -0.07434460 0.24774124
v 0.09356040 -0.07405280 0.25164334
v 0.09269160 -0.07667899 0.24387856
v 0.08944064 -0.08169516 0.24167132
v 0.09154255 -0.07965256 0.23595615
v 0.09556423 -0.07159336 0.24774124
v 0.09248141 -0.07266329 0.26721227
v 0.09274765 -0.07303846 0.26331018
v 0.10498083 -0.04702668 0.27375516
v 0.10426617 -0.04844399 0.27505585
v 0.09714767 -0.05811503 0.29314734
v 0.09386868 -0.05899043 0.31009579
v 0.09423301 -0.05950455 0.30623313
v 0.09522792 -0.06003257 0.29850778
v 0.09620881 -0.06058838 0.29070360
v 0.09412091 -0.06435397 0.29090067
v 0.09304193 -0.06589634 0.29228019
v 0.08881006 -0.07301066 0.29070360
v 0.08900624 -0.07334415 0.28818103
v 0.08921643 -0.07364984 0.28554023
v 0.09099605 -0.07149609 0.28278119
v 0.09193491 -0.07182958 0.27501642
v 0.09221517 -0.07226033 0.27111433
v 0.09507378 -0.06767491 0.27115376
v 0.10463050 -0.04610960 0.27887910
v 0.10435024 -0.04535926 0.28282059
v 0.10352349 -0.04449776 0.29062477
v 0.10196807 -0.04865241 0.29062477
v 0.10087507 -0.05056995 0.29271378
v 0.08481641 -0.08832315 0.23587732
v 0.08501259 -0.08862885 0.23189640
v 0.08526482 -0.08897623 0.22696952
v 0.08754891 -0.08651678 0.22385575
v 0.08749286 -0.08708648 0.22011132
v 0.08541896 -0.08915686 0.22405282
v 0.07561001 -0.10284362 0.18518962
v 0.07573613 -0.10298257 0.18124812
v 0.07584823 -0.10310763 0.17734603
v 0.07594632 -0.10323268 0.17340452
v 0.07835651 -0.09767461 0.21636689
v 0.07249917 -0.10370512 0.21254363
v 0.07231701 -0.10352449 0.21644572
v 0.07266732 -0.10387186 0.20868096
v 0.07284949 -0.10402471 0.20481830
v 0.07518963 -0.10207939 0.20091621
v 0.07577817 -0.10184317 0.19665939
v 0.07603040 -0.10334385 0.16950245
v 0.07610046 -0.10345500 0.16567919
v 0.07618453 -0.10353838 0.16181652
v 0.07835651 -0.10155137 0.15787502
v 0.07988391 -0.09527074 0.22409224
v 0.07740365 -0.09674364 0.23426131
v 0.07796416 -0.09727165 0.22409224
v 0.07816034 -0.09748008 0.22022956
v 0.07841257 -0.10159305 0.15401234
v 0.07845461 -0.10163474 0.15014967
v 0.07848264 -0.10167643 0.14624760
v 0.07849665 -0.10171811 0.14234551
v 0.07852467 -0.10174590 0.13450191
v 0.07851066 -0.10175980 0.13059982
v 0.07849665 -0.10175980 0.12665833
v 0.07848264 -0.10173200 0.12275624
v 0.07845461 -0.10169032 0.11881474
v 0.07835651 -0.10157915 0.11104998
v 0.07828645 -0.10150968 0.10718732
v 0.08219603 -0.09757735 0.10328523
v 0.08328902 -0.09614615 0.09796421
v 0.08404571 -0.09543749 0.09938314
v 0.08469030 -0.09464546 0.09796421
v 0.01513080 -0.13549729 0.09796421
v 0.01755502 -0.13505265 0.09930431
v 0.01759705 -0.13534445 0.10320640
v 0.01765311 -0.13559456 0.10710849
v 0.01473844 -0.13652554 0.11097116
v 0.01528494 -0.13663669 0.11487323
v 0.01574736 -0.13674786 0.11877532
v 0.01604164 -0.13683122 0.12184970
v 0.01626584 -0.13690072 0.12452992
v 0.01019830 -0.13812348 0.12267741
v 0.01024034 -0.13826243 0.12665833
v 0.01028238 -0.13837359 0.13063924
v 0.00630274 -0.13923510 0.13458074
v 0.00190273 -0.13998543 0.13458074
v -0.00126416 -0.14055514 0.13848283
v -0.00255334 -0.14069409 0.13856167
v -0.00245525 -0.14074967 0.14242434
v -0.00511768 -0.14101368 0.14250316
v -0.00947566 -0.14141664 0.14258199
v -0.01363745 -0.14166675 0.14266082
v -0.01925659 -0.14183350 0.14025651
v -0.01925659 -0.10830442 0.47173674
v -0.01925659 -0.10866570 0.46945069
v -0.01729480 -0.11024976 0.45825682
v -0.01426803 -0.10986069 0.45833562
v -0.00714954 -0.10836000 0.45853272
v -0.01042853 -0.10974953 0.45423647
v 0.00663905 -0.10405250 0.46018816
v 0.00736772 -0.10427482 0.45738969
v 0.00623268 -0.10773472 0.43850988
v -0.00262340 -0.10920761 0.44635349
v -0.00057754 -0.10822106 0.44919135
v -0.00259538 -0.10980510 0.44245140
v 0.00794224 -0.12432557 0.32866025
v 0.01426201 -0.12418662 0.31809703
v 0.01744291 -0.12264425 0.32207795
v 0.05725325 -0.06521547 0.47291919
v 0.05869657 -0.06372869 0.47142141
v 0.06011187 -0.06322846 0.46692812
v 0.06152715 -0.06172778 0.46543034
v 0.06521252 -0.05751754 0.46050346
v 0.06466602 -0.06446513 0.44284556
v 0.06510042 -0.06510431 0.43894344
v 0.07020107 -0.05975466 0.43066633
v 0.06952846 -0.05801777 0.43886464
v 0.06669787 -0.04791597 0.47906792
v 0.06732845 -0.04797155 0.47583589
v 0.07324185 -0.05786492 0.42167970
v 0.07268133 -0.05686446 0.42700070
v 0.07663294 -0.05686446 0.40756912
v 0.07710938 -0.05027815 0.42199499
v 0.06575901 -0.04409480 0.49085302
v 0.06836540 -0.03707773 0.49223257
v 0.06814119 -0.04460891 0.47906792
v 0.06903801 -0.04249685 0.47906792
v 0.07011700 -0.03975950 0.47906792
v 0.07154630 -0.03604948 0.47910735
v 0.07289153 -0.03479892 0.47473230
v 0.08250430 -0.03639687 0.42305921
v 0.08467629 -0.03532693 0.41383609
v 0.08442406 -0.03453491 0.41643749
v 0.08282659 -0.03296475 0.42696130
v 0.08359730 -0.03293696 0.42305921
v 0.08658203 -0.03295086 0.40752969
v 0.08881006 -0.03471555 0.39334028
v 0.09018331 -0.03317318 0.38825574
v 0.09088396 -0.03322876 0.38443248
v 0.09227122 -0.02826818 0.38411719
v 0.09304193 -0.02644791 0.38258000
v 0.09746996 -0.02491944 0.36046815
v 0.09322409 -0.02498892 0.38348653
v 0.09807251 -0.02164018 0.36050759
v 0.09447122 -0.02164018 0.38021510
v 0.01287474 -0.10256572 0.45459123
v 0.01517284 -0.10031470 0.46176475
v 0.01454227 -0.10005069 0.46460265
v 0.01663017 -0.09775798 0.47161850
v 0.01671425 -0.09697986 0.47544176
v 0.01853591 -0.09639626 0.47410164
v 0.02245949 -0.09628509 0.46487854
v 0.02184293 -0.09599330 0.46787408
v 0.02111427 -0.09561812 0.47153967
v 0.02844295 -0.09427029 0.45849328
v 0.02896143 -0.09553476 0.45049207
v 0.03099328 -0.09283909 0.45841448
v 0.03777547 -0.08821200 0.45849328
v 0.03704681 -0.08779514 0.46275010
v 0.03092322 -0.08914297 0.47571766
v 0.03833599 -0.08503000 0.47071195
v 0.04559461 -0.08047238 0.46389316
v 0.04884558 -0.07981931 0.45439413
v 0.04908380 -0.07619266 0.46696755
v 0.05052711 -0.07349700 0.47146084
v 0.05229273 -0.07160725 0.47150027
v 0.05473095 -0.06760544 0.47548119
v 0.05289527 -0.07221864 0.46704635
v 0.05407235 -0.07331636 0.45849328
v 0.05684688 -0.07238538 0.45053147
v 0.05765963 -0.06563232 0.46988425
v 0.09877316 -0.02168187 0.35660550
v 0.09742792 -0.01702698 0.36819353
v 0.09728780 -0.01352540 0.37205619
v 0.09595658 -0.01327528 0.37962387
v 0.09634894 -0.01248326 0.37800785
v 0.10465853 -0.01270558 0.33157698
v 0.09549416 -0.01019055 0.38388069
v 0.10440630 -0.01035730 0.33394188
v 0.10464451 -0.00135322 0.33563670
v 0.10465853 -0.00003317 0.33563670
v 0.09682538 -0.00003317 0.37989977
v 0.11095027 -0.02501671 0.27856377
v 0.10928274 -0.03382626 0.27493758
v 0.10987129 -0.03356225 0.27091726
v 0.11040377 -0.02504450 0.28250529
v 0.10924071 -0.02753174 0.28652562
v 0.10772733 -0.03350667 0.28676211
v 0.10718083 -0.03349277 0.29066417
v 0.10621395 -0.03699436 0.29066417
v 0.10479866 -0.04201052 0.28814163
v 0.10498083 -0.04256632 0.28554023
v 0.10517700 -0.04313603 0.28278119
v 0.10617191 -0.04032920 0.28278119
v 0.11281397 -0.00003317 0.28471251
v 0.11316429 -0.00183955 0.28226880
v 0.11222544 -0.01523451 0.28108634
v 0.11102033 -0.02172355 0.28246586
v 0.11256174 -0.01046846 0.28226880
v 0.11228148 -0.01362266 0.28234763
v 0.11146875 -0.01031561 0.28999414
v 0.11090823 -0.01026003 0.29389620
v 0.11061396 -0.01360877 0.29393563
v 0.11117448 -0.01363656 0.29003355
v 0.08906229 -0.08116713 0.24778065
v 0.09312600 -0.07358037 0.25751618
v 0.09326613 -0.07374711 0.25554540
v 0.09102408 -0.07551180 0.26334958
v 0.08631578 -0.08270950 0.25956575
v 0.08658203 -0.08301519 0.25562423
v 0.08658203 -0.08370996 0.25132801
v 0.08436801 -0.08767008 0.24379973
v 0.08460622 -0.08798967 0.23985824
v 0.09002917 -0.07469199 0.27505585
v 0.09032344 -0.07505325 0.27115376
v 0.09695149 -0.05767039 0.29574871
v 0.09273364 -0.06104692 0.31013522
v 0.09347632 -0.05846241 0.31403728
v 0.09396676 -0.06352026 0.29460569
v 0.09164065 -0.06415944 0.30631196
v 0.09102408 -0.06410386 0.31013522
v 0.08934255 -0.06618813 0.31289425
v 0.08958077 -0.06659109 0.31013522
v 0.08990306 -0.06714690 0.30627253
v 0.08851579 -0.07242707 0.29464509
v 0.08558712 -0.07385827 0.30619370
v 0.08592342 -0.07431682 0.30237044
v 0.08624572 -0.07478925 0.29854718
v 0.08707247 -0.07544232 0.29074301
v 0.08491450 -0.08097260 0.27899734
v 0.08942662 -0.07392775 0.28282059
v 0.08973490 -0.07431682 0.27891850
v 0.08431195 -0.08011110 0.28684092
v 0.10418209 -0.04423375 0.28680151
v 0.10294897 -0.04448386 0.29444803
v 0.10119737 -0.04756859 0.29838952
v 0.10137953 -0.04873579 0.29421153
v 0.09674130 -0.05718405 0.29846835
v 0.10042666 -0.04948612 0.29838952
v 0.10066488 -0.05008362 0.29531515
v 0.09720372 -0.05088954 0.31407671
v 0.09756805 -0.05150093 0.31009579
v 0.08213997 -0.08971267 0.24778065
v 0.08236417 -0.09001837 0.24383915
v 0.08257436 -0.09032406 0.23985824
v 0.08277055 -0.09061586 0.23583790
v 0.07874888 -0.09509011 0.23568026
v 0.07356414 -0.10462220 0.18755453
v 0.07546989 -0.10239897 0.19311204
v 0.07317178 -0.10431651 0.19709296
v 0.07333994 -0.10444157 0.19315145
v 0.07378835 -0.10478895 0.18128753
v 0.07391446 -0.10490011 0.17734603
v 0.07402657 -0.10499738 0.17344394
v 0.07212082 -0.10334385 0.22030840
v 0.07025713 -0.10503906 0.22034780
v 0.07043929 -0.10520580 0.21648514
v 0.07004694 -0.10487231 0.22421048
v 0.07060744 -0.10537254 0.21262247
v 0.07078961 -0.10552539 0.20872038
v 0.07095776 -0.10567823 0.20485770
v 0.07300364 -0.10417756 0.20095561
v 0.07411064 -0.10509464 0.16954187
v 0.07419472 -0.10517801 0.16571861
v 0.07427880 -0.10526138 0.16181652
v 0.07624059 -0.10360785 0.15791443
v 0.07723550 -0.09660469 0.23690211
v 0.07172847 -0.10294088 0.22803374
v 0.07119598 -0.10214886 0.23977941
v 0.07192464 -0.10314931 0.22417105
v 0.07632466 -0.10370512 0.15018909
v 0.07636670 -0.10373292 0.14628700
v 0.07638071 -0.10377460 0.14234551
v 0.07639472 -0.10378849 0.13844342
v 0.07639472 -0.10380238 0.13454133
v 0.07639472 -0.10377460 0.12669775
v 0.07639472 -0.10378849 0.13059982
v 0.07638071 -0.10374681 0.12279566
v 0.07633867 -0.10370512 0.11885415
v 0.07628263 -0.10364954 0.11495207
v 0.07621256 -0.10360785 0.11108939
v 0.07614249 -0.10353838 0.10722673
v 0.07818837 -0.10142631 0.10328523
v 0.07809027 -0.10132904 0.09942256
v 0.08208392 -0.09748008 0.09942256
v 0.08204188 -0.09743839 0.09796421
v 0.08400367 -0.09539580 0.09796421
v 0.01754100 -0.13494149 0.09796421
v 0.02086204 -0.13409388 0.09934372
v 0.01869005 -0.13460799 0.09796421
v 0.02086204 -0.13438568 0.10324581
v 0.02087605 -0.13466359 0.10714790
v 0.01768113 -0.13583077 0.11101058
v 0.01768113 -0.13606700 0.11487323
v 0.01763909 -0.13627543 0.11881474
v 0.01639195 -0.13694239 0.12673716
v 0.01734482 -0.13653943 0.12303214
v 0.01417793 -0.13752599 0.13067866
v 0.01029639 -0.13845696 0.13458074
v 0.00630274 -0.13929068 0.13844342
v 0.00193076 -0.14009660 0.14234551
v 0.00191674 -0.14004102 0.13844342
v -0.00115206 -0.14061072 0.14238492
v -0.00241321 -0.14077745 0.14632641
v -0.00513169 -0.14105537 0.14640524
v -0.00950369 -0.14150001 0.15038617
v -0.01365147 -0.14175014 0.15042558
v -0.01363745 -0.14170844 0.14656291
v -0.01925659 -0.14187518 0.14266082
v -0.01788333 -0.14187518 0.14656291
v -0.01925659 -0.10883245 0.46838647
v -0.01925659 -0.11041649 0.45821739
v -0.01719671 -0.11086114 0.45411823
v -0.01557122 -0.11155590 0.44816657
v -0.01418396 -0.11047207 0.45415766
v -0.00621068 -0.10942994 0.45025554
v -0.01041451 -0.11034702 0.45021614
v -0.00621068 -0.11002743 0.44635349
v 0.00899320 -0.10545591 0.44651115
v 0.01421997 -0.10395523 0.44347618
v 0.00676517 -0.10790146 0.43638150
v 0.02146458 -0.12121305 0.32239328
v 0.02080598 -0.11898982 0.33744981
v -0.00260939 -0.11038870 0.43854931
v 0.00731166 -0.12408935 0.33122222
v 0.00550402 -0.12646543 0.31801820
v 0.00951167 -0.12549276 0.31801820
v 0.01493463 -0.12442283 0.31525916
v 0.01747094 -0.12322785 0.31817586
v 0.02128242 -0.12254699 0.31427377
v 0.02131044 -0.12193560 0.31821529
v 0.01915248 -0.12042102 0.33224704
v 0.06043416 -0.06414554 0.46267130
v 0.06180741 -0.06221411 0.46267130
v 0.06535265 -0.06543779 0.43669680
v 0.06962655 -0.06603528 0.41458498
v 0.06871571 -0.06464577 0.42317745
v 0.06830935 -0.06397880 0.42711897
v 0.07000489 -0.06261707 0.42313805
v 0.06093862 -0.06477082 0.45845388
v 0.06236793 -0.06646603 0.44662938
v 0.07105586 -0.05961571 0.42704011
v 0.06850552 -0.04533147 0.47583589
v 0.07681511 -0.04979182 0.42459640
v 0.07657689 -0.04930549 0.42688244
v 0.07548390 -0.04822166 0.43476548
v 0.07205076 -0.05935170 0.42305921
v 0.07392847 -0.05887927 0.41537327
v 0.07722149 -0.05786492 0.40205102
v 0.08101895 -0.05026426 0.40240575
v 0.07743167 -0.05080617 0.41903889
v 0.08075271 -0.04977793 0.40496772
v 0.06940234 -0.04323330 0.47583589
v 0.07076159 -0.03978729 0.47583589
v 0.07455905 -0.03657750 0.46306543
v 0.08073869 -0.04206610 0.42124613
v 0.08439604 -0.04139913 0.40362760
v 0.08904828 -0.03556316 0.39073888
v 0.09292982 -0.03535473 0.37012484
v 0.09528397 -0.03324266 0.36058642
v 0.09650308 -0.03057478 0.35774855
v 0.09665722 -0.02637844 0.36287249
v 0.09947380 -0.03340940 0.33733155
v 0.09815659 -0.02497503 0.35656610
v 0.01667221 -0.10167643 0.45049207
v 0.01581743 -0.10060649 0.45861155
v 0.02125439 -0.09960604 0.45049207
v 0.02060980 -0.09838327 0.45861155
v 0.01657412 -0.09942541 0.46302603
v 0.01670024 -0.09857780 0.46716459
v 0.02055375 -0.09685480 0.46669162
v 0.02188497 -0.09992563 0.44722061
v 0.02363657 -0.09685480 0.45857215
v 0.02454740 -0.09788304 0.45053147
v 0.02236140 -0.10016185 0.44457981
v 0.02969009 -0.09586824 0.44658995
v 0.03013850 -0.09609056 0.44406741
v 0.03057290 -0.09632678 0.44150544
v 0.03162386 -0.09322815 0.45439413
v 0.03651432 -0.08985163 0.45474889
v 0.03889650 -0.08541906 0.46712519
v 0.03813981 -0.08842043 0.45628604
v 0.04083026 -0.08767008 0.45045264
v 0.04216148 -0.08494663 0.45754736
v 0.04602901 -0.08079197 0.46101586
v 0.04935004 -0.08030563 0.45049207
v 0.05063922 -0.07794346 0.45443356
v 0.05104559 -0.07416397 0.46700692
v 0.04640735 -0.08108377 0.45841448
v 0.05456280 -0.07385827 0.45443356
v 0.05753351 -0.07314962 0.44493454
v 0.05721121 -0.07281613 0.44749651
v 0.09798844 -0.01352540 0.36815410
v 0.10477063 -0.02416911 0.32034370
v 0.10457445 -0.02277959 0.32290567
v 0.10290693 -0.02170966 0.33335066
v 0.10478464 -0.01555409 0.32838435
v 0.10454643 -0.01423405 0.33090692
v 0.10428018 -0.01351150 0.33303533
v 0.10555535 -0.01370604 0.32570414
v 0.10618592 -0.01378940 0.32195972
v 0.10648019 -0.01038509 0.32199912
v 0.10583560 -0.01038509 0.32574354
v 0.10568146 -0.00189513 0.32952740
v 0.10697064 -0.00202019 0.32203855
v 0.10699867 -0.00003317 0.32203855
v 0.10985727 -0.02504450 0.28644678
v 0.10898848 -0.02676750 0.28967882
v 0.10660630 -0.03349277 0.29448743
v 0.10475662 -0.03532693 0.30371056
v 0.10697064 -0.02500282 0.30607546
v 0.10566745 -0.03688320 0.29448743
v 0.10534515 -0.03945381 0.29058537
v 0.10493879 -0.03603559 0.30110915
v 0.11260378 -0.00181176 0.28613146
v 0.11089422 -0.00003317 0.29783772
v 0.11148275 -0.00179787 0.29381740
v 0.11117448 -0.01720762 0.28624972
v 0.11045983 -0.02172355 0.28636795
v 0.10865218 -0.02390510 0.29637937
v 0.11089422 -0.00179787 0.29779829
v 0.11031969 -0.01023224 0.29787712
v 0.10861013 -0.01253884 0.30796738
v 0.11002543 -0.01358098 0.29787712
v 0.10754516 -0.02179303 0.30607546
v 0.10844198 -0.02283517 0.29902018
v 0.08852980 -0.08047238 0.25562423
v 0.08578329 -0.08205643 0.26733050
v 0.08139729 -0.08875390 0.25964459
v 0.08191577 -0.08936529 0.25176158
v 0.08864191 -0.07660952 0.27509525
v 0.08715655 -0.07944414 0.27123259
v 0.08796929 -0.07909675 0.26713343
v 0.09234128 -0.06051890 0.31403728
v 0.09322409 -0.05807335 0.31667808
v 0.09018331 -0.06432618 0.31415554
v 0.08910433 -0.06579907 0.31553506
v 0.08540496 -0.06643824 0.33335066
v 0.08484444 -0.07285782 0.31399788
v 0.08511068 -0.07321909 0.31127824
v 0.08037436 -0.08004163 0.31005638
v 0.08072468 -0.08054185 0.30615430
v 0.08107500 -0.08100039 0.30229161
v 0.08298074 -0.07545621 0.31399788
v 0.08125717 -0.08125051 0.30020263
v 0.08389157 -0.07899949 0.29429036
v 0.08632979 -0.07565075 0.29429036
v 0.08400367 -0.07965256 0.29074301
v 0.08274252 -0.08290404 0.28293886
v 0.08513871 -0.08127830 0.27600180
v 0.08833363 -0.07624824 0.27895794
v 0.08206990 -0.08220927 0.29074301
v 0.08148137 -0.08151452 0.29768006
v 0.10101521 -0.04305266 0.31005638
v 0.10073495 -0.04651256 0.30390762
v 0.10095915 -0.04699889 0.30130625
v 0.10021647 -0.04838841 0.30248870
v 0.09954386 -0.04855515 0.30619370
v 0.09888526 -0.04858294 0.31009579
v 0.09821264 -0.04861073 0.31407671
v 0.09696550 -0.05051437 0.31648101
v 0.09297186 -0.05767039 0.31924008
v 0.07680110 -0.09618783 0.24376033
v 0.07918327 -0.09067144 0.26350724
v 0.07944952 -0.09094934 0.25964459
v 0.08016417 -0.09132451 0.25176158
v 0.07818837 -0.09351996 0.25176158
v 0.07705333 -0.09645184 0.23973999
v 0.06940234 -0.10801263 0.18924936
v 0.07164439 -0.10637300 0.18526846
v 0.07129407 -0.10691491 0.18105104
v 0.07128006 -0.10594225 0.19709296
v 0.07144821 -0.10605341 0.19319087
v 0.07175650 -0.10672037 0.17738545
v 0.07186859 -0.10681765 0.17344394
v 0.07001891 -0.10855454 0.16958127
v 0.06969661 -0.10456662 0.23087161
v 0.06985075 -0.10469168 0.22807314
v 0.06365710 -0.11006911 0.22428932
v 0.06617940 -0.10866570 0.21652455
v 0.06835139 -0.10722061 0.21262247
v 0.06854757 -0.10737345 0.20875979
v 0.06341888 -0.10958278 0.23201465
v 0.06872973 -0.10751240 0.20489712
v 0.06906604 -0.10777641 0.19713236
v 0.07203675 -0.10701218 0.16571861
v 0.07017304 -0.10870738 0.16185594
v 0.07216286 -0.10715113 0.15795385
v 0.07433485 -0.10531696 0.15795385
v 0.07010298 -0.10863791 0.16571861
v 0.06954248 -0.10444157 0.23347301
v 0.07094375 -0.10191265 0.24376033
v 0.06915011 -0.10410808 0.23981883
v 0.07443293 -0.10538644 0.15018909
v 0.07447498 -0.10541423 0.14632641
v 0.07450300 -0.10544202 0.14238492
v 0.07451702 -0.10545591 0.13458074
v 0.07451702 -0.10541423 0.12673716
v 0.07451702 -0.10544202 0.13063924
v 0.07448899 -0.10537254 0.12283508
v 0.07443293 -0.10534476 0.11889357
v 0.07437688 -0.10530307 0.11499148
v 0.07430682 -0.10526138 0.11112881
v 0.07423676 -0.10520580 0.10726614
v 0.07605842 -0.10344111 0.10332465
v 0.07593230 -0.10334385 0.09942256
v 0.07589026 -0.10330216 0.09796421
v 0.07668900 -0.10255182 0.09796421
v 0.07803422 -0.10128736 0.09796421
v 0.02897544 -0.13131485 0.09942256
v 0.02084802 -0.13396883 0.09796421
v 0.02199707 -0.13359366 0.09796421
v 0.02868117 -0.13170391 0.10336406
v 0.02935379 -0.13174559 0.10718732
v 0.02971812 -0.13185676 0.11104998
v 0.02087605 -0.13489980 0.11104998
v 0.02086204 -0.13512212 0.11491265
v 0.02083401 -0.13533055 0.11885415
v 0.01775119 -0.13655333 0.12673716
v 0.01657412 -0.13699798 0.13067866
v 0.02081999 -0.13549729 0.12279566
v 0.01414991 -0.13760937 0.13458074
v 0.01029639 -0.13851256 0.13844342
v 0.00631676 -0.13933236 0.14234551
v 0.00193076 -0.14012440 0.14624760
v -0.00112403 -0.14063852 0.14628700
v -0.00238519 -0.14079135 0.15022850
v -0.00514571 -0.14108315 0.15030733
v -0.00951770 -0.14151391 0.15424884
v -0.01365147 -0.14176402 0.15432767
v -0.01925659 -0.14195857 0.15042558
v -0.01925659 -0.14197245 0.15428826
v -0.01925659 -0.11104178 0.45392117
v -0.01356739 -0.12964743 0.31797880
v -0.01438013 -0.11113904 0.44978258
v -0.00976993 -0.12917498 0.31801820
v -0.00539794 -0.12856359 0.31805763
v -0.00217500 -0.12866086 0.31419494
v -0.00217500 -0.12702124 0.32570414
v -0.00216098 -0.12646543 0.32956680
v -0.00066161 -0.12806337 0.31667808
v 0.02077796 -0.11772536 0.34517516
v 0.02257159 -0.11609962 0.35089033
v 0.01475246 -0.10417756 0.44087478
v 0.01632189 -0.10324658 0.44237256
v 0.01667221 -0.10237119 0.44655055
v 0.02338434 -0.12067114 0.32125023
v 0.02282382 -0.12046271 0.32385163
v 0.00550402 -0.12702124 0.31415554
v 0.00743778 -0.12802169 0.30406529
v 0.00951167 -0.12660438 0.31021402
v 0.01336519 -0.12668776 0.30233104
v 0.01557921 -0.12461737 0.31261836
v 0.01702253 -0.12570119 0.30229161
v 0.02405695 -0.12089346 0.31817586
v 0.02104420 -0.12321395 0.31021402
v 0.02108624 -0.12486748 0.29862602
v 0.02219325 -0.12395040 0.30233104
v 0.02268370 -0.12410325 0.30008437
v 0.02510791 -0.12226908 0.30635136
v 0.03016653 -0.12017091 0.30757322
v 0.06487621 -0.07217695 0.41557036
v 0.06589915 -0.07348311 0.40638667
v 0.06644564 -0.06673005 0.42715837
v 0.07066349 -0.06406217 0.41568860
v 0.06994884 -0.06646603 0.41158944
v 0.07310172 -0.06534053 0.39996201
v 0.07270936 -0.06472914 0.40382467
v 0.06067237 -0.07201021 0.43504138
v 0.06112079 -0.07256602 0.43113929
v 0.06176537 -0.07335805 0.42550295
v 0.07307370 -0.06128313 0.41241717
v 0.07867881 -0.04812440 0.41907829
v 0.07740365 -0.04745743 0.42688244
v 0.07710938 -0.04674877 0.42987800
v 0.08048646 -0.04923601 0.40752969
v 0.07335395 -0.06169999 0.40981576
v 0.07415268 -0.05989362 0.41127411
v 0.07497944 -0.05975466 0.40760852
v 0.07625460 -0.06021321 0.39992261
v 0.07667498 -0.06079680 0.39609935
v 0.08089283 -0.06538221 0.36082291
v 0.08408775 -0.05971298 0.36101998
v 0.08494253 -0.05773986 0.36239950
v 0.08485845 -0.05031983 0.38222524
v 0.08309284 -0.04837451 0.39594169
v 0.08235016 -0.04834672 0.39984378
v 0.08889414 -0.04997246 0.36192653
v 0.08006608 -0.04477566 0.41911769
v 0.07695524 -0.04199662 0.44040182
v 0.08131321 -0.04356678 0.41529444
v 0.08488648 -0.04255243 0.39881899
v 0.08462024 -0.04195493 0.40138096
v 0.08984701 -0.03668867 0.38435368
v 0.09051962 -0.03682762 0.38049099
v 0.09315403 -0.03609117 0.36756287
v 0.09849290 -0.03670256 0.33733155
v 0.09689544 -0.03570211 0.34781596
v 0.09665722 -0.03496566 0.35037793
v 0.10045469 -0.03492397 0.32956680
v 0.10223432 -0.03339550 0.32180205
v 0.10205215 -0.02868504 0.32948797
v 0.10230438 -0.02496113 0.33331123
v 0.02056776 -0.10199601 0.43874640
v 0.03051685 -0.11611352 0.33173464
v 0.03044678 -0.11209781 0.35491065
v 0.03034869 -0.10439988 0.39807010
v 0.03032067 -0.10020353 0.42108847
v 0.03735509 -0.11169485 0.33756804
v 0.03847611 -0.10049534 0.39452274
v 0.03801369 -0.11205612 0.33366595
v 0.03738312 -0.10378849 0.38045156
v 0.03809777 -0.10410808 0.37651007
v 0.03351558 -0.09194980 0.45439413
v 0.03951306 -0.10107893 0.38813751
v 0.03809777 -0.09635457 0.41687105
v 0.03853216 -0.08869832 0.45360584
v 0.04574875 -0.09616004 0.39192133
v 0.03956911 -0.08587760 0.46275010
v 0.04137676 -0.08807304 0.44658995
v 0.04176912 -0.08835095 0.44387035
v 0.04317040 -0.08572476 0.45041321
v 0.04260989 -0.08530790 0.45435473
v 0.04696786 -0.08155620 0.45435473
v 0.04967233 -0.08062523 0.44789067
v 0.05384814 -0.08104208 0.42916854
v 0.05314750 -0.08027785 0.43508078
v 0.05501121 -0.07438629 0.45053147
v 0.05779975 -0.08105598 0.41289013
v 0.06082651 -0.08013889 0.40378527
v 0.06219977 -0.07772113 0.40709613
v 0.06126091 -0.07655394 0.41564920
v 0.10457445 -0.02578095 0.31927948
v 0.10565344 -0.02507229 0.31399788
v 0.10634006 -0.02504450 0.31001695
v 0.10691459 -0.02184861 0.31005638
v 0.10624198 -0.02187640 0.31403728
v 0.10299101 -0.02496113 0.32944857
v 0.10366362 -0.02498892 0.32558588
v 0.10359355 -0.02169576 0.32948797
v 0.10681650 -0.01384499 0.31809703
v 0.10712478 -0.01035730 0.31817586
v 0.10761522 -0.00203408 0.31821529
v 0.10762924 -0.00003317 0.31821529
v 0.10919868 -0.02523904 0.29066417
v 0.10875026 -0.02619780 0.29220139
v 0.10456043 -0.03454881 0.30615430
v 0.10359355 -0.03332603 0.31399788
v 0.10292094 -0.03336771 0.31793937
v 0.10264068 -0.03666087 0.31399788
v 0.10755917 -0.02501671 0.30209454
v 0.10080501 -0.04251074 0.31261836
v 0.11026364 -0.00181176 0.30181864
v 0.10779739 -0.01032951 0.31407671
v 0.10821778 -0.01356708 0.30958339
v 0.10880631 -0.01345592 0.30591780
v 0.10942288 -0.01356708 0.30185805
v 0.10747510 -0.01383109 0.31403728
v 0.10868020 -0.01563747 0.30465651
v 0.08550304 -0.08172294 0.27123259
v 0.08080875 -0.08814252 0.26736993
v 0.07887499 -0.09039354 0.26736993
v 0.08533489 -0.08152841 0.27340040
v 0.08997312 -0.06347857 0.31797880
v 0.08850178 -0.06104692 0.33339006
v 0.09210307 -0.05965740 0.31797880
v 0.08903426 -0.05801777 0.33961762
v 0.08888012 -0.06542390 0.31793937
v 0.08490050 -0.06567401 0.33859283
v 0.08110302 -0.06570180 0.35861567
v 0.08204188 -0.06703574 0.34907725
v 0.07730556 -0.07352479 0.35120566
v 0.07649282 -0.08019448 0.32929090
v 0.07771193 -0.08150062 0.31778170
v 0.07809027 -0.08195916 0.31391904
v 0.08111703 -0.07748491 0.31604745
v 0.07706734 -0.07712364 0.33867166
v 0.07846862 -0.08241770 0.30997755
v 0.07855270 -0.08325141 0.30576013
v 0.07621256 -0.08761450 0.29846835
v 0.07656288 -0.08801746 0.29460569
v 0.07765588 -0.08928192 0.28167757
v 0.08017818 -0.08747555 0.27517408
v 0.08391960 -0.08298740 0.27489818
v 0.07689918 -0.08842043 0.29074301
v 0.07722149 -0.08879559 0.28688035
v 0.10053877 -0.04606791 0.30615430
v 0.09912347 -0.04458113 0.31793937
v 0.09718971 -0.04774923 0.32184145
v 0.09672729 -0.05004193 0.31908242
v 0.10018844 -0.04528978 0.31009579
v 0.09314001 -0.05091733 0.33654326
v 0.07653486 -0.09589603 0.24774124
v 0.07390045 -0.09720218 0.25779207
v 0.07402657 -0.09734113 0.25578190
v 0.07429281 -0.09760514 0.25176158
v 0.07457306 -0.09785525 0.24774124
v 0.07712339 -0.09229718 0.26736993
v 0.07741766 -0.09258897 0.26350724
v 0.07769792 -0.09288078 0.25964459
v 0.07628263 -0.09557644 0.25176158
v 0.06745456 -0.10961057 0.18924936
v 0.06760871 -0.10972173 0.18530786
v 0.06955649 -0.10812379 0.18526846
v 0.06975266 -0.10829053 0.17959269
v 0.06966858 -0.10820716 0.18223349
v 0.06982273 -0.10834611 0.17738545
v 0.06993483 -0.10844338 0.17344394
v 0.06783291 -0.11049987 0.16575801
v 0.06781890 -0.11018027 0.17348336
v 0.06316665 -0.10944384 0.23591674
v 0.06137302 -0.11187549 0.22432872
v 0.06172334 -0.11211171 0.21829822
v 0.06334882 -0.11093061 0.21683987
v 0.06393735 -0.11079166 0.21270130
v 0.06411952 -0.11094451 0.20879921
v 0.06676794 -0.10909645 0.20489712
v 0.06711826 -0.10936045 0.19717179
v 0.06728641 -0.10948552 0.19323028
v 0.06783291 -0.11061102 0.16189535
v 0.06784693 -0.11070830 0.15799326
v 0.07022910 -0.10876296 0.15799326
v 0.07028515 -0.10880465 0.15409117
v 0.07220490 -0.10719281 0.15409117
v 0.06288640 -0.10927709 0.23985824
v 0.07069152 -0.10163474 0.24778065
v 0.06888387 -0.10385796 0.24379973
v 0.06669787 -0.10523359 0.24778065
v 0.06696411 -0.10546980 0.24379973
v 0.06260614 -0.10908256 0.24379973
v 0.07031318 -0.10884634 0.15022850
v 0.07227497 -0.10726229 0.14632641
v 0.07035521 -0.10887413 0.14636583
v 0.07036923 -0.10890192 0.14242434
v 0.07231701 -0.10729007 0.13848283
v 0.07231701 -0.10729007 0.13458074
v 0.07031318 -0.10883245 0.12287449
v 0.07038324 -0.10888803 0.13067866
v 0.07025713 -0.10879076 0.11893299
v 0.07207879 -0.10709554 0.11116822
v 0.07006095 -0.10859623 0.10730555
v 0.07189662 -0.10694270 0.10340348
v 0.07415268 -0.10510853 0.10336406
v 0.07013101 -0.10867960 0.11116822
v 0.07516160 -0.10394134 0.09796421
v 0.02898945 -0.13118978 0.09796421
v 0.03036271 -0.13067566 0.09796421
v 0.03260475 -0.12992534 0.09946197
v 0.03260475 -0.13020323 0.10336406
v 0.03259074 -0.13046724 0.10722673
v 0.03005443 -0.13196792 0.11491265
v 0.03034869 -0.13206518 0.11885415
v 0.03053086 -0.13213467 0.12200735
v 0.02080598 -0.13563624 0.12677657
v 0.01793336 -0.13659502 0.13067866
v 0.01807349 -0.13662281 0.13458074
v 0.01670024 -0.13702577 0.13458074
v 0.03064296 -0.13219023 0.12464816
v 0.01412188 -0.13766494 0.13844342
v 0.01031040 -0.13855423 0.14234551
v 0.00631676 -0.13936015 0.14624760
v -0.00109601 -0.14065241 0.15018909
v 0.00190273 -0.14015218 0.15405176
v -0.00111002 -0.14066630 0.15405176
v -0.00239920 -0.14080525 0.15413059
v -0.00515972 -0.14109705 0.15420942
v -0.00951770 -0.14151391 0.15811151
v -0.01363745 -0.14176402 0.15815093
v -0.01925659 -0.14195857 0.15815093
v -0.01925659 -0.12936951 0.32172322
v -0.01695849 -0.12981417 0.31793937
v -0.01702855 -0.13032830 0.31415554
v -0.01358141 -0.13016155 0.31415554
v -0.00978394 -0.12968911 0.31419494
v -0.00538392 -0.12909162 0.31423437
v -0.00214697 -0.12917498 0.31029285
v -0.00169856 -0.12786884 0.31924008
v -0.00210493 -0.13018933 0.30240987
v 0.00001100 -0.12825790 0.31415554
v 0.02894741 -0.11835064 0.32199912
v 0.02897544 -0.11897592 0.31813646
v 0.00565816 -0.12961964 0.29460569
v 0.00564414 -0.13011987 0.29070360
v 0.00811040 -0.12820233 0.30146391
v 0.00951167 -0.12716018 0.30627253
v 0.01465437 -0.12793832 0.29066417
v 0.01700852 -0.12625700 0.29838952
v 0.02014738 -0.12465905 0.30229161
v 0.02069388 -0.12556224 0.29452686
v 0.02065184 -0.12610415 0.29066417
v 0.02310408 -0.12429778 0.29752239
v 0.02904550 -0.12244972 0.29472393
v 0.02901748 -0.12190781 0.29858661
v 0.03067099 -0.12035155 0.30497184
v 0.03260475 -0.11798937 0.31423437
v 0.03146972 -0.11664153 0.32582238
v 0.06948642 -0.07328857 0.39018709
v 0.06920616 -0.07291340 0.39286732
v 0.06844947 -0.07191295 0.39992261
v 0.06679597 -0.07074575 0.41166828
v 0.06294245 -0.07459472 0.41560977
v 0.06252206 -0.07820747 0.40382467
v 0.06498831 -0.08037511 0.38415659
v 0.06900999 -0.08059744 0.36472497
v 0.07258325 -0.07616487 0.36468557
v 0.07202274 -0.06333962 0.41131352
v 0.07308771 -0.07314962 0.37355394
v 0.07035521 -0.06702184 0.40772679
v 0.07433485 -0.06335351 0.39996201
v 0.07638071 -0.07213527 0.36078348
v 0.07842658 -0.06786945 0.36492207
v 0.07817435 -0.06717469 0.36850883
v 0.07395650 -0.06271434 0.40378527
v 0.07356414 -0.06207516 0.40764792
v 0.07942149 -0.04813830 0.41529444
v 0.08093488 -0.04679046 0.41052522
v 0.08066863 -0.04619297 0.41312663
v 0.08122914 -0.04745743 0.40756912
v 0.08017818 -0.04804103 0.41166828
v 0.07705333 -0.07314962 0.35380703
v 0.08431195 -0.06456240 0.34517516
v 0.08497056 -0.06169999 0.35037793
v 0.08519476 -0.05817061 0.35979813
v 0.08913235 -0.05047268 0.35936456
v 0.08547502 -0.05133418 0.37635241
v 0.08398966 -0.04808271 0.39188193
v 0.08488648 -0.04659593 0.39046298
v 0.08432597 -0.04540094 0.39594169
v 0.08862789 -0.04937497 0.36468557
v 0.09106612 -0.04866631 0.35313697
v 0.09290180 -0.05040321 0.33910523
v 0.09470944 -0.04863852 0.33346889
v 0.08251832 -0.04430322 0.40756912
v 0.08951070 -0.04358067 0.37241092
v 0.09311199 -0.04244127 0.35542304
v 0.09427505 -0.03654971 0.36058642
v 0.09699353 -0.04285812 0.33346889
v 0.09870309 -0.04005130 0.32952740
v 0.09919354 -0.03670256 0.33342946
v 0.10062284 -0.03557705 0.32759606
v 0.03741114 -0.11566887 0.31419494
v 0.03839204 -0.11223676 0.33153755
v 0.04525831 -0.10780420 0.33370539
v 0.04583283 -0.10819327 0.32976387
v 0.04539843 -0.10402471 0.35305814
v 0.04663156 -0.09308920 0.40374586
v 0.04615512 -0.10453884 0.34773713
v 0.04759844 -0.10551149 0.33760748
v 0.05318955 -0.10384407 0.32578297
v 0.04738825 -0.09727165 0.38029393
v 0.04978443 -0.09627120 0.37639184
v 0.04744430 -0.08985163 0.41560977
v 0.04608506 -0.08878170 0.42562119
v 0.05351184 -0.08829536 0.39980434
v 0.04440352 -0.08725323 0.43890404
v 0.04563665 -0.08430745 0.44729944
v 0.04520225 -0.08397396 0.45041321
v 0.05296534 -0.08786462 0.40378527
v 0.05426853 -0.08515506 0.41040699
v 0.05410038 -0.08126441 0.42723720
v 0.05551567 -0.08268171 0.41557036
v 0.05603414 -0.08311247 0.41162884
v 0.05502522 -0.08597487 0.40378527
v 0.05737937 -0.08457146 0.39980434
v 0.05840230 -0.08166737 0.40776619
v 0.06130295 -0.08061133 0.39980434
v 0.10429420 -0.03310371 0.31005638
v 0.10198209 -0.03667477 0.31786053
v 0.10056679 -0.04194104 0.31525916
v 0.08050048 -0.08780904 0.27131142
v 0.07821639 -0.08980994 0.27521351
v 0.07855270 -0.09010174 0.27131142
v 0.08851579 -0.06482640 0.32180205
v 0.08687630 -0.06393711 0.33339006
v 0.08760496 -0.06392322 0.32948797
v 0.08691834 -0.05996309 0.34521456
v 0.07406860 -0.07430292 0.36468557
v 0.07682912 -0.07680405 0.34111540
v 0.07593230 -0.07890222 0.33729215
v 0.07608644 -0.07972204 0.33323239
v 0.07328389 -0.08093092 0.34245552
v 0.07238707 -0.08782293 0.31782113
v 0.07277943 -0.08825368 0.31395844
v 0.07453103 -0.07869379 0.34509632
v 0.07471319 -0.07947193 0.34111540
v 0.07587625 -0.08718375 0.30225221
v 0.07335395 -0.08892065 0.30784914
v 0.07360618 -0.08917076 0.30528714
v 0.07390045 -0.08946256 0.30229161
v 0.07612848 -0.09135230 0.27911560
v 0.07788008 -0.08950424 0.27907617
v 0.07497944 -0.09050470 0.29078244
v 0.07425077 -0.08982384 0.29850778
v 0.09843684 -0.04459502 0.32180205
v 0.09644703 -0.04952781 0.32184145
v 0.09646104 -0.04609570 0.32956680
v 0.07188261 -0.09895297 0.25913219
v 0.07006095 -0.10088440 0.25787091
v 0.07020107 -0.10105115 0.25574250
v 0.07045330 -0.10134294 0.25180098
v 0.07348007 -0.09674364 0.26354667
v 0.07153229 -0.09866117 0.26354667
v 0.07680110 -0.09200538 0.27131142
v 0.06512844 -0.11173653 0.18530786
v 0.06482016 -0.11148642 0.19326970
v 0.06525455 -0.11186159 0.18136637
v 0.06780489 -0.10999964 0.17742486
v 0.06557686 -0.11216729 0.16962068
v 0.06567494 -0.11225066 0.16579743
v 0.06574500 -0.11230624 0.16193477
v 0.06538067 -0.11197276 0.17746428
v 0.06060231 -0.11143084 0.23595615
v 0.06088257 -0.11156979 0.23205406
v 0.06113480 -0.11172264 0.22819139
v 0.05418445 -0.11636363 0.23205406
v 0.05488509 -0.11678049 0.22042663
v 0.06186346 -0.11220897 0.21573625
v 0.05442267 -0.11650258 0.22815198
v 0.06203161 -0.11230624 0.21270130
v 0.06430169 -0.11108346 0.20493654
v 0.06446984 -0.11122241 0.20107388
v 0.06580106 -0.11236182 0.15803268
v 0.06783291 -0.11079166 0.15413059
v 0.06029403 -0.11126410 0.23989766
v 0.06858960 -0.10360785 0.24778065
v 0.06641762 -0.10498348 0.25180098
v 0.06437175 -0.10716502 0.24778065
v 0.06452589 -0.10613678 0.25542717
v 0.06231187 -0.10887413 0.24774124
v 0.06004180 -0.11059713 0.24778065
v 0.06788896 -0.11087503 0.14640524
v 0.06790297 -0.11090283 0.14246374
v 0.06790297 -0.11091672 0.13856167
v 0.07038324 -0.10890192 0.13852225
v 0.07038324 -0.10890192 0.13462016
v 0.06781890 -0.11083335 0.12287449
v 0.06788896 -0.11091672 0.13465958
v 0.06786094 -0.11090283 0.13071807
v 0.06783291 -0.11087503 0.12681598
v 0.06777686 -0.11066661 0.11507031
v 0.07020107 -0.10873518 0.11503090
v 0.06776285 -0.11040260 0.10734497
v 0.06996285 -0.10849895 0.10340348
v 0.06777686 -0.11055545 0.11120764
v 0.07178452 -0.10684543 0.09950139
v 0.07398453 -0.10496958 0.09796421
v 0.03260475 -0.12980027 0.09796421
v 0.03749522 -0.12771599 0.09796421
v 0.03762133 -0.12777157 0.09950139
v 0.03791560 -0.12791052 0.10340348
v 0.03816783 -0.12804947 0.10730555
v 0.03256271 -0.13070346 0.11108939
v 0.03253469 -0.13092579 0.11495207
v 0.03250666 -0.13112032 0.11885415
v 0.03850414 -0.12824402 0.11365138
v 0.03861624 -0.12831348 0.11625277
v 0.02499581 -0.13419115 0.12677657
v 0.02499581 -0.13428841 0.13071807
v 0.02079197 -0.13573351 0.13071807
v 0.02076395 -0.13580299 0.13458074
v 0.01817158 -0.13663669 0.13840400
v 0.01678431 -0.13703965 0.13840400
v 0.01410787 -0.13770664 0.14230609
v 0.03871433 -0.12836906 0.11893299
v 0.03884045 -0.12845243 0.12287449
v 0.03895255 -0.12850803 0.12685540
v 0.03076908 -0.13228751 0.13067866
v 0.01031040 -0.13856812 0.14624760
v 0.00630274 -0.13937404 0.15014967
v 0.00628873 -0.13937404 0.15405176
v 0.00188871 -0.14013830 0.15791443
v -0.00116607 -0.14066630 0.15795385
v -0.00244124 -0.14081915 0.15799326
v -0.00515972 -0.14109705 0.15807210
v -0.00950369 -0.14148611 0.16197417
v -0.01362344 -0.14173624 0.16201359
v -0.01925659 -0.14194467 0.16071290
v -0.01925659 -0.12989754 0.31789996
v -0.01925659 -0.13041166 0.31411611
v -0.01925659 -0.13063398 0.31238186
v -0.01925659 -0.13089799 0.31029285
v -0.01925659 -0.13112032 0.30851920
v -0.01709861 -0.13081462 0.31029285
v -0.01359542 -0.13064788 0.31029285
v -0.00985401 -0.13070346 0.30639076
v -0.00981196 -0.13020323 0.31033228
v -0.00209092 -0.13067566 0.29854718
v 0.00135623 -0.12999480 0.29854718
v 0.00137024 -0.13048113 0.29460569
v 0.00563013 -0.13059229 0.28680151
v 0.00965180 -0.12967521 0.28680151
v 0.00965180 -0.12920278 0.29070360
v 0.00881103 -0.12841075 0.29850778
v 0.01521488 -0.12806337 0.28845693
v 0.01695247 -0.12729913 0.29066417
v 0.01696648 -0.12678502 0.29452686
v 0.02415504 -0.12481190 0.29070360
v 0.02358052 -0.12452010 0.29456626
v 0.02060980 -0.12661828 0.28676211
v 0.02950793 -0.12383924 0.28297826
v 0.02905952 -0.12297774 0.29082184
v 0.03228246 -0.12108799 0.29476336
v 0.03109137 -0.12053218 0.30244927
v 0.03842006 -0.11616910 0.30800678
v 0.03295507 -0.11716955 0.31829410
v 0.03212832 -0.11696112 0.32195972
v 0.03805573 -0.11598846 0.31025345
v 0.07364822 -0.07381658 0.36850883
v 0.07336796 -0.07349700 0.37099197
v 0.06531061 -0.08073639 0.38127929
v 0.06560488 -0.08105598 0.37867791
v 0.06930426 -0.08098650 0.36180827
v 0.07300364 -0.07663731 0.36078348
v 0.08579731 -0.06325625 0.34123364
v 0.08544699 -0.06257538 0.34517516
v 0.08914637 -0.04685993 0.36740521
v 0.09064573 -0.04442828 0.36464617
v 0.08939860 -0.04749911 0.36468557
v 0.09249542 -0.04516472 0.35305814
v 0.09337823 -0.04294149 0.35297930
v 0.09940372 -0.04005130 0.32562531
v 0.04050797 -0.11397366 0.31423437
v 0.04486595 -0.11154200 0.31415554
v 0.04422136 -0.11052765 0.32199912
v 0.04649143 -0.10862402 0.32507348
v 0.05155005 -0.08990720 0.39980434
v 0.05105960 -0.08944867 0.40378527
v 0.05365197 -0.09645184 0.36086232
v 0.04693984 -0.10890192 0.32195972
v 0.05405834 -0.10437209 0.31983131
v 0.05376407 -0.10419145 0.32188089
v 0.05438063 -0.10081492 0.33662209
v 0.05405834 -0.10053702 0.33922349
v 0.05386216 -0.08855937 0.39720297
v 0.05728128 -0.08835095 0.38415659
v 0.05826218 -0.08555802 0.39184253
v 0.05934116 -0.08259834 0.39980434
v 0.05887874 -0.08212590 0.40378527
v 0.06106473 -0.08819810 0.36862709
v 0.06158321 -0.08087534 0.39747887
v 0.07300364 -0.08061133 0.34509632
v 0.06957050 -0.08131998 0.35916747
v 0.06926222 -0.08847600 0.33007919
v 0.07015903 -0.08937919 0.32172322
v 0.07021508 -0.08572476 0.33725272
v 0.07055140 -0.08978215 0.31786053
v 0.07091572 -0.09019901 0.31399788
v 0.06853355 -0.09568760 0.29850778
v 0.06922018 -0.09646573 0.29082184
v 0.06975266 -0.09700765 0.28483077
v 0.07646479 -0.09168579 0.27521351
v 0.06957050 -0.09682701 0.28691975
v 0.06985075 -0.10070376 0.26047228
v 0.06843546 -0.10214886 0.25940809
v 0.07317178 -0.09643794 0.26740933
v 0.07090171 -0.09807757 0.27135082
v 0.07122401 -0.09836937 0.26740933
v 0.07286350 -0.09610445 0.27135082
v 0.06308258 -0.11304268 0.18928878
v 0.06221378 -0.11243129 0.20883863
v 0.06239595 -0.11255635 0.20493654
v 0.06274627 -0.11280646 0.19721119
v 0.06344691 -0.11340395 0.17746428
v 0.06320869 -0.11316774 0.18530786
v 0.06354500 -0.11350123 0.17352277
v 0.06365710 -0.11358460 0.16966010
v 0.06375519 -0.11364018 0.16579743
v 0.06382525 -0.11369576 0.16193477
v 0.05606217 -0.11429325 0.23989766
v 0.05384814 -0.11616910 0.23686269
v 0.05404433 -0.11626637 0.23426131
v 0.04671563 -0.12067114 0.23599557
v 0.04698188 -0.12082398 0.23209348
v 0.05220865 -0.11819780 0.22432872
v 0.05223667 -0.11847570 0.22046606
v 0.05509528 -0.11691944 0.21656397
v 0.05531949 -0.11704449 0.21270130
v 0.06390933 -0.11377913 0.15417001
v 0.06588513 -0.11243129 0.14967669
v 0.05777173 -0.11226455 0.24782007
v 0.05580994 -0.11368186 0.24785949
v 0.06580106 -0.10448325 0.25972342
v 0.06606730 -0.10469168 0.25645196
v 0.06378321 -0.10622015 0.25972342
v 0.06196155 -0.10855454 0.25290460
v 0.06042014 -0.10986069 0.25168274
v 0.05746344 -0.11205612 0.25184041
v 0.06589915 -0.11245908 0.14644466
v 0.06592717 -0.11247298 0.14250316
v 0.06592717 -0.11247298 0.13860108
v 0.06591316 -0.11247298 0.13465958
v 0.06585711 -0.11243129 0.12681598
v 0.06582909 -0.11238961 0.12291391
v 0.06580106 -0.11236182 0.12031251
v 0.06588513 -0.11245908 0.13075749
v 0.06575901 -0.11232014 0.11767170
v 0.06553481 -0.11213949 0.10738438
v 0.06542271 -0.11205612 0.10348229
v 0.06774883 -0.11023586 0.10344289
v 0.06985075 -0.10840169 0.09950139
v 0.06564692 -0.11220897 0.11124706
v 0.06571698 -0.11227845 0.11510973
v 0.07158834 -0.10691491 0.09796421
v 0.03881242 -0.12710460 0.09796421
v 0.04553856 -0.12397819 0.09796421
v 0.04562264 -0.12403377 0.09938314
v 0.04584684 -0.12417272 0.10328523
v 0.03839204 -0.12817453 0.11116822
v 0.04604302 -0.12429778 0.10718732
v 0.04619716 -0.12440894 0.11104998
v 0.04633729 -0.12450621 0.11491265
v 0.02499581 -0.13435790 0.13458074
v 0.02076395 -0.13584467 0.13840400
v 0.02076395 -0.13587247 0.14230609
v 0.01819960 -0.13665059 0.14230609
v 0.01679833 -0.13706745 0.14230609
v 0.01672826 -0.13709525 0.14624760
v 0.01409386 -0.13772052 0.14624760
v 0.01029639 -0.13858202 0.15014967
v 0.04646340 -0.12458958 0.11885415
v 0.04094236 -0.12742420 0.12287449
v 0.03903662 -0.12856359 0.13075749
v 0.04660353 -0.12467294 0.12362337
v 0.03909268 -0.12860529 0.13465958
v 0.03083914 -0.13231530 0.13454133
v 0.01028238 -0.13856812 0.15405176
v 0.01026836 -0.13855423 0.15791443
v 0.00628873 -0.13934626 0.15795385
v 0.00627472 -0.13931848 0.16185594
v 0.00187470 -0.14009660 0.16181652
v -0.00125015 -0.14063852 0.16181652
v -0.00252531 -0.14079135 0.16185594
v -0.00514571 -0.14106926 0.16193477
v -0.00513169 -0.14101368 0.16575801
v -0.00950369 -0.14143054 0.16579743
v -0.01360943 -0.14169454 0.16583684
v -0.01793939 -0.14188907 0.16197417
v -0.01925659 -0.14188907 0.16579743
v -0.01925659 -0.13159274 0.30465651
v -0.01360943 -0.13113422 0.30639076
v -0.00989604 -0.13164833 0.29854718
v -0.00209092 -0.13114810 0.29464509
v 0.00135623 -0.13095357 0.29070360
v 0.00563013 -0.13105084 0.28289943
v 0.00965180 -0.13013375 0.28289943
v 0.01584545 -0.12821622 0.28585556
v 0.01688240 -0.12777157 0.28699858
v 0.01797540 -0.12795221 0.28286002
v 0.01838177 -0.12806337 0.28081045
v 0.02035757 -0.12759094 0.27931267
v 0.02149261 -0.12770209 0.27509525
v 0.02491173 -0.12552055 0.28293886
v 0.03020857 -0.12407545 0.27895794
v 0.03289902 -0.12188002 0.28699858
v 0.03736910 -0.11976795 0.28699858
v 0.03673853 -0.11894813 0.29476336
v 0.03668248 -0.11840622 0.29862602
v 0.03878439 -0.11637753 0.30540540
v 0.04549652 -0.11183380 0.31025345
v 0.06672590 -0.08225096 0.36858766
v 0.05389018 -0.09668805 0.35877334
v 0.05754752 -0.09225549 0.36480384
v 0.05421248 -0.08882339 0.39456214
v 0.04747233 -0.10922151 0.31805763
v 0.05436662 -0.10460830 0.31722991
v 0.05662268 -0.10341332 0.31407671
v 0.05526344 -0.10150968 0.32960620
v 0.05477299 -0.10112062 0.33354772
v 0.05758956 -0.08864274 0.38159461
v 0.05789784 -0.08892065 0.37903264
v 0.06173735 -0.08889286 0.36263599
v 0.06344691 -0.08661405 0.36476440
v 0.06846348 -0.08768397 0.33729215
v 0.06889788 -0.08812862 0.33331123
v 0.06716030 -0.08268171 0.36472497
v 0.06652972 -0.08965709 0.33733155
v 0.06465201 -0.09570150 0.31797880
v 0.06507239 -0.09610445 0.31407671
v 0.06568895 -0.09668805 0.30792798
v 0.06623545 -0.09720218 0.30237044
v 0.06661380 -0.09754956 0.29854718
v 0.06697813 -0.09789693 0.29468453
v 0.06892591 -0.09991173 0.27135082
v 0.06997687 -0.09721607 0.28222937
v 0.06769278 -0.09855001 0.28691975
v 0.06732845 -0.09823042 0.29082184
v 0.06926222 -0.10020353 0.26740933
v 0.06739851 -0.10191265 0.26744873
v 0.06547876 -0.10420534 0.26362548
v 0.05642650 -0.11722514 0.19721119
v 0.05614624 -0.11787821 0.18928878
v 0.05617427 -0.11807274 0.18530786
v 0.05991568 -0.11430714 0.20493654
v 0.05551567 -0.11715566 0.20883863
v 0.06053225 -0.11523812 0.18136637
v 0.06065836 -0.11534929 0.17742486
v 0.06077046 -0.11544655 0.17352277
v 0.06088257 -0.11551602 0.16966010
v 0.06105072 -0.11562718 0.16193477
v 0.06110677 -0.11566887 0.15803268
v 0.05362394 -0.11603014 0.23989766
v 0.04622519 -0.12037933 0.24269611
v 0.04643538 -0.12050440 0.23989766
v 0.04447359 -0.12217182 0.23213290
v 0.04447359 -0.12247751 0.22823081
v 0.04448760 -0.12275541 0.22436815
v 0.04724812 -0.12096294 0.22823081
v 0.04750035 -0.12110189 0.22436815
v 0.04772456 -0.12124084 0.22050546
v 0.04793475 -0.12137979 0.21660337
v 0.05227871 -0.11897592 0.21274071
v 0.05229273 -0.11921214 0.20883863
v 0.06114881 -0.11571056 0.15413059
v 0.06390933 -0.11387639 0.14640524
v 0.05547363 -0.11348733 0.25184041
v 0.06346092 -0.10597004 0.26362548
v 0.06144308 -0.10810989 0.25972342
v 0.06175136 -0.10837390 0.25578190
v 0.05714115 -0.11181991 0.25578190
v 0.05515134 -0.11327890 0.25578190
v 0.06389532 -0.11390419 0.14250316
v 0.06388131 -0.11393198 0.13856167
v 0.06385328 -0.11393198 0.13465958
v 0.06385328 -0.11390419 0.13075749
v 0.06383927 -0.11386249 0.12681598
v 0.06383927 -0.11380691 0.12291391
v 0.06421761 -0.11344564 0.11901182
v 0.06379723 -0.11364018 0.11510973
v 0.06362908 -0.11347343 0.10738438
v 0.06350296 -0.11340395 0.10348229
v 0.06372716 -0.11355680 0.11124706
v 0.06528258 -0.11195886 0.09958022
v 0.06773482 -0.11005522 0.09954080
v 0.06788896 -0.10984680 0.09796421
v 0.06979471 -0.10834611 0.09796421
v 0.04671563 -0.12335291 0.09796421
v 0.04864940 -0.12264425 0.10332465
v 0.04862137 -0.12242193 0.09942256
v 0.04867742 -0.12283878 0.10722673
v 0.04870545 -0.12300552 0.11108939
v 0.05356789 -0.12010144 0.10730555
v 0.05370802 -0.12018480 0.11120764
v 0.02499581 -0.13439958 0.13840400
v 0.02502383 -0.13441346 0.14230609
v 0.02077796 -0.13585857 0.14624760
v 0.01814355 -0.13667839 0.14620818
v 0.01667221 -0.13710913 0.15014967
v 0.01409386 -0.13772052 0.15014967
v 0.01409386 -0.13770664 0.15401234
v 0.05383413 -0.12025429 0.11507031
v 0.04651946 -0.12463126 0.12098256
v 0.04112453 -0.12753536 0.13075749
v 0.05393222 -0.12030987 0.11897240
v 0.05401630 -0.12036544 0.12291391
v 0.04665958 -0.12471463 0.12669775
v 0.04118058 -0.12757704 0.13465958
v 0.03910669 -0.12863308 0.13856167
v 0.03088118 -0.13232920 0.13840400
v 0.02891939 -0.13302395 0.13840400
v 0.01409386 -0.13767884 0.15791443
v 0.01026836 -0.13851256 0.16185594
v 0.01025435 -0.13845696 0.16575801
v 0.00624669 -0.13926288 0.16575801
v 0.00186069 -0.14004102 0.16571861
v -0.00139028 -0.14061072 0.16571861
v -0.00265143 -0.14074967 0.16571861
v -0.00281958 -0.14069409 0.16958127
v -0.00511768 -0.14093032 0.16962068
v -0.00947566 -0.14136106 0.16966010
v -0.01359542 -0.14162507 0.16966010
v -0.01925659 -0.14184740 0.16835941
v -0.01925659 -0.13185676 0.30237044
v -0.01718270 -0.13175949 0.30240987
v -0.01356739 -0.13203740 0.29854718
v -0.01192789 -0.13252373 0.29318674
v -0.01107312 -0.13270436 0.29074301
v -0.00211894 -0.13160664 0.29070360
v 0.00093585 -0.13196792 0.28262353
v 0.00132820 -0.13141211 0.28680151
v -0.00022722 -0.13259319 0.27899734
v 0.00561612 -0.13148158 0.27899734
v 0.00963779 -0.13100915 0.27509525
v 0.00963779 -0.13057839 0.27899734
v 0.01358940 -0.12957794 0.27899734
v 0.01705056 -0.12913330 0.27509525
v 0.01650405 -0.12838296 0.28286002
v 0.01727476 -0.12857749 0.27931267
v 0.01947477 -0.12838296 0.27509525
v 0.01890025 -0.12820233 0.27820904
v 0.02482766 -0.12649321 0.27509525
v 0.02201108 -0.12788274 0.27198148
v 0.02889136 -0.12593741 0.26729107
v 0.03058691 -0.12417272 0.27694776
v 0.03285698 -0.12240803 0.28305709
v 0.03842006 -0.12019870 0.28025862
v 0.03797165 -0.12003196 0.28305709
v 0.03975128 -0.11689164 0.29858661
v 0.04593092 -0.11204223 0.30737615
v 0.06142906 -0.09632678 0.32948797
v 0.06091059 -0.09595161 0.33342946
v 0.04835513 -0.10931877 0.31395844
v 0.05176024 -0.10697049 0.31395844
v 0.04813093 -0.11011080 0.31021402
v 0.05247489 -0.10712333 0.31017462
v 0.05473095 -0.10488621 0.31407671
v 0.05896281 -0.10144021 0.31403728
v 0.05850039 -0.10107893 0.31797880
v 0.05705707 -0.10377460 0.31013522
v 0.05914498 -0.09001837 0.36866649
v 0.06257812 -0.09358943 0.33737098
v 0.06238194 -0.08949035 0.35699966
v 0.06327875 -0.09029627 0.34923488
v 0.06302652 -0.09399239 0.33342946
v 0.06170932 -0.09652131 0.32728073
v 0.06233990 -0.09706322 0.32180205
v 0.06276028 -0.09745229 0.31797880
v 0.06316665 -0.09784135 0.31403728
v 0.06354500 -0.09821653 0.31009579
v 0.06292843 -0.10150968 0.29468453
v 0.06365710 -0.10217665 0.28695918
v 0.06704820 -0.10162084 0.27135082
v 0.06445583 -0.10332996 0.27529234
v 0.06669787 -0.10131515 0.27525291
v 0.06514246 -0.10392745 0.26748816
v 0.05590803 -0.11735019 0.20107388
v 0.05289527 -0.11975406 0.19326970
v 0.05307744 -0.11986522 0.18928878
v 0.05324559 -0.11997637 0.18534729
v 0.05339973 -0.12007364 0.18140577
v 0.05621631 -0.11823948 0.18140577
v 0.05271311 -0.11964290 0.19717179
v 0.05625835 -0.11839233 0.17746428
v 0.05628637 -0.11851738 0.17356219
v 0.05630038 -0.11864245 0.16969952
v 0.05631440 -0.11885087 0.16193477
v 0.05630038 -0.11875360 0.16579743
v 0.05330165 -0.11582172 0.24387856
v 0.04817296 -0.11825337 0.25180098
v 0.04445957 -0.12153264 0.23993707
v 0.04600098 -0.12025429 0.24533692
v 0.04447359 -0.12185223 0.23603499
v 0.03928885 -0.12449231 0.23599557
v 0.03955510 -0.12467294 0.23213290
v 0.04005956 -0.12497864 0.22436815
v 0.04448760 -0.12301942 0.22050546
v 0.04466977 -0.12343628 0.21274071
v 0.04487996 -0.12357523 0.20883863
v 0.04811691 -0.12151875 0.21274071
v 0.04831309 -0.12162990 0.20883863
v 0.05631440 -0.11892034 0.15803268
v 0.05631440 -0.11897592 0.15417001
v 0.06120486 -0.11576614 0.14640524
v 0.06312462 -0.10569213 0.26748816
v 0.06113480 -0.10783199 0.26358608
v 0.05424050 -0.11265362 0.26634511
v 0.05481503 -0.11305657 0.25968399
v 0.05194241 -0.11537707 0.25590016
v 0.05296534 -0.11561329 0.24785949
v 0.06119085 -0.11579393 0.13852225
v 0.06117683 -0.11579393 0.13462016
v 0.06120486 -0.11578003 0.14246374
v 0.06114881 -0.11578003 0.13071807
v 0.06112079 -0.11575225 0.12681598
v 0.06107874 -0.11571056 0.12291391
v 0.06102269 -0.11565498 0.11901182
v 0.06095263 -0.11558550 0.11510973
v 0.06085454 -0.11551602 0.11124706
v 0.06058830 -0.11536318 0.10344289
v 0.06337685 -0.11329280 0.09958022
v 0.06330678 -0.11325111 0.09796421
v 0.06441379 -0.11247298 0.09796421
v 0.06521252 -0.11190328 0.09796421
v 0.06643163 -0.11097230 0.09796421
v 0.04860736 -0.12232467 0.09796421
v 0.05337171 -0.12000417 0.10340348
v 0.05316152 -0.11989301 0.09950139
v 0.05306343 -0.11985133 0.09796421
v 0.05611822 -0.11808664 0.09954080
v 0.05613223 -0.11829506 0.10344289
v 0.05616026 -0.11847570 0.10734497
v 0.03089519 -0.13234310 0.14230609
v 0.03088118 -0.13234310 0.14624760
v 0.02503785 -0.13439958 0.14624760
v 0.02079197 -0.13584467 0.15014967
v 0.01808750 -0.13667839 0.15014967
v 0.01663017 -0.13709525 0.15401234
v 0.01657412 -0.13708135 0.15791443
v 0.05618828 -0.11873971 0.11510973
v 0.05617427 -0.11861465 0.11120764
v 0.04464174 -0.12579846 0.13067866
v 0.05621631 -0.11883698 0.11901182
v 0.05408636 -0.12040713 0.12681598
v 0.04672965 -0.12475633 0.13059982
v 0.04462773 -0.12586794 0.13462016
v 0.04461371 -0.12590962 0.13848283
v 0.04119459 -0.12760483 0.13856167
v 0.03910669 -0.12864698 0.14246374
v 0.01646202 -0.13706745 0.16185594
v 0.01409386 -0.13762326 0.16185594
v 0.01409386 -0.13756767 0.16575801
v 0.01024034 -0.13837359 0.16966010
v 0.00623268 -0.13917951 0.16966010
v 0.00184668 -0.13997153 0.16962068
v -0.00157245 -0.14055514 0.16958127
v -0.00293169 -0.14065241 0.17206442
v -0.00473933 -0.14080525 0.17344394
v -0.00947566 -0.14127768 0.17352277
v -0.01358141 -0.14154171 0.17352277
v -0.01925659 -0.14173624 0.17348336
v -0.01925659 -0.13271826 0.29476336
v -0.01554320 -0.13238478 0.29630054
v -0.01352536 -0.13292669 0.29074301
v -0.01353937 -0.13335745 0.28688035
v -0.01356739 -0.13378819 0.28301766
v -0.00968585 -0.13295449 0.28699858
v -0.00999413 -0.13384377 0.27911560
v -0.00999413 -0.13342691 0.28297826
v -0.00221703 -0.13291279 0.27899734
v -0.00081575 -0.13246814 0.28108634
v -0.00221703 -0.13371871 0.27123259
v -0.00214697 -0.13449684 0.26346784
v 0.00137024 -0.13346859 0.26729107
v 0.00721357 -0.13228751 0.26831589
v 0.00631676 -0.13216245 0.27119316
v 0.00791422 -0.13241256 0.26571449
v 0.01361742 -0.13085631 0.26729107
v 0.01361742 -0.13043945 0.27119316
v 0.01709259 -0.12999480 0.26729107
v 0.01707858 -0.12956404 0.27119316
v 0.02051172 -0.12891099 0.26733050
v 0.02060980 -0.12848023 0.27087786
v 0.02247351 -0.12802169 0.26938008
v 0.02889136 -0.12636816 0.26342841
v 0.03250666 -0.12578456 0.25570307
v 0.03096526 -0.12431167 0.27438579
v 0.03651432 -0.12217182 0.27119316
v 0.03881242 -0.12035155 0.27761782
v 0.04071816 -0.11805884 0.28695918
v 0.04444556 -0.11423767 0.29858661
v 0.04028376 -0.11716955 0.29472393
v 0.04514620 -0.11562718 0.28691975
v 0.04629525 -0.11223676 0.30477475
v 0.04783666 -0.11097230 0.30615430
v 0.04898571 -0.11143084 0.29858661
v 0.05339973 -0.10777641 0.30240987
v 0.05516535 -0.10523359 0.31013522
v 0.06095263 -0.09974499 0.31403728
v 0.05942524 -0.10177369 0.31009579
v 0.06140104 -0.10009238 0.31009579
v 0.05775772 -0.10434430 0.30359232
v 0.06023798 -0.10314931 0.29854718
v 0.06219977 -0.10078713 0.30233104
v 0.06098066 -0.10387186 0.29082184
v 0.06134499 -0.10420534 0.28695918
v 0.06193352 -0.10471947 0.28073161
v 0.06479213 -0.10363564 0.27139025
v 0.06243799 -0.10512243 0.27529234
v 0.04846723 -0.12199118 0.20107388
v 0.04866341 -0.12288047 0.18140577
v 0.04849526 -0.12218571 0.19713236
v 0.04853730 -0.12236635 0.19323028
v 0.04857934 -0.12254699 0.18928878
v 0.04870545 -0.12303332 0.17750369
v 0.05352585 -0.12017091 0.17750369
v 0.05365197 -0.12025429 0.17360161
v 0.05376407 -0.12032376 0.16969952
v 0.05386216 -0.12037933 0.16583684
v 0.05394624 -0.12042102 0.16193477
v 0.05400228 -0.12046271 0.15803268
v 0.04789271 -0.11758641 0.25956575
v 0.04539843 -0.11994859 0.25176158
v 0.04577678 -0.12014312 0.24782007
v 0.03874236 -0.12415883 0.24297202
v 0.03899459 -0.12431167 0.23985824
v 0.03645827 -0.12582624 0.23599557
v 0.03644426 -0.12613194 0.23213290
v 0.03641623 -0.12643763 0.22823081
v 0.03637420 -0.12699345 0.22050546
v 0.04029778 -0.12511759 0.22050546
v 0.04050797 -0.12550666 0.21274071
v 0.04050797 -0.12574288 0.20887804
v 0.04509015 -0.12370029 0.20493654
v 0.04527232 -0.12382534 0.20103445
v 0.05410038 -0.12050440 0.15026792
v 0.05414241 -0.12051829 0.14636583
v 0.05631440 -0.11901761 0.15026792
v 0.05628637 -0.11910098 0.14242434
v 0.06079849 -0.10754019 0.26744873
v 0.05401630 -0.11247298 0.26898595
v 0.05222266 -0.11476568 0.25964459
v 0.05627236 -0.11910098 0.13852225
v 0.05627236 -0.11908709 0.13462016
v 0.05627236 -0.11904541 0.13071807
v 0.05625835 -0.11897592 0.12685540
v 0.06156919 -0.11440441 0.09796421
v 0.05432458 -0.11908709 0.09796421
v 0.05610420 -0.11798937 0.09796421
v 0.05953734 -0.11573835 0.09796421
v 0.03907867 -0.12864698 0.14640524
v 0.03085315 -0.13234310 0.15014967
v 0.02505186 -0.13437179 0.15014967
v 0.02079197 -0.13581689 0.15401234
v 0.01804546 -0.13666449 0.15401234
v 0.01797540 -0.13665059 0.15791443
v 0.05412840 -0.12044882 0.13071807
v 0.05415643 -0.12049050 0.13462016
v 0.04677169 -0.12478411 0.13454133
v 0.04678570 -0.12481190 0.13844342
v 0.04678570 -0.12482579 0.14234551
v 0.04462773 -0.12590962 0.14238492
v 0.04119459 -0.12761873 0.14246374
v 0.01786330 -0.13663669 0.16185594
v 0.01770916 -0.13660891 0.16575801
v 0.01629387 -0.13703965 0.16575801
v 0.01611170 -0.13701187 0.16966010
v 0.01599959 -0.13698408 0.17186734
v 0.01022633 -0.13826243 0.17360161
v 0.00621867 -0.13908225 0.17360161
v 0.00181865 -0.13988817 0.17352277
v -0.00179665 -0.14037449 0.17738545
v -0.00197882 -0.14051346 0.17340452
v -0.00326799 -0.14054126 0.17738545
v -0.00536991 -0.14076357 0.17738545
v -0.00948967 -0.14118041 0.17738545
v -0.01359542 -0.14144444 0.17738545
v -0.01925659 -0.14163897 0.17734603
v -0.01925659 -0.13332965 0.28912699
v -0.01925659 -0.13373261 0.28534316
v -0.01925659 -0.13413557 0.28151991
v -0.01355338 -0.13459411 0.27533174
v -0.00996611 -0.13424673 0.27525291
v -0.01925659 -0.13356587 0.28691975
v -0.00562214 -0.13373261 0.27517408
v -0.00562214 -0.13413557 0.27131142
v -0.00223105 -0.13331575 0.27513468
v -0.00559411 -0.13453853 0.26736993
v -0.00558010 -0.13491369 0.26350724
v -0.00558010 -0.13528886 0.25964459
v -0.00559411 -0.13566404 0.25574250
v -0.00211894 -0.13485812 0.25960515
v 0.00139827 -0.13458022 0.25570307
v 0.00141228 -0.13420503 0.25960515
v 0.00836263 -0.13252373 0.26338901
v 0.01545310 -0.13217635 0.24943609
v 0.01363143 -0.13163444 0.25956575
v 0.01710661 -0.13078682 0.25956575
v 0.01710661 -0.13039776 0.26342841
v 0.00568618 -0.13376040 0.25570307
v 0.00567217 -0.13412167 0.25176158
v 0.00983397 -0.13324628 0.25172214
v 0.02058178 -0.12930005 0.26346784
v 0.02342638 -0.12831348 0.26346784
v 0.02889136 -0.12678502 0.25964459
v 0.02890538 -0.12718798 0.25574250
v 0.02977417 -0.12766041 0.24782007
v 0.03252068 -0.12617363 0.25176158
v 0.03794363 -0.12370029 0.25172214
v 0.03750923 -0.12349186 0.25566366
v 0.03703279 -0.12328343 0.25952632
v 0.03246463 -0.12536771 0.25956575
v 0.03201622 -0.12468684 0.26721227
v 0.03644426 -0.12267204 0.26725167
v 0.03910669 -0.12050440 0.27517408
v 0.04433346 -0.11819780 0.27123259
v 0.04436148 -0.11766978 0.27517408
v 0.04598697 -0.11609962 0.28033745
v 0.04070415 -0.11860076 0.28301766
v 0.04102644 -0.11729460 0.29105833
v 0.04565066 -0.11591898 0.28297826
v 0.04703793 -0.11273699 0.29858661
v 0.04658952 -0.11241740 0.30244927
v 0.04942010 -0.11176433 0.29472393
v 0.05377808 -0.10802653 0.29925667
v 0.05557172 -0.10556708 0.30623313
v 0.06018193 -0.10182927 0.30619370
v 0.05424050 -0.10841559 0.29468453
v 0.05460484 -0.10874907 0.29086127
v 0.05904689 -0.10538644 0.29086127
v 0.05978957 -0.10601172 0.28305709
v 0.06043416 -0.10608119 0.27931267
v 0.06043416 -0.10724839 0.27139025
v 0.05942524 -0.10569213 0.28699858
v 0.04544047 -0.12395040 0.19709296
v 0.04609907 -0.12438115 0.18136637
v 0.04594493 -0.12426998 0.18530786
v 0.04623920 -0.12446452 0.17746428
v 0.04636532 -0.12454790 0.17352277
v 0.04874749 -0.12315837 0.17356219
v 0.04654748 -0.12467294 0.16666457
v 0.04660353 -0.12470074 0.16410259
v 0.04663156 -0.12472853 0.16185594
v 0.04668761 -0.12477022 0.15795385
v 0.04672965 -0.12479801 0.15405176
v 0.04499206 -0.11975406 0.25570307
v 0.04754239 -0.11733629 0.26342841
v 0.04059205 -0.12238025 0.25176158
v 0.03851815 -0.12401987 0.24561283
v 0.03645827 -0.12549276 0.23985824
v 0.03685063 -0.12492306 0.24411506
v 0.03117545 -0.12818843 0.23599557
v 0.03326335 -0.12756314 0.23213290
v 0.03092322 -0.12807727 0.23867579
v 0.03184806 -0.12848023 0.22827022
v 0.03385189 -0.12785494 0.22440755
v 0.03239456 -0.12877202 0.22050546
v 0.03287100 -0.12878592 0.21699753
v 0.03671050 -0.12734082 0.21274071
v 0.03694872 -0.12746588 0.20887804
v 0.04049395 -0.12597910 0.20497595
v 0.04050797 -0.12618752 0.20107388
v 0.04675767 -0.12481190 0.15018909
v 0.04677169 -0.12482579 0.14624760
v 0.05415643 -0.12051829 0.14242434
v 0.05417044 -0.12050440 0.13852225
v 0.05614624 -0.11051376 0.27135082
v 0.05571185 -0.10970784 0.27919443
v 0.05377808 -0.11230624 0.27135082
v 0.04650544 -0.11648868 0.27517408
v 0.04685576 -0.11678049 0.27123259
v 0.04719207 -0.11707229 0.26729107
v 0.03905064 -0.12863308 0.15030733
v 0.04464174 -0.12589572 0.14632641
v 0.03902261 -0.12861918 0.15417001
v 0.03898057 -0.12860529 0.15807210
v 0.03081112 -0.13232920 0.15401234
v 0.03079710 -0.13230140 0.15791443
v 0.02079197 -0.13577520 0.15791443
v 0.02080598 -0.13570572 0.16185594
v 0.02083401 -0.13562234 0.16575801
v 0.01754100 -0.13656722 0.16966010
v 0.02084802 -0.13541393 0.17356219
v 0.01713463 -0.13658112 0.17332571
v 0.01584545 -0.13694239 0.17446874
v 0.01021231 -0.13813738 0.17750369
v 0.00614860 -0.13883214 0.18140577
v 0.00177661 -0.13977700 0.17746428
v -0.00188073 -0.14012440 0.18511079
v -0.00357627 -0.14044398 0.18120870
v -0.00566418 -0.14066630 0.18120870
v -0.00953171 -0.14094422 0.18503196
v -0.00950369 -0.14106926 0.18120870
v -0.01360943 -0.14134718 0.18120870
v -0.01925659 -0.14156949 0.17986859
v -0.01925659 -0.13437179 0.27923383
v -0.01925659 -0.13555288 0.26764583
v -0.01353937 -0.13498318 0.27146909
v -0.00991006 -0.13503875 0.26744873
v -0.00988203 -0.13578910 0.25972342
v -0.00210493 -0.13521938 0.25570307
v -0.00991006 -0.13616426 0.25582133
v -0.00560813 -0.13601142 0.25176158
v -0.00211894 -0.13558067 0.25176158
v 0.00137024 -0.13494149 0.25176158
v 0.01740088 -0.13245425 0.23993707
v 0.01710661 -0.13152328 0.25168274
v 0.01710661 -0.13117590 0.25566366
v 0.00994607 -0.13392714 0.24376033
v 0.00996008 -0.13427453 0.23977941
v 0.01384163 -0.13370481 0.23583790
v 0.01384163 -0.13402440 0.23197523
v 0.01719068 -0.13285721 0.23583790
v 0.02062382 -0.12968911 0.25960515
v 0.00567217 -0.13517771 0.23981883
v 0.02404294 -0.12849413 0.25964459
v 0.02066586 -0.13006428 0.25570307
v 0.03029264 -0.12784104 0.24383915
v 0.02069388 -0.13042556 0.25172214
v 0.03061494 -0.12795221 0.24131659
v 0.03253469 -0.12689617 0.24383915
v 0.03622005 -0.12486748 0.24778065
v 0.03832197 -0.12390871 0.24778065
v 0.04055001 -0.12199118 0.25570307
v 0.04052198 -0.12157433 0.25956575
v 0.03994746 -0.12099072 0.26725167
v 0.03954108 -0.12074061 0.27123259
v 0.03612197 -0.12324175 0.26354667
v 0.04430544 -0.11871191 0.26729107
v 0.04454365 -0.11953173 0.25956575
v 0.04628124 -0.11628026 0.27773605
v 0.04829908 -0.11423767 0.28305709
v 0.04862137 -0.11348733 0.28684092
v 0.04787870 -0.11337617 0.29086127
v 0.04747233 -0.11305657 0.29472393
v 0.04984049 -0.11208392 0.29090067
v 0.05220865 -0.11045818 0.29086127
v 0.05218062 -0.10986069 0.29472393
v 0.05257298 -0.11140305 0.28305709
v 0.05297935 -0.11170875 0.27919443
v 0.05496917 -0.10908256 0.28699858
v 0.05534751 -0.10940215 0.28305709
v 0.05735134 -0.10787368 0.28305709
v 0.05799593 -0.10838780 0.27631713
v 0.03804171 -0.12800779 0.18928878
v 0.03820987 -0.12811895 0.18534729
v 0.03836401 -0.12823012 0.18144520
v 0.03846210 -0.12828570 0.17908029
v 0.03864427 -0.12841075 0.17360161
v 0.04647742 -0.12461737 0.16962068
v 0.03875637 -0.12848023 0.16969952
v 0.03884045 -0.12853581 0.16583684
v 0.03892452 -0.12857749 0.16197417
v 0.04108249 -0.12756314 0.15807210
v 0.04112453 -0.12757704 0.15420942
v 0.04464174 -0.12586794 0.15022850
v 0.02250153 -0.13200960 0.22547177
v 0.02275376 -0.13210687 0.22290978
v 0.02901748 -0.13006428 0.22050546
v 0.02067987 -0.13078682 0.24770182
v 0.02066586 -0.13113422 0.24372090
v 0.02128242 -0.13159274 0.23587732
v 0.02174484 -0.13175949 0.23197523
v 0.02220726 -0.13191234 0.22811257
v 0.02900347 -0.13056451 0.21274071
v 0.02898945 -0.13081462 0.20883863
v 0.03254870 -0.12918888 0.21274071
v 0.03254870 -0.12942510 0.20887804
v 0.03253469 -0.12986974 0.20103445
v 0.03742515 -0.12768821 0.20107388
v 0.03763535 -0.12779937 0.19713236
v 0.05338572 -0.11201444 0.27529234
v 0.03074105 -0.13225971 0.16181652
v 0.02509390 -0.13421893 0.16185594
v 0.03058691 -0.13217635 0.16828058
v 0.02083401 -0.13552508 0.16966010
v 0.03048882 -0.13213467 0.17084255
v 0.03034869 -0.13209297 0.17348336
v 0.02083401 -0.13527498 0.17746428
v 0.01738686 -0.13635880 0.17746428
v 0.01738686 -0.13620595 0.18136637
v 0.01562125 -0.13688682 0.17746428
v 0.01018429 -0.13799843 0.18140577
v 0.00612058 -0.13852644 0.18917055
v 0.00169254 -0.13936015 0.18909171
v 0.00170655 -0.13951301 0.18518962
v 0.00173457 -0.13965196 0.18132695
v -0.00193678 -0.13998543 0.18901288
v -0.00958776 -0.14080525 0.18893405
v -0.01362344 -0.14109705 0.18893405
v -0.01925659 -0.14141664 0.18499254
v -0.01925659 -0.14145833 0.18369184
v -0.01925659 -0.13594194 0.26374374
v -0.01352536 -0.13537224 0.26752757
v -0.01351134 -0.13612257 0.25980222
v -0.01352536 -0.13649776 0.25590016
v -0.00993808 -0.13651164 0.25184041
v -0.01135337 -0.13708135 0.24699236
v -0.00438901 -0.13678955 0.24092245
v -0.00283360 -0.13681734 0.23828163
v -0.00203487 -0.13659502 0.23970058
v -0.00112403 -0.13663669 0.23765100
v -0.00042339 -0.13673396 0.23508903
v 0.01926458 -0.13221803 0.23583790
v 0.00994607 -0.13460799 0.23587732
v 0.00990403 -0.13526108 0.22811257
v 0.01382761 -0.13434400 0.22807314
v 0.01723272 -0.13316290 0.23193583
v 0.01975503 -0.13238478 0.23197523
v 0.00567217 -0.13581689 0.23205406
v 0.05068125 -0.11268141 0.28309649
v 0.05013476 -0.11230624 0.28810220
v 0.03252068 -0.13027270 0.19315145
v 0.03249265 -0.13066177 0.18526846
v 0.03247864 -0.13084241 0.18136637
v 0.03247864 -0.13100915 0.17746428
v 0.02100216 -0.13257931 0.22421048
v 0.02073592 -0.13294059 0.22038723
v 0.02297797 -0.13220413 0.22038723
v 0.02079197 -0.13345471 0.21266188
v 0.02331427 -0.13234310 0.21652455
v 0.02362255 -0.13248204 0.21266188
v 0.01727476 -0.13374651 0.22421048
v 0.02394485 -0.13260709 0.20875979
v 0.02896143 -0.13105084 0.20493654
v 0.02894741 -0.13127316 0.20099505
v 0.02964806 -0.13184287 0.18522903
v 0.03012449 -0.13202350 0.17742486
v 0.02081999 -0.13512212 0.18136637
v 0.01535501 -0.13678955 0.18136637
v 0.01742890 -0.13565014 0.19311204
v 0.01015626 -0.13784557 0.18526846
v 0.01010021 -0.13751211 0.19311204
v 0.00607854 -0.13835970 0.19307262
v 0.00165050 -0.13920731 0.19303320
v -0.00202085 -0.13983260 0.19295437
v -0.00936356 -0.14061072 0.19295437
v -0.01066674 -0.14056904 0.19677763
v -0.01147949 -0.14052736 0.19933960
v -0.01925659 -0.14127768 0.18893405
v -0.01365147 -0.14093032 0.19291497
v -0.01925659 -0.14112485 0.19287554
v -0.01925659 -0.13631711 0.25992048
v -0.01925659 -0.13680345 0.25471771
v -0.01925659 -0.13697018 0.25290460
v -0.01489861 -0.13708135 0.24998790
v -0.01379160 -0.13688682 0.25152508
v -0.01302090 -0.13699798 0.24967257
v -0.00988203 -0.13719251 0.24368150
v -0.01369351 -0.13785947 0.23997648
v -0.01373555 -0.13849866 0.23217231
v -0.00986802 -0.13815127 0.23213290
v -0.00991006 -0.13751211 0.23989766
v -0.00549602 -0.13733146 0.23595615
v -0.00206289 -0.13755378 0.22815198
v -0.00202085 -0.13688682 0.23619265
v -0.00200684 -0.13784557 0.22428932
v 0.00090782 -0.13703965 0.22815198
v 0.00176260 -0.13716471 0.22460463
v 0.00567217 -0.13613647 0.22815198
v 0.00684924 -0.13652554 0.22038723
v 0.00752186 -0.13669229 0.21652455
v 0.00990403 -0.13556677 0.22424989
v 0.01382761 -0.13464969 0.22421048
v 0.01726075 -0.13345471 0.22807314
v 0.02988627 -0.13194014 0.18132695
v 0.01728877 -0.13402440 0.22038723
v 0.01733081 -0.13428841 0.21652455
v 0.01734482 -0.13455243 0.21262247
v 0.01734482 -0.13480254 0.20875979
v 0.02079197 -0.13370481 0.20875979
v 0.01382761 -0.13494149 0.22038723
v 0.02425313 -0.13271826 0.20489712
v 0.02081999 -0.13414947 0.20095561
v 0.02083401 -0.13435790 0.19701412
v 0.02083401 -0.13456632 0.19311204
v 0.02081999 -0.13476085 0.18917055
v 0.01507475 -0.13667839 0.18526846
v 0.01738686 -0.13524718 0.20095561
v 0.01437411 -0.13646996 0.19311204
v 0.01392570 -0.13616426 0.20095561
v 0.01035244 -0.13724808 0.19693529
v 0.00956772 -0.13722030 0.20099505
v 0.00602249 -0.13817906 0.19701412
v 0.00159445 -0.13902668 0.19697471
v -0.00206289 -0.13965196 0.19689588
v -0.00542596 -0.14001323 0.19685646
v -0.01367950 -0.14076357 0.19677763
v -0.00538392 -0.13979090 0.20079797
v -0.00953171 -0.13976310 0.20887804
v -0.00955973 -0.13952691 0.21278012
v -0.01373555 -0.13991597 0.21274071
v -0.01372154 -0.14012440 0.20883863
v -0.01925659 -0.14106926 0.19417624
v -0.01925659 -0.13805400 0.24005531
v -0.01925659 -0.13869319 0.23229056
v -0.01765913 -0.13831803 0.23615322
v -0.01370752 -0.13880435 0.22830964
v -0.01367950 -0.13911005 0.22440755
v -0.00976993 -0.13873487 0.22436815
v -0.00193678 -0.13812348 0.22046606
v 0.00142629 -0.13753988 0.22042663
v 0.00556007 -0.13644216 0.22460463
v 0.00151037 -0.13780390 0.21660337
v 0.00159445 -0.13806790 0.21270130
v 0.00787218 -0.13677565 0.21431731
v 0.00990403 -0.13585857 0.22038723
v 0.01385564 -0.13548341 0.21262247
v 0.01385564 -0.13571961 0.20875979
v 0.00595242 -0.13797063 0.20099505
v 0.00910530 -0.13709525 0.20489712
v 0.00158043 -0.13880435 0.20091621
v -0.00189474 -0.13916561 0.20485770
v -0.01925659 -0.14088862 0.19807833
v -0.01792538 -0.14030503 0.20875979
v -0.01925659 -0.14036061 0.20872038
v -0.01925659 -0.14061072 0.20387233
v -0.00528584 -0.13954079 0.20485770
v -0.00962980 -0.13929068 0.21668220
v -0.01925659 -0.14013830 0.21266188
v -0.01925659 -0.14020776 0.21144001
v -0.01373555 -0.13966584 0.21660337
v -0.01782728 -0.13983260 0.21656397
v -0.01925659 -0.13930458 0.22448638
v -0.01763110 -0.13924900 0.22448638
v -0.01765913 -0.13894330 0.22838847
v -0.01369351 -0.13940184 0.22050546
v -0.00182468 -0.13863761 0.21278012
v -0.00181066 -0.13890162 0.20887804
v 0.00165050 -0.13831803 0.20883863
v 0.00823651 -0.13687292 0.21171593
v 0.00862887 -0.13697018 0.20875979
v 0.00586835 -0.13751211 0.20879921
v -0.01925659 -0.13987427 0.21652455
v -0.01925659 -0.13949911 0.22192441
f 1 2 3
f 1 3 4
f 1 4 5
f 1 5 6
f 1 6 7
f 1 7 8
f 1 8 2
f 2 9 10
f 2 10 11
f 2 11 3
f 2 8 9
f 3 11 12
f 3 12 13
f 3 13 14
f 3 14 4
f 4 14 13
f 4 13 25
f 4 25 43
f 4 43 65
f 4 65 67
f 4 67 94
f 4 94 130
f 4 130 176
f 4 176 175
f 4 175 219
f 4 219 254
f 4 254 255
f 4 255 292
f 4 292 340
f 4 340 386
f 4 386 439
f 4 439 498
f 4 498 559
f 4 559 558
f 4 558 634
f 4 634 726
f 4 726 831
f 4 831 830
f 4 830 969
f 4 969 1131
f 4 1131 1304
f 4 1304 1502
f 4 1502 1501
f 4 1501 1726
f 4 1726 1964
f 4 1964 1736
f 4 1736 1515
f 4 1515 1315
f 4 1315 1139
f 4 1139 977
f 4 977 836
f 4 836 736
f 4 736 734
f 4 734 641
f 4 641 564
f 4 564 501
f 4 501 444
f 4 444 443
f 4 443 440
f 4 440 387
f 4 387 342
f 4 342 293
f 4 293 258
f 4 258 257
f 4 257 256
f 4 256 220
f 4 220 179
f 4 179 178
f 4 178 177
f 4 177 131
f 4 131 96
f 4 96 95
f 4 95 68
f 4 68 45
f 4 45 28
f 4 28 15
f 4 15 5
f 5 15 6
f 6 15 16
f 6 16 29
f 6 29 17
f 6 17 8
f 6 8 7
f 8 17 18
f 8 18 19
f 8 19 9
f 9 20 21
f 9 21 22
f 9 22 10
f 9 19 20
f 10 22 23
f 10 23 11
f 11 23 24
f 11 24 12
f 12 25 13
f 12 24 26
f 12 26 27
f 12 27 25
f 15 28 16
f 16 28 30
f 16 30 31
f 16 31 29
f 17 29 32
f 17 32 18
f 18 32 33
f 18 33 34
f 18 34 20
f 18 20 19
f 20 35 21
f 20 34 51
f 20 51 35
f 21 35 36
f 21 36 37
f 21 37 22
f 22 37 38
f 22 38 39
f 22 39 23
f 23 39 40
f 23 40 41
f 23 41 42
f 23 42 26
f 23 26 24
f 25 27 43
f 26 42 27
f 27 42 44
f 27 44 43
f 28 45 46
f 28 46 30
f 29 31 32
f 30 46 47
f 30 47 31
f 31 47 48
f 31 48 49
f 31 49 32
f 32 50 33
f 32 49 50
f 33 51 34
f 33 50 52
f 33 52 51
f 35 51 53
f 35 53 54
f 35 54 36
f 36 54 37
f 37 54 55
f 37 55 56
f 37 56 57
f 37 57 38
f 38 57 58
f 38 58 59
f 38 59 60
f 38 60 40
f 38 40 39
f 40 60 61
f 40 61 41
f 41 61 62
f 41 62 63
f 41 63 64
f 41 64 42
f 42 64 44
f 43 44 65
f 44 64 66
f 44 66 67
f 44 67 65
f 45 68 46
f 46 68 69
f 46 69 47
f 47 69 70
f 47 70 71
f 47 71 72
f 47 72 48
f 48 73 49
f 48 72 73
f 49 73 50
f 50 73 74
f 50 74 52
f 51 52 75
f 51 75 76
f 51 76 53
f 52 74 77
f 52 77 75
f 53 76 78
f 53 78 54
f 54 78 79
f 54 79 55
f 55 79 80
f 55 80 81
f 55 81 56
f 56 81 57
f 57 81 82
f 57 82 83
f 57 83 58
f 58 83 84
f 58 84 85
f 58 85 59
f 59 85 86
f 59 86 60
f 60 86 87
f 60 87 62
f 60 62 61
f 62 87 88
f 62 88 89
f 62 89 90
f 62 90 91
f 62 91 63
f 63 91 92
f 63 92 64
f 64 92 66
f 66 92 93
f 66 93 94
f 66 94 67
f 68 95 69
f 69 95 96
f 69 96 97
f 69 97 98
f 69 98 70
f 70 98 71
f 71 98 99
f 71 99 100
f 71 100 101
f 71 101 102
f 71 102 72
f 72 103 73
f 72 102 103
f 73 103 104
f 73 104 105
f 73 105 74
f 74 105 106
f 74 106 107
f 74 107 108
f 74 108 109
f 74 109 77
f 75 110 78
f 75 78 76
f 75 77 109
f 75 109 111
f 75 111 110
f 78 110 112
f 78 112 113
f 78 113 114
f 78 114 115
f 78 115 79
f 79 115 116
f 79 116 117
f 79 117 80
f 80 117 81
f 81 117 82
f 82 117 118
f 82 118 119
f 82 119 120
f 82 120 84
f 82 84 83
f 84 120 121
f 84 121 87
f 84 87 86
f 84 86 85
f 87 121 122
f 87 122 123
f 87 123 88
f 88 123 124
f 88 124 89
f 89 124 125
f 89 125 126
f 89 126 127
f 89 127 90
f 90 128 92
f 90 92 91
f 90 127 128
f 92 128 93
f 93 128 129
f 93 129 176
f 93 176 130
f 93 130 94
f 96 131 97
f 97 131 132
f 97 132 99
f 97 99 98
f 99 132 133
f 99 133 134
f 99 134 135
f 99 135 136
f 99 136 100
f 100 136 101
f 101 137 138
f 101 138 139
f 101 139 102
f 101 136 140
f 101 140 141
f 101 141 142
f 101 142 143
f 101 143 137
f 102 104 103
f 102 139 104
f 104 139 138
f 104 138 144
f 104 144 106
f 104 106 105
f 106 145 107
f 106 144 146
f 106 146 145
f 107 147 108
f 107 145 147
f 108 147 109
f 109 147 111
f 110 111 148
f 110 148 112
f 111 147 149
f 111 149 148
f 112 148 150
f 112 150 113
f 113 150 151
f 113 151 152
f 113 152 114
f 114 153 115
f 114 152 153
f 115 153 154
f 115 154 116
f 116 154 117
f 117 155 156
f 117 156 157
f 117 157 118
f 117 154 155
f 118 157 119
f 119 157 158
f 119 158 159
f 119 159 160
f 119 160 120
f 120 160 161
f 120 161 121
f 121 161 122
f 122 124 123
f 122 161 162
f 122 162 163
f 122 163 164
f 122 164 124
f 124 164 165
f 124 165 125
f 125 165 166
f 125 166 167
f 125 167 168
f 125 168 169
f 125 169 170
f 125 170 171
f 125 171 127
f 125 127 126
f 127 172 128
f 127 171 173
f 127 173 172
f 128 172 129
f 129 172 174
f 129 174 175
f 129 175 176
f 131 177 132
f 132 177 178
f 132 178 133
f 133 178 179
f 133 179 180
f 133 180 134
f 134 180 181
f 134 181 135
f 135 181 182
f 135 182 183
f 135 183 184
f 135 184 140
f 135 140 136
f 137 185 186
f 137 186 138
f 137 143 185
f 138 146 144
f 138 186 146
f 140 184 141
f 141 187 143
f 141 143 142
f 141 184 188
f 141 188 187
f 143 187 229
f 143 229 185
f 145 189 147
f 145 146 189
f 146 186 190
f 146 190 191
f 146 191 189
f 147 189 192
f 147 192 149
f 148 149 151
f 148 151 150
f 149 192 193
f 149 193 194
f 149 194 151
f 151 195 196
f 151 196 152
f 151 194 195
f 152 196 197
f 152 197 198
f 152 198 153
f 153 198 199
f 153 199 154
f 154 199 200
f 154 200 201
f 154 201 202
f 154 202 155
f 155 202 156
f 156 202 157
f 157 202 203
f 157 203 204
f 157 204 159
f 157 159 158
f 159 204 205
f 159 205 206
f 159 206 207
f 159 207 208
f 159 208 160
f 160 162 161
f 160 208 162
f 162 208 163
f 163 208 209
f 163 209 165
f 163 165 164
f 165 209 210
f 165 210 211
f 165 211 166
f 166 211 210
f 166 210 250
f 166 250 206
f 166 206 249
f 166 249 291
f 166 291 339
f 166 339 338
f 166 338 384
f 166 384 435
f 166 435 494
f 166 494 551
f 166 551 617
f 166 617 616
f 166 616 615
f 166 615 614
f 166 614 697
f 166 697 696
f 166 696 695
f 166 695 790
f 166 790 901
f 166 901 1049
f 166 1049 1210
f 166 1210 1392
f 166 1392 1607
f 166 1607 1390
f 166 1390 1606
f 166 1606 1829
f 166 1829 1828
f 166 1828 1827
f 166 1827 2065
f 166 2065 2266
f 166 2266 2423
f 166 2423 2555
f 166 2555 2554
f 166 2554 2693
f 166 2693 2692
f 166 2692 2691
f 166 2691 2690
f 166 2690 2815
f 166 2815 2818
f 166 2818 2817
f 166 2817 2816
f 166 2816 2697
f 166 2697 2694
f 166 2694 2556
f 166 2556 2425
f 166 2425 2424
f 166 2424 2268
f 166 2268 2267
f 166 2267 2067
f 166 2067 2066
f 166 2066 1832
f 166 1832 1831
f 166 1831 1610
f 166 1610 1608
f 166 1608 1393
f 166 1393 1211
f 166 1211 1051
f 166 1051 1050
f 166 1050 903
f 166 903 902
f 166 902 791
f 166 791 698
f 166 698 619
f 166 619 618
f 166 618 552
f 166 552 495
f 166 495 437
f 166 437 385
f 166 385 340
f 166 340 292
f 166 292 253
f 166 253 215
f 166 215 214
f 166 214 168
f 166 168 213
f 166 213 212
f 166 212 167
f 167 212 213
f 167 213 168
f 168 214 170
f 168 170 169
f 170 214 215
f 170 215 216
f 170 216 173
f 170 173 171
f 172 173 217
f 172 217 174
f 173 216 218
f 173 218 217
f 174 217 219
f 174 219 175
f 179 220 180
f 180 220 221
f 180 221 182
f 180 182 181
f 182 221 222
f 182 222 223
f 182 223 224
f 182 224 183
f 183 225 184
f 183 224 226
f 183 226 225
f 184 225 226
f 184 226 227
f 184 227 188
f 185 228 186
f 185 229 228
f 186 228 230
f 186 230 190
f 187 188 227
f 187 227 231
f 187 231 232
f 187 232 229
f 189 233 193
f 189 193 192
f 189 191 234
f 189 234 233
f 190 235 234
f 190 234 191
f 190 230 236
f 190 236 235
f 193 237 194
f 193 233 237
f 194 237 195
f 195 238 196
f 195 237 238
f 196 239 240
f 196 240 197
f 196 238 239
f 197 240 241
f 197 241 198
f 198 241 199
f 199 241 242
f 199 242 243
f 199 243 200
f 200 243 201
f 201 243 202
f 202 243 244
f 202 244 245
f 202 245 203
f 203 245 204
f 204 245 246
f 204 246 247
f 204 247 205
f 205 247 248
f 205 248 206
f 206 248 249
f 206 250 251
f 206 251 207
f 207 251 208
f 208 251 250
f 208 250 252
f 208 252 210
f 208 210 209
f 210 252 250
f 215 253 218
f 215 218 216
f 217 254 219
f 217 218 255
f 217 255 254
f 218 253 292
f 218 292 255
f 220 256 221
f 221 256 257
f 221 257 222
f 222 257 258
f 222 258 259
f 222 259 223
f 223 259 260
f 223 260 261
f 223 261 224
f 224 261 262
f 224 262 263
f 224 263 264
f 224 264 226
f 226 264 227
f 227 264 265
f 227 265 266
f 227 266 231
f 228 229 267
f 228 267 268
f 228 268 236
f 228 236 230
f 229 232 269
f 229 269 267
f 231 266 270
f 231 270 232
f 232 270 271
f 232 271 269
f 233 272 237
f 233 234 272
f 234 235 273
f 234 273 274
f 234 274 272
f 235 236 273
f 236 268 275
f 236 275 273
f 237 272 276
f 237 276 277
f 237 277 278
f 237 278 279
f 237 279 238
f 238 280 239
f 238 279 281
f 238 281 280
f 239 280 240
f 240 280 282
f 240 282 283
f 240 283 241
f 241 283 284
f 241 284 242
f 242 284 243
f 243 285 244
f 243 284 285
f 244 285 286
f 244 286 245
f 245 287 288
f 245 288 246
f 245 286 287
f 246 288 247
f 247 288 289
f 247 289 248
f 248 290 291
f 248 291 249
f 248 289 290
f 258 293 259
f 259 293 294
f 259 294 260
f 260 294 295
f 260 295 261
f 261 296 262
f 261 295 297
f 261 297 298
f 261 298 299
f 261 299 300
f 261 300 301
f 261 301 296
f 262 296 263
f 263 296 301
f 263 301 302
f 263 302 303
f 263 303 264
f 264 303 265
f 265 303 304
f 265 304 305
f 265 305 266
f 266 305 306
f 266 306 307
f 266 307 308
f 266 308 309
f 266 309 310
f 266 310 270
f 267 269 311
f 267 311 312
f 267 312 268
f 268 313 275
f 268 312 313
f 269 271 314
f 269 314 311
f 270 310 315
f 270 315 316
f 270 316 317
f 270 317 318
f 270 318 271
f 271 318 314
f 272 274 276
f 273 275 319
f 273 319 320
f 273 320 321
f 273 321 274
f 274 321 276
f 275 313 319
f 276 321 322
f 276 322 323
f 276 323 277
f 277 323 324
f 277 324 278
f 278 324 281
f 278 281 279
f 280 281 325
f 280 325 326
f 280 326 327
f 280 327 282
f 281 324 328
f 281 328 325
f 282 327 283
f 283 327 329
f 283 329 330
f 283 330 284
f 284 330 331
f 284 331 332
f 284 332 285
f 285 332 333
f 285 333 286
f 286 333 334
f 286 334 287
f 287 334 335
f 287 335 288
f 288 335 289
f 289 336 337
f 289 337 290
f 289 335 336
f 290 337 338
f 290 338 339
f 290 339 291
f 293 341 294
f 293 342 341
f 294 341 295
f 295 341 297
f 297 341 298
f 298 341 299
f 299 343 300
f 299 341 344
f 299 344 345
f 299 345 343
f 300 343 346
f 300 346 301
f 301 346 302
f 302 305 304
f 302 304 303
f 302 346 305
f 305 346 347
f 305 347 348
f 305 348 306
f 306 348 308
f 306 308 307
f 308 348 349
f 308 349 350
f 308 350 315
f 308 315 309
f 309 315 310
f 311 314 318
f 311 318 351
f 311 351 352
f 311 352 353
f 311 353 354
f 311 354 312
f 312 354 313
f 313 354 319
f 315 350 317
f 315 317 316
f 317 350 349
f 317 349 355
f 317 355 356
f 317 356 357
f 317 357 358
f 317 358 318
f 318 358 359
f 318 359 351
f 319 354 360
f 319 360 361
f 319 361 362
f 319 362 363
f 319 363 320
f 320 363 364
f 320 364 321
f 321 365 366
f 321 366 322
f 321 364 365
f 322 367 368
f 322 368 328
f 322 328 324
f 322 324 323
f 322 366 367
f 325 369 370
f 325 370 326
f 325 328 369
f 326 370 371
f 326 371 327
f 327 371 329
f 328 368 372
f 328 372 369
f 329 373 330
f 329 371 373
f 330 373 374
f 330 374 375
f 330 375 331
f 331 375 376
f 331 376 332
f 332 376 377
f 332 377 333
f 333 377 378
f 333 378 379
f 333 379 380
f 333 380 334
f 334 380 381
f 334 381 335
f 335 381 382
f 335 382 336
f 336 382 337
f 337 382 383
f 337 383 338
f 338 383 384
f 340 385 386
f 341 342 344
f 342 387 344
f 343 388 389
f 343 389 390
f 343 390 346
f 343 345 388
f 344 387 391
f 344 391 392
f 344 392 345
f 345 392 393
f 345 393 388
f 346 390 394
f 346 394 347
f 347 394 348
f 348 394 395
f 348 395 349
f 349 396 355
f 349 395 397
f 349 397 398
f 349 398 396
f 351 359 399
f 351 399 352
f 352 400 353
f 352 399 401
f 352 401 400
f 353 402 354
f 353 400 402
f 354 402 360
f 355 396 356
f 356 396 398
f 356 398 403
f 356 403 404
f 356 404 405
f 356 405 406
f 356 406 357
f 357 406 407
f 357 407 408
f 357 408 358
f 358 408 409
f 358 409 359
f 359 409 399
f 360 402 361
f 361 402 410
f 361 410 411
f 361 411 412
f 361 412 362
f 362 412 363
f 363 412 413
f 363 413 414
f 363 414 364
f 364 414 415
f 364 415 416
f 364 416 365
f 365 416 366
f 366 416 417
f 366 417 367
f 367 418 419
f 367 419 368
f 367 417 418
f 368 419 372
f 369 372 420
f 369 420 421
f 369 421 422
f 369 422 423
f 369 423 370
f 370 423 371
f 371 424 425
f 371 425 373
f 371 423 424
f 372 419 420
f 373 425 374
f 374 426 375
f 374 425 427
f 374 427 426
f 375 426 376
f 376 428 429
f 376 429 377
f 376 426 428
f 377 429 378
f 378 429 379
f 379 430 380
f 379 429 430
f 380 430 431
f 380 431 432
f 380 432 381
f 381 432 433
f 381 433 382
f 382 433 383
f 383 433 434
f 383 434 435
f 383 435 384
f 385 436 386
f 385 437 496
f 385 496 556
f 385 556 628
f 385 628 629
f 385 629 711
f 385 711 710
f 385 710 709
f 385 709 708
f 385 708 803
f 385 803 919
f 385 919 918
f 385 918 1066
f 385 1066 1228
f 385 1228 1227
f 385 1227 1413
f 385 1413 1629
f 385 1629 1851
f 385 1851 1852
f 385 1852 2089
f 385 2089 2297
f 385 2297 2458
f 385 2458 2591
f 385 2591 2729
f 385 2729 2846
f 385 2846 2963
f 385 2963 3060
f 385 3060 3059
f 385 3059 3108
f 385 3108 3110
f 385 3110 3162
f 385 3162 3182
f 385 3182 3185
f 385 3185 3184
f 385 3184 3189
f 385 3189 3188
f 385 3188 3202
f 385 3202 3203
f 385 3203 3192
f 385 3192 3164
f 385 3164 3163
f 385 3163 3113
f 385 3113 3112
f 385 3112 3111
f 385 3111 3061
f 385 3061 2965
f 385 2965 2964
f 385 2964 2849
f 385 2849 2848
f 385 2848 2852
f 385 2852 2847
f 385 2847 2730
f 385 2730 2592
f 385 2592 2459
f 385 2459 2302
f 385 2302 2301
f 385 2301 2300
f 385 2300 2299
f 385 2299 2298
f 385 2298 2090
f 385 2090 1853
f 385 1853 1632
f 385 1632 1631
f 385 1631 1415
f 385 1415 1414
f 385 1414 1231
f 385 1231 1230
f 385 1230 1229
f 385 1229 1067
f 385 1067 929
f 385 929 808
f 385 808 715
f 385 715 631
f 385 631 557
f 385 557 497
f 385 497 438
f 385 438 436
f 386 436 438
f 386 438 439
f 387 440 391
f 388 393 389
f 389 441 394
f 389 394 390
f 389 393 442
f 389 442 448
f 389 448 441
f 391 440 443
f 391 443 444
f 391 444 445
f 391 445 446
f 391 446 392
f 392 446 393
f 393 446 447
f 393 447 442
f 394 441 395
f 395 448 449
f 395 449 450
f 395 450 451
f 395 451 397
f 395 441 448
f 397 451 398
f 398 451 452
f 398 452 453
f 398 453 403
f 399 409 454
f 399 454 401
f 400 410 402
f 400 401 455
f 400 455 456
f 400 456 410
f 401 454 457
f 401 457 458
f 401 458 455
f 403 453 404
f 404 453 459
f 404 459 460
f 404 460 461
f 404 461 405
f 405 461 406
f 406 462 407
f 406 461 462
f 407 462 463
f 407 463 464
f 407 464 408
f 408 464 409
f 409 464 454
f 410 456 465
f 410 465 411
f 411 466 467
f 411 467 412
f 411 465 468
f 411 468 466
f 412 467 469
f 412 469 470
f 412 470 471
f 412 471 413
f 413 472 414
f 413 471 472
f 414 472 473
f 414 473 474
f 414 474 475
f 414 475 415
f 415 475 417
f 415 417 416
f 417 475 476
f 417 476 477
f 417 477 418
f 418 477 478
f 418 478 419
f 419 478 420
f 420 478 479
f 420 479 480
f 420 480 421
f 421 480 422
f 422 424 423
f 422 480 481
f 422 481 427
f 422 427 424
f 424 427 425
f 426 427 482
f 426 482 483
f 426 483 484
f 426 484 428
f 427 485 482
f 427 481 485
f 428 484 486
f 428 486 429
f 429 486 487
f 429 487 488
f 429 488 430
f 430 488 489
f 430 489 431
f 431 489 490
f 431 490 491
f 431 491 492
f 431 492 432
f 432 492 433
f 433 492 493
f 433 493 434
f 434 493 435
f 435 493 494
f 437 495 496
f 438 497 498
f 438 498 439
f 442 447 499
f 442 499 500
f 442 500 449
f 442 449 448
f 444 501 502
f 444 502 445
f 445 503 446
f 445 502 503
f 446 503 504
f 446 504 505
f 446 505 447
f 447 505 499
f 449 506 450
f 449 500 506
f 450 506 507
f 450 507 508
f 450 508 509
f 450 509 451
f 451 509 452
f 452 459 453
f 452 509 510
f 452 510 511
f 452 511 512
f 452 512 459
f 454 464 457
f 455 513 456
f 455 458 457
f 455 457 514
f 455 514 515
f 455 515 513
f 456 513 465
f 457 516 517
f 457 517 514
f 457 464 516
f 459 512 518
f 459 518 460
f 460 518 519
f 460 519 520
f 460 520 461
f 461 521 516
f 461 516 462
f 461 520 521
f 462 516 464
f 462 464 463
f 465 513 468
f 466 469 467
f 466 468 522
f 466 522 469
f 468 513 523
f 468 523 524
f 468 524 522
f 469 525 526
f 469 526 470
f 469 522 525
f 470 526 471
f 471 526 527
f 471 527 472
f 472 527 473
f 473 528 529
f 473 529 474
f 473 527 530
f 473 530 528
f 474 529 475
f 475 529 531
f 475 531 532
f 475 532 476
f 476 532 477
f 477 532 533
f 477 533 534
f 477 534 535
f 477 535 478
f 478 535 479
f 479 535 536
f 479 536 480
f 480 536 537
f 480 537 538
f 480 538 539
f 480 539 540
f 480 540 481
f 481 540 485
f 482 485 540
f 482 540 541
f 482 541 483
f 483 541 542
f 483 542 543
f 483 543 484
f 484 543 486
f 486 543 544
f 486 544 545
f 486 545 487
f 487 490 488
f 487 545 546
f 487 546 548
f 487 548 490
f 488 490 547
f 488 547 489
f 489 547 490
f 490 548 491
f 491 548 549
f 491 549 550
f 491 550 492
f 492 550 493
f 493 550 551
f 493 551 494
f 495 552 553
f 495 553 554
f 495 554 555
f 495 555 556
f 495 556 496
f 497 557 558
f 497 558 559
f 497 559 498
f 499 505 560
f 499 560 561
f 499 561 500
f 500 507 506
f 500 561 562
f 500 562 563
f 500 563 507
f 501 564 565
f 501 565 502
f 502 565 566
f 502 566 503
f 503 567 504
f 503 566 568
f 503 568 567
f 504 560 505
f 504 567 560
f 507 569 570
f 507 570 510
f 507 510 509
f 507 509 508
f 507 563 569
f 510 570 512
f 510 512 511
f 512 570 571
f 512 571 572
f 512 572 518
f 513 515 523
f 514 517 573
f 514 573 515
f 515 573 574
f 515 574 523
f 516 521 575
f 516 575 576
f 516 576 517
f 517 576 573
f 518 572 577
f 518 577 578
f 518 578 579
f 518 579 519
f 519 580 581
f 519 581 520
f 519 579 580
f 520 581 582
f 520 582 575
f 520 575 583
f 520 583 521
f 521 583 575
f 522 524 584
f 522 584 525
f 523 585 524
f 523 574 585
f 524 585 586
f 524 586 584
f 525 587 588
f 525 588 526
f 525 584 587
f 526 588 527
f 527 588 589
f 527 589 530
f 528 590 529
f 528 530 590
f 529 590 591
f 529 591 533
f 529 533 531
f 530 589 592
f 530 592 590
f 531 533 532
f 533 591 593
f 533 593 594
f 533 594 595
f 533 595 534
f 534 595 535
f 535 596 597
f 535 597 536
f 535 595 596
f 536 598 537
f 536 597 598
f 537 598 599
f 537 599 538
f 538 599 600
f 538 600 601
f 538 601 539
f 539 601 541
f 539 541 540
f 541 601 602
f 541 602 603
f 541 603 604
f 541 604 542
f 542 604 543
f 543 604 605
f 543 605 544
f 544 605 606
f 544 606 545
f 545 606 546
f 546 606 607
f 546 607 608
f 546 608 548
f 548 608 609
f 548 609 549
f 549 610 611
f 549 611 612
f 549 612 550
f 549 609 610
f 550 612 613
f 550 613 614
f 550 614 615
f 550 615 616
f 550 616 617
f 550 617 551
f 552 618 553
f 553 618 619
f 553 619 620
f 553 620 621
f 553 621 622
f 553 622 623
f 553 623 554
f 554 623 622
f 554 622 624
f 554 624 625
f 554 625 626
f 554 626 627
f 554 627 555
f 555 628 556
f 555 627 629
f 555 629 628
f 557 630 558
f 557 631 630
f 558 630 632
f 558 632 633
f 558 633 634
f 560 567 635
f 560 635 561
f 561 635 636
f 561 636 637
f 561 637 562
f 562 637 638
f 562 638 639
f 562 639 640
f 562 640 563
f 563 640 569
f 564 641 642
f 564 642 643
f 564 643 565
f 565 644 566
f 565 643 644
f 566 644 645
f 566 645 568
f 567 568 636
f 567 636 635
f 568 645 646
f 568 646 637
f 568 637 636
f 569 640 647
f 569 647 570
f 570 647 571
f 571 647 572
f 572 648 577
f 572 647 649
f 572 649 650
f 572 650 648
f 573 576 651
f 573 651 652
f 573 652 653
f 573 653 574
f 574 653 654
f 574 654 655
f 574 655 585
f 575 651 576
f 575 582 581
f 575 581 656
f 575 656 651
f 577 648 578
f 578 657 579
f 578 648 658
f 578 658 659
f 578 659 660
f 578 660 661
f 578 661 662
f 578 662 657
f 579 657 580
f 580 663 581
f 580 657 664
f 580 664 663
f 581 663 656
f 584 586 665
f 584 665 666
f 584 666 667
f 584 667 587
f 585 665 586
f 585 655 668
f 585 668 665
f 587 669 588
f 587 667 669
f 588 669 589
f 589 669 592
f 590 670 674
f 590 674 591
f 590 592 671
f 590 671 672
f 590 672 670
f 591 673 593
f 591 674 673
f 592 669 675
f 592 675 676
f 592 676 671
f 593 673 677
f 593 677 594
f 594 596 595
f 594 677 596
f 596 678 679
f 596 679 597
f 596 677 678
f 597 679 680
f 597 680 598
f 598 680 599
f 599 681 600
f 599 680 681
f 600 681 682
f 600 682 683
f 600 683 601
f 601 684 685
f 601 685 686
f 601 686 602
f 601 683 684
f 602 686 603
f 603 686 687
f 603 687 604
f 604 687 688
f 604 688 605
f 605 688 689
f 605 689 606
f 606 689 690
f 606 690 607
f 607 690 608
f 608 691 609
f 608 690 691
f 609 692 610
f 609 691 692
f 610 692 693
f 610 693 611
f 611 694 695
f 611 695 696
f 611 696 697
f 611 697 612
f 611 693 694
f 612 697 614
f 612 614 613
f 619 698 699
f 619 699 700
f 619 700 620
f 620 700 621
f 621 701 702
f 621 702 622
f 621 700 701
f 622 702 703
f 622 703 624
f 624 703 625
f 625 704 705
f 625 705 706
f 625 706 707
f 625 707 626
f 625 703 704
f 626 707 708
f 626 708 709
f 626 709 710
f 626 710 627
f 627 710 711
f 627 711 629
f 630 712 632
f 630 631 712
f 631 713 714
f 631 714 712
f 631 715 713
f 632 716 717
f 632 717 633
f 632 712 718
f 632 718 719
f 632 719 720
f 632 720 721
f 632 721 722
f 632 722 723
f 632 723 716
f 633 717 724
f 633 724 725
f 633 725 634
f 634 725 726
f 637 646 727
f 637 727 728
f 637 728 729
f 637 729 730
f 637 730 638
f 638 730 639
f 639 730 731
f 639 731 732
f 639 732 733
f 639 733 640
f 640 733 647
f 641 734 642
f 642 735 643
f 642 734 736
f 642 736 737
f 642 737 735
f 643 735 738
f 643 738 739
f 643 739 644
f 644 739 645
f 645 738 740
f 645 740 727
f 645 727 646
f 645 739 738
f 647 733 741
f 647 741 742
f 647 742 649
f 648 650 658
f 649 742 743
f 649 743 650
f 650 743 744
f 650 744 658
f 651 656 652
f 652 656 745
f 652 745 746
f 652 746 747
f 652 747 654
f 652 654 653
f 654 748 749
f 654 749 655
f 654 747 748
f 655 749 668
f 656 663 750
f 656 750 745
f 657 662 751
f 657 751 664
f 658 744 752
f 658 752 659
f 659 752 660
f 660 752 753
f 660 753 754
f 660 754 661
f 661 754 755
f 661 755 662
f 662 755 756
f 662 756 757
f 662 757 758
f 662 758 759
f 662 759 751
f 663 664 760
f 663 760 750
f 664 751 760
f 665 668 761
f 665 761 762
f 665 762 666
f 666 763 764
f 666 764 765
f 666 765 667
f 666 762 763
f 667 765 669
f 668 749 748
f 668 748 761
f 669 765 766
f 669 766 675
f 670 672 767
f 670 767 674
f 671 768 769
f 671 769 672
f 671 676 768
f 672 769 770
f 672 770 767
f 673 674 771
f 673 771 772
f 673 772 677
f 674 767 771
f 675 766 773
f 675 773 676
f 676 773 884
f 676 884 774
f 676 774 768
f 677 772 775
f 677 775 678
f 678 775 776
f 678 776 777
f 678 777 682
f 678 682 680
f 678 680 679
f 680 682 681
f 682 777 778
f 682 778 683
f 683 778 779
f 683 779 684
f 684 779 780
f 684 780 685
f 685 780 781
f 685 781 782
f 685 782 686
f 686 782 687
f 687 782 688
f 688 783 689
f 688 782 783
f 689 784 690
f 689 783 784
f 690 784 785
f 690 785 786
f 690 786 691
f 691 786 787
f 691 787 692
f 692 787 693
f 693 787 788
f 693 788 789
f 693 789 694
f 694 789 695
f 695 789 790
f 698 791 699
f 699 792 793
f 699 793 700
f 699 791 792
f 700 793 701
f 701 794 795
f 701 795 702
f 701 793 794
f 702 795 796
f 702 796 703
f 703 796 797
f 703 797 704
f 704 797 798
f 704 798 705
f 705 798 799
f 705 799 800
f 705 800 801
f 705 801 706
f 706 801 802
f 706 802 707
f 707 802 708
f 708 802 803
f 712 714 718
f 713 715 804
f 713 804 714
f 714 805 718
f 714 804 806
f 714 806 807
f 714 807 805
f 715 808 804
f 716 723 809
f 716 809 810
f 716 810 811
f 716 811 812
f 716 812 717
f 717 812 813
f 717 813 814
f 717 814 815
f 717 815 724
f 718 816 719
f 718 805 816
f 719 816 817
f 719 817 818
f 719 818 720
f 720 818 819
f 720 819 721
f 721 820 722
f 721 819 821
f 721 821 822
f 721 822 823
f 721 823 820
f 722 820 824
f 722 824 825
f 722 825 723
f 723 825 826
f 723 826 827
f 723 827 809
f 724 815 725
f 725 815 828
f 725 828 829
f 725 829 830
f 725 830 831
f 725 831 726
f 727 740 728
f 728 832 729
f 728 740 832
f 729 832 730
f 730 832 833
f 730 833 834
f 730 834 731
f 731 834 732
f 732 834 835
f 732 835 733
f 733 835 741
f 735 737 738
f 736 836 837
f 736 837 737
f 737 837 838
f 737 838 738
f 738 838 839
f 738 839 740
f 740 840 832
f 740 839 840
f 741 835 841
f 741 841 742
f 742 841 842
f 742 842 743
f 743 842 752
f 743 752 744
f 745 750 843
f 745 843 844
f 745 844 746
f 746 845 846
f 746 846 747
f 746 844 847
f 746 847 845
f 747 846 748
f 748 846 848
f 748 848 849
f 748 849 761
f 750 760 850
f 750 850 851
f 750 851 843
f 751 852 850
f 751 850 760
f 751 759 853
f 751 853 854
f 751 854 852
f 752 842 855
f 752 855 753
f 753 855 856
f 753 856 754
f 754 857 858
f 754 858 859
f 754 859 860
f 754 860 861
f 754 861 862
f 754 862 755
f 754 856 863
f 754 863 857
f 755 862 756
f 756 862 861
f 756 861 864
f 756 864 757
f 757 864 865
f 757 865 866
f 757 866 867
f 757 867 758
f 758 867 868
f 758 868 854
f 758 854 759
f 759 854 853
f 761 849 869
f 761 869 870
f 761 870 871
f 761 871 762
f 762 871 763
f 763 871 764
f 764 871 766
f 764 766 765
f 766 871 773
f 767 770 769
f 767 769 872
f 767 872 873
f 767 873 874
f 767 874 771
f 768 872 769
f 768 774 875
f 768 875 876
f 768 876 872
f 771 874 877
f 771 877 878
f 771 878 879
f 771 879 772
f 772 880 775
f 772 879 881
f 772 881 880
f 773 871 882
f 773 882 883
f 773 883 884
f 774 884 875
f 775 880 776
f 776 880 885
f 776 885 777
f 777 886 887
f 777 887 778
f 777 885 888
f 777 888 886
f 778 887 889
f 778 889 779
f 779 889 780
f 780 890 891
f 780 891 781
f 780 889 890
f 781 891 892
f 781 892 893
f 781 893 782
f 782 893 783
f 783 893 894
f 783 894 784
f 784 895 896
f 784 896 785
f 784 894 895
f 785 896 786
f 786 896 897
f 786 897 788
f 786 788 787
f 788 897 898
f 788 898 899
f 788 899 789
f 789 899 900
f 789 900 901
f 789 901 790
f 791 902 792
f 792 902 903
f 792 903 793
f 793 904 794
f 793 903 905
f 793 905 904
f 794 906 907
f 794 907 795
f 794 904 906
f 795 907 908
f 795 908 909
f 795 909 910
f 795 910 796
f 796 911 912
f 796 912 797
f 796 910 911
f 797 912 798
f 798 912 799
f 799 912 911
f 799 911 913
f 799 913 914
f 799 914 800
f 800 915 916
f 800 916 801
f 800 914 915
f 801 916 802
f 802 916 917
f 802 917 918
f 802 918 919
f 802 919 803
f 804 808 920
f 804 920 921
f 804 921 806
f 805 807 922
f 805 922 923
f 805 923 816
f 806 921 924
f 806 924 925
f 806 925 807
f 807 926 927
f 807 927 922
f 807 925 924
f 807 924 928
f 807 928 926
f 808 929 920
f 809 930 810
f 809 827 931
f 809 931 932
f 809 932 933
f 809 933 934
f 809 934 930
f 810 930 935
f 810 935 936
f 810 936 937
f 810 937 811
f 811 937 938
f 811 938 939
f 811 939 812
f 812 939 940
f 812 940 813
f 813 940 941
f 813 941 942
f 813 942 943
f 813 943 944
f 813 944 945
f 813 945 946
f 813 946 814
f 814 946 945
f 814 945 947
f 814 947 815
f 815 947 828
f 816 923 948
f 816 948 949
f 816 949 950
f 816 950 817
f 817 950 949
f 817 949 951
f 817 951 952
f 817 952 818
f 818 952 953
f 818 953 819
f 819 953 821
f 820 823 824
f 821 954 955
f 821 955 822
f 821 953 956
f 821 956 957
f 821 957 958
f 821 958 954
f 822 955 959
f 822 959 960
f 822 960 823
f 823 960 961
f 823 961 824
f 824 961 962
f 824 962 963
f 824 963 964
f 824 964 825
f 825 964 965
f 825 965 826
f 826 965 966
f 826 966 967
f 826 967 932
f 826 932 827
f 827 932 931
f 828 947 968
f 828 968 829
f 829 968 830
f 830 968 969
f 832 840 970
f 832 970 833
f 833 971 834
f 833 970 972
f 833 972 971
f 834 971 973
f 834 973 835
f 835 974 975
f 835 975 841
f 835 973 976
f 835 976 974
f 836 977 978
f 836 978 837
f 837 978 838
f 838 978 979
f 838 979 980
f 838 980 839
f 839 980 981
f 839 981 970
f 839 970 840
f 841 982 842
f 841 975 983
f 841 983 982
f 842 982 855
f 843 851 984
f 843 984 985
f 843 985 847
f 843 847 844
f 845 847 846
f 846 847 848
f 847 985 986
f 847 986 987
f 847 987 988
f 847 988 989
f 847 989 848
f 848 989 990
f 848 990 869
f 848 869 849
f 850 852 991
f 850 991 851
f 851 991 992
f 851 992 984
f 852 854 991
f 854 868 993
f 854 993 994
f 854 994 991
f 855 982 983
f 855 983 995
f 855 995 856
f 856 995 996
f 856 996 863
f 857 863 997
f 857 997 998
f 857 998 858
f 858 998 999
f 858 999 1000
f 858 1000 1001
f 858 1001 1002
f 858 1002 1003
f 858 1003 1004
f 858 1004 859
f 859 1005 860
f 859 1004 1005
f 860 1006 861
f 860 1005 1006
f 861 1006 1007
f 861 1007 864
f 863 1008 997
f 863 996 1008
f 864 1007 1009
f 864 1009 865
f 865 1009 993
f 865 993 868
f 865 868 866
f 866 868 867
f 869 990 1010
f 869 1010 1011
f 869 1011 1012
f 869 1012 1013
f 869 1013 1014
f 869 1014 870
f 870 1014 882
f 870 882 871
f 872 1015 873
f 872 876 1015
f 873 1016 874
f 873 1015 1017
f 873 1017 1016
f 874 1018 877
f 874 1016 1018
f 875 884 1019
f 875 1019 1020
f 875 1020 1021
f 875 1021 876
f 876 1021 1022
f 876 1022 1015
f 877 1018 1023
f 877 1023 878
f 878 881 879
f 878 1023 1024
f 878 1024 1025
f 878 1025 881
f 880 1025 1029
f 880 1029 885
f 880 881 1025
f 882 1014 883
f 883 1014 1013
f 883 1013 1026
f 883 1026 1027
f 883 1027 1028
f 883 1028 884
f 884 1028 1019
f 885 1029 1030
f 885 1030 888
f 886 1031 1032
f 886 1032 887
f 886 888 1030
f 886 1030 1031
f 887 1032 1033
f 887 1033 889
f 889 1033 1034
f 889 1034 1035
f 889 1035 890
f 890 1035 891
f 891 1035 1036
f 891 1036 892
f 892 1037 1038
f 892 1038 893
f 892 1036 1037
f 893 1038 894
f 894 1038 895
f 895 1038 1039
f 895 1039 1040
f 895 1040 1041
f 895 1041 1042
f 895 1042 1043
f 895 1043 1044
f 895 1044 896
f 896 1044 1045
f 896 1045 898
f 896 898 897
f 898 1046 1047
f 898 1047 899
f 898 1045 1043
f 898 1043 1046
f 899 1047 1048
f 899 1048 900
f 900 1048 1049
f 900 1049 901
f 903 1050 905
f 904 905 1050
f 904 1050 1051
f 904 1051 1052
f 904 1052 1053
f 904 1053 906
f 906 1054 907
f 906 1053 1054
f 907 1054 908
f 908 1054 909
f 909 1055 1056
f 909 1056 913
f 909 913 911
f 909 911 910
f 909 1054 1057
f 909 1057 1055
f 913 1056 1058
f 913 1058 1059
f 913 1059 914
f 914 1059 1060
f 914 1060 1061
f 914 1061 1062
f 914 1062 1063
f 914 1063 915
f 915 1063 916
f 916 1063 1064
f 916 1064 1065
f 916 1065 917
f 917 1065 918
f 918 1065 1066
f 920 929 1067
f 920 1067 1068
f 920 1068 921
f 921 1068 924
f 922 927 1069
f 922 1069 923
f 923 1069 948
f 924 1068 1070
f 924 1070 1071
f 924 1071 928
f 926 928 927
f 927 1072 1073
f 927 1073 1069
f 927 928 1074
f 927 1074 1075
f 927 1075 1072
f 928 1071 1076
f 928 1076 1075
f 928 1075 1074
f 930 934 1077
f 930 1077 935
f 932 967 1078
f 932 1078 933
f 933 1078 1079
f 933 1079 1080
f 933 1080 934
f 934 1081 1077
f 934 1080 1082
f 934 1082 1083
f 934 1083 1081
f 935 1077 1084
f 935 1084 1085
f 935 1085 1086
f 935 1086 936
f 936 1087 1088
f 936 1088 937
f 936 1086 1089
f 936 1089 1087
f 937 1088 938
f 938 1088 1090
f 938 1090 1091
f 938 1091 939
f 939 1091 1092
f 939 1092 940
f 940 1092 1091
f 940 1091 1093
f 940 1093 1094
f 940 1094 941
f 941 1094 1095
f 941 1095 1096
f 941 1096 1097
f 941 1097 1098
f 941 1098 942
f 942 1098 1099
f 942 1099 1100
f 942 1100 1101
f 942 1101 943
f 943 1101 1102
f 943 1102 1103
f 943 1103 944
f 944 1103 945
f 945 1103 1104
f 945 1104 1105
f 945 1105 947
f 947 1105 1106
f 947 1106 968
f 948 1069 949
f 949 1069 1073
f 949 1073 951
f 951 1073 1107
f 951 1107 1108
f 951 1108 952
f 952 1108 956
f 952 956 953
f 954 1109 955
f 954 958 1110
f 954 1110 1111
f 954 1111 1109
f 955 1109 959
f 956 1108 957
f 957 1108 958
f 958 1108 1112
f 958 1112 1113
f 958 1113 1110
f 959 1109 1114
f 959 1114 1115
f 959 1115 960
f 960 1115 1116
f 960 1116 1117
f 960 1117 1118
f 960 1118 961
f 961 1118 962
f 962 1118 963
f 963 1118 1119
f 963 1119 1120
f 963 1120 964
f 964 1120 1121
f 964 1121 1122
f 964 1122 965
f 965 1122 1121
f 965 1121 1123
f 965 1123 966
f 966 1123 1121
f 966 1121 1124
f 966 1124 967
f 967 1124 1125
f 967 1125 1126
f 967 1126 1127
f 967 1127 1128
f 967 1128 1078
f 968 1106 1129
f 968 1129 1130
f 968 1130 969
f 969 1130 1131
f 970 981 972
f 971 972 973
f 972 981 1132
f 972 1132 1133
f 972 1133 973
f 973 1133 1134
f 973 1134 976
f 974 976 1135
f 974 1135 1136
f 974 1136 1137
f 974 1137 1138
f 974 1138 975
f 975 1138 983
f 976 1134 1135
f 977 1139 978
f 978 1139 1140
f 978 1140 1141
f 978 1141 979
f 979 1141 1142
f 979 1142 980
f 980 1143 981
f 980 1142 1143
f 981 1143 1144
f 981 1144 1132
f 983 1138 995
f 984 992 1145
f 984 1145 1146
f 984 1146 985
f 985 1146 986
f 986 1147 988
f 986 988 987
f 986 1146 1148
f 986 1148 1147
f 988 1149 989
f 988 1147 1149
f 989 1150 1010
f 989 1010 990
f 989 1149 1150
f 991 994 1151
f 991 1151 1152
f 991 1152 1153
f 991 1153 1154
f 991 1154 992
f 992 1154 1155
f 992 1155 1145
f 993 1009 1156
f 993 1156 1151
f 993 1151 994
f 995 1138 1137
f 995 1137 1157
f 995 1157 1158
f 995 1158 996
f 996 1158 1008
f 997 1008 998
f 998 1008 999
f 999 1008 1159
f 999 1159 1160
f 999 1160 1000
f 1000 1002 1001
f 1000 1160 1002
f 1002 1160 1161
f 1002 1161 1162
f 1002 1162 1003
f 1003 1162 1163
f 1003 1163 1004
f 1004 1163 1164
f 1004 1164 1165
f 1004 1165 1166
f 1004 1166 1167
f 1004 1167 1168
f 1004 1168 1005
f 1005 1168 1169
f 1005 1169 1006
f 1006 1156 1007
f 1006 1169 1156
f 1007 1156 1009
f 1008 1158 1170
f 1008 1170 1171
f 1008 1171 1172
f 1008 1172 1173
f 1008 1173 1174
f 1008 1174 1159
f 1010 1150 1175
f 1010 1175 1176
f 1010 1176 1177
f 1010 1177 1178
f 1010 1178 1179
f 1010 1179 1011
f 1011 1179 1012
f 1012 1179 1026
f 1012 1026 1013
f 1015 1022 1017
f 1016 1017 1180
f 1016 1180 1181
f 1016 1181 1018
f 1017 1182 1180
f 1017 1022 1182
f 1018 1181 1183
f 1018 1183 1023
f 1019 1028 1020
f 1020 1028 1184
f 1020 1184 1185
f 1020 1185 1186
f 1020 1186 1187
f 1020 1187 1021
f 1021 1188 1022
f 1021 1187 1188
f 1022 1188 1182
f 1023 1183 1189
f 1023 1189 1190
f 1023 1190 1024
f 1024 1190 1191
f 1024 1191 1192
f 1024 1192 1025
f 1025 1192 1029
f 1026 1179 1027
f 1027 1193 1185
f 1027 1185 1028
f 1027 1179 1194
f 1027 1194 1195
f 1027 1195 1193
f 1028 1185 1184
f 1029 1196 1030
f 1029 1192 1196
f 1030 1196 1031
f 1031 1196 1032
f 1032 1196 1197
f 1032 1197 1198
f 1032 1198 1033
f 1033 1198 1199
f 1033 1199 1200
f 1033 1200 1034
f 1034 1200 1201
f 1034 1201 1035
f 1035 1201 1202
f 1035 1202 1036
f 1036 1202 1037
f 1037 1203 1039
f 1037 1039 1038
f 1037 1202 1203
f 1039 1203 1040
f 1040 1203 1204
f 1040 1204 1205
f 1040 1205 1041
f 1041 1205 1043
f 1041 1043 1042
f 1043 1045 1044
f 1043 1205 1206
f 1043 1206 1207
f 1043 1207 1046
f 1046 1207 1389
f 1046 1389 1208
f 1046 1208 1047
f 1047 1208 1209
f 1047 1209 1048
f 1048 1209 1049
f 1049 1209 1210
f 1051 1211 1052
f 1052 1211 1053
f 1053 1211 1212
f 1053 1212 1213
f 1053 1213 1214
f 1053 1214 1215
f 1053 1215 1054
f 1054 1215 1057
f 1055 1216 1217
f 1055 1217 1056
f 1055 1057 1218
f 1055 1218 1216
f 1056 1217 1058
f 1057 1215 1218
f 1058 1219 1220
f 1058 1220 1221
f 1058 1221 1222
f 1058 1222 1059
f 1058 1217 1219
f 1059 1222 1060
f 1060 1222 1223
f 1060 1223 1224
f 1060 1224 1061
f 1061 1224 1062
f 1062 1224 1063
f 1063 1224 1225
f 1063 1225 1064
f 1064 1225 1226
f 1064 1226 1065
f 1065 1226 1227
f 1065 1227 1228
f 1065 1228 1066
f 1067 1229 1068
f 1068 1229 1070
f 1070 1230 1231
f 1070 1231 1232
f 1070 1232 1233
f 1070 1233 1071
f 1070 1229 1230
f 1071 1233 1234
f 1071 1234 1235
f 1071 1235 1236
f 1071 1236 1076
f 1072 1237 1107
f 1072 1107 1073
f 1072 1075 1238
f 1072 1238 1239
f 1072 1239 1237
f 1075 1240 1238
f 1075 1076 1241
f 1075 1241 1242
f 1075 1242 1243
f 1075 1243 1244
f 1075 1244 1245
f 1075 1245 1240
f 1076 1236 1246
f 1076 1246 1242
f 1076 1242 1241
f 1077 1081 1083
f 1077 1083 1247
f 1077 1247 1084
f 1078 1128 1079
f 1079 1082 1080
f 1079 1128 1127
f 1079 1127 1082
f 1082 1248 1083
f 1082 1127 1249
f 1082 1249 1248
f 1083 1248 1250
f 1083 1250 1251
f 1083 1251 1252
f 1083 1252 1253
f 1083 1253 1254
f 1083 1254 1255
f 1083 1255 1256
f 1083 1256 1247
f 1084 1247 1256
f 1084 1256 1085
f 1085 1257 1089
f 1085 1089 1086
f 1085 1256 1258
f 1085 1258 1259
f 1085 1259 1257
f 1087 1260 1088
f 1087 1089 1261
f 1087 1261 1260
f 1088 1260 1090
f 1089 1257 1261
f 1090 1260 1261
f 1090 1261 1262
f 1090 1262 1091
f 1091 1262 1093
f 1093 1262 1095
f 1093 1095 1094
f 1095 1262 1263
f 1095 1263 1096
f 1096 1263 1264
f 1096 1264 1097
f 1097 1264 1098
f 1098 1264 1099
f 1099 1265 1266
f 1099 1266 1100
f 1099 1264 1263
f 1099 1263 1265
f 1100 1266 1267
f 1100 1267 1268
f 1100 1268 1269
f 1100 1269 1270
f 1100 1270 1271
f 1100 1271 1272
f 1100 1272 1273
f 1100 1273 1274
f 1100 1274 1101
f 1101 1274 1102
f 1102 1274 1273
f 1102 1273 1275
f 1102 1275 1276
f 1102 1276 1103
f 1103 1276 1129
f 1103 1129 1105
f 1103 1105 1104
f 1105 1129 1106
f 1107 1237 1277
f 1107 1277 1108
f 1108 1278 1112
f 1108 1277 1279
f 1108 1279 1280
f 1108 1280 1281
f 1108 1281 1282
f 1108 1282 1278
f 1109 1111 1114
f 1110 1113 1283
f 1110 1283 1284
f 1110 1284 1111
f 1111 1284 1285
f 1111 1285 1114
f 1112 1278 1282
f 1112 1282 1113
f 1113 1282 1286
f 1113 1286 1283
f 1114 1287 1288
f 1114 1288 1115
f 1114 1285 1287
f 1115 1288 1116
f 1116 1119 1117
f 1116 1288 1287
f 1116 1287 1289
f 1116 1289 1119
f 1117 1119 1118
f 1119 1121 1120
f 1119 1289 1290
f 1119 1290 1121
f 1121 1290 1291
f 1121 1291 1124
f 1124 1292 1125
f 1124 1291 1292
f 1125 1292 1126
f 1126 1293 1127
f 1126 1292 1294
f 1126 1294 1293
f 1127 1293 1295
f 1127 1295 1296
f 1127 1296 1297
f 1127 1297 1249
f 1129 1276 1298
f 1129 1298 1299
f 1129 1299 1300
f 1129 1300 1130
f 1130 1301 1131
f 1130 1300 1302
f 1130 1302 1301
f 1131 1301 1302
f 1131 1302 1303
f 1131 1303 1304
f 1132 1144 1305
f 1132 1305 1306
f 1132 1306 1307
f 1132 1307 1308
f 1132 1308 1133
f 1133 1308 1134
f 1134 1136 1135
f 1134 1308 1309
f 1134 1309 1310
f 1134 1310 1311
f 1134 1311 1312
f 1134 1312 1136
f 1136 1312 1137
f 1137 1312 1313
f 1137 1313 1314
f 1137 1314 1157
f 1139 1315 1316
f 1139 1316 1140
f 1140 1316 1141
f 1141 1317 1142
f 1141 1316 1318
f 1141 1318 1319
f 1141 1319 1320
f 1141 1320 1317
f 1142 1321 1143
f 1142 1317 1322
f 1142 1322 1321
f 1143 1323 1144
f 1143 1321 1322
f 1143 1322 1323
f 1144 1323 1305
f 1145 1324 1325
f 1145 1325 1326
f 1145 1326 1148
f 1145 1148 1146
f 1145 1155 1324
f 1147 1148 1149
f 1148 1326 1327
f 1148 1327 1328
f 1148 1328 1149
f 1149 1328 1327
f 1149 1327 1175
f 1149 1175 1150
f 1151 1325 1329
f 1151 1329 1152
f 1151 1156 1325
f 1152 1329 1155
f 1152 1155 1153
f 1153 1155 1154
f 1155 1329 1325
f 1155 1325 1324
f 1156 1169 1330
f 1156 1330 1331
f 1156 1331 1325
f 1157 1314 1332
f 1157 1332 1170
f 1157 1170 1333
f 1157 1333 1158
f 1158 1333 1170
f 1159 1174 1160
f 1160 1174 1334
f 1160 1334 1335
f 1160 1335 1336
f 1160 1336 1337
f 1160 1337 1338
f 1160 1338 1161
f 1161 1338 1339
f 1161 1339 1162
f 1162 1339 1340
f 1162 1340 1163
f 1163 1340 1341
f 1163 1341 1342
f 1163 1342 1164
f 1164 1343 1344
f 1164 1344 1165
f 1164 1342 1343
f 1165 1344 1166
f 1166 1345 1167
f 1166 1344 1345
f 1167 1345 1346
f 1167 1346 1347
f 1167 1347 1169
f 1167 1169 1168
f 1169 1347 1346
f 1169 1346 1330
f 1170 1332 1348
f 1170 1348 1172
f 1170 1172 1171
f 1172 1348 1349
f 1172 1349 1350
f 1172 1350 1351
f 1172 1351 1352
f 1172 1352 1173
f 1173 1352 1174
f 1174 1352 1334
f 1175 1353 1354
f 1175 1354 1176
f 1175 1327 1353
f 1176 1354 1355
f 1176 1355 1356
f 1176 1356 1357
f 1176 1357 1178
f 1176 1178 1177
f 1178 1357 1355
f 1178 1355 1358
f 1178 1358 1179
f 1179 1358 1194
f 1180 1182 1359
f 1180 1359 1360
f 1180 1360 1181
f 1181 1360 1361
f 1181 1361 1362
f 1181 1362 1183
f 1182 1188 1359
f 1183 1362 1189
f 1185 1193 1363
f 1185 1363 1186
f 1186 1364 1366
f 1186 1366 1187
f 1186 1363 1365
f 1186 1365 1364
f 1187 1366 1367
f 1187 1367 1368
f 1187 1368 1188
f 1188 1368 1369
f 1188 1369 1359
f 1189 1362 1370
f 1189 1370 1371
f 1189 1371 1190
f 1190 1372 1191
f 1190 1371 1372
f 1191 1372 1586
f 1191 1586 1373
f 1191 1373 1192
f 1192 1373 1196
f 1193 1195 1363
f 1194 1358 1195
f 1195 1358 1374
f 1195 1374 1375
f 1195 1375 1376
f 1195 1376 1377
f 1195 1377 1363
f 1196 1373 1378
f 1196 1378 1379
f 1196 1379 1197
f 1197 1379 1380
f 1197 1380 1198
f 1198 1380 1381
f 1198 1381 1199
f 1199 1381 1200
f 1200 1381 1201
f 1201 1382 1202
f 1201 1381 1382
f 1202 1382 1383
f 1202 1383 1384
f 1202 1384 1203
f 1203 1384 1385
f 1203 1385 1386
f 1203 1386 1204
f 1204 1386 1205
f 1205 1386 1206
f 1206 1387 1207
f 1206 1386 1387
f 1207 1388 1389
f 1207 1387 1388
f 1208 1390 1391
f 1208 1391 1209
f 1208 1389 1390
f 1209 1391 1392
f 1209 1392 1210
f 1211 1393 1394
f 1211 1394 1212
f 1212 1394 1395
f 1212 1395 1213
f 1213 1396 1397
f 1213 1397 1215
f 1213 1215 1214
f 1213 1395 1396
f 1215 1397 1398
f 1215 1398 1218
f 1216 1399 1400
f 1216 1400 1401
f 1216 1401 1402
f 1216 1402 1217
f 1216 1218 1399
f 1217 1402 1403
f 1217 1403 1219
f 1218 1398 1399
f 1219 1403 1220
f 1220 1404 1405
f 1220 1405 1406
f 1220 1406 1221
f 1220 1403 1404
f 1221 1406 1222
f 1222 1407 1408
f 1222 1408 1223
f 1222 1406 1407
f 1223 1225 1224
f 1223 1408 1409
f 1223 1409 1410
f 1223 1410 1411
f 1223 1411 1225
f 1225 1411 1412
f 1225 1412 1226
f 1226 1412 1413
f 1226 1413 1227
f 1231 1414 1232
f 1232 1414 1415
f 1232 1415 1416
f 1232 1416 1233
f 1233 1416 1417
f 1233 1417 1234
f 1234 1417 1235
f 1235 1418 1246
f 1235 1246 1236
f 1235 1417 1419
f 1235 1419 1418
f 1237 1239 1277
f 1238 1279 1239
f 1238 1240 1420
f 1238 1420 1279
f 1239 1279 1277
f 1240 1421 1420
f 1240 1245 1422
f 1240 1422 1421
f 1242 1246 1418
f 1242 1418 1243
f 1243 1418 1244
f 1244 1418 1423
f 1244 1423 1245
f 1245 1424 1422
f 1245 1423 1425
f 1245 1425 1426
f 1245 1426 1427
f 1245 1427 1428
f 1245 1428 1424
f 1248 1249 1297
f 1248 1297 1250
f 1250 1297 1429
f 1250 1429 1430
f 1250 1430 1431
f 1250 1431 1432
f 1250 1432 1252
f 1250 1252 1251
f 1252 1432 1253
f 1253 1433 1258
f 1253 1258 1254
f 1253 1432 1434
f 1253 1434 1435
f 1253 1435 1436
f 1253 1436 1437
f 1253 1437 1433
f 1254 1258 1256
f 1254 1256 1255
f 1257 1259 1438
f 1257 1438 1261
f 1258 1439 1438
f 1258 1438 1259
f 1258 1433 1437
f 1258 1437 1440
f 1258 1440 1441
f 1258 1441 1442
f 1258 1442 1443
f 1258 1443 1439
f 1261 1444 1445
f 1261 1445 1262
f 1261 1438 1446
f 1261 1446 1447
f 1261 1447 1444
f 1262 1445 1447
f 1262 1447 1448
f 1262 1448 1449
f 1262 1449 1263
f 1263 1449 1450
f 1263 1450 1451
f 1263 1451 1452
f 1263 1452 1453
f 1263 1453 1454
f 1263 1454 1265
f 1265 1454 1455
f 1265 1455 1267
f 1265 1267 1266
f 1267 1455 1268
f 1268 1456 1457
f 1268 1457 1269
f 1268 1455 1456
f 1269 1457 1458
f 1269 1458 1459
f 1269 1459 1460
f 1269 1460 1461
f 1269 1461 1270
f 1270 1461 1462
f 1270 1462 1463
f 1270 1463 1271
f 1271 1463 1462
f 1271 1462 1464
f 1271 1464 1465
f 1271 1465 1272
f 1272 1298 1273
f 1272 1465 1298
f 1273 1298 1275
f 1275 1298 1276
f 1279 1420 1421
f 1279 1421 1466
f 1279 1466 1467
f 1279 1467 1468
f 1279 1468 1280
f 1280 1468 1281
f 1281 1468 1467
f 1281 1467 1469
f 1281 1469 1470
f 1281 1470 1282
f 1282 1470 1469
f 1282 1469 1471
f 1282 1471 1472
f 1282 1472 1473
f 1282 1473 1474
f 1282 1474 1286
f 1283 1286 1474
f 1283 1474 1284
f 1284 1474 1473
f 1284 1473 1472
f 1284 1472 1285
f 1285 1472 1475
f 1285 1475 1476
f 1285 1476 1477
f 1285 1477 1478
f 1285 1478 1479
f 1285 1479 1480
f 1285 1480 1287
f 1287 1480 1289
f 1289 1480 1479
f 1289 1479 1481
f 1289 1481 1482
f 1289 1482 1290
f 1290 1482 1291
f 1291 1482 1483
f 1291 1483 1484
f 1291 1484 1485
f 1291 1485 1292
f 1292 1485 1486
f 1292 1486 1294
f 1293 1294 1295
f 1294 1486 1295
f 1295 1487 1296
f 1295 1486 1488
f 1295 1488 1489
f 1295 1489 1490
f 1295 1490 1491
f 1295 1491 1487
f 1296 1487 1429
f 1296 1429 1297
f 1298 1465 1464
f 1298 1464 1492
f 1298 1492 1493
f 1298 1493 1494
f 1298 1494 1495
f 1298 1495 1299
f 1299 1495 1494
f 1299 1494 1496
f 1299 1496 1497
f 1299 1497 1300
f 1300 1497 1498
f 1300 1498 1303
f 1300 1303 1302
f 1303 1498 1499
f 1303 1499 1500
f 1303 1500 1501
f 1303 1501 1502
f 1303 1502 1304
f 1305 1323 1322
f 1305 1322 1503
f 1305 1503 1504
f 1305 1504 1306
f 1306 1308 1307
f 1306 1504 1505
f 1306 1505 1308
f 1308 1505 1309
f 1309 1505 1504
f 1309 1504 1503
f 1309 1503 1506
f 1309 1506 1507
f 1309 1507 1508
f 1309 1508 1509
f 1309 1509 1310
f 1310 1509 1510
f 1310 1510 1511
f 1310 1511 1512
f 1310 1512 1513
f 1310 1513 1514
f 1310 1514 1312
f 1310 1312 1311
f 1312 1514 1313
f 1313 1348 1314
f 1313 1514 1513
f 1313 1513 1349
f 1313 1349 1348
f 1314 1348 1332
f 1315 1515 1316
f 1316 1515 1516
f 1316 1516 1318
f 1317 1320 1517
f 1317 1517 1518
f 1317 1518 1322
f 1318 1516 1519
f 1318 1519 1319
f 1319 1520 1320
f 1319 1519 1521
f 1319 1521 1522
f 1319 1522 1523
f 1319 1523 1524
f 1319 1524 1520
f 1320 1520 1517
f 1322 1518 1503
f 1325 1525 1326
f 1325 1331 1526
f 1325 1526 1527
f 1325 1527 1528
f 1325 1528 1525
f 1326 1525 1327
f 1327 1525 1529
f 1327 1529 1530
f 1327 1530 1531
f 1327 1531 1532
f 1327 1532 1533
f 1327 1533 1353
f 1330 1346 1534
f 1330 1534 1535
f 1330 1535 1331
f 1331 1535 1528
f 1331 1528 1526
f 1334 1352 1536
f 1334 1536 1335
f 1335 1537 1336
f 1335 1536 1538
f 1335 1538 1537
f 1336 1537 1539
f 1336 1539 1337
f 1337 1539 1338
f 1338 1539 1339
f 1339 1539 1340
f 1340 1539 1537
f 1340 1537 1540
f 1340 1540 1541
f 1340 1541 1542
f 1340 1542 1543
f 1340 1543 1544
f 1340 1544 1341
f 1341 1544 1545
f 1341 1545 1546
f 1341 1546 1547
f 1341 1547 1548
f 1341 1548 1342
f 1342 1548 1549
f 1342 1549 1343
f 1343 1550 1551
f 1343 1551 1552
f 1343 1552 1345
f 1343 1345 1344
f 1343 1549 1553
f 1343 1553 1550
f 1345 1552 1346
f 1346 1552 1534
f 1349 1513 1554
f 1349 1554 1350
f 1350 1554 1513
f 1350 1513 1512
f 1350 1512 1511
f 1350 1511 1555
f 1350 1555 1556
f 1350 1556 1351
f 1351 1556 1557
f 1351 1557 1352
f 1352 1558 1536
f 1352 1557 1559
f 1352 1559 1560
f 1352 1560 1561
f 1352 1561 1562
f 1352 1562 1558
f 1353 1533 1563
f 1353 1563 1564
f 1353 1564 1565
f 1353 1565 1354
f 1354 1565 1355
f 1355 1565 1566
f 1355 1566 1567
f 1355 1567 1374
f 1355 1374 1358
f 1355 1357 1356
f 1359 1568 1360
f 1359 1369 1569
f 1359 1569 1570
f 1359 1570 1571
f 1359 1571 1568
f 1360 1568 1572
f 1360 1572 1361
f 1361 1573 1362
f 1361 1572 1573
f 1362 1573 1574
f 1362 1574 1370
f 1363 1377 1590
f 1363 1590 1575
f 1363 1575 1365
f 1364 1365 1576
f 1364 1576 1577
f 1364 1577 1579
f 1364 1579 1366
f 1365 1575 1798
f 1365 1798 1578
f 1365 1578 1576
f 1366 1579 1367
f 1367 1579 1580
f 1367 1580 1581
f 1367 1581 1582
f 1367 1582 1368
f 1368 1582 1570
f 1368 1570 1369
f 1369 1570 1569
f 1370 1574 1371
f 1371 1574 1583
f 1371 1583 1584
f 1371 1584 1372
f 1372 1584 1585
f 1372 1585 1586
f 1373 1586 1378
f 1374 1567 1587
f 1374 1587 1375
f 1375 1588 1376
f 1375 1587 1589
f 1375 1589 1588
f 1376 1588 1590
f 1376 1590 1377
f 1378 1586 1591
f 1378 1591 1379
f 1379 1591 1380
f 1380 1591 1592
f 1380 1592 1381
f 1381 1592 1593
f 1381 1593 1594
f 1381 1594 1382
f 1382 1594 1595
f 1382 1595 1383
f 1383 1595 1384
f 1384 1596 1598
f 1384 1598 1385
f 1384 1595 1597
f 1384 1597 1596
f 1385 1598 1386
f 1386 1598 1599
f 1386 1599 1387
f 1387 1600 1601
f 1387 1601 1602
f 1387 1602 1388
f 1387 1599 1600
f 1388 1602 1603
f 1388 1603 1389
f 1389 1603 1604
f 1389 1604 1605
f 1389 1605 1390
f 1390 1607 1391
f 1390 1605 1606
f 1391 1607 1392
f 1393 1608 1394
f 1394 1609 1395
f 1394 1608 1610
f 1394 1610 1609
f 1395 1609 1611
f 1395 1611 1612
f 1395 1612 1396
f 1396 1612 1613
f 1396 1613 1397
f 1397 1613 1398
f 1398 1613 1614
f 1398 1614 1399
f 1399 1614 1400
f 1400 1614 1615
f 1400 1615 1401
f 1401 1616 1403
f 1401 1403 1402
f 1401 1615 1617
f 1401 1617 1616
f 1403 1616 1404
f 1404 1618 1619
f 1404 1619 1405
f 1404 1616 1618
f 1405 1619 1843
f 1405 1843 1620
f 1405 1620 1621
f 1405 1621 1622
f 1405 1622 1406
f 1406 1622 1623
f 1406 1623 1407
f 1407 1623 1408
f 1408 1623 1409
f 1409 1623 1624
f 1409 1624 1625
f 1409 1625 1410
f 1410 1625 1626
f 1410 1626 1411
f 1411 1626 1627
f 1411 1627 1628
f 1411 1628 1412
f 1412 1629 1413
f 1412 1628 1630
f 1412 1630 1629
f 1415 1631 1416
f 1416 1631 1632
f 1416 1632 1633
f 1416 1633 1634
f 1416 1634 1417
f 1417 1634 1635
f 1417 1635 1419
f 1418 1419 1636
f 1418 1636 1423
f 1419 1635 1637
f 1419 1637 1638
f 1419 1638 1636
f 1421 1639 1640
f 1421 1640 1466
f 1421 1422 1641
f 1421 1641 1642
f 1421 1642 1643
f 1421 1643 1639
f 1422 1424 1428
f 1422 1428 1641
f 1423 1636 1425
f 1425 1636 1638
f 1425 1638 1644
f 1425 1644 1645
f 1425 1645 1426
f 1426 1645 1646
f 1426 1646 1647
f 1426 1647 1427
f 1427 1647 1648
f 1427 1648 1428
f 1428 1648 1649
f 1428 1649 1650
f 1428 1650 1651
f 1428 1651 1642
f 1428 1642 1652
f 1428 1652 1641
f 1429 1487 1491
f 1429 1491 1430
f 1430 1491 1653
f 1430 1653 1431
f 1431 1653 1432
f 1432 1653 1654
f 1432 1654 1435
f 1432 1435 1434
f 1435 1655 1656
f 1435 1656 1657
f 1435 1657 1658
f 1435 1658 1659
f 1435 1659 1436
f 1435 1654 1653
f 1435 1653 1660
f 1435 1660 1661
f 1435 1661 1655
f 1436 1659 1662
f 1436 1662 1437
f 1437 1662 1440
f 1438 1439 1663
f 1438 1663 1446
f 1439 1443 1664
f 1439 1664 1665
f 1439 1665 1666
f 1439 1666 1663
f 1440 1662 1667
f 1440 1667 1668
f 1440 1668 1669
f 1440 1669 1442
f 1440 1442 1441
f 1442 1669 1670
f 1442 1670 1671
f 1442 1671 1443
f 1443 1671 1670
f 1443 1670 1672
f 1443 1672 1664
f 1444 1447 1445
f 1446 1663 1673
f 1446 1673 1447
f 1447 1673 1674
f 1447 1674 1448
f 1448 1674 1449
f 1449 1674 1675
f 1449 1675 1450
f 1450 1675 1451
f 1451 1676 1677
f 1451 1677 1678
f 1451 1678 1452
f 1451 1675 1676
f 1452 1678 1453
f 1453 1678 1457
f 1453 1457 1456
f 1453 1456 1455
f 1453 1455 1454
f 1457 1678 1679
f 1457 1679 1459
f 1457 1459 1458
f 1459 1679 1680
f 1459 1680 1460
f 1460 1680 1461
f 1461 1680 1681
f 1461 1681 1682
f 1461 1682 1462
f 1462 1681 1683
f 1462 1683 1684
f 1462 1684 1492
f 1462 1492 1464
f 1462 1682 1681
f 1466 1640 1685
f 1466 1685 1686
f 1466 1686 1467
f 1467 1686 1687
f 1467 1687 1688
f 1467 1688 1689
f 1467 1689 1690
f 1467 1690 1469
f 1469 1690 1471
f 1471 1690 1688
f 1471 1688 1691
f 1471 1691 1472
f 1472 1691 1688
f 1472 1688 1692
f 1472 1692 1693
f 1472 1693 1476
f 1472 1476 1475
f 1476 1694 1692
f 1476 1692 1695
f 1476 1695 1696
f 1476 1696 1477
f 1476 1693 1694
f 1477 1696 1697
f 1477 1697 1698
f 1477 1698 1699
f 1477 1699 1700
f 1477 1700 1478
f 1478 1701 1481
f 1478 1481 1479
f 1478 1700 1702
f 1478 1702 1703
f 1478 1703 1701
f 1481 1701 1704
f 1481 1704 1482
f 1482 1704 1705
f 1482 1705 1483
f 1483 1706 1707
f 1483 1707 1489
f 1483 1489 1708
f 1483 1708 1484
f 1483 1705 1709
f 1483 1709 1706
f 1484 1708 1485
f 1485 1708 1489
f 1485 1489 1488
f 1485 1488 1486
f 1489 1707 1710
f 1489 1710 1711
f 1489 1711 1712
f 1489 1712 1490
f 1490 1712 1491
f 1491 1712 1661
f 1491 1661 1660
f 1491 1660 1653
f 1492 1713 1494
f 1492 1494 1493
f 1492 1684 1714
f 1492 1714 1715
f 1492 1715 1716
f 1492 1716 1717
f 1492 1717 1718
f 1492 1718 1719
f 1492 1719 1713
f 1494 1713 1497
f 1494 1497 1496
f 1497 1499 1498
f 1497 1713 1719
f 1497 1719 1720
f 1497 1720 1721
f 1497 1721 1722
f 1497 1722 1723
f 1497 1723 1499
f 1499 1723 1724
f 1499 1724 1500
f 1500 1724 1725
f 1500 1725 1726
f 1500 1726 1501
f 1503 1518 1506
f 1506 1518 1727
f 1506 1727 1507
f 1507 1727 1728
f 1507 1728 1508
f 1508 1728 1509
f 1509 1729 1730
f 1509 1730 1510
f 1509 1728 1731
f 1509 1731 1729
f 1510 1732 1733
f 1510 1733 1511
f 1510 1730 1734
f 1510 1734 1732
f 1511 1733 1555
f 1515 1735 1516
f 1515 1736 1737
f 1515 1737 1735
f 1516 1735 1522
f 1516 1522 1521
f 1516 1521 1519
f 1517 1738 1739
f 1517 1739 1518
f 1517 1520 1524
f 1517 1524 1523
f 1517 1523 1738
f 1518 1739 1740
f 1518 1740 1727
f 1522 1737 1741
f 1522 1741 1742
f 1522 1742 1523
f 1522 1735 1737
f 1523 1742 1743
f 1523 1743 1744
f 1523 1744 1745
f 1523 1745 1746
f 1523 1746 1739
f 1523 1739 1738
f 1525 1528 1747
f 1525 1747 1748
f 1525 1748 1529
f 1526 1528 1527
f 1528 1535 1747
f 1529 1749 1532
f 1529 1532 1531
f 1529 1531 1530
f 1529 1748 1749
f 1532 1563 1533
f 1532 1749 1750
f 1532 1750 1563
f 1534 1552 1751
f 1534 1751 1752
f 1534 1752 1535
f 1535 1752 1753
f 1535 1753 1747
f 1536 1558 1538
f 1537 1541 1540
f 1537 1538 1754
f 1537 1754 1541
f 1538 1755 1754
f 1538 1558 1755
f 1541 1754 1756
f 1541 1756 1757
f 1541 1757 1542
f 1542 1757 1758
f 1542 1758 1759
f 1542 1759 1760
f 1542 1760 1543
f 1543 1760 1544
f 1544 1760 1546
f 1544 1546 1545
f 1546 1761 1762
f 1546 1762 1763
f 1546 1763 1547
f 1546 1760 1764
f 1546 1764 1761
f 1547 1763 1765
f 1547 1765 1548
f 1548 1765 1766
f 1548 1766 1767
f 1548 1767 1549
f 1549 1768 1553
f 1549 1767 1766
f 1549 1766 1768
f 1550 1769 1770
f 1550 1770 1552
f 1550 1552 1771
f 1550 1771 1551
f 1550 1553 1772
f 1550 1772 1769
f 1551 1771 1552
f 1552 1770 1751
f 1553 1768 1773
f 1553 1773 1772
f 1555 1733 1732
f 1555 1732 1734
f 1555 1734 1774
f 1555 1774 1775
f 1555 1775 1776
f 1555 1776 1556
f 1556 1559 1557
f 1556 1776 1777
f 1556 1777 1559
f 1558 1562 1561
f 1558 1561 1755
f 1559 1777 1778
f 1559 1778 1779
f 1559 1779 1561
f 1559 1561 1560
f 1561 1780 1781
f 1561 1781 1782
f 1561 1782 1755
f 1561 1779 1780
f 1563 1783 1564
f 1563 1750 1784
f 1563 1784 1785
f 1563 1785 1786
f 1563 1786 1787
f 1563 1787 1783
f 1564 1783 1565
f 1565 1783 1788
f 1565 1788 1567
f 1565 1567 1566
f 1567 1788 1587
f 1568 1789 1790
f 1568 1790 1791
f 1568 1791 1572
f 1568 1571 1792
f 1568 1792 1793
f 1568 1793 1789
f 1570 1792 1571
f 1570 1582 1581
f 1570 1581 1792
f 1572 1791 1573
f 1573 1791 1794
f 1573 1794 1574
f 1574 1794 1795
f 1574 1795 1796
f 1574 1796 1583
f 1575 1590 1797
f 1575 1797 1798
f 1576 1578 1799
f 1576 1799 1800
f 1576 1800 1801
f 1576 1801 1577
f 1577 1801 1802
f 1577 1802 1579
f 1578 1798 1803
f 1578 1803 1799
f 1579 1802 1580
f 1580 1802 1581
f 1581 1802 1804
f 1581 1804 1805
f 1581 1805 1792
f 1583 1796 1806
f 1583 1806 1584
f 1584 1806 1585
f 1585 1807 1808
f 1585 1808 1809
f 1585 1809 1586
f 1585 1806 1810
f 1585 1810 1807
f 1586 1809 1591
f 1587 1788 1589
f 1588 1811 1797
f 1588 1797 1590
f 1588 1589 1811
f 1589 1788 1812
f 1589 1812 1813
f 1589 1813 1811
f 1591 1814 1815
f 1591 1815 1592
f 1591 1809 1814
f 1592 1815 1593
f 1593 1815 1816
f 1593 1816 1594
f 1594 1816 1595
f 1595 1816 1817
f 1595 1817 1819
f 1595 1819 1597
f 1596 1818 1598
f 1596 1597 1819
f 1596 1819 1818
f 1598 1818 1820
f 1598 1820 1821
f 1598 1821 1599
f 1599 1821 1822
f 1599 1822 1823
f 1599 1823 1601
f 1599 1601 1600
f 1601 1823 1824
f 1601 1824 1602
f 1602 1824 2063
f 1602 2063 1825
f 1602 1825 1603
f 1603 1825 1604
f 1604 1826 1827
f 1604 1827 1828
f 1604 1828 1829
f 1604 1829 1606
f 1604 1606 1605
f 1604 1825 1826
f 1609 1830 1611
f 1609 1610 1831
f 1609 1831 1832
f 1609 1832 1830
f 1611 1830 1833
f 1611 1833 1612
f 1612 1833 1834
f 1612 1834 1835
f 1612 1835 1836
f 1612 1836 1614
f 1612 1614 1613
f 1614 1837 1838
f 1614 1838 1615
f 1614 1836 1837
f 1615 1838 1617
f 1616 1617 1839
f 1616 1839 1840
f 1616 1840 1618
f 1617 1841 1839
f 1617 1838 1841
f 1618 1840 1842
f 1618 1842 1619
f 1619 1842 1843
f 1620 1843 2080
f 1620 2080 1844
f 1620 1844 1621
f 1621 1844 2081
f 1621 2081 1845
f 1621 1845 1846
f 1621 1846 1623
f 1621 1623 1622
f 1623 1846 1624
f 1624 1846 2082
f 1624 2082 1847
f 1624 1847 1848
f 1624 1848 1625
f 1625 1848 1626
f 1626 1848 1849
f 1626 1849 1850
f 1626 1850 1627
f 1627 1851 1630
f 1627 1630 1628
f 1627 1850 1852
f 1627 1852 1851
f 1629 1630 1851
f 1632 1853 1633
f 1633 1853 1854
f 1633 1854 1634
f 1634 1855 1635
f 1634 1854 1856
f 1634 1856 1857
f 1634 1857 1858
f 1634 1858 1859
f 1634 1859 1855
f 1635 1855 1860
f 1635 1860 1637
f 1637 1860 1861
f 1637 1861 1638
f 1638 1861 1644
f 1639 1643 1862
f 1639 1862 1863
f 1639 1863 1640
f 1640 1864 1865
f 1640 1865 1866
f 1640 1866 1685
f 1640 1863 1864
f 1641 1652 1642
f 1642 1651 1867
f 1642 1867 1868
f 1642 1868 1643
f 1643 1868 1863
f 1643 1863 1862
f 1644 1861 1646
f 1644 1646 1645
f 1646 1861 1869
f 1646 1869 1870
f 1646 1870 1647
f 1647 1870 1871
f 1647 1871 1872
f 1647 1872 1648
f 1648 1873 1649
f 1648 1872 1874
f 1648 1874 1873
f 1649 1873 1874
f 1649 1874 1650
f 1650 1875 1651
f 1650 1874 1876
f 1650 1876 1877
f 1650 1877 1878
f 1650 1878 1879
f 1650 1879 1880
f 1650 1880 1881
f 1650 1881 1875
f 1651 1875 1867
f 1655 1882 1883
f 1655 1883 1884
f 1655 1884 1656
f 1655 1661 1882
f 1656 1885 1657
f 1656 1884 1886
f 1656 1886 1887
f 1656 1887 1888
f 1656 1888 1885
f 1657 1885 1658
f 1658 1885 1659
f 1659 1885 1662
f 1661 1712 1711
f 1661 1711 1889
f 1661 1889 1890
f 1661 1890 1891
f 1661 1891 1882
f 1662 1885 1892
f 1662 1892 1667
f 1663 1666 1893
f 1663 1893 1894
f 1663 1894 1895
f 1663 1895 1673
f 1664 1672 1896
f 1664 1896 1893
f 1664 1893 1665
f 1665 1893 1666
f 1667 1892 1668
f 1668 1892 1897
f 1668 1897 1898
f 1668 1898 1899
f 1668 1899 1669
f 1669 1899 1900
f 1669 1900 1901
f 1669 1901 1902
f 1669 1902 1903
f 1669 1903 1904
f 1669 1904 1670
f 1670 1904 1905
f 1670 1905 1672
f 1672 1906 1907
f 1672 1907 1896
f 1672 1905 1908
f 1672 1908 1906
f 1673 1895 1909
f 1673 1909 1910
f 1673 1910 1674
f 1674 1910 1675
f 1675 1910 1676
f 1676 1910 1909
f 1676 1909 1911
f 1676 1911 1912
f 1676 1912 1913
f 1676 1913 1677
f 1677 1913 1678
f 1678 1913 1912
f 1678 1912 1914
f 1678 1914 1915
f 1678 1915 1679
f 1679 1915 1916
f 1679 1916 1917
f 1679 1917 1918
f 1679 1918 1919
f 1679 1919 1680
f 1680 1919 1683
f 1680 1683 1681
f 1683 1919 1920
f 1683 1920 1921
f 1683 1921 1922
f 1683 1922 1923
f 1683 1923 1684
f 1684 1923 1714
f 1685 1866 1692
f 1685 1692 1686
f 1686 1692 1687
f 1687 1692 1688
f 1688 1690 1689
f 1692 1694 1693
f 1692 1866 1924
f 1692 1924 1925
f 1692 1925 1926
f 1692 1926 1695
f 1695 1927 1928
f 1695 1928 1697
f 1695 1697 1696
f 1695 1926 1929
f 1695 1929 1927
f 1697 1928 1698
f 1698 1930 1699
f 1698 1928 1931
f 1698 1931 1932
f 1698 1932 1933
f 1698 1933 1930
f 1699 1934 1700
f 1699 1930 1935
f 1699 1935 1936
f 1699 1936 1934
f 1700 1937 1702
f 1700 1934 1936
f 1700 1936 1938
f 1700 1938 1937
f 1701 1703 1939
f 1701 1939 1704
f 1702 1937 1703
f 1703 1937 1940
f 1703 1940 1941
f 1703 1941 1942
f 1703 1942 1943
f 1703 1943 1704
f 1703 1704 1939
f 1704 1709 1705
f 1704 1943 1944
f 1704 1944 1709
f 1706 1710 1707
f 1706 1709 1944
f 1706 1944 1945
f 1706 1945 1946
f 1706 1946 1947
f 1706 1947 1710
f 1710 1947 1948
f 1710 1948 1711
f 1711 1948 1949
f 1711 1949 1950
f 1711 1950 1951
f 1711 1951 1952
f 1711 1952 1891
f 1711 1891 1890
f 1711 1890 1889
f 1714 1953 1954
f 1714 1954 1955
f 1714 1955 1956
f 1714 1956 1957
f 1714 1957 1715
f 1714 1923 1958
f 1714 1958 1959
f 1714 1959 1953
f 1715 1957 1721
f 1715 1721 1720
f 1715 1720 1717
f 1715 1717 1960
f 1715 1960 1716
f 1716 1960 1717
f 1717 1720 1718
f 1718 1720 1719
f 1721 1961 1743
f 1721 1743 1962
f 1721 1962 1722
f 1721 1957 1956
f 1721 1956 1961
f 1722 1962 1963
f 1722 1963 1725
f 1722 1725 1723
f 1723 1725 1724
f 1725 1963 1726
f 1726 1963 1964
f 1727 1740 1965
f 1727 1965 1728
f 1728 1965 1966
f 1728 1966 1731
f 1729 1731 1730
f 1730 1731 1955
f 1730 1955 1967
f 1730 1967 1968
f 1730 1968 1969
f 1730 1969 1970
f 1730 1970 1734
f 1731 1971 1740
f 1731 1740 1746
f 1731 1746 1745
f 1731 1745 1956
f 1731 1956 1955
f 1731 1966 1971
f 1734 1970 1972
f 1734 1972 1774
f 1736 1964 1973
f 1736 1973 1741
f 1736 1741 1737
f 1739 1746 1740
f 1740 1971 1965
f 1741 1743 1742
f 1741 1973 1974
f 1741 1974 1743
f 1743 1975 1976
f 1743 1976 1977
f 1743 1977 1744
f 1743 1974 1962
f 1743 1961 1978
f 1743 1978 1975
f 1744 1977 1745
f 1745 1977 1979
f 1745 1979 1975
f 1745 1975 1956
f 1747 1753 1980
f 1747 1980 1748
f 1748 1980 1981
f 1748 1981 1749
f 1749 1981 1982
f 1749 1982 1784
f 1749 1784 1750
f 1751 1770 1752
f 1752 1770 1983
f 1752 1983 1980
f 1752 1980 1753
f 1754 1755 1984
f 1754 1984 1756
f 1755 1985 1986
f 1755 1986 1984
f 1755 1782 1987
f 1755 1987 1985
f 1756 1984 1757
f 1757 1984 1988
f 1757 1988 1989
f 1757 1989 1758
f 1758 1989 1902
f 1758 1902 1990
f 1758 1990 1991
f 1758 1991 1759
f 1759 1991 1992
f 1759 1992 1760
f 1760 1992 1764
f 1761 1993 1994
f 1761 1994 1995
f 1761 1995 1762
f 1761 1764 1996
f 1761 1996 1997
f 1761 1997 1993
f 1762 1995 1998
f 1762 1998 1763
f 1763 1998 1765
f 1764 1992 1996
f 1765 1998 1999
f 1765 1999 2000
f 1765 2000 2001
f 1765 2001 1773
f 1765 1773 1768
f 1765 1768 1766
f 1769 2002 2003
f 1769 2003 2004
f 1769 2004 1770
f 1769 1772 2002
f 1770 2004 1983
f 1772 1773 2005
f 1772 2005 2006
f 1772 2006 2002
f 1773 2001 2005
f 1774 1972 1775
f 1775 1972 2007
f 1775 2007 1779
f 1775 1779 1778
f 1775 1778 1777
f 1775 1777 1776
f 1779 2007 1780
f 1780 2008 2009
f 1780 2009 2010
f 1780 2010 1781
f 1780 2007 2011
f 1780 2011 2008
f 1781 2010 1782
f 1782 2010 2012
f 1782 2012 1987
f 1783 2013 2014
f 1783 2014 2015
f 1783 2015 2016
f 1783 2016 2017
f 1783 2017 1812
f 1783 1812 1788
f 1783 1787 2013
f 1784 1982 2018
f 1784 2018 2019
f 1784 2019 2020
f 1784 2020 1787
f 1784 1787 1785
f 1785 1787 1786
f 1787 2020 2021
f 1787 2021 2013
f 1789 2022 2023
f 1789 2023 2024
f 1789 2024 1790
f 1789 1793 1792
f 1789 1792 1805
f 1789 1805 2022
f 1790 2024 1791
f 1791 2025 1794
f 1791 2024 2026
f 1791 2026 2025
f 1794 2027 2028
f 1794 2028 1795
f 1794 2025 2027
f 1795 2028 1796
f 1796 2029 1810
f 1796 1810 1806
f 1796 2028 2030
f 1796 2030 2029
f 1797 1811 2031
f 1797 2031 1798
f 1798 2031 1803
f 1799 2032 2033
f 1799 2033 2034
f 1799 2034 1800
f 1799 1803 2031
f 1799 2031 2032
f 1800 2034 2035
f 1800 2035 1801
f 1801 2035 1802
f 1802 2035 2036
f 1802 2036 2037
f 1802 2037 1804
f 1804 2037 2038
f 1804 2038 1805
f 1805 2038 2039
f 1805 2039 2022
f 1807 2040 2041
f 1807 2041 2042
f 1807 2042 1808
f 1807 1810 2029
f 1807 2029 2040
f 1808 2042 2043
f 1808 2043 2044
f 1808 2044 1809
f 1809 2044 1814
f 1811 1813 2045
f 1811 2045 2031
f 1812 2017 2016
f 1812 2016 2015
f 1812 2015 2014
f 1812 2014 2046
f 1812 2046 2047
f 1812 2047 1813
f 1813 2047 2048
f 1813 2048 2049
f 1813 2049 2050
f 1813 2050 2045
f 1814 2051 2052
f 1814 2052 1815
f 1814 2044 2051
f 1815 2052 1816
f 1816 2052 2053
f 1816 2053 2054
f 1816 2054 2055
f 1816 2055 1817
f 1817 2055 2056
f 1817 2056 1819
f 1818 2057 1820
f 1818 1819 2058
f 1818 2058 2057
f 1819 2056 2058
f 1820 2057 1821
f 1821 2059 1822
f 1821 2057 2059
f 1822 2059 2060
f 1822 2060 1823
f 1823 2060 1824
f 1824 2061 2062
f 1824 2062 2063
f 1824 2060 2064
f 1824 2064 2061
f 1825 2063 2065
f 1825 2065 1826
f 1826 2065 1827
f 1830 1832 2066
f 1830 2066 2067
f 1830 2067 1834
f 1830 1834 1833
f 1834 2067 2068
f 1834 2068 2069
f 1834 2069 2070
f 1834 2070 1835
f 1835 2071 1836
f 1835 2070 2071
f 1836 2071 1837
f 1837 2071 1838
f 1838 2072 2073
f 1838 2073 1841
f 1838 2071 2072
f 1839 2074 2075
f 1839 2075 1840
f 1839 1841 2074
f 1840 2075 2076
f 1840 2076 2077
f 1840 2077 1842
f 1841 2073 2078
f 1841 2078 2074
f 1842 2077 2079
f 1842 2079 1843
f 1843 2079 2080
f 1844 2080 2081
f 1845 2082 1846
f 1845 2081 2289
f 1845 2289 2083
f 1845 2083 2084
f 1845 2084 2082
f 1847 2082 2084
f 1847 2084 2085
f 1847 2085 2086
f 1847 2086 1848
f 1848 2086 1849
f 1849 2086 2294
f 1849 2294 2087
f 1849 2087 2088
f 1849 2088 1850
f 1850 2088 1852
f 1852 2088 2089
f 1853 2090 2091
f 1853 2091 1854
f 1854 2091 2092
f 1854 2092 2093
f 1854 2093 2094
f 1854 2094 1856
f 1855 1859 1860
f 1856 2094 2095
f 1856 2095 1858
f 1856 1858 1857
f 1858 2095 2096
f 1858 2096 1861
f 1858 1861 2097
f 1858 2097 1859
f 1859 2097 1860
f 1860 2097 1861
f 1861 2096 2098
f 1861 2098 2099
f 1861 2099 1870
f 1861 1870 1869
f 1863 1868 1867
f 1863 1867 2100
f 1863 2100 1925
f 1863 1925 1864
f 1864 1925 1865
f 1865 1925 1866
f 1866 1925 1924
f 1867 1875 2101
f 1867 2101 2100
f 1870 2102 2103
f 1870 2103 2104
f 1870 2104 1872
f 1870 1872 2105
f 1870 2105 1871
f 1870 2099 2102
f 1871 2105 1872
f 1872 2104 2106
f 1872 2106 2107
f 1872 2107 1874
f 1874 2107 1877
f 1874 1877 2108
f 1874 2108 1876
f 1875 1881 2101
f 1876 2108 1877
f 1877 1879 1878
f 1877 2107 2109
f 1877 2109 2110
f 1877 2110 1879
f 1879 2110 2111
f 1879 2111 2112
f 1879 2112 2113
f 1879 2113 1881
f 1879 1881 1880
f 1881 2113 2114
f 1881 2114 2115
f 1881 2115 2116
f 1881 2116 1925
f 1881 1925 2101
f 1882 1891 1883
f 1883 2117 2118
f 1883 2118 2119
f 1883 2119 2120
f 1883 2120 1884
f 1883 1891 2121
f 1883 2121 2122
f 1883 2122 2123
f 1883 2123 2124
f 1883 2124 2125
f 1883 2125 2117
f 1884 2120 2119
f 1884 2119 1886
f 1885 1888 2126
f 1885 2126 1892
f 1886 2119 2118
f 1886 2118 2127
f 1886 2127 2128
f 1886 2128 1887
f 1887 2129 1888
f 1887 2128 2127
f 1887 2127 2130
f 1887 2130 2131
f 1887 2131 2132
f 1887 2132 1902
f 1887 1902 2129
f 1888 2129 2133
f 1888 2133 2134
f 1888 2134 1897
f 1888 1897 2126
f 1891 1952 1951
f 1891 1951 2121
f 1892 2126 1897
f 1893 2135 2136
f 1893 2136 2137
f 1893 2137 1895
f 1893 1895 1894
f 1893 1896 2135
f 1895 2137 1909
f 1896 1907 2138
f 1896 2138 2136
f 1896 2136 2139
f 1896 2139 2135
f 1897 2134 2133
f 1897 2133 1901
f 1897 1901 1899
f 1897 1899 1898
f 1899 1901 1900
f 1901 2133 2129
f 1901 2129 1902
f 1902 2132 2131
f 1902 2131 2130
f 1902 2130 2140
f 1902 2140 1992
f 1902 1992 1990
f 1902 1989 2141
f 1902 2141 2142
f 1902 2142 1903
f 1903 2142 2143
f 1903 2143 1904
f 1904 2143 1987
f 1904 1987 2144
f 1904 2144 1908
f 1904 1908 2145
f 1904 2145 1905
f 1905 2145 1908
f 1906 2146 2147
f 1906 2147 2148
f 1906 2148 2138
f 1906 2138 1907
f 1906 1908 2149
f 1906 2149 2146
f 1908 2150 2149
f 1908 2144 2012
f 1908 2012 2151
f 1908 2151 2152
f 1908 2152 2150
f 1909 2137 1911
f 1911 2137 2136
f 1911 2136 2153
f 1911 2153 1912
f 1912 2153 2148
f 1912 2148 2154
f 1912 2154 1914
f 1914 2154 1915
f 1915 2154 2155
f 1915 2155 1917
f 1915 1917 2156
f 1915 2156 1916
f 1916 2156 1917
f 1917 2155 2157
f 1917 2157 2158
f 1917 2158 2341
f 1917 2341 2159
f 1917 2159 2160
f 1917 2160 1918
f 1918 2160 1919
f 1919 2160 1920
f 1920 2160 1969
f 1920 1969 1921
f 1921 1969 1958
f 1921 1958 1922
f 1922 1958 1923
f 1925 2100 2101
f 1925 2116 2161
f 1925 2161 2162
f 1925 2162 1931
f 1925 1931 1926
f 1926 1931 1929
f 1927 1929 1931
f 1927 1931 1928
f 1930 1933 1935
f 1931 2162 1932
f 1932 2162 1933
f 1933 2162 2163
f 1933 2163 1935
f 1935 1938 1936
f 1935 2163 2164
f 1935 2164 2165
f 1935 2165 1938
f 1937 1941 1940
f 1937 1938 2166
f 1937 2166 1941
f 1938 2165 2167
f 1938 2167 2168
f 1938 2168 2169
f 1938 2169 2170
f 1938 2170 2171
f 1938 2171 2166
f 1941 2166 2172
f 1941 2172 2173
f 1941 2173 2174
f 1941 2174 2175
f 1941 2175 1942
f 1942 2176 2177
f 1942 2177 1944
f 1942 1944 1943
f 1942 2175 2174
f 1942 2174 2178
f 1942 2178 2176
f 1944 2177 2176
f 1944 2176 2178
f 1944 2178 2174
f 1944 2174 1945
f 1945 2174 2179
f 1945 2179 2180
f 1945 2180 1946
f 1946 2180 1949
f 1946 1949 1947
f 1947 1949 1948
f 1949 2180 2181
f 1949 2181 2182
f 1949 2182 2183
f 1949 2183 2184
f 1949 2184 2185
f 1949 2185 2186
f 1949 2186 1950
f 1950 2186 2122
f 1950 2122 1951
f 1951 2122 2121
f 1953 1969 1954
f 1953 1959 1969
f 1954 1969 1955
f 1955 1969 1968
f 1955 1968 2187
f 1955 2187 1967
f 1956 1975 1978
f 1956 1978 1961
f 1958 1969 1959
f 1962 1974 1963
f 1963 1974 1973
f 1963 1973 1964
f 1965 1971 1966
f 1967 2187 1968
f 1969 2160 2188
f 1969 2188 1970
f 1970 2188 2189
f 1970 2189 1972
f 1972 2189 2008
f 1972 2008 2011
f 1972 2011 2007
f 1975 1979 1976
f 1976 1979 1977
f 1980 1983 2004
f 1980 2004 2190
f 1980 2190 1981
f 1981 2190 2191
f 1981 2191 2192
f 1981 2192 1982
f 1982 2192 2223
f 1982 2223 2018
f 1984 1986 1985
f 1984 1985 2193
f 1984 2193 1988
f 1985 2194 2195
f 1985 2195 2193
f 1985 1987 2196
f 1985 2196 2194
f 1987 2012 2144
f 1987 2143 2196
f 1988 2193 1989
f 1989 2193 2194
f 1989 2194 2141
f 1990 1992 1991
f 1992 2140 2197
f 1992 2197 2198
f 1992 2198 1997
f 1992 1997 1996
f 1993 1997 2199
f 1993 2199 2200
f 1993 2200 2201
f 1993 2201 1994
f 1994 2201 2202
f 1994 2202 1995
f 1995 2202 2203
f 1995 2203 1998
f 1997 2198 2204
f 1997 2204 2205
f 1997 2205 2199
f 1998 2203 1999
f 1999 2206 2000
f 1999 2203 2206
f 2000 2206 2207
f 2000 2207 2208
f 2000 2208 2209
f 2000 2209 2001
f 2001 2209 2005
f 2002 2210 2371
f 2002 2371 2211
f 2002 2211 2003
f 2002 2006 2212
f 2002 2212 2210
f 2003 2211 2190
f 2003 2190 2004
f 2005 2209 2213
f 2005 2213 2212
f 2005 2212 2006
f 2008 2189 2214
f 2008 2214 2009
f 2009 2215 2010
f 2009 2214 2216
f 2009 2216 2152
f 2009 2152 2215
f 2010 2215 2152
f 2010 2152 2151
f 2010 2151 2012
f 2013 2021 2014
f 2014 2217 2218
f 2014 2218 2219
f 2014 2219 2220
f 2014 2220 2046
f 2014 2021 2020
f 2014 2020 2019
f 2014 2019 2018
f 2014 2018 2221
f 2014 2221 2222
f 2014 2222 2217
f 2018 2223 2221
f 2022 2224 2023
f 2022 2039 2225
f 2022 2225 2224
f 2023 2224 2226
f 2023 2226 2025
f 2023 2025 2026
f 2023 2026 2024
f 2025 2226 2227
f 2025 2227 2027
f 2027 2030 2028
f 2027 2227 2030
f 2029 2030 2228
f 2029 2228 2229
f 2029 2229 2230
f 2029 2230 2040
f 2030 2227 2231
f 2030 2231 2228
f 2031 2232 2233
f 2031 2233 2234
f 2031 2234 2032
f 2031 2045 2232
f 2032 2234 2235
f 2032 2235 2033
f 2033 2236 2237
f 2033 2237 2034
f 2033 2235 2238
f 2033 2238 2236
f 2034 2237 2035
f 2035 2237 2036
f 2036 2237 2239
f 2036 2239 2240
f 2036 2240 2037
f 2037 2240 2241
f 2037 2241 2038
f 2038 2241 2225
f 2038 2225 2039
f 2040 2230 2041
f 2041 2230 2242
f 2041 2242 2243
f 2041 2243 2043
f 2041 2043 2042
f 2043 2243 2251
f 2043 2251 2051
f 2043 2051 2044
f 2045 2050 2244
f 2045 2244 2232
f 2046 2220 2047
f 2047 2220 2245
f 2047 2245 2246
f 2047 2246 2048
f 2048 2247 2049
f 2048 2246 2248
f 2048 2248 2247
f 2049 2247 2050
f 2050 2247 2249
f 2050 2249 2250
f 2050 2250 2244
f 2051 2251 2053
f 2051 2053 2052
f 2053 2251 2252
f 2053 2252 2054
f 2054 2252 2253
f 2054 2253 2254
f 2054 2254 2055
f 2055 2254 2255
f 2055 2255 2056
f 2056 2255 2058
f 2057 2256 2059
f 2057 2058 2256
f 2058 2255 2257
f 2058 2257 2258
f 2058 2258 2259
f 2058 2259 2256
f 2059 2260 2261
f 2059 2261 2060
f 2059 2256 2260
f 2060 2261 2064
f 2061 2262 2263
f 2061 2263 2062
f 2061 2064 2264
f 2061 2264 2262
f 2062 2263 2420
f 2062 2420 2265
f 2062 2265 2063
f 2063 2265 2266
f 2063 2266 2065
f 2064 2261 2264
f 2067 2267 2068
f 2068 2267 2268
f 2068 2268 2269
f 2068 2269 2069
f 2069 2270 2070
f 2069 2269 2270
f 2070 2270 2271
f 2070 2271 2272
f 2070 2272 2071
f 2071 2272 2072
f 2072 2272 2273
f 2072 2273 2073
f 2073 2273 2274
f 2073 2274 2275
f 2073 2275 2276
f 2073 2276 2078
f 2074 2078 2277
f 2074 2277 2278
f 2074 2278 2279
f 2074 2279 2075
f 2075 2279 2076
f 2076 2279 2280
f 2076 2280 2281
f 2076 2281 2077
f 2077 2281 2282
f 2077 2282 2283
f 2077 2283 2079
f 2078 2276 2284
f 2078 2284 2285
f 2078 2285 2286
f 2078 2286 2287
f 2078 2287 2278
f 2078 2278 2277
f 2079 2283 2080
f 2080 2283 2288
f 2080 2288 2081
f 2081 2288 2439
f 2081 2439 2289
f 2083 2290 2291
f 2083 2291 2292
f 2083 2292 2084
f 2083 2289 2290
f 2084 2292 2293
f 2084 2293 2085
f 2085 2293 2086
f 2086 2293 2294
f 2087 2294 2453
f 2087 2453 2295
f 2087 2295 2296
f 2087 2296 2088
f 2088 2296 2297
f 2088 2297 2089
f 2090 2298 2091
f 2091 2298 2299
f 2091 2299 2092
f 2092 2299 2300
f 2092 2300 2301
f 2092 2301 2302
f 2092 2302 2303
f 2092 2303 2304
f 2092 2304 2093
f 2093 2304 2305
f 2093 2305 2306
f 2093 2306 2094
f 2094 2306 2095
f 2095 2306 2096
f 2096 2306 2098
f 2098 2306 2307
f 2098 2307 2308
f 2098 2308 2099
f 2099 2308 2102
f 2102 2308 2103
f 2103 2308 2309
f 2103 2309 2463
f 2103 2463 2310
f 2103 2310 2311
f 2103 2311 2312
f 2103 2312 2104
f 2104 2312 2313
f 2104 2313 2106
f 2106 2313 2312
f 2106 2312 2314
f 2106 2314 2315
f 2106 2315 2316
f 2106 2316 2107
f 2107 2316 2110
f 2107 2110 2109
f 2110 2317 2318
f 2110 2318 2111
f 2110 2316 2315
f 2110 2315 2319
f 2110 2319 2320
f 2110 2320 2317
f 2111 2318 2321
f 2111 2321 2112
f 2112 2322 2323
f 2112 2323 2114
f 2112 2114 2113
f 2112 2321 2322
f 2114 2323 2324
f 2114 2324 2115
f 2115 2325 2326
f 2115 2326 2116
f 2115 2324 2327
f 2115 2327 2325
f 2116 2326 2325
f 2116 2325 2161
f 2117 2125 2197
f 2117 2197 2328
f 2117 2328 2329
f 2117 2329 2118
f 2118 2329 2127
f 2122 2186 2330
f 2122 2330 2123
f 2123 2330 2124
f 2124 2330 2331
f 2124 2331 2332
f 2124 2332 2125
f 2125 2332 2333
f 2125 2333 2197
f 2127 2329 2130
f 2130 2329 2328
f 2130 2328 2197
f 2130 2197 2140
f 2135 2139 2136
f 2136 2138 2148
f 2136 2148 2153
f 2141 2194 2334
f 2141 2334 2335
f 2141 2335 2142
f 2142 2335 2196
f 2142 2196 2143
f 2146 2149 2147
f 2147 2149 2336
f 2147 2336 2337
f 2147 2337 2148
f 2148 2337 2154
f 2149 2150 2338
f 2149 2338 2336
f 2150 2339 2338
f 2150 2152 2216
f 2150 2216 2339
f 2154 2337 2155
f 2155 2337 2340
f 2155 2340 2157
f 2157 2216 2214
f 2157 2214 2189
f 2157 2189 2341
f 2157 2341 2158
f 2157 2340 2216
f 2159 2341 2188
f 2159 2188 2160
f 2161 2325 2327
f 2161 2327 2162
f 2162 2164 2163
f 2162 2327 2324
f 2162 2324 2342
f 2162 2342 2343
f 2162 2343 2344
f 2162 2344 2164
f 2164 2344 2343
f 2164 2343 2345
f 2164 2345 2168
f 2164 2168 2167
f 2164 2167 2165
f 2166 2346 2347
f 2166 2347 2172
f 2166 2171 2348
f 2166 2348 2346
f 2168 2345 2349
f 2168 2349 2350
f 2168 2350 2351
f 2168 2351 2169
f 2169 2351 2352
f 2169 2352 2353
f 2169 2353 2170
f 2170 2353 2171
f 2171 2353 2348
f 2172 2347 2174
f 2172 2174 2173
f 2174 2183 2179
f 2174 2347 2346
f 2174 2346 2348
f 2174 2348 2354
f 2174 2354 2355
f 2174 2355 2183
f 2179 2183 2182
f 2179 2182 2181
f 2179 2181 2180
f 2183 2355 2184
f 2184 2356 2357
f 2184 2357 2358
f 2184 2358 2185
f 2184 2355 2356
f 2185 2358 2186
f 2186 2358 2357
f 2186 2357 2359
f 2186 2359 2360
f 2186 2360 2331
f 2186 2331 2330
f 2188 2341 2189
f 2190 2211 2191
f 2191 2211 2223
f 2191 2223 2192
f 2193 2195 2194
f 2194 2196 2335
f 2194 2335 2334
f 2197 2333 2204
f 2197 2204 2198
f 2199 2205 2201
f 2199 2201 2200
f 2201 2205 2204
f 2201 2204 2333
f 2201 2333 2361
f 2201 2361 2332
f 2201 2332 2362
f 2201 2362 2202
f 2202 2363 2364
f 2202 2364 2203
f 2202 2362 2365
f 2202 2365 2363
f 2203 2364 2366
f 2203 2366 2207
f 2203 2207 2206
f 2207 2366 2367
f 2207 2367 2208
f 2208 2367 2209
f 2209 2367 2368
f 2209 2368 2369
f 2209 2369 2213
f 2210 2370 2371
f 2210 2212 2370
f 2211 2371 2223
f 2212 2213 2369
f 2212 2369 2372
f 2212 2372 2370
f 2216 2340 2339
f 2217 2222 2218
f 2218 2222 2373
f 2218 2373 2374
f 2218 2374 2219
f 2219 2374 2245
f 2219 2245 2220
f 2221 2223 2375
f 2221 2375 2376
f 2221 2376 2377
f 2221 2377 2222
f 2222 2377 2373
f 2223 2378 2375
f 2223 2371 2378
f 2224 2225 2379
f 2224 2379 2226
f 2225 2241 2380
f 2225 2380 2381
f 2225 2381 2382
f 2225 2382 2379
f 2226 2383 2231
f 2226 2231 2227
f 2226 2379 2384
f 2226 2384 2383
f 2228 2385 2386
f 2228 2386 2229
f 2228 2231 2383
f 2228 2383 2385
f 2229 2387 2388
f 2229 2388 2230
f 2229 2386 2387
f 2230 2388 2242
f 2232 2244 2389
f 2232 2389 2390
f 2232 2390 2391
f 2232 2391 2235
f 2232 2235 2233
f 2233 2235 2234
f 2235 2391 2392
f 2235 2392 2393
f 2235 2393 2394
f 2235 2394 2395
f 2235 2395 2238
f 2236 2395 2396
f 2236 2396 2237
f 2236 2238 2395
f 2237 2396 2397
f 2237 2397 2239
f 2239 2397 2380
f 2239 2380 2241
f 2239 2241 2240
f 2242 2388 2398
f 2242 2398 2399
f 2242 2399 2251
f 2242 2251 2243
f 2244 2250 2400
f 2244 2400 2401
f 2244 2401 2389
f 2245 2374 2402
f 2245 2402 2403
f 2245 2403 2246
f 2246 2403 2248
f 2247 2248 2249
f 2248 2403 2404
f 2248 2404 2405
f 2248 2405 2249
f 2249 2405 2250
f 2250 2405 2406
f 2250 2406 2407
f 2250 2407 2400
f 2251 2399 2408
f 2251 2408 2252
f 2252 2408 2409
f 2252 2409 2253
f 2253 2410 2411
f 2253 2411 2257
f 2253 2257 2255
f 2253 2255 2254
f 2253 2409 2410
f 2256 2259 2412
f 2256 2412 2413
f 2256 2413 2414
f 2256 2414 2260
f 2257 2411 2258
f 2258 2411 2415
f 2258 2415 2412
f 2258 2412 2259
f 2260 2414 2416
f 2260 2416 2264
f 2260 2264 2261
f 2262 2417 2418
f 2262 2418 2419
f 2262 2419 2263
f 2262 2264 2417
f 2263 2419 2420
f 2264 2421 2417
f 2264 2416 2422
f 2264 2422 2421
f 2265 2420 2423
f 2265 2423 2266
f 2268 2424 2269
f 2269 2424 2425
f 2269 2425 2270
f 2270 2425 2426
f 2270 2426 2271
f 2271 2427 2428
f 2271 2428 2272
f 2271 2426 2427
f 2272 2428 2273
f 2273 2428 2275
f 2273 2275 2274
f 2275 2428 2429
f 2275 2429 2430
f 2275 2430 2276
f 2276 2430 2431
f 2276 2431 2284
f 2278 2287 2432
f 2278 2432 2279
f 2279 2432 2280
f 2280 2432 2563
f 2280 2563 2433
f 2280 2433 2281
f 2281 2433 2434
f 2281 2434 2435
f 2281 2435 2436
f 2281 2436 2282
f 2282 2436 2283
f 2283 2436 2437
f 2283 2437 2438
f 2283 2438 2439
f 2283 2439 2288
f 2284 2431 2440
f 2284 2440 2285
f 2285 2440 2441
f 2285 2441 2286
f 2286 2442 2287
f 2286 2441 2443
f 2286 2443 2442
f 2287 2442 2444
f 2287 2444 2445
f 2287 2445 2432
f 2289 2439 2290
f 2290 2446 2447
f 2290 2447 2448
f 2290 2448 2291
f 2290 2439 2446
f 2291 2448 2449
f 2291 2449 2450
f 2291 2450 2451
f 2291 2451 2292
f 2292 2451 2452
f 2292 2452 2293
f 2293 2452 2453
f 2293 2453 2294
f 2295 2453 2454
f 2295 2454 2455
f 2295 2455 2456
f 2295 2456 2296
f 2296 2457 2297
f 2296 2456 2457
f 2297 2457 2458
f 2302 2459 2303
f 2303 2459 2460
f 2303 2460 2304
f 2304 2460 2305
f 2305 2460 2461
f 2305 2461 2462
f 2305 2462 2307
f 2305 2307 2306
f 2307 2462 2309
f 2307 2309 2308
f 2309 2462 2463
f 2310 2463 2464
f 2310 2464 2465
f 2310 2465 2311
f 2311 2314 2312
f 2311 2465 2466
f 2311 2466 2314
f 2314 2466 2315
f 2315 2466 2467
f 2315 2467 2468
f 2315 2468 2319
f 2317 2320 2318
f 2318 2320 2321
f 2319 2468 2469
f 2319 2469 2470
f 2319 2470 2471
f 2319 2471 2472
f 2319 2472 2320
f 2320 2472 2473
f 2320 2473 2474
f 2320 2474 2321
f 2321 2474 2322
f 2322 2474 2475
f 2322 2475 2476
f 2322 2476 2323
f 2323 2477 2324
f 2323 2476 2477
f 2324 2477 2478
f 2324 2478 2479
f 2324 2479 2342
f 2331 2480 2332
f 2331 2360 2480
f 2332 2480 2362
f 2332 2361 2333
f 2336 2338 2337
f 2337 2338 2339
f 2337 2339 2340
f 2342 2479 2343
f 2343 2349 2345
f 2343 2479 2349
f 2348 2353 2352
f 2348 2352 2481
f 2348 2481 2482
f 2348 2482 2483
f 2348 2483 2354
f 2349 2479 2484
f 2349 2484 2350
f 2350 2484 2485
f 2350 2485 2486
f 2350 2486 2487
f 2350 2487 2488
f 2350 2488 2352
f 2350 2352 2351
f 2352 2488 2481
f 2354 2483 2489
f 2354 2489 2355
f 2355 2489 2359
f 2355 2359 2356
f 2356 2359 2357
f 2359 2489 2490
f 2359 2490 2491
f 2359 2491 2492
f 2359 2492 2360
f 2360 2492 2480
f 2362 2493 2494
f 2362 2494 2363
f 2362 2363 2365
f 2362 2480 2495
f 2362 2495 2493
f 2363 2494 2496
f 2363 2496 2364
f 2364 2497 2498
f 2364 2498 2366
f 2364 2496 2497
f 2366 2498 2367
f 2367 2498 2368
f 2368 2499 2500
f 2368 2500 2369
f 2368 2498 2499
f 2369 2500 2501
f 2369 2501 2502
f 2369 2502 2372
f 2370 2503 2504
f 2370 2504 2378
f 2370 2378 2371
f 2370 2372 2505
f 2370 2505 2503
f 2372 2502 2506
f 2372 2506 2505
f 2373 2377 2376
f 2373 2376 2507
f 2373 2507 2508
f 2373 2508 2374
f 2374 2508 2509
f 2374 2509 2402
f 2375 2378 2376
f 2376 2503 2507
f 2376 2378 2504
f 2376 2504 2503
f 2379 2382 2510
f 2379 2510 2511
f 2379 2511 2512
f 2379 2512 2384
f 2380 2397 2513
f 2380 2513 2381
f 2381 2513 2382
f 2382 2513 2514
f 2382 2514 2510
f 2383 2515 2516
f 2383 2516 2517
f 2383 2517 2385
f 2383 2384 2515
f 2384 2512 2515
f 2385 2517 2386
f 2386 2518 2387
f 2386 2517 2518
f 2387 2518 2519
f 2387 2519 2388
f 2388 2519 2520
f 2388 2520 2398
f 2389 2401 2521
f 2389 2521 2390
f 2390 2392 2391
f 2390 2521 2522
f 2390 2522 2523
f 2390 2523 2392
f 2392 2524 2525
f 2392 2525 2393
f 2392 2523 2524
f 2393 2525 2526
f 2393 2526 2527
f 2393 2527 2394
f 2394 2527 2395
f 2395 2527 2528
f 2395 2528 2529
f 2395 2529 2530
f 2395 2530 2531
f 2395 2531 2397
f 2395 2397 2396
f 2397 2531 2532
f 2397 2532 2514
f 2397 2514 2513
f 2398 2520 2533
f 2398 2533 2534
f 2398 2534 2399
f 2399 2534 2408
f 2400 2407 2401
f 2401 2407 2535
f 2401 2535 2521
f 2402 2404 2403
f 2402 2509 2536
f 2402 2536 2404
f 2404 2537 2538
f 2404 2538 2405
f 2404 2536 2537
f 2405 2538 2406
f 2406 2538 2407
f 2407 2538 2539
f 2407 2539 2540
f 2407 2540 2535
f 2408 2534 2409
f 2409 2534 2541
f 2409 2541 2542
f 2409 2542 2410
f 2410 2542 2411
f 2411 2542 2543
f 2411 2543 2544
f 2411 2544 2415
f 2412 2545 2546
f 2412 2546 2413
f 2412 2415 2544
f 2412 2544 2545
f 2413 2546 2414
f 2414 2547 2548
f 2414 2548 2416
f 2414 2546 2547
f 2416 2548 2422
f 2417 2549 2550
f 2417 2550 2418
f 2417 2421 2551
f 2417 2551 2549
f 2418 2550 2552
f 2418 2552 2553
f 2418 2553 2420
f 2418 2420 2419
f 2420 2553 2554
f 2420 2554 2555
f 2420 2555 2423
f 2421 2422 2548
f 2421 2548 2551
f 2425 2556 2426
f 2426 2556 2427
f 2427 2557 2429
f 2427 2429 2428
f 2427 2556 2558
f 2427 2558 2557
f 2429 2557 2559
f 2429 2559 2430
f 2430 2560 2431
f 2430 2559 2560
f 2431 2560 2561
f 2431 2561 2562
f 2431 2562 2440
f 2432 2445 2563
f 2433 2563 2434
f 2434 2564 2703
f 2434 2703 2565
f 2434 2565 2566
f 2434 2566 2435
f 2434 2563 2564
f 2435 2566 2436
f 2436 2566 2437
f 2437 2566 2567
f 2437 2567 2438
f 2438 2567 2568
f 2438 2568 2439
f 2439 2568 2569
f 2439 2569 2446
f 2440 2570 2571
f 2440 2571 2441
f 2440 2562 2570
f 2441 2571 2443
f 2442 2443 2572
f 2442 2572 2576
f 2442 2576 2444
f 2443 2571 2570
f 2443 2570 2573
f 2443 2573 2574
f 2443 2574 2575
f 2443 2575 2572
f 2444 2576 2716
f 2444 2716 2577
f 2444 2577 2445
f 2445 2577 2578
f 2445 2578 2579
f 2445 2579 2563
f 2446 2569 2447
f 2447 2580 2581
f 2447 2581 2449
f 2447 2449 2448
f 2447 2569 2580
f 2449 2581 2582
f 2449 2582 2583
f 2449 2583 2584
f 2449 2584 2450
f 2450 2584 2585
f 2450 2585 2451
f 2451 2585 2452
f 2452 2585 2586
f 2452 2586 2454
f 2452 2454 2453
f 2454 2586 2587
f 2454 2587 2588
f 2454 2588 2589
f 2454 2589 2455
f 2455 2589 2456
f 2456 2589 2590
f 2456 2590 2591
f 2456 2591 2458
f 2456 2458 2457
f 2459 2592 2593
f 2459 2593 2460
f 2460 2593 2594
f 2460 2594 2595
f 2460 2595 2461
f 2461 2595 2462
f 2462 2595 2596
f 2462 2596 2597
f 2462 2597 2598
f 2462 2598 2599
f 2462 2599 2463
f 2463 2599 2464
f 2464 2599 2598
f 2464 2598 2600
f 2464 2600 2601
f 2464 2601 2602
f 2464 2602 2603
f 2464 2603 2465
f 2465 2603 2604
f 2465 2604 2466
f 2466 2604 2605
f 2466 2605 2606
f 2466 2606 2468
f 2466 2468 2467
f 2468 2606 2607
f 2468 2607 2605
f 2468 2605 2469
f 2469 2605 2608
f 2469 2608 2609
f 2469 2609 2470
f 2470 2609 2608
f 2470 2608 2471
f 2471 2610 2472
f 2471 2608 2611
f 2471 2611 2610
f 2472 2610 2473
f 2473 2610 2612
f 2473 2612 2613
f 2473 2613 2614
f 2473 2614 2474
f 2474 2614 2615
f 2474 2615 2616
f 2474 2616 2475
f 2475 2617 2478
f 2475 2478 2476
f 2475 2616 2617
f 2476 2478 2477
f 2478 2618 2479
f 2478 2617 2618
f 2479 2618 2484
f 2480 2492 2493
f 2480 2493 2495
f 2481 2488 2619
f 2481 2619 2620
f 2481 2620 2482
f 2482 2620 2490
f 2482 2490 2483
f 2483 2490 2489
f 2484 2621 2622
f 2484 2622 2485
f 2484 2618 2623
f 2484 2623 2621
f 2485 2622 2624
f 2485 2624 2625
f 2485 2625 2486
f 2486 2626 2627
f 2486 2627 2487
f 2486 2625 2628
f 2486 2628 2626
f 2487 2619 2488
f 2487 2627 2619
f 2490 2629 2491
f 2490 2620 2629
f 2491 2629 2630
f 2491 2630 2631
f 2491 2631 2496
f 2491 2496 2493
f 2491 2493 2492
f 2493 2496 2494
f 2496 2631 2632
f 2496 2632 2630
f 2496 2630 2633
f 2496 2633 2497
f 2497 2633 2630
f 2497 2630 2619
f 2497 2619 2634
f 2497 2634 2635
f 2497 2635 2636
f 2497 2636 2498
f 2498 2636 2637
f 2498 2637 2499
f 2499 2638 2500
f 2499 2637 2638
f 2500 2638 2501
f 2501 2639 2502
f 2501 2638 2639
f 2502 2639 2640
f 2502 2640 2506
f 2503 2641 2508
f 2503 2508 2507
f 2503 2505 2641
f 2505 2506 2640
f 2505 2640 2642
f 2505 2642 2643
f 2505 2643 2641
f 2508 2641 2776
f 2508 2776 2644
f 2508 2644 2509
f 2509 2644 2673
f 2509 2673 2536
f 2510 2514 2645
f 2510 2645 2511
f 2511 2645 2514
f 2511 2514 2646
f 2511 2646 2647
f 2511 2647 2648
f 2511 2648 2512
f 2512 2648 2649
f 2512 2649 2650
f 2512 2650 2516
f 2512 2516 2515
f 2514 2532 2651
f 2514 2651 2646
f 2516 2650 2652
f 2516 2652 2517
f 2517 2652 2518
f 2518 2652 2653
f 2518 2653 2654
f 2518 2654 2519
f 2519 2655 2520
f 2519 2654 2656
f 2519 2656 2655
f 2520 2655 2533
f 2521 2535 2657
f 2521 2657 2658
f 2521 2658 2522
f 2522 2659 2523
f 2522 2658 2660
f 2522 2660 2659
f 2523 2659 2661
f 2523 2661 2524
f 2524 2661 2662
f 2524 2662 2663
f 2524 2663 2525
f 2525 2663 2526
f 2526 2664 2665
f 2526 2665 2528
f 2526 2528 2527
f 2526 2663 2664
f 2528 2665 2529
f 2529 2665 2666
f 2529 2666 2667
f 2529 2667 2530
f 2530 2667 2668
f 2530 2668 2531
f 2531 2668 2532
f 2532 2668 2669
f 2532 2669 2651
f 2533 2655 2670
f 2533 2670 2671
f 2533 2671 2672
f 2533 2672 2534
f 2534 2672 2541
f 2535 2540 2657
f 2536 2673 2674
f 2536 2674 2537
f 2537 2539 2538
f 2537 2674 2675
f 2537 2675 2539
f 2539 2676 2540
f 2539 2675 2676
f 2540 2676 2677
f 2540 2677 2678
f 2540 2678 2657
f 2541 2672 2542
f 2542 2679 2680
f 2542 2680 2543
f 2542 2672 2681
f 2542 2681 2679
f 2543 2680 2544
f 2544 2680 2682
f 2544 2682 2683
f 2544 2683 2545
f 2545 2683 2546
f 2546 2683 2684
f 2546 2684 2685
f 2546 2685 2548
f 2546 2548 2547
f 2548 2685 2686
f 2548 2686 2551
f 2549 2551 2687
f 2549 2687 2550
f 2550 2688 2689
f 2550 2689 2552
f 2550 2687 2688
f 2551 2686 2687
f 2552 2689 2690
f 2552 2690 2691
f 2552 2691 2692
f 2552 2692 2693
f 2552 2693 2554
f 2552 2554 2553
f 2556 2694 2558
f 2557 2695 2559
f 2557 2558 2696
f 2557 2696 2695
f 2558 2694 2697
f 2558 2697 2696
f 2559 2695 2561
f 2559 2561 2560
f 2561 2695 2698
f 2561 2698 2699
f 2561 2699 2700
f 2561 2700 2562
f 2562 2700 2570
f 2563 2579 2564
f 2564 2701 2702
f 2564 2702 2703
f 2564 2579 2701
f 2565 2703 2704
f 2565 2704 2566
f 2566 2704 2705
f 2566 2705 2567
f 2567 2705 2823
f 2567 2823 2706
f 2567 2706 2569
f 2567 2569 2568
f 2569 2706 2707
f 2569 2707 2580
f 2570 2708 2573
f 2570 2700 2709
f 2570 2709 2708
f 2572 2710 2576
f 2572 2575 2710
f 2573 2708 2711
f 2573 2711 2574
f 2574 2712 2713
f 2574 2713 2575
f 2574 2711 2712
f 2575 2713 2710
f 2576 2710 2714
f 2576 2714 2715
f 2576 2715 2716
f 2577 2716 2831
f 2577 2831 2717
f 2577 2717 2701
f 2577 2701 2578
f 2578 2701 2579
f 2580 2707 2718
f 2580 2718 2719
f 2580 2719 2581
f 2581 2719 2720
f 2581 2720 2582
f 2582 2720 2721
f 2582 2721 2722
f 2582 2722 2583
f 2583 2722 2723
f 2583 2723 2584
f 2584 2723 2585
f 2585 2723 2724
f 2585 2724 2587
f 2585 2587 2586
f 2587 2724 2725
f 2587 2725 2588
f 2588 2725 2726
f 2588 2726 2727
f 2588 2727 2589
f 2589 2727 2728
f 2589 2728 2590
f 2590 2728 2591
f 2591 2728 2729
f 2592 2730 2731
f 2592 2731 2593
f 2593 2731 2594
f 2594 2731 2732
f 2594 2732 2595
f 2595 2732 2733
f 2595 2733 2734
f 2595 2734 2596
f 2596 2735 2597
f 2596 2734 2736
f 2596 2736 2737
f 2596 2737 2735
f 2597 2735 2738
f 2597 2738 2739
f 2597 2739 2598
f 2598 2739 2600
f 2600 2739 2738
f 2600 2738 2740
f 2600 2740 2741
f 2600 2741 2742
f 2600 2742 2743
f 2600 2743 2744
f 2600 2744 2601
f 2601 2744 2743
f 2601 2743 2602
f 2602 2743 2745
f 2602 2745 2746
f 2602 2746 2748
f 2602 2748 2747
f 2602 2747 2603
f 2603 2747 2748
f 2603 2748 2749
f 2603 2749 2604
f 2604 2749 2605
f 2605 2607 2606
f 2605 2749 2608
f 2608 2749 2748
f 2608 2748 2750
f 2608 2750 2751
f 2608 2751 2611
f 2610 2611 2752
f 2610 2752 2612
f 2611 2751 2752
f 2612 2752 2753
f 2612 2753 2754
f 2612 2754 2755
f 2612 2755 2613
f 2613 2755 2614
f 2614 2755 2756
f 2614 2756 2757
f 2614 2757 2615
f 2615 2757 2758
f 2615 2758 2616
f 2616 2758 2617
f 2617 2759 2618
f 2617 2758 2760
f 2617 2760 2761
f 2617 2761 2759
f 2618 2759 2762
f 2618 2762 2623
f 2619 2627 2635
f 2619 2635 2634
f 2619 2630 2629
f 2619 2629 2620
f 2621 2623 2624
f 2621 2624 2622
f 2623 2762 2763
f 2623 2763 2764
f 2623 2764 2765
f 2623 2765 2624
f 2624 2765 2625
f 2625 2765 2766
f 2625 2766 2628
f 2626 2767 2636
f 2626 2636 2627
f 2626 2628 2768
f 2626 2768 2769
f 2626 2769 2767
f 2627 2636 2635
f 2628 2766 2770
f 2628 2770 2771
f 2628 2771 2768
f 2630 2632 2631
f 2636 2767 2637
f 2637 2767 2769
f 2637 2769 2772
f 2637 2772 2638
f 2638 2772 2639
f 2639 2771 2773
f 2639 2773 2774
f 2639 2774 2640
f 2639 2772 2771
f 2640 2774 2775
f 2640 2775 2642
f 2641 2643 2642
f 2641 2642 2776
f 2642 2775 2777
f 2642 2777 2776
f 2644 2776 2777
f 2644 2777 2673
f 2646 2651 2778
f 2646 2778 2647
f 2647 2778 2648
f 2648 2779 2649
f 2648 2778 2780
f 2648 2780 2781
f 2648 2781 2782
f 2648 2782 2779
f 2649 2779 2783
f 2649 2783 2784
f 2649 2784 2650
f 2650 2784 2652
f 2651 2669 2778
f 2652 2784 2785
f 2652 2785 2653
f 2653 2785 2786
f 2653 2786 2654
f 2654 2786 2787
f 2654 2787 2656
f 2655 2788 2789
f 2655 2789 2670
f 2655 2656 2787
f 2655 2787 2788
f 2657 2678 2658
f 2658 2790 2791
f 2658 2791 2792
f 2658 2792 2660
f 2658 2678 2790
f 2659 2660 2792
f 2659 2792 2793
f 2659 2793 2794
f 2659 2794 2662
f 2659 2662 2661
f 2662 2795 2663
f 2662 2794 2795
f 2663 2795 2796
f 2663 2796 2797
f 2663 2797 2664
f 2664 2798 2799
f 2664 2799 2665
f 2664 2797 2798
f 2665 2799 2666
f 2666 2800 2667
f 2666 2799 2800
f 2667 2800 2801
f 2667 2801 2802
f 2667 2802 2668
f 2668 2802 2803
f 2668 2803 2778
f 2668 2778 2669
f 2670 2789 2671
f 2671 2789 2804
f 2671 2804 2805
f 2671 2805 2806
f 2671 2806 2672
f 2672 2806 2805
f 2672 2805 2807
f 2672 2807 2681
f 2673 2777 2674
f 2674 2777 2808
f 2674 2808 2809
f 2674 2809 2675
f 2675 2809 2790
f 2675 2790 2810
f 2675 2810 2676
f 2676 2810 2677
f 2677 2810 2790
f 2677 2790 2678
f 2679 2681 2807
f 2679 2807 2811
f 2679 2811 2680
f 2680 2811 2812
f 2680 2812 2682
f 2682 2812 2813
f 2682 2813 2683
f 2683 2813 2684
f 2684 2711 2685
f 2684 2813 2814
f 2684 2814 2711
f 2685 2711 2708
f 2685 2708 2686
f 2686 2708 2709
f 2686 2709 2687
f 2687 2709 2700
f 2687 2700 2688
f 2688 2700 2699
f 2688 2699 2698
f 2688 2698 2815
f 2688 2815 2690
f 2688 2690 2689
f 2695 2696 2816
f 2695 2816 2698
f 2696 2697 2816
f 2698 2816 2817
f 2698 2817 2818
f 2698 2818 2815
f 2701 2717 2702
f 2702 2717 2819
f 2702 2819 2820
f 2702 2820 2703
f 2703 2820 2821
f 2703 2821 2704
f 2704 2821 2822
f 2704 2822 2823
f 2704 2823 2705
f 2706 2823 2707
f 2707 2823 2824
f 2707 2824 2832
f 2707 2832 2718
f 2710 2713 2714
f 2711 2814 2712
f 2712 2814 2813
f 2712 2813 2825
f 2712 2825 2713
f 2713 2825 2826
f 2713 2826 2827
f 2713 2827 2714
f 2714 2827 2715
f 2715 2828 2829
f 2715 2829 2830
f 2715 2830 2831
f 2715 2831 2716
f 2715 2827 2828
f 2717 2831 2819
f 2718 2832 2833
f 2718 2833 2834
f 2718 2834 2720
f 2718 2720 2719
f 2720 2834 2835
f 2720 2835 2721
f 2721 2835 2836
f 2721 2836 2837
f 2721 2837 2838
f 2721 2838 2722
f 2722 2838 2839
f 2722 2839 2723
f 2723 2839 2724
f 2724 2839 2840
f 2724 2840 2841
f 2724 2841 2725
f 2725 2841 2842
f 2725 2842 2843
f 2725 2843 2726
f 2726 2843 2844
f 2726 2844 2727
f 2727 2844 2845
f 2727 2845 2728
f 2728 2845 2846
f 2728 2846 2729
f 2730 2847 2734
f 2730 2734 2733
f 2730 2733 2732
f 2730 2732 2731
f 2734 2848 2849
f 2734 2849 2850
f 2734 2850 2851
f 2734 2851 2736
f 2734 2847 2852
f 2734 2852 2848
f 2735 2737 2738
f 2736 2851 2853
f 2736 2853 2738
f 2736 2738 2737
f 2738 2853 2854
f 2738 2854 2855
f 2738 2855 2740
f 2740 2854 2856
f 2740 2856 2741
f 2740 2855 2854
f 2741 2745 2743
f 2741 2743 2742
f 2741 2856 2857
f 2741 2857 2858
f 2741 2858 2859
f 2741 2859 2860
f 2741 2860 2861
f 2741 2861 2862
f 2741 2862 2745
f 2745 2863 2864
f 2745 2864 2865
f 2745 2865 2866
f 2745 2866 2867
f 2745 2867 2746
f 2745 2862 2861
f 2745 2861 2868
f 2745 2868 2869
f 2745 2869 2870
f 2745 2870 2863
f 2746 2867 2748
f 2748 2867 2871
f 2748 2871 2750
f 2750 2871 2752
f 2750 2752 2751
f 2752 2871 2872
f 2752 2872 2873
f 2752 2873 2753
f 2753 2873 2754
f 2754 2874 2875
f 2754 2875 2876
f 2754 2876 2877
f 2754 2877 2878
f 2754 2878 2879
f 2754 2879 2880
f 2754 2880 2755
f 2754 2873 2874
f 2755 2881 2882
f 2755 2882 2756
f 2755 2880 2881
f 2756 2882 2757
f 2757 2883 2884
f 2757 2884 2885
f 2757 2885 2886
f 2757 2886 2887
f 2757 2887 2758
f 2757 2882 2883
f 2758 2761 2888
f 2758 2888 2760
f 2758 2887 2886
f 2758 2886 2889
f 2758 2889 2761
f 2759 2761 2762
f 2760 2888 2761
f 2761 2890 2891
f 2761 2891 2762
f 2761 2889 2890
f 2762 2891 2763
f 2763 2891 2764
f 2764 2891 2892
f 2764 2892 2765
f 2765 2892 2893
f 2765 2893 2766
f 2766 2893 2894
f 2766 2894 2770
f 2768 2771 2895
f 2768 2895 2769
f 2769 2895 2771
f 2769 2771 2772
f 2770 2894 2896
f 2770 2896 2897
f 2770 2897 2898
f 2770 2898 2773
f 2770 2773 2771
f 2773 2898 2774
f 2774 2898 2775
f 2775 2899 2900
f 2775 2900 2901
f 2775 2901 2777
f 2775 2898 2902
f 2775 2902 2899
f 2777 2901 2808
f 2778 2803 2903
f 2778 2903 2780
f 2779 2904 2783
f 2779 2782 2904
f 2780 2903 2781
f 2781 2903 2782
f 2782 2903 2905
f 2782 2905 2904
f 2783 2906 2907
f 2783 2907 2908
f 2783 2908 2785
f 2783 2785 2784
f 2783 2904 2906
f 2785 2908 2786
f 2786 2909 2787
f 2786 2908 2909
f 2787 2909 2910
f 2787 2910 2788
f 2788 2910 2911
f 2788 2911 2912
f 2788 2912 2789
f 2789 2912 2913
f 2789 2913 2804
f 2790 2914 2791
f 2790 2809 2915
f 2790 2915 2914
f 2791 2914 2916
f 2791 2916 2792
f 2792 2917 2793
f 2792 2916 2917
f 2793 2918 2794
f 2793 2917 2919
f 2793 2919 2918
f 2794 2918 2795
f 2795 2920 2921
f 2795 2921 2796
f 2795 2918 2922
f 2795 2922 2920
f 2796 2921 2797
f 2797 2921 2923
f 2797 2923 2924
f 2797 2924 2798
f 2798 2924 2925
f 2798 2925 2926
f 2798 2926 2927
f 2798 2927 2799
f 2799 2927 2800
f 2800 2927 2928
f 2800 2928 2801
f 2801 2928 2929
f 2801 2929 2802
f 2802 2929 2803
f 2803 2929 2930
f 2803 2930 2903
f 2804 2913 2805
f 2805 2913 2931
f 2805 2931 2932
f 2805 2932 2829
f 2805 2829 2933
f 2805 2933 2807
f 2807 2933 2934
f 2807 2934 2811
f 2808 2901 2935
f 2808 2935 2809
f 2809 2935 2936
f 2809 2936 2937
f 2809 2937 2938
f 2809 2938 2939
f 2809 2939 2940
f 2809 2940 2915
f 2811 2934 2812
f 2812 2934 2826
f 2812 2826 2813
f 2813 2826 2825
f 2819 2941 2820
f 2819 2831 2942
f 2819 2942 2941
f 2820 2941 2943
f 2820 2943 2944
f 2820 2944 2945
f 2820 2945 2821
f 2821 2945 2946
f 2821 2946 2822
f 2822 2946 2947
f 2822 2947 2824
f 2822 2824 2823
f 2824 2947 2832
f 2826 2934 2828
f 2826 2828 2827
f 2828 2934 2829
f 2829 2932 2942
f 2829 2942 2830
f 2829 2934 2933
f 2830 2942 2831
f 2832 2947 2948
f 2832 2948 2949
f 2832 2949 2833
f 2833 2949 2950
f 2833 2950 2835
f 2833 2835 2834
f 2835 2950 2836
f 2836 2951 2952
f 2836 2952 2953
f 2836 2953 2837
f 2836 2950 2951
f 2837 2953 2954
f 2837 2954 2838
f 2838 2954 2955
f 2838 2955 2956
f 2838 2956 2839
f 2839 2956 2840
f 2840 2842 2841
f 2840 2956 3055
f 2840 3055 2957
f 2840 2957 2842
f 2842 2957 2958
f 2842 2958 2959
f 2842 2959 2843
f 2843 2959 2960
f 2843 2960 2961
f 2843 2961 2844
f 2844 2961 2962
f 2844 2962 2845
f 2845 2962 2846
f 2846 2962 2963
f 2849 2964 2850
f 2850 2964 2965
f 2850 2965 2966
f 2850 2966 2967
f 2850 2967 2851
f 2851 2967 2856
f 2851 2856 2854
f 2851 2854 2853
f 2856 2967 2968
f 2856 2968 2857
f 2857 2968 2858
f 2858 2968 2859
f 2859 2969 2860
f 2859 2968 2970
f 2859 2970 2971
f 2859 2971 2972
f 2859 2972 2969
f 2860 2969 2861
f 2861 2969 2972
f 2861 2972 2973
f 2861 2973 2869
f 2861 2869 2868
f 2863 2870 2864
f 2864 2974 2975
f 2864 2975 2976
f 2864 2976 2865
f 2864 2870 2977
f 2864 2977 2978
f 2864 2978 2979
f 2864 2979 2980
f 2864 2980 2981
f 2864 2981 2974
f 2865 2976 2866
f 2866 2976 2982
f 2866 2982 2867
f 2867 2982 2871
f 2869 2973 2983
f 2869 2983 2977
f 2869 2977 2870
f 2871 2982 2872
f 2872 2982 2984
f 2872 2984 2874
f 2872 2874 2873
f 2874 2984 2985
f 2874 2985 2875
f 2875 2986 2876
f 2875 2985 2987
f 2875 2987 2986
f 2876 2986 2988
f 2876 2988 2922
f 2876 2922 2989
f 2876 2989 2918
f 2876 2918 2919
f 2876 2919 2990
f 2876 2990 2991
f 2876 2991 2877
f 2877 2916 2992
f 2877 2992 2878
f 2877 2991 2916
f 2878 2992 2993
f 2878 2993 2994
f 2878 2994 2995
f 2878 2995 2883
f 2878 2883 2879
f 2879 2883 2882
f 2879 2882 2996
f 2879 2996 2880
f 2880 2996 2882
f 2880 2882 2881
f 2883 2997 2884
f 2883 2995 2914
f 2883 2914 2998
f 2883 2998 2997
f 2884 2997 2938
f 2884 2938 2999
f 2884 2999 2885
f 2885 2999 2886
f 2886 3000 3001
f 2886 3001 3002
f 2886 3002 2889
f 2886 2999 3000
f 2889 3002 3003
f 2889 3003 2890
f 2890 3003 2892
f 2890 2892 2891
f 2892 3003 3004
f 2892 3004 3005
f 2892 3005 3006
f 2892 3006 2893
f 2893 3006 3005
f 2893 3005 2896
f 2893 2896 2894
f 2896 3005 2897
f 2897 3005 3007
f 2897 3007 3008
f 2897 3008 3009
f 2897 3009 2898
f 2898 3009 3010
f 2898 3010 2902
f 2899 3011 2936
f 2899 2936 2900
f 2899 2902 3011
f 2900 2936 3012
f 2900 3012 2901
f 2901 3012 2936
f 2901 2936 2935
f 2902 3010 3011
f 2903 2930 3013
f 2903 3013 3014
f 2903 3014 2905
f 2904 2905 3015
f 2904 3015 3016
f 2904 3016 3017
f 2904 3017 2906
f 2905 3014 3015
f 2906 3017 2907
f 2907 3017 3019
f 2907 3019 3018
f 2907 3018 2908
f 2908 3018 2909
f 2909 3018 3019
f 2909 3019 3020
f 2909 3020 2910
f 2910 3021 2911
f 2910 3020 3021
f 2911 3021 2912
f 2912 3022 2913
f 2912 3021 3022
f 2913 3022 3023
f 2913 3023 3024
f 2913 3024 2931
f 2914 2992 2916
f 2914 2915 2940
f 2914 2940 2939
f 2914 2939 2998
f 2914 2995 2994
f 2914 2994 2993
f 2914 2993 2992
f 2916 2991 2917
f 2917 2991 2919
f 2918 2989 2922
f 2919 2991 2990
f 2920 3025 3026
f 2920 3026 3027
f 2920 3027 2923
f 2920 2923 2921
f 2920 2922 3025
f 2922 2988 3028
f 2922 3028 3029
f 2922 3029 3030
f 2922 3030 3031
f 2922 3031 3032
f 2922 3032 3025
f 2923 3027 2925
f 2923 2925 2924
f 2925 3027 3033
f 2925 3033 3034
f 2925 3034 3035
f 2925 3035 2926
f 2926 3035 3036
f 2926 3036 2927
f 2927 3036 2928
f 2928 3036 3037
f 2928 3037 3038
f 2928 3038 2929
f 2929 3038 2930
f 2930 3038 3039
f 2930 3039 3013
f 2931 3024 2942
f 2931 2942 2932
f 2936 3011 3010
f 2936 3010 3040
f 2936 3040 2937
f 2937 3040 3000
f 2937 3000 2999
f 2937 2999 2938
f 2938 2997 2939
f 2939 2997 2998
f 2941 2942 3024
f 2941 3024 2943
f 2943 3023 2944
f 2943 3024 3023
f 2944 2946 2945
f 2944 3023 3022
f 2944 3022 3021
f 2944 3021 2946
f 2946 3021 3041
f 2946 3041 2947
f 2947 3041 3042
f 2947 3042 2948
f 2948 3042 2949
f 2949 3043 3044
f 2949 3044 2950
f 2949 3042 3041
f 2949 3041 3043
f 2950 3044 2951
f 2951 3044 3043
f 2951 3043 3045
f 2951 3045 3046
f 2951 3046 3047
f 2951 3047 3048
f 2951 3048 2952
f 2952 3048 2953
f 2953 3048 3049
f 2953 3049 3050
f 2953 3050 2954
f 2954 3050 3051
f 2954 3051 2955
f 2955 3051 3052
f 2955 3052 3053
f 2955 3053 3054
f 2955 3054 3055
f 2955 3055 2956
f 2957 3055 3054
f 2957 3054 3056
f 2957 3056 3057
f 2957 3057 2960
f 2957 2960 2958
f 2958 2960 2959
f 2960 3057 3058
f 2960 3058 2961
f 2961 3058 2962
f 2962 3058 3059
f 2962 3059 3060
f 2962 3060 2963
f 2965 3061 2966
f 2966 3061 3062
f 2966 3062 2967
f 2967 3062 2968
f 2968 3063 3064
f 2968 3064 2970
f 2968 3062 3063
f 2970 3065 2971
f 2970 3064 3066
f 2970 3066 3065
f 2971 3065 3067
f 2971 3067 2972
f 2972 3067 3068
f 2972 3068 3069
f 2972 3069 3070
f 2972 3070 3071
f 2972 3071 2973
f 2973 3071 2983
f 2974 3029 3028
f 2974 3028 2975
f 2974 2981 3072
f 2974 3072 3030
f 2974 3030 3029
f 2975 3028 2976
f 2976 3028 2987
f 2976 2987 2985
f 2976 2985 2982
f 2977 2983 2978
f 2978 2983 3073
f 2978 3073 2979
f 2979 3073 3074
f 2979 3074 2980
f 2980 3074 3075
f 2980 3075 3076
f 2980 3076 2981
f 2981 3076 3077
f 2981 3077 3072
f 2982 2985 2984
f 2983 3071 3078
f 2983 3078 3074
f 2983 3074 3073
f 2986 2987 3028
f 2986 3028 2988
f 3000 3040 3079
f 3000 3079 3001
f 3001 3080 3004
f 3001 3004 3002
f 3001 3079 3080
f 3002 3004 3003
f 3004 3080 3007
f 3004 3007 3005
f 3007 3080 3008
f 3008 3080 3079
f 3008 3079 3040
f 3008 3040 3009
f 3009 3040 3010
f 3013 3039 3081
f 3013 3081 3082
f 3013 3082 3014
f 3014 3082 3015
f 3015 3083 3084
f 3015 3084 3016
f 3015 3082 3083
f 3016 3084 3017
f 3017 3045 3043
f 3017 3043 3019
f 3017 3084 3045
f 3019 3043 3020
f 3020 3043 3041
f 3020 3041 3021
f 3025 3032 3085
f 3025 3085 3086
f 3025 3086 3026
f 3026 3087 3027
f 3026 3086 3088
f 3026 3088 3087
f 3027 3087 3089
f 3027 3089 3090
f 3027 3090 3033
f 3030 3072 3077
f 3030 3077 3031
f 3031 3077 3032
f 3032 3077 3091
f 3032 3091 3085
f 3033 3090 3034
f 3034 3036 3035
f 3034 3090 3092
f 3034 3092 3093
f 3034 3093 3036
f 3036 3093 3037
f 3037 3081 3039
f 3037 3039 3038
f 3037 3093 3094
f 3037 3094 3095
f 3037 3095 3081
f 3045 3084 3046
f 3046 3096 3047
f 3046 3084 3096
f 3047 3097 3049
f 3047 3049 3048
f 3047 3096 3097
f 3049 3098 3050
f 3049 3097 3099
f 3049 3099 3098
f 3050 3098 3051
f 3051 3098 3100
f 3051 3100 3052
f 3052 3100 3101
f 3052 3101 3102
f 3052 3102 3103
f 3052 3103 3053
f 3053 3056 3054
f 3053 3103 3056
f 3056 3103 3104
f 3056 3104 3057
f 3057 3104 3105
f 3057 3105 3106
f 3057 3106 3107
f 3057 3107 3058
f 3058 3108 3059
f 3058 3107 3109
f 3058 3109 3110
f 3058 3110 3108
f 3061 3111 3062
f 3062 3111 3063
f 3063 3111 3064
f 3064 3111 3112
f 3064 3112 3113
f 3064 3113 3114
f 3064 3114 3115
f 3064 3115 3116
f 3064 3116 3066
f 3065 3066 3117
f 3065 3117 3067
f 3066 3118 3119
f 3066 3119 3120
f 3066 3120 3121
f 3066 3121 3117
f 3066 3116 3118
f 3067 3117 3121
f 3067 3121 3122
f 3067 3122 3068
f 3068 3122 3123
f 3068 3123 3124
f 3068 3124 3069
f 3069 3124 3070
f 3070 3124 3123
f 3070 3123 3071
f 3071 3123 3125
f 3071 3125 3126
f 3071 3126 3127
f 3071 3127 3128
f 3071 3128 3078
f 3074 3078 3128
f 3074 3128 3129
f 3074 3129 3130
f 3074 3130 3131
f 3074 3131 3132
f 3074 3132 3075
f 3075 3132 3076
f 3076 3132 3133
f 3076 3133 3077
f 3077 3133 3091
f 3081 3095 3134
f 3081 3134 3082
f 3082 3134 3096
f 3082 3096 3083
f 3083 3096 3084
f 3085 3091 3135
f 3085 3135 3086
f 3086 3135 3136
f 3086 3136 3088
f 3087 3088 3089
f 3088 3137 3138
f 3088 3138 3139
f 3088 3139 3089
f 3088 3136 3137
f 3089 3139 3090
f 3090 3139 3092
f 3091 3132 3140
f 3091 3140 3135
f 3091 3133 3132
f 3092 3141 3093
f 3092 3139 3142
f 3092 3142 3141
f 3093 3141 3094
f 3094 3141 3142
f 3094 3142 3143
f 3094 3143 3144
f 3094 3144 3095
f 3095 3145 3134
f 3095 3144 3145
f 3096 3134 3097
f 3097 3134 3145
f 3097 3145 3099
f 3098 3099 3146
f 3098 3146 3101
f 3098 3101 3100
f 3099 3144 3147
f 3099 3147 3148
f 3099 3148 3146
f 3099 3145 3144
f 3101 3148 3149
f 3101 3149 3150
f 3101 3150 3151
f 3101 3151 3152
f 3101 3152 3102
f 3101 3146 3148
f 3102 3152 3153
f 3102 3153 3103
f 3103 3153 3154
f 3103 3154 3104
f 3104 3154 3155
f 3104 3155 3105
f 3105 3155 3106
f 3106 3155 3107
f 3107 3156 3109
f 3107 3155 3154
f 3107 3154 3157
f 3107 3157 3158
f 3107 3158 3159
f 3107 3159 3160
f 3107 3160 3161
f 3107 3161 3156
f 3109 3156 3162
f 3109 3162 3110
f 3113 3163 3114
f 3114 3163 3164
f 3114 3164 3165
f 3114 3165 3118
f 3114 3118 3115
f 3115 3118 3116
f 3118 3165 3164
f 3118 3164 3119
f 3119 3164 3166
f 3119 3166 3120
f 3120 3166 3167
f 3120 3167 3168
f 3120 3168 3125
f 3120 3125 3123
f 3120 3123 3122
f 3120 3122 3121
f 3125 3127 3126
f 3125 3168 3169
f 3125 3169 3127
f 3127 3169 3170
f 3127 3170 3130
f 3127 3130 3129
f 3127 3129 3171
f 3127 3171 3128
f 3128 3171 3129
f 3130 3172 3173
f 3130 3173 3174
f 3130 3174 3175
f 3130 3175 3131
f 3130 3170 3172
f 3131 3175 3140
f 3131 3140 3132
f 3135 3140 3136
f 3136 3140 3176
f 3136 3176 3137
f 3137 3176 3138
f 3138 3176 3177
f 3138 3177 3149
f 3138 3149 3147
f 3138 3147 3139
f 3139 3147 3142
f 3140 3175 3174
f 3140 3174 3176
f 3142 3147 3143
f 3143 3147 3144
f 3147 3149 3148
f 3149 3177 3151
f 3149 3151 3150
f 3151 3178 3152
f 3151 3177 3179
f 3151 3179 3178
f 3152 3178 3153
f 3153 3178 3180
f 3153 3180 3154
f 3154 3180 3181
f 3154 3181 3157
f 3156 3182 3162
f 3156 3161 3183
f 3156 3183 3184
f 3156 3184 3185
f 3156 3185 3182
f 3157 3181 3186
f 3157 3186 3158
f 3158 3186 3159
f 3159 3186 3181
f 3159 3181 3187
f 3159 3187 3160
f 3160 3188 3189
f 3160 3189 3184
f 3160 3184 3183
f 3160 3183 3161
f 3160 3187 3190
f 3160 3190 3191
f 3160 3191 3188
f 3164 3192 3193
f 3164 3193 3194
f 3164 3194 3166
f 3166 3194 3193
f 3166 3193 3167
f 3167 3193 3195
f 3167 3195 3168
f 3168 3195 3187
f 3168 3187 3169
f 3169 3172 3170
f 3169 3187 3196
f 3169 3196 3173
f 3169 3173 3172
f 3173 3196 3197
f 3173 3197 3198
f 3173 3198 3174
f 3174 3198 3199
f 3174 3199 3176
f 3176 3199 3200
f 3176 3200 3179
f 3176 3179 3177
f 3178 3179 3200
f 3178 3200 3199
f 3178 3199 3201
f 3178 3201 3198
f 3178 3198 3180
f 3180 3198 3181
f 3181 3198 3197
f 3181 3197 3187
f 3187 3195 3190
f 3187 3197 3196
f 3188 3191 3202
f 3190 3195 3191
f 3191 3195 3203
f 3191 3203 3202
f 3192 3203 3193
f 3193 3203 3195
f 3198 3201 3199

