# https://github.com/mikedh/trimesh
v -0.14645257 -0.00045526 0.06793922
v -0.14169520 -0.00045526 0.06793922
v -0.14653343 -0.00045526 0.06844756
v -0.14642562 0.00166661 0.06793922
v -0.01925659 0.12668957 0.06793922
v -0.13987579 -0.00045526 0.07992762
v -0.14709947 -0.00045526 0.07226012
v -0.14708600 0.00166661 0.07226012
v -0.14650648 0.00166661 0.06844756
v -0.14614261 0.00994471 0.06793922
v -0.01925659 0.13591692 0.06793922
v -0.01925659 0.09976133 0.49757267
v -0.13971407 -0.00045526 0.08369782
v -0.14766550 -0.00045526 0.07615741
v -0.14680297 0.00995867 0.07226012
v -0.14812372 0.00162473 0.07954636
v -0.14622347 0.00994471 0.06844756
v -0.14594044 0.01333691 0.06840521
v -0.14590001 0.01290416 0.06793922
v -0.01931049 0.13591692 0.06793922
v -0.01925659 0.13593087 0.06802394
v -0.01925659 0.09976133 0.49769976
v -0.13165481 -0.00045526 0.49604765
v -0.14878410 -0.00045526 0.08403671
v -0.14651996 0.01330899 0.07226012
v -0.14828545 0.00997263 0.08276585
v -0.14847412 0.01210846 0.08518048
v -0.14708600 0.01330899 0.07619978
v -0.14875714 0.00158286 0.08403671
v -0.14515877 0.02129393 0.06840521
v -0.14585958 0.01335087 0.06793922
v -0.02625116 0.13560982 0.06793922
v -0.02625116 0.13562378 0.06802394
v -0.01925659 0.13612631 0.06954897
v -0.01925659 0.09987301 0.49829283
v -0.13247692 -0.00045526 0.49850463
v -0.14932317 -0.00045526 0.08793399
v -0.14929622 0.00159682 0.08793399
v -0.14572481 0.02130789 0.07230249
v -0.14899973 0.00997263 0.08789164
v -0.14681646 0.02132185 0.08018179
v -0.14627737 0.02130789 0.07628450
v -0.14953881 0.00995867 0.09178891
v -0.15006441 0.00994471 0.09572857
v -0.14924231 0.01337879 0.09178891
v -0.14839326 0.01933958 0.09017918
v -0.14509139 0.02521661 0.07234485
v -0.14441755 0.02531432 0.06793922
v -0.14502401 0.02164292 0.06793922
v -0.14507791 0.02129393 0.06793922
v -0.02962041 0.13537249 0.06793922
v -0.02962041 0.13538645 0.06802394
v -0.02962041 0.13587504 0.07192123
v -0.02619725 0.13611236 0.07196360
v -0.02615681 0.13658699 0.07586087
v -0.01925659 0.13640551 0.07192123
v -0.01925659 0.10124106 0.49964840
v -0.13284079 -0.00045526 0.49956369
v -0.14966010 -0.00045526 0.09039098
v -0.14982183 0.00159682 0.09183128
v -0.14564395 0.02521661 0.07628450
v -0.14891886 0.02130789 0.09572857
v -0.14840673 0.02301097 0.09365283
v -0.15034742 0.00158286 0.09572857
v -0.15056306 0.00993075 0.09962586
v -0.15028005 0.01330899 0.09962586
v -0.14976792 0.01335087 0.09572857
v -0.14405366 0.03229417 0.07403932
v -0.14386499 0.03120531 0.07141289
v -0.14364936 0.02969767 0.06827811
v -0.14359545 0.02969767 0.06793922
v -0.03311095 0.13488391 0.06793922
v -0.03300314 0.13492579 0.06802394
v -0.03300314 0.13544230 0.07196360
v -0.03301661 0.13593087 0.07586087
v -0.02963388 0.13634967 0.07586087
v -0.02757190 0.13720121 0.08183390
v -0.01925659 0.13727102 0.07933454
v -0.01925659 0.13669868 0.07442058
v -0.01925659 0.10199488 0.49998729
v -0.13142572 0.02211755 0.50049563
v -0.13453890 0.00596619 0.49956369
v -0.13472757 -0.00045526 0.49930951
v -0.15018570 -0.00045526 0.09428826
v -0.14618302 0.02521661 0.08018179
v -0.14480838 0.02980934 0.07624213
v -0.14943098 0.02127997 0.09962586
v -0.14856847 0.02370896 0.09572857
v -0.15037437 -0.00045526 0.09572857
v -0.15069783 -0.00045526 0.09822792
v -0.15134473 0.00151306 0.10356550
v -0.15104823 0.00991679 0.10352314
v -0.15076522 0.01328107 0.10352314
v -0.14992964 0.02123809 0.10352314
v -0.14367631 0.03299215 0.07255666
v -0.14302941 0.03307591 0.06840521
v -0.14475447 0.03308987 0.08013942
v -0.14387846 0.03357846 0.07480183
v -0.14294855 0.03307591 0.06793922
v -0.03707319 0.13429759 0.06793922
v -0.03707319 0.13432551 0.06806631
v -0.03705971 0.13485598 0.07200595
v -0.03705971 0.13537249 0.07590324
v -0.03304357 0.13639155 0.07975816
v -0.03707319 0.13584712 0.07980053
v -0.03885216 0.13678243 0.08962847
v -0.02964736 0.13681035 0.07975816
v -0.02966084 0.13728498 0.08399435
v -0.02964736 0.13767585 0.08755273
v -0.02594119 0.13789920 0.08755273
v -0.01925659 0.13774564 0.08365545
v -0.02267975 0.10365609 0.50007200
v -0.02653417 0.10385153 0.50032619
v -0.01925659 0.10348856 0.49943657
v -0.03011906 0.10393528 0.50041089
v -0.05311083 0.10013824 0.50062272
v -0.06479539 0.09620161 0.50062272
v -0.10400000 0.07316813 0.50049563
v -0.12758477 0.03413685 0.50045328
v -0.12699177 0.03730569 0.50032619
v -0.13087314 0.02560747 0.50019912
v -0.13335291 0.01772025 0.49943657
v -0.13393243 0.01395114 0.49952131
v -0.13432327 0.00993075 0.49956369
v -0.13537447 0.00158286 0.49621710
v -0.13472757 0.00190393 0.49930951
v -0.13538795 0.00537989 0.49532751
v -0.13487582 -0.00045526 0.49871643
v -0.14588655 0.02978142 0.08403671
v -0.14642562 0.02975350 0.08793399
v -0.14687035 0.03310383 0.09572857
v -0.14930971 0.02509097 0.10352314
v -0.14736901 0.03311779 0.09962586
v -0.15118301 -0.00045526 0.10212521
v -0.15135821 -0.00045526 0.10356550
v -0.15200509 -0.00045526 0.10890309
v -0.15180294 0.00145722 0.10742043
v -0.15150645 0.00991679 0.10742043
v -0.15123690 0.01322524 0.10742043
v -0.15040134 0.02119622 0.10742043
v -0.14284074 0.03620288 0.07230249
v -0.14223427 0.03623080 0.06840521
v -0.14285421 0.03346678 0.06793922
v -0.14424234 0.03523966 0.08013942
v -0.14404019 0.03447188 0.07742827
v -0.14581915 0.03310383 0.08793399
v -0.14615608 0.03620288 0.09577092
v -0.03723491 0.13426967 0.06793922
v -0.04099500 0.13358565 0.06810867
v -0.04098152 0.13414404 0.07204832
v -0.04098152 0.13467451 0.07598796
v -0.04099500 0.13355774 0.06793922
v -0.04096805 0.13517706 0.07984288
v -0.03203279 0.13708953 0.08467214
v -0.04491681 0.13576337 0.09149239
v -0.03959339 0.13693598 0.09225490
v -0.03722144 0.13802483 0.09924459
v -0.03718101 0.13762000 0.09534731
v -0.03742359 0.13713142 0.09115350
v -0.03331311 0.13722913 0.08734093
v -0.04092762 0.13566565 0.08369782
v -0.03317834 0.13768980 0.09145002
v -0.03323224 0.13809463 0.09534731
v -0.02962041 0.13808067 0.09145002
v -0.02581989 0.13830403 0.09149239
v -0.01925659 0.13855530 0.09149239
v -0.01925659 0.13815046 0.08755273
v -0.02304363 0.10429823 0.49858937
v -0.02677676 0.10461931 0.49880117
v -0.03013253 0.10478682 0.49892826
v -0.01925659 0.10365609 0.49897062
v -0.03366351 0.10387944 0.50036854
v -0.03747750 0.10372588 0.50024148
v -0.04126454 0.10346065 0.49986023
v -0.04835345 0.10234387 0.49939422
v -0.05666876 0.09951006 0.50028383
v -0.06801640 0.09565718 0.50036854
v -0.07672254 0.09211142 0.50049563
v -0.10800267 0.06918962 0.50041089
v -0.11157408 0.06515527 0.50036854
v -0.12327212 0.04548607 0.50041089
v -0.09990299 0.07699308 0.50045328
v -0.10251754 0.07551336 0.49939422
v -0.10657411 0.07159068 0.49935186
v -0.12625054 0.04033495 0.49935186
v -0.12916158 0.03293631 0.49939422
v -0.13032060 0.02915324 0.49930951
v -0.13263864 0.02095890 0.49930951
v -0.13342031 0.02047031 0.49592056
v -0.13409415 0.01714791 0.49592056
v -0.13461976 0.01339275 0.49596294
v -0.13497017 0.00965155 0.49600530
v -0.13530709 0.00850686 0.49464970
v -0.13510494 -0.00045526 0.49765740
v -0.13502408 0.00042420 0.49808100
v -0.13629091 0.00154097 0.49113369
v -0.13495668 -0.00045526 0.49837754
v -0.13611571 0.00528217 0.49113369
v -0.14666820 0.03620288 0.09966821
v -0.14976792 0.02504909 0.10742043
v -0.14837978 0.03177766 0.10585305
v -0.14784071 0.03311779 0.10348077
v -0.15278676 -0.00045526 0.11572334
v -0.15289459 0.00039628 0.11652822
v -0.15193771 0.00988887 0.11127535
v -0.15236898 0.00984699 0.11513028
v -0.15282719 0.01153611 0.12051023
v -0.15166817 0.01316940 0.11127535
v -0.15083260 0.02116829 0.11131772
v -0.15021265 0.02500721 0.11131772
v -0.14158737 0.04082353 0.07226012
v -0.14346067 0.03600744 0.07615741
v -0.14370325 0.03731966 0.08013942
v -0.14218036 0.04080958 0.07615741
v -0.14094047 0.04066998 0.06793922
v -0.14204559 0.03663563 0.06793922
v -0.14215341 0.03623080 0.06793922
v -0.14389194 0.03796180 0.08259640
v -0.14561700 0.03621684 0.09187365
v -0.14550918 0.04065602 0.09966821
v -0.14390542 0.04672848 0.09966821
v -0.04621060 0.13239908 0.06810867
v -0.04510549 0.13376712 0.07598796
v -0.04506506 0.13429759 0.07988525
v -0.04502462 0.13481410 0.08374017
v -0.04614322 0.13238513 0.06793922
v -0.04495724 0.13530269 0.08763746
v -0.04860951 0.13496766 0.09153474
v -0.04858255 0.13541436 0.09543203
v -0.04448555 0.13632175 0.09572857
v -0.04088718 0.13704765 0.09572857
v -0.04094109 0.13741061 0.09928696
v -0.04099500 0.13780149 0.10322660
v -0.03726187 0.13841571 0.10318425
v -0.03327268 0.13848551 0.09924459
v -0.02957998 0.13847155 0.09534731
v -0.02569860 0.13869489 0.09538968
v -0.01925659 0.13872281 0.09314450
v -0.02021346 0.10400507 0.49829283
v -0.01925659 0.10424239 0.49651361
v -0.02308406 0.10480078 0.49600530
v -0.02687110 0.10513581 0.49600530
v -0.03024035 0.10531729 0.49600530
v -0.03340744 0.10521957 0.49600530
v -0.03334006 0.10468911 0.49888591
v -0.01925659 0.10392132 0.49808100
v -0.03687104 0.10442387 0.49871643
v -0.04048287 0.10404696 0.49837754
v -0.04439121 0.10318145 0.49922480
v -0.05199224 0.10145046 0.49926716
v -0.04479552 0.10365609 0.49693727
v -0.04751787 0.10336293 0.49570876
v -0.05170922 0.10235783 0.49592056
v -0.06007844 0.09895167 0.49935186
v -0.06366332 0.09786282 0.49930951
v -0.06707301 0.09685772 0.49897062
v -0.07153390 0.09500108 0.49935186
v -0.08433705 0.08814687 0.50041089
v -0.07546918 0.09347947 0.49909768
v -0.07979530 0.09124592 0.49947896
v -0.11033420 0.06750050 0.49926716
v -0.11920207 0.05331745 0.50032619
v -0.11324523 0.06380118 0.49909768
v -0.11492986 0.06100924 0.49947896
v -0.12231526 0.04836177 0.49952131
v -0.12468720 0.04403426 0.49914006
v -0.09595423 0.08046904 0.50036854
v -0.10474124 0.07362880 0.49871643
v -0.09839357 0.07915684 0.49926716
v -0.10071161 0.07738395 0.49867408
v -0.10323181 0.07591819 0.49570876
v -0.10722101 0.07196760 0.49575111
v -0.10862262 0.06969217 0.49863173
v -0.12568451 0.04361547 0.49566641
v -0.12689744 0.04073978 0.49570876
v -0.12742304 0.03804556 0.49841990
v -0.12808342 0.03604932 0.49897062
v -0.13046884 0.03200101 0.49541222
v -0.13092706 0.02973954 0.49668308
v -0.13127746 0.02687781 0.49833519
v -0.13181654 0.02440694 0.49888591
v -0.13249040 0.02422547 0.49587821
v -0.13126399 0.03066088 0.49371776
v -0.13333945 0.02426735 0.49092186
v -0.13565749 0.02278762 0.47893346
v -0.13625048 0.02024696 0.47897584
v -0.13681652 0.01720374 0.47906058
v -0.13521275 0.01103356 0.49380247
v -0.13775991 0.01374174 0.47617997
v -0.13817769 0.00983303 0.47617997
v -0.13571141 0.00952592 0.49164200
v -0.13502408 -0.00019002 0.49808100
v -0.13626395 -0.00045526 0.49113369
v -0.13868982 0.00165265 0.47617997
v -0.13867634 -0.00045526 0.47617997
v -0.13846071 0.00565908 0.47617997
v -0.14713990 0.03618892 0.10356550
v -0.14599435 0.04065602 0.10356550
v -0.14840673 0.03314571 0.10847947
v -0.14819111 0.03313175 0.10653083
v -0.14914797 0.03315967 0.11513028
v -0.14821806 0.03434624 0.10903018
v -0.15288111 -0.00045526 0.11657057
v -0.15298893 -0.00045526 0.11758726
v -0.15337975 -0.00045526 0.12148455
v -0.15352800 -0.00045526 0.12296721
v -0.15351452 0.00142930 0.12296721
v -0.15301588 0.00589640 0.11974772
v -0.15290807 0.00983303 0.12021369
v -0.15317760 0.00986095 0.12296721
v -0.15355495 0.00990283 0.12694922
v -0.15362233 0.01314147 0.13088887
v -0.15327194 0.01309960 0.12699159
v -0.15201857 0.02105662 0.12309430
v -0.15164122 0.02107058 0.11915464
v -0.15125039 0.02112642 0.11521500
v -0.15063044 0.02496533 0.11521500
v -0.13986231 0.04494164 0.06861701
v -0.14098090 0.04096313 0.06870173
v -0.14096742 0.04529064 0.07641158
v -0.14211298 0.04517896 0.08403671
v -0.14153346 0.04523480 0.08013942
v -0.14050921 0.04221950 0.06793922
v -0.14324504 0.04513708 0.09187365
v -0.14267900 0.04515104 0.08793399
v -0.14402671 0.04723103 0.10161685
v -0.14281378 0.04857116 0.09585566
v -0.14224774 0.04858512 0.09191600
v -0.14060355 0.04735667 0.07793661
v -0.04873080 0.13178486 0.06815104
v -0.04696531 0.13258055 0.07065037
v -0.04873080 0.13343211 0.07988525
v -0.04870385 0.13396258 0.08374017
v -0.04786827 0.13273411 0.07327681
v -0.04866342 0.13447909 0.08763746
v -0.04873080 0.13174299 0.06793922
v -0.05203267 0.13394862 0.09157711
v -0.05201919 0.13440928 0.09543203
v -0.04855560 0.13583316 0.09928696
v -0.04641275 0.13658699 0.10208284
v -0.04493028 0.13738269 0.10720861
v -0.04098152 0.13817838 0.10720861
v -0.03720796 0.13877866 0.10720861
v -0.03332658 0.13884846 0.10318425
v -0.02952607 0.13884846 0.09924459
v -0.02557731 0.13907181 0.09928696
v -0.01925659 0.13930912 0.09928696
v -0.01925659 0.10429823 0.49621710
v -0.01925659 0.10514977 0.49155729
v -0.01925659 0.10516373 0.49147258
v -0.02297624 0.10551273 0.49159964
v -0.02227544 0.10847217 0.47266393
v -0.02645331 0.10863969 0.47312991
v -0.03003819 0.10868157 0.47334171
v -0.03701928 0.10556857 0.49164200
v -0.03688451 0.10492642 0.49600530
v -0.03343440 0.10856990 0.47317227
v -0.03708667 0.10837446 0.47283338
v -0.04053678 0.10449367 0.49600530
v -0.04239661 0.10379568 0.49808100
v -0.05564451 0.10055704 0.49884353
v -0.05563103 0.10131086 0.49592056
v -0.04381169 0.10401903 0.49575111
v -0.04604888 0.10393528 0.49418372
v -0.04860951 0.10367005 0.49240455
v -0.05143968 0.10329314 0.49075244
v -0.05200571 0.10565232 0.47588343
v -0.05571189 0.10471703 0.47596814
v -0.05577927 0.10216240 0.49104895
v -0.05804341 0.09999865 0.49837754
v -0.06077925 0.09962174 0.49676779
v -0.06948539 0.09618765 0.49846225
v -0.08315107 0.08958472 0.49909768
v -0.08720766 0.08708594 0.49935186
v -0.09174940 0.08379145 0.50011439
v -0.07785461 0.09248833 0.49863173
v -0.07234252 0.09568510 0.49575111
v -0.07518616 0.09445666 0.49570876
v -0.08050958 0.09188807 0.49566641
v -0.10901345 0.07004116 0.49575111
v -0.11087328 0.06783553 0.49570876
v -0.11204578 0.06556010 0.49858937
v -0.11812391 0.05612335 0.49935186
v -0.12057672 0.05190753 0.49909768
v -0.11642580 0.05916656 0.49880117
v -0.11240966 0.06590909 0.49570876
v -0.11449859 0.06299152 0.49604765
v -0.11573847 0.06167931 0.49477679
v -0.11536112 0.06124656 0.49782685
v -0.12375729 0.04610030 0.49863173
v -0.12413465 0.04674244 0.49566641
v -0.09426960 0.08256300 0.49897062
v -0.10523989 0.07396384 0.49575111
v -0.09660113 0.08085992 0.49854699
v -0.09905395 0.07961750 0.49562402
v -0.10125070 0.07770502 0.49566641
v -0.10188411 0.07824945 0.49054061
v -0.10536118 0.07757939 0.47923000
v -0.10724796 0.07573671 0.47918764
v -0.10898650 0.07386612 0.47923000
v -0.12472763 0.04766378 0.49083715
v -0.12599448 0.04739855 0.48507593
v -0.12726131 0.04464849 0.48507593
v -0.12681658 0.04342004 0.49020172
v -0.12992977 0.03577013 0.49049826
v -0.12893246 0.03581201 0.49570876
v -0.13100793 0.03288047 0.49049826
v -0.13316424 0.03243376 0.47876404
v -0.13413458 0.02880425 0.47884875
v -0.13587313 0.02352748 0.47630703
v -0.13665480 0.02037259 0.47626468
v -0.13724778 0.01730146 0.47622233
v -0.13827204 0.01367194 0.47219795
v -0.13870330 0.00984699 0.47219795
v -0.13899978 0.00561721 0.47219795
v -0.13925584 0.00158286 0.47219795
v -0.13925584 -0.00045526 0.47219795
v -0.14769245 0.03586785 0.10763223
v -0.14788114 0.03684503 0.11127535
v -0.14645257 0.04065602 0.10742043
v -0.14464665 0.04559775 0.10318425
v -0.14871670 0.03315967 0.11127535
v -0.14955229 0.03313175 0.11906992
v -0.14847412 0.03624476 0.11546917
v -0.14833935 0.03487671 0.11127535
v -0.15390536 -0.00045526 0.12699159
v -0.15333932 0.00591036 0.12296721
v -0.15387839 0.00147118 0.12699159
v -0.15371667 0.00595224 0.12694922
v -0.15390536 0.00994471 0.13088887
v -0.15311021 0.01749690 0.13076178
v -0.15280025 0.01918602 0.12940620
v -0.15270590 0.01813905 0.12703394
v -0.15420185 0.00997263 0.13470144
v -0.15391884 0.01315544 0.13474379
v -0.15139862 0.02488157 0.12309430
v -0.15102129 0.02490949 0.11915464
v -0.15236898 0.02107058 0.12703394
v -0.14014534 0.04584902 0.07213305
v -0.13851462 0.04903183 0.06819339
v -0.13972755 0.04501144 0.06793922
v -0.14332590 0.04858512 0.09971058
v -0.14525311 0.04520688 0.10742043
v -0.14569786 0.04522084 0.11127535
v -0.14417497 0.04777546 0.10424330
v -0.14375717 0.04861304 0.10318425
v -0.14161434 0.05197733 0.09585566
v -0.14215341 0.05194941 0.09971058
v -0.14091353 0.05228444 0.09183128
v -0.14166823 0.04858512 0.08797636
v -0.13982188 0.05199129 0.08382489
v -0.13917498 0.05224256 0.08013942
v -0.13909412 0.04907371 0.07209068
v -0.04976853 0.13239908 0.07454766
v -0.04878471 0.13285976 0.07590324
v -0.05197876 0.13072392 0.06793922
v -0.05055020 0.13252472 0.07717410
v -0.05122405 0.13269224 0.07988525
v -0.05203267 0.13347398 0.08767983
v -0.05770649 0.13214781 0.09161947
v -0.05200571 0.13482806 0.09932932
v -0.05808384 0.13227344 0.09377993
v -0.05196528 0.13524686 0.10322660
v -0.04998416 0.13644738 0.10932670
v -0.04943161 0.13637759 0.10712389
v -0.04839388 0.13626592 0.10335370
v -0.04726181 0.13667074 0.10475163
v -0.04487638 0.13774564 0.11110590
v -0.04084675 0.13854134 0.11114827
v -0.04072546 0.13887637 0.11504556
v -0.03701928 0.13912765 0.11119062
v -0.03321877 0.13956041 0.11119062
v -0.03332658 0.13919744 0.10716626
v -0.02949911 0.13921140 0.10318425
v -0.02546949 0.13943476 0.10318425
v -0.02107599 0.13958832 0.10318425
v -0.02104903 0.13993731 0.10716626
v -0.02092774 0.14041193 0.11263093
v -0.01925659 0.13964416 0.10318425
v -0.01925659 0.10827675 0.47228268
v -0.01925659 0.11041258 0.45796440
v -0.03015949 0.11087324 0.45787966
v -0.01925659 0.12980257 0.32105101
v -0.02242369 0.13040284 0.31774680
v -0.03324572 0.11077553 0.45787966
v -0.04068503 0.10519165 0.49155729
v -0.03689799 0.11053821 0.45792204
v -0.04081980 0.11078949 0.45381293
v -0.04076589 0.11018922 0.45796440
v -0.04081980 0.10809527 0.47202850
v -0.04428339 0.10466118 0.49143023
v -0.05986281 0.10098979 0.49104895
v -0.06172264 0.09991489 0.49397192
v -0.04854212 0.10706225 0.47147778
v -0.05197876 0.10632238 0.47156252
v -0.05577927 0.10612695 0.46698745
v -0.05581970 0.10538708 0.47168961
v -0.05824557 0.10401903 0.47605288
v -0.05763910 0.10383757 0.47812861
v -0.06397329 0.10185529 0.47935709
v -0.06305686 0.09918899 0.49558167
v -0.06711344 0.09772322 0.49587821
v -0.08526696 0.08853775 0.49854699
v -0.08293544 0.09056190 0.49566641
v -0.09234239 0.08425212 0.49816574
v -0.09064429 0.08513158 0.49871643
v -0.07860933 0.09282337 0.49566641
v -0.07296246 0.09602014 0.49278580
v -0.07514573 0.09539195 0.49075244
v -0.07967401 0.09541987 0.47906058
v -0.08104866 0.09219518 0.49295524
v -0.11134497 0.07195364 0.47601050
v -0.11280048 0.06955257 0.47923000
v -0.11304307 0.06643956 0.49054061
v -0.11879776 0.05645838 0.49587821
v -0.11963333 0.05386188 0.49854699
v -0.12166836 0.05140498 0.49579347
v -0.11664144 0.05983663 0.49613236
v -0.11488943 0.06399662 0.49058297
v -0.11619670 0.06220978 0.49062532
v -0.11952551 0.06089756 0.47876404
v -0.11789479 0.05964119 0.49066768
v -0.12308345 0.04873868 0.49575111
v -0.12346080 0.04911559 0.49316704
v -0.09470087 0.08309346 0.49562402
v -0.09715368 0.08119495 0.49562402
v -0.09788144 0.08172542 0.49045591
v -0.09972779 0.08016193 0.49049826
v -0.10307009 0.07957563 0.47931474
v -0.10571158 0.07794234 0.47588343
v -0.10762531 0.07609966 0.47584108
v -0.10930995 0.07424303 0.47592579
v -0.12277347 0.05122350 0.49096421
v -0.12439071 0.05037196 0.48507593
v -0.12514542 0.05132122 0.47846751
v -0.12697830 0.04792902 0.47842515
v -0.12781387 0.04621197 0.47838277
v -0.12870335 0.04402030 0.47842515
v -0.13145266 0.03750113 0.47795914
v -0.13197827 0.03578409 0.47855221
v -0.13354160 0.03248960 0.47626468
v -0.13451195 0.02884612 0.47626468
v -0.13664132 0.02443486 0.46813121
v -0.13709953 0.02052615 0.47228268
v -0.13771947 0.01731542 0.47224033
v -0.13879763 0.01349047 0.46791941
v -0.13983536 0.01156403 0.46118390
v -0.13924238 0.00976323 0.46787703
v -0.13971407 0.00142930 0.46859720
v -0.13970059 -0.00045526 0.46863955
v -0.14804286 0.03757093 0.11436776
v -0.14689732 0.04066998 0.11127535
v -0.14885148 0.03617496 0.11906992
v -0.14991616 0.03310383 0.12300958
v -0.14921536 0.03614704 0.12296721
v -0.14816415 0.03817119 0.11695183
v -0.15424228 -0.00045526 0.13088887
v -0.15422880 0.00149910 0.13088887
v -0.15344713 0.01721770 0.13478616
v -0.15288111 0.02024696 0.13199027
v -0.15266547 0.02121018 0.13080415
v -0.15451183 0.00149910 0.13474379
v -0.15478137 0.00148514 0.13859871
v -0.15445791 0.00997263 0.13859871
v -0.15417490 0.01314147 0.13859871
v -0.15174903 0.02489553 0.12703394
v -0.15270590 0.02236883 0.13321876
v -0.13847419 0.05243799 0.07607269
v -0.13784077 0.05247987 0.07209068
v -0.13722082 0.05252175 0.06827811
v -0.13701867 0.05288470 0.06793922
v -0.13839333 0.04919935 0.06793922
v -0.13846071 0.04901787 0.06793922
v -0.13953887 0.04561171 0.06793922
v -0.14385151 0.04950646 0.10636138
v -0.14266554 0.05190753 0.10360787
v -0.14474099 0.04857116 0.11131772
v -0.14610216 0.04520688 0.11517263
v -0.14515877 0.04857116 0.11517263
v -0.14429626 0.04861304 0.10754751
v -0.14059007 0.05474135 0.09585566
v -0.14015882 0.05377813 0.09039098
v -0.14087310 0.05535557 0.09971058
v -0.05199224 0.13132419 0.07209068
v -0.05602186 0.13059828 0.07607269
v -0.05626445 0.12925815 0.06793922
v -0.05598143 0.12939775 0.06819339
v -0.05600839 0.12999801 0.07213305
v -0.05603534 0.13114271 0.07996997
v -0.05581970 0.13172901 0.08374017
v -0.05697873 0.13189653 0.08772218
v -0.06029407 0.13069601 0.08776455
v -0.05602186 0.13394862 0.10326897
v -0.06026712 0.13118460 0.09166184
v -0.06001106 0.13170109 0.09526258
v -0.06095445 0.13181278 0.09941404
v -0.05844772 0.13242700 0.09636400
v -0.05602186 0.13432551 0.10720861
v -0.05195180 0.13562378 0.10716626
v -0.05602186 0.13467451 0.11110590
v -0.05600839 0.13499558 0.11496083
v -0.05038847 0.13653114 0.11191078
v -0.04859603 0.13724310 0.11491847
v -0.04878471 0.13685222 0.11080938
v -0.04788175 0.13674055 0.10716626
v -0.04486290 0.13808067 0.11500319
v -0.04488985 0.13835988 0.11890048
v -0.04067155 0.13915557 0.11894284
v -0.03680365 0.13946269 0.11508791
v -0.03439127 0.13993731 0.11762962
v -0.03319181 0.13988148 0.11521500
v -0.03208670 0.14010483 0.11652822
v -0.02945868 0.13954645 0.10716626
v -0.02529429 0.13976979 0.10716626
v -0.01925659 0.14032818 0.11148716
v -0.02103556 0.14060739 0.11508791
v -0.01925659 0.14062135 0.11508791
v -0.02993038 0.11253445 0.44601835
v -0.03294923 0.11296720 0.44224816
v -0.01925659 0.13024929 0.31783151
v -0.02249107 0.13093331 0.31397661
v -0.03710015 0.11326036 0.43835087
v -0.04460684 0.10972855 0.45800675
v -0.04544241 0.10802547 0.46830066
v -0.04102195 0.11239485 0.44224816
v -0.04460684 0.11032882 0.45385528
v -0.06433717 0.09963570 0.49096421
v -0.04745048 0.10819298 0.46516589
v -0.04805695 0.10915621 0.45804910
v -0.05046934 0.10815110 0.46139567
v -0.05165531 0.10837446 0.45817620
v -0.05394640 0.10806735 0.45690534
v -0.05569841 0.10682494 0.46253947
v -0.05995715 0.10566628 0.46266653
v -0.05994367 0.10498226 0.46707218
v -0.06393286 0.10242763 0.47592579
v -0.06735602 0.10125502 0.47579873
v -0.06660132 0.10043140 0.48211061
v -0.06522666 0.09994281 0.48753294
v -0.06736950 0.09856080 0.49087951
v -0.08785455 0.08774204 0.49570876
v -0.09059038 0.08598312 0.49570876
v -0.09277366 0.08450340 0.49566641
v -0.06753123 0.10059892 0.47918764
v -0.07180343 0.09942631 0.47567160
v -0.07537484 0.09733235 0.47910294
v -0.07781418 0.09625745 0.47906058
v -0.07844760 0.09656457 0.47562925
v -0.08028048 0.09571302 0.47562925
v -0.08850145 0.08813292 0.49176912
v -0.08307021 0.09417746 0.47567160
v -0.08781412 0.09149720 0.47579873
v -0.11309698 0.06994344 0.47605288
v -0.10850133 0.07714664 0.46605551
v -0.11166842 0.07241430 0.47190144
v -0.11494333 0.06762614 0.47605288
v -0.11490290 0.06687231 0.47927235
v -0.11621017 0.06539259 0.47846751
v -0.11735572 0.06375930 0.47910294
v -0.12001069 0.05435047 0.49583582
v -0.11943117 0.05718429 0.49071006
v -0.12065758 0.05513221 0.49066768
v -0.11980853 0.06121864 0.47596814
v -0.12072497 0.05895717 0.47867931
v -0.09548254 0.08360997 0.49045591
v -0.09692457 0.08474071 0.47927235
v -0.09882483 0.08319118 0.47931474
v -0.10104854 0.08132059 0.47931474
v -0.10147980 0.08162770 0.47592579
v -0.10346092 0.07991066 0.47592579
v -0.10390566 0.08031549 0.47173196
v -0.10302966 0.08348434 0.45868453
v -0.10523989 0.08148810 0.45864218
v -0.10608894 0.07836113 0.47164725
v -0.10800267 0.07656033 0.47160490
v -0.12259827 0.05576040 0.47859457
v -0.12554973 0.05141894 0.47592579
v -0.12719394 0.04834781 0.47588343
v -0.12801604 0.04667264 0.47588343
v -0.12905376 0.04415990 0.47592579
v -0.13158744 0.03779428 0.47613762
v -0.13242300 0.03558865 0.47617997
v -0.13289470 0.03565845 0.47236739
v -0.13340683 0.03570033 0.46813121
v -0.13447151 0.03265712 0.46817357
v -0.13522623 0.02992102 0.46817357
v -0.13709953 0.02467218 0.46372559
v -0.13755774 0.02072159 0.46808886
v -0.13819118 0.01730146 0.46800415
v -0.13998362 0.01220618 0.45893872
v -0.14193778 0.00969343 0.44271414
v -0.14151999 0.00976323 0.44661143
v -0.13967364 0.00974927 0.46397974
v -0.14479490 0.01342067 0.41136640
v -0.14323157 0.01118712 0.42898893
v -0.14519922 0.01001451 0.41140875
v -0.14235556 0.00966551 0.43877450
v -0.13992970 0.00311842 0.46580132
v -0.13959278 0.00511465 0.46753814
v -0.13997013 0.00134554 0.46635202
v -0.13987579 -0.00045526 0.46711454
v -0.15089998 0.02958599 0.12699159
v -0.15025308 0.03308987 0.12694922
v -0.14844718 0.03917629 0.12296721
v -0.14825849 0.03853415 0.11902757
v -0.14955229 0.03613308 0.12690686
v -0.14685689 0.04520688 0.12296721
v -0.14649300 0.04520688 0.11902757
v -0.15435010 -0.00045526 0.13224444
v -0.15453877 -0.00045526 0.13474379
v -0.15296197 0.02121018 0.13461670
v -0.15370319 0.01720374 0.13864108
v -0.15324499 0.02107058 0.13864108
v -0.15471398 -0.00045526 0.13724314
v -0.15495657 -0.00045526 0.14109806
v -0.15503743 -0.00045526 0.14245364
v -0.15501047 0.00144326 0.14245364
v -0.15468703 0.00997263 0.14245364
v -0.15440400 0.01311356 0.14245364
v -0.15207249 0.02489553 0.13093123
v -0.15278676 0.02302493 0.13580284
v -0.13678956 0.05425275 0.06967605
v -0.13664132 0.05388980 0.06793922
v -0.14398628 0.04999505 0.10894546
v -0.14327200 0.05155854 0.10758988
v -0.14340678 0.05241008 0.11136007
v -0.14151999 0.05620711 0.10742043
v -0.14410757 0.05042780 0.11136007
v -0.14553614 0.04857116 0.11906992
v -0.14435017 0.05204712 0.11923937
v -0.14428277 0.05109786 0.11521500
v -0.13964669 0.05704469 0.09577092
v -0.13947149 0.05599772 0.09174656
v -0.13994317 0.05765892 0.09962586
v -0.13819118 0.05627691 0.08403671
v -0.13724778 0.05559289 0.07607269
v -0.14096742 0.05645838 0.10386203
v -0.14015882 0.05814750 0.10276062
v -0.06032103 0.12962111 0.08001234
v -0.06032103 0.13016554 0.08386726
v -0.05877117 0.12842058 0.06823576
v -0.05956631 0.12874164 0.07217540
v -0.05870379 0.12839265 0.06793922
v -0.06410806 0.12964903 0.09166184
v -0.06412155 0.13012366 0.09551675
v -0.06444499 0.12896501 0.08738329
v -0.05940459 0.13281787 0.10331133
v -0.06412155 0.13057036 0.09941404
v -0.06148005 0.13203612 0.10331133
v -0.05990324 0.13301331 0.10725098
v -0.06032103 0.13354378 0.11504556
v -0.06033450 0.13385089 0.11894284
v -0.05600839 0.13530269 0.11885812
v -0.05143968 0.13675451 0.11881575
v -0.05084669 0.13662887 0.11491847
v -0.04867689 0.13750832 0.11885812
v -0.04877123 0.13775960 0.12275541
v -0.04488985 0.13862510 0.12284013
v -0.04091414 0.13960228 0.12673742
v -0.04015942 0.13950457 0.12317902
v -0.03836698 0.13988148 0.12470404
v -0.03769313 0.13981167 0.12211998
v -0.03530770 0.14000712 0.12021369
v -0.03325920 0.14045382 0.12288249
v -0.02972822 0.14073302 0.12288249
v -0.02955302 0.14046778 0.11902757
v -0.02933739 0.14010483 0.11394414
v -0.02669590 0.14020255 0.11347816
v -0.02503823 0.14039797 0.11487611
v -0.02121076 0.14090052 0.11894284
v -0.01925659 0.14097032 0.11991717
v -0.02964736 0.11360934 0.43830849
v -0.03718101 0.11379082 0.43445358
v -0.02567164 0.13038888 0.31778916
v -0.01925659 0.13075184 0.31401896
v -0.02251802 0.13144982 0.31012168
v -0.02344794 0.13220364 0.30465699
v -0.04110282 0.11292532 0.43839322
v -0.04594106 0.11151538 0.44390026
v -0.04459336 0.11247861 0.43839322
v -0.04801652 0.10974251 0.45394002
v -0.05152054 0.10898868 0.45402476
v -0.05685743 0.10776024 0.45423653
v -0.05161488 0.11274385 0.42678610
v -0.05565798 0.11077553 0.43462303
v -0.05997062 0.10628051 0.45847270
v -0.06391939 0.10509393 0.45855744
v -0.06517275 0.10385153 0.46397974
v -0.06579269 0.10407488 0.46118390
v -0.06736950 0.10189716 0.47156252
v -0.07114306 0.10234387 0.45864218
v -0.07476837 0.10086415 0.45864218
v -0.07400018 0.10054308 0.46275127
v -0.07251772 0.09978925 0.47147778
v -0.09355533 0.08500594 0.49045591
v -0.09060386 0.08924969 0.47910294
v -0.09199199 0.08776996 0.48189881
v -0.07536137 0.09791865 0.47562925
v -0.07533441 0.09860268 0.47147778
v -0.07693818 0.09995677 0.45864218
v -0.07736944 0.10015221 0.45618517
v -0.08073869 0.09599221 0.47253684
v -0.08707288 0.09402390 0.46275127
v -0.09014564 0.09293504 0.45864218
v -0.11342043 0.07040411 0.47194379
v -0.11528025 0.06810076 0.47202850
v -0.10878434 0.07745376 0.46279365
v -0.11114282 0.07556920 0.45864218
v -0.11643928 0.06568574 0.47605288
v -0.11817781 0.06341031 0.47601050
v -0.12095408 0.05930616 0.47596814
v -0.11739615 0.06710963 0.46325960
v -0.11749049 0.06784949 0.45906578
v -0.11997025 0.06145595 0.47372296
v -0.12321822 0.06038106 0.45495669
v -0.12285433 0.05606751 0.47596814
v -0.12410770 0.05391772 0.47596814
v -0.09472782 0.08634607 0.47923000
v -0.09734237 0.08506179 0.47592579
v -0.09924262 0.08351225 0.47596814
v -0.09970084 0.08391709 0.47181670
v -0.10195150 0.08200461 0.47177432
v -0.10083290 0.08485239 0.46160750
v -0.10114288 0.08510366 0.45872689
v -0.10343397 0.08384729 0.45461780
v -0.10563072 0.08182313 0.45457542
v -0.12439071 0.05437839 0.47224033
v -0.12600795 0.05151665 0.47224033
v -0.12745000 0.04882244 0.47224033
v -0.12828557 0.04717519 0.47224033
v -0.12949850 0.04429950 0.47224033
v -0.13185698 0.03835267 0.47232504
v -0.13390548 0.03572825 0.46372559
v -0.13565749 0.03325739 0.45610046
v -0.13216694 0.03889710 0.46808886
v -0.13571141 0.04579318 0.41534842
v -0.13590008 0.03200101 0.45749838
v -0.13552272 0.03077256 0.46376794
v -0.13755774 0.02486761 0.45931996
v -0.13970059 0.02260614 0.44517112
v -0.13800249 0.02094494 0.46368320
v -0.13984884 0.01488644 0.45626991
v -0.13893240 0.02108454 0.45499908
v -0.13974102 0.01844616 0.45199137
v -0.13999708 0.01584965 0.45347403
v -0.14333938 0.01918602 0.41738178
v -0.14320461 0.01819488 0.42005056
v -0.14425583 0.01727354 0.41136640
v -0.14518574 0.01344859 0.40751147
v -0.14559004 0.01005639 0.40751147
v -0.14540137 0.00607787 0.41145114
v -0.13995665 -0.00045526 0.46639440
v -0.14561700 0.00168057 0.41145114
v -0.14552266 -0.00045526 0.41263723
v -0.15057654 0.03307591 0.13084651
v -0.14860890 0.03976260 0.12686450
v -0.14716686 0.04523480 0.12686450
v -0.14984878 0.03611912 0.13084651
v -0.14590001 0.04858512 0.12300958
v -0.14622347 0.04858512 0.12690686
v -0.15393232 0.01717583 0.14249600
v -0.15347409 0.02108454 0.14253837
v -0.15289459 0.02347165 0.13868343
v -0.15525305 -0.00045526 0.14626621
v -0.15522610 0.00141534 0.14626621
v -0.15509133 0.00998659 0.15012113
v -0.15461963 0.01308564 0.14630856
v -0.15368972 0.02109850 0.14639328
v -0.15150645 0.02958599 0.13478616
v -0.13515884 0.06063233 0.07611506
v -0.13385157 0.06067421 0.06827811
v -0.13363594 0.06100924 0.06793922
v -0.14360893 0.05303826 0.11525736
v -0.14197821 0.05615127 0.11136007
v -0.14061703 0.05952951 0.11131772
v -0.13957930 0.06099528 0.10737806
v -0.14032054 0.05855234 0.10534469
v -0.14476795 0.05183773 0.12305193
v -0.14383804 0.05384792 0.12063730
v -0.14373022 0.05347101 0.11801088
v -0.13871677 0.06067421 0.09958349
v -0.13816421 0.06067421 0.09568620
v -0.13608875 0.06137219 0.08399435
v -0.13943105 0.06026938 0.10377731
v -0.06059057 0.12892312 0.07607269
v -0.06316467 0.12847642 0.08001234
v -0.06491668 0.12776446 0.07996997
v -0.06379809 0.12875559 0.08386726
v -0.06052318 0.12766675 0.06793922
v -0.06425631 0.12621495 0.06827811
v -0.06166873 0.12789011 0.07217540
v -0.06398677 0.12755507 0.07607269
v -0.06581964 0.12819721 0.08581591
v -0.06703257 0.12882540 0.09551675
v -0.06614309 0.12837869 0.08844233
v -0.06654740 0.12858809 0.09161947
v -0.06773338 0.12936983 0.10331133
v -0.06410806 0.13100312 0.10331133
v -0.06412155 0.13140794 0.10725098
v -0.06197870 0.13223156 0.10725098
v -0.06227519 0.13234325 0.10962324
v -0.06065795 0.13306914 0.11097882
v -0.06262560 0.13244096 0.11220732
v -0.06300295 0.13253867 0.11504556
v -0.06352855 0.13266432 0.11894284
v -0.06034798 0.13414404 0.12284013
v -0.05602186 0.13558190 0.12279776
v -0.05196528 0.13686618 0.12271304
v -0.05238307 0.13724310 0.13050761
v -0.04883862 0.13798296 0.12665268
v -0.04890600 0.13819234 0.13054997
v -0.04488985 0.13884846 0.12673742
v -0.04150712 0.13971395 0.13059234
v -0.03867695 0.13993731 0.12669505
v -0.03643977 0.14046778 0.13059234
v -0.03335354 0.14091448 0.13059234
v -0.03648020 0.14025838 0.12669505
v -0.03332658 0.14070510 0.12669505
v -0.03648020 0.14004900 0.12322138
v -0.02987647 0.14095636 0.12669505
v -0.02130509 0.14116577 0.12284013
v -0.01925659 0.14115181 0.12288249
v -0.04119715 0.11398625 0.43059865
v -0.04117020 0.11345578 0.43449594
v -0.03769313 0.13020741 0.31401896
v -0.02431047 0.13218969 0.30465699
v -0.02555035 0.13090539 0.31397661
v -0.01925659 0.13124043 0.31020638
v -0.02249107 0.13288768 0.29834511
v -0.02246412 0.13330646 0.29444782
v -0.02242369 0.13372524 0.29055053
v -0.01925659 0.13174299 0.30626674
v -0.02250455 0.13241304 0.30245419
v -0.04466074 0.11300908 0.43449594
v -0.04803000 0.11348371 0.42678610
v -0.04793566 0.11243673 0.43453832
v -0.05805689 0.10815110 0.44923785
v -0.05701916 0.11154331 0.42678610
v -0.05174965 0.11377686 0.41899153
v -0.05572537 0.11291136 0.41899153
v -0.05406769 0.11180854 0.42966671
v -0.05997062 0.10686681 0.45440600
v -0.06400025 0.10565232 0.45457542
v -0.06633177 0.10427031 0.45855744
v -0.07572525 0.10105958 0.45478725
v -0.06765252 0.10549877 0.44678084
v -0.07445841 0.10452159 0.43491957
v -0.09238283 0.08804915 0.47914529
v -0.09156073 0.09135760 0.46287836
v -0.09212676 0.09169264 0.45868453
v -0.09123728 0.08936137 0.47596814
v -0.09289495 0.08845399 0.47482440
v -0.07833978 0.10054308 0.45059342
v -0.07916188 0.09953798 0.45474489
v -0.07936403 0.09883999 0.45859983
v -0.07564438 0.10466118 0.43068339
v -0.07900016 0.10320937 0.43068339
v -0.07933708 0.10242763 0.43491957
v -0.08013222 0.09970550 0.45055107
v -0.08104866 0.10016617 0.44457805
v -0.08115648 0.09624349 0.46952914
v -0.08704593 0.09470792 0.45859983
v -0.08788150 0.09551759 0.45055107
v -0.09065777 0.09327008 0.45457542
v -0.09265236 0.09202767 0.45461780
v -0.11143931 0.07600194 0.45457542
v -0.11639885 0.06959445 0.45771021
v -0.11618321 0.06931526 0.46050609
v -0.11596758 0.06903606 0.46321725
v -0.10913474 0.07783066 0.45859983
v -0.12315083 0.05648630 0.47219795
v -0.11662796 0.06987364 0.45478725
v -0.11832606 0.06757029 0.45482960
v -0.11968724 0.06484816 0.45902343
v -0.12127752 0.06345219 0.45491434
v -0.12348775 0.06082777 0.45097467
v -0.09443133 0.08714178 0.47601050
v -0.09526691 0.08729533 0.47177432
v -0.09661461 0.08837023 0.45995539
v -0.09780058 0.08543869 0.47181670
v -0.09905395 0.08598312 0.46300542
v -0.09843400 0.08719761 0.45864218
v -0.09720759 0.08881694 0.45461780
v -0.09913481 0.08732325 0.45466016
v -0.10156066 0.08542473 0.45466016
v -0.10379785 0.08418232 0.45067813
v -0.10451213 0.08489426 0.44212106
v -0.10757141 0.07998046 0.45453306
v -0.12579233 0.05588604 0.45499908
v -0.12755781 0.05278699 0.45495669
v -0.12782735 0.05323370 0.45093231
v -0.12994323 0.04813841 0.45491434
v -0.13193784 0.04646325 0.44500168
v -0.13178959 0.04607238 0.44762810
v -0.12997020 0.04441117 0.46804651
v -0.13775991 0.04032099 0.41539078
v -0.13937715 0.03720798 0.41136640
v -0.13599442 0.03265712 0.45482960
v -0.13986231 0.03445792 0.41526369
v -0.13160092 0.04556983 0.45084761
v -0.13583268 0.04623989 0.41280670
v -0.13821812 0.04030703 0.41140875
v -0.13732864 0.02939055 0.45093231
v -0.14088656 0.03260128 0.41132401
v -0.13999708 0.03161014 0.42182975
v -0.13968711 0.03047941 0.42729444
v -0.13802944 0.02493741 0.45499908
v -0.13957930 0.02182440 0.44779755
v -0.14178952 0.02908344 0.41132401
v -0.14340678 0.02295514 0.41018028
v -0.14327200 0.02231299 0.41280670
v -0.13984884 0.01946522 0.44932256
v -0.14346067 0.01985608 0.41526369
v -0.14408062 0.02093098 0.40742673
v -0.14463318 0.01731542 0.40746911
v -0.14557657 0.01344859 0.40361418
v -0.14595392 0.01007034 0.40365656
v -0.14637171 0.00161078 0.40369892
v -0.14603478 -0.00045526 0.40755385
v -0.14591349 -0.00045526 0.40878233
v -0.15085955 0.03306195 0.13474379
v -0.14875714 0.04027911 0.13076178
v -0.14744987 0.04526271 0.13076178
v -0.15013179 0.03609120 0.13470144
v -0.14509139 0.05185169 0.12694922
v -0.14650648 0.04859908 0.13076178
v -0.14538789 0.05186565 0.13080415
v -0.15302934 0.02398815 0.14253837
v -0.15111561 0.03304799 0.13859871
v -0.15538784 -0.00045526 0.14872319
v -0.15542825 0.00138742 0.15012113
v -0.15561694 0.00135950 0.15397606
v -0.15528001 0.01000055 0.15401841
v -0.15482179 0.01308564 0.15016349
v -0.15315065 0.02446278 0.14639328
v -0.15387839 0.02112642 0.15020585
v -0.13426936 0.06401058 0.08009707
v -0.13267907 0.06332655 0.06832048
v -0.13265212 0.06324279 0.06793922
v -0.13991622 0.06208414 0.11441013
v -0.14240947 0.05609543 0.11525736
v -0.13978145 0.06159555 0.11131772
v -0.13808335 0.06427581 0.10733571
v -0.13758471 0.06430373 0.10339605
v -0.14393237 0.05416900 0.12305193
v -0.14298898 0.05564872 0.11923937
v -0.14302941 0.05645838 0.12309430
v -0.14149303 0.06032522 0.12309430
v -0.13692433 0.06348011 0.09564385
v -0.13670870 0.06299152 0.09263616
v -0.13652001 0.06254481 0.09000973
v -0.06777381 0.12639641 0.07996997
v -0.06421588 0.12685709 0.07217540
v -0.06714039 0.12486084 0.06793922
v -0.06719430 0.12488878 0.06827811
v -0.06776033 0.12582407 0.07607269
v -0.06121051 0.12738756 0.06793922
v -0.06447194 0.12606139 0.06793922
v -0.07289507 0.12388367 0.07988525
v -0.07375760 0.12435831 0.08615480
v -0.07405410 0.12455374 0.08878122
v -0.07174953 0.12652205 0.09551675
v -0.07199211 0.12733172 0.10331133
v -0.06792206 0.12888124 0.09975293
v -0.07435059 0.12476313 0.09157711
v -0.07245033 0.12755507 0.10729334
v -0.06774686 0.12977466 0.10725098
v -0.06777381 0.13015158 0.11114827
v -0.06474148 0.13185466 0.11504556
v -0.06391939 0.13182674 0.11102118
v -0.06524013 0.13198029 0.11894284
v -0.06559054 0.13206404 0.12186581
v -0.06433717 0.13265036 0.12305193
v -0.06414849 0.13298539 0.12677977
v -0.06038841 0.13464659 0.13059234
v -0.05257175 0.13690806 0.12627143
v -0.05665528 0.13587504 0.13054997
v -0.05704611 0.13597275 0.13444725
v -0.05247741 0.13742457 0.13440490
v -0.04895991 0.13837384 0.13444725
v -0.04490333 0.13905785 0.13059234
v -0.04200578 0.13982563 0.13453198
v -0.03972816 0.14016067 0.13453198
v -0.03641282 0.14064926 0.13457435
v -0.03335354 0.14109596 0.13461670
v -0.02995733 0.14131932 0.13457435
v -0.02994385 0.14113786 0.13054997
v -0.02135900 0.14138912 0.12665268
v -0.02141291 0.14158456 0.13054997
v -0.01925659 0.14133328 0.12601727
v -0.03758532 0.13070996 0.31016403
v -0.04081980 0.12976070 0.31397661
v -0.04090066 0.12925815 0.31778916
v -0.03378480 0.13189653 0.30232710
v -0.03745055 0.13121252 0.30622439
v -0.02507866 0.13366941 0.29059289
v -0.02519995 0.13283183 0.29838746
v -0.03390609 0.13320875 0.29059289
v -0.03383871 0.13245492 0.29745549
v -0.01925659 0.13239908 0.30088680
v -0.01925659 0.13272016 0.29804857
v -0.01925659 0.13354378 0.29033870
v -0.02238326 0.13413008 0.28669560
v -0.02236977 0.13453492 0.28284067
v -0.04467422 0.11352558 0.43064103
v -0.04808390 0.11451672 0.41899153
v -0.04483595 0.11767161 0.39954745
v -0.05758519 0.11168291 0.42471037
v -0.05988976 0.11023110 0.43076810
v -0.05993019 0.10967272 0.43470774
v -0.04813781 0.11709926 0.39958980
v -0.04819172 0.11760181 0.39573490
v -0.04916206 0.12768071 0.31855168
v -0.05576580 0.11341390 0.41513659
v -0.06379809 0.10907244 0.43081045
v -0.06414849 0.10671326 0.44673849
v -0.06575226 0.10812318 0.43305563
v -0.07542875 0.10238576 0.44665378
v -0.06693824 0.10855594 0.42691316
v -0.06781424 0.10598736 0.44288359
v -0.07134522 0.10633635 0.43097993
v -0.07555004 0.10521957 0.42712499
v -0.09437742 0.08945909 0.46292071
v -0.07967401 0.10104562 0.44309539
v -0.07858237 0.10446575 0.42327006
v -0.07970096 0.10340481 0.42716735
v -0.08305674 0.09816993 0.45055107
v -0.08271981 0.09710900 0.45859983
v -0.08150688 0.09645289 0.46698745
v -0.08030742 0.10368400 0.42327006
v -0.08239637 0.10090603 0.43491957
v -0.08695159 0.09783490 0.43873212
v -0.08839363 0.09583867 0.44656907
v -0.08877098 0.09606202 0.44368846
v -0.09108903 0.09423330 0.44656907
v -0.09331274 0.09244646 0.44940730
v -0.11169537 0.07642074 0.45063578
v -0.10510511 0.08545265 0.43508901
v -0.10921560 0.08150206 0.43508901
v -0.10951210 0.08183709 0.43119173
v -0.10944472 0.07817966 0.45453306
v -0.11195143 0.07681161 0.44673849
v -0.11691097 0.07023660 0.45080525
v -0.11916164 0.06793325 0.44690797
v -0.11998373 0.06526695 0.45487196
v -0.12131795 0.06416413 0.45084761
v -0.12197833 0.06394078 0.44699267
v -0.12430985 0.06220978 0.43796959
v -0.12414813 0.06193058 0.44063840
v -0.12398641 0.06166535 0.44318009
v -0.12374381 0.06124656 0.44707738
v -0.12739609 0.05662590 0.43919810
v -0.12630446 0.05590000 0.45097467
v -0.09521299 0.08958472 0.45864218
v -0.09498389 0.09042230 0.45461780
v -0.09471434 0.09125988 0.45067813
v -0.09548254 0.09137156 0.44656907
v -0.09762538 0.08915197 0.45059342
v -0.09953912 0.08764432 0.45063578
v -0.10193802 0.08574581 0.45067813
v -0.10333963 0.08760245 0.43119173
v -0.12801604 0.05355477 0.44800935
v -0.13185698 0.05349893 0.41666164
v -0.13042841 0.04815237 0.45084761
v -0.13207260 0.04670056 0.44296832
v -0.13598094 0.04661681 0.41018028
v -0.13746340 0.04463453 0.40369892
v -0.13881111 0.03990220 0.40742673
v -0.13966016 0.03803160 0.40602881
v -0.14017229 0.03613308 0.40734202
v -0.14006448 0.03516986 0.41132401
v -0.14133131 0.03257336 0.40738437
v -0.13704562 0.04459265 0.40755385
v -0.14293507 0.02055407 0.41894917
v -0.14076527 0.02063783 0.43885921
v -0.14220732 0.02905552 0.40738437
v -0.14355502 0.02352748 0.40738437
v -0.14445798 0.02097286 0.40352947
v -0.14364936 0.02105662 0.41145114
v -0.14501053 0.01732938 0.40357182
v -0.14538789 0.01730146 0.39971689
v -0.14594044 0.01340671 0.39971689
v -0.14631781 0.01005639 0.39975928
v -0.14650648 0.00606391 0.39980163
v -0.14672211 0.00154097 0.39975928
v -0.14726119 0.00014501 0.39437930
v -0.14639867 -0.00045526 0.40365656
v -0.14777331 0.04499748 0.13461670
v -0.14781374 0.04577922 0.13842926
v -0.14677603 0.04859908 0.13461670
v -0.15038785 0.03606328 0.13855636
v -0.14916145 0.04071186 0.13851399
v -0.14408062 0.05464363 0.12699159
v -0.14421538 0.05503450 0.13084651
v -0.14564395 0.05186565 0.13465907
v -0.14435017 0.05535557 0.13465907
v -0.15199161 0.02954411 0.14249600
v -0.15154688 0.03304799 0.14639328
v -0.15061697 0.03604932 0.14245364
v -0.15557651 -0.00045526 0.15253575
v -0.15564390 -0.00045526 0.15397606
v -0.15581909 -0.00045526 0.15783098
v -0.15579214 0.00133158 0.15783098
v -0.15501047 0.01308564 0.15406078
v -0.15544174 0.01002846 0.15787335
v -0.15343366 0.02488157 0.15410314
v -0.15247680 0.03001874 0.15410314
v -0.15405360 0.02114038 0.15410314
v -0.13487582 0.06402454 0.08399435
v -0.13364942 0.06747258 0.08789164
v -0.13297557 0.06764010 0.08420615
v -0.13285427 0.06666292 0.08013942
v -0.13255778 0.06603473 0.07624213
v -0.13363594 0.06401058 0.07619978
v -0.13289470 0.06415018 0.07217540
v -0.13213999 0.06515527 0.07081982
v -0.13192436 0.06462480 0.06793922
v -0.13860896 0.06413621 0.11131772
v -0.14063050 0.06059045 0.11551153
v -0.14108873 0.06036709 0.11911229
v -0.14002403 0.06246105 0.11699420
v -0.13928281 0.06368950 0.11551153
v -0.13711301 0.06779365 0.11487611
v -0.13701867 0.06719339 0.11131772
v -0.13681652 0.06667688 0.10733571
v -0.13584616 0.06851955 0.10737806
v -0.13662783 0.06609057 0.10339605
v -0.13553620 0.06724922 0.09979530
v -0.13637177 0.06537863 0.09869389
v -0.13705910 0.06435957 0.09979530
v -0.14185692 0.06028334 0.12699159
v -0.14010491 0.06274024 0.11911229
v -0.13618309 0.06493191 0.09564385
v -0.07183039 0.12251562 0.06793922
v -0.07160128 0.12268314 0.06823576
v -0.07230209 0.12359052 0.07603033
v -0.07591392 0.12227831 0.07988525
v -0.07548266 0.12131509 0.07209068
v -0.07623737 0.12146864 0.07569143
v -0.07595435 0.12282273 0.08374017
v -0.08104866 0.12004476 0.08369782
v -0.07567133 0.12350677 0.08751038
v -0.07646648 0.12361844 0.09157711
v -0.07472794 0.12505628 0.09547440
v -0.07509182 0.12532152 0.09937169
v -0.07290855 0.12773655 0.11123299
v -0.07545570 0.12557279 0.10326897
v -0.07335329 0.12790407 0.11517263
v -0.06777381 0.13050057 0.11504556
v -0.06776033 0.13083559 0.11898520
v -0.07166866 0.12932796 0.12300958
v -0.06587356 0.13213385 0.12453459
v -0.06416198 0.13323667 0.13063469
v -0.06417545 0.13346002 0.13448962
v -0.06038841 0.13485598 0.13448962
v -0.06040189 0.13505143 0.13830219
v -0.05735609 0.13605652 0.13830219
v -0.05254479 0.13759208 0.13830219
v -0.04900034 0.13852739 0.13834454
v -0.04491681 0.13940684 0.13842926
v -0.04491681 0.13923932 0.13453198
v -0.04238313 0.13992335 0.13842926
v -0.03637239 0.14081677 0.13847163
v -0.03332658 0.14126349 0.13851399
v -0.02994385 0.14147287 0.13851399
v -0.02149377 0.14175208 0.13453198
v -0.01925659 0.14140308 0.12737283
v -0.01925659 0.14157060 0.13114304
v -0.04071198 0.13024929 0.31012168
v -0.04858255 0.12888124 0.31007932
v -0.04846126 0.12842058 0.31393422
v -0.04712704 0.12786219 0.32016143
v -0.03732925 0.13167318 0.30228475
v -0.03848828 0.13218969 0.29648117
v -0.04056374 0.13073788 0.30618203
v -0.02502475 0.13447909 0.28284067
v -0.03391957 0.13403237 0.28288302
v -0.03391957 0.13362753 0.28673795
v -0.03726187 0.13209197 0.29864161
v -0.03719448 0.13341815 0.28665325
v -0.01925659 0.13394862 0.28648380
v -0.02235630 0.13491183 0.27898573
v -0.02335360 0.13623800 0.26568415
v -0.01925659 0.13432551 0.28288302
v -0.05821861 0.11186438 0.42212629
v -0.05983586 0.11077553 0.42682845
v -0.06377114 0.10963083 0.42691316
v -0.04819172 0.12748527 0.32147464
v -0.04991678 0.12784822 0.31596761
v -0.05766606 0.12402327 0.33024354
v -0.05821861 0.12421870 0.32765947
v -0.06735602 0.10944936 0.41916097
v -0.07239642 0.10757876 0.41924571
v -0.07133174 0.10689474 0.42704028
v -0.07561743 0.10575004 0.42322771
v -0.07564438 0.10628051 0.41933042
v -0.07917536 0.10474494 0.41937277
v -0.08085998 0.10397716 0.41937277
v -0.08301631 0.10171569 0.42716735
v -0.08323194 0.10104562 0.43093757
v -0.08693811 0.09842120 0.43487721
v -0.08786803 0.09960778 0.42331241
v -0.08936398 0.09645289 0.43873212
v -0.08980872 0.09676000 0.43487721
v -0.09364966 0.09265585 0.44656907
v -0.10406739 0.08813292 0.42343951
v -0.10542856 0.08574581 0.43123408
v -0.10771966 0.08414044 0.42733679
v -0.10979512 0.08214421 0.42733679
v -0.11173580 0.08024569 0.42729444
v -0.11143931 0.07992461 0.43119173
v -0.11228836 0.07727227 0.44169746
v -0.11568457 0.07642074 0.42335477
v -0.11540155 0.07608571 0.42725205
v -0.11718052 0.07058559 0.44686561
v -0.11966029 0.06868707 0.43915575
v -0.11941770 0.06831016 0.44301068
v -0.11730181 0.07448034 0.42335477
v -0.12126404 0.06713754 0.43525846
v -0.12324517 0.06430373 0.43525846
v -0.12447157 0.06248897 0.43525846
v -0.12790821 0.06156763 0.41259487
v -0.12774649 0.06124656 0.41543313
v -0.12751738 0.06079985 0.41933042
v -0.12879769 0.05499262 0.43521610
v -0.12855511 0.05454591 0.43919810
v -0.09588685 0.09167868 0.44262940
v -0.09800274 0.08947305 0.44661143
v -0.09994343 0.08793748 0.44665378
v -0.09902699 0.08980808 0.43898630
v -0.09727498 0.09287921 0.42720970
v -0.09762538 0.09315840 0.42331241
v -0.09838009 0.08976620 0.44267179
v -0.13216694 0.05407128 0.41145114
v -0.13426936 0.05171209 0.40369892
v -0.13382462 0.05169813 0.40755385
v -0.13336640 0.05169813 0.41145114
v -0.13324510 0.04816633 0.42716735
v -0.13468715 0.04806861 0.41534842
v -0.13612919 0.04696580 0.40755385
v -0.13788120 0.04464849 0.39984398
v -0.13979493 0.03836663 0.40357182
v -0.14143913 0.03586785 0.39586199
v -0.14065746 0.03585388 0.40352947
v -0.14173561 0.03253148 0.40348709
v -0.14313723 0.03000478 0.39577725
v -0.14374370 0.02428131 0.40352947
v -0.14435017 0.02479782 0.39577725
v -0.14470056 0.02482573 0.39192232
v -0.14518574 0.02095890 0.39581960
v -0.14482185 0.02098682 0.39967454
v -0.14344719 0.03114947 0.38971952
v -0.14575177 0.01724563 0.39581960
v -0.14630433 0.01333691 0.39581960
v -0.14734206 0.01139651 0.38641528
v -0.14699166 0.01005639 0.39192232
v -0.14726119 -0.00045526 0.39437930
v -0.14740944 0.00142930 0.39192232
v -0.14833935 0.00138742 0.38039990
v -0.14806981 -0.00045526 0.38421248
v -0.14939057 0.04071186 0.14241127
v -0.14790809 0.04623989 0.14232655
v -0.14700512 0.04858512 0.13842926
v -0.14333938 0.05726805 0.13084651
v -0.14216688 0.06025542 0.13084651
v -0.14244990 0.06022750 0.13470144
v -0.14587306 0.05185169 0.13847163
v -0.14447144 0.05563476 0.13851399
v -0.14269248 0.06021354 0.13855636
v -0.15172208 0.03304799 0.15020585
v -0.15081912 0.03604932 0.14635093
v -0.15603472 -0.00045526 0.16312621
v -0.15608863 0.00131762 0.16549846
v -0.15606168 0.01000055 0.17371666
v -0.15517219 0.01309960 0.15791570
v -0.15421532 0.02116829 0.15795807
v -0.15558997 0.01007034 0.16172826
v -0.15359538 0.02490949 0.15795807
v -0.15255766 0.03042357 0.15795807
v -0.15188380 0.03306195 0.15410314
v -0.13421544 0.06752842 0.09178891
v -0.13222085 0.06944089 0.08564646
v -0.13178959 0.06863123 0.08013942
v -0.13127746 0.06715150 0.07221777
v -0.13045536 0.06747258 0.06836284
v -0.13037450 0.06748654 0.06793922
v -0.13145266 0.06805889 0.07624213
v -0.13778686 0.06736090 0.11911229
v -0.13939063 0.06423393 0.11915464
v -0.13612919 0.06931526 0.11330871
v -0.13625048 0.06960841 0.11589279
v -0.13603485 0.06905002 0.11131772
v -0.13563053 0.06796117 0.10343842
v -0.13406721 0.07157672 0.10737806
v -0.13331250 0.07113002 0.09954113
v -0.13301599 0.07071123 0.09568620
v -0.13476802 0.06757029 0.09568620
v -0.14067094 0.06373138 0.13088887
v -0.14025315 0.06321487 0.12309430
v -0.07486272 0.12096610 0.06793922
v -0.07490315 0.12099402 0.06823576
v -0.08055001 0.11973764 0.07980053
v -0.07681688 0.11991913 0.06793922
v -0.07979530 0.11895590 0.07204832
v -0.07962010 0.11961201 0.07564907
v -0.08278719 0.11715511 0.07209068
v -0.08327237 0.11744826 0.07594561
v -0.08364972 0.11838355 0.08369782
v -0.08150688 0.12033791 0.08759510
v -0.08181685 0.12053335 0.09030625
v -0.07685731 0.12389763 0.09543203
v -0.08014570 0.12257146 0.09932932
v -0.07590044 0.12618702 0.11123299
v -0.08057697 0.12368823 0.11119062
v -0.07625085 0.12558675 0.10733571
v -0.08104866 0.12384180 0.11517263
v -0.07584654 0.12659185 0.11521500
v -0.07386542 0.12807158 0.12004424
v -0.07166866 0.12962111 0.12690686
v -0.06604875 0.13220364 0.12682214
v -0.06635873 0.13230137 0.13063469
v -0.06664175 0.13239908 0.13448962
v -0.06418893 0.13365545 0.13834454
v -0.06418893 0.13383693 0.14219947
v -0.06040189 0.13521894 0.14215711
v -0.05762562 0.13612631 0.14215711
v -0.05259870 0.13773168 0.14215711
v -0.04901382 0.13865302 0.14219947
v -0.04277397 0.14003504 0.14376686
v -0.04261224 0.13997919 0.14126751
v -0.03327268 0.14138912 0.14228420
v -0.02160159 0.14187771 0.13842926
v -0.02988995 0.14158456 0.14228420
v -0.02170940 0.14198938 0.14224183
v -0.01925659 0.14182187 0.13851399
v -0.01925659 0.14171020 0.13499796
v -0.04869037 0.12980257 0.30220001
v -0.04864994 0.12934191 0.30613968
v -0.05036152 0.12800178 0.31389187
v -0.04824563 0.12800178 0.31745027
v -0.04696531 0.13202216 0.28457751
v -0.04873080 0.13066809 0.29432073
v -0.04871732 0.13023533 0.29826037
v -0.02373096 0.13622404 0.26568415
v -0.03391957 0.13440928 0.27902812
v -0.03723491 0.13456284 0.27508845
v -0.03722144 0.13418592 0.27894338
v -0.03719448 0.13380901 0.28279831
v -0.01925659 0.13545626 0.27131825
v -0.01925659 0.13583316 0.26742097
v -0.02234283 0.13565170 0.27127590
v -0.01935093 0.13621008 0.26335423
v -0.01925659 0.13653114 0.25975348
v -0.02236977 0.13671263 0.25975348
v -0.02236977 0.13736873 0.25200126
v -0.02236977 0.13770376 0.24801927
v -0.02505170 0.13732686 0.25195891
v -0.05894637 0.11207378 0.41899153
v -0.06373071 0.11016130 0.42297352
v -0.06506493 0.11164103 0.40852817
v -0.06555010 0.11182250 0.40594410
v -0.05595448 0.12606139 0.31783151
v -0.05913505 0.12470729 0.32172880
v -0.05856901 0.12438622 0.32554138
v -0.06370376 0.11067780 0.41907623
v -0.05980890 0.11282760 0.41132401
v -0.07302985 0.10784399 0.41543313
v -0.07565786 0.10678305 0.41547549
v -0.07959315 0.10559648 0.41170529
v -0.08111605 0.10411676 0.41738178
v -0.08304326 0.10226012 0.42331241
v -0.08631817 0.10098979 0.41941513
v -0.08831277 0.09988697 0.41941513
v -0.09025346 0.09703919 0.43106463
v -0.09141248 0.09519652 0.43873212
v -0.09406745 0.09294900 0.44262940
v -0.09230196 0.09574095 0.43106463
v -0.09832619 0.09368887 0.41551784
v -0.09866311 0.09395410 0.41166291
v -0.10328573 0.09135760 0.40391072
v -0.10360917 0.09160888 0.40005578
v -0.10441779 0.08837023 0.41949986
v -0.10576549 0.08601104 0.42733679
v -0.10802963 0.08441964 0.42343951
v -0.11007813 0.08245132 0.42343951
v -0.11203230 0.08053884 0.42343951
v -0.11340695 0.07840302 0.42729444
v -0.11308350 0.07812382 0.43119173
v -0.11595411 0.07674181 0.41945748
v -0.11917511 0.07212115 0.42339715
v -0.11988939 0.06907794 0.43525846
v -0.11649319 0.07735604 0.41170529
v -0.11922902 0.07591819 0.40009817
v -0.11944465 0.07244222 0.41949986
v -0.12378425 0.06500171 0.42725205
v -0.12061715 0.07019471 0.42339715
v -0.12332603 0.06846372 0.41170529
v -0.12479503 0.06638372 0.41166291
v -0.12506456 0.06381514 0.42356660
v -0.12583275 0.06346615 0.41937277
v -0.13075187 0.05992039 0.39603140
v -0.12987586 0.05987851 0.40378362
v -0.13149309 0.05696093 0.40374127
v -0.13240954 0.05447611 0.40755385
v -0.12631792 0.06346615 0.41547549
v -0.12805645 0.06183287 0.41001080
v -0.13177612 0.06131635 0.38044226
v -0.09625073 0.09198579 0.43877450
v -0.09672242 0.09241854 0.43330981
v -0.09581946 0.09558739 0.41556019
v -0.09618334 0.09585262 0.41166291
v -0.13289470 0.05522993 0.39988634
v -0.13470062 0.05171209 0.39984398
v -0.13581922 0.04942270 0.39984398
v -0.13559010 0.04900391 0.40369892
v -0.13536100 0.04855720 0.40755385
v -0.13634482 0.04744043 0.40369892
v -0.13867634 0.04467641 0.39213412
v -0.14023968 0.03930193 0.39590434
v -0.14218036 0.03585388 0.38806741
v -0.14250380 0.03250356 0.39577725
v -0.14212646 0.03250356 0.39963218
v -0.14137174 0.04030703 0.38039990
v -0.14173561 0.04032099 0.37650262
v -0.14503748 0.02482573 0.38806741
v -0.14585958 0.02093098 0.38806741
v -0.14356850 0.03155430 0.38713545
v -0.14422886 0.03261524 0.37646026
v -0.14455232 0.03269900 0.37252062
v -0.14501053 0.02923700 0.37650262
v -0.14286769 0.03250356 0.39192232
v -0.14608870 0.01718979 0.39192232
v -0.14664125 0.01325315 0.39192232
v -0.14746334 0.01188510 0.38417013
v -0.14824501 0.00987491 0.37654500
v -0.14793505 0.00993075 0.38039990
v -0.14771940 0.00144326 0.38806741
v -0.14999702 0.00980511 0.35320363
v -0.15143907 0.00984699 0.33375955
v -0.15203206 -0.00045526 0.33172620
v -0.14866279 -0.00045526 0.37654500
v -0.14847412 -0.00045526 0.37904434
v -0.14959272 0.04069790 0.14635093
v -0.14800243 0.04665868 0.14626621
v -0.14722076 0.04858512 0.14236892
v -0.14608870 0.05185169 0.14236892
v -0.14118307 0.06373138 0.13859871
v -0.14094047 0.06373138 0.13474379
v -0.14443103 0.05629087 0.14258072
v -0.14306984 0.05980871 0.14258072
v -0.14304289 0.06036709 0.14635093
v -0.14141217 0.06373138 0.14249600
v -0.15099432 0.03604932 0.15024822
v -0.14994311 0.04069790 0.15406078
v -0.15627730 -0.00045526 0.16948048
v -0.15637164 -0.00045526 0.17197982
v -0.15639861 0.00112218 0.17367429
v -0.15618296 0.00991679 0.17765630
v -0.15576518 0.01291812 0.17367429
v -0.15561694 0.01305772 0.16960756
v -0.15532044 0.01311356 0.16177062
v -0.15448486 0.02126601 0.16571027
v -0.15386493 0.02497929 0.16575264
v -0.15263852 0.03081444 0.16181299
v -0.15218030 0.03306195 0.16181299
v -0.15115604 0.03604932 0.15410314
v -0.13270603 0.07023660 0.09178891
v -0.12766563 0.07668597 0.08403671
v -0.12736912 0.07614154 0.08018179
v -0.12926939 0.07188384 0.07641158
v -0.12914810 0.07096250 0.07234485
v -0.12881117 0.07043203 0.06840521
v -0.12796212 0.07721644 0.08789164
v -0.12877074 0.07036223 0.06793922
v -0.13953887 0.06468064 0.12309430
v -0.13819118 0.06730506 0.12305193
v -0.13657392 0.07033431 0.12300958
v -0.13639874 0.06995741 0.11911229
v -0.13519928 0.07119982 0.11483374
v -0.13459281 0.07150693 0.11127535
v -0.13517232 0.07206532 0.11906992
v -0.13280037 0.07452222 0.11123299
v -0.13142572 0.07601590 0.10733571
v -0.13337988 0.07191176 0.10360787
v -0.13056318 0.07570879 0.09954113
v -0.13133137 0.07534584 0.10356550
v -0.13001063 0.07570879 0.09568620
v -0.12812385 0.07749563 0.09005208
v -0.13982188 0.06539259 0.13088887
v -0.13974102 0.06521111 0.12860132
v -0.13964669 0.06497380 0.12597490
v -0.14028009 0.06389890 0.12716103
v -0.13995665 0.06568574 0.13474379
v -0.07979530 0.11828584 0.06793922
v -0.08222116 0.11683403 0.06793922
v -0.08940441 0.11242278 0.06997259
v -0.08734242 0.11478195 0.07603033
v -0.08801628 0.11557766 0.08378254
v -0.08369015 0.11892798 0.08759510
v -0.08843406 0.11587081 0.08767983
v -0.08883837 0.11615000 0.09157711
v -0.08207292 0.12071482 0.09293270
v -0.08011875 0.12211079 0.09543203
v -0.08271981 0.12110570 0.09928696
v -0.08801628 0.11950033 0.11504556
v -0.08142602 0.12396743 0.11911229
v -0.07953924 0.12498649 0.11911229
v -0.08312412 0.12128718 0.10318425
v -0.08363625 0.12183160 0.11114827
v -0.07451231 0.12828098 0.12699159
v -0.07166866 0.13012366 0.13457435
v -0.07166866 0.13034700 0.13842926
v -0.07166866 0.13054244 0.14228420
v -0.06709996 0.13258055 0.14219947
v -0.06731559 0.13265036 0.14613912
v -0.06418893 0.13399049 0.14609676
v -0.06420241 0.13413008 0.14999405
v -0.06037494 0.13535853 0.14609676
v -0.05784126 0.13619612 0.14605439
v -0.05586014 0.13682431 0.14605439
v -0.05262565 0.13784337 0.14605439
v -0.05265261 0.13794108 0.14995168
v -0.04900034 0.13875073 0.14605439
v -0.04286830 0.14007692 0.14605439
v -0.03622414 0.14105409 0.14609676
v -0.03320529 0.14148683 0.14609676
v -0.02983604 0.14168228 0.14609676
v -0.02179026 0.14205918 0.14605439
v -0.01925659 0.14190563 0.14228420
v -0.05203267 0.12941171 0.29821801
v -0.05196528 0.12897897 0.30215766
v -0.05121057 0.12825306 0.30999458
v -0.04767959 0.13213385 0.28203579
v -0.04875775 0.13182674 0.28305247
v -0.04871732 0.13107291 0.29046579
v -0.03723491 0.13493975 0.27123354
v -0.04030767 0.13442323 0.27119116
v -0.04873080 0.13297143 0.27110645
v -0.04995721 0.13189653 0.27987535
v -0.05212701 0.13023533 0.29038109
v -0.05208658 0.12983049 0.29427834
v -0.02498432 0.13667074 0.25975348
v -0.03545595 0.13632175 0.25733886
v -0.03393305 0.13551209 0.26742097
v -0.03391957 0.13514914 0.27131825
v -0.01925659 0.13720121 0.25204365
v -0.01925659 0.13752228 0.24831581
v -0.02234283 0.13802483 0.24403726
v -0.02506518 0.13764791 0.24801927
v -0.01925659 0.13756416 0.24780745
v -0.03400044 0.13685222 0.25191656
v -0.06418893 0.12206891 0.32960811
v -0.06595442 0.12011456 0.34011382
v -0.06638568 0.12030999 0.33736033
v -0.05591405 0.12653600 0.31397661
v -0.05587361 0.12701064 0.31003694
v -0.05687091 0.12765279 0.30211530
v -0.05966065 0.12500045 0.31791625
v -0.06216738 0.12446998 0.31550162
v -0.06421588 0.12254354 0.32571082
v -0.07373065 0.10819298 0.41064623
v -0.07538832 0.10736936 0.41183238
v -0.07631823 0.10749500 0.40780800
v -0.07967401 0.10604319 0.40785036
v -0.08181685 0.10450763 0.41166291
v -0.08142602 0.10429823 0.41484006
v -0.08871708 0.10018013 0.41556019
v -0.09068472 0.09731839 0.42720970
v -0.09443133 0.09325612 0.43877450
v -0.09359576 0.09652268 0.41941513
v -0.09653374 0.09611786 0.40776565
v -0.09680328 0.09631329 0.40475795
v -0.10563072 0.08941720 0.40395307
v -0.10534770 0.08915197 0.40785036
v -0.10505121 0.08888674 0.41170529
v -0.09701892 0.09648081 0.40217387
v -0.09718064 0.09663436 0.40001343
v -0.10374394 0.09977529 0.33359011
v -0.10391914 0.09184619 0.39615850
v -0.10723449 0.08740701 0.40785036
v -0.10608894 0.08626231 0.42343951
v -0.10922908 0.08552245 0.40785036
v -0.11150670 0.08388917 0.40399545
v -0.11370345 0.07932435 0.41920333
v -0.11371693 0.07866824 0.42339715
v -0.11282744 0.08141830 0.41179003
v -0.11704575 0.07792838 0.40395307
v -0.11677620 0.07763523 0.40785036
v -0.11947160 0.07622530 0.39620088
v -0.12068454 0.07401967 0.40009817
v -0.12045542 0.07368463 0.40399545
v -0.11997025 0.07305645 0.41174764
v -0.11971419 0.07274934 0.41560258
v -0.12088669 0.07050183 0.41949986
v -0.12385164 0.06909190 0.40395307
v -0.12505109 0.06671875 0.40776565
v -0.12731523 0.06412225 0.40386836
v -0.12707265 0.06377326 0.40772327
v -0.12700525 0.06317300 0.41145114
v -0.12755781 0.06447125 0.39997108
v -0.12842034 0.06241917 0.40382598
v -0.13209956 0.06187474 0.37489286
v -0.09541515 0.09532215 0.41941513
v -0.09400007 0.09678792 0.41556019
v -0.09436394 0.09706711 0.41170529
v -0.13529361 0.05222860 0.39213412
v -0.13339336 0.05992039 0.37260533
v -0.13382462 0.05992039 0.36866569
v -0.13466019 0.05591396 0.38044226
v -0.13592702 0.05351289 0.38044226
v -0.13656046 0.04788714 0.39984398
v -0.13666826 0.04848740 0.39620088
v -0.13719387 0.04830593 0.39213412
v -0.13952539 0.04548607 0.38048464
v -0.13930975 0.04502540 0.38438193
v -0.14100787 0.04027911 0.38429719
v -0.14305637 0.03641228 0.37646026
v -0.14297551 0.03553281 0.38048464
v -0.14347416 0.03355054 0.38184021
v -0.13971407 0.04600258 0.37650262
v -0.14199167 0.04467641 0.35684677
v -0.14355502 0.03775240 0.36595455
v -0.14324504 0.03691482 0.37252062
v -0.14533397 0.02927887 0.37256298
v -0.14536094 0.02481177 0.38421248
v -0.14568438 0.02476989 0.38039990
v -0.14600784 0.02474198 0.37650262
v -0.14765202 0.02224319 0.36265031
v -0.14618302 0.02087514 0.38421248
v -0.14370325 0.03201497 0.38421248
v -0.14373022 0.03430436 0.37641791
v -0.14385151 0.03268504 0.38048464
v -0.14359545 0.03391349 0.37925614
v -0.14390542 0.03483483 0.37252062
v -0.14486229 0.03276880 0.36858098
v -0.14336633 0.03320155 0.38417013
v -0.14641214 0.01713395 0.38806741
v -0.14673559 0.01706415 0.38421248
v -0.14747682 0.01841824 0.37256298
v -0.14914797 0.01692455 0.35316128
v -0.15061697 0.01691059 0.33380194
v -0.15143907 0.01289020 0.32986226
v -0.15224767 0.01153611 0.32083921
v -0.15172208 0.00988887 0.32986226
v -0.15189728 0.00582660 0.32990465
v -0.15235550 0.00134554 0.32621916
v -0.15266547 0.00108031 0.32206772
v -0.15320455 0.00109426 0.31418841
v -0.15321803 -0.00045526 0.31418841
v -0.14811025 0.04721707 0.15215449
v -0.14806981 0.04703560 0.15012113
v -0.14740944 0.04859908 0.14626621
v -0.14627737 0.05185169 0.14630856
v -0.14475447 0.05592791 0.14635093
v -0.14007794 0.06592305 0.13864108
v -0.14492967 0.05591396 0.15020585
v -0.14312375 0.06056253 0.15024822
v -0.14161434 0.06371743 0.14643565
v -0.14029358 0.06631392 0.14643565
v -0.15130430 0.03604932 0.15795807
v -0.15021265 0.04069790 0.16181299
v -0.14885148 0.04526271 0.15787335
v -0.15642556 -0.00045526 0.17363192
v -0.15647947 -0.00045526 0.17532641
v -0.15651990 0.00105239 0.17765630
v -0.15587300 0.01283436 0.17761395
v -0.15676248 -0.00045526 0.18650992
v -0.15626384 0.00988887 0.18159594
v -0.15603472 0.01282040 0.18549323
v -0.15468703 0.02143353 0.17354722
v -0.15459269 0.02133581 0.16960756
v -0.15270590 0.03117739 0.16571027
v -0.15397274 0.02503513 0.16964993
v -0.15277328 0.03147054 0.16960756
v -0.15157383 0.03603536 0.16571027
v -0.15143907 0.03604932 0.16185535
v -0.15242288 0.03306195 0.16960756
v -0.12467373 0.07816570 0.07238722
v -0.12441767 0.07781670 0.06959133
v -0.12627749 0.07570879 0.07238722
v -0.12719394 0.07537376 0.07645395
v -0.12784083 0.07316813 0.07234485
v -0.12747695 0.07263766 0.06840521
v -0.12590014 0.07921267 0.08403671
v -0.12501066 0.07865428 0.07632686
v -0.12743652 0.07256786 0.06793922
v -0.13877068 0.06687231 0.12716103
v -0.13536100 0.07244222 0.12300958
v -0.13673566 0.07065539 0.12694922
v -0.13553620 0.07276330 0.12690686
v -0.13301599 0.07492705 0.11513028
v -0.13356856 0.07541564 0.12296721
v -0.13301599 0.07566692 0.11923937
v -0.13165481 0.07642074 0.11123299
v -0.12912115 0.07879388 0.10343842
v -0.12883812 0.07845885 0.09954113
v -0.12854163 0.07809590 0.09568620
v -0.12831251 0.07778879 0.09263616
v -0.12650661 0.07924060 0.08789164
v -0.13874372 0.06748654 0.13088887
v -0.13889197 0.06775177 0.13474379
v -0.08913486 0.11224129 0.06793922
v -0.09440437 0.10919808 0.07221777
v -0.08967394 0.11260424 0.07217540
v -0.08998392 0.11164103 0.06793922
v -0.09111599 0.11083137 0.06793922
v -0.09164159 0.11045445 0.06793922
v -0.09381139 0.10889097 0.06793922
v -0.09014564 0.11291136 0.07607269
v -0.09060386 0.11321847 0.07992762
v -0.09102164 0.11351162 0.08382489
v -0.09131814 0.11441901 0.09157711
v -0.08912139 0.11634544 0.09445771
v -0.08937745 0.11651296 0.09704178
v -0.08959308 0.11666652 0.09932932
v -0.08739633 0.11855108 0.10322660
v -0.08759848 0.11933281 0.11110590
v -0.09092731 0.11755993 0.11504556
v -0.08836667 0.11963993 0.11902757
v -0.09030737 0.11712719 0.10716626
v -0.09063082 0.11735054 0.11110590
v -0.08164165 0.12405119 0.12161163
v -0.08015918 0.12495857 0.12300958
v -0.07980878 0.12544716 0.12699159
v -0.07979530 0.12572636 0.13084651
v -0.07480881 0.12839265 0.13084651
v -0.07506487 0.12850433 0.13465907
v -0.07529398 0.12861600 0.13847163
v -0.07549613 0.12872768 0.14236892
v -0.07568482 0.12882540 0.14626621
v -0.07165519 0.13072392 0.14618148
v -0.07165519 0.13089143 0.15007877
v -0.06750427 0.13272016 0.15003640
v -0.06421588 0.13424175 0.15389134
v -0.06037494 0.13548417 0.14999405
v -0.05802993 0.13625196 0.14999405
v -0.05606229 0.13688014 0.14999405
v -0.05660137 0.13679639 0.15401841
v -0.05266609 0.13801088 0.15389134
v -0.04900034 0.13883450 0.14999405
v -0.04300307 0.14013275 0.14995168
v -0.04040201 0.14052362 0.14995168
v -0.03617023 0.14113786 0.14995168
v -0.03316486 0.14157060 0.14995168
v -0.02978213 0.14173812 0.14995168
v -0.02185765 0.14211503 0.14986696
v -0.01925659 0.14196146 0.14609676
v -0.05804341 0.12793199 0.29673536
v -0.05749085 0.12779238 0.29936178
v -0.04878471 0.13224552 0.27868923
v -0.03726187 0.13530269 0.26733626
v -0.04030767 0.13478618 0.26729387
v -0.04875775 0.13332042 0.26720917
v -0.05056367 0.13200820 0.27729127
v -0.05214049 0.13064017 0.28652615
v -0.05591405 0.12920231 0.29038109
v -0.03398696 0.13717329 0.24793455
v -0.03726187 0.13694994 0.24780745
v -0.03727535 0.13662887 0.25178946
v -0.03730230 0.13621008 0.25683052
v -0.03731578 0.13597275 0.25958404
v -0.02230239 0.13833195 0.24009760
v -0.01925659 0.13785733 0.24407961
v -0.02505170 0.13795504 0.24403726
v -0.03397348 0.13748041 0.24399489
v -0.06778729 0.12169200 0.32194063
v -0.06767947 0.12125925 0.32575318
v -0.06699214 0.12056127 0.33346304
v -0.06021321 0.12574031 0.31012168
v -0.06053666 0.12516797 0.31410367
v -0.06433717 0.12343696 0.31808570
v -0.06404068 0.12581011 0.29821801
v -0.06431022 0.12480501 0.30622439
v -0.07412148 0.10840238 0.40772327
v -0.07493010 0.11679215 0.33744504
v -0.08226159 0.10475890 0.40785036
v -0.07746378 0.11603833 0.33456443
v -0.07956619 0.11422357 0.34138468
v -0.08106214 0.11196210 0.35396615
v -0.09107556 0.09867248 0.41556019
v -0.09106207 0.09815597 0.41941513
v -0.08917530 0.10050120 0.41102751
v -0.09471434 0.09733235 0.40780800
v -0.09515909 0.09798845 0.40001343
v -0.09695153 0.10438199 0.33757213
v -0.10591374 0.08966848 0.40005578
v -0.11205925 0.09223707 0.33744504
v -0.10804310 0.08821667 0.39620088
v -0.10777357 0.08795143 0.40009817
v -0.10750402 0.08768620 0.40395307
v -0.09718064 0.10453554 0.33503041
v -0.09883831 0.10346065 0.33367484
v -0.10216713 0.10143650 0.32973520
v -0.10405391 0.10001261 0.32969282
v -0.10621023 0.09776510 0.33359011
v -0.10786790 0.09588054 0.33752978
v -0.10952558 0.08578769 0.40399545
v -0.11178971 0.08415440 0.40014052
v -0.11309698 0.08169750 0.40789274
v -0.11728833 0.07820758 0.40009817
v -0.11335305 0.08197669 0.40399545
v -0.11974115 0.08443360 0.33744504
v -0.11998373 0.08472675 0.33350540
v -0.11995678 0.07679765 0.38836392
v -0.12494327 0.07830530 0.33748739
v -0.12468720 0.07802610 0.34142706
v -0.12092712 0.07432678 0.39620088
v -0.12460634 0.07002720 0.39226121
v -0.12029370 0.07344733 0.40674894
v -0.12013198 0.07323793 0.40933302
v -0.12142577 0.07108814 0.41174764
v -0.12529367 0.06705379 0.40391072
v -0.12649313 0.06736090 0.39221886
v -0.12778692 0.06480627 0.39611614
v -0.12889203 0.06311715 0.39607379
v -0.12918853 0.06399662 0.38853337
v -0.12864944 0.06618828 0.38056938
v -0.12823165 0.06931526 0.36603926
v -0.13267907 0.06271232 0.36476840
v -0.13246345 0.06237729 0.36866569
v -0.13424241 0.05992039 0.36472605
v -0.09162811 0.09932859 0.40780800
v -0.13631786 0.05439235 0.37256298
v -0.13616962 0.05404336 0.37565539
v -0.13687042 0.05232632 0.37679915
v -0.13790815 0.04845948 0.38442428
v -0.13749037 0.05193545 0.37256298
v -0.13983536 0.04640741 0.37357965
v -0.14100787 0.04820821 0.35294948
v -0.14134479 0.04823613 0.34905219
v -0.14166823 0.04827801 0.34519726
v -0.14232861 0.04469037 0.35294948
v -0.13992970 0.04679828 0.37095322
v -0.14406714 0.03539322 0.36853860
v -0.14297551 0.04476017 0.34519726
v -0.14412105 0.03932985 0.35294948
v -0.14487576 0.03595160 0.35680438
v -0.14564395 0.02932075 0.36862333
v -0.14633128 0.02470010 0.37260533
v -0.14777331 0.02264802 0.36010862
v -0.14757116 0.02181044 0.36472605
v -0.14681646 0.02079138 0.37650262
v -0.14577872 0.03289443 0.35684677
v -0.14769245 0.01954897 0.36773372
v -0.14979487 0.02074950 0.33765684
v -0.15007789 0.02077743 0.33380194
v -0.15036091 0.02080534 0.32990465
v -0.15089998 0.01692455 0.32990465
v -0.14863584 0.02072159 0.35316128
v -0.14921536 0.02073555 0.34545141
v -0.15170861 0.01293208 0.32596501
v -0.15232855 0.00997263 0.32122046
v -0.15219378 0.00994471 0.32321146
v -0.15200509 0.00991679 0.32596501
v -0.15143907 0.01693851 0.32206772
v -0.15255766 0.01252725 0.31414605
v -0.15305631 0.01001451 0.31029112
v -0.15280025 0.01001451 0.31414605
v -0.15231507 0.00420728 0.32507539
v -0.15226116 0.00803223 0.32346564
v -0.15324499 0.00581264 0.31033348
v -0.15346061 0.00105239 0.31033348
v -0.15347409 -0.00045526 0.31033348
v -0.14757116 0.04861304 0.15016349
v -0.14815067 0.04741251 0.15473856
v -0.14645257 0.05186565 0.15016349
v -0.13901326 0.06797512 0.13859871
v -0.13912109 0.06818452 0.14253837
v -0.14507791 0.05591396 0.15406078
v -0.14320461 0.06074401 0.15414550
v -0.14177606 0.06371743 0.15033294
v -0.14038792 0.06648144 0.15033294
v -0.13922889 0.06836600 0.14643565
v -0.15034742 0.04068394 0.16571027
v -0.14898625 0.04526271 0.16177062
v -0.15654685 -0.00045526 0.17761395
v -0.15681639 -0.00045526 0.19163570
v -0.15680291 -0.00007835 0.18943289
v -0.15657381 0.00578472 0.18943289
v -0.15641209 0.00986095 0.18943289
v -0.15610210 0.01282040 0.18939052
v -0.15482179 0.02158709 0.18138414
v -0.15475441 0.02151729 0.17748686
v -0.15414794 0.02517473 0.17748686
v -0.15406708 0.02510493 0.17354722
v -0.15282719 0.03170786 0.17350485
v -0.15178948 0.03600744 0.17354722
v -0.15045525 0.04068394 0.16956519
v -0.15288111 0.03193122 0.17744450
v -0.15261156 0.03308987 0.17744450
v -0.12336646 0.07991066 0.07238722
v -0.12317778 0.07915684 0.06832048
v -0.12347428 0.07865428 0.06793922
v -0.12425594 0.07759335 0.06793922
v -0.12499718 0.07644865 0.06793922
v -0.12533410 0.07602986 0.06832048
v -0.12056325 0.08536890 0.08013942
v -0.12513195 0.07940811 0.08035124
v -0.12467373 0.08165562 0.08789164
v -0.12371686 0.08035737 0.07628450
v -0.12139882 0.08250716 0.07234485
v -0.13394591 0.07541564 0.12690686
v -0.13689738 0.07092062 0.13084651
v -0.13568444 0.07305645 0.13080415
v -0.13428284 0.07542960 0.13080415
v -0.13203218 0.07707684 0.11805325
v -0.13187045 0.07679765 0.11513028
v -0.13227476 0.07748167 0.12296721
v -0.13215347 0.07731416 0.12067967
v -0.12940416 0.07908703 0.10733571
v -0.12812385 0.08087387 0.10733571
v -0.12786778 0.08053884 0.10343842
v -0.12759824 0.08017589 0.09954113
v -0.12730174 0.07979898 0.09568620
v -0.12720740 0.07905912 0.09153474
v -0.12497023 0.08208837 0.09178891
v -0.13703214 0.07115793 0.13470144
v -0.09627768 0.10778816 0.07221777
v -0.09673590 0.10809527 0.07611506
v -0.09487607 0.10949123 0.07611506
v -0.09261193 0.11178062 0.07996997
v -0.09568469 0.10746708 0.06793922
v -0.09575208 0.10748104 0.06827811
v -0.09301624 0.11207378 0.08382489
v -0.09568469 0.11129203 0.09161947
v -0.09416179 0.11292532 0.09547440
v -0.09486260 0.11345578 0.10326897
v -0.09197851 0.11547995 0.10326897
v -0.08994349 0.11690383 0.10326897
v -0.09532081 0.11448880 0.11504556
v -0.09549601 0.11514491 0.12296721
v -0.09164159 0.11747618 0.11940881
v -0.08867665 0.11979348 0.12300958
v -0.09556340 0.11345578 0.10737806
v -0.09529385 0.11407001 0.11110590
v -0.08912139 0.12004476 0.12970274
v -0.08183033 0.12413495 0.12428042
v -0.07979530 0.12599159 0.13465907
v -0.07980878 0.12622891 0.13851399
v -0.07980878 0.12645225 0.14236892
v -0.07979530 0.12666165 0.14626621
v -0.07945837 0.12702460 0.14990933
v -0.07793547 0.12786219 0.15101072
v -0.07580611 0.12909064 0.15397606
v -0.07173605 0.13111479 0.15778862
v -0.06804335 0.13260847 0.15418786
v -0.06773338 0.13284580 0.15770390
v -0.05995715 0.13572149 0.15401841
v -0.06421588 0.13432551 0.15774625
v -0.06044232 0.13563774 0.15774625
v -0.05815123 0.13627988 0.15283229
v -0.05823209 0.13630780 0.15541635
v -0.05827252 0.13633571 0.15774625
v -0.05626445 0.13696390 0.15774625
v -0.05269304 0.13805275 0.15774625
v -0.04900034 0.13890431 0.15389134
v -0.04307046 0.14017463 0.15384897
v -0.04036158 0.14057947 0.15380661
v -0.03614328 0.14119369 0.15380661
v -0.03315138 0.14161247 0.15376424
v -0.02974170 0.14178000 0.15376424
v -0.02189808 0.14214294 0.15372189
v -0.01925659 0.14203126 0.15376424
v -0.01925659 0.14200334 0.14986696
v -0.05599491 0.12998405 0.28267122
v -0.05913505 0.12826702 0.29038109
v -0.06401372 0.12625683 0.29427834
v -0.06018626 0.12620099 0.30613968
v -0.03866348 0.13625196 0.25428880
v -0.04878471 0.13400445 0.25945695
v -0.05602186 0.13034700 0.27881629
v -0.05216744 0.13103103 0.28267122
v -0.05098146 0.13211989 0.27491900
v -0.03394653 0.13806671 0.23615796
v -0.03726187 0.13724310 0.24386781
v -0.01925659 0.13816442 0.24013997
v -0.02226196 0.13862510 0.23620032
v -0.02502475 0.13854134 0.23620032
v -0.06792206 0.12211079 0.31808570
v -0.06561749 0.12419078 0.30757996
v -0.06606223 0.12433039 0.30495353
v -0.07095439 0.12084046 0.31804334
v -0.07559047 0.11746222 0.32965046
v -0.08828581 0.10380964 0.38819448
v -0.08134516 0.11214358 0.35133973
v -0.08904053 0.10414468 0.38200965
v -0.07780071 0.11619188 0.33198035
v -0.07926970 0.11534034 0.33337831
v -0.07995703 0.11546599 0.32965046
v -0.08948527 0.10071059 0.40780800
v -0.09199199 0.09957985 0.40391072
v -0.09022650 0.10119918 0.40005578
v -0.08959308 0.10447971 0.37641791
v -0.09274670 0.10808131 0.32977756
v -0.09549601 0.10628051 0.32981991
v -0.11011856 0.09396806 0.33748739
v -0.11234227 0.09248833 0.33350540
v -0.11205925 0.08441964 0.39624323
v -0.10979512 0.08605292 0.40009817
v -0.09763886 0.10482870 0.32977756
v -0.09794883 0.10505205 0.32588027
v -0.10249058 0.10164590 0.32583792
v -0.10436388 0.10023596 0.32579553
v -0.10459299 0.10041743 0.32274550
v -0.10652020 0.09797449 0.32969282
v -0.10817788 0.09610390 0.33359011
v -0.12122361 0.08214421 0.34138468
v -0.11360911 0.08224192 0.40014052
v -0.11762526 0.08613668 0.34142706
v -0.11789479 0.08640191 0.33744504
v -0.11862255 0.08716970 0.32571082
v -0.12011850 0.08488030 0.33121786
v -0.12515890 0.07859845 0.33350540
v -0.12145273 0.08243736 0.33744504
v -0.12763867 0.07649054 0.32575318
v -0.12745000 0.07616946 0.32965046
v -0.12724785 0.07583443 0.33354775
v -0.12510499 0.07059955 0.38450902
v -0.12781387 0.06878479 0.37281716
v -0.12711306 0.06708171 0.38861811
v -0.12801604 0.06514131 0.39217650
v -0.12816428 0.07330773 0.34146942
v -0.12837991 0.06952465 0.36341283
v -0.13289470 0.06301943 0.36087111
v -0.13563053 0.06099528 0.34528197
v -0.13649306 0.05482510 0.36862333
v -0.13463324 0.05992039 0.36082876
v -0.08986262 0.10094790 0.40395307
v -0.13790815 0.05187961 0.36858098
v -0.13827204 0.04851533 0.38048464
v -0.13891892 0.05206108 0.35684677
v -0.13929629 0.05281491 0.34909455
v -0.13948496 0.05317786 0.34519726
v -0.14002403 0.04711935 0.36853860
v -0.14018577 0.04762190 0.36459896
v -0.13829898 0.05183773 0.36464134
v -0.13967364 0.05351289 0.34134233
v -0.14054964 0.05154457 0.34134233
v -0.14059007 0.05217276 0.33761448
v -0.14108873 0.05182377 0.33359011
v -0.14231513 0.04830593 0.33744504
v -0.14355502 0.04591882 0.33354775
v -0.14339330 0.04545815 0.33740268
v -0.13922889 0.04811049 0.37239353
v -0.14502401 0.04039078 0.33740268
v -0.14580569 0.03597952 0.34519726
v -0.14549570 0.03597952 0.34905219
v -0.14595392 0.02934867 0.36468369
v -0.14792157 0.02310869 0.35697383
v -0.14833935 0.02072159 0.35701618
v -0.14712642 0.02074950 0.37260533
v -0.14638519 0.03293631 0.34909455
v -0.14961967 0.02468614 0.32986226
v -0.15063044 0.02083326 0.32600736
v -0.15089998 0.02086118 0.32206772
v -0.15271938 0.01318336 0.31029112
v -0.15298893 0.01291812 0.30643619
v -0.15321803 0.01291812 0.30258129
v -0.15328541 0.00998659 0.30647857
v -0.15371667 0.00574284 0.30258129
v -0.15370319 0.00101051 0.30647857
v -0.15371667 -0.00045526 0.30647857
v -0.14775985 0.04844552 0.15367952
v -0.14660082 0.05186565 0.15401841
v -0.14819111 0.04762190 0.15783098
v -0.13716692 0.07135337 0.13859871
v -0.13707258 0.07186988 0.14215711
v -0.14521268 0.05592791 0.15791570
v -0.14333938 0.06102320 0.16185535
v -0.14192430 0.06373138 0.15418786
v -0.13932324 0.06851955 0.15033294
v -0.14046878 0.06662103 0.15418786
v -0.13769252 0.07147901 0.15029057
v -0.13751731 0.07146504 0.14639328
v -0.14910754 0.04524876 0.16562555
v -0.15687029 -0.00045526 0.19710038
v -0.15684334 0.00036836 0.19328780
v -0.15646599 0.00986095 0.19328780
v -0.15615603 0.01282040 0.19328780
v -0.15492961 0.02165688 0.18922107
v -0.15487571 0.02164292 0.18532378
v -0.15421532 0.02523056 0.18138414
v -0.15292154 0.03214061 0.18134179
v -0.15187034 0.03599348 0.17748686
v -0.15053611 0.04068394 0.17350485
v -0.14929622 0.04526271 0.17346248
v -0.14921536 0.04524876 0.16952284
v -0.15267894 0.03310383 0.18138414
v -0.12103494 0.08200461 0.06840521
v -0.12099451 0.08193481 0.06793922
v -0.12286781 0.07946395 0.06793922
v -0.12305649 0.07921267 0.06793922
v -0.12088669 0.08575977 0.08395198
v -0.11924250 0.08776996 0.08390963
v -0.12033413 0.08508970 0.07755535
v -0.12150664 0.08326099 0.07628450
v -0.11986244 0.08448944 0.07234485
v -0.12010503 0.08479655 0.07497129
v -0.13246345 0.07776087 0.12690686
v -0.13581922 0.07329377 0.13470144
v -0.13456585 0.07542960 0.13465907
v -0.13262517 0.07801214 0.13080415
v -0.13277341 0.07823549 0.13465907
v -0.13017235 0.07928247 0.11513028
v -0.12945807 0.07964542 0.11110590
v -0.12898638 0.08213025 0.12300958
v -0.12878423 0.08183709 0.11906992
v -0.13088663 0.07889160 0.11923937
v -0.12827210 0.08106931 0.10970796
v -0.12709959 0.08349830 0.11513028
v -0.12712654 0.08280031 0.11110590
v -0.12642573 0.08309346 0.10733571
v -0.12559016 0.08344246 0.10305716
v -0.12554973 0.08284220 0.09949876
v -0.12526672 0.08247924 0.09564385
v -0.12343384 0.08407064 0.09174656
v -0.12121014 0.08615064 0.08784927
v -0.12374381 0.08444756 0.09560148
v -0.09813750 0.10551273 0.06827811
v -0.09860920 0.10581984 0.07221777
v -0.10328573 0.10323730 0.07996997
v -0.09697849 0.10827675 0.07831787
v -0.09552297 0.10960291 0.07975816
v -0.09518604 0.11048238 0.08382489
v -0.09809707 0.10547085 0.06793922
v -0.09788144 0.10901660 0.08767983
v -0.09604857 0.11157123 0.09547440
v -0.09751756 0.10872345 0.08378254
v -0.09674937 0.11210170 0.10326897
v -0.09701892 0.11228317 0.10623429
v -0.09723455 0.11243673 0.10881837
v -0.09738280 0.11257632 0.11110590
v -0.09765233 0.11278572 0.11500319
v -0.09792187 0.11299512 0.11898520
v -0.09819141 0.11317659 0.12296721
v -0.09577903 0.11529846 0.12690686
v -0.09134509 0.11832772 0.12694922
v -0.09095426 0.11890006 0.13088887
v -0.08926963 0.12014248 0.13224444
v -0.08223464 0.12435831 0.13080415
v -0.08245027 0.12449790 0.13465907
v -0.08263895 0.12463750 0.13847163
v -0.08296240 0.12487480 0.14622384
v -0.07998398 0.12692688 0.15401841
v -0.08010527 0.12701064 0.15787335
v -0.07580611 0.12921627 0.15783098
v -0.07183039 0.13115667 0.16164354
v -0.06773338 0.13291560 0.16160117
v -0.06421588 0.13438136 0.16164354
v -0.06049623 0.13565170 0.16164354
v -0.05832643 0.13634967 0.16164354
v -0.05626445 0.13700577 0.16164354
v -0.05269304 0.13806671 0.16168591
v -0.04900034 0.13894618 0.15778862
v -0.04308394 0.14020255 0.15770390
v -0.04033463 0.14062135 0.15770390
v -0.03611632 0.14122161 0.15766153
v -0.03312443 0.14162643 0.15761916
v -0.02968779 0.14179396 0.15757681
v -0.02189808 0.14215690 0.15753444
v -0.01925659 0.14203126 0.15761916
v -0.06017278 0.12907668 0.27881629
v -0.06400025 0.12667561 0.29042344
v -0.05971456 0.12846246 0.28652615
v -0.06646654 0.12448394 0.30215766
v -0.04871732 0.13467451 0.25157766
v -0.04875775 0.13433948 0.25551730
v -0.03730230 0.13780149 0.23611559
v -0.04037506 0.13700577 0.23988580
v -0.04604888 0.13598671 0.24056359
v -0.04863646 0.13530269 0.24369837
v -0.04867689 0.13499558 0.24763801
v -0.05242350 0.13379505 0.25153531
v -0.05243698 0.13346002 0.25547495
v -0.05243698 0.13312498 0.25941459
v -0.05164183 0.13230137 0.27106410
v -0.05603534 0.13107291 0.27106410
v -0.05603534 0.13070996 0.27491900
v -0.06018626 0.12980257 0.27110645
v -0.02513256 0.13909973 0.22844811
v -0.03398696 0.13861114 0.22836339
v -0.01925659 0.13875073 0.23234540
v -0.02227544 0.13918349 0.22844811
v -0.06701910 0.12469334 0.29821801
v -0.07146651 0.12152449 0.31016403
v -0.07178996 0.12092421 0.31423076
v -0.07327243 0.12014248 0.31558636
v -0.07561743 0.11790893 0.32575318
v -0.08041524 0.11570330 0.32575318
v -0.08085998 0.11592665 0.32189824
v -0.08236941 0.11278572 0.34138468
v -0.08328584 0.11369310 0.32969282
v -0.08755805 0.11127808 0.32973520
v -0.08897314 0.10813714 0.34917925
v -0.08922920 0.10830467 0.34655283
v -0.08968743 0.10865365 0.34138468
v -0.08931006 0.10429823 0.37938323
v -0.07809720 0.11633149 0.32965046
v -0.07859584 0.11655484 0.32575318
v -0.09061734 0.10944936 0.32977756
v -0.09088688 0.10972855 0.32588027
v -0.09302972 0.10834654 0.32592262
v -0.09553644 0.10669930 0.32592262
v -0.10883825 0.09657853 0.32482121
v -0.10904040 0.09674604 0.32194063
v -0.11119673 0.09533611 0.31804334
v -0.11041506 0.09417746 0.33354775
v -0.11265225 0.09279545 0.32850670
v -0.11661448 0.08885882 0.32846434
v -0.11626407 0.08857962 0.33350540
v -0.11598106 0.08835627 0.33744504
v -0.11402689 0.09029667 0.33744504
v -0.11377083 0.09003144 0.34138468
v -0.09670894 0.10812318 0.30622439
v -0.09824532 0.10527541 0.32202534
v -0.09855529 0.10547085 0.31812805
v -0.10344745 0.10350253 0.30232710
v -0.10377089 0.10368400 0.29838746
v -0.10406739 0.10387944 0.29449017
v -0.10490296 0.10068267 0.31804334
v -0.10635848 0.09904939 0.32164409
v -0.10709971 0.09791865 0.32600736
v -0.11886514 0.08740701 0.32185589
v -0.12026675 0.08504783 0.32863379
v -0.12536106 0.07887764 0.32960811
v -0.13215347 0.06948277 0.32765947
v -0.13205913 0.06932922 0.32965046
v -0.12957936 0.07124169 0.34142706
v -0.12781387 0.07679765 0.32189824
v -0.12916158 0.07062746 0.34930635
v -0.12873031 0.07001324 0.35714327
v -0.13165481 0.06872895 0.33748739
v -0.13309685 0.06332655 0.35697383
v -0.13406721 0.06364762 0.34528197
v -0.13523970 0.06025542 0.35303419
v -0.13610223 0.06194454 0.33477626
v -0.13775991 0.05595584 0.34913690
v -0.13930975 0.04875264 0.36858098
v -0.13866286 0.04848740 0.37654500
v -0.13978145 0.05370832 0.33901244
v -0.13990276 0.05391772 0.33642836
v -0.14003751 0.05414107 0.33359011
v -0.14022620 0.05443423 0.32969282
v -0.14139869 0.05183773 0.32969282
v -0.14262511 0.04830593 0.33354775
v -0.14370325 0.04635157 0.32965046
v -0.14561700 0.04037683 0.32965046
v -0.14672211 0.03592368 0.33350540
v -0.14641214 0.03596556 0.33740268
v -0.14685689 0.02941847 0.35303419
v -0.14758464 0.03022813 0.34138468
v -0.14809677 0.02366708 0.35311889
v -0.14933665 0.02467218 0.33371720
v -0.14668168 0.03295027 0.34519726
v -0.14697818 0.03295027 0.34134233
v -0.14793505 0.03197309 0.33176855
v -0.14773288 0.03092612 0.33744504
v -0.14988921 0.02470010 0.32596501
v -0.15040134 0.02475593 0.31812805
v -0.15064392 0.02478386 0.31423076
v -0.15162774 0.02093098 0.31037586
v -0.15187034 0.02091702 0.30647857
v -0.15344713 0.01293208 0.29868400
v -0.15374364 0.00995867 0.29868400
v -0.15416142 0.00101051 0.29868400
v -0.15383798 -0.00045526 0.30444519
v -0.14771940 0.04900391 0.15787335
v -0.14673559 0.05186565 0.15787335
v -0.14823154 0.04787318 0.16172826
v -0.14775985 0.04925519 0.16172826
v -0.13594051 0.07348920 0.13855636
v -0.13519928 0.07513645 0.14211475
v -0.13513189 0.07566692 0.14635093
v -0.14685689 0.05186565 0.16177062
v -0.14696469 0.05186565 0.16562555
v -0.14542832 0.05592791 0.16566790
v -0.14337981 0.06113488 0.16575264
v -0.14216688 0.06371743 0.16194006
v -0.14204559 0.06373138 0.15804279
v -0.14053616 0.06673271 0.15808515
v -0.13940410 0.06864519 0.15418786
v -0.13784077 0.07149297 0.15418786
v -0.13948496 0.06875687 0.15808515
v -0.13626395 0.07400571 0.15024822
v -0.15688377 -0.00045526 0.19879484
v -0.15689725 -0.00045526 0.20095529
v -0.15688377 0.00094071 0.20095529
v -0.15650642 0.00981907 0.19714274
v -0.15619644 0.01280644 0.19714274
v -0.15497004 0.02167085 0.19311836
v -0.15432314 0.02530036 0.18922107
v -0.15426924 0.02527245 0.18532378
v -0.15293500 0.03225229 0.18371403
v -0.15061697 0.04066998 0.17744450
v -0.15200509 0.03597952 0.18532378
v -0.14831240 0.04827801 0.16948048
v -0.14936360 0.04527667 0.17740213
v -0.14827197 0.04809653 0.16558320
v -0.11947160 0.08398689 0.06840521
v -0.11964680 0.08362393 0.06793922
v -0.11732876 0.08990580 0.08386726
v -0.11265225 0.09303276 0.07370043
v -0.11887862 0.08736513 0.08009707
v -0.11956594 0.08816083 0.08780690
v -0.11796218 0.08668110 0.07230249
v -0.11753092 0.08624835 0.06836284
v -0.12935025 0.08263280 0.13080415
v -0.12917505 0.08239548 0.12694922
v -0.13482191 0.07542960 0.13855636
v -0.13292166 0.07841697 0.13855636
v -0.12951197 0.08282824 0.13470144
v -0.12858206 0.08152998 0.11513028
v -0.12754433 0.08409857 0.12300958
v -0.12774649 0.08436380 0.12694922
v -0.12732871 0.08380541 0.11902757
v -0.12511847 0.08605292 0.11508791
v -0.12484893 0.08577373 0.11119062
v -0.12457939 0.08548058 0.10729334
v -0.12416160 0.08499198 0.10148978
v -0.12402684 0.08481051 0.09949876
v -0.12435028 0.08521534 0.10411620
v -0.12153359 0.08651359 0.09170419
v -0.12184356 0.08684862 0.09560148
v -0.10424259 0.10020804 0.06840521
v -0.10452561 0.10047328 0.07098928
v -0.10479515 0.10073851 0.07357334
v -0.10394610 0.10036160 0.06793922
v -0.10507817 0.10097582 0.07619978
v -0.10370351 0.10355837 0.08382489
v -0.10470081 0.10435407 0.09411882
v -0.09824532 0.10929579 0.09157711
v -0.10409434 0.10386549 0.08772218
v -0.10445822 0.10417260 0.09161947
v -0.09859572 0.10956103 0.09547440
v -0.09931001 0.10954707 0.09962586
v -0.09905395 0.11024506 0.10326897
v -0.10346092 0.10721581 0.10716626
v -0.10377089 0.10746708 0.11106355
v -0.10406739 0.10770439 0.11496083
v -0.10433693 0.10792775 0.11894284
v -0.10456604 0.10813714 0.12288249
v -0.10478167 0.10833258 0.12682214
v -0.10492992 0.10848614 0.12978746
v -0.09844748 0.11333015 0.12690686
v -0.09603509 0.11545202 0.13076178
v -0.09626420 0.11560558 0.13461670
v -0.09646635 0.11575914 0.13851399
v -0.09453915 0.11705738 0.13851399
v -0.08956613 0.12037979 0.13847163
v -0.08727504 0.12201307 0.14236892
v -0.08988958 0.12063106 0.14626621
v -0.08728852 0.12243187 0.15016349
v -0.08311064 0.12497253 0.15012113
v -0.08323194 0.12507024 0.15401841
v -0.08332627 0.12515401 0.15787335
v -0.08339366 0.12522380 0.16172826
v -0.08017266 0.12706647 0.16172826
v -0.07827240 0.12804366 0.16172826
v -0.07580611 0.12930002 0.16172826
v -0.07580611 0.12935587 0.16558320
v -0.07185735 0.13117062 0.16554083
v -0.06773338 0.13294351 0.16549846
v -0.06422936 0.13439532 0.16549846
v -0.06049623 0.13566565 0.16554083
v -0.05832643 0.13636363 0.16554083
v -0.05626445 0.13700577 0.16554083
v -0.05269304 0.13805275 0.16558320
v -0.04898687 0.13894618 0.16168591
v -0.04303003 0.14020255 0.16160117
v -0.04029420 0.14062135 0.16160117
v -0.03610285 0.14122161 0.16155882
v -0.03311095 0.14161247 0.16151646
v -0.02498432 0.14198938 0.16143173
v -0.02191156 0.14212898 0.16143173
v -0.01925659 0.14198938 0.16164354
v -0.06467410 0.12759694 0.27885867
v -0.06398677 0.12706647 0.28652615
v -0.06750427 0.12533548 0.29042344
v -0.05239655 0.13411612 0.24759564
v -0.04674968 0.13605652 0.23793716
v -0.03734273 0.13806671 0.23221832
v -0.04049635 0.13753624 0.23213358
v -0.04711356 0.13612631 0.23594615
v -0.04898687 0.13577733 0.23590379
v -0.04968767 0.13590296 0.23200651
v -0.05235611 0.13442323 0.24365600
v -0.05776040 0.13195237 0.25547495
v -0.05525367 0.13232929 0.25937224
v -0.05662833 0.13160338 0.26326952
v -0.05241002 0.13278995 0.26326952
v -0.05576580 0.13150565 0.26708207
v -0.06029407 0.13080768 0.25941459
v -0.06412155 0.12955131 0.25941459
v -0.06421588 0.12846246 0.27114881
v -0.02524038 0.13935101 0.22455082
v -0.03739664 0.13831799 0.22827866
v -0.03410825 0.13909973 0.22061117
v -0.01925659 0.13904390 0.22819394
v -0.02227544 0.13943476 0.22455082
v -0.07143956 0.12240395 0.30224239
v -0.07111611 0.12339508 0.29440544
v -0.07459318 0.12061710 0.30622439
v -0.07404062 0.12042167 0.31016403
v -0.07364979 0.12028207 0.31295990
v -0.07565786 0.11878839 0.31804334
v -0.07906754 0.11677819 0.32189824
v -0.07963358 0.11739242 0.31414605
v -0.07960662 0.11785308 0.31020638
v -0.08118343 0.11610813 0.31889057
v -0.08329932 0.11413981 0.32579553
v -0.08793542 0.11152935 0.32583792
v -0.07618346 0.11944449 0.31020638
v -0.08827234 0.11178062 0.32194063
v -0.08860926 0.11201794 0.31804334
v -0.08918877 0.11235297 0.31177378
v -0.08974133 0.11261820 0.30626674
v -0.09184375 0.11127808 0.30626674
v -0.09181679 0.11000775 0.31795860
v -0.09482216 0.10936560 0.30626674
v -0.10952558 0.09719275 0.31414605
v -0.11143931 0.09555947 0.31414605
v -0.11304307 0.09321424 0.32185589
v -0.11281397 0.09297693 0.32571082
v -0.11700532 0.08927761 0.32185589
v -0.09519952 0.11035673 0.29444782
v -0.09731541 0.10851406 0.29834511
v -0.09761190 0.10870949 0.29444782
v -0.09788144 0.10890493 0.29059289
v -0.10432345 0.10407488 0.29059289
v -0.10565768 0.10132482 0.30630910
v -0.10540161 0.10111543 0.31024877
v -0.11908077 0.08764432 0.31800096
v -0.12064411 0.08548058 0.32189824
v -0.12042848 0.08524326 0.32571082
v -0.12530715 0.07942207 0.32583792
v -0.12596752 0.07912892 0.32189824
v -0.13328553 0.06789137 0.32613442
v -0.13331250 0.06730506 0.32969282
v -0.13227476 0.06967821 0.32507539
v -0.13443109 0.06367554 0.34138468
v -0.13185698 0.06903606 0.33354775
v -0.13240954 0.06990156 0.32194063
v -0.12633140 0.07915684 0.31804334
v -0.12811036 0.07730020 0.31490855
v -0.13478148 0.06370346 0.33748739
v -0.13621005 0.06216789 0.33219218
v -0.13798901 0.06031126 0.32198298
v -0.13738254 0.06021354 0.32973520
v -0.13828550 0.06035314 0.31808570
v -0.14073832 0.05524389 0.31804334
v -0.14199167 0.05186565 0.32189824
v -0.14292160 0.04830593 0.32965046
v -0.14390542 0.04688204 0.32443996
v -0.14499705 0.04487184 0.31795860
v -0.14615608 0.04037683 0.32185589
v -0.14736901 0.03649603 0.32181354
v -0.14727467 0.03293631 0.33740268
v -0.14722076 0.03607724 0.32575318
v -0.14715338 0.03547698 0.32926922
v -0.14773288 0.03382973 0.32770182
v -0.14875714 0.02465822 0.34151177
v -0.14792157 0.03271296 0.32926922
v -0.14813720 0.03285255 0.32575318
v -0.14864933 0.03286651 0.31795860
v -0.14940403 0.02943243 0.31804334
v -0.14964663 0.02947431 0.31414605
v -0.15088650 0.02479782 0.31033348
v -0.15259808 0.02262010 0.28915258
v -0.15255766 0.02195004 0.29173665
v -0.15231507 0.02090306 0.29868400
v -0.15277328 0.01971649 0.29364294
v -0.15271938 0.01904642 0.29626937
v -0.15387839 0.01298792 0.29088942
v -0.15417490 0.00995867 0.29088942
v -0.15437705 0.00102447 0.29482907
v -0.15417490 -0.00045526 0.29868400
v -0.15406708 -0.00045526 0.30054790
v -0.13317773 0.07871013 0.14635093
v -0.13305644 0.07857053 0.14245364
v -0.13522623 0.07582047 0.15024822
v -0.14704555 0.05186565 0.16948048
v -0.14549570 0.05594188 0.16952284
v -0.14342024 0.06121864 0.16960756
v -0.14224774 0.06373138 0.16579500
v -0.14060355 0.06683043 0.16198243
v -0.13796206 0.07150693 0.15804279
v -0.13642568 0.07424303 0.15804279
v -0.13541490 0.07602986 0.15800042
v -0.13532056 0.07594611 0.15414550
v -0.13953887 0.06884062 0.16194006
v -0.13806987 0.07152089 0.16194006
v -0.15692422 -0.00045526 0.20862278
v -0.15691073 0.00115011 0.20866515
v -0.15688377 0.00147118 0.20502203
v -0.15656033 0.00977719 0.20489494
v -0.15669509 0.00578472 0.20099766
v -0.15622341 0.01279248 0.20104002
v -0.15502395 0.02169876 0.20095529
v -0.15436357 0.02531432 0.19311836
v -0.15440400 0.02532828 0.19705801
v -0.15351452 0.02976746 0.19316073
v -0.15292154 0.03246168 0.18634048
v -0.15075174 0.04064206 0.18532378
v -0.15289459 0.03272692 0.18926344
v -0.15263852 0.03385765 0.19239822
v -0.15204554 0.03599348 0.18930581
v -0.15080564 0.04062810 0.18930581
v -0.14833935 0.04841761 0.17337777
v -0.14785419 0.04979961 0.17337777
v -0.14836631 0.04854324 0.17735976
v -0.14952532 0.04529064 0.18922107
v -0.14844718 0.04864096 0.18519671
v -0.11747701 0.08620648 0.06793922
v -0.11917511 0.08419628 0.06793922
v -0.11944465 0.08387521 0.06793922
v -0.11324523 0.09367491 0.08005470
v -0.11765221 0.09029667 0.08776455
v -0.11587325 0.09226498 0.08772218
v -0.11238270 0.09278149 0.07111636
v -0.11142583 0.09553155 0.08005470
v -0.11103500 0.09515463 0.07619978
v -0.11988939 0.08852379 0.09166184
v -0.11375736 0.09047814 0.06793922
v -0.12792169 0.08460111 0.13084651
v -0.12809690 0.08481051 0.13470144
v -0.12966022 0.08300971 0.13859871
v -0.12844729 0.08522930 0.14423284
v -0.12557668 0.08655547 0.12296721
v -0.12579233 0.08677882 0.12690686
v -0.12367643 0.08835627 0.11898520
v -0.12156054 0.09042230 0.11504556
v -0.12320474 0.08782580 0.11114827
v -0.12293519 0.08753265 0.10729334
v -0.12296215 0.08676487 0.10301480
v -0.12187051 0.08743493 0.09907515
v -0.12036109 0.08902633 0.09755012
v -0.10625066 0.09826765 0.06840521
v -0.10417520 0.10015221 0.06793922
v -0.10441779 0.09992885 0.06793922
v -0.10619676 0.09821181 0.06793922
v -0.11180319 0.09589450 0.08390963
v -0.10548248 0.10129690 0.08005470
v -0.10584635 0.10161797 0.08386726
v -0.10619676 0.10193905 0.08772218
v -0.10653368 0.10224616 0.09161947
v -0.10910779 0.10103167 0.09937169
v -0.11141236 0.09946818 0.10326897
v -0.10941776 0.10132482 0.10326897
v -0.10491644 0.10453554 0.09670289
v -0.10311052 0.10695057 0.10322660
v -0.10542856 0.10502414 0.10326897
v -0.10572506 0.10530333 0.10716626
v -0.10600808 0.10556857 0.11106355
v -0.10626414 0.10580588 0.11500319
v -0.10649325 0.10604319 0.11894284
v -0.10670889 0.10625258 0.12288249
v -0.10906736 0.10491246 0.13067706
v -0.10506468 0.10861178 0.13237153
v -0.09866311 0.11348371 0.13071943
v -0.09886526 0.11363726 0.13461670
v -0.09904046 0.11379082 0.13851399
v -0.09664156 0.11589873 0.14241127
v -0.09187070 0.11908155 0.14236892
v -0.09203242 0.11920718 0.14630856
v -0.09218067 0.11933281 0.15020585
v -0.09003782 0.12074275 0.15016349
v -0.09017260 0.12084046 0.15406078
v -0.08730199 0.12259938 0.15401841
v -0.08730199 0.12273898 0.15787335
v -0.08730199 0.12283669 0.16177062
v -0.09038823 0.12103590 0.16571027
v -0.08730199 0.12292045 0.16566790
v -0.08343409 0.12525172 0.16562555
v -0.08021309 0.12710837 0.16562555
v -0.08021309 0.12713628 0.16948048
v -0.07581958 0.12935587 0.16948048
v -0.07184386 0.13118460 0.16939575
v -0.06773338 0.13294351 0.16935339
v -0.06424284 0.13436740 0.16939575
v -0.06426979 0.13432551 0.17329303
v -0.05999758 0.13579129 0.16973464
v -0.05821861 0.13634967 0.17121731
v -0.05665528 0.13683826 0.16973464
v -0.05269304 0.13801088 0.16948048
v -0.04897339 0.13893222 0.16558320
v -0.04293569 0.14018859 0.16549846
v -0.04026724 0.14059343 0.16545610
v -0.03611632 0.14117973 0.16541375
v -0.03312443 0.14157060 0.16537138
v -0.02191156 0.14207313 0.16528666
v -0.01925659 0.14194750 0.16541375
v -0.06515927 0.12779238 0.27500374
v -0.07199211 0.12345092 0.29046579
v -0.06753123 0.12608930 0.28275596
v -0.07246381 0.12364636 0.28665325
v -0.05623749 0.13301331 0.24759564
v -0.05623749 0.13330646 0.24369837
v -0.04055026 0.13778752 0.22823630
v -0.04885209 0.13630780 0.22802450
v -0.04869037 0.13657303 0.22421193
v -0.05059063 0.13605652 0.22662654
v -0.05018632 0.13597275 0.22925299
v -0.05228873 0.13498162 0.23586142
v -0.05621054 0.13386485 0.23590379
v -0.05838034 0.13216177 0.25043390
v -0.06032103 0.13112875 0.25547495
v -0.06416198 0.12987238 0.25547495
v -0.06573878 0.12805762 0.26987795
v -0.06546924 0.12791803 0.27246202
v -0.02215414 0.13992335 0.21641736
v -0.02404092 0.14017463 0.21112213
v -0.02518647 0.13982563 0.21645973
v -0.02952607 0.13983959 0.21256244
v -0.02956650 0.13960228 0.21658680
v -0.03753141 0.13879262 0.22052646
v -0.03409477 0.13933705 0.21667153
v -0.01925659 0.13929516 0.22421193
v -0.02084688 0.14018859 0.21095269
v -0.07567133 0.12142677 0.29440544
v -0.07511878 0.12081254 0.30228475
v -0.07956619 0.11831376 0.30626674
v -0.07997050 0.11940262 0.29444782
v -0.08168208 0.11637336 0.31410367
v -0.08207292 0.11659672 0.31020638
v -0.07668211 0.11965389 0.30622439
v -0.08281415 0.11702946 0.30232710
v -0.08746372 0.11520075 0.29449017
v -0.09010521 0.11281364 0.30232710
v -0.08784107 0.11539618 0.29059289
v -0.09219414 0.11147351 0.30232710
v -0.09251759 0.11168291 0.29838746
v -0.10975468 0.09741611 0.31024877
v -0.11189753 0.09596430 0.30630910
v -0.11324523 0.09345155 0.31800096
v -0.11722095 0.08950097 0.31800096
v -0.09284104 0.11187835 0.29449017
v -0.09536124 0.11102680 0.28673795
v -0.09564426 0.11120827 0.28288302
v -0.09836662 0.10928184 0.28288302
v -0.10457951 0.10425635 0.28673795
v -0.10615632 0.10172965 0.29838746
v -0.12084626 0.08571789 0.31804334
v -0.11742310 0.08973828 0.31410367
v -0.11929641 0.08785372 0.31414605
v -0.12429638 0.08112515 0.32189824
v -0.13389200 0.06751446 0.32194063
v -0.13550924 0.06428977 0.32583792
v -0.13530709 0.06345219 0.33350540
v -0.13257126 0.07016680 0.31804334
v -0.13420198 0.06755633 0.31804334
v -0.12483546 0.08183709 0.31024877
v -0.12688396 0.07933831 0.31024877
v -0.12820471 0.07748167 0.31228212
v -0.13152006 0.07273538 0.31024877
v -0.13273298 0.07041807 0.31418841
v -0.13662783 0.06297756 0.32194063
v -0.13678956 0.06327071 0.31808570
v -0.13695128 0.06353594 0.31414605
v -0.13910760 0.06046481 0.30635148
v -0.14226122 0.05189357 0.31800096
v -0.14107525 0.05570456 0.31020638
v -0.14251728 0.05193545 0.31406132
v -0.14336633 0.04864096 0.32185589
v -0.14399976 0.04710539 0.32185589
v -0.14642562 0.04037683 0.31791625
v -0.14523963 0.04491373 0.31401896
v -0.14794852 0.03445792 0.32185589
v -0.14751725 0.03687294 0.31791625
v -0.14809677 0.03486275 0.31791625
v -0.14889191 0.03292235 0.31406132
v -0.14936360 0.03297819 0.30630910
v -0.15011831 0.02950223 0.30639383
v -0.15103475 0.02947431 0.29080469
v -0.15068436 0.03297819 0.28301011
v -0.15143907 0.02946035 0.28305247
v -0.15275980 0.02330413 0.28305247
v -0.15316413 0.02094494 0.28309485
v -0.15296197 0.02091702 0.28694975
v -0.15352800 0.01696643 0.28694975
v -0.15428271 0.01304376 0.28309485
v -0.15439052 0.00994471 0.28699214
v -0.15460617 -0.00045526 0.29093178
v -0.15439052 -0.00045526 0.29482907
v -0.15479484 0.00106635 0.28699214
v -0.13328553 0.07883577 0.15024822
v -0.12863597 0.08545265 0.15033294
v -0.12851468 0.08531306 0.14643565
v -0.14711295 0.05187961 0.17342012
v -0.14554961 0.05596980 0.17346248
v -0.14344719 0.06128844 0.17350485
v -0.14230165 0.06374534 0.16964993
v -0.14064398 0.06690023 0.16583735
v -0.14068441 0.06695607 0.16969228
v -0.13649306 0.07432678 0.16194006
v -0.13548229 0.07611362 0.16189771
v -0.13352812 0.07911496 0.16194006
v -0.13344726 0.07904516 0.15804279
v -0.13336640 0.07894744 0.15414550
v -0.13957930 0.06891043 0.16583735
v -0.13813726 0.07153485 0.16583735
v -0.13654697 0.07438262 0.16583735
v -0.15693768 -0.00045526 0.21252007
v -0.15691073 0.00115011 0.21256244
v -0.15670857 0.00623143 0.21260479
v -0.15625035 0.01276456 0.20489494
v -0.15656033 0.00974927 0.21264715
v -0.15625035 0.01275061 0.21268952
v -0.15625035 0.01276456 0.20879223
v -0.15503743 0.02171272 0.20485257
v -0.15441748 0.02535620 0.20095529
v -0.15356843 0.02976746 0.20099766
v -0.15354147 0.02976746 0.19705801
v -0.15289459 0.03313175 0.20099766
v -0.15286762 0.03313175 0.19710038
v -0.15281373 0.03321550 0.19345725
v -0.15211292 0.03603536 0.19714274
v -0.15219378 0.03560261 0.19349962
v -0.14956577 0.04529064 0.19320310
v -0.15088650 0.04060018 0.19714274
v -0.14716686 0.05190753 0.17735976
v -0.14829892 0.04889223 0.18100288
v -0.14848761 0.04866888 0.18917872
v -0.11359563 0.09402390 0.08386726
v -0.11216707 0.09624349 0.08772218
v -0.11794871 0.09068753 0.09161947
v -0.11619670 0.09262793 0.09157711
v -0.11394603 0.09437290 0.08772218
v -0.11010508 0.09448457 0.06840521
v -0.11207273 0.09250230 0.06840521
v -0.11910773 0.09145532 0.10326897
v -0.11223445 0.09220914 0.06793922
v -0.12598100 0.08698822 0.13080415
v -0.12824514 0.08499198 0.13859871
v -0.12316431 0.09159492 0.14249600
v -0.12300259 0.09141344 0.13855636
v -0.12112928 0.09370283 0.13855636
v -0.12312388 0.09091089 0.13499796
v -0.12683005 0.08740701 0.14643565
v -0.12331255 0.09176243 0.14639328
v -0.12389207 0.08860754 0.12292485
v -0.12178965 0.09067358 0.11898520
v -0.12079235 0.09329800 0.13076178
v -0.12056325 0.09300484 0.12580545
v -0.12199180 0.09092485 0.12292485
v -0.12019936 0.09257210 0.11894284
v -0.11995678 0.09232082 0.11500319
v -0.12131795 0.09014311 0.11114827
v -0.12106189 0.08984995 0.10725098
v -0.12077888 0.08952888 0.10331133
v -0.10816440 0.09628537 0.06793922
v -0.11243661 0.09650872 0.09077224
v -0.11110239 0.09914711 0.09937169
v -0.11172233 0.09976133 0.10720861
v -0.11280048 0.09691356 0.09547440
v -0.11308350 0.09723463 0.09937169
v -0.10972773 0.10161797 0.10720861
v -0.10793529 0.10379568 0.11106355
v -0.11227488 0.10030576 0.11504556
v -0.11028028 0.10213448 0.11500319
v -0.11253095 0.10055704 0.11898520
v -0.10819135 0.10404696 0.11500319
v -0.10843394 0.10428427 0.11894284
v -0.11290831 0.10087811 0.12500057
v -0.10864957 0.10450763 0.12288249
v -0.10881129 0.10466118 0.12580545
v -0.11108890 0.10309770 0.13071943
v -0.11130454 0.10327917 0.13461670
v -0.10926951 0.10507997 0.13457435
v -0.11149322 0.10346065 0.13855636
v -0.10712667 0.10697849 0.13457435
v -0.10730187 0.10715997 0.13847163
v -0.10532075 0.10889097 0.13847163
v -0.10546900 0.10905849 0.14241127
v -0.09922914 0.11416773 0.14630856
v -0.09680328 0.11602437 0.14630856
v -0.09486260 0.11732261 0.14630856
v -0.09695153 0.11613605 0.15020585
v -0.09511866 0.11754597 0.15410314
v -0.09230196 0.11943053 0.15406078
v -0.09026693 0.12092421 0.15791570
v -0.09033432 0.12098006 0.16181299
v -0.09250412 0.11963993 0.16571027
v -0.09041518 0.12106382 0.16956519
v -0.08688421 0.12319965 0.16935339
v -0.08379797 0.12505628 0.16931104
v -0.08378450 0.12507024 0.17354722
v -0.08342062 0.12527964 0.17731741
v -0.08017266 0.12715024 0.17342012
v -0.07583306 0.12932796 0.17337777
v -0.07177649 0.13117062 0.17333540
v -0.06774686 0.13290164 0.17329303
v -0.06042884 0.13560982 0.17333540
v -0.06773338 0.13284580 0.17723269
v -0.06428327 0.13425571 0.17723269
v -0.05815123 0.13633571 0.17333540
v -0.05618358 0.13692202 0.17337777
v -0.05270652 0.13794108 0.17337777
v -0.04895991 0.13889033 0.16948048
v -0.04278744 0.14016067 0.16935339
v -0.04022681 0.14053758 0.16931104
v -0.03615675 0.14112390 0.16926867
v -0.03621066 0.14104013 0.17320832
v -0.03319181 0.14140308 0.17316595
v -0.02498432 0.14186375 0.16914159
v -0.02192504 0.14200334 0.16914159
v -0.01925659 0.14187771 0.16922630
v -0.07571177 0.12181764 0.29055053
v -0.07359588 0.12417682 0.27631695
v -0.07290855 0.12384180 0.28279831
v -0.07576568 0.12219455 0.28669560
v -0.05964718 0.13256659 0.23975871
v -0.05917548 0.13242700 0.24369837
v -0.05871726 0.13227344 0.24759564
v -0.04873080 0.13679639 0.22031464
v -0.05086017 0.13614029 0.22416956
v -0.05199224 0.13558190 0.22798213
v -0.06009192 0.13269224 0.23590379
v -0.05621054 0.13436740 0.22806685
v -0.06057709 0.13330646 0.22416956
v -0.06057709 0.13305518 0.22806685
v -0.06422936 0.13017949 0.25153531
v -0.06428327 0.13047265 0.24759564
v -0.06681694 0.12851829 0.25941459
v -0.07405410 0.12444206 0.27123354
v -0.02214067 0.14010483 0.21332495
v -0.02216762 0.14060739 0.20438660
v -0.02219458 0.14083073 0.20036224
v -0.02513256 0.14050966 0.20442897
v -0.02525385 0.14027234 0.20858041
v -0.03408130 0.13956041 0.21273189
v -0.02766624 0.14021651 0.20743665
v -0.03369046 0.14045382 0.19663440
v -0.03757184 0.13901598 0.21662917
v -0.01925659 0.14000712 0.21243535
v -0.01925659 0.14039797 0.20569982
v -0.01925659 0.14070510 0.20023515
v -0.07859584 0.12046355 0.29055053
v -0.08037481 0.11961201 0.29055053
v -0.08323194 0.11803457 0.29059289
v -0.09077906 0.11320451 0.29449017
v -0.08324541 0.11841147 0.28673795
v -0.08816452 0.11559162 0.28673795
v -0.10639891 0.10192509 0.29449017
v -0.11346086 0.09366095 0.31410367
v -0.10838003 0.10020804 0.29449017
v -0.11232879 0.09638309 0.29842981
v -0.09123728 0.11367914 0.28678031
v -0.09374400 0.11243673 0.28292540
v -0.09591380 0.11137580 0.27902812
v -0.09639897 0.11172478 0.27127590
v -0.09735584 0.11243673 0.25492423
v -0.09776015 0.11275780 0.24776510
v -0.09859572 0.10944936 0.27898573
v -0.10471429 0.10435407 0.28453516
v -0.10881129 0.10059892 0.28673795
v -0.11951203 0.08804915 0.31024877
v -0.12103494 0.08592728 0.31414605
v -0.11366302 0.09387034 0.31020638
v -0.11599454 0.09236270 0.30232710
v -0.11761178 0.08994767 0.31020638
v -0.13568444 0.06455501 0.32194063
v -0.13476802 0.06765405 0.31024877
v -0.13600788 0.06509943 0.31414605
v -0.12720740 0.07975710 0.30241184
v -0.12122361 0.08612272 0.31024877
v -0.12351471 0.08423816 0.30236946
v -0.12368991 0.08443360 0.29847217
v -0.12545539 0.08270260 0.29457488
v -0.12735566 0.07998046 0.29847217
v -0.12766563 0.08038529 0.29071998
v -0.12856858 0.07802610 0.30241184
v -0.13130441 0.07616946 0.28296776
v -0.13018583 0.07566692 0.30241184
v -0.13185698 0.07315417 0.30241184
v -0.13289470 0.07065539 0.31024877
v -0.13321816 0.07110210 0.30241184
v -0.13305644 0.07087874 0.30635148
v -0.13505103 0.06769593 0.30630910
v -0.13726125 0.06402454 0.30635148
v -0.14123697 0.05592791 0.30626674
v -0.13953887 0.06067421 0.29851455
v -0.14351459 0.04894807 0.31795860
v -0.14277335 0.05196336 0.31012168
v -0.14414800 0.04742647 0.31791625
v -0.14793505 0.03773845 0.30745289
v -0.14594044 0.04506728 0.30232710
v -0.14824501 0.03522570 0.31401896
v -0.14846064 0.03620288 0.30618203
v -0.14922883 0.03590972 0.29461727
v -0.14982183 0.03297819 0.29855691
v -0.15005093 0.03297819 0.29465962
v -0.15048220 0.03297819 0.28686505
v -0.14986225 0.03593765 0.28296776
v -0.15087303 0.03297819 0.27915518
v -0.15162774 0.02947431 0.27915518
v -0.15350106 0.02102870 0.27530028
v -0.15181642 0.02947431 0.27530028
v -0.15226116 0.02992102 0.26352368
v -0.15304283 0.02449070 0.27140299
v -0.15382450 0.02115434 0.26750570
v -0.15406708 0.01705019 0.27534263
v -0.15445791 0.01304376 0.27919756
v -0.15475441 0.00991679 0.27923992
v -0.15457920 0.00993075 0.28309485
v -0.15498351 0.00109426 0.28313720
v -0.15491613 -0.00045526 0.28491640
v -0.13048232 0.08330286 0.15808515
v -0.12882464 0.08567601 0.15812751
v -0.12696482 0.08753265 0.15033294
v -0.12708611 0.08764432 0.15423023
v -0.14559004 0.05599772 0.17735976
v -0.14563048 0.05602563 0.18129942
v -0.14347416 0.06133031 0.17744450
v -0.14234208 0.06377326 0.17354722
v -0.13961973 0.06896626 0.16969228
v -0.14071136 0.06698399 0.17358957
v -0.13553620 0.07616946 0.16579500
v -0.13356856 0.07915684 0.16579500
v -0.12894595 0.08581561 0.16587972
v -0.12889203 0.08575977 0.16202480
v -0.13819118 0.07154881 0.16969228
v -0.13658740 0.07442450 0.16969228
v -0.15692422 -0.00045526 0.21645973
v -0.15689725 0.00115011 0.21650208
v -0.15654685 0.00976323 0.21654443
v -0.15503743 0.02172668 0.20874986
v -0.15502395 0.02172668 0.21264715
v -0.15619644 0.01273664 0.22048409
v -0.15499699 0.02172668 0.21658680
v -0.15443097 0.02537016 0.20485257
v -0.15358192 0.02978142 0.20485257
v -0.15213987 0.03607724 0.20493731
v -0.15212640 0.03607724 0.20108238
v -0.15358192 0.02979538 0.20874986
v -0.15289459 0.03313175 0.20874986
v -0.14851455 0.04871076 0.19311836
v -0.14957924 0.04529064 0.19710038
v -0.14852804 0.04872472 0.19705801
v -0.15089998 0.04060018 0.20108238
v -0.14723424 0.05210296 0.18917872
v -0.11658753 0.09304672 0.09649108
v -0.11395951 0.09507088 0.09187365
v -0.11003770 0.09444270 0.06793922
v -0.11201882 0.09244646 0.06793922
v -0.11940422 0.09176243 0.10720861
v -0.11714009 0.09357719 0.10326897
v -0.11683011 0.09327008 0.09932932
v -0.12096755 0.09350740 0.13465907
v -0.12127752 0.09388430 0.14245364
v -0.11937727 0.09553155 0.13855636
v -0.11953900 0.09571302 0.14249600
v -0.12343384 0.09191599 0.15033294
v -0.12141230 0.09406578 0.14639328
v -0.12041499 0.09282337 0.12292485
v -0.11920207 0.09535007 0.13465907
v -0.11901339 0.09515463 0.13076178
v -0.11444469 0.09858872 0.11898520
v -0.11820477 0.09466605 0.11894284
v -0.11912120 0.09463813 0.12703394
v -0.11797565 0.09440081 0.11500319
v -0.11393256 0.09811409 0.11110590
v -0.11771959 0.09413558 0.11110590
v -0.11970072 0.09204163 0.11110590
v -0.11200535 0.10004053 0.11110590
v -0.11336652 0.09754174 0.10326897
v -0.11364954 0.09783490 0.10720861
v -0.11745005 0.09385638 0.10716626
v -0.11418862 0.09836537 0.11504556
v -0.11278701 0.10076643 0.12296721
v -0.11305655 0.10100375 0.12758465
v -0.11323175 0.10115730 0.13076178
v -0.11343391 0.10132482 0.13465907
v -0.11362258 0.10150629 0.13859871
v -0.11166842 0.10362817 0.14245364
v -0.10746359 0.10732748 0.14241127
v -0.10761184 0.10748104 0.14635093
v -0.10560377 0.10921204 0.14635093
v -0.10572506 0.10935164 0.15024822
v -0.10346092 0.11130599 0.15414550
v -0.09707282 0.11623377 0.15410314
v -0.09521299 0.11762973 0.15795807
v -0.09528038 0.11769954 0.16185535
v -0.09245021 0.11958409 0.16185535
v -0.09533429 0.11775537 0.16575264
v -0.09253107 0.11966785 0.16956519
v -0.09253107 0.11969577 0.17350485
v -0.09041518 0.12107778 0.17346248
v -0.08727504 0.12297630 0.17735976
v -0.08727504 0.12294838 0.18125705
v -0.08339366 0.12525172 0.18121470
v -0.08013222 0.12713628 0.17731741
v -0.07825892 0.12807158 0.17731741
v -0.07583306 0.12927210 0.17731741
v -0.07583306 0.12921627 0.18121470
v -0.07170909 0.13114271 0.17727506
v -0.06044232 0.13552605 0.17727506
v -0.07122392 0.13126835 0.18100288
v -0.07160128 0.13101708 0.18506963
v -0.06761209 0.13270620 0.18502725
v -0.06428327 0.13415800 0.18112997
v -0.05800298 0.13627988 0.17727506
v -0.05603534 0.13688014 0.17727506
v -0.05270652 0.13785733 0.17731741
v -0.04894643 0.13882054 0.17337777
v -0.04894643 0.13872281 0.17731741
v -0.04257181 0.14010483 0.17325068
v -0.04019986 0.14045382 0.17325068
v -0.04241009 0.14006296 0.17613129
v -0.03625109 0.14092844 0.17710561
v -0.03324572 0.14127744 0.17706323
v -0.02501127 0.14166832 0.17693615
v -0.02192504 0.14180791 0.17697852
v -0.02498432 0.14178000 0.17303886
v -0.02191156 0.14190563 0.17303886
v -0.01925659 0.14178000 0.17325068
v -0.07583306 0.12289254 0.27902812
v -0.07580611 0.12254354 0.28288302
v -0.07332634 0.12403723 0.27894338
v -0.07900016 0.12065899 0.28669560
v -0.06231562 0.13198029 0.23586142
v -0.06184393 0.13185466 0.23975871
v -0.06137223 0.13171505 0.24369837
v -0.04071198 0.13845759 0.21654443
v -0.04086023 0.13889033 0.20874986
v -0.04889252 0.13782941 0.20078584
v -0.05263913 0.13563774 0.22412721
v -0.05123752 0.13626592 0.22027228
v -0.05619706 0.13461867 0.22412721
v -0.06262560 0.13206404 0.23319264
v -0.06057709 0.13354378 0.22027228
v -0.06369028 0.13230137 0.22412721
v -0.06323206 0.13220364 0.22802450
v -0.06726168 0.12865788 0.25547495
v -0.06432370 0.13104499 0.23971636
v -0.06765252 0.12913252 0.24755328
v -0.07437755 0.12463750 0.26733626
v -0.07615650 0.12343696 0.27127590
v -0.02216762 0.14104013 0.19642258
v -0.02515952 0.14071906 0.20040459
v -0.03761227 0.13922536 0.21273189
v -0.03573897 0.14014671 0.19892194
v -0.02514604 0.14091448 0.19646495
v -0.03362308 0.14064926 0.19269474
v -0.01925659 0.14090052 0.19646495
v -0.08075217 0.11980744 0.28669560
v -0.08110257 0.12000288 0.28288302
v -0.08848797 0.11577310 0.28292540
v -0.08129125 0.12010059 0.28072258
v -0.08149340 0.12022624 0.27818086
v -0.11028028 0.09897959 0.29029635
v -0.11250399 0.09653664 0.29533740
v -0.09126423 0.11402813 0.28292540
v -0.09129119 0.11436317 0.27907047
v -0.09401354 0.11260424 0.27907047
v -0.09426960 0.11277176 0.27521554
v -0.09475478 0.11312075 0.26737861
v -0.09541515 0.11434921 0.24776510
v -0.09544210 0.11465632 0.24382544
v -0.09561730 0.11517283 0.23598852
v -0.09797578 0.11292532 0.24382544
v -0.10398653 0.10773232 0.25170476
v -0.10639891 0.10302790 0.28313720
v -0.10902693 0.10078039 0.28288302
v -0.10484905 0.10446575 0.28199344
v -0.10924256 0.10094790 0.27902812
v -0.11080589 0.09886791 0.28673795
v -0.11618321 0.09257210 0.29838746
v -0.11656058 0.09297693 0.29059289
v -0.11674925 0.09317236 0.28673795
v -0.11991635 0.08842607 0.30236946
v -0.12011850 0.08860754 0.29847217
v -0.11263876 0.09667625 0.29271098
v -0.11292178 0.09699732 0.28673795
v -0.12160097 0.08649963 0.30236946
v -0.12177617 0.08668110 0.29847217
v -0.12282738 0.08656943 0.28711920
v -0.12421551 0.08504783 0.28601782
v -0.12560365 0.08291199 0.29071998
v -0.12608881 0.08307951 0.28296776
v -0.12794864 0.08079012 0.28296776
v -0.12901332 0.07864033 0.29071998
v -0.13257126 0.07424303 0.28301011
v -0.13351465 0.07152089 0.29461727
v -0.13201870 0.07334961 0.29851455
v -0.13077882 0.07565296 0.29461727
v -0.12929635 0.07903120 0.28296776
v -0.13156047 0.07660222 0.27517318
v -0.13596747 0.06895230 0.28301011
v -0.13569792 0.06847768 0.29080469
v -0.13541490 0.06803097 0.29851455
v -0.13724778 0.06447125 0.30279309
v -0.13770600 0.06419205 0.29855691
v -0.14301593 0.05199129 0.30622439
v -0.14162780 0.05617919 0.29847217
v -0.14188387 0.05616523 0.29461727
v -0.14342024 0.05221464 0.29842981
v -0.14007794 0.06163743 0.28305247
v -0.14238252 0.05615127 0.28690740
v -0.14382456 0.04946458 0.31007932
v -0.14429626 0.04770566 0.31397661
v -0.14802938 0.03794784 0.30486882
v -0.14541484 0.04855720 0.29063524
v -0.14662777 0.04510916 0.29067759
v -0.14827197 0.03842247 0.29842981
v -0.14444450 0.04797090 0.31007932
v -0.14966010 0.03593765 0.28682269
v -0.14863584 0.03937173 0.28682269
v -0.14875714 0.03963696 0.28296776
v -0.15023962 0.03593765 0.27525792
v -0.15106170 0.03297819 0.27525792
v -0.15125039 0.03296423 0.27136064
v -0.15160079 0.03300611 0.26352368
v -0.15234202 0.03035377 0.25966877
v -0.15327194 0.02499325 0.26356606
v -0.15342019 0.02506305 0.25966877
v -0.15397274 0.02125206 0.26360842
v -0.15439052 0.01713395 0.26754806
v -0.15479484 0.01308564 0.27153008
v -0.15422880 0.01709207 0.27148770
v -0.15545522 0.00983303 0.26352368
v -0.15523957 -0.00045526 0.27758781
v -0.15509133 -0.00045526 0.28101912
v -0.15499699 -0.00045526 0.28313720
v -0.15581909 0.00119198 0.26348132
v -0.12726131 0.08782580 0.16202480
v -0.12718045 0.08775600 0.15812751
v -0.12354166 0.09205559 0.15423023
v -0.12528020 0.09012915 0.15812751
v -0.12363600 0.09218122 0.15812751
v -0.14565743 0.05603959 0.18523908
v -0.14348764 0.06135824 0.18134179
v -0.14236904 0.06380118 0.17748686
v -0.13964669 0.06899419 0.17358957
v -0.14072484 0.06701191 0.17752921
v -0.13967364 0.06900815 0.17752921
v -0.13556315 0.07621134 0.16964993
v -0.13360898 0.07918475 0.16969228
v -0.13071142 0.08335870 0.16973464
v -0.12731523 0.08788164 0.16592209
v -0.12899984 0.08587145 0.17367429
v -0.12735566 0.08792352 0.16977701
v -0.13821812 0.07157672 0.17363192
v -0.13661435 0.07443846 0.17358957
v -0.15691073 -0.00045526 0.21878962
v -0.15687029 0.00115011 0.22039937
v -0.15684334 0.00115011 0.22425430
v -0.15662771 0.00624539 0.22429665
v -0.15646599 0.00977719 0.22433901
v -0.15443097 0.02537016 0.21264715
v -0.15443097 0.02538412 0.20874986
v -0.15495657 0.02172668 0.22048409
v -0.15603472 0.01273664 0.23221832
v -0.15491613 0.02171272 0.22438138
v -0.15439052 0.02537016 0.21658680
v -0.15091346 0.04058622 0.20493731
v -0.15289459 0.03311779 0.21268952
v -0.15213987 0.03606328 0.20879223
v -0.15356843 0.02979538 0.21264715
v -0.14797548 0.05024632 0.19705801
v -0.14959272 0.04529064 0.20104002
v -0.14852804 0.04873868 0.20095529
v -0.14723424 0.05215880 0.19311836
v -0.14567090 0.05606751 0.18922107
v -0.11968724 0.09588054 0.14643565
v -0.11378431 0.10165985 0.14249600
v -0.12153359 0.09420538 0.15033294
v -0.11983549 0.09602014 0.15033294
v -0.11393256 0.10181341 0.14639328
v -0.11183014 0.10376777 0.14639328
v -0.10979512 0.10556857 0.14635093
v -0.11197839 0.10390736 0.15029057
v -0.10992989 0.10569420 0.15029057
v -0.10785443 0.10773232 0.15414550
v -0.10583287 0.10946332 0.15414550
v -0.10356874 0.11140371 0.15804279
v -0.09929653 0.11468424 0.15800042
v -0.09716716 0.11631753 0.15800042
v -0.09724802 0.11638732 0.16189771
v -0.09730194 0.11642920 0.16575264
v -0.09734237 0.11645712 0.16964993
v -0.09536124 0.11778329 0.16960756
v -0.09537472 0.11781121 0.17350485
v -0.09536124 0.11781121 0.17744450
v -0.09251759 0.11969577 0.17740213
v -0.09040170 0.12109174 0.17740213
v -0.09038823 0.12106382 0.18129942
v -0.09036127 0.12103590 0.18519671
v -0.08728852 0.12289254 0.18515434
v -0.08336670 0.12520985 0.18511198
v -0.08007832 0.12710837 0.18121470
v -0.08001093 0.12706647 0.18511198
v -0.07991660 0.12702460 0.18905163
v -0.07581958 0.12913252 0.18511198
v -0.06042884 0.13542832 0.18117234
v -0.05785473 0.13622404 0.18117234
v -0.07579263 0.12903480 0.18900927
v -0.07157433 0.13090539 0.18896690
v -0.06749079 0.13263640 0.18892453
v -0.06426979 0.13404633 0.18502725
v -0.05588709 0.13681035 0.18117234
v -0.05269304 0.13774564 0.18121470
v -0.04893296 0.13861114 0.18117234
v -0.04893296 0.13848551 0.18506963
v -0.04207316 0.13996523 0.18100288
v -0.03995727 0.14027234 0.18100288
v -0.03630500 0.14080281 0.18096051
v -0.03329963 0.14115181 0.18091816
v -0.02967431 0.14131932 0.18087581
v -0.02195199 0.14166832 0.18083344
v -0.02196547 0.14152872 0.18468835
v -0.01925659 0.14154268 0.18100288
v -0.01925659 0.14166832 0.17706323
v -0.07978182 0.12170596 0.27131825
v -0.07971444 0.12138489 0.27521554
v -0.07995703 0.12089630 0.27928227
v -0.07937751 0.12084046 0.28288302
v -0.04459336 0.13883450 0.19680385
v -0.04468770 0.13861114 0.20074349
v -0.03761227 0.13943476 0.20883460
v -0.03994379 0.13964416 0.19654966
v -0.04079284 0.13968604 0.19273711
v -0.04887905 0.13802483 0.19684620
v -0.05250436 0.13697785 0.20074349
v -0.05195180 0.13650322 0.21243535
v -0.05618358 0.13485598 0.22027228
v -0.05618358 0.13507935 0.21633263
v -0.06432370 0.13131023 0.23581907
v -0.06056361 0.13378109 0.21637499
v -0.06519970 0.13177090 0.22408484
v -0.06476844 0.13167318 0.22798213
v -0.06436413 0.13277599 0.21239299
v -0.06409459 0.13239908 0.22022992
v -0.06410806 0.13164526 0.23187941
v -0.07208645 0.12724795 0.24759564
v -0.06765252 0.12999801 0.23577670
v -0.06765252 0.12971882 0.23967399
v -0.07249076 0.12738756 0.24361364
v -0.07470100 0.12481897 0.26343897
v -0.07647995 0.12363240 0.26737861
v -0.02208676 0.14120765 0.19252530
v -0.02509213 0.14108200 0.19256767
v -0.01925659 0.14108200 0.19256767
v -0.03657454 0.14032818 0.19269474
v -0.03664193 0.14014671 0.19650731
v -0.03350178 0.14083073 0.18871273
v -0.03648020 0.14050966 0.18871273
v -0.08203249 0.12053335 0.27131825
v -0.08877098 0.11595457 0.27907047
v -0.07984921 0.12201307 0.26746335
v -0.08904053 0.11613605 0.27521554
v -0.09130466 0.11468424 0.27521554
v -0.09168202 0.11510302 0.26742097
v -0.09104860 0.11751805 0.24378309
v -0.09389225 0.11659672 0.23209123
v -0.09584642 0.11532638 0.23209123
v -0.09817793 0.11309283 0.23988580
v -0.10459299 0.10823486 0.23988580
v -0.10499731 0.10460535 0.27898573
v -0.11102153 0.09904939 0.28288302
v -0.10718058 0.10306978 0.27513083
v -0.11123716 0.09921691 0.27902812
v -0.10943124 0.10112939 0.27513083
v -0.11693793 0.09335384 0.28288302
v -0.11871690 0.09117613 0.28673795
v -0.11890557 0.09135760 0.28288302
v -0.12046891 0.08898446 0.29067759
v -0.11311046 0.09717879 0.28288302
v -0.12435028 0.08518742 0.28296776
v -0.12451200 0.08535494 0.27907047
v -0.12634487 0.08312139 0.27907047
v -0.12808342 0.08098555 0.27907047
v -0.13281384 0.07467578 0.27521554
v -0.13470062 0.07177216 0.27521554
v -0.13418850 0.07174424 0.28301011
v -0.13393243 0.07173028 0.28686505
v -0.12944459 0.07919871 0.27907047
v -0.13181654 0.07699308 0.26733626
v -0.13306990 0.07508061 0.26733626
v -0.13608875 0.06917566 0.27911283
v -0.13863591 0.06434561 0.28305247
v -0.13840679 0.06430373 0.28694975
v -0.13794858 0.06421997 0.29465962
v -0.14368979 0.05271719 0.29071998
v -0.14518574 0.04854324 0.29449017
v -0.14461970 0.04875264 0.30220001
v -0.14018577 0.06188870 0.27915518
v -0.14262511 0.05613731 0.28301011
v -0.14394585 0.05321974 0.28296776
v -0.14382456 0.05296846 0.28682269
v -0.14585958 0.04858512 0.28292540
v -0.14851455 0.03906462 0.29067759
v -0.14839326 0.03874354 0.29457488
v -0.14705904 0.04512312 0.28292540
v -0.14494315 0.04854324 0.29838746
v -0.14763854 0.04516500 0.27127590
v -0.14786766 0.04570943 0.26343897
v -0.15042829 0.03593765 0.27136064
v -0.15095389 0.03593765 0.25966877
v -0.15189728 0.03306195 0.25581384
v -0.15242288 0.03073068 0.25581384
v -0.15355495 0.02511889 0.25581384
v -0.15513178 0.01298792 0.26356606
v -0.15409404 0.02136373 0.25971113
v -0.15528001 0.01294604 0.25966877
v -0.15560346 0.00981907 0.25958404
v -0.15583257 -0.00045526 0.26343897
v -0.15625035 0.00121990 0.25157766
v -0.15647947 -0.00023190 0.24679078
v -0.12536106 0.09021291 0.16202480
v -0.12164140 0.09434498 0.15423023
v -0.12173574 0.09445666 0.15812751
v -0.12370338 0.09227894 0.16202480
v -0.14351459 0.06138615 0.18922107
v -0.14236904 0.06387098 0.18926344
v -0.14073832 0.06702586 0.18142650
v -0.13823159 0.07160464 0.17752921
v -0.13968711 0.06902210 0.18532378
v -0.13824507 0.07160464 0.18142650
v -0.13559010 0.07622530 0.17358957
v -0.13363594 0.07919871 0.17358957
v -0.12541496 0.09026874 0.16592209
v -0.13364942 0.07921267 0.17752921
v -0.12899984 0.08587145 0.18151124
v -0.12738261 0.08793748 0.17367429
v -0.12379772 0.09237666 0.16977701
v -0.13664132 0.07443846 0.17752921
v -0.15689725 -0.00045526 0.22035701
v -0.15681639 -0.00045526 0.22810922
v -0.15678943 0.00113614 0.22815157
v -0.15656033 0.00526821 0.23187941
v -0.15635816 0.00977719 0.23213358
v -0.15596734 0.01275061 0.23607324
v -0.15486223 0.02169876 0.22832103
v -0.15435010 0.02535620 0.22048409
v -0.15352800 0.02979538 0.21658680
v -0.14959272 0.04529064 0.20489494
v -0.15091346 0.04057226 0.20879223
v -0.15212640 0.03604932 0.21268952
v -0.15285414 0.03311779 0.21662917
v -0.15211292 0.03599348 0.21662917
v -0.14852804 0.04873868 0.20481022
v -0.14797548 0.05023236 0.20095529
v -0.14726119 0.05214484 0.20095529
v -0.14724772 0.05215880 0.19705801
v -0.14568438 0.05608147 0.19316073
v -0.11995678 0.09614578 0.15423023
v -0.11420210 0.10206468 0.15423023
v -0.11209968 0.10403299 0.15423023
v -0.11005118 0.10581984 0.15418786
v -0.11220750 0.10413072 0.15812751
v -0.10794877 0.10783003 0.15804279
v -0.10591374 0.10957499 0.15804279
v -0.10364960 0.11148747 0.16194006
v -0.10369003 0.11154331 0.16583735
v -0.10371698 0.11158519 0.16969228
v -0.10373046 0.11161311 0.17358957
v -0.09734237 0.11648503 0.17354722
v -0.09734237 0.11648503 0.17744450
v -0.09533429 0.11779725 0.18134179
v -0.09250412 0.11968181 0.18134179
v -0.09242326 0.11962597 0.18917872
v -0.09032084 0.12099402 0.18913636
v -0.08728852 0.12280877 0.18909399
v -0.08329932 0.12516797 0.18905163
v -0.08321846 0.12509817 0.19299127
v -0.08312412 0.12502836 0.19693092
v -0.07975487 0.12682917 0.19688855
v -0.07941794 0.12713628 0.19320310
v -0.06037494 0.13517706 0.18896690
v -0.05575232 0.13672659 0.18506963
v -0.07618346 0.12869976 0.19316073
v -0.07567133 0.12881144 0.19688855
v -0.07156085 0.13077976 0.19290656
v -0.06734255 0.13255263 0.19286419
v -0.06426979 0.13390672 0.18896690
v -0.05266609 0.13762000 0.18506963
v -0.04893296 0.13834592 0.18896690
v -0.04455293 0.13918349 0.18883983
v -0.04174971 0.13986752 0.18485780
v -0.03963382 0.14018859 0.18481545
v -0.03637239 0.14066322 0.18481545
v -0.03339397 0.14099825 0.18477309
v -0.02503823 0.14138912 0.18468835
v -0.02200590 0.14137516 0.18858564
v -0.01925659 0.14124953 0.18845856
v -0.04456641 0.13901598 0.19282182
v -0.03828612 0.13997919 0.19510937
v -0.03866348 0.14002108 0.19273711
v -0.05254479 0.13715934 0.19680385
v -0.04889252 0.13819234 0.19290656
v -0.05258522 0.13732686 0.19286419
v -0.05672267 0.13576337 0.20070113
v -0.05617011 0.13530269 0.21239299
v -0.06056361 0.13400445 0.21243535
v -0.06765252 0.13051452 0.22793977
v -0.06463367 0.13242700 0.21658680
v -0.06581964 0.13191049 0.21806948
v -0.06600832 0.13199425 0.21544304
v -0.06053666 0.13422779 0.20849571
v -0.06436413 0.13298539 0.20849571
v -0.07501096 0.12500045 0.25954168
v -0.07394628 0.12789011 0.22798213
v -0.07373065 0.12779238 0.23073565
v -0.07350154 0.12770863 0.23331972
v -0.07325895 0.12763882 0.23573435
v -0.07288160 0.12751319 0.23967399
v -0.07584654 0.12587990 0.24365600
v -0.07587349 0.12555883 0.24763801
v -0.07680340 0.12381388 0.26348132
v -0.03920256 0.14010483 0.18871273
v -0.07991660 0.12230622 0.26356606
v -0.08235593 0.12068690 0.26746335
v -0.08267938 0.12084046 0.26356606
v -0.08800279 0.11941657 0.24374072
v -0.08955265 0.11647108 0.26742097
v -0.09080601 0.11733658 0.24776510
v -0.09134509 0.11793685 0.23594615
v -0.08828581 0.11955617 0.23980108
v -0.08881142 0.11984932 0.23196414
v -0.09133162 0.11824396 0.23204886
v -0.09409441 0.11675027 0.22819394
v -0.09604857 0.11547995 0.22819394
v -0.09855529 0.11342786 0.23209123
v -0.10478167 0.10838842 0.23603087
v -0.10669540 0.10614091 0.24382544
v -0.10631805 0.10580588 0.25170476
v -0.10614285 0.10562440 0.25564440
v -0.10538813 0.10494038 0.27123354
v -0.10809701 0.10394924 0.25564440
v -0.10982207 0.10146441 0.26733626
v -0.11143931 0.09938442 0.27513083
v -0.11711313 0.09353531 0.27898573
v -0.11908077 0.09152512 0.27902812
v -0.12077888 0.08936137 0.28292540
v -0.12284086 0.08732325 0.27907047
v -0.11201882 0.09988697 0.26343897
v -0.11255790 0.10040348 0.25174711
v -0.11327218 0.09736026 0.27902812
v -0.12495675 0.08585748 0.26737861
v -0.12660093 0.08314931 0.27521554
v -0.12724785 0.08373561 0.25958404
v -0.12753086 0.08407064 0.25174711
v -0.12836643 0.08139038 0.27038631
v -0.13511841 0.07189780 0.26737861
v -0.13627743 0.06959445 0.27220787
v -0.13619657 0.06941298 0.27521554
v -0.12957936 0.07936623 0.27521554
v -0.13001063 0.07944999 0.26733626
v -0.13193784 0.07716060 0.26339659
v -0.13377071 0.07545752 0.25166237
v -0.13319119 0.07526208 0.26339659
v -0.12947155 0.07982690 0.27153008
v -0.13540143 0.07258183 0.25560204
v -0.13885154 0.06438748 0.27915518
v -0.14037444 0.06240521 0.27136064
v -0.14131783 0.06084173 0.26759041
v -0.14344719 0.05577436 0.27148770
v -0.14406714 0.05345705 0.27907047
v -0.14424234 0.05387584 0.27284330
v -0.14627737 0.04859908 0.27517318
v -0.14688383 0.04859908 0.26339659
v -0.14793505 0.04608634 0.25954168
v -0.14957924 0.04058622 0.25966877
v -0.14940403 0.04057226 0.26352368
v -0.15110215 0.03595160 0.25581384
v -0.14974096 0.04058622 0.25581384
v -0.15006441 0.04055830 0.24793455
v -0.15125039 0.03593765 0.25191656
v -0.15203206 0.03307591 0.25191656
v -0.15249027 0.03105175 0.25187420
v -0.15368972 0.02514681 0.25187420
v -0.15421532 0.02146145 0.25581384
v -0.15541477 0.01296000 0.25572910
v -0.15573823 0.00986095 0.25564440
v -0.15638513 0.00105239 0.24793455
v -0.15647947 -0.00045526 0.24674841
v -0.15587300 0.00987491 0.25170476
v -0.15618296 0.00579868 0.24768038
v -0.15611558 0.00981907 0.24378309
v -0.15654685 0.00017292 0.24365600
v -0.15649295 -0.00045526 0.24624007
v -0.12180313 0.09455437 0.16202480
v -0.12013198 0.09634121 0.16206715
v -0.12005112 0.09625745 0.15816987
v -0.12375729 0.09233478 0.16592209
v -0.14568438 0.05609543 0.19705801
v -0.14351459 0.06138615 0.19316073
v -0.14236904 0.06387098 0.19320310
v -0.14073832 0.06703982 0.18532378
v -0.13970059 0.06900815 0.18926344
v -0.13823159 0.07163257 0.18926344
v -0.13664132 0.07445242 0.18142650
v -0.13560358 0.07623926 0.17752921
v -0.13560358 0.07626718 0.18142650
v -0.13362246 0.07924060 0.18532378
v -0.13359551 0.07924060 0.18922107
v -0.12895941 0.08584352 0.18930581
v -0.12738261 0.08792352 0.18151124
v -0.12738261 0.08793748 0.17761395
v -0.12381121 0.09240458 0.17371666
v -0.12382468 0.09240458 0.17761395
v -0.12189747 0.09468001 0.17371666
v -0.12188399 0.09465209 0.16981937
v -0.12184356 0.09462417 0.16592209
v -0.15669509 -0.00045526 0.23586142
v -0.15662771 0.00053588 0.23975871
v -0.15668162 0.00081507 0.23590379
v -0.15672205 0.00141534 0.23183706
v -0.15646599 0.00579868 0.23594615
v -0.15620992 0.00979115 0.23988580
v -0.15588648 0.01277852 0.23997053
v -0.15479484 0.02168481 0.23221832
v -0.15424228 0.02532828 0.22832103
v -0.15288111 0.03237792 0.22662654
v -0.14957924 0.04530459 0.20870751
v -0.15088650 0.04055830 0.21268952
v -0.14955229 0.04530459 0.21264715
v -0.15278676 0.03318759 0.22018757
v -0.15285414 0.03264316 0.22438138
v -0.15079217 0.04054434 0.22052646
v -0.15084608 0.04055830 0.21662917
v -0.15200509 0.03592368 0.22442375
v -0.14797548 0.05014861 0.20862278
v -0.14797548 0.05020445 0.20481022
v -0.14848761 0.04871076 0.21256244
v -0.14567090 0.05609543 0.20099766
v -0.14724772 0.05207504 0.20862278
v -0.11430991 0.10216240 0.15812751
v -0.11228836 0.10421447 0.16202480
v -0.11022638 0.10600131 0.16198243
v -0.10801615 0.10791379 0.16198243
v -0.10598113 0.10965876 0.16194006
v -0.10603503 0.10971459 0.16583735
v -0.10606199 0.10975647 0.16969228
v -0.10607546 0.10978439 0.17363192
v -0.10371698 0.11162707 0.17748686
v -0.10370351 0.11162707 0.18138414
v -0.09731541 0.11647108 0.18134179
v -0.09529385 0.11778329 0.18528143
v -0.09525342 0.11775537 0.18922107
v -0.09236935 0.11957013 0.19311836
v -0.09026693 0.12093818 0.19307600
v -0.08730199 0.12271106 0.19303364
v -0.08731547 0.12257146 0.19697329
v -0.08731547 0.12243187 0.20087058
v -0.08731547 0.12227831 0.20476787
v -0.08301631 0.12493065 0.20082821
v -0.08288153 0.12484688 0.20472550
v -0.07974139 0.12667561 0.20082821
v -0.06428327 0.13375316 0.19286419
v -0.06038841 0.13500954 0.19290656
v -0.05753129 0.13604256 0.18896690
v -0.05557712 0.13662887 0.18896690
v -0.05263913 0.13748041 0.18896690
v -0.07972792 0.12652205 0.20472550
v -0.07533441 0.12862996 0.20468313
v -0.07157433 0.13061224 0.19680385
v -0.06715387 0.13246888 0.19676148
v -0.05501109 0.13644738 0.19680385
v -0.05701916 0.13586108 0.19680385
v -0.06045580 0.13464659 0.20074349
v -0.06049623 0.13443719 0.20464077
v -0.06765252 0.13076580 0.22404249
v -0.07153390 0.12939775 0.22018757
v -0.07153390 0.12963507 0.21633263
v -0.06648002 0.13218969 0.20845334
v -0.06622395 0.13207800 0.21235062
v -0.07154737 0.13008178 0.20849571
v -0.06436413 0.13318082 0.20459842
v -0.07533441 0.12516797 0.25560204
v -0.07712685 0.12398139 0.25958404
v -0.07421582 0.12801574 0.22412721
v -0.07633171 0.12702460 0.22412721
v -0.07538832 0.12694084 0.23196414
v -0.07576568 0.12649413 0.23577670
v -0.07878453 0.12448394 0.24365600
v -0.07745030 0.12414891 0.25564440
v -0.07995703 0.12261334 0.25962639
v -0.08057697 0.12360448 0.24365600
v -0.08344757 0.12169200 0.24763801
v -0.08339366 0.12204099 0.24365600
v -0.08119691 0.12386971 0.23577670
v -0.08138559 0.12393951 0.23336209
v -0.08173599 0.12412099 0.22802450
v -0.08904053 0.11998892 0.22810922
v -0.09133162 0.11852316 0.22815157
v -0.09426960 0.11690383 0.22433901
v -0.09622377 0.11561954 0.22433901
v -0.09871701 0.11358143 0.22819394
v -0.10505121 0.10862574 0.23018494
v -0.10736925 0.10616883 0.23624268
v -0.10879782 0.10464722 0.23992816
v -0.10844741 0.10431219 0.24776510
v -0.11053635 0.10216240 0.25174711
v -0.11344738 0.09752779 0.27517318
v -0.11360911 0.09770926 0.27127590
v -0.11378431 0.09787677 0.26733626
v -0.11761178 0.09403786 0.26729387
v -0.11925597 0.09169264 0.27513083
v -0.11941770 0.09186015 0.27123354
v -0.12092712 0.08954284 0.27902812
v -0.12107537 0.08971036 0.27517318
v -0.12298910 0.08749077 0.27517318
v -0.11273311 0.10057100 0.24780745
v -0.12180313 0.09054794 0.25564440
v -0.12356862 0.08814687 0.25958404
v -0.12385164 0.08848190 0.25174711
v -0.12538801 0.08634607 0.25568675
v -0.12766563 0.08423816 0.24780745
v -0.13639874 0.06985969 0.26737861
v -0.13755774 0.06786345 0.26737861
v -0.12909419 0.08233964 0.24780745
v -0.13209956 0.07739791 0.25793193
v -0.13218042 0.07748167 0.25560204
v -0.13550924 0.07274934 0.25166237
v -0.13242300 0.07778879 0.24776510
v -0.13397286 0.07547148 0.24776510
v -0.12895941 0.08218609 0.25174711
v -0.13674913 0.07073914 0.25166237
v -0.13656046 0.07033431 0.25954168
v -0.13926932 0.06442937 0.27136064
v -0.14042835 0.06255877 0.26903072
v -0.14336633 0.05643047 0.26737861
v -0.14224774 0.06018562 0.25560204
v -0.14344719 0.05669570 0.26348132
v -0.14436363 0.05422484 0.26737861
v -0.14572481 0.05190753 0.25954168
v -0.14707252 0.04859908 0.25954168
v -0.14800243 0.04643533 0.25568675
v -0.14813720 0.04707747 0.24784982
v -0.14868976 0.04562567 0.24403726
v -0.14893234 0.04524876 0.23988580
v -0.15019917 0.04053038 0.24391017
v -0.15139862 0.03590972 0.24793455
v -0.15215335 0.03307591 0.24793455
v -0.15255766 0.03130303 0.24789218
v -0.15381102 0.02517473 0.24789218
v -0.15433662 0.02151729 0.25187420
v -0.15445791 0.02155917 0.24793455
v -0.15554956 0.01293208 0.25178946
v -0.15567083 0.01287624 0.24784982
v -0.15662771 -0.00045526 0.23971636
v -0.12017241 0.09641101 0.16592209
v -0.11812391 0.09840724 0.16206715
v -0.14352807 0.06134428 0.19710038
v -0.14073832 0.06702586 0.19320310
v -0.14073832 0.06703982 0.18926344
v -0.14234208 0.06388494 0.19714274
v -0.13970059 0.06898022 0.19320310
v -0.13821812 0.07161861 0.19320310
v -0.13662783 0.07445242 0.18926344
v -0.13556315 0.07628114 0.18922107
v -0.13356856 0.07922664 0.19316073
v -0.12730174 0.08785372 0.19328780
v -0.12732871 0.08789560 0.18934816
v -0.13354160 0.07919871 0.19710038
v -0.13059013 0.08345642 0.19324545
v -0.12889203 0.08575977 0.19718509
v -0.12381121 0.09239061 0.18151124
v -0.12189747 0.09468001 0.17761395
v -0.12022632 0.09648081 0.17761395
v -0.12022632 0.09646685 0.17371666
v -0.12021284 0.09645289 0.16981937
v -0.15464658 0.02162897 0.24001288
v -0.15409404 0.02527245 0.23611559
v -0.15281373 0.03208477 0.23221832
v -0.15269242 0.03300611 0.22806685
v -0.14951186 0.04530459 0.21658680
v -0.15072478 0.04053038 0.22442375
v -0.15192423 0.03590972 0.22832103
v -0.14796200 0.05010673 0.21252007
v -0.14839326 0.04858512 0.22039937
v -0.14833935 0.04894807 0.21667153
v -0.14561700 0.05606751 0.20866515
v -0.14722076 0.05203316 0.21256244
v -0.11439077 0.10223220 0.16202480
v -0.11234227 0.10428427 0.16592209
v -0.10807006 0.10796963 0.16583735
v -0.10809701 0.10802547 0.16973464
v -0.10811049 0.10805339 0.17363192
v -0.10607546 0.10978439 0.18142650
v -0.10604851 0.10975647 0.18536615
v -0.10362265 0.11157123 0.18926344
v -0.09929653 0.11492156 0.18528143
v -0.09727498 0.11645712 0.18528143
v -0.09718064 0.11638732 0.19316073
v -0.09519952 0.11769954 0.19316073
v -0.09513213 0.11764369 0.19710038
v -0.09230196 0.11950033 0.19705801
v -0.09222110 0.11943053 0.20099766
v -0.09011868 0.12078462 0.20095529
v -0.08991653 0.12060314 0.20870751
v -0.08731547 0.12211079 0.20866515
v -0.08274676 0.12474917 0.20862278
v -0.06431022 0.13357170 0.19680385
v -0.05730218 0.13594483 0.19286419
v -0.07972792 0.12632662 0.20862278
v -0.07515921 0.12851829 0.20858041
v -0.07154737 0.13027721 0.20464077
v -0.07156085 0.13044473 0.20074349
v -0.06695171 0.13237117 0.20070113
v -0.07472794 0.12828098 0.21637499
v -0.06672261 0.13228741 0.20455605
v -0.07967401 0.12516797 0.22802450
v -0.07970096 0.12567052 0.22031464
v -0.07943142 0.12474917 0.23577670
v -0.08090042 0.12374408 0.23967399
v -0.08015918 0.12349280 0.24763801
v -0.08197857 0.12424662 0.22416956
v -0.08219421 0.12438622 0.22031464
v -0.08914834 0.12005872 0.22611821
v -0.09096774 0.11899778 0.22463555
v -0.09158768 0.11887215 0.22039937
v -0.09460653 0.11718303 0.21654443
v -0.09639897 0.11575914 0.22044172
v -0.09887874 0.11372102 0.22433901
v -0.10540161 0.10900264 0.22048409
v -0.10526684 0.10884909 0.22433901
v -0.10726144 0.10715997 0.22438138
v -0.10669540 0.10734144 0.22861756
v -0.10889215 0.10474494 0.23768299
v -0.10913474 0.10496830 0.23217595
v -0.11060373 0.10336293 0.23624268
v -0.11394603 0.09804430 0.26343897
v -0.11444469 0.09853288 0.25174711
v -0.11793522 0.09435894 0.25954168
v -0.11959290 0.09201371 0.26729387
v -0.12023979 0.09265585 0.25170476
v -0.11296221 0.10080831 0.24221569
v -0.12053628 0.09297693 0.24382544
v -0.12071149 0.09318632 0.23886911
v -0.12193790 0.09071545 0.25170476
v -0.12412117 0.08880298 0.24382544
v -0.12567103 0.08665319 0.24780745
v -0.12792169 0.08453132 0.23992816
v -0.13817769 0.06754238 0.25954168
v -0.12933677 0.08263280 0.23992816
v -0.13561706 0.07290290 0.24776510
v -0.12956588 0.08289803 0.23217595
v -0.13263864 0.07808194 0.23988580
v -0.13416155 0.07549940 0.24382544
v -0.13863591 0.06745861 0.25166237
v -0.13572487 0.07305645 0.24382544
v -0.13687042 0.07086478 0.24776510
v -0.13967364 0.06408037 0.26759041
v -0.13970059 0.06482023 0.25954168
v -0.14073832 0.06364762 0.25166237
v -0.14266554 0.06010186 0.24780745
v -0.14246339 0.06012978 0.25170476
v -0.14352807 0.05696093 0.25954168
v -0.14444450 0.05449007 0.26343897
v -0.14451189 0.05476926 0.25954168
v -0.14591349 0.05189357 0.25560204
v -0.14724772 0.04861304 0.25564440
v -0.14755768 0.04864096 0.24780745
v -0.14777331 0.04845948 0.24399489
v -0.14819111 0.04744043 0.24276640
v -0.14740944 0.04862700 0.25174711
v -0.15032048 0.04053038 0.23992816
v -0.14823154 0.04760794 0.23984343
v -0.14914797 0.04529064 0.23213358
v -0.15151993 0.03590972 0.24395254
v -0.15227464 0.03307591 0.24391017
v -0.15391884 0.02520265 0.24395254
v -0.15269242 0.03172182 0.23997053
v -0.11443120 0.10228804 0.16592209
v -0.14351459 0.06128844 0.20099766
v -0.14073832 0.06698399 0.19714274
v -0.14350110 0.06123260 0.20485257
v -0.14230165 0.06388494 0.20104002
v -0.13970059 0.06886855 0.20104002
v -0.13661435 0.07442450 0.19316073
v -0.13819118 0.07160464 0.19710038
v -0.13553620 0.07626718 0.19316073
v -0.12371686 0.09230686 0.19328780
v -0.12378425 0.09237666 0.18540852
v -0.12726131 0.08781185 0.19722746
v -0.13550924 0.07623926 0.19710038
v -0.13350117 0.07914288 0.20104002
v -0.13045536 0.08344246 0.20108238
v -0.12885160 0.08568997 0.20112475
v -0.12187051 0.09463813 0.18540852
v -0.12188399 0.09466605 0.18151124
v -0.11820477 0.09854684 0.17761395
v -0.11627756 0.10051515 0.17371666
v -0.12021284 0.09646685 0.18151124
v -0.11817781 0.09854684 0.18151124
v -0.11447163 0.10232991 0.16981937
v -0.15401318 0.02523056 0.24001288
v -0.15275980 0.03190329 0.23607324
v -0.15246332 0.03311779 0.23607324
v -0.15182989 0.03590972 0.23221832
v -0.15173555 0.03590972 0.23607324
v -0.14935012 0.04529064 0.22433901
v -0.14836631 0.04841761 0.22425430
v -0.15063044 0.04054434 0.22832103
v -0.14793505 0.05005089 0.21548540
v -0.14790809 0.04988337 0.22035701
v -0.14792157 0.04996713 0.21811183
v -0.14732858 0.05157250 0.21667153
v -0.14556309 0.05605355 0.21256244
v -0.14347416 0.06117676 0.20870751
v -0.14549570 0.05605355 0.21650208
v -0.11236923 0.10432615 0.16977701
v -0.11030724 0.10611299 0.16977701
v -0.11032072 0.10614091 0.17367429
v -0.10811049 0.10805339 0.18142650
v -0.10808353 0.10802547 0.18536615
v -0.10602156 0.10971459 0.18930581
v -0.10356874 0.11154331 0.19320310
v -0.09928305 0.11486572 0.18926344
v -0.10351483 0.11148747 0.19714274
v -0.09926957 0.11469820 0.19714274
v -0.09709978 0.11633149 0.19714274
v -0.09505127 0.11757389 0.20104002
v -0.09497041 0.11749014 0.20489494
v -0.09214024 0.11933281 0.20485257
v -0.09203242 0.11924905 0.20870751
v -0.08978176 0.12050543 0.21260479
v -0.08258504 0.12463750 0.21252007
v -0.07971444 0.12613118 0.21252007
v -0.07970096 0.12590782 0.21641736
v -0.08239637 0.12451185 0.21641736
v -0.08726156 0.12173388 0.21645973
v -0.08928312 0.12014248 0.22353413
v -0.08943136 0.12025416 0.22035701
v -0.09174940 0.11901174 0.21654443
v -0.09189765 0.11913738 0.21260479
v -0.09670894 0.11602437 0.21264715
v -0.09656069 0.11589873 0.21654443
v -0.09902699 0.11384666 0.22044172
v -0.10553638 0.10914225 0.21658680
v -0.10755793 0.10743917 0.21662917
v -0.10945819 0.10527541 0.22438138
v -0.11116977 0.10318145 0.23217595
v -0.11823172 0.09470792 0.25170476
v -0.11837997 0.09487544 0.24776510
v -0.11704575 0.09748591 0.23217595
v -0.11133149 0.10333502 0.22827866
v -0.11336652 0.10121314 0.23217595
v -0.11908077 0.09539195 0.23217595
v -0.11922902 0.09553155 0.22827866
v -0.12091365 0.09347947 0.23217595
v -0.12258480 0.09121800 0.23607324
v -0.12592709 0.08694634 0.23992816
v -0.12319126 0.09167868 0.22052646
v -0.12804299 0.08467091 0.23607324
v -0.13284079 0.07834717 0.23213358
v -0.13274646 0.07820758 0.23598852
v -0.12827210 0.08493615 0.22827866
v -0.12847425 0.08518742 0.22052646
v -0.12971414 0.08374957 0.21658680
v -0.13435022 0.07551336 0.23988580
v -0.13889197 0.06765405 0.24386781
v -0.14103482 0.06377326 0.24386781
v -0.14067094 0.06408037 0.24801927
v -0.13471410 0.07551336 0.23213358
v -0.13581922 0.07319605 0.23988580
v -0.13707258 0.07113002 0.23992816
v -0.14119654 0.06378722 0.23992816
v -0.14284074 0.06008790 0.24386781
v -0.14470056 0.05555100 0.24780745
v -0.14463318 0.05531369 0.25170476
v -0.14359545 0.05722617 0.25560204
v -0.14626390 0.05189357 0.24780745
v -0.14656039 0.05189357 0.23984343
v -0.14771940 0.04894807 0.23980108
v -0.15053611 0.04054434 0.23221832
v -0.14780028 0.04933894 0.23204886
v -0.14784071 0.04953438 0.22815157
v -0.14833935 0.04822217 0.22815157
v -0.14925579 0.04529064 0.22823630
v -0.14072484 0.06692815 0.20104002
v -0.14226122 0.06387098 0.20489494
v -0.14069789 0.06685835 0.20489494
v -0.13966016 0.06879875 0.20489494
v -0.13808335 0.07157672 0.20489494
v -0.13813726 0.07159068 0.20104002
v -0.12180313 0.09456833 0.19328780
v -0.12367643 0.09225103 0.19722746
v -0.12722088 0.08774204 0.20112475
v -0.13546881 0.07618343 0.20099766
v -0.13346074 0.07908703 0.20489494
v -0.13037450 0.08342850 0.20497967
v -0.12881117 0.08560621 0.20502203
v -0.12017241 0.09645289 0.18540852
v -0.11627756 0.10051515 0.17761395
v -0.11447163 0.10235783 0.17371666
v -0.11815086 0.09853288 0.18540852
v -0.11445816 0.10234387 0.18151124
v -0.11238270 0.10435407 0.17367429
v -0.14711295 0.05192148 0.22035701
v -0.14701861 0.05190753 0.22425430
v -0.14343373 0.06109300 0.21260479
v -0.14220732 0.06385702 0.20870751
v -0.14540137 0.05602563 0.22039937
v -0.14339330 0.06098133 0.21654443
v -0.11032072 0.10614091 0.17757158
v -0.11235574 0.10435407 0.18151124
v -0.11227488 0.10429823 0.18934816
v -0.10805658 0.10798359 0.18930581
v -0.10598113 0.10967272 0.19324545
v -0.10587330 0.10956103 0.20112475
v -0.10343397 0.11143163 0.20108238
v -0.09925610 0.11447484 0.20493731
v -0.09693805 0.11619188 0.20493731
v -0.09683024 0.11612209 0.20879223
v -0.09486260 0.11740638 0.20874986
v -0.08960656 0.12037979 0.21650208
v -0.09921567 0.11416773 0.21264715
v -0.09951216 0.11372102 0.21641736
v -0.10565768 0.10928184 0.21268952
v -0.10767923 0.10756480 0.21273189
v -0.10984902 0.10568024 0.21277424
v -0.10972773 0.10555461 0.21662917
v -0.10959296 0.10541500 0.22052646
v -0.11162799 0.10362817 0.22052646
v -0.11517244 0.09938442 0.23217595
v -0.11544198 0.09969153 0.22442375
v -0.11719399 0.09762550 0.22827866
v -0.11363607 0.10152025 0.22442375
v -0.11732876 0.09776510 0.22442375
v -0.11746353 0.09790469 0.22052646
v -0.11963333 0.09593638 0.21662917
v -0.12127752 0.09394015 0.22052646
v -0.12604839 0.08708594 0.23607324
v -0.12139882 0.09407974 0.21662917
v -0.12331255 0.09180431 0.21662917
v -0.13313730 0.07871013 0.22044172
v -0.12342037 0.09192995 0.21277424
v -0.12701873 0.08749077 0.21273189
v -0.12860902 0.08535494 0.21527359
v -0.12867640 0.08542473 0.21273189
v -0.13332596 0.07893348 0.21264715
v -0.13898631 0.06779365 0.23992816
v -0.13591356 0.07332169 0.23603087
v -0.13519928 0.07584839 0.21654443
v -0.13726125 0.07135337 0.23217595
v -0.13916152 0.06805889 0.23217595
v -0.14150651 0.06377326 0.23217595
v -0.14308332 0.06021354 0.23603087
v -0.14476795 0.05573248 0.24382544
v -0.14494315 0.05595584 0.23598852
v -0.14668168 0.05190753 0.23594615
v -0.14691080 0.05190753 0.22815157
v -0.14065746 0.06677460 0.20874986
v -0.13961973 0.06871499 0.20874986
v -0.13800249 0.07156276 0.20874986
v -0.12009155 0.09639705 0.19328780
v -0.12176270 0.09451249 0.19722746
v -0.12363600 0.09218122 0.20112475
v -0.12716697 0.08765828 0.20502203
v -0.12522629 0.09007331 0.20502203
v -0.12358209 0.09211142 0.20502203
v -0.13541490 0.07611362 0.20489494
v -0.13536100 0.07604382 0.20874986
v -0.13339336 0.07901724 0.20874986
v -0.13026669 0.08341454 0.20883460
v -0.12875726 0.08552245 0.20883460
v -0.11447163 0.10235783 0.17761395
v -0.11433687 0.10226012 0.19328780
v -0.11236923 0.10435407 0.17761395
v -0.14212646 0.06384306 0.21264715
v -0.14333938 0.06084173 0.22044172
v -0.14529354 0.05601168 0.22429665
v -0.14203212 0.06382910 0.21654443
v -0.11017248 0.10605716 0.19328780
v -0.10797572 0.10789983 0.19718509
v -0.11216707 0.10421447 0.19722746
v -0.10792181 0.10783003 0.20112475
v -0.10785443 0.10776024 0.20497967
v -0.10581940 0.10947728 0.20497967
v -0.10335310 0.11136184 0.20493731
v -0.09924262 0.11433525 0.20879223
v -0.10573854 0.10939352 0.20883460
v -0.10777357 0.10766252 0.20883460
v -0.10994336 0.10577796 0.20887695
v -0.11197839 0.10399112 0.20887695
v -0.11187057 0.10389340 0.21277424
v -0.11174928 0.10376777 0.21667153
v -0.11377083 0.10165985 0.22052646
v -0.11759830 0.09803033 0.21662917
v -0.11975463 0.09604806 0.21277424
v -0.12150664 0.09419142 0.21277424
v -0.12351471 0.09202767 0.20887695
v -0.12515890 0.08998955 0.20887695
v -0.13775991 0.07154881 0.21658680
v -0.13924238 0.06818452 0.22827866
v -0.14320461 0.06054857 0.22823630
v -0.13940410 0.06842183 0.22048409
v -0.14054964 0.06657916 0.21658680
v -0.14191081 0.06381514 0.22044172
v -0.14327200 0.06070213 0.22429665
v -0.14518574 0.05598375 0.22819394
v -0.14060355 0.06669084 0.21264715
v -0.13956582 0.06863123 0.21264715
v -0.13789467 0.07154881 0.21264715
v -0.12003764 0.09634121 0.19722746
v -0.11800261 0.09842120 0.19722746
v -0.12172226 0.09444270 0.20112475
v -0.12165488 0.09437290 0.20502203
v -0.11422905 0.10214844 0.20116712
v -0.11007813 0.10594547 0.20112475
v -0.11211316 0.10414468 0.20116712
v -0.11002422 0.10586172 0.20502203
v -0.11410776 0.10200884 0.20887695
v -0.11401342 0.10191112 0.21277424
v -0.11205925 0.10407488 0.20502203
v -0.11389213 0.10178548 0.21667153
v -0.11771959 0.09814201 0.21277424
v -0.11984896 0.09614578 0.20887695
v -0.12158750 0.09428913 0.20887695
v -0.13948496 0.06853351 0.21658680
v -0.11998373 0.09628537 0.20112475
v -0.11794871 0.09836537 0.20116712
v -0.11992982 0.09621557 0.20502203
v -0.11417514 0.10207864 0.20502203
v -0.11781393 0.09822577 0.20887695
v -0.11789479 0.09829556 0.20502203
f 1 2 6
f 1 6 13
f 1 13 23
f 1 23 36
f 1 36 58
f 1 58 83
f 1 83 128
f 1 128 197
f 1 197 194
f 1 194 293
f 1 293 295
f 1 295 417
f 1 417 550
f 1 550 701
f 1 701 852
f 1 852 854
f 1 854 1020
f 1 1020 1019
f 1 1019 1187
f 1 1187 1357
f 1 1357 1360
f 1 1360 1542
f 1 1542 1541
f 1 1541 1540
f 1 1540 1749
f 1 1749 1963
f 1 1963 2162
f 1 2162 2366
f 1 2366 2577
f 1 2577 2576
f 1 2576 2783
f 1 2783 2782
f 1 2782 3006
f 1 3006 3223
f 1 3223 3222
f 1 3222 3221
f 1 3221 3406
f 1 3406 3576
f 1 3576 3581
f 1 3581 3742
f 1 3742 3605
f 1 3605 3428
f 1 3428 3427
f 1 3427 3244
f 1 3244 3023
f 1 3023 2802
f 1 2802 2592
f 1 2592 2386
f 1 2386 2385
f 1 2385 2176
f 1 2176 1977
f 1 1977 1767
f 1 1767 1976
f 1 1976 1764
f 1 1764 1763
f 1 1763 1556
f 1 1556 1555
f 1 1555 1372
f 1 1372 1202
f 1 1202 1201
f 1 1201 1200
f 1 1200 1030
f 1 1030 864
f 1 864 716
f 1 716 715
f 1 715 714
f 1 714 710
f 1 710 709
f 1 709 557
f 1 557 426
f 1 426 306
f 1 306 305
f 1 305 304
f 1 304 303
f 1 303 203
f 1 203 136
f 1 136 135
f 1 135 134
f 1 134 90
f 1 90 89
f 1 89 84
f 1 84 59
f 1 59 37
f 1 37 24
f 1 24 14
f 1 14 7
f 1 7 3
f 1 3 9
f 1 9 4
f 1 4 10
f 1 10 19
f 1 19 31
f 1 31 50
f 1 50 49
f 1 49 48
f 1 48 71
f 1 71 99
f 1 99 143
f 1 143 217
f 1 217 216
f 1 216 215
f 1 215 323
f 1 323 441
f 1 441 574
f 1 574 573
f 1 573 572
f 1 572 571
f 1 571 723
f 1 723 872
f 1 872 1039
f 1 1039 1217
f 1 1217 1386
f 1 1386 1574
f 1 1574 1786
f 1 1786 1995
f 1 1995 1994
f 1 1994 1993
f 1 1993 2192
f 1 2192 2191
f 1 2191 2190
f 1 2190 2400
f 1 2400 2615
f 1 2615 2614
f 1 2614 2613
f 1 2613 2623
f 1 2623 2831
f 1 2831 3044
f 1 3044 3043
f 1 3043 2850
f 1 2850 2640
f 1 2640 2639
f 1 2639 2638
f 1 2638 2427
f 1 2427 2225
f 1 2225 2022
f 1 2022 1808
f 1 1808 1807
f 1 1807 1806
f 1 1806 1805
f 1 1805 1802
f 1 1802 1595
f 1 1595 1594
f 1 1594 1403
f 1 1403 1400
f 1 1400 1234
f 1 1234 1054
f 1 1054 1058
f 1 1058 1057
f 1 1057 889
f 1 889 743
f 1 743 586
f 1 586 456
f 1 456 336
f 1 336 226
f 1 226 152
f 1 152 148
f 1 148 100
f 1 100 72
f 1 72 51
f 1 51 32
f 1 32 20
f 1 20 11
f 1 11 5
f 1 5 2
f 2 5 6
f 3 7 8
f 3 8 9
f 4 9 17
f 4 17 10
f 5 11 21
f 5 21 34
f 5 34 56
f 5 56 79
f 5 79 78
f 5 78 111
f 5 111 167
f 5 167 166
f 5 166 238
f 5 238 347
f 5 347 479
f 5 479 615
f 5 615 617
f 5 617 771
f 5 771 922
f 5 922 1090
f 5 1090 1267
f 5 1267 1268
f 5 1268 1436
f 5 1436 1435
f 5 1435 1629
f 5 1629 1847
f 5 1847 2064
f 5 2064 2063
f 5 2063 2261
f 5 2261 2475
f 5 2475 2691
f 5 2691 2906
f 5 2906 3115
f 5 3115 3312
f 5 3312 3311
f 5 3311 3485
f 5 3485 3342
f 5 3342 3144
f 5 3144 2936
f 5 2936 2935
f 5 2935 2934
f 5 2934 2717
f 5 2717 2498
f 5 2498 2282
f 5 2282 2076
f 5 2076 1863
f 5 1863 1650
f 5 1650 1647
f 5 1647 1646
f 5 1646 1453
f 5 1453 1450
f 5 1450 1449
f 5 1449 1284
f 5 1284 1281
f 5 1281 1102
f 5 1102 1101
f 5 1101 1100
f 5 1100 932
f 5 932 928
f 5 928 775
f 5 775 620
f 5 620 483
f 5 483 481
f 5 481 480
f 5 480 350
f 5 350 349
f 5 349 348
f 5 348 240
f 5 240 246
f 5 246 171
f 5 171 114
f 5 114 80
f 5 80 57
f 5 57 35
f 5 35 22
f 5 22 12
f 5 12 6
f 6 12 13
f 7 14 8
f 8 15 9
f 8 14 16
f 8 16 15
f 9 15 17
f 10 17 18
f 10 18 19
f 11 20 21
f 12 22 23
f 12 23 13
f 14 24 16
f 15 25 18
f 15 18 17
f 15 16 26
f 15 26 27
f 15 27 28
f 15 28 25
f 16 24 29
f 16 29 26
f 18 25 30
f 18 30 31
f 18 31 19
f 20 32 33
f 20 33 21
f 21 33 34
f 22 35 23
f 23 35 36
f 24 37 38
f 24 38 29
f 25 39 30
f 25 28 39
f 26 29 40
f 26 40 27
f 27 41 42
f 27 42 39
f 27 39 28
f 27 40 43
f 27 43 44
f 27 44 45
f 27 45 46
f 27 46 41
f 29 38 40
f 30 39 47
f 30 47 48
f 30 48 49
f 30 49 50
f 30 50 31
f 32 51 52
f 32 52 33
f 33 52 53
f 33 53 54
f 33 54 34
f 34 54 55
f 34 55 56
f 35 57 58
f 35 58 36
f 37 59 38
f 38 59 84
f 38 84 60
f 38 60 43
f 38 43 40
f 39 42 41
f 39 41 61
f 39 61 47
f 41 46 62
f 41 62 63
f 41 63 61
f 43 60 64
f 43 64 44
f 44 64 65
f 44 65 66
f 44 66 67
f 44 67 45
f 45 67 46
f 46 67 62
f 47 61 68
f 47 68 69
f 47 69 48
f 48 69 70
f 48 70 71
f 51 72 73
f 51 73 52
f 52 73 74
f 52 74 75
f 52 75 53
f 53 75 76
f 53 76 55
f 53 55 54
f 55 76 77
f 55 77 78
f 55 78 79
f 55 79 56
f 57 80 58
f 58 80 81
f 58 81 82
f 58 82 83
f 60 84 64
f 61 63 85
f 61 85 86
f 61 86 68
f 62 67 87
f 62 87 63
f 63 87 88
f 63 88 85
f 64 89 90
f 64 90 91
f 64 91 65
f 64 84 89
f 65 91 92
f 65 92 66
f 66 92 93
f 66 93 94
f 66 94 87
f 66 87 67
f 68 95 96
f 68 96 69
f 68 86 97
f 68 97 98
f 68 98 95
f 69 96 71
f 69 71 70
f 71 96 99
f 72 100 73
f 73 101 102
f 73 102 103
f 73 103 74
f 73 100 101
f 74 103 75
f 75 104 76
f 75 103 105
f 75 105 106
f 75 106 104
f 76 104 107
f 76 107 77
f 77 108 109
f 77 109 110
f 77 110 78
f 77 107 108
f 78 110 111
f 80 112 113
f 80 113 81
f 80 114 112
f 81 113 115
f 81 115 116
f 81 116 117
f 81 117 118
f 81 118 119
f 81 119 120
f 81 120 121
f 81 121 122
f 81 122 123
f 81 123 124
f 81 124 82
f 82 125 126
f 82 126 83
f 82 124 127
f 82 127 125
f 83 126 128
f 85 129 97
f 85 97 86
f 85 88 130
f 85 130 129
f 87 94 88
f 88 131 130
f 88 94 132
f 88 132 133
f 88 133 131
f 90 134 91
f 91 134 135
f 91 135 136
f 91 136 137
f 91 137 92
f 92 137 138
f 92 138 139
f 92 139 93
f 93 139 140
f 93 140 94
f 94 140 132
f 95 98 96
f 96 98 141
f 96 141 142
f 96 142 143
f 96 143 99
f 97 144 145
f 97 145 98
f 97 129 130
f 97 130 146
f 97 146 147
f 97 147 144
f 98 145 141
f 100 148 101
f 101 149 150
f 101 150 151
f 101 151 102
f 101 148 152
f 101 152 149
f 102 151 103
f 103 151 153
f 103 153 106
f 103 106 105
f 104 154 107
f 104 106 154
f 106 155 156
f 106 156 157
f 106 157 158
f 106 158 159
f 106 159 160
f 106 160 154
f 106 153 161
f 106 161 155
f 107 154 108
f 108 154 109
f 109 154 162
f 109 162 163
f 109 163 164
f 109 164 110
f 110 164 165
f 110 165 166
f 110 166 167
f 110 167 111
f 112 114 168
f 112 168 169
f 112 169 113
f 113 169 170
f 113 170 115
f 114 171 168
f 115 170 172
f 115 172 116
f 116 172 173
f 116 173 174
f 116 174 175
f 116 175 176
f 116 176 177
f 116 177 117
f 117 177 178
f 117 178 118
f 118 179 180
f 118 180 181
f 118 181 119
f 118 178 182
f 118 182 183
f 118 183 184
f 118 184 179
f 119 181 120
f 120 181 185
f 120 185 186
f 120 186 121
f 121 186 187
f 121 187 188
f 121 188 122
f 122 188 189
f 122 189 190
f 122 190 123
f 123 190 191
f 123 191 124
f 124 191 192
f 124 192 193
f 124 193 127
f 125 194 195
f 125 195 126
f 125 127 196
f 125 196 194
f 126 195 197
f 126 197 128
f 127 193 198
f 127 198 196
f 130 131 146
f 131 147 146
f 131 133 199
f 131 199 147
f 132 140 200
f 132 200 201
f 132 201 133
f 133 201 202
f 133 202 199
f 136 203 204
f 136 204 137
f 137 204 138
f 138 205 139
f 138 204 205
f 139 205 206
f 139 206 207
f 139 207 208
f 139 208 140
f 140 208 209
f 140 209 210
f 140 210 200
f 141 211 142
f 141 145 212
f 141 212 213
f 141 213 214
f 141 214 211
f 142 211 215
f 142 215 216
f 142 216 217
f 142 217 143
f 144 218 213
f 144 213 212
f 144 212 145
f 144 147 219
f 144 219 218
f 147 199 220
f 147 220 221
f 147 221 218
f 147 218 219
f 149 222 223
f 149 223 150
f 149 152 222
f 150 223 151
f 151 223 224
f 151 224 225
f 151 225 153
f 152 226 222
f 153 225 161
f 154 160 162
f 155 227 228
f 155 228 229
f 155 229 230
f 155 230 156
f 155 161 227
f 156 230 231
f 156 231 232
f 156 232 233
f 156 233 234
f 156 234 157
f 157 235 163
f 157 163 158
f 157 234 235
f 158 163 162
f 158 162 160
f 158 160 159
f 161 225 227
f 163 235 164
f 164 235 236
f 164 236 165
f 165 236 237
f 165 237 238
f 165 238 166
f 168 239 240
f 168 240 241
f 168 241 169
f 168 171 239
f 169 241 242
f 169 242 170
f 170 243 244
f 170 244 245
f 170 245 172
f 170 242 243
f 171 246 239
f 172 245 173
f 173 245 247
f 173 247 174
f 174 247 248
f 174 248 249
f 174 249 175
f 175 250 176
f 175 249 251
f 175 251 252
f 175 252 253
f 175 253 250
f 176 250 254
f 176 254 255
f 176 255 177
f 177 255 256
f 177 256 257
f 177 257 178
f 178 258 182
f 178 257 259
f 178 259 260
f 178 260 258
f 179 184 261
f 179 261 180
f 180 262 181
f 180 261 263
f 180 263 264
f 180 264 262
f 181 262 265
f 181 265 266
f 181 266 185
f 182 258 267
f 182 267 183
f 183 268 184
f 183 267 269
f 183 269 270
f 183 270 271
f 183 271 268
f 184 268 272
f 184 272 273
f 184 273 261
f 185 266 274
f 185 274 275
f 185 275 276
f 185 276 277
f 185 277 186
f 186 277 278
f 186 278 279
f 186 279 187
f 187 279 280
f 187 280 281
f 187 281 188
f 188 281 279
f 188 279 282
f 188 282 189
f 189 282 283
f 189 283 284
f 189 284 285
f 189 285 286
f 189 286 190
f 190 286 287
f 190 287 191
f 191 288 192
f 191 287 289
f 191 289 290
f 191 290 288
f 192 288 193
f 193 288 291
f 193 291 290
f 193 290 198
f 194 197 292
f 194 292 195
f 194 196 293
f 195 292 197
f 196 198 294
f 196 294 295
f 196 295 293
f 198 290 296
f 198 296 294
f 199 202 297
f 199 297 298
f 199 298 220
f 200 210 201
f 201 299 300
f 201 300 202
f 201 210 301
f 201 301 299
f 202 300 302
f 202 302 297
f 203 303 204
f 204 303 304
f 204 304 305
f 204 305 306
f 204 306 307
f 204 307 308
f 204 308 309
f 204 309 206
f 204 206 205
f 206 309 207
f 207 309 310
f 207 310 311
f 207 311 312
f 207 312 313
f 207 313 314
f 207 314 315
f 207 315 316
f 207 316 209
f 207 209 208
f 209 316 317
f 209 317 210
f 210 317 301
f 211 318 319
f 211 319 215
f 211 214 320
f 211 320 318
f 213 218 214
f 214 218 321
f 214 321 322
f 214 322 320
f 215 319 318
f 215 318 323
f 218 221 324
f 218 324 325
f 218 325 321
f 220 298 326
f 220 326 221
f 221 326 327
f 221 327 328
f 221 328 329
f 221 329 321
f 221 321 325
f 221 325 324
f 222 226 330
f 222 330 331
f 222 331 223
f 223 332 333
f 223 333 224
f 223 331 334
f 223 334 332
f 224 333 225
f 225 333 335
f 225 335 228
f 225 228 227
f 226 336 330
f 228 335 337
f 228 337 338
f 228 338 229
f 229 338 339
f 229 339 230
f 230 232 231
f 230 339 340
f 230 340 232
f 232 340 233
f 233 340 341
f 233 341 342
f 233 342 234
f 234 342 343
f 234 343 344
f 234 344 235
f 235 345 236
f 235 344 345
f 236 345 237
f 237 345 346
f 237 346 238
f 238 346 347
f 239 246 240
f 240 348 241
f 241 348 349
f 241 349 350
f 241 350 351
f 241 351 242
f 242 351 352
f 242 352 353
f 242 353 243
f 243 354 244
f 243 353 354
f 244 355 356
f 244 356 247
f 244 247 245
f 244 354 357
f 244 357 358
f 244 358 355
f 247 356 359
f 247 359 248
f 248 359 251
f 248 251 360
f 248 360 249
f 249 360 251
f 250 361 254
f 250 253 362
f 250 362 361
f 251 359 363
f 251 363 364
f 251 364 252
f 252 364 365
f 252 365 253
f 253 365 366
f 253 366 367
f 253 367 368
f 253 368 369
f 253 369 362
f 254 361 255
f 255 361 370
f 255 370 256
f 256 370 371
f 256 371 372
f 256 372 257
f 257 372 259
f 258 260 373
f 258 373 374
f 258 374 375
f 258 375 267
f 259 376 260
f 259 372 377
f 259 377 378
f 259 378 376
f 260 376 379
f 260 379 373
f 261 273 380
f 261 380 381
f 261 381 382
f 261 382 263
f 262 264 383
f 262 383 384
f 262 384 265
f 263 385 264
f 263 382 386
f 263 386 387
f 263 387 388
f 263 388 389
f 263 389 385
f 264 385 383
f 265 384 390
f 265 390 266
f 266 390 391
f 266 391 274
f 267 375 392
f 267 392 269
f 268 271 393
f 268 393 272
f 269 392 394
f 269 394 270
f 270 394 395
f 270 395 396
f 270 396 271
f 271 396 397
f 271 397 398
f 271 398 393
f 272 380 273
f 272 393 399
f 272 399 400
f 272 400 380
f 274 391 401
f 274 401 402
f 274 402 403
f 274 403 404
f 274 404 275
f 275 404 405
f 275 405 406
f 275 406 276
f 276 406 277
f 277 406 278
f 278 406 405
f 278 405 407
f 278 407 283
f 278 283 279
f 279 281 280
f 279 283 282
f 283 407 408
f 283 408 409
f 283 409 285
f 283 285 284
f 285 409 410
f 285 410 411
f 285 411 286
f 286 411 412
f 286 412 287
f 287 412 289
f 288 290 291
f 289 412 413
f 289 413 414
f 289 414 290
f 290 414 415
f 290 415 296
f 294 296 416
f 294 416 417
f 294 417 295
f 296 415 416
f 297 302 418
f 297 418 419
f 297 419 420
f 297 420 298
f 298 421 326
f 298 420 421
f 299 422 302
f 299 302 300
f 299 301 422
f 301 317 423
f 301 423 424
f 301 424 425
f 301 425 302
f 301 302 422
f 302 425 419
f 302 419 418
f 306 426 307
f 307 427 308
f 307 426 428
f 307 428 429
f 307 429 427
f 308 427 309
f 309 427 310
f 310 427 429
f 310 429 311
f 311 429 430
f 311 430 312
f 312 431 432
f 312 432 433
f 312 433 314
f 312 314 313
f 312 430 434
f 312 434 435
f 312 435 431
f 314 436 437
f 314 437 315
f 314 433 432
f 314 432 438
f 314 438 566
f 314 566 436
f 315 437 317
f 315 317 316
f 317 437 423
f 318 439 440
f 318 440 441
f 318 441 323
f 318 320 439
f 320 322 329
f 320 329 439
f 321 329 322
f 326 442 327
f 326 421 443
f 326 443 444
f 326 444 445
f 326 445 446
f 326 446 442
f 327 447 328
f 327 442 448
f 327 448 447
f 328 447 449
f 328 449 450
f 328 450 329
f 329 451 452
f 329 452 453
f 329 453 440
f 329 440 439
f 329 450 451
f 330 454 455
f 330 455 334
f 330 334 331
f 330 336 456
f 330 456 454
f 332 334 455
f 332 455 454
f 332 454 457
f 332 457 458
f 332 458 333
f 333 458 459
f 333 459 335
f 335 459 337
f 337 459 460
f 337 460 338
f 338 461 339
f 338 460 462
f 338 462 461
f 339 461 463
f 339 463 464
f 339 464 465
f 339 465 466
f 339 466 467
f 339 467 340
f 340 467 341
f 341 468 342
f 341 467 468
f 342 468 469
f 342 469 343
f 343 469 470
f 343 470 471
f 343 471 472
f 343 472 473
f 343 473 344
f 344 473 472
f 344 472 474
f 344 474 345
f 345 474 346
f 346 474 475
f 346 475 347
f 347 475 476
f 347 476 477
f 347 477 478
f 347 478 479
f 350 480 351
f 351 480 352
f 352 480 481
f 352 481 353
f 353 482 354
f 353 481 483
f 353 483 484
f 353 484 482
f 354 482 485
f 354 485 357
f 355 486 356
f 355 358 486
f 356 486 359
f 357 485 487
f 357 487 358
f 358 487 488
f 358 488 489
f 358 489 490
f 358 490 486
f 359 486 491
f 359 491 364
f 359 364 363
f 361 362 370
f 362 371 370
f 362 369 492
f 362 492 493
f 362 493 371
f 364 367 365
f 364 491 494
f 364 494 367
f 365 367 366
f 367 494 495
f 367 495 496
f 367 496 497
f 367 497 368
f 368 498 499
f 368 499 369
f 368 497 498
f 369 499 500
f 369 500 492
f 371 493 501
f 371 501 372
f 372 501 502
f 372 502 377
f 373 503 374
f 373 379 504
f 373 504 503
f 374 503 505
f 374 505 506
f 374 506 375
f 375 506 505
f 375 505 392
f 376 378 507
f 376 507 379
f 377 502 508
f 377 508 378
f 378 508 509
f 378 509 510
f 378 510 511
f 378 511 507
f 379 507 511
f 379 511 504
f 380 400 512
f 380 512 513
f 380 513 381
f 381 514 386
f 381 386 382
f 381 513 514
f 383 385 515
f 383 515 516
f 383 516 384
f 384 516 517
f 384 517 390
f 385 389 518
f 385 518 515
f 386 514 519
f 386 519 388
f 386 388 387
f 388 519 520
f 388 520 521
f 388 521 522
f 388 522 518
f 388 518 389
f 390 517 523
f 390 523 391
f 391 524 401
f 391 523 524
f 392 505 525
f 392 525 526
f 392 526 394
f 393 398 399
f 394 526 395
f 395 526 527
f 395 527 528
f 395 528 396
f 396 528 397
f 397 528 398
f 398 529 530
f 398 530 531
f 398 531 399
f 398 528 529
f 399 531 400
f 400 531 532
f 400 532 512
f 401 524 533
f 401 533 534
f 401 534 402
f 402 534 535
f 402 535 536
f 402 536 537
f 402 537 403
f 403 537 405
f 403 405 404
f 405 537 538
f 405 538 539
f 405 539 407
f 407 539 540
f 407 540 408
f 408 540 539
f 408 539 541
f 408 541 409
f 409 541 542
f 409 542 410
f 410 542 543
f 410 543 411
f 411 543 544
f 411 544 545
f 411 545 412
f 412 545 413
f 413 545 546
f 413 546 547
f 413 547 548
f 413 548 414
f 414 548 415
f 415 548 549
f 415 549 416
f 416 549 417
f 417 549 550
f 419 425 424
f 419 424 551
f 419 551 552
f 419 552 420
f 420 552 444
f 420 444 443
f 420 443 421
f 423 553 424
f 423 437 436
f 423 436 554
f 423 554 555
f 423 555 553
f 424 553 556
f 424 556 551
f 426 557 558
f 426 558 428
f 428 558 429
f 429 558 430
f 430 558 434
f 431 435 559
f 431 559 560
f 431 560 432
f 432 560 561
f 432 561 438
f 434 562 563
f 434 563 564
f 434 564 565
f 434 565 435
f 434 558 562
f 435 565 712
f 435 712 559
f 436 566 554
f 438 561 567
f 438 567 566
f 440 453 452
f 440 452 568
f 440 568 569
f 440 569 570
f 440 570 723
f 440 723 571
f 440 571 572
f 440 572 573
f 440 573 574
f 440 574 441
f 442 446 575
f 442 575 576
f 442 576 448
f 444 577 445
f 444 552 556
f 444 556 578
f 444 578 579
f 444 579 577
f 445 575 446
f 445 577 580
f 445 580 575
f 447 581 582
f 447 582 449
f 447 448 581
f 448 576 583
f 448 583 581
f 449 582 451
f 449 451 450
f 451 582 452
f 452 582 568
f 454 456 584
f 454 584 585
f 454 585 457
f 456 586 587
f 456 587 588
f 456 588 585
f 456 585 584
f 457 585 458
f 458 585 589
f 458 589 590
f 458 590 591
f 458 591 459
f 459 591 460
f 460 591 592
f 460 592 462
f 461 462 593
f 461 593 463
f 462 592 594
f 462 594 595
f 462 595 596
f 462 596 597
f 462 597 593
f 463 593 598
f 463 598 599
f 463 599 464
f 464 598 600
f 464 600 601
f 464 601 602
f 464 602 603
f 464 603 604
f 464 604 605
f 464 605 467
f 464 467 465
f 464 599 598
f 465 467 466
f 467 605 468
f 468 605 604
f 468 604 606
f 468 606 469
f 469 606 470
f 470 606 607
f 470 607 608
f 470 608 609
f 470 609 471
f 471 609 472
f 472 609 610
f 472 610 611
f 472 611 612
f 472 612 474
f 474 612 613
f 474 613 475
f 475 613 614
f 475 614 478
f 475 478 477
f 475 477 476
f 478 615 479
f 478 614 616
f 478 616 617
f 478 617 615
f 482 618 619
f 482 619 485
f 482 484 618
f 483 620 621
f 483 621 484
f 484 621 618
f 485 619 622
f 485 622 487
f 486 490 623
f 486 623 624
f 486 624 491
f 487 625 488
f 487 622 625
f 488 625 626
f 488 626 623
f 488 623 489
f 489 623 490
f 491 624 494
f 492 500 493
f 493 500 627
f 493 627 501
f 494 624 623
f 494 623 628
f 494 628 629
f 494 629 630
f 494 630 495
f 495 630 631
f 495 631 632
f 495 632 633
f 495 633 496
f 496 633 634
f 496 634 497
f 497 634 635
f 497 635 498
f 498 636 500
f 498 500 499
f 498 635 636
f 500 636 637
f 500 637 638
f 500 638 639
f 500 639 627
f 501 627 502
f 502 627 640
f 502 640 508
f 503 504 641
f 503 641 505
f 504 511 641
f 505 641 642
f 505 642 643
f 505 643 525
f 508 640 644
f 508 644 637
f 508 637 645
f 508 645 646
f 508 646 647
f 508 647 510
f 508 510 509
f 510 647 648
f 510 648 649
f 510 649 511
f 511 650 641
f 511 649 651
f 511 651 652
f 511 652 650
f 512 653 513
f 512 532 654
f 512 654 655
f 512 655 805
f 512 805 653
f 513 653 656
f 513 656 514
f 514 656 657
f 514 657 658
f 514 658 659
f 514 659 519
f 515 660 516
f 515 518 661
f 515 661 662
f 515 662 660
f 516 660 517
f 517 660 662
f 517 662 533
f 517 533 524
f 517 524 523
f 518 522 661
f 519 659 520
f 520 659 521
f 521 659 663
f 521 663 664
f 521 664 661
f 521 661 522
f 525 643 665
f 525 665 526
f 526 665 527
f 527 665 666
f 527 666 667
f 527 667 668
f 527 668 528
f 528 668 529
f 529 668 669
f 529 669 670
f 529 670 530
f 530 670 671
f 530 671 672
f 530 672 673
f 530 673 674
f 530 674 654
f 530 654 675
f 530 675 531
f 531 675 532
f 532 675 654
f 533 662 534
f 534 662 535
f 535 676 677
f 535 677 536
f 535 662 676
f 536 677 678
f 536 678 679
f 536 679 537
f 537 679 680
f 537 680 539
f 537 539 538
f 539 680 681
f 539 681 682
f 539 682 541
f 541 682 683
f 541 683 684
f 541 684 685
f 541 685 686
f 541 686 542
f 542 686 543
f 543 686 687
f 543 687 688
f 543 688 544
f 544 688 545
f 545 688 689
f 545 689 546
f 546 689 690
f 546 690 547
f 547 691 692
f 547 692 693
f 547 693 548
f 547 690 694
f 547 694 695
f 547 695 696
f 547 696 697
f 547 697 691
f 548 698 699
f 548 699 549
f 548 693 698
f 549 699 698
f 549 698 700
f 549 700 701
f 549 701 550
f 551 556 552
f 553 555 556
f 554 566 702
f 554 702 703
f 554 703 706
f 554 706 555
f 555 704 705
f 555 705 556
f 555 706 704
f 556 705 707
f 556 707 708
f 556 708 578
f 557 709 558
f 558 709 710
f 558 710 562
f 559 711 560
f 559 712 713
f 559 713 711
f 560 567 561
f 560 711 567
f 562 710 714
f 562 714 563
f 563 714 715
f 563 715 716
f 563 716 717
f 563 717 718
f 563 718 564
f 564 718 565
f 565 718 719
f 565 719 861
f 565 861 712
f 566 567 720
f 566 720 702
f 567 711 721
f 567 721 720
f 568 582 722
f 568 722 569
f 569 722 570
f 570 722 723
f 575 580 724
f 575 724 725
f 575 725 576
f 576 725 726
f 576 726 727
f 576 727 583
f 577 728 724
f 577 724 580
f 577 579 728
f 578 708 579
f 579 708 729
f 579 729 730
f 579 730 731
f 579 731 728
f 581 732 733
f 581 733 582
f 581 583 734
f 581 734 732
f 582 733 735
f 582 735 736
f 582 736 722
f 583 727 737
f 583 737 738
f 583 738 734
f 585 739 740
f 585 740 589
f 585 588 741
f 585 741 742
f 585 742 739
f 586 743 741
f 586 741 587
f 587 741 588
f 589 740 591
f 589 591 590
f 591 740 592
f 592 744 745
f 592 745 594
f 592 740 746
f 592 746 744
f 593 747 598
f 593 597 747
f 594 745 596
f 594 596 595
f 596 745 748
f 596 748 749
f 596 749 747
f 596 747 597
f 598 750 600
f 598 747 750
f 600 750 751
f 600 751 601
f 601 751 752
f 601 752 753
f 601 753 754
f 601 754 755
f 601 755 602
f 602 755 603
f 603 755 754
f 603 754 756
f 603 756 607
f 603 607 606
f 603 606 604
f 607 756 757
f 607 757 758
f 607 758 608
f 608 758 759
f 608 759 760
f 608 760 761
f 608 761 762
f 608 762 609
f 609 762 763
f 609 763 764
f 609 764 610
f 610 612 611
f 610 764 612
f 612 764 765
f 612 765 766
f 612 766 767
f 612 767 613
f 613 767 614
f 614 767 768
f 614 768 769
f 614 769 616
f 616 770 617
f 616 769 770
f 617 770 771
f 618 772 619
f 618 621 772
f 619 773 622
f 619 772 774
f 619 774 773
f 620 775 776
f 620 776 621
f 621 776 777
f 621 777 774
f 621 774 772
f 622 773 778
f 622 778 625
f 623 629 628
f 623 626 629
f 625 778 626
f 626 779 629
f 626 778 780
f 626 780 779
f 627 639 640
f 629 631 630
f 629 779 781
f 629 781 782
f 629 782 631
f 631 782 632
f 632 783 633
f 632 782 784
f 632 784 785
f 632 785 783
f 633 783 634
f 634 783 786
f 634 786 787
f 634 787 636
f 634 636 635
f 636 787 788
f 636 788 789
f 636 789 637
f 637 644 638
f 637 789 790
f 637 790 791
f 637 791 792
f 637 792 793
f 637 793 794
f 637 794 645
f 638 644 640
f 638 640 639
f 641 650 642
f 642 795 643
f 642 650 796
f 642 796 797
f 642 797 795
f 643 795 665
f 645 798 646
f 645 794 799
f 645 799 798
f 646 798 648
f 646 648 647
f 648 798 799
f 648 799 800
f 648 800 801
f 648 801 802
f 648 802 649
f 649 802 651
f 650 652 796
f 651 802 652
f 652 802 803
f 652 803 804
f 652 804 796
f 653 805 806
f 653 806 656
f 654 674 673
f 654 673 807
f 654 807 655
f 655 807 808
f 655 808 805
f 656 809 659
f 656 659 658
f 656 658 657
f 656 806 809
f 659 809 810
f 659 810 663
f 661 664 662
f 662 664 676
f 663 811 664
f 663 810 812
f 663 812 813
f 663 813 814
f 663 814 815
f 663 815 811
f 664 811 816
f 664 816 817
f 664 817 676
f 665 795 818
f 665 818 666
f 666 818 819
f 666 819 820
f 666 820 667
f 667 820 668
f 668 820 669
f 669 820 821
f 669 821 822
f 669 822 670
f 670 822 671
f 671 822 672
f 672 822 823
f 672 823 824
f 672 824 825
f 672 825 673
f 673 825 826
f 673 826 807
f 676 817 677
f 677 817 827
f 677 827 828
f 677 828 829
f 677 829 678
f 678 829 830
f 678 830 679
f 679 830 831
f 679 831 680
f 680 831 681
f 681 831 832
f 681 832 683
f 681 683 682
f 683 832 684
f 684 833 834
f 684 834 685
f 684 832 835
f 684 835 836
f 684 836 833
f 685 834 837
f 685 837 838
f 685 838 686
f 686 838 687
f 687 838 839
f 687 839 688
f 688 839 840
f 688 840 841
f 688 841 689
f 689 842 690
f 689 841 843
f 689 843 844
f 689 844 845
f 689 845 842
f 690 842 846
f 690 846 847
f 690 847 848
f 690 848 694
f 691 698 692
f 691 697 698
f 692 698 693
f 694 848 849
f 694 849 696
f 694 696 695
f 696 849 850
f 696 850 851
f 696 851 700
f 696 700 698
f 696 698 697
f 700 852 701
f 700 851 853
f 700 853 854
f 700 854 852
f 702 720 855
f 702 855 703
f 703 855 706
f 704 707 705
f 704 706 856
f 704 856 857
f 704 857 707
f 706 855 858
f 706 858 856
f 707 859 708
f 707 857 860
f 707 860 859
f 708 859 729
f 711 713 721
f 712 861 862
f 712 862 713
f 713 862 863
f 713 863 721
f 716 864 717
f 717 864 865
f 717 865 718
f 718 865 866
f 718 866 867
f 718 867 719
f 719 867 868
f 719 868 861
f 720 721 855
f 721 869 855
f 721 863 869
f 722 736 870
f 722 870 871
f 722 871 723
f 723 871 872
f 724 728 726
f 724 726 725
f 726 728 873
f 726 873 727
f 727 873 874
f 727 874 875
f 727 875 876
f 727 876 877
f 727 877 738
f 727 738 737
f 728 731 873
f 729 859 730
f 730 859 878
f 730 878 879
f 730 879 880
f 730 880 873
f 730 873 731
f 732 734 881
f 732 881 882
f 732 882 733
f 733 882 735
f 734 738 881
f 735 883 736
f 735 882 883
f 736 883 870
f 738 877 884
f 738 884 881
f 739 742 885
f 739 885 886
f 739 886 740
f 740 886 887
f 740 887 888
f 740 888 746
f 741 743 889
f 741 889 742
f 742 889 890
f 742 890 891
f 742 891 892
f 742 892 885
f 744 746 893
f 744 893 745
f 745 894 748
f 745 893 895
f 745 895 896
f 745 896 894
f 746 888 893
f 747 749 900
f 747 900 750
f 748 894 897
f 748 897 898
f 748 898 749
f 749 898 899
f 749 899 900
f 750 900 901
f 750 901 902
f 750 902 751
f 751 902 903
f 751 903 904
f 751 904 905
f 751 905 752
f 752 905 906
f 752 906 753
f 753 906 907
f 753 907 754
f 754 907 908
f 754 908 757
f 754 757 756
f 757 908 909
f 757 909 910
f 757 910 758
f 758 910 911
f 758 911 912
f 758 912 913
f 758 913 759
f 759 761 760
f 759 913 761
f 761 913 914
f 761 914 915
f 761 915 916
f 761 916 917
f 761 917 918
f 761 918 762
f 762 918 919
f 762 919 763
f 763 919 918
f 763 918 764
f 764 918 765
f 765 918 920
f 765 920 921
f 765 921 770
f 765 770 766
f 766 770 767
f 767 769 768
f 767 770 769
f 770 921 771
f 771 921 922
f 773 923 924
f 773 924 778
f 773 774 925
f 773 925 923
f 774 777 926
f 774 926 927
f 774 927 925
f 775 928 776
f 776 928 777
f 777 929 930
f 777 930 931
f 777 931 926
f 777 928 932
f 777 932 933
f 777 933 929
f 778 924 934
f 778 934 780
f 779 780 934
f 779 934 935
f 779 935 936
f 779 936 781
f 781 936 784
f 781 784 782
f 783 937 786
f 783 785 938
f 783 938 937
f 784 936 935
f 784 935 939
f 784 939 940
f 784 940 941
f 784 941 785
f 785 941 940
f 785 940 938
f 786 937 942
f 786 942 943
f 786 943 787
f 787 943 789
f 787 789 788
f 789 943 944
f 789 944 790
f 790 944 791
f 791 945 792
f 791 944 946
f 791 946 947
f 791 947 945
f 792 945 800
f 792 800 793
f 793 800 794
f 794 800 799
f 795 797 948
f 795 948 818
f 796 804 949
f 796 949 950
f 796 950 951
f 796 951 952
f 796 952 948
f 796 948 797
f 800 945 801
f 801 953 954
f 801 954 955
f 801 955 802
f 801 945 956
f 801 956 957
f 801 957 958
f 801 958 953
f 802 955 959
f 802 959 960
f 802 960 961
f 802 961 803
f 803 961 962
f 803 962 804
f 804 962 963
f 804 963 964
f 804 964 965
f 804 965 950
f 804 950 949
f 805 808 966
f 805 966 967
f 805 967 968
f 805 968 969
f 805 969 806
f 806 969 810
f 806 810 809
f 807 970 966
f 807 966 808
f 807 826 970
f 810 969 968
f 810 968 812
f 811 815 971
f 811 971 827
f 811 827 816
f 812 968 813
f 813 968 967
f 813 967 972
f 813 972 973
f 813 973 974
f 813 974 814
f 814 974 975
f 814 975 976
f 814 976 815
f 815 976 827
f 815 827 971
f 816 827 817
f 818 948 977
f 818 977 819
f 819 977 978
f 819 978 979
f 819 979 980
f 819 980 821
f 819 821 820
f 821 980 823
f 821 823 822
f 823 981 824
f 823 980 981
f 824 981 982
f 824 982 983
f 824 983 984
f 824 984 985
f 824 985 825
f 825 985 986
f 825 986 826
f 826 986 987
f 826 987 988
f 826 988 970
f 827 976 989
f 827 989 990
f 827 990 828
f 828 990 829
f 829 990 991
f 829 991 992
f 829 992 830
f 830 992 993
f 830 993 994
f 830 994 995
f 830 995 831
f 831 995 835
f 831 835 832
f 833 836 996
f 833 996 997
f 833 997 834
f 834 998 837
f 834 997 999
f 834 999 998
f 835 995 1000
f 835 1000 994
f 835 994 836
f 836 1001 1002
f 836 1002 996
f 836 994 1001
f 837 1003 838
f 837 998 1004
f 837 1004 1005
f 837 1005 1006
f 837 1006 1003
f 838 1003 1007
f 838 1007 839
f 839 1007 840
f 840 1008 841
f 840 1007 1006
f 840 1006 1009
f 840 1009 1010
f 840 1010 1011
f 840 1011 1008
f 841 1008 843
f 842 845 846
f 843 1008 1012
f 843 1012 844
f 844 1012 1013
f 844 1013 845
f 845 1013 846
f 846 1013 848
f 846 848 847
f 848 1013 1014
f 848 1014 1178
f 848 1178 1015
f 848 1015 1016
f 848 1016 849
f 849 1016 850
f 850 853 851
f 850 1016 1017
f 850 1017 1018
f 850 1018 853
f 853 1018 1019
f 853 1019 1020
f 853 1020 854
f 855 869 1021
f 855 1021 858
f 856 858 1022
f 856 1022 1023
f 856 1023 857
f 857 1023 860
f 858 1021 1024
f 858 1024 1022
f 859 860 1025
f 859 1025 878
f 860 1023 1026
f 860 1026 1027
f 860 1027 1025
f 861 868 862
f 862 868 863
f 863 868 1028
f 863 1028 1029
f 863 1029 869
f 864 1030 865
f 865 1030 1031
f 865 1031 866
f 866 1031 1032
f 866 1032 1033
f 866 1033 1034
f 866 1034 867
f 867 1034 868
f 868 1035 1028
f 868 1034 1036
f 868 1036 1035
f 869 1029 1021
f 870 883 1037
f 870 1037 1038
f 870 1038 871
f 871 1038 1039
f 871 1039 872
f 873 880 874
f 874 1040 875
f 874 880 1041
f 874 1041 1040
f 875 1040 1042
f 875 1042 876
f 876 1042 1043
f 876 1043 1044
f 876 1044 881
f 876 881 884
f 876 884 877
f 878 1045 879
f 878 1025 1045
f 879 1046 880
f 879 1045 1047
f 879 1047 1048
f 879 1048 1046
f 880 1046 1041
f 881 1049 882
f 881 1044 1049
f 882 1049 1050
f 882 1050 1051
f 882 1051 883
f 883 1051 1037
f 885 892 887
f 885 887 886
f 887 1052 893
f 887 893 888
f 887 892 1053
f 887 1053 1054
f 887 1054 1055
f 887 1055 1056
f 887 1056 1052
f 889 1057 890
f 890 1053 891
f 890 1057 1058
f 890 1058 1054
f 890 1054 1053
f 891 1053 892
f 893 1052 1059
f 893 1059 1060
f 893 1060 1061
f 893 1061 895
f 894 896 1062
f 894 1062 1063
f 894 1063 1064
f 894 1064 897
f 895 1061 896
f 896 1061 1065
f 896 1065 1062
f 897 1064 1063
f 897 1063 1066
f 897 1066 1067
f 897 1067 899
f 897 899 898
f 899 1067 1068
f 899 1068 1069
f 899 1069 1070
f 899 1070 903
f 899 903 901
f 899 901 900
f 901 903 902
f 903 1070 1069
f 903 1069 904
f 904 1069 905
f 905 1069 1071
f 905 1071 1072
f 905 1072 1073
f 905 1073 906
f 906 1073 1074
f 906 1074 1075
f 906 1075 907
f 907 1076 908
f 907 1075 1077
f 907 1077 909
f 907 909 1076
f 908 1076 909
f 909 1077 1078
f 909 1078 1079
f 909 1079 911
f 909 911 910
f 911 1079 1080
f 911 1080 1081
f 911 1081 912
f 912 1081 913
f 913 1081 1082
f 913 1082 915
f 913 915 914
f 915 1082 1083
f 915 1083 1084
f 915 1084 1085
f 915 1085 916
f 916 1085 1086
f 916 1086 1087
f 916 1087 920
f 916 920 918
f 916 918 917
f 920 1088 921
f 920 1087 1089
f 920 1089 1088
f 921 1088 922
f 922 1088 1090
f 923 934 924
f 923 925 934
f 925 927 926
f 925 926 1091
f 925 1091 1092
f 925 1092 1093
f 925 1093 934
f 926 1094 1095
f 926 1095 1091
f 926 931 1096
f 926 1096 1097
f 926 1097 1098
f 926 1098 1099
f 926 1099 1094
f 929 1100 1101
f 929 1101 931
f 929 931 930
f 929 933 1100
f 931 1101 1102
f 931 1102 1103
f 931 1103 1104
f 931 1104 1096
f 932 1100 933
f 934 1105 935
f 934 1093 1105
f 935 1106 939
f 935 1105 1107
f 935 1107 1106
f 937 938 1108
f 937 1108 1109
f 937 1109 1110
f 937 1110 942
f 938 940 1108
f 939 1106 1111
f 939 1111 1112
f 939 1112 1113
f 939 1113 940
f 940 1113 1114
f 940 1114 1108
f 942 1110 943
f 943 1110 1115
f 943 1115 1116
f 943 1116 1117
f 943 1117 946
f 943 946 944
f 945 1118 956
f 945 947 1118
f 946 1117 1119
f 946 1119 1120
f 946 1120 1121
f 946 1121 947
f 947 1121 1122
f 947 1122 956
f 947 956 1118
f 948 952 977
f 950 965 952
f 950 952 951
f 952 965 1123
f 952 1123 978
f 952 978 977
f 953 1124 954
f 953 958 1124
f 954 1124 959
f 954 959 955
f 956 1122 957
f 957 1122 1125
f 957 1125 1126
f 957 1126 958
f 958 1126 960
f 958 960 1124
f 959 1124 960
f 960 1127 1128
f 960 1128 1129
f 960 1129 961
f 960 1126 1130
f 960 1130 1131
f 960 1131 1127
f 961 1129 962
f 962 1129 1128
f 962 1128 963
f 963 1127 1132
f 963 1132 1133
f 963 1133 964
f 963 1128 1127
f 964 1133 1134
f 964 1134 1135
f 964 1135 1136
f 964 1136 965
f 965 1136 1123
f 966 1137 972
f 966 972 967
f 966 970 1137
f 970 988 1138
f 970 1138 1139
f 970 1139 1140
f 970 1140 1141
f 970 1141 1142
f 970 1142 1137
f 972 1137 1142
f 972 1142 1143
f 972 1143 1144
f 972 1144 973
f 973 1144 1145
f 973 1145 974
f 974 1145 975
f 975 1145 1144
f 975 1144 1146
f 975 1146 1147
f 975 1147 1148
f 975 1148 1149
f 975 1149 1150
f 975 1150 1151
f 975 1151 976
f 976 1151 1152
f 976 1152 1153
f 976 1153 989
f 978 1123 979
f 979 982 981
f 979 981 980
f 979 1123 1154
f 979 1154 1155
f 979 1155 983
f 979 983 982
f 983 1155 1156
f 983 1156 1157
f 983 1157 1158
f 983 1158 984
f 984 1158 985
f 985 1158 1159
f 985 1159 1160
f 985 1160 986
f 986 1160 1161
f 986 1161 987
f 987 1161 1138
f 987 1138 988
f 989 1153 991
f 989 991 990
f 991 1153 1152
f 991 1152 1162
f 991 1162 1163
f 991 1163 992
f 992 1163 1164
f 992 1164 1165
f 992 1165 993
f 993 1165 1166
f 993 1166 1001
f 993 1001 994
f 994 1000 995
f 996 1002 997
f 997 1002 1167
f 997 1167 1168
f 997 1168 1169
f 997 1169 1170
f 997 1170 1171
f 997 1171 999
f 998 999 1004
f 999 1171 1172
f 999 1172 1004
f 1001 1166 1167
f 1001 1167 1173
f 1001 1173 1002
f 1002 1173 1167
f 1003 1006 1007
f 1004 1172 1005
f 1005 1172 1009
f 1005 1009 1006
f 1008 1011 1174
f 1008 1174 1175
f 1008 1175 1012
f 1009 1172 1176
f 1009 1176 1010
f 1010 1176 1177
f 1010 1177 1178
f 1010 1178 1014
f 1010 1014 1011
f 1011 1014 1179
f 1011 1179 1013
f 1011 1013 1174
f 1012 1175 1174
f 1012 1174 1013
f 1013 1179 1014
f 1015 1178 1180
f 1015 1180 1016
f 1016 1180 1181
f 1016 1181 1182
f 1016 1182 1183
f 1016 1183 1017
f 1017 1183 1018
f 1018 1183 1184
f 1018 1184 1185
f 1018 1185 1186
f 1018 1186 1019
f 1019 1186 1187
f 1021 1029 1024
f 1022 1024 1023
f 1023 1024 1188
f 1023 1188 1189
f 1023 1189 1190
f 1023 1190 1026
f 1024 1029 1191
f 1024 1191 1192
f 1024 1192 1188
f 1025 1027 1193
f 1025 1193 1045
f 1026 1190 1027
f 1027 1194 1193
f 1027 1190 1195
f 1027 1195 1196
f 1027 1196 1194
f 1028 1035 1197
f 1028 1197 1029
f 1029 1197 1198
f 1029 1198 1199
f 1029 1199 1191
f 1030 1200 1031
f 1031 1200 1032
f 1032 1201 1202
f 1032 1202 1203
f 1032 1203 1033
f 1032 1200 1201
f 1033 1204 1034
f 1033 1203 1205
f 1033 1205 1204
f 1034 1204 1036
f 1035 1198 1197
f 1035 1036 1206
f 1035 1206 1207
f 1035 1207 1198
f 1036 1204 1208
f 1036 1208 1206
f 1037 1051 1209
f 1037 1209 1210
f 1037 1210 1211
f 1037 1211 1212
f 1037 1212 1213
f 1037 1213 1214
f 1037 1214 1038
f 1038 1215 1216
f 1038 1216 1217
f 1038 1217 1039
f 1038 1214 1215
f 1040 1218 1043
f 1040 1043 1042
f 1040 1041 1219
f 1040 1219 1220
f 1040 1220 1221
f 1040 1221 1222
f 1040 1222 1218
f 1041 1046 1220
f 1041 1220 1219
f 1043 1218 1223
f 1043 1223 1224
f 1043 1224 1225
f 1043 1225 1044
f 1044 1225 1226
f 1044 1226 1227
f 1044 1227 1228
f 1044 1228 1229
f 1044 1229 1230
f 1044 1230 1049
f 1045 1193 1231
f 1045 1231 1047
f 1046 1048 1220
f 1047 1231 1048
f 1048 1232 1221
f 1048 1221 1220
f 1048 1231 1232
f 1049 1230 1233
f 1049 1233 1209
f 1049 1209 1050
f 1050 1209 1051
f 1052 1056 1059
f 1054 1234 1235
f 1054 1235 1055
f 1055 1235 1236
f 1055 1236 1056
f 1056 1236 1059
f 1059 1237 1060
f 1059 1236 1238
f 1059 1238 1239
f 1059 1239 1237
f 1060 1237 1240
f 1060 1240 1241
f 1060 1241 1242
f 1060 1242 1061
f 1061 1243 1065
f 1061 1242 1243
f 1062 1065 1244
f 1062 1244 1063
f 1063 1244 1245
f 1063 1245 1066
f 1065 1243 1244
f 1066 1246 1067
f 1066 1245 1247
f 1066 1247 1246
f 1067 1246 1068
f 1068 1246 1248
f 1068 1248 1249
f 1068 1249 1069
f 1069 1249 1071
f 1071 1250 1072
f 1071 1249 1250
f 1072 1251 1252
f 1072 1252 1074
f 1072 1074 1073
f 1072 1250 1251
f 1074 1252 1253
f 1074 1253 1075
f 1075 1253 1254
f 1075 1254 1255
f 1075 1255 1078
f 1075 1078 1077
f 1078 1255 1256
f 1078 1256 1257
f 1078 1257 1258
f 1078 1258 1079
f 1079 1258 1080
f 1080 1258 1259
f 1080 1259 1260
f 1080 1260 1261
f 1080 1261 1081
f 1081 1261 1082
f 1082 1261 1262
f 1082 1262 1263
f 1082 1263 1083
f 1083 1263 1084
f 1084 1263 1264
f 1084 1264 1085
f 1085 1264 1086
f 1086 1264 1265
f 1086 1265 1266
f 1086 1266 1089
f 1086 1089 1087
f 1088 1089 1267
f 1088 1267 1090
f 1089 1266 1268
f 1089 1268 1267
f 1091 1269 1092
f 1091 1095 1269
f 1092 1269 1270
f 1092 1270 1271
f 1092 1271 1272
f 1092 1272 1093
f 1093 1272 1111
f 1093 1111 1107
f 1093 1107 1105
f 1094 1099 1095
f 1095 1099 1273
f 1095 1273 1274
f 1095 1274 1275
f 1095 1275 1269
f 1096 1104 1276
f 1096 1276 1277
f 1096 1277 1278
f 1096 1278 1097
f 1097 1278 1098
f 1098 1279 1099
f 1098 1278 1280
f 1098 1280 1279
f 1099 1279 1273
f 1102 1281 1104
f 1102 1104 1103
f 1104 1282 1283
f 1104 1283 1276
f 1104 1281 1284
f 1104 1284 1282
f 1106 1107 1111
f 1108 1114 1285
f 1108 1285 1109
f 1109 1285 1286
f 1109 1286 1287
f 1109 1287 1110
f 1110 1287 1115
f 1111 1272 1288
f 1111 1288 1112
f 1112 1288 1113
f 1113 1288 1271
f 1113 1271 1289
f 1113 1289 1114
f 1114 1289 1290
f 1114 1290 1291
f 1114 1291 1285
f 1115 1287 1116
f 1116 1287 1117
f 1117 1287 1119
f 1119 1287 1292
f 1119 1292 1293
f 1119 1293 1294
f 1119 1294 1120
f 1120 1294 1121
f 1121 1294 1293
f 1121 1293 1295
f 1121 1295 1122
f 1122 1295 1125
f 1123 1136 1155
f 1123 1155 1154
f 1125 1295 1296
f 1125 1296 1297
f 1125 1297 1130
f 1125 1130 1126
f 1127 1131 1132
f 1130 1297 1298
f 1130 1298 1131
f 1131 1298 1299
f 1131 1299 1300
f 1131 1300 1301
f 1131 1301 1132
f 1132 1301 1134
f 1132 1134 1133
f 1134 1301 1302
f 1134 1302 1303
f 1134 1303 1135
f 1135 1303 1304
f 1135 1304 1136
f 1136 1305 1157
f 1136 1157 1156
f 1136 1156 1155
f 1136 1304 1305
f 1138 1161 1306
f 1138 1306 1307
f 1138 1307 1140
f 1138 1140 1139
f 1140 1307 1308
f 1140 1308 1309
f 1140 1309 1310
f 1140 1310 1311
f 1140 1311 1141
f 1141 1311 1142
f 1142 1311 1310
f 1142 1310 1312
f 1142 1312 1313
f 1142 1313 1314
f 1142 1314 1143
f 1143 1315 1316
f 1143 1316 1317
f 1143 1317 1144
f 1143 1314 1313
f 1143 1313 1318
f 1143 1318 1315
f 1144 1317 1146
f 1146 1317 1316
f 1146 1316 1319
f 1146 1319 1147
f 1147 1319 1320
f 1147 1320 1321
f 1147 1321 1148
f 1148 1321 1322
f 1148 1322 1149
f 1149 1322 1323
f 1149 1323 1150
f 1150 1323 1151
f 1151 1323 1324
f 1151 1324 1152
f 1152 1324 1325
f 1152 1325 1326
f 1152 1326 1162
f 1157 1305 1327
f 1157 1327 1158
f 1158 1327 1328
f 1158 1328 1159
f 1159 1328 1329
f 1159 1329 1160
f 1160 1329 1161
f 1161 1330 1331
f 1161 1331 1332
f 1161 1332 1306
f 1161 1329 1328
f 1161 1328 1333
f 1161 1333 1330
f 1162 1326 1163
f 1163 1326 1325
f 1163 1325 1323
f 1163 1323 1334
f 1163 1334 1335
f 1163 1335 1336
f 1163 1336 1337
f 1163 1337 1338
f 1163 1338 1164
f 1164 1338 1165
f 1165 1338 1339
f 1165 1339 1340
f 1165 1340 1166
f 1166 1340 1341
f 1166 1341 1167
f 1167 1341 1169
f 1167 1169 1168
f 1169 1341 1342
f 1169 1342 1343
f 1169 1343 1170
f 1170 1344 1172
f 1170 1172 1171
f 1170 1343 1344
f 1172 1345 1176
f 1172 1344 1343
f 1172 1343 1345
f 1176 1345 1346
f 1176 1346 1177
f 1177 1347 1348
f 1177 1348 1349
f 1177 1349 1350
f 1177 1350 1351
f 1177 1351 1178
f 1177 1346 1352
f 1177 1352 1347
f 1178 1351 1181
f 1178 1181 1180
f 1181 1351 1350
f 1181 1350 1353
f 1181 1353 1182
f 1182 1353 1354
f 1182 1354 1183
f 1183 1354 1355
f 1183 1355 1356
f 1183 1356 1186
f 1183 1186 1184
f 1184 1186 1185
f 1186 1357 1187
f 1186 1356 1358
f 1186 1358 1359
f 1186 1359 1360
f 1186 1360 1357
f 1188 1192 1189
f 1189 1192 1361
f 1189 1361 1362
f 1189 1362 1363
f 1189 1363 1190
f 1190 1363 1367
f 1190 1367 1195
f 1191 1199 1361
f 1191 1361 1192
f 1193 1194 1364
f 1193 1364 1365
f 1193 1365 1231
f 1194 1196 1366
f 1194 1366 1364
f 1195 1367 1196
f 1196 1367 1368
f 1196 1368 1369
f 1196 1369 1366
f 1198 1207 1370
f 1198 1370 1371
f 1198 1371 1199
f 1199 1371 1361
f 1202 1372 1203
f 1203 1372 1373
f 1203 1373 1374
f 1203 1374 1205
f 1204 1205 1375
f 1204 1375 1376
f 1204 1376 1208
f 1205 1374 1377
f 1205 1377 1375
f 1206 1208 1376
f 1206 1376 1378
f 1206 1378 1207
f 1207 1378 1379
f 1207 1379 1380
f 1207 1380 1370
f 1209 1233 1210
f 1210 1233 1381
f 1210 1381 1382
f 1210 1382 1211
f 1211 1382 1383
f 1211 1383 1212
f 1212 1383 1213
f 1213 1383 1216
f 1213 1216 1214
f 1214 1216 1215
f 1216 1384 1385
f 1216 1385 1386
f 1216 1386 1217
f 1216 1383 1387
f 1216 1387 1384
f 1218 1222 1388
f 1218 1388 1223
f 1221 1232 1222
f 1222 1232 1389
f 1222 1389 1388
f 1223 1390 1224
f 1223 1388 1391
f 1223 1391 1390
f 1224 1390 1392
f 1224 1392 1226
f 1224 1226 1225
f 1226 1393 1228
f 1226 1228 1227
f 1226 1392 1394
f 1226 1394 1395
f 1226 1395 1393
f 1228 1393 1395
f 1228 1395 1396
f 1228 1396 1397
f 1228 1397 1233
f 1228 1233 1229
f 1229 1233 1230
f 1231 1365 1398
f 1231 1398 1399
f 1231 1399 1232
f 1232 1399 1389
f 1233 1397 1381
f 1234 1400 1235
f 1235 1400 1401
f 1235 1401 1236
f 1236 1401 1238
f 1237 1239 1402
f 1237 1402 1241
f 1237 1241 1240
f 1238 1401 1403
f 1238 1403 1404
f 1238 1404 1239
f 1239 1405 1402
f 1239 1404 1405
f 1241 1402 1406
f 1241 1406 1407
f 1241 1407 1408
f 1241 1408 1409
f 1241 1409 1242
f 1242 1409 1410
f 1242 1410 1243
f 1243 1410 1411
f 1243 1411 1244
f 1244 1411 1245
f 1245 1411 1412
f 1245 1412 1247
f 1246 1247 1413
f 1246 1413 1248
f 1247 1414 1415
f 1247 1415 1413
f 1247 1412 1414
f 1248 1413 1416
f 1248 1416 1417
f 1248 1417 1418
f 1248 1418 1249
f 1249 1418 1250
f 1250 1418 1251
f 1251 1418 1419
f 1251 1419 1252
f 1252 1419 1420
f 1252 1420 1253
f 1253 1420 1421
f 1253 1421 1254
f 1254 1421 1422
f 1254 1422 1423
f 1254 1423 1256
f 1254 1256 1255
f 1256 1423 1424
f 1256 1424 1425
f 1256 1425 1257
f 1257 1425 1426
f 1257 1426 1427
f 1257 1427 1258
f 1258 1427 1259
f 1259 1427 1428
f 1259 1428 1260
f 1260 1262 1261
f 1260 1428 1429
f 1260 1429 1430
f 1260 1430 1262
f 1262 1430 1429
f 1262 1429 1263
f 1263 1429 1431
f 1263 1431 1264
f 1264 1431 1265
f 1265 1432 1266
f 1265 1431 1433
f 1265 1433 1434
f 1265 1434 1432
f 1266 1432 1435
f 1266 1435 1436
f 1266 1436 1268
f 1269 1275 1437
f 1269 1437 1438
f 1269 1438 1270
f 1270 1439 1289
f 1270 1289 1271
f 1270 1438 1439
f 1271 1288 1440
f 1271 1440 1272
f 1272 1440 1288
f 1273 1279 1274
f 1274 1279 1280
f 1274 1280 1441
f 1274 1441 1442
f 1274 1442 1443
f 1274 1443 1437
f 1274 1437 1275
f 1276 1283 1444
f 1276 1444 1277
f 1277 1444 1445
f 1277 1445 1636
f 1277 1636 1446
f 1277 1446 1447
f 1277 1447 1448
f 1277 1448 1280
f 1277 1280 1278
f 1280 1448 1441
f 1282 1284 1449
f 1282 1449 1450
f 1282 1450 1451
f 1282 1451 1283
f 1283 1451 1450
f 1283 1450 1452
f 1283 1452 1453
f 1283 1453 1454
f 1283 1454 1455
f 1283 1455 1456
f 1283 1456 1457
f 1283 1457 1444
f 1285 1458 1286
f 1285 1291 1458
f 1286 1458 1287
f 1287 1458 1459
f 1287 1459 1460
f 1287 1460 1461
f 1287 1461 1292
f 1289 1439 1291
f 1289 1291 1290
f 1291 1439 1462
f 1291 1462 1463
f 1291 1463 1464
f 1291 1464 1460
f 1291 1460 1465
f 1291 1465 1459
f 1291 1459 1466
f 1291 1466 1458
f 1292 1467 1293
f 1292 1461 1467
f 1293 1467 1296
f 1293 1296 1295
f 1296 1467 1468
f 1296 1468 1469
f 1296 1469 1297
f 1297 1469 1298
f 1298 1470 1471
f 1298 1471 1299
f 1298 1469 1470
f 1299 1471 1302
f 1299 1302 1300
f 1300 1302 1301
f 1302 1471 1472
f 1302 1472 1473
f 1302 1473 1474
f 1302 1474 1304
f 1302 1304 1303
f 1304 1474 1475
f 1304 1475 1305
f 1305 1476 1327
f 1305 1475 1474
f 1305 1474 1477
f 1305 1477 1476
f 1306 1332 1478
f 1306 1478 1479
f 1306 1479 1480
f 1306 1480 1481
f 1306 1481 1482
f 1306 1482 1483
f 1306 1483 1307
f 1307 1483 1308
f 1308 1483 1484
f 1308 1484 1485
f 1308 1485 1309
f 1309 1485 1486
f 1309 1486 1310
f 1310 1487 1488
f 1310 1488 1312
f 1310 1486 1487
f 1312 1488 1313
f 1313 1488 1487
f 1313 1487 1489
f 1313 1489 1318
f 1315 1318 1490
f 1315 1490 1491
f 1315 1491 1316
f 1316 1491 1319
f 1318 1489 1492
f 1318 1492 1493
f 1318 1493 1494
f 1318 1494 1490
f 1319 1495 1320
f 1319 1491 1496
f 1319 1496 1497
f 1319 1497 1498
f 1319 1498 1495
f 1320 1495 1499
f 1320 1499 1321
f 1321 1499 1500
f 1321 1500 1322
f 1322 1501 1502
f 1322 1502 1503
f 1322 1503 1504
f 1322 1504 1323
f 1322 1500 1505
f 1322 1505 1506
f 1322 1506 1507
f 1322 1507 1501
f 1323 1325 1324
f 1323 1504 1334
f 1327 1476 1669
f 1327 1669 1508
f 1327 1508 1328
f 1328 1508 1333
f 1330 1508 1509
f 1330 1509 1331
f 1330 1333 1508
f 1331 1509 1510
f 1331 1510 1332
f 1332 1510 1511
f 1332 1511 1671
f 1332 1671 1478
f 1334 1504 1335
f 1335 1512 1513
f 1335 1513 1514
f 1335 1514 1515
f 1335 1515 1516
f 1335 1516 1339
f 1335 1339 1336
f 1335 1504 1512
f 1336 1339 1337
f 1337 1339 1338
f 1339 1516 1340
f 1340 1516 1515
f 1340 1515 1517
f 1340 1517 1341
f 1341 1517 1518
f 1341 1518 1342
f 1342 1518 1519
f 1342 1519 1343
f 1343 1520 1521
f 1343 1521 1522
f 1343 1522 1345
f 1343 1519 1523
f 1343 1523 1524
f 1343 1524 1520
f 1345 1522 1346
f 1346 1522 1352
f 1347 1352 1348
f 1348 1352 1349
f 1349 1352 1525
f 1349 1525 1350
f 1350 1525 1526
f 1350 1526 1353
f 1352 1527 1528
f 1352 1528 1529
f 1352 1529 1530
f 1352 1530 1525
f 1352 1522 1521
f 1352 1521 1531
f 1352 1531 1527
f 1353 1526 1532
f 1353 1532 1354
f 1354 1532 1533
f 1354 1533 1355
f 1355 1533 1534
f 1355 1534 1535
f 1355 1535 1536
f 1355 1536 1356
f 1356 1536 1358
f 1358 1537 1359
f 1358 1536 1537
f 1359 1536 1535
f 1359 1535 1538
f 1359 1538 1539
f 1359 1539 1540
f 1359 1540 1541
f 1359 1541 1542
f 1359 1542 1360
f 1359 1537 1536
f 1361 1371 1543
f 1361 1543 1544
f 1361 1544 1362
f 1362 1544 1363
f 1363 1544 1545
f 1363 1545 1546
f 1363 1546 1367
f 1364 1366 1365
f 1365 1366 1398
f 1366 1369 1547
f 1366 1547 1548
f 1366 1548 1398
f 1367 1546 1368
f 1368 1546 1549
f 1368 1549 1550
f 1368 1550 1369
f 1369 1550 1551
f 1369 1551 1552
f 1369 1552 1547
f 1370 1553 1371
f 1370 1380 1553
f 1371 1553 1554
f 1371 1554 1543
f 1372 1555 1373
f 1373 1555 1556
f 1373 1556 1557
f 1373 1557 1374
f 1374 1557 1558
f 1374 1558 1559
f 1374 1559 1560
f 1374 1560 1561
f 1374 1561 1375
f 1374 1375 1377
f 1375 1561 1376
f 1376 1561 1560
f 1376 1560 1562
f 1376 1562 1378
f 1378 1562 1563
f 1378 1563 1564
f 1378 1564 1379
f 1379 1564 1380
f 1380 1564 1565
f 1380 1565 1760
f 1380 1760 1566
f 1380 1566 1553
f 1381 1397 1567
f 1381 1567 1382
f 1382 1568 1569
f 1382 1569 1570
f 1382 1570 1571
f 1382 1571 1572
f 1382 1572 1383
f 1382 1567 1573
f 1382 1573 1568
f 1383 1572 1385
f 1383 1385 1387
f 1384 1387 1385
f 1385 1572 1574
f 1385 1574 1386
f 1388 1389 1575
f 1388 1575 1576
f 1388 1576 1577
f 1388 1577 1578
f 1388 1578 1391
f 1389 1399 1575
f 1390 1391 1579
f 1390 1579 1580
f 1390 1580 1394
f 1390 1394 1392
f 1391 1578 1581
f 1391 1581 1579
f 1394 1580 1582
f 1394 1582 1583
f 1394 1583 1584
f 1394 1584 1395
f 1395 1585 1396
f 1395 1584 1586
f 1395 1586 1585
f 1396 1585 1587
f 1396 1587 1588
f 1396 1588 1573
f 1396 1573 1567
f 1396 1567 1397
f 1398 1589 1590
f 1398 1590 1591
f 1398 1591 1592
f 1398 1592 1399
f 1398 1548 1593
f 1398 1593 1589
f 1399 1592 1575
f 1400 1403 1401
f 1402 1405 1404
f 1402 1404 1406
f 1403 1594 1404
f 1404 1594 1595
f 1404 1595 1406
f 1406 1595 1596
f 1406 1596 1597
f 1406 1597 1598
f 1406 1598 1407
f 1407 1598 1408
f 1408 1598 1409
f 1409 1599 1410
f 1409 1598 1599
f 1410 1599 1598
f 1410 1598 1600
f 1410 1600 1601
f 1410 1601 1602
f 1410 1602 1603
f 1410 1603 1411
f 1411 1603 1412
f 1412 1603 1602
f 1412 1602 1604
f 1412 1604 1414
f 1413 1415 1414
f 1413 1414 1416
f 1414 1604 1416
f 1416 1605 1606
f 1416 1606 1607
f 1416 1607 1418
f 1416 1418 1417
f 1416 1604 1608
f 1416 1608 1609
f 1416 1609 1605
f 1418 1607 1610
f 1418 1610 1419
f 1419 1610 1611
f 1419 1611 1420
f 1420 1611 1421
f 1421 1611 1422
f 1422 1611 1612
f 1422 1612 1613
f 1422 1613 1614
f 1422 1614 1423
f 1423 1614 1424
f 1424 1614 1615
f 1424 1615 1616
f 1424 1616 1425
f 1425 1616 1617
f 1425 1617 1618
f 1425 1618 1619
f 1425 1619 1426
f 1426 1619 1427
f 1427 1619 1620
f 1427 1620 1621
f 1427 1621 1428
f 1428 1621 1622
f 1428 1622 1623
f 1428 1623 1624
f 1428 1624 1429
f 1429 1624 1625
f 1429 1625 1431
f 1431 1625 1626
f 1431 1626 1627
f 1431 1627 1433
f 1432 1434 1435
f 1433 1627 1434
f 1434 1627 1628
f 1434 1628 1629
f 1434 1629 1435
f 1437 1443 1630
f 1437 1630 1631
f 1437 1631 1632
f 1437 1632 1439
f 1437 1439 1438
f 1439 1632 1462
f 1441 1633 1634
f 1441 1634 1635
f 1441 1635 1442
f 1441 1448 1447
f 1441 1447 1446
f 1441 1446 1636
f 1441 1636 1637
f 1441 1637 1638
f 1441 1638 1633
f 1442 1635 1639
f 1442 1639 1640
f 1442 1640 1641
f 1442 1641 1630
f 1442 1630 1443
f 1444 1457 1642
f 1444 1642 1643
f 1444 1643 1644
f 1444 1644 1645
f 1444 1645 1445
f 1445 1645 1636
f 1450 1453 1452
f 1453 1646 1454
f 1454 1646 1647
f 1454 1647 1455
f 1455 1647 1456
f 1456 1648 1649
f 1456 1649 1457
f 1456 1647 1650
f 1456 1650 1648
f 1457 1649 1651
f 1457 1651 1643
f 1457 1643 1642
f 1458 1466 1459
f 1459 1465 1460
f 1460 1464 1463
f 1460 1463 1461
f 1461 1463 1652
f 1461 1652 1653
f 1461 1653 1654
f 1461 1654 1467
f 1462 1632 1655
f 1462 1655 1463
f 1463 1655 1656
f 1463 1656 1657
f 1463 1657 1658
f 1463 1658 1659
f 1463 1659 1660
f 1463 1660 1652
f 1467 1661 1468
f 1467 1654 1661
f 1468 1661 1662
f 1468 1662 1663
f 1468 1663 1469
f 1469 1663 1664
f 1469 1664 1665
f 1469 1665 1666
f 1469 1666 1470
f 1470 1666 1471
f 1471 1666 1472
f 1472 1666 1665
f 1472 1665 1667
f 1472 1667 1473
f 1473 1667 1668
f 1473 1668 1474
f 1474 1668 1477
f 1476 1477 1669
f 1477 1668 1670
f 1477 1670 1669
f 1478 1671 1479
f 1479 1671 1672
f 1479 1672 1480
f 1480 1672 1481
f 1481 1673 1674
f 1481 1674 1675
f 1481 1675 1482
f 1481 1672 1676
f 1481 1676 1677
f 1481 1677 1678
f 1481 1678 1894
f 1481 1894 1679
f 1481 1679 1673
f 1482 1675 1483
f 1483 1675 1680
f 1483 1680 1681
f 1483 1681 1682
f 1483 1682 1484
f 1484 1682 1485
f 1485 1682 1683
f 1485 1683 1486
f 1486 1684 1685
f 1486 1685 1487
f 1486 1683 1686
f 1486 1686 1687
f 1486 1687 1688
f 1486 1688 1684
f 1487 1685 1489
f 1489 1685 1492
f 1490 1494 1496
f 1490 1496 1491
f 1492 1688 1493
f 1492 1685 1688
f 1493 1688 1687
f 1493 1687 1689
f 1493 1689 1907
f 1493 1907 1690
f 1493 1690 1691
f 1493 1691 1692
f 1493 1692 1693
f 1493 1693 1494
f 1494 1693 1694
f 1494 1694 1496
f 1495 1500 1499
f 1495 1498 1500
f 1496 1694 1695
f 1496 1695 1497
f 1497 1695 1696
f 1497 1696 1498
f 1498 1696 1697
f 1498 1697 1500
f 1500 1697 1505
f 1501 1512 1503
f 1501 1503 1502
f 1501 1507 1512
f 1503 1512 1504
f 1505 1697 1698
f 1505 1698 1699
f 1505 1699 1506
f 1506 1699 1698
f 1506 1698 1697
f 1506 1697 1700
f 1506 1700 1701
f 1506 1701 1702
f 1506 1702 1507
f 1507 1702 1512
f 1508 1669 1703
f 1508 1703 1510
f 1508 1510 1509
f 1510 1703 1670
f 1510 1670 1704
f 1510 1704 1705
f 1510 1705 1511
f 1511 1705 1883
f 1511 1883 1671
f 1512 1706 1513
f 1512 1702 1707
f 1512 1707 1708
f 1512 1708 1709
f 1512 1709 1710
f 1512 1710 1706
f 1513 1706 1514
f 1514 1711 1517
f 1514 1517 1515
f 1514 1706 1712
f 1514 1712 1711
f 1517 1711 1713
f 1517 1713 1518
f 1518 1713 1714
f 1518 1714 1715
f 1518 1715 1519
f 1519 1715 1714
f 1519 1714 1716
f 1519 1716 1523
f 1520 1531 1521
f 1520 1524 1717
f 1520 1717 1718
f 1520 1718 1719
f 1520 1719 1531
f 1523 1716 1714
f 1523 1714 1524
f 1524 1714 1720
f 1524 1720 1721
f 1524 1721 1722
f 1524 1722 1723
f 1524 1723 1717
f 1525 1530 1724
f 1525 1724 1725
f 1525 1725 1526
f 1526 1725 1726
f 1526 1726 1727
f 1526 1727 1728
f 1526 1728 1729
f 1526 1729 1737
f 1526 1737 1532
f 1527 1531 1730
f 1527 1730 1528
f 1528 1731 1529
f 1528 1730 1732
f 1528 1732 1733
f 1528 1733 1731
f 1529 1731 1734
f 1529 1734 1735
f 1529 1735 1724
f 1529 1724 1530
f 1531 1719 1736
f 1531 1736 1732
f 1531 1732 1730
f 1532 1737 1533
f 1533 1737 1738
f 1533 1738 1534
f 1534 1738 1739
f 1534 1739 1740
f 1534 1740 1741
f 1534 1741 1742
f 1534 1742 1535
f 1535 1742 1743
f 1535 1743 1538
f 1538 1743 1539
f 1539 1744 1745
f 1539 1745 1540
f 1539 1743 1744
f 1540 1745 1746
f 1540 1746 1747
f 1540 1747 1748
f 1540 1748 1749
f 1543 1554 1544
f 1544 1554 1750
f 1544 1750 1751
f 1544 1751 1752
f 1544 1752 1545
f 1545 1752 1546
f 1546 1752 1753
f 1546 1753 1754
f 1546 1754 1549
f 1547 1755 1593
f 1547 1593 1548
f 1547 1552 1755
f 1549 1754 1551
f 1549 1551 1550
f 1551 1754 1756
f 1551 1756 1757
f 1551 1757 1758
f 1551 1758 1552
f 1552 1758 1759
f 1552 1759 1755
f 1553 1566 1554
f 1554 1566 1760
f 1554 1760 1761
f 1554 1761 1762
f 1554 1762 1750
f 1556 1763 1557
f 1557 1763 1764
f 1557 1764 1765
f 1557 1765 1558
f 1558 1766 1559
f 1558 1765 1767
f 1558 1767 1768
f 1558 1768 1769
f 1558 1769 1766
f 1559 1770 1771
f 1559 1771 1562
f 1559 1562 1560
f 1559 1766 1770
f 1562 1771 1563
f 1563 1772 1564
f 1563 1771 1773
f 1563 1773 1774
f 1563 1774 1772
f 1564 1772 1565
f 1565 1775 1776
f 1565 1776 1760
f 1565 1772 1774
f 1565 1774 1777
f 1565 1777 1775
f 1568 1778 1569
f 1568 1573 1778
f 1569 1778 1779
f 1569 1779 1780
f 1569 1780 1781
f 1569 1781 1782
f 1569 1782 1571
f 1569 1571 1570
f 1571 1782 1572
f 1572 1782 1783
f 1572 1783 1786
f 1572 1786 1574
f 1573 1588 1784
f 1573 1784 1785
f 1573 1785 1778
f 1575 1592 1591
f 1575 1591 1576
f 1576 1591 1787
f 1576 1787 1577
f 1577 1788 1578
f 1577 1787 1789
f 1577 1789 1790
f 1577 1790 1788
f 1578 1788 1581
f 1579 1582 1580
f 1579 1581 1791
f 1579 1791 1582
f 1581 1788 1792
f 1581 1792 1793
f 1581 1793 1791
f 1582 1791 1794
f 1582 1794 1583
f 1583 1794 1795
f 1583 1795 1796
f 1583 1796 1585
f 1583 1585 1586
f 1583 1586 1584
f 1585 1796 1797
f 1585 1797 1798
f 1585 1798 1588
f 1585 1588 1587
f 1588 1798 1799
f 1588 1799 1784
f 1589 1800 1590
f 1589 1593 1800
f 1590 1800 1787
f 1590 1787 1591
f 1593 1755 1801
f 1593 1801 1800
f 1595 1802 1596
f 1596 1803 1804
f 1596 1804 1597
f 1596 1802 1805
f 1596 1805 1806
f 1596 1806 1807
f 1596 1807 1808
f 1596 1808 1803
f 1597 1804 1598
f 1598 1804 1809
f 1598 1809 1810
f 1598 1810 1811
f 1598 1811 1600
f 1600 1811 1601
f 1601 1812 1813
f 1601 1813 1602
f 1601 1811 1812
f 1602 1813 1814
f 1602 1814 1815
f 1602 1815 1604
f 1604 1815 1816
f 1604 1816 1817
f 1604 1817 1608
f 1605 1818 1819
f 1605 1819 1606
f 1605 1609 1608
f 1605 1608 1817
f 1605 1817 1820
f 1605 1820 1821
f 1605 1821 1818
f 1606 1822 1607
f 1606 1819 1822
f 1607 1822 1823
f 1607 1823 1610
f 1610 1823 1824
f 1610 1824 1825
f 1610 1825 1826
f 1610 1826 1611
f 1611 1827 1828
f 1611 1828 1612
f 1611 1826 1827
f 1612 1828 1829
f 1612 1829 1613
f 1613 1829 1830
f 1613 1830 1831
f 1613 1831 1614
f 1614 1831 1832
f 1614 1832 1615
f 1615 1832 1833
f 1615 1833 1616
f 1616 1833 1617
f 1617 1833 1834
f 1617 1834 1835
f 1617 1835 1618
f 1618 1835 1619
f 1619 1835 1836
f 1619 1836 1837
f 1619 1837 1620
f 1620 1837 1621
f 1621 1837 1622
f 1622 1837 1838
f 1622 1838 1839
f 1622 1839 1840
f 1622 1840 1623
f 1623 1840 1841
f 1623 1841 1624
f 1624 1841 1842
f 1624 1842 1625
f 1625 1842 1843
f 1625 1843 1844
f 1625 1844 1626
f 1626 1844 1627
f 1627 1844 1845
f 1627 1845 1846
f 1627 1846 1628
f 1628 1846 1847
f 1628 1847 1629
f 1630 1641 1848
f 1630 1848 1849
f 1630 1849 1657
f 1630 1657 1631
f 1631 1657 1656
f 1631 1656 1655
f 1631 1655 1632
f 1633 1850 1634
f 1633 1638 1850
f 1634 1850 1639
f 1634 1639 1635
f 1636 1645 1851
f 1636 1851 1637
f 1637 1851 1852
f 1637 1852 1638
f 1638 1852 1853
f 1638 1853 1854
f 1638 1854 1639
f 1638 1639 1850
f 1639 1854 1855
f 1639 1855 1640
f 1640 1856 1641
f 1640 1855 1856
f 1641 1856 1848
f 1643 1651 1857
f 1643 1857 1858
f 1643 1858 1859
f 1643 1859 1860
f 1643 1860 1861
f 1643 1861 1851
f 1643 1851 1644
f 1644 1851 1645
f 1648 1862 1649
f 1648 1650 1863
f 1648 1863 1862
f 1649 1862 1864
f 1649 1864 1865
f 1649 1865 1857
f 1649 1857 1651
f 1652 1660 1654
f 1652 1654 1653
f 1654 1660 1866
f 1654 1866 1867
f 1654 1867 1868
f 1654 1868 1661
f 1657 1849 1658
f 1658 1869 1870
f 1658 1870 1659
f 1658 1849 1869
f 1659 1871 1660
f 1659 1870 1869
f 1659 1869 1872
f 1659 1872 1873
f 1659 1873 1871
f 1660 1871 1866
f 1661 1874 1662
f 1661 1868 1867
f 1661 1867 1874
f 1662 1874 1663
f 1663 1874 1866
f 1663 1866 1875
f 1663 1875 1664
f 1664 1876 1665
f 1664 1875 1877
f 1664 1877 1878
f 1664 1878 1879
f 1664 1879 1876
f 1665 1876 1667
f 1667 1880 1881
f 1667 1881 1668
f 1667 1876 1882
f 1667 1882 1880
f 1668 1881 1670
f 1669 1670 1703
f 1670 1881 1704
f 1671 1883 1672
f 1672 1884 1885
f 1672 1885 1677
f 1672 1677 1676
f 1672 1883 1884
f 1673 1679 1886
f 1673 1886 1887
f 1673 1887 1888
f 1673 1888 1889
f 1673 1889 1890
f 1673 1890 1674
f 1674 1680 1675
f 1674 1890 1680
f 1677 1885 1891
f 1677 1891 1892
f 1677 1892 1893
f 1677 1893 1678
f 1678 1893 1894
f 1679 1894 1895
f 1679 1895 1896
f 1679 1896 1886
f 1680 1890 1897
f 1680 1897 1682
f 1680 1682 1681
f 1682 1897 1683
f 1683 1897 1898
f 1683 1898 1686
f 1684 1688 1685
f 1686 1898 1899
f 1686 1899 1687
f 1687 1900 1689
f 1687 1899 1901
f 1687 1901 1902
f 1687 1902 1903
f 1687 1903 1900
f 1689 1904 1905
f 1689 1905 1906
f 1689 1906 1907
f 1689 1900 1904
f 1690 1907 1908
f 1690 1908 1691
f 1691 1909 1910
f 1691 1910 1692
f 1691 1908 1909
f 1692 1910 1908
f 1692 1908 1911
f 1692 1911 1693
f 1693 1911 1694
f 1694 1911 1695
f 1695 1912 1696
f 1695 1911 1908
f 1695 1908 1913
f 1695 1913 1912
f 1696 1912 1700
f 1696 1700 1697
f 1700 1912 1913
f 1700 1913 1914
f 1700 1914 1915
f 1700 1915 1701
f 1701 1915 1702
f 1702 1915 1916
f 1702 1916 1917
f 1702 1917 1918
f 1702 1918 1919
f 1702 1919 1920
f 1702 1920 1921
f 1702 1921 1708
f 1702 1708 1707
f 1704 1881 1880
f 1704 1880 1882
f 1704 1882 1705
f 1705 1882 1922
f 1705 1922 1883
f 1706 1713 1712
f 1706 1710 1713
f 1708 1921 1923
f 1708 1923 1924
f 1708 1924 1709
f 1709 1924 1710
f 1710 1924 1925
f 1710 1925 1713
f 1711 1712 1713
f 1713 1926 1714
f 1713 1925 1927
f 1713 1927 1926
f 1714 1926 1720
f 1717 1723 1731
f 1717 1731 1718
f 1718 1731 1733
f 1718 1733 1719
f 1719 1733 1732
f 1719 1732 1736
f 1720 1928 1721
f 1720 1926 1928
f 1721 1929 1930
f 1721 1930 1931
f 1721 1931 1932
f 1721 1932 1722
f 1721 1928 1933
f 1721 1933 1929
f 1722 1934 1734
f 1722 1734 1723
f 1722 1932 1935
f 1722 1935 1936
f 1722 1936 1937
f 1722 1937 1934
f 1723 1734 1731
f 1724 1727 1726
f 1724 1726 1725
f 1724 1735 1938
f 1724 1938 1727
f 1727 1938 1939
f 1727 1939 1940
f 1727 1940 1728
f 1728 1940 1941
f 1728 1941 1729
f 1729 1941 1942
f 1729 1942 1738
f 1729 1738 1737
f 1734 1934 1937
f 1734 1937 1735
f 1735 1937 1943
f 1735 1943 1938
f 1738 1942 1739
f 1739 1942 1944
f 1739 1944 1740
f 1740 1944 1741
f 1741 1945 1946
f 1741 1946 1947
f 1741 1947 1948
f 1741 1948 1742
f 1741 1944 1949
f 1741 1949 1950
f 1741 1950 1945
f 1742 1948 1951
f 1742 1951 1743
f 1743 1952 1953
f 1743 1953 1954
f 1743 1954 1744
f 1743 1951 1955
f 1743 1955 1956
f 1743 1956 1957
f 1743 1957 1958
f 1743 1958 1952
f 1744 1954 1745
f 1745 1954 1959
f 1745 1959 1746
f 1746 1959 1747
f 1747 1959 1954
f 1747 1954 1960
f 1747 1960 1953
f 1747 1953 1748
f 1748 1953 1952
f 1748 1952 1958
f 1748 1958 1957
f 1748 1957 1961
f 1748 1961 1962
f 1748 1962 1963
f 1748 1963 1749
f 1750 1964 1752
f 1750 1752 1751
f 1750 1762 1965
f 1750 1965 1964
f 1752 1964 1966
f 1752 1966 1753
f 1753 1966 1754
f 1754 1966 1756
f 1755 1967 1801
f 1755 1759 1968
f 1755 1968 1967
f 1756 1966 2164
f 1756 2164 1969
f 1756 1969 1970
f 1756 1970 1757
f 1757 1971 1758
f 1757 1970 1971
f 1758 1971 1972
f 1758 1972 1759
f 1759 1972 1973
f 1759 1973 1968
f 1760 1776 1761
f 1761 1776 1775
f 1761 1775 1974
f 1761 1974 1975
f 1761 1975 1762
f 1762 1975 1965
f 1764 1976 1765
f 1765 1976 1767
f 1766 1769 1770
f 1767 1977 1978
f 1767 1978 1979
f 1767 1979 1768
f 1768 1979 1980
f 1768 1980 1769
f 1769 1980 1981
f 1769 1981 1982
f 1769 1982 1983
f 1769 1983 1770
f 1770 1983 1984
f 1770 1984 1985
f 1770 1985 1773
f 1770 1773 1771
f 1773 1985 1774
f 1774 1985 1986
f 1774 1986 1777
f 1775 1777 1987
f 1775 1987 1988
f 1775 1988 1974
f 1777 1986 1989
f 1777 1989 1990
f 1777 1990 1987
f 1778 1991 1779
f 1778 1785 1991
f 1779 1991 1992
f 1779 1992 1993
f 1779 1993 1994
f 1779 1994 1995
f 1779 1995 1780
f 1780 1995 1996
f 1780 1996 1786
f 1780 1786 1783
f 1780 1783 1782
f 1780 1782 1781
f 1784 1997 1998
f 1784 1998 1785
f 1784 1799 1999
f 1784 1999 1997
f 1785 1998 2000
f 1785 2000 2001
f 1785 2001 1991
f 1786 1996 1995
f 1787 1800 1789
f 1788 1790 2002
f 1788 2002 1792
f 1789 1800 2003
f 1789 2003 2004
f 1789 2004 1790
f 1790 2004 2005
f 1790 2005 2002
f 1791 1793 2006
f 1791 2006 2007
f 1791 2007 1794
f 1792 2008 2009
f 1792 2009 2006
f 1792 2006 1793
f 1792 2002 2008
f 1794 2010 1795
f 1794 2007 2010
f 1795 2010 2011
f 1795 2011 2012
f 1795 2012 1796
f 1796 2013 1797
f 1796 2012 2013
f 1797 2013 2014
f 1797 2014 1798
f 1798 2015 1799
f 1798 2014 2015
f 1799 2015 2014
f 1799 2014 2016
f 1799 2016 1999
f 1800 1801 2003
f 1801 2017 2003
f 1801 1967 2017
f 1803 1808 2018
f 1803 2018 2019
f 1803 2019 2020
f 1803 2020 2021
f 1803 2021 1804
f 1804 2021 1809
f 1808 2022 2023
f 1808 2023 2018
f 1809 2021 1810
f 1810 2021 1811
f 1811 2021 2024
f 1811 2024 2025
f 1811 2025 1812
f 1812 2025 2026
f 1812 2026 1815
f 1812 1815 1814
f 1812 1814 1813
f 1815 2026 2027
f 1815 2027 2028
f 1815 2028 1820
f 1815 1820 2029
f 1815 2029 1816
f 1816 2029 1820
f 1816 1820 1817
f 1818 2030 2031
f 1818 2031 2032
f 1818 2032 2033
f 1818 2033 1819
f 1818 1821 2030
f 1819 2033 1822
f 1820 2028 2027
f 1820 2027 2034
f 1820 2034 1821
f 1821 2034 2035
f 1821 2035 2030
f 1822 2033 2036
f 1822 2036 2037
f 1822 2037 1824
f 1822 1824 1823
f 1824 2037 1825
f 1825 2038 1826
f 1825 2037 2038
f 1826 2038 1827
f 1827 2038 2039
f 1827 2039 1828
f 1828 2039 2040
f 1828 2040 1829
f 1829 2040 2041
f 1829 2041 2042
f 1829 2042 1830
f 1830 2042 2043
f 1830 2043 2044
f 1830 2044 1832
f 1830 1832 1831
f 1832 2044 2045
f 1832 2045 1833
f 1833 2045 2046
f 1833 2046 2047
f 1833 2047 1834
f 1834 2048 1835
f 1834 2047 2049
f 1834 2049 2050
f 1834 2050 2048
f 1835 2048 1836
f 1836 2048 2051
f 1836 2051 1837
f 1837 2051 1838
f 1838 2051 2052
f 1838 2052 2053
f 1838 2053 2054
f 1838 2054 1839
f 1839 2054 2055
f 1839 2055 2056
f 1839 2056 1840
f 1840 2056 1841
f 1841 2056 2057
f 1841 2057 1842
f 1842 2057 2058
f 1842 2058 2059
f 1842 2059 1843
f 1843 2059 1844
f 1844 2059 2060
f 1844 2060 1845
f 1845 2060 2061
f 1845 2061 1846
f 1846 2061 2062
f 1846 2062 2063
f 1846 2063 2064
f 1846 2064 1847
f 1848 1856 2065
f 1848 2065 2066
f 1848 2066 2067
f 1848 2067 2068
f 1848 2068 1869
f 1848 1869 1849
f 1851 1861 2069
f 1851 2069 1852
f 1852 2069 1853
f 1853 2069 2070
f 1853 2070 1854
f 1854 2071 2065
f 1854 2065 2072
f 1854 2072 1855
f 1854 2070 2073
f 1854 2073 2071
f 1855 2072 2065
f 1855 2065 1856
f 1857 1865 1858
f 1858 1865 2074
f 1858 2074 2075
f 1858 2075 2069
f 1858 2069 1859
f 1859 2069 1860
f 1860 2069 1861
f 1862 2076 2077
f 1862 2077 1864
f 1862 1863 2076
f 1864 2077 2078
f 1864 2078 2074
f 1864 2074 1865
f 1866 1871 2079
f 1866 2079 1875
f 1866 1874 1867
f 1869 2068 1872
f 1871 1873 2080
f 1871 2080 2079
f 1872 2067 2081
f 1872 2081 2080
f 1872 2080 1873
f 1872 2068 2067
f 1875 2079 2082
f 1875 2082 2083
f 1875 2083 1877
f 1876 2084 1882
f 1876 1879 2085
f 1876 2085 2086
f 1876 2086 2084
f 1877 2083 2087
f 1877 2087 2088
f 1877 2088 1878
f 1878 2088 2089
f 1878 2089 1879
f 1879 2089 2085
f 1882 2084 2086
f 1882 2086 2090
f 1882 2090 1922
f 1883 1922 2091
f 1883 2091 2092
f 1883 2092 1884
f 1884 2092 2093
f 1884 2093 2094
f 1884 2094 2095
f 1884 2095 1885
f 1885 2095 1891
f 1886 1896 2096
f 1886 2096 1887
f 1887 2096 2097
f 1887 2097 2098
f 1887 2098 2099
f 1887 2099 1888
f 1888 2099 1897
f 1888 1897 1889
f 1889 1897 1890
f 1891 2095 2100
f 1891 2100 1892
f 1892 2100 1893
f 1893 2100 2101
f 1893 2101 2102
f 1893 2102 2103
f 1893 2103 1894
f 1894 2103 1895
f 1895 2103 2104
f 1895 2104 2105
f 1895 2105 2106
f 1895 2106 1896
f 1896 2106 2096
f 1897 2099 2098
f 1897 2098 1898
f 1898 2098 1899
f 1899 2098 1901
f 1900 1903 2107
f 1900 2107 1904
f 1901 2108 1903
f 1901 1903 1902
f 1901 2098 2108
f 1903 2108 2109
f 1903 2109 2110
f 1903 2110 2111
f 1903 2111 2112
f 1903 2112 2113
f 1903 2113 1905
f 1903 1905 2114
f 1903 2114 2107
f 1904 2107 1905
f 1905 2107 2114
f 1905 2113 2115
f 1905 2115 2116
f 1905 2116 2117
f 1905 2117 1906
f 1906 2117 2118
f 1906 2118 1907
f 1907 2118 1908
f 1908 1910 1909
f 1908 2118 1918
f 1908 1918 2119
f 1908 2119 1913
f 1913 2120 1914
f 1913 2119 2120
f 1914 2120 2119
f 1914 2119 2121
f 1914 2121 1916
f 1914 1916 1915
f 1916 2121 1917
f 1917 2119 1918
f 1917 2121 2119
f 1918 2117 2122
f 1918 2122 2123
f 1918 2123 1919
f 1918 2118 2117
f 1919 1921 1920
f 1919 2123 2124
f 1919 2124 2125
f 1919 2125 1921
f 1921 2126 1923
f 1921 2125 2127
f 1921 2127 2126
f 1922 2090 2128
f 1922 2128 2092
f 1922 2092 2091
f 1923 1927 1924
f 1923 2126 2129
f 1923 2129 1927
f 1924 1927 1925
f 1926 1927 2130
f 1926 2130 1933
f 1926 1933 1928
f 1927 2129 2130
f 1929 2131 2132
f 1929 2132 2133
f 1929 2133 1930
f 1929 1933 2134
f 1929 2134 2135
f 1929 2135 2136
f 1929 2136 2131
f 1930 2133 1931
f 1931 2133 2137
f 1931 2137 2138
f 1931 2138 2139
f 1931 2139 2140
f 1931 2140 2141
f 1931 2141 2142
f 1931 2142 2143
f 1931 2143 1932
f 1932 2143 1935
f 1933 2130 2144
f 1933 2144 2134
f 1935 2143 1936
f 1936 2143 2142
f 1936 2142 2145
f 1936 2145 2146
f 1936 2146 2147
f 1936 2147 1937
f 1937 2147 1943
f 1938 1943 2148
f 1938 2148 1939
f 1939 2148 1940
f 1940 2148 2149
f 1940 2149 1946
f 1940 1946 1950
f 1940 1950 1949
f 1940 1949 1941
f 1941 1949 2150
f 1941 2150 1944
f 1941 1944 2151
f 1941 2151 1942
f 1942 2151 1944
f 1943 2147 2146
f 1943 2146 2152
f 1943 2152 2148
f 1944 2150 1949
f 1945 1950 1946
f 1946 2149 1947
f 1947 2149 2153
f 1947 2153 2154
f 1947 2154 1948
f 1948 2154 2155
f 1948 2155 1955
f 1948 1955 1951
f 1953 1960 1954
f 1955 2155 2156
f 1955 2156 1956
f 1956 2156 2157
f 1956 2157 1957
f 1957 2157 2158
f 1957 2158 2159
f 1957 2159 2160
f 1957 2160 2161
f 1957 2161 1961
f 1961 2161 1962
f 1962 2161 2162
f 1962 2162 1963
f 1964 1965 2163
f 1964 2163 2164
f 1964 2164 1966
f 1965 1975 2165
f 1965 2165 2163
f 1967 1968 2166
f 1967 2166 2017
f 1968 1973 2167
f 1968 2167 2166
f 1969 2164 2168
f 1969 2168 1970
f 1970 2168 2169
f 1970 2169 2170
f 1970 2170 1971
f 1971 2170 1972
f 1972 2171 1973
f 1972 2170 2172
f 1972 2172 2171
f 1973 2171 2173
f 1973 2173 2174
f 1973 2174 2167
f 1974 2175 1975
f 1974 1988 2175
f 1975 2175 2165
f 1977 2176 1978
f 1978 2176 2177
f 1978 2177 1979
f 1979 2177 1980
f 1980 2177 2178
f 1980 2178 1981
f 1981 2178 2179
f 1981 2179 2180
f 1981 2180 2181
f 1981 2181 1982
f 1982 2182 1984
f 1982 1984 1983
f 1982 2181 2182
f 1984 2182 2183
f 1984 2183 1989
f 1984 1989 1985
f 1985 1989 1986
f 1987 1990 2184
f 1987 2184 2394
f 1987 2394 2185
f 1987 2185 1988
f 1988 2185 2186
f 1988 2186 2187
f 1988 2187 2175
f 1989 2183 1990
f 1990 2183 2188
f 1990 2188 2184
f 1991 2001 1992
f 1992 2001 2189
f 1992 2189 2190
f 1992 2190 2191
f 1992 2191 2192
f 1992 2192 1993
f 1997 2193 2194
f 1997 2194 2195
f 1997 2195 2000
f 1997 2000 1998
f 1997 1999 2193
f 1999 2016 2193
f 2000 2195 2196
f 2000 2196 2001
f 2001 2197 2189
f 2001 2196 2195
f 2001 2195 2198
f 2001 2198 2197
f 2002 2005 2199
f 2002 2199 2008
f 2003 2017 2004
f 2004 2017 2200
f 2004 2200 2201
f 2004 2201 2005
f 2005 2202 2199
f 2005 2201 2203
f 2005 2203 2202
f 2006 2204 2205
f 2006 2205 2010
f 2006 2010 2007
f 2006 2009 2204
f 2008 2206 2207
f 2008 2207 2208
f 2008 2208 2009
f 2008 2199 2206
f 2009 2208 2204
f 2010 2205 2209
f 2010 2209 2011
f 2011 2209 2210
f 2011 2210 2211
f 2011 2211 2212
f 2011 2212 2012
f 2012 2212 2213
f 2012 2213 2013
f 2013 2214 2215
f 2013 2215 2014
f 2013 2213 2214
f 2014 2215 2016
f 2016 2216 2217
f 2016 2217 2193
f 2016 2215 2218
f 2016 2218 2216
f 2017 2166 2200
f 2018 2023 2219
f 2018 2219 2220
f 2018 2220 2019
f 2019 2221 2222
f 2019 2222 2020
f 2019 2220 2221
f 2020 2222 2223
f 2020 2223 2021
f 2021 2223 2224
f 2021 2224 2024
f 2022 2225 2219
f 2022 2219 2023
f 2024 2224 2025
f 2025 2226 2227
f 2025 2227 2026
f 2025 2224 2228
f 2025 2228 2226
f 2026 2227 2229
f 2026 2229 2027
f 2027 2229 2230
f 2027 2230 2034
f 2030 2035 2231
f 2030 2231 2232
f 2030 2232 2233
f 2030 2233 2234
f 2030 2234 2031
f 2031 2234 2235
f 2031 2235 2236
f 2031 2236 2032
f 2032 2236 2237
f 2032 2237 2033
f 2033 2237 2036
f 2034 2231 2035
f 2034 2230 2231
f 2036 2237 2238
f 2036 2238 2239
f 2036 2239 2037
f 2037 2239 2240
f 2037 2240 2038
f 2038 2241 2242
f 2038 2242 2039
f 2038 2240 2241
f 2039 2242 2040
f 2040 2243 2041
f 2040 2242 2243
f 2041 2243 2244
f 2041 2244 2042
f 2042 2244 2043
f 2043 2244 2044
f 2044 2244 2245
f 2044 2245 2246
f 2044 2246 2045
f 2045 2246 2247
f 2045 2247 2047
f 2045 2047 2046
f 2047 2247 2248
f 2047 2248 2049
f 2048 2050 2052
f 2048 2052 2051
f 2049 2248 2249
f 2049 2249 2050
f 2050 2053 2052
f 2050 2249 2250
f 2050 2250 2251
f 2050 2251 2053
f 2053 2251 2252
f 2053 2252 2054
f 2054 2252 2055
f 2055 2252 2253
f 2055 2253 2254
f 2055 2254 2056
f 2056 2254 2057
f 2057 2254 2255
f 2057 2255 2256
f 2057 2256 2058
f 2058 2256 2059
f 2059 2256 2257
f 2059 2257 2060
f 2060 2257 2258
f 2060 2258 2061
f 2061 2258 2259
f 2061 2259 2260
f 2061 2260 2062
f 2062 2260 2063
f 2063 2260 2261
f 2065 2071 2262
f 2065 2262 2066
f 2066 2263 2067
f 2066 2262 2264
f 2066 2264 2263
f 2067 2263 2265
f 2067 2265 2081
f 2069 2266 2267
f 2069 2267 2070
f 2069 2075 2268
f 2069 2268 2269
f 2069 2269 2270
f 2069 2270 2271
f 2069 2271 2272
f 2069 2272 2266
f 2070 2267 2273
f 2070 2273 2274
f 2070 2274 2275
f 2070 2275 2276
f 2070 2276 2073
f 2071 2073 2276
f 2071 2276 2277
f 2071 2277 2278
f 2071 2278 2279
f 2071 2279 2262
f 2074 2268 2075
f 2074 2078 2280
f 2074 2280 2281
f 2074 2281 2268
f 2076 2282 2077
f 2077 2283 2280
f 2077 2280 2078
f 2077 2282 2283
f 2079 2080 2081
f 2079 2081 2265
f 2079 2265 2284
f 2079 2284 2285
f 2079 2285 2082
f 2082 2285 2286
f 2082 2286 2287
f 2082 2287 2083
f 2083 2287 2288
f 2083 2288 2087
f 2085 2089 2289
f 2085 2289 2290
f 2085 2290 2291
f 2085 2291 2086
f 2086 2291 2292
f 2086 2292 2293
f 2086 2293 2294
f 2086 2294 2295
f 2086 2295 2296
f 2086 2296 2297
f 2086 2297 2092
f 2086 2092 2090
f 2087 2288 2298
f 2087 2298 2089
f 2087 2089 2088
f 2089 2298 2299
f 2089 2299 2289
f 2090 2092 2128
f 2092 2297 2093
f 2093 2297 2296
f 2093 2296 2094
f 2094 2296 2300
f 2094 2300 2301
f 2094 2301 2302
f 2094 2302 2095
f 2095 2302 2303
f 2095 2303 2100
f 2096 2106 2304
f 2096 2304 2305
f 2096 2305 2306
f 2096 2306 2307
f 2096 2307 2097
f 2097 2307 2306
f 2097 2306 2308
f 2097 2308 2309
f 2097 2309 2310
f 2097 2310 2311
f 2097 2311 2312
f 2097 2312 2313
f 2097 2313 2098
f 2098 2313 2311
f 2098 2311 2110
f 2098 2110 2109
f 2098 2109 2108
f 2100 2303 2314
f 2100 2314 2101
f 2101 2314 2315
f 2101 2315 2102
f 2102 2315 2104
f 2102 2104 2103
f 2104 2315 2316
f 2104 2316 2317
f 2104 2317 2318
f 2104 2318 2319
f 2104 2319 2320
f 2104 2320 2321
f 2104 2321 2305
f 2104 2305 2322
f 2104 2322 2105
f 2105 2322 2106
f 2106 2322 2304
f 2110 2311 2310
f 2110 2310 2111
f 2111 2309 2323
f 2111 2323 2112
f 2111 2310 2309
f 2112 2323 2324
f 2112 2324 2325
f 2112 2325 2113
f 2113 2325 2115
f 2115 2326 2327
f 2115 2327 2328
f 2115 2328 2116
f 2115 2325 2329
f 2115 2329 2326
f 2116 2328 2122
f 2116 2122 2117
f 2122 2328 2330
f 2122 2330 2331
f 2122 2331 2123
f 2123 2331 2124
f 2124 2331 2332
f 2124 2332 2333
f 2124 2333 2334
f 2124 2334 2125
f 2125 2335 2127
f 2125 2334 2336
f 2125 2336 2137
f 2125 2137 2337
f 2125 2337 2126
f 2125 2126 2335
f 2126 2127 2335
f 2126 2337 2133
f 2126 2133 2132
f 2126 2132 2129
f 2129 2338 2130
f 2129 2132 2136
f 2129 2136 2338
f 2130 2338 2339
f 2130 2339 2144
f 2131 2136 2132
f 2133 2337 2137
f 2134 2144 2135
f 2135 2144 2338
f 2135 2338 2136
f 2137 2336 2340
f 2137 2340 2140
f 2137 2140 2139
f 2137 2139 2138
f 2140 2340 2341
f 2140 2341 2342
f 2140 2342 2343
f 2140 2343 2344
f 2140 2344 2141
f 2141 2344 2345
f 2141 2345 2346
f 2141 2346 2142
f 2142 2346 2347
f 2142 2347 2145
f 2144 2339 2338
f 2145 2348 2349
f 2145 2349 2146
f 2145 2347 2348
f 2146 2349 2152
f 2148 2152 2350
f 2148 2350 2149
f 2149 2350 2351
f 2149 2351 2352
f 2149 2352 2353
f 2149 2353 2153
f 2152 2349 2354
f 2152 2354 2355
f 2152 2355 2356
f 2152 2356 2357
f 2152 2357 2351
f 2152 2351 2350
f 2153 2353 2356
f 2153 2356 2358
f 2153 2358 2154
f 2154 2358 2155
f 2155 2358 2359
f 2155 2359 2360
f 2155 2360 2361
f 2155 2361 2156
f 2156 2361 2362
f 2156 2362 2157
f 2157 2362 2158
f 2158 2362 2363
f 2158 2363 2159
f 2159 2363 2364
f 2159 2364 2160
f 2160 2364 2365
f 2160 2365 2161
f 2161 2366 2162
f 2161 2365 2577
f 2161 2577 2366
f 2163 2165 2367
f 2163 2367 2164
f 2164 2367 2368
f 2164 2368 2168
f 2165 2175 2369
f 2165 2369 2370
f 2165 2370 2367
f 2166 2371 2200
f 2166 2167 2372
f 2166 2372 2371
f 2167 2174 2373
f 2167 2373 2372
f 2168 2368 2374
f 2168 2374 2375
f 2168 2375 2376
f 2168 2376 2169
f 2169 2376 2377
f 2169 2377 2378
f 2169 2378 2379
f 2169 2379 2170
f 2170 2379 2380
f 2170 2380 2172
f 2171 2172 2381
f 2171 2381 2382
f 2171 2382 2173
f 2172 2380 2383
f 2172 2383 2381
f 2173 2384 2174
f 2173 2382 2384
f 2174 2384 2373
f 2175 2187 2369
f 2176 2385 2177
f 2177 2385 2386
f 2177 2386 2387
f 2177 2387 2388
f 2177 2388 2178
f 2178 2388 2389
f 2178 2389 2179
f 2179 2390 2180
f 2179 2389 2390
f 2180 2390 2599
f 2180 2599 2391
f 2180 2391 2181
f 2181 2391 2392
f 2181 2392 2182
f 2182 2392 2183
f 2183 2392 2391
f 2183 2391 2393
f 2183 2393 2188
f 2184 2188 2395
f 2184 2395 2394
f 2185 2394 2186
f 2186 2396 2187
f 2186 2394 2397
f 2186 2397 2396
f 2187 2396 2398
f 2187 2398 2369
f 2188 2393 2395
f 2189 2399 2190
f 2189 2197 2399
f 2190 2399 2400
f 2193 2217 2404
f 2193 2404 2194
f 2194 2401 2402
f 2194 2402 2403
f 2194 2403 2198
f 2194 2198 2195
f 2194 2404 2617
f 2194 2617 2401
f 2197 2405 2406
f 2197 2406 2399
f 2197 2198 2403
f 2197 2403 2405
f 2199 2202 2407
f 2199 2407 2408
f 2199 2408 2206
f 2200 2371 2409
f 2200 2409 2201
f 2201 2409 2410
f 2201 2410 2203
f 2202 2203 2407
f 2203 2410 2626
f 2203 2626 2411
f 2203 2411 2407
f 2204 2208 2412
f 2204 2412 2205
f 2205 2412 2209
f 2206 2413 2207
f 2206 2408 2414
f 2206 2414 2413
f 2207 2415 2412
f 2207 2412 2208
f 2207 2413 2415
f 2209 2412 2210
f 2210 2416 2417
f 2210 2417 2212
f 2210 2212 2211
f 2210 2412 2415
f 2210 2415 2416
f 2212 2418 2213
f 2212 2417 2418
f 2213 2419 2420
f 2213 2420 2214
f 2213 2418 2421
f 2213 2421 2419
f 2214 2420 2218
f 2214 2218 2215
f 2216 2422 2217
f 2216 2218 2422
f 2217 2422 2622
f 2217 2622 2404
f 2218 2420 2423
f 2218 2423 2422
f 2219 2424 2425
f 2219 2425 2426
f 2219 2426 2221
f 2219 2221 2220
f 2219 2225 2427
f 2219 2427 2424
f 2221 2428 2429
f 2221 2429 2222
f 2221 2426 2428
f 2222 2429 2228
f 2222 2228 2223
f 2223 2228 2224
f 2226 2430 2431
f 2226 2431 2227
f 2226 2228 2430
f 2227 2431 2434
f 2227 2434 2229
f 2228 2429 2432
f 2228 2432 2433
f 2228 2433 2430
f 2229 2434 2435
f 2229 2435 2436
f 2229 2436 2230
f 2230 2436 2437
f 2230 2437 2438
f 2230 2438 2231
f 2231 2438 2439
f 2231 2439 2232
f 2232 2439 2440
f 2232 2440 2233
f 2233 2440 2234
f 2234 2440 2441
f 2234 2441 2235
f 2235 2441 2442
f 2235 2442 2443
f 2235 2443 2444
f 2235 2444 2445
f 2235 2445 2236
f 2236 2445 2237
f 2237 2445 2446
f 2237 2446 2238
f 2238 2446 2239
f 2239 2446 2447
f 2239 2447 2448
f 2239 2448 2449
f 2239 2449 2241
f 2239 2241 2240
f 2241 2449 2242
f 2242 2449 2450
f 2242 2450 2451
f 2242 2451 2243
f 2243 2451 2452
f 2243 2452 2453
f 2243 2453 2244
f 2244 2453 2454
f 2244 2454 2245
f 2245 2455 2456
f 2245 2456 2457
f 2245 2457 2458
f 2245 2458 2246
f 2245 2454 2455
f 2246 2458 2459
f 2246 2459 2247
f 2247 2459 2460
f 2247 2460 2461
f 2247 2461 2462
f 2247 2462 2248
f 2248 2462 2249
f 2249 2462 2463
f 2249 2463 2250
f 2250 2463 2464
f 2250 2464 2465
f 2250 2465 2251
f 2251 2465 2252
f 2252 2465 2466
f 2252 2466 2253
f 2253 2466 2467
f 2253 2467 2468
f 2253 2468 2254
f 2254 2468 2255
f 2255 2468 2469
f 2255 2469 2470
f 2255 2470 2256
f 2256 2470 2471
f 2256 2471 2257
f 2257 2471 2258
f 2258 2471 2472
f 2258 2472 2259
f 2259 2472 2260
f 2260 2472 2473
f 2260 2473 2474
f 2260 2474 2261
f 2261 2474 2475
f 2262 2476 2477
f 2262 2477 2264
f 2262 2279 2476
f 2263 2478 2284
f 2263 2284 2265
f 2263 2264 2477
f 2263 2477 2476
f 2263 2476 2478
f 2266 2273 2267
f 2266 2272 2479
f 2266 2479 2273
f 2268 2480 2269
f 2268 2281 2481
f 2268 2481 2482
f 2268 2482 2480
f 2269 2480 2270
f 2270 2480 2271
f 2271 2480 2483
f 2271 2483 2484
f 2271 2484 2485
f 2271 2485 2486
f 2271 2486 2479
f 2271 2479 2272
f 2273 2487 2274
f 2273 2479 2487
f 2274 2487 2275
f 2275 2487 2488
f 2275 2488 2489
f 2275 2489 2490
f 2275 2490 2276
f 2276 2490 2277
f 2277 2279 2278
f 2277 2490 2491
f 2277 2491 2489
f 2277 2489 2279
f 2279 2489 2487
f 2279 2487 2492
f 2279 2492 2493
f 2279 2493 2494
f 2279 2494 2476
f 2280 2283 2495
f 2280 2495 2281
f 2281 2496 2481
f 2281 2495 2497
f 2281 2497 2496
f 2282 2498 2283
f 2283 2498 2499
f 2283 2499 2495
f 2284 2500 2285
f 2284 2478 2501
f 2284 2501 2500
f 2285 2502 2503
f 2285 2503 2504
f 2285 2504 2287
f 2285 2287 2286
f 2285 2500 2502
f 2287 2504 2288
f 2288 2504 2505
f 2288 2505 2298
f 2289 2299 2506
f 2289 2506 2507
f 2289 2507 2508
f 2289 2508 2290
f 2290 2508 2509
f 2290 2509 2292
f 2290 2292 2291
f 2292 2509 2510
f 2292 2510 2511
f 2292 2511 2293
f 2293 2511 2294
f 2294 2511 2295
f 2295 2511 2296
f 2296 2511 2300
f 2298 2505 2299
f 2299 2505 2512
f 2299 2512 2506
f 2300 2511 2513
f 2300 2513 2301
f 2301 2513 2514
f 2301 2514 2515
f 2301 2515 2516
f 2301 2516 2517
f 2301 2517 2518
f 2301 2518 2302
f 2302 2518 2519
f 2302 2519 2303
f 2303 2519 2314
f 2304 2322 2305
f 2305 2321 2320
f 2305 2320 2520
f 2305 2520 2521
f 2305 2521 2306
f 2306 2521 2522
f 2306 2522 2523
f 2306 2523 2308
f 2308 2523 2309
f 2309 2523 2524
f 2309 2524 2323
f 2311 2313 2312
f 2314 2316 2315
f 2314 2519 2525
f 2314 2525 2526
f 2314 2526 2316
f 2316 2526 2527
f 2316 2527 2319
f 2316 2319 2318
f 2316 2318 2317
f 2319 2527 2528
f 2319 2528 2529
f 2319 2529 2530
f 2319 2530 2531
f 2319 2531 2320
f 2320 2531 2520
f 2323 2524 2532
f 2323 2532 2533
f 2323 2533 2534
f 2323 2534 2324
f 2324 2534 2325
f 2325 2534 2533
f 2325 2533 2535
f 2325 2535 2536
f 2325 2536 2329
f 2326 2537 2538
f 2326 2538 2327
f 2326 2329 2539
f 2326 2539 2537
f 2327 2538 2540
f 2327 2540 2334
f 2327 2334 2541
f 2327 2541 2328
f 2328 2541 2332
f 2328 2332 2330
f 2329 2542 2539
f 2329 2536 2543
f 2329 2543 2544
f 2329 2544 2542
f 2330 2332 2331
f 2332 2541 2333
f 2333 2541 2334
f 2334 2540 2336
f 2336 2540 2545
f 2336 2545 2546
f 2336 2546 2547
f 2336 2547 2548
f 2336 2548 2343
f 2336 2343 2342
f 2336 2342 2341
f 2336 2341 2340
f 2343 2547 2549
f 2343 2549 2550
f 2343 2550 2551
f 2343 2551 2344
f 2343 2548 2547
f 2344 2551 2345
f 2345 2551 2552
f 2345 2552 2553
f 2345 2553 2346
f 2346 2553 2347
f 2347 2553 2554
f 2347 2554 2555
f 2347 2555 2556
f 2347 2556 2348
f 2348 2557 2355
f 2348 2355 2349
f 2348 2556 2558
f 2348 2558 2559
f 2348 2559 2560
f 2348 2560 2557
f 2349 2355 2354
f 2351 2357 2352
f 2352 2357 2561
f 2352 2561 2353
f 2353 2561 2357
f 2353 2357 2356
f 2355 2557 2356
f 2356 2557 2562
f 2356 2562 2563
f 2356 2563 2564
f 2356 2564 2565
f 2356 2565 2358
f 2358 2565 2359
f 2359 2565 2566
f 2359 2566 2360
f 2360 2566 2567
f 2360 2567 2361
f 2361 2567 2362
f 2362 2567 2568
f 2362 2568 2569
f 2362 2569 2570
f 2362 2570 2571
f 2362 2571 2572
f 2362 2572 2363
f 2363 2572 2571
f 2363 2571 2573
f 2363 2573 2364
f 2364 2573 2574
f 2364 2574 2575
f 2364 2575 2365
f 2365 2576 2577
f 2365 2575 2576
f 2367 2370 2368
f 2368 2370 2374
f 2369 2398 2370
f 2370 2398 2374
f 2371 2372 2409
f 2372 2373 2409
f 2373 2578 2579
f 2373 2579 2409
f 2373 2384 2580
f 2373 2580 2578
f 2374 2398 2375
f 2375 2398 2396
f 2375 2396 2581
f 2375 2581 2376
f 2376 2581 2582
f 2376 2582 2583
f 2376 2583 2377
f 2377 2584 2378
f 2377 2583 2584
f 2378 2584 2585
f 2378 2585 2379
f 2379 2585 2380
f 2380 2585 2383
f 2381 2383 2382
f 2382 2383 2586
f 2382 2586 2587
f 2382 2587 2588
f 2382 2588 2589
f 2382 2589 2384
f 2383 2585 2590
f 2383 2590 2591
f 2383 2591 2586
f 2384 2589 2580
f 2386 2592 2593
f 2386 2593 2387
f 2387 2593 2594
f 2387 2594 2595
f 2387 2595 2596
f 2387 2596 2388
f 2388 2596 2595
f 2388 2595 2597
f 2388 2597 2389
f 2389 2597 2598
f 2389 2598 2390
f 2390 2598 2600
f 2390 2600 2599
f 2391 2599 2601
f 2391 2601 2393
f 2393 2601 2602
f 2393 2602 2395
f 2394 2395 2603
f 2394 2603 2397
f 2395 2602 2604
f 2395 2604 2605
f 2395 2605 2606
f 2395 2606 2607
f 2395 2607 2603
f 2396 2397 2608
f 2396 2608 2609
f 2396 2609 2581
f 2397 2610 2608
f 2397 2603 2611
f 2397 2611 2612
f 2397 2612 2610
f 2399 2406 2613
f 2399 2613 2614
f 2399 2614 2615
f 2399 2615 2400
f 2401 2616 2402
f 2401 2617 2618
f 2401 2618 2616
f 2402 2619 2403
f 2402 2616 2620
f 2402 2620 2621
f 2402 2621 2619
f 2403 2619 2405
f 2404 2622 2617
f 2405 2619 2623
f 2405 2623 2406
f 2406 2623 2613
f 2407 2624 2414
f 2407 2414 2408
f 2407 2411 2625
f 2407 2625 2624
f 2409 2579 2410
f 2410 2579 2627
f 2410 2627 2626
f 2411 2626 2833
f 2411 2833 2625
f 2413 2628 2416
f 2413 2416 2415
f 2413 2414 2628
f 2414 2624 2629
f 2414 2629 2628
f 2416 2628 2630
f 2416 2630 2631
f 2416 2631 2632
f 2416 2632 2417
f 2417 2632 2418
f 2418 2632 2633
f 2418 2633 2634
f 2418 2634 2421
f 2419 2421 2634
f 2419 2634 2420
f 2420 2635 2423
f 2420 2634 2635
f 2422 2423 2636
f 2422 2636 2622
f 2423 2635 2636
f 2424 2637 2425
f 2424 2427 2638
f 2424 2638 2639
f 2424 2639 2640
f 2424 2640 2637
f 2425 2637 2426
f 2426 2637 2621
f 2426 2621 2620
f 2426 2620 2428
f 2428 2620 2641
f 2428 2641 2642
f 2428 2642 2429
f 2429 2642 2643
f 2429 2643 2432
f 2430 2433 2644
f 2430 2644 2645
f 2430 2645 2646
f 2430 2646 2647
f 2430 2647 2648
f 2430 2648 2649
f 2430 2649 2437
f 2430 2437 2650
f 2430 2650 2434
f 2430 2434 2431
f 2432 2644 2433
f 2432 2643 2644
f 2434 2650 2437
f 2434 2437 2435
f 2435 2437 2436
f 2437 2649 2651
f 2437 2651 2652
f 2437 2652 2438
f 2438 2652 2653
f 2438 2653 2439
f 2439 2654 2440
f 2439 2653 2654
f 2440 2654 2655
f 2440 2655 2441
f 2441 2656 2442
f 2441 2655 2656
f 2442 2656 2443
f 2443 2657 2658
f 2443 2658 2444
f 2443 2656 2657
f 2444 2658 2659
f 2444 2659 2446
f 2444 2446 2445
f 2446 2659 2660
f 2446 2660 2447
f 2447 2660 2661
f 2447 2661 2662
f 2447 2662 2448
f 2448 2662 2449
f 2449 2662 2663
f 2449 2663 2451
f 2449 2451 2450
f 2451 2663 2664
f 2451 2664 2665
f 2451 2665 2666
f 2451 2666 2452
f 2452 2666 2667
f 2452 2667 2668
f 2452 2668 2453
f 2453 2668 2454
f 2454 2668 2455
f 2455 2669 2456
f 2455 2668 2669
f 2456 2670 2671
f 2456 2671 2672
f 2456 2672 2673
f 2456 2673 2674
f 2456 2674 2457
f 2456 2669 2670
f 2457 2674 2458
f 2458 2674 2460
f 2458 2460 2459
f 2460 2674 2675
f 2460 2675 2676
f 2460 2676 2677
f 2460 2677 2461
f 2461 2677 2462
f 2462 2677 2678
f 2462 2678 2463
f 2463 2678 2679
f 2463 2679 2464
f 2464 2679 2680
f 2464 2680 2681
f 2464 2681 2465
f 2465 2681 2682
f 2465 2682 2466
f 2466 2682 2683
f 2466 2683 2684
f 2466 2684 2467
f 2467 2685 2468
f 2467 2684 2685
f 2468 2685 2469
f 2469 2685 2686
f 2469 2686 2470
f 2470 2686 2687
f 2470 2687 2471
f 2471 2687 2688
f 2471 2688 2689
f 2471 2689 2472
f 2472 2689 2473
f 2473 2689 2474
f 2474 2689 2690
f 2474 2690 2691
f 2474 2691 2475
f 2476 2494 2692
f 2476 2692 2478
f 2478 2693 2501
f 2478 2692 2694
f 2478 2694 2695
f 2478 2695 2693
f 2479 2696 2487
f 2479 2486 2697
f 2479 2697 2696
f 2480 2482 2483
f 2481 2496 2698
f 2481 2698 2482
f 2482 2698 2483
f 2483 2698 2699
f 2483 2699 2485
f 2483 2485 2484
f 2485 2699 2700
f 2485 2700 2701
f 2485 2701 2702
f 2485 2702 2486
f 2486 2703 2704
f 2486 2704 2697
f 2486 2702 2701
f 2486 2701 2703
f 2487 2696 2705
f 2487 2705 2706
f 2487 2706 2492
f 2487 2489 2488
f 2489 2491 2490
f 2492 2706 2707
f 2492 2707 2493
f 2493 2707 2708
f 2493 2708 2709
f 2493 2709 2494
f 2494 2709 2692
f 2495 2499 2710
f 2495 2710 2711
f 2495 2711 2712
f 2495 2712 2713
f 2495 2713 2714
f 2495 2714 2497
f 2496 2497 2715
f 2496 2715 2698
f 2497 2714 2716
f 2497 2716 2715
f 2498 2717 2499
f 2499 2717 2718
f 2499 2718 2710
f 2500 2501 2693
f 2500 2693 2502
f 2502 2512 2503
f 2502 2693 2719
f 2502 2719 2720
f 2502 2720 2512
f 2503 2512 2504
f 2504 2512 2505
f 2506 2512 2508
f 2506 2508 2507
f 2508 2512 2721
f 2508 2721 2509
f 2509 2721 2722
f 2509 2722 2723
f 2509 2723 2510
f 2510 2723 2724
f 2510 2724 2511
f 2511 2724 2513
f 2512 2720 2725
f 2512 2725 2721
f 2513 2724 2514
f 2514 2724 2726
f 2514 2726 2727
f 2514 2727 2515
f 2515 2727 2516
f 2516 2728 2517
f 2516 2727 2729
f 2516 2729 2728
f 2517 2728 2730
f 2517 2730 2519
f 2517 2519 2518
f 2519 2730 2731
f 2519 2731 2525
f 2520 2531 2530
f 2520 2530 2732
f 2520 2732 2521
f 2521 2732 2733
f 2521 2733 2734
f 2521 2734 2522
f 2522 2734 2524
f 2522 2524 2523
f 2524 2734 2735
f 2524 2735 2532
f 2525 2731 2736
f 2525 2736 2737
f 2525 2737 2527
f 2525 2527 2526
f 2527 2737 2528
f 2528 2737 2738
f 2528 2738 2739
f 2528 2739 2740
f 2528 2740 2529
f 2529 2741 2530
f 2529 2740 2741
f 2530 2741 2732
f 2532 2742 2533
f 2532 2735 2743
f 2532 2743 2744
f 2532 2744 2742
f 2533 2742 2745
f 2533 2745 2535
f 2535 2745 2536
f 2536 2745 2742
f 2536 2742 2543
f 2537 2539 2746
f 2537 2746 2747
f 2537 2747 2538
f 2538 2748 2545
f 2538 2545 2540
f 2538 2747 2748
f 2539 2542 2746
f 2542 2749 2750
f 2542 2750 2746
f 2542 2544 2749
f 2543 2742 2751
f 2543 2751 2752
f 2543 2752 2753
f 2543 2753 2544
f 2544 2753 2754
f 2544 2754 2755
f 2544 2755 2749
f 2545 2748 2546
f 2546 2748 2747
f 2546 2747 2756
f 2546 2756 2549
f 2546 2549 2547
f 2549 2756 2757
f 2549 2757 2758
f 2549 2758 2759
f 2549 2759 2550
f 2550 2760 2551
f 2550 2759 2761
f 2550 2761 2762
f 2550 2762 2760
f 2551 2760 2763
f 2551 2763 2552
f 2552 2763 2553
f 2553 2763 2764
f 2553 2764 2554
f 2554 2765 2555
f 2554 2764 2766
f 2554 2766 2765
f 2555 2765 2556
f 2556 2767 2560
f 2556 2560 2558
f 2556 2765 2768
f 2556 2768 2769
f 2556 2769 2767
f 2557 2560 2562
f 2558 2560 2559
f 2560 2563 2562
f 2560 2767 2563
f 2563 2767 2769
f 2563 2769 2770
f 2563 2770 2564
f 2564 2770 2565
f 2565 2770 2566
f 2566 2770 2771
f 2566 2771 2772
f 2566 2772 2567
f 2567 2772 2568
f 2568 2773 2774
f 2568 2774 2775
f 2568 2775 2776
f 2568 2776 2777
f 2568 2777 2569
f 2568 2772 2773
f 2569 2571 2570
f 2569 2777 2778
f 2569 2778 2779
f 2569 2779 2571
f 2571 2779 2573
f 2573 2779 2780
f 2573 2780 2781
f 2573 2781 2574
f 2574 2781 2575
f 2575 2782 2783
f 2575 2783 2576
f 2575 2781 2784
f 2575 2784 2782
f 2578 2580 2785
f 2578 2785 2786
f 2578 2786 2787
f 2578 2787 2579
f 2579 2787 2627
f 2580 2589 2785
f 2581 2609 2788
f 2581 2788 2582
f 2582 2788 2820
f 2582 2820 2789
f 2582 2789 2583
f 2583 2789 2790
f 2583 2790 2791
f 2583 2791 2584
f 2584 2792 2585
f 2584 2791 2793
f 2584 2793 2792
f 2585 2792 2590
f 2586 2591 2587
f 2587 2591 2794
f 2587 2794 2795
f 2587 2795 2588
f 2588 2795 2796
f 2588 2796 2797
f 2588 2797 2798
f 2588 2798 2589
f 2589 2798 2785
f 2590 2792 2799
f 2590 2799 2591
f 2591 2799 2800
f 2591 2800 2801
f 2591 2801 2794
f 2592 2802 2593
f 2593 2595 2594
f 2593 2802 2803
f 2593 2803 2804
f 2593 2804 2595
f 2595 2805 2597
f 2595 2804 2806
f 2595 2806 2807
f 2595 2807 2808
f 2595 2808 2805
f 2597 2805 2598
f 2598 2805 2809
f 2598 2809 3030
f 2598 3030 2810
f 2598 2810 2600
f 2599 2600 2601
f 2600 2810 2811
f 2600 2811 2812
f 2600 2812 2601
f 2601 2604 2602
f 2601 2812 2604
f 2603 2607 2611
f 2604 2812 2813
f 2604 2813 2814
f 2604 2814 2815
f 2604 2815 2605
f 2605 2815 2814
f 2605 2814 2816
f 2605 2816 2817
f 2605 2817 2606
f 2606 2817 2607
f 2607 2818 2611
f 2607 2817 2816
f 2607 2816 2819
f 2607 2819 2818
f 2608 2610 2609
f 2609 2610 2820
f 2609 2820 2788
f 2610 2821 2820
f 2610 2612 2821
f 2611 2818 2822
f 2611 2822 2612
f 2612 2822 2820
f 2612 2820 2821
f 2616 2618 2823
f 2616 2823 2824
f 2616 2824 2641
f 2616 2641 2620
f 2617 2622 2825
f 2617 2825 2826
f 2617 2826 2618
f 2618 2826 2827
f 2618 2827 2823
f 2619 2828 2829
f 2619 2829 2623
f 2619 2621 2828
f 2621 2637 2828
f 2622 2636 2830
f 2622 2830 2825
f 2623 2829 2831
f 2624 2832 2629
f 2624 2625 2832
f 2625 2833 2834
f 2625 2834 2835
f 2625 2835 2836
f 2625 2836 2837
f 2625 2837 2832
f 2626 2627 2833
f 2627 2787 2838
f 2627 2838 2839
f 2627 2839 2833
f 2628 2840 2841
f 2628 2841 2630
f 2628 2629 2840
f 2629 2832 2842
f 2629 2842 2843
f 2629 2843 2844
f 2629 2844 2840
f 2630 2841 2631
f 2631 2841 2845
f 2631 2845 2846
f 2631 2846 2847
f 2631 2847 2632
f 2632 2847 2848
f 2632 2848 2633
f 2633 2848 2849
f 2633 2849 2634
f 2634 2849 2635
f 2635 2849 2636
f 2636 2849 2830
f 2637 2640 2850
f 2637 2850 2828
f 2641 2824 2642
f 2642 2824 2643
f 2643 2824 2851
f 2643 2851 2644
f 2644 2851 2645
f 2645 2851 2852
f 2645 2852 2647
f 2645 2647 2646
f 2647 2853 2856
f 2647 2856 2648
f 2647 2852 2854
f 2647 2854 2855
f 2647 2855 2853
f 2648 2856 2649
f 2649 2856 2651
f 2651 2856 2652
f 2652 2856 2857
f 2652 2857 2653
f 2653 2857 2858
f 2653 2858 2859
f 2653 2859 2860
f 2653 2860 2861
f 2653 2861 2654
f 2654 2861 2860
f 2654 2860 2862
f 2654 2862 2655
f 2655 2862 2863
f 2655 2863 2864
f 2655 2864 2656
f 2656 2864 2865
f 2656 2865 2657
f 2657 2866 2867
f 2657 2867 2868
f 2657 2868 2658
f 2657 2865 2866
f 2658 2868 2869
f 2658 2869 2870
f 2658 2870 2871
f 2658 2871 2872
f 2658 2872 2660
f 2658 2660 2659
f 2660 2872 2661
f 2661 2872 2873
f 2661 2873 2874
f 2661 2874 2662
f 2662 2874 2875
f 2662 2875 2876
f 2662 2876 2663
f 2663 2876 2664
f 2664 2876 2665
f 2665 2876 2875
f 2665 2875 2877
f 2665 2877 2878
f 2665 2878 2879
f 2665 2879 2667
f 2665 2667 2666
f 2667 2879 2880
f 2667 2880 2668
f 2668 2880 2669
f 2669 2880 2670
f 2670 2881 2671
f 2670 2880 2881
f 2671 2881 2882
f 2671 2882 3085
f 2671 3085 2883
f 2671 2883 2672
f 2672 2883 2884
f 2672 2884 2673
f 2673 2884 2885
f 2673 2885 2675
f 2673 2675 2674
f 2675 2885 2886
f 2675 2886 2887
f 2675 2887 2888
f 2675 2888 2676
f 2676 2888 2889
f 2676 2889 2677
f 2677 2889 2890
f 2677 2890 2891
f 2677 2891 2678
f 2678 2891 2680
f 2678 2680 2679
f 2680 2892 2681
f 2680 2891 2893
f 2680 2893 2894
f 2680 2894 2892
f 2681 2892 2682
f 2682 2892 2895
f 2682 2895 2896
f 2682 2896 2683
f 2683 2896 2684
f 2684 2896 2897
f 2684 2897 2898
f 2684 2898 2685
f 2685 2898 2686
f 2686 2898 2899
f 2686 2899 2687
f 2687 2899 2900
f 2687 2900 2901
f 2687 2901 2688
f 2688 2901 2689
f 2689 2901 2902
f 2689 2902 2903
f 2689 2903 2904
f 2689 2904 2905
f 2689 2905 2690
f 2690 2905 2691
f 2691 2905 2906
f 2692 2709 2694
f 2693 2695 2907
f 2693 2907 2719
f 2694 2908 2909
f 2694 2909 2695
f 2694 2709 2708
f 2694 2708 2908
f 2695 2909 2910
f 2695 2910 2907
f 2696 2697 2705
f 2697 2704 2911
f 2697 2911 2912
f 2697 2912 2913
f 2697 2913 2705
f 2698 2700 2699
f 2698 2715 2700
f 2700 2715 2933
f 2700 2933 2914
f 2700 2914 2701
f 2701 2914 2915
f 2701 2915 2916
f 2701 2916 2703
f 2703 2916 2704
f 2704 2917 2911
f 2704 2916 2918
f 2704 2918 2919
f 2704 2919 2920
f 2704 2920 2917
f 2705 2921 2706
f 2705 2913 2922
f 2705 2922 2921
f 2706 2921 2707
f 2707 2921 2708
f 2708 2921 2923
f 2708 2923 2924
f 2708 2924 2908
f 2710 2718 2925
f 2710 2925 2711
f 2711 2925 2926
f 2711 2926 2927
f 2711 2927 2928
f 2711 2928 2929
f 2711 2929 2712
f 2712 2929 2713
f 2713 2930 2716
f 2713 2716 2714
f 2713 2929 2928
f 2713 2928 2931
f 2713 2931 2932
f 2713 2932 2930
f 2715 2716 2933
f 2716 2930 2933
f 2717 2934 2718
f 2718 2934 2935
f 2718 2935 2936
f 2718 2936 2927
f 2718 2927 2926
f 2718 2926 2925
f 2719 2907 2937
f 2719 2937 2722
f 2719 2722 2721
f 2719 2721 2725
f 2719 2725 2720
f 2722 2937 2938
f 2722 2938 2724
f 2722 2724 2723
f 2724 2938 2726
f 2726 2938 2939
f 2726 2939 2727
f 2727 2939 2729
f 2728 2729 2940
f 2728 2940 2731
f 2728 2731 2730
f 2729 2939 2941
f 2729 2941 2942
f 2729 2942 2940
f 2731 2940 2736
f 2732 2741 2943
f 2732 2943 2733
f 2733 2944 2734
f 2733 2943 2945
f 2733 2945 2946
f 2733 2946 2944
f 2734 2944 2743
f 2734 2743 2735
f 2736 2940 2947
f 2736 2947 2737
f 2737 2947 2948
f 2737 2948 2738
f 2738 2948 3154
f 2738 3154 2949
f 2738 2949 2739
f 2739 2949 2950
f 2739 2950 2951
f 2739 2951 2952
f 2739 2952 2953
f 2739 2953 2954
f 2739 2954 2740
f 2740 2954 2955
f 2740 2955 2943
f 2740 2943 2741
f 2742 2744 2956
f 2742 2956 2957
f 2742 2957 2751
f 2743 2944 2958
f 2743 2958 2959
f 2743 2959 2960
f 2743 2960 2956
f 2743 2956 2744
f 2746 2750 2961
f 2746 2961 2747
f 2747 2961 2757
f 2747 2757 2756
f 2749 2755 2750
f 2750 2757 2961
f 2750 2755 2962
f 2750 2962 2963
f 2750 2963 2757
f 2751 2964 2752
f 2751 2957 2965
f 2751 2965 2966
f 2751 2966 2967
f 2751 2967 2968
f 2751 2968 2964
f 2752 2964 2753
f 2753 2964 2969
f 2753 2969 2970
f 2753 2970 2971
f 2753 2971 2972
f 2753 2972 2973
f 2753 2973 2974
f 2753 2974 2754
f 2754 2975 2755
f 2754 2974 2976
f 2754 2976 2977
f 2754 2977 2975
f 2755 2975 2962
f 2757 2963 2758
f 2758 2963 2978
f 2758 2978 2979
f 2758 2979 2759
f 2759 2980 2761
f 2759 2979 2981
f 2759 2981 2980
f 2760 2982 2763
f 2760 2762 2982
f 2761 2980 2983
f 2761 2983 2762
f 2762 2983 2982
f 2763 2982 2984
f 2763 2984 2764
f 2764 2984 2766
f 2765 2766 2985
f 2765 2985 2768
f 2766 2984 2986
f 2766 2986 2985
f 2768 2985 2987
f 2768 2987 2769
f 2769 2987 2770
f 2770 2987 2771
f 2771 2987 2988
f 2771 2988 2989
f 2771 2989 2990
f 2771 2990 2772
f 2772 2990 2991
f 2772 2991 2773
f 2773 2991 2992
f 2773 2992 2774
f 2774 2992 3206
f 2774 3206 2993
f 2774 2993 3209
f 2774 3209 2994
f 2774 2994 2997
f 2774 2997 2995
f 2774 2995 2775
f 2775 2995 2776
f 2776 2996 2777
f 2776 2995 2997
f 2776 2997 2998
f 2776 2998 2999
f 2776 2999 3000
f 2776 3000 2996
f 2777 2996 3001
f 2777 3001 2780
f 2777 2780 2779
f 2777 2779 2778
f 2780 3001 3002
f 2780 3002 3003
f 2780 3003 3004
f 2780 3004 2781
f 2781 3004 3005
f 2781 3005 2784
f 2782 2784 3006
f 2784 3005 3006
f 2785 2798 3007
f 2785 3007 3008
f 2785 3008 2786
f 2786 3009 2787
f 2786 3008 3226
f 2786 3226 3010
f 2786 3010 3009
f 2787 3009 2838
f 2789 2820 3011
f 2789 3011 2790
f 2790 3011 3012
f 2790 3012 3013
f 2790 3013 3014
f 2790 3014 2791
f 2791 3014 2793
f 2792 2793 3015
f 2792 3015 2799
f 2793 3014 3016
f 2793 3016 3233
f 2793 3233 3015
f 2794 2801 3017
f 2794 3017 2795
f 2795 3017 2796
f 2796 3017 3018
f 2796 3018 3019
f 2796 3019 3020
f 2796 3020 3007
f 2796 3007 2797
f 2797 3007 2798
f 2799 3015 2800
f 2800 3015 3021
f 2800 3021 3022
f 2800 3022 2801
f 2801 3022 3017
f 2802 3023 3024
f 2802 3024 2803
f 2803 3024 2804
f 2804 3024 3025
f 2804 3025 2806
f 2805 2808 3026
f 2805 3026 2809
f 2806 3025 2807
f 2807 3027 3026
f 2807 3026 2808
f 2807 3025 3028
f 2807 3028 3029
f 2807 3029 3027
f 2809 3026 3250
f 2809 3250 3030
f 2810 3030 3031
f 2810 3031 2811
f 2811 2813 2812
f 2811 3031 2813
f 2813 3032 3033
f 2813 3033 2816
f 2813 2816 2814
f 2813 3031 3034
f 2813 3034 3035
f 2813 3035 3032
f 2816 3033 2819
f 2818 3036 2822
f 2818 2819 3037
f 2818 3037 3038
f 2818 3038 3036
f 2819 3033 3032
f 2819 3032 3039
f 2819 3039 3260
f 2819 3260 3037
f 2820 3012 3011
f 2820 2822 3040
f 2820 3040 3012
f 2822 3036 3040
f 2823 2827 2824
f 2824 2827 2851
f 2825 2830 2826
f 2826 3041 3042
f 2826 3042 2827
f 2826 2830 3041
f 2827 3042 2851
f 2828 2850 3043
f 2828 3043 2829
f 2829 3043 3044
f 2829 3044 2831
f 2830 2849 3045
f 2830 3045 3046
f 2830 3046 3047
f 2830 3047 3041
f 2832 2837 3048
f 2832 3048 2842
f 2833 2839 2834
f 2834 2839 3049
f 2834 3049 2836
f 2834 2836 2835
f 2836 3050 3048
f 2836 3048 2837
f 2836 3049 3051
f 2836 3051 3050
f 2838 3009 3052
f 2838 3052 2839
f 2839 3052 3053
f 2839 3053 3049
f 2840 2844 2841
f 2841 2844 3054
f 2841 3054 2845
f 2842 3048 3055
f 2842 3055 3056
f 2842 3056 2843
f 2843 2863 3057
f 2843 3057 3058
f 2843 3058 3054
f 2843 3054 2844
f 2843 3056 3059
f 2843 3059 2863
f 2845 3058 3060
f 2845 3060 2846
f 2845 3054 3058
f 2846 3060 3061
f 2846 3061 3062
f 2846 3062 3063
f 2846 3063 2847
f 2847 3063 2848
f 2848 3063 3045
f 2848 3045 2849
f 2851 3042 3047
f 2851 3047 2854
f 2851 2854 2852
f 2853 3064 2856
f 2853 2855 3065
f 2853 3065 3066
f 2853 3066 3061
f 2853 3061 3064
f 2854 3047 3046
f 2854 3046 2855
f 2855 3046 3067
f 2855 3067 3065
f 2856 3064 2857
f 2857 3064 2858
f 2858 2860 2859
f 2858 3064 3061
f 2858 3061 3068
f 2858 3068 2860
f 2860 3068 3057
f 2860 3057 3069
f 2860 3069 2862
f 2862 3069 2863
f 2863 2865 2864
f 2863 3069 3057
f 2863 3059 3056
f 2863 3056 3070
f 2863 3070 2866
f 2863 2866 2865
f 2866 3070 3071
f 2866 3071 2867
f 2867 3072 3073
f 2867 3073 2869
f 2867 2869 2868
f 2867 3071 3072
f 2869 2871 2870
f 2869 3073 3074
f 2869 3074 2871
f 2871 3074 3075
f 2871 3075 2872
f 2872 3075 2873
f 2873 3075 3076
f 2873 3076 3077
f 2873 3077 2874
f 2874 3077 3078
f 2874 3078 2877
f 2874 2877 2875
f 2877 3078 3079
f 2877 3079 3080
f 2877 3080 2878
f 2878 3080 3081
f 2878 3081 2879
f 2879 3081 2880
f 2880 3081 3082
f 2880 3082 3083
f 2880 3083 2881
f 2881 3083 2882
f 2882 3084 3281
f 2882 3281 3085
f 2882 3083 3082
f 2882 3082 3084
f 2883 3085 3086
f 2883 3086 3087
f 2883 3087 2884
f 2884 3087 3088
f 2884 3088 2885
f 2885 3088 2886
f 2886 3088 2887
f 2887 3088 3089
f 2887 3089 3090
f 2887 3090 3091
f 2887 3091 2888
f 2888 3091 2889
f 2889 3091 3092
f 2889 3092 3093
f 2889 3093 2890
f 2890 3093 3094
f 2890 3094 3095
f 2890 3095 2891
f 2891 3095 2893
f 2892 2894 3096
f 2892 3096 2895
f 2893 3095 3097
f 2893 3097 3098
f 2893 3098 3099
f 2893 3099 2894
f 2894 3099 3100
f 2894 3100 3096
f 2895 3096 3101
f 2895 3101 3102
f 2895 3102 2896
f 2896 3102 3103
f 2896 3103 2897
f 2897 3104 2898
f 2897 3103 3104
f 2898 3104 2899
f 2899 3104 3105
f 2899 3105 3106
f 2899 3106 3107
f 2899 3107 2900
f 2900 3107 2902
f 2900 2902 2901
f 2902 3107 3108
f 2902 3108 3109
f 2902 3109 2903
f 2903 3109 3110
f 2903 3110 3111
f 2903 3111 3112
f 2903 3112 3113
f 2903 3113 2905
f 2903 2905 2904
f 2905 3113 3112
f 2905 3112 3114
f 2905 3114 3115
f 2905 3115 2906
f 2907 2910 2937
f 2908 3116 3117
f 2908 3117 2910
f 2908 2910 3118
f 2908 3118 2909
f 2908 2924 3116
f 2909 3118 2910
f 2910 3117 3119
f 2910 3119 2937
f 2911 2917 3120
f 2911 3120 3121
f 2911 3121 3122
f 2911 3122 2912
f 2912 3122 2922
f 2912 2922 2913
f 2914 2933 3123
f 2914 3123 3124
f 2914 3124 3125
f 2914 3125 2915
f 2915 3126 2916
f 2915 3125 3127
f 2915 3127 3126
f 2916 3126 3128
f 2916 3128 2918
f 2917 2920 3129
f 2917 3129 3120
f 2918 3128 2919
f 2919 3128 3130
f 2919 3130 3131
f 2919 3131 3132
f 2919 3132 2920
f 2920 3132 3129
f 2921 3133 2923
f 2921 2922 3133
f 2922 3122 3121
f 2922 3121 3134
f 2922 3134 3135
f 2922 3135 3133
f 2923 3133 3136
f 2923 3136 2924
f 2924 3136 3339
f 2924 3339 3137
f 2924 3137 3116
f 2927 2936 3138
f 2927 3138 2928
f 2928 3138 3139
f 2928 3139 2931
f 2930 3140 2933
f 2930 2932 3141
f 2930 3141 3140
f 2931 3139 2932
f 2932 3139 3142
f 2932 3142 3143
f 2932 3143 3141
f 2933 3140 3124
f 2933 3124 3123
f 2936 3144 3138
f 2937 3119 2938
f 2938 3119 3145
f 2938 3145 2939
f 2939 3145 3146
f 2939 3146 2941
f 2940 2942 3147
f 2940 3147 2947
f 2941 3146 3148
f 2941 3148 3149
f 2941 3149 3147
f 2941 3147 2942
f 2943 2955 3150
f 2943 3150 2945
f 2944 2946 3151
f 2944 3151 2958
f 2945 3150 2946
f 2946 3150 3151
f 2947 3147 3152
f 2947 3152 2948
f 2948 3152 3153
f 2948 3153 3154
f 2949 3154 3155
f 2949 3155 2950
f 2950 3156 3157
f 2950 3157 2951
f 2950 3155 3156
f 2951 3157 2952
f 2952 3157 3158
f 2952 3158 3159
f 2952 3159 3160
f 2952 3160 3161
f 2952 3161 2953
f 2953 3161 2954
f 2954 3162 3163
f 2954 3163 2955
f 2954 3161 3164
f 2954 3164 3165
f 2954 3165 3162
f 2955 3163 3359
f 2955 3359 3166
f 2955 3166 3150
f 2956 2960 2959
f 2956 2959 3167
f 2956 3167 3168
f 2956 3168 3169
f 2956 3169 3170
f 2956 3170 2957
f 2957 3170 3171
f 2957 3171 2965
f 2958 3151 3172
f 2958 3172 2959
f 2959 3172 3173
f 2959 3173 3167
f 2962 2975 2978
f 2962 2978 2963
f 2964 2968 2969
f 2965 3174 2966
f 2965 3171 3174
f 2966 3174 2967
f 2967 3175 3176
f 2967 3176 3177
f 2967 3177 3178
f 2967 3178 2968
f 2967 3174 3175
f 2968 3178 2969
f 2969 3178 2970
f 2970 3178 3179
f 2970 3179 3180
f 2970 3180 3181
f 2970 3181 2971
f 2971 3181 2972
f 2972 3182 3183
f 2972 3183 2976
f 2972 2976 3184
f 2972 3184 3185
f 2972 3185 2973
f 2972 3181 3186
f 2972 3186 3187
f 2972 3187 3182
f 2973 3185 2974
f 2974 3185 3184
f 2974 3184 2976
f 2975 2977 2978
f 2976 2978 2977
f 2976 3183 3188
f 2976 3188 3189
f 2976 3189 3190
f 2976 3190 2978
f 2978 3190 2979
f 2979 3191 3192
f 2979 3192 2981
f 2979 3190 3191
f 2980 3193 2983
f 2980 2981 3194
f 2980 3194 3195
f 2980 3195 3196
f 2980 3196 3193
f 2981 3192 3197
f 2981 3197 3198
f 2981 3198 3195
f 2981 3195 3194
f 2982 2983 3199
f 2982 3199 3200
f 2982 3200 2984
f 2983 3193 3199
f 2984 3200 2986
f 2985 3201 2988
f 2985 2988 2987
f 2985 2986 3201
f 2986 3202 3203
f 2986 3203 3204
f 2986 3204 3201
f 2986 3200 3205
f 2986 3205 3202
f 2988 3201 3204
f 2988 3204 2989
f 2989 3204 3206
f 2989 3206 2991
f 2989 2991 2990
f 2991 3206 2992
f 2993 3206 3207
f 2993 3207 3208
f 2993 3208 3209
f 2994 3209 3397
f 2994 3397 3210
f 2994 3210 2997
f 2996 3000 3001
f 2997 3210 3211
f 2997 3211 2998
f 2998 3211 3212
f 2998 3212 3213
f 2998 3213 2999
f 2999 3213 3214
f 2999 3214 3215
f 2999 3215 3216
f 2999 3216 3000
f 3000 3216 3217
f 3000 3217 3218
f 3000 3218 3219
f 3000 3219 3001
f 3001 3219 3218
f 3001 3218 3002
f 3002 3218 3003
f 3003 3005 3004
f 3003 3218 3220
f 3003 3220 3005
f 3005 3221 3222
f 3005 3222 3223
f 3005 3223 3006
f 3005 3220 3224
f 3005 3224 3221
f 3007 3020 3008
f 3008 3020 3225
f 3008 3225 3226
f 3009 3010 3227
f 3009 3227 3052
f 3010 3226 3228
f 3010 3228 3229
f 3010 3229 3227
f 3012 3040 3230
f 3012 3230 3013
f 3013 3230 3231
f 3013 3231 3232
f 3013 3232 3014
f 3014 3232 3016
f 3015 3233 3021
f 3016 3232 3234
f 3016 3234 3235
f 3016 3235 3233
f 3017 3022 3236
f 3017 3236 3237
f 3017 3237 3018
f 3018 3237 3238
f 3018 3238 3019
f 3019 3239 3225
f 3019 3225 3020
f 3019 3238 3240
f 3019 3240 3241
f 3019 3241 3239
f 3021 3233 3242
f 3021 3242 3022
f 3022 3242 3243
f 3022 3243 3236
f 3023 3244 3024
f 3024 3244 3245
f 3024 3245 3025
f 3025 3245 3246
f 3025 3246 3247
f 3025 3247 3248
f 3025 3248 3028
f 3026 3027 3249
f 3026 3249 3250
f 3027 3029 3249
f 3028 3251 3029
f 3028 3248 3252
f 3028 3252 3253
f 3028 3253 3251
f 3029 3251 3254
f 3029 3254 3249
f 3030 3250 3034
f 3030 3034 3031
f 3032 3255 3039
f 3032 3035 3256
f 3032 3256 3257
f 3032 3257 3437
f 3032 3437 3255
f 3034 3250 3249
f 3034 3249 3258
f 3034 3258 3256
f 3034 3256 3035
f 3036 3038 3259
f 3036 3259 3040
f 3037 3260 3038
f 3038 3260 3261
f 3038 3261 3259
f 3039 3255 3260
f 3040 3259 3262
f 3040 3262 3263
f 3040 3263 3230
f 3041 3047 3042
f 3045 3067 3046
f 3045 3063 3067
f 3048 3050 3055
f 3049 3053 3264
f 3049 3264 3051
f 3050 3073 3055
f 3050 3051 3073
f 3051 3265 3073
f 3051 3264 3265
f 3052 3266 3053
f 3052 3227 3410
f 3052 3410 3266
f 3053 3266 3267
f 3053 3267 3264
f 3055 3073 3072
f 3055 3072 3071
f 3055 3071 3056
f 3056 3071 3070
f 3057 3068 3058
f 3058 3068 3060
f 3060 3068 3061
f 3061 3066 3067
f 3061 3067 3062
f 3062 3067 3063
f 3065 3067 3066
f 3073 3265 3074
f 3074 3265 3268
f 3074 3268 3269
f 3074 3269 3270
f 3074 3270 3075
f 3075 3270 3076
f 3076 3078 3077
f 3076 3270 3271
f 3076 3271 3272
f 3076 3272 3449
f 3076 3449 3273
f 3076 3273 3078
f 3078 3273 3274
f 3078 3274 3079
f 3079 3274 3275
f 3079 3275 3080
f 3080 3275 3276
f 3080 3276 3277
f 3080 3277 3081
f 3081 3277 3278
f 3081 3278 3082
f 3082 3278 3084
f 3084 3278 3279
f 3084 3279 3280
f 3084 3280 3281
f 3085 3281 3282
f 3085 3282 3086
f 3086 3282 3283
f 3086 3283 3284
f 3086 3284 3285
f 3086 3285 3087
f 3087 3285 3088
f 3088 3285 3089
f 3089 3285 3286
f 3089 3286 3287
f 3089 3287 3288
f 3089 3288 3090
f 3090 3288 3289
f 3090 3289 3091
f 3091 3289 3290
f 3091 3290 3092
f 3092 3290 3094
f 3092 3094 3093
f 3094 3290 3291
f 3094 3291 3292
f 3094 3292 3293
f 3094 3293 3098
f 3094 3098 3095
f 3095 3098 3097
f 3096 3100 3294
f 3096 3294 3295
f 3096 3295 3101
f 3098 3293 3296
f 3098 3296 3297
f 3098 3297 3298
f 3098 3298 3099
f 3099 3298 3299
f 3099 3299 3100
f 3100 3299 3294
f 3101 3295 3102
f 3102 3295 3300
f 3102 3300 3103
f 3103 3300 3301
f 3103 3301 3105
f 3103 3105 3104
f 3105 3108 3106
f 3105 3301 3302
f 3105 3302 3108
f 3106 3108 3107
f 3108 3302 3303
f 3108 3303 3304
f 3108 3304 3109
f 3109 3304 3305
f 3109 3305 3306
f 3109 3306 3307
f 3109 3307 3110
f 3110 3307 3111
f 3111 3307 3308
f 3111 3308 3112
f 3112 3308 3309
f 3112 3309 3310
f 3112 3310 3311
f 3112 3311 3312
f 3112 3312 3115
f 3112 3115 3114
f 3116 3137 3313
f 3116 3313 3314
f 3116 3314 3315
f 3116 3315 3316
f 3116 3316 3117
f 3117 3316 3119
f 3119 3316 3146
f 3119 3146 3145
f 3120 3134 3121
f 3120 3129 3134
f 3124 3317 3318
f 3124 3318 3125
f 3124 3140 3319
f 3124 3319 3320
f 3124 3320 3321
f 3124 3321 3317
f 3125 3318 3317
f 3125 3317 3322
f 3125 3322 3323
f 3125 3323 3324
f 3125 3324 3127
f 3126 3127 3325
f 3126 3325 3128
f 3127 3324 3326
f 3127 3326 3325
f 3128 3325 3130
f 3129 3132 3327
f 3129 3327 3134
f 3130 3325 3328
f 3130 3328 3131
f 3131 3329 3330
f 3131 3330 3132
f 3131 3328 3331
f 3131 3331 3332
f 3131 3332 3329
f 3132 3330 3333
f 3132 3333 3327
f 3133 3135 3334
f 3133 3334 3136
f 3134 3327 3330
f 3134 3330 3329
f 3134 3329 3335
f 3134 3335 3336
f 3134 3336 3135
f 3135 3337 3334
f 3135 3336 3337
f 3136 3338 3509
f 3136 3509 3339
f 3136 3334 3338
f 3137 3339 3313
f 3138 3340 3341
f 3138 3341 3142
f 3138 3142 3139
f 3138 3144 3342
f 3138 3342 3340
f 3140 3141 3319
f 3141 3143 3343
f 3141 3343 3344
f 3141 3344 3319
f 3142 3341 3345
f 3142 3345 3143
f 3143 3345 3346
f 3143 3346 3343
f 3146 3149 3148
f 3146 3316 3315
f 3146 3315 3313
f 3146 3313 3149
f 3147 3149 3347
f 3147 3347 3348
f 3147 3348 3152
f 3149 3313 3349
f 3149 3349 3347
f 3150 3172 3151
f 3150 3166 3172
f 3152 3348 3153
f 3153 3348 3350
f 3153 3350 3351
f 3153 3351 3155
f 3153 3155 3154
f 3155 3351 3352
f 3155 3352 3353
f 3155 3353 3156
f 3156 3353 3157
f 3157 3353 3158
f 3158 3353 3159
f 3159 3353 3354
f 3159 3354 3355
f 3159 3355 3160
f 3160 3355 3356
f 3160 3356 3357
f 3160 3357 3161
f 3161 3357 3358
f 3161 3358 3164
f 3162 3165 3163
f 3163 3165 3361
f 3163 3361 3359
f 3164 3358 3360
f 3164 3360 3165
f 3165 3360 3362
f 3165 3362 3361
f 3166 3359 3172
f 3167 3173 3168
f 3168 3173 3169
f 3169 3173 3367
f 3169 3367 3363
f 3169 3363 3365
f 3169 3365 3364
f 3169 3364 3171
f 3169 3171 3170
f 3171 3364 3365
f 3171 3365 3366
f 3171 3366 3174
f 3172 3359 3173
f 3173 3359 3361
f 3173 3361 3367
f 3174 3366 3175
f 3175 3366 3176
f 3176 3368 3177
f 3176 3366 3368
f 3177 3368 3178
f 3178 3368 3179
f 3179 3368 3369
f 3179 3369 3370
f 3179 3370 3371
f 3179 3371 3180
f 3180 3371 3186
f 3180 3186 3181
f 3182 3372 3373
f 3182 3373 3374
f 3182 3374 3375
f 3182 3375 3183
f 3182 3187 3372
f 3183 3375 3188
f 3186 3371 3376
f 3186 3376 3187
f 3187 3377 3378
f 3187 3378 3372
f 3187 3376 3377
f 3188 3375 3374
f 3188 3374 3373
f 3188 3373 3379
f 3188 3379 3380
f 3188 3380 3381
f 3188 3381 3382
f 3188 3382 3192
f 3188 3192 3191
f 3188 3191 3189
f 3189 3191 3190
f 3192 3382 3197
f 3193 3196 3199
f 3195 3383 3196
f 3195 3198 3383
f 3196 3383 3384
f 3196 3384 3385
f 3196 3385 3199
f 3197 3381 3380
f 3197 3380 3386
f 3197 3386 3387
f 3197 3387 3198
f 3197 3382 3381
f 3198 3387 3388
f 3198 3388 3389
f 3198 3389 3383
f 3199 3205 3200
f 3199 3385 3205
f 3202 3205 3384
f 3202 3384 3389
f 3202 3389 3390
f 3202 3390 3203
f 3203 3391 3392
f 3203 3392 3204
f 3203 3390 3393
f 3203 3393 3207
f 3203 3207 3391
f 3204 3392 3206
f 3205 3385 3394
f 3205 3394 3384
f 3206 3392 3391
f 3206 3391 3207
f 3207 3393 3208
f 3208 3393 3395
f 3208 3395 3396
f 3208 3396 3397
f 3208 3397 3209
f 3210 3397 3211
f 3211 3397 3212
f 3212 3397 3398
f 3212 3398 3399
f 3212 3399 3400
f 3212 3400 3213
f 3213 3400 3215
f 3213 3215 3214
f 3215 3400 3401
f 3215 3401 3216
f 3216 3402 3217
f 3216 3401 3403
f 3216 3403 3404
f 3216 3404 3402
f 3217 3402 3218
f 3218 3402 3220
f 3220 3402 3405
f 3220 3405 3224
f 3221 3224 3406
f 3224 3405 3407
f 3224 3407 3408
f 3224 3408 3406
f 3225 3239 3421
f 3225 3421 3409
f 3225 3409 3226
f 3226 3409 3228
f 3227 3229 3410
f 3228 3409 3229
f 3229 3411 3410
f 3229 3409 3412
f 3229 3412 3582
f 3229 3582 3411
f 3230 3263 3231
f 3231 3263 3445
f 3231 3445 3413
f 3231 3413 3232
f 3232 3413 3414
f 3232 3414 3415
f 3232 3415 3234
f 3233 3235 3242
f 3234 3415 3235
f 3235 3416 3242
f 3235 3415 3417
f 3235 3417 3418
f 3235 3418 3416
f 3236 3243 3419
f 3236 3419 3420
f 3236 3420 3237
f 3237 3420 3238
f 3238 3420 3240
f 3239 3241 3421
f 3240 3420 3422
f 3240 3422 3423
f 3240 3423 3599
f 3240 3599 3424
f 3240 3424 3241
f 3241 3424 3425
f 3241 3425 3421
f 3242 3416 3243
f 3243 3416 3426
f 3243 3426 3419
f 3244 3427 3246
f 3244 3246 3245
f 3246 3428 3429
f 3246 3429 3247
f 3246 3427 3428
f 3247 3429 3430
f 3247 3430 3431
f 3247 3431 3248
f 3248 3431 3252
f 3249 3254 3435
f 3249 3435 3258
f 3251 3253 3434
f 3251 3434 3254
f 3252 3431 3432
f 3252 3432 3433
f 3252 3433 3253
f 3253 3433 3434
f 3254 3434 3435
f 3255 3436 3260
f 3255 3437 3436
f 3256 3438 3257
f 3256 3258 3435
f 3256 3435 3439
f 3256 3439 3440
f 3256 3440 3438
f 3257 3438 3437
f 3259 3261 3441
f 3259 3441 3442
f 3259 3442 3443
f 3259 3443 3444
f 3259 3444 3262
f 3260 3436 3441
f 3260 3441 3261
f 3262 3445 3263
f 3262 3444 3445
f 3264 3268 3265
f 3264 3267 3268
f 3266 3410 3446
f 3266 3446 3267
f 3267 3446 3447
f 3267 3447 3268
f 3268 3271 3269
f 3268 3447 3271
f 3269 3271 3270
f 3271 3447 3448
f 3271 3448 3449
f 3271 3449 3272
f 3273 3449 3450
f 3273 3450 3451
f 3273 3451 3452
f 3273 3452 3274
f 3274 3452 3275
f 3275 3452 3453
f 3275 3453 3276
f 3276 3453 3277
f 3277 3453 3278
f 3278 3453 3454
f 3278 3454 3279
f 3279 3454 3455
f 3279 3455 3280
f 3280 3455 3456
f 3280 3456 3457
f 3280 3457 3282
f 3280 3282 3281
f 3282 3457 3458
f 3282 3458 3283
f 3283 3458 3638
f 3283 3638 3459
f 3283 3459 3460
f 3283 3460 3284
f 3284 3460 3285
f 3285 3460 3286
f 3286 3460 3287
f 3287 3461 3462
f 3287 3462 3288
f 3287 3460 3461
f 3288 3462 3463
f 3288 3463 3464
f 3288 3464 3289
f 3289 3464 3290
f 3290 3464 3291
f 3291 3464 3292
f 3292 3296 3293
f 3292 3464 3465
f 3292 3465 3466
f 3292 3466 3467
f 3292 3467 3468
f 3292 3468 3296
f 3294 3299 3469
f 3294 3469 3295
f 3295 3469 3470
f 3295 3470 3300
f 3296 3468 3471
f 3296 3471 3472
f 3296 3472 3473
f 3296 3473 3297
f 3297 3473 3298
f 3298 3473 3474
f 3298 3474 3475
f 3298 3475 3299
f 3299 3475 3469
f 3300 3470 3301
f 3301 3470 3476
f 3301 3476 3303
f 3301 3303 3302
f 3303 3476 3477
f 3303 3477 3304
f 3304 3477 3478
f 3304 3478 3479
f 3304 3479 3480
f 3304 3480 3481
f 3304 3481 3305
f 3305 3481 3306
f 3306 3481 3307
f 3307 3481 3346
f 3307 3346 3482
f 3307 3482 3341
f 3307 3341 3483
f 3307 3483 3308
f 3308 3483 3310
f 3308 3310 3309
f 3310 3483 3341
f 3310 3341 3484
f 3310 3484 3485
f 3310 3485 3311
f 3313 3339 3349
f 3313 3315 3314
f 3317 3321 3479
f 3317 3479 3486
f 3317 3486 3322
f 3319 3344 3487
f 3319 3487 3320
f 3320 3487 3321
f 3321 3488 3479
f 3321 3487 3488
f 3322 3489 3323
f 3322 3486 3490
f 3322 3490 3491
f 3322 3491 3489
f 3323 3489 3492
f 3323 3492 3493
f 3323 3493 3324
f 3324 3493 3326
f 3325 3326 3494
f 3325 3494 3328
f 3326 3493 3494
f 3327 3333 3330
f 3328 3494 3331
f 3329 3495 3335
f 3329 3332 3496
f 3329 3496 3497
f 3329 3497 3495
f 3331 3498 3497
f 3331 3497 3496
f 3331 3496 3332
f 3331 3494 3499
f 3331 3499 3500
f 3331 3500 3498
f 3334 3337 3501
f 3334 3501 3338
f 3335 3495 3502
f 3335 3502 3503
f 3335 3503 3504
f 3335 3504 3505
f 3335 3505 3336
f 3336 3506 3337
f 3336 3505 3506
f 3337 3507 3508
f 3337 3508 3501
f 3337 3506 3507
f 3338 3501 3509
f 3339 3509 3349
f 3340 3342 3484
f 3340 3484 3341
f 3341 3482 3345
f 3342 3485 3484
f 3343 3346 3487
f 3343 3487 3344
f 3345 3482 3346
f 3346 3481 3480
f 3346 3480 3510
f 3346 3510 3488
f 3346 3488 3487
f 3347 3349 3511
f 3347 3511 3512
f 3347 3512 3348
f 3348 3512 3350
f 3349 3509 3511
f 3350 3512 3513
f 3350 3513 3514
f 3350 3514 3515
f 3350 3515 3351
f 3351 3515 3516
f 3351 3516 3352
f 3352 3516 3353
f 3353 3517 3354
f 3353 3516 3514
f 3353 3514 3518
f 3353 3518 3519
f 3353 3519 3517
f 3354 3520 3521
f 3354 3521 3522
f 3354 3522 3355
f 3354 3517 3520
f 3355 3522 3523
f 3355 3523 3356
f 3356 3523 3357
f 3357 3523 3524
f 3357 3524 3525
f 3357 3525 3526
f 3357 3526 3527
f 3357 3527 3528
f 3357 3528 3358
f 3358 3528 3360
f 3360 3528 3529
f 3360 3529 3530
f 3360 3530 3362
f 3361 3362 3531
f 3361 3531 3367
f 3362 3530 3531
f 3363 3367 3532
f 3363 3532 3365
f 3365 3532 3533
f 3365 3533 3366
f 3366 3533 3534
f 3366 3534 3535
f 3366 3535 3368
f 3367 3531 3536
f 3367 3536 3537
f 3367 3537 3538
f 3367 3538 3532
f 3368 3535 3369
f 3369 3535 3703
f 3369 3703 3539
f 3369 3539 3370
f 3370 3539 3540
f 3370 3540 3371
f 3371 3540 3541
f 3371 3541 3542
f 3371 3542 3543
f 3371 3543 3376
f 3372 3378 3373
f 3373 3378 3544
f 3373 3544 3545
f 3373 3545 3546
f 3373 3546 3379
f 3376 3543 3547
f 3376 3547 3377
f 3377 3548 3549
f 3377 3549 3550
f 3377 3550 3551
f 3377 3551 3378
f 3377 3547 3552
f 3377 3552 3548
f 3378 3551 3553
f 3378 3553 3544
f 3379 3546 3380
f 3380 3546 3545
f 3380 3545 3554
f 3380 3554 3386
f 3383 3389 3384
f 3384 3394 3385
f 3386 3554 3555
f 3386 3555 3556
f 3386 3556 3557
f 3386 3557 3387
f 3387 3558 3388
f 3387 3557 3559
f 3387 3559 3558
f 3388 3390 3389
f 3388 3558 3390
f 3390 3558 3559
f 3390 3559 3560
f 3390 3560 3393
f 3393 3560 3396
f 3393 3396 3395
f 3396 3560 3561
f 3396 3561 3562
f 3396 3562 3563
f 3396 3563 3564
f 3396 3564 3397
f 3397 3564 3563
f 3397 3563 3398
f 3398 3565 3399
f 3398 3563 3566
f 3398 3566 3567
f 3398 3567 3565
f 3399 3565 3568
f 3399 3568 3569
f 3399 3569 3570
f 3399 3570 3400
f 3400 3570 3571
f 3400 3571 3401
f 3401 3572 3403
f 3401 3571 3572
f 3402 3404 3405
f 3403 3572 3573
f 3403 3573 3404
f 3404 3573 3577
f 3404 3577 3574
f 3404 3574 3405
f 3405 3574 3575
f 3405 3575 3407
f 3406 3408 3576
f 3407 3575 3408
f 3408 3575 3577
f 3408 3577 3578
f 3408 3578 3579
f 3408 3579 3580
f 3408 3580 3581
f 3408 3581 3576
f 3409 3421 3585
f 3409 3585 3412
f 3410 3411 3446
f 3411 3582 3583
f 3411 3583 3584
f 3411 3584 3446
f 3412 3585 3582
f 3413 3445 3586
f 3413 3586 3587
f 3413 3587 3588
f 3413 3588 3414
f 3414 3588 3747
f 3414 3747 3589
f 3414 3589 3415
f 3415 3589 3417
f 3416 3418 3426
f 3417 3589 3590
f 3417 3590 3418
f 3418 3590 3591
f 3418 3591 3592
f 3418 3592 3426
f 3419 3426 3593
f 3419 3593 3422
f 3419 3422 3420
f 3421 3425 3585
f 3422 3593 3594
f 3422 3594 3595
f 3422 3595 3423
f 3423 3595 3596
f 3423 3596 3597
f 3423 3597 3598
f 3423 3598 3599
f 3424 3600 3425
f 3424 3599 3601
f 3424 3601 3600
f 3425 3600 3602
f 3425 3602 3603
f 3425 3603 3604
f 3425 3604 3585
f 3426 3592 3594
f 3426 3594 3593
f 3428 3605 3606
f 3428 3606 3607
f 3428 3607 3429
f 3429 3607 3608
f 3429 3608 3430
f 3430 3608 3607
f 3430 3607 3606
f 3430 3606 3609
f 3430 3609 3431
f 3431 3609 3610
f 3431 3610 3432
f 3432 3610 3611
f 3432 3611 3612
f 3432 3612 3433
f 3433 3612 3613
f 3433 3613 3434
f 3434 3613 3614
f 3434 3614 3435
f 3435 3614 3439
f 3436 3437 3615
f 3436 3615 3441
f 3437 3438 3440
f 3437 3440 3616
f 3437 3616 3617
f 3437 3617 3615
f 3439 3618 3440
f 3439 3614 3619
f 3439 3619 3618
f 3440 3620 3621
f 3440 3621 3616
f 3440 3618 3622
f 3440 3622 3620
f 3441 3623 3624
f 3441 3624 3443
f 3441 3443 3442
f 3441 3615 3625
f 3441 3625 3623
f 3443 3626 3586
f 3443 3586 3445
f 3443 3445 3444
f 3443 3624 3627
f 3443 3627 3626
f 3446 3584 3628
f 3446 3628 3447
f 3447 3628 3450
f 3447 3450 3448
f 3448 3450 3449
f 3450 3628 3629
f 3450 3629 3451
f 3451 3629 3630
f 3451 3630 3631
f 3451 3631 3632
f 3451 3632 3452
f 3452 3632 3453
f 3453 3632 3633
f 3453 3633 3454
f 3454 3633 3634
f 3454 3634 3455
f 3455 3634 3456
f 3456 3634 3635
f 3456 3635 3636
f 3456 3636 3457
f 3457 3636 3458
f 3458 3636 3637
f 3458 3637 3638
f 3459 3638 3785
f 3459 3785 3639
f 3459 3639 3460
f 3460 3639 3640
f 3460 3640 3461
f 3461 3640 3787
f 3461 3787 3641
f 3461 3641 3642
f 3461 3642 3462
f 3462 3642 3463
f 3463 3642 3643
f 3463 3643 3464
f 3464 3643 3465
f 3465 3643 3466
f 3466 3644 3645
f 3466 3645 3646
f 3466 3646 3647
f 3466 3647 3467
f 3466 3643 3644
f 3467 3647 3648
f 3467 3648 3649
f 3467 3649 3472
f 3467 3472 3468
f 3468 3472 3471
f 3469 3475 3650
f 3469 3650 3651
f 3469 3651 3652
f 3469 3652 3470
f 3470 3652 3653
f 3470 3653 3654
f 3470 3654 3476
f 3472 3649 3655
f 3472 3655 3656
f 3472 3656 3657
f 3472 3657 3473
f 3473 3657 3474
f 3474 3650 3475
f 3474 3657 3658
f 3474 3658 3650
f 3476 3654 3477
f 3477 3654 3490
f 3477 3490 3478
f 3478 3490 3486
f 3478 3486 3479
f 3479 3488 3510
f 3479 3510 3480
f 3489 3659 3492
f 3489 3491 3659
f 3490 3654 3491
f 3491 3654 3653
f 3491 3653 3659
f 3492 3659 3660
f 3492 3660 3661
f 3492 3661 3662
f 3492 3662 3499
f 3492 3499 3493
f 3493 3499 3494
f 3495 3497 3663
f 3495 3663 3664
f 3495 3664 3502
f 3497 3498 3664
f 3497 3664 3663
f 3498 3665 3664
f 3498 3500 3666
f 3498 3666 3667
f 3498 3667 3668
f 3498 3668 3665
f 3499 3662 3500
f 3500 3662 3661
f 3500 3661 3669
f 3500 3669 3666
f 3501 3670 3677
f 3501 3677 3671
f 3501 3671 3509
f 3501 3508 3670
f 3502 3672 3673
f 3502 3673 3674
f 3502 3674 3503
f 3502 3664 3672
f 3503 3674 3675
f 3503 3675 3504
f 3504 3675 3507
f 3504 3507 3505
f 3505 3507 3506
f 3507 3676 3508
f 3507 3675 3676
f 3508 3676 3677
f 3508 3677 3670
f 3509 3671 3511
f 3511 3671 3678
f 3511 3678 3513
f 3511 3513 3512
f 3513 3678 3679
f 3513 3679 3680
f 3513 3680 3514
f 3514 3680 3681
f 3514 3681 3518
f 3514 3516 3515
f 3517 3519 3520
f 3518 3681 3519
f 3519 3682 3683
f 3519 3683 3684
f 3519 3684 3685
f 3519 3685 3520
f 3519 3681 3682
f 3520 3685 3686
f 3520 3686 3521
f 3521 3686 3687
f 3521 3687 3522
f 3522 3687 3688
f 3522 3688 3689
f 3522 3689 3523
f 3523 3689 3690
f 3523 3690 3524
f 3524 3690 3525
f 3525 3690 3691
f 3525 3691 3692
f 3525 3692 3693
f 3525 3693 3526
f 3526 3693 3529
f 3526 3529 3527
f 3527 3529 3528
f 3529 3693 3530
f 3530 3694 3536
f 3530 3536 3531
f 3530 3693 3694
f 3532 3538 3695
f 3532 3695 3696
f 3532 3696 3697
f 3532 3697 3698
f 3532 3698 3699
f 3532 3699 3533
f 3533 3699 3534
f 3534 3699 3700
f 3534 3700 3701
f 3534 3701 3535
f 3535 3701 3702
f 3535 3702 3703
f 3536 3694 3537
f 3537 3696 3695
f 3537 3695 3538
f 3537 3694 3693
f 3537 3693 3692
f 3537 3692 3704
f 3537 3704 3697
f 3537 3697 3696
f 3539 3703 3705
f 3539 3705 3706
f 3539 3706 3707
f 3539 3707 3708
f 3539 3708 3542
f 3539 3542 3541
f 3539 3541 3540
f 3542 3708 3709
f 3542 3709 3543
f 3543 3709 3552
f 3543 3552 3547
f 3544 3553 3545
f 3545 3553 3710
f 3545 3710 3711
f 3545 3711 3554
f 3548 3552 3712
f 3548 3712 3549
f 3549 3713 3714
f 3549 3714 3550
f 3549 3712 3713
f 3550 3715 3553
f 3550 3553 3551
f 3550 3714 3716
f 3550 3716 3717
f 3550 3717 3715
f 3552 3709 3718
f 3552 3718 3712
f 3553 3715 3719
f 3553 3719 3720
f 3553 3720 3710
f 3554 3711 3721
f 3554 3721 3722
f 3554 3722 3555
f 3555 3722 3556
f 3556 3723 3557
f 3556 3722 3724
f 3556 3724 3723
f 3557 3723 3559
f 3559 3723 3725
f 3559 3725 3726
f 3559 3726 3727
f 3559 3727 3561
f 3559 3561 3560
f 3561 3727 3728
f 3561 3728 3562
f 3562 3728 3729
f 3562 3729 3563
f 3563 3729 3566
f 3565 3567 3568
f 3566 3729 3730
f 3566 3730 3567
f 3567 3730 3731
f 3567 3731 3732
f 3567 3732 3733
f 3567 3733 3734
f 3567 3734 3568
f 3568 3734 3569
f 3569 3734 3862
f 3569 3862 3735
f 3569 3735 3736
f 3569 3736 3570
f 3570 3736 3737
f 3570 3737 3571
f 3571 3738 3572
f 3571 3737 3739
f 3571 3739 3738
f 3572 3738 3740
f 3572 3740 3573
f 3573 3740 3577
f 3574 3577 3575
f 3577 3740 3579
f 3577 3579 3578
f 3579 3741 3611
f 3579 3611 3610
f 3579 3610 3606
f 3579 3606 3580
f 3579 3740 3741
f 3580 3606 3581
f 3581 3606 3742
f 3582 3585 3604
f 3582 3604 3743
f 3582 3743 3583
f 3583 3743 3744
f 3583 3744 3584
f 3584 3744 3628
f 3586 3626 3745
f 3586 3745 3587
f 3587 3745 3588
f 3588 3746 3747
f 3588 3745 3748
f 3588 3748 3746
f 3589 3747 3590
f 3590 3747 3746
f 3590 3746 3749
f 3590 3749 3591
f 3591 3749 3750
f 3591 3750 3751
f 3591 3751 3592
f 3592 3751 3594
f 3594 3751 3752
f 3594 3752 3595
f 3595 3752 3596
f 3596 3752 3874
f 3596 3874 3753
f 3596 3753 3597
f 3597 3754 3755
f 3597 3755 3598
f 3597 3753 3756
f 3597 3756 3757
f 3597 3757 3758
f 3597 3758 3754
f 3598 3755 3759
f 3598 3759 3601
f 3598 3601 3599
f 3600 3601 3602
f 3601 3760 3602
f 3601 3759 3883
f 3601 3883 3760
f 3602 3760 3761
f 3602 3761 3762
f 3602 3762 3763
f 3602 3763 3603
f 3603 3763 3604
f 3604 3763 3743
f 3605 3742 3606
f 3606 3610 3609
f 3611 3764 3612
f 3611 3741 3739
f 3611 3739 3764
f 3612 3764 3765
f 3612 3765 3613
f 3613 3765 3614
f 3614 3765 3766
f 3614 3766 3767
f 3614 3767 3619
f 3615 3617 3625
f 3616 3621 3768
f 3616 3768 3617
f 3617 3768 3625
f 3618 3619 3622
f 3619 3767 3622
f 3620 3768 3621
f 3620 3622 3769
f 3620 3769 3768
f 3622 3767 3770
f 3622 3770 3769
f 3623 3627 3624
f 3623 3625 3771
f 3623 3771 3627
f 3625 3768 3772
f 3625 3772 3773
f 3625 3773 3771
f 3626 3627 3774
f 3626 3774 3745
f 3627 3771 3775
f 3627 3775 3774
f 3628 3744 3776
f 3628 3776 3629
f 3629 3776 3777
f 3629 3777 3630
f 3630 3777 3631
f 3631 3777 3778
f 3631 3778 3632
f 3632 3778 3633
f 3633 3778 3779
f 3633 3779 3634
f 3634 3779 3780
f 3634 3780 3635
f 3635 3780 3907
f 3635 3907 3781
f 3635 3781 3636
f 3636 3781 3637
f 3637 3781 3782
f 3637 3782 3783
f 3637 3783 3784
f 3637 3784 3785
f 3637 3785 3638
f 3639 3785 3640
f 3640 3786 3787
f 3640 3785 3786
f 3641 3787 3788
f 3641 3788 3789
f 3641 3789 3642
f 3642 3789 3790
f 3642 3790 3791
f 3642 3791 3643
f 3643 3791 3644
f 3644 3791 3645
f 3645 3791 3792
f 3645 3792 3646
f 3646 3793 3648
f 3646 3648 3647
f 3646 3792 3793
f 3648 3793 3794
f 3648 3794 3655
f 3648 3655 3649
f 3650 3658 3795
f 3650 3795 3661
f 3650 3661 3651
f 3651 3796 3652
f 3651 3661 3660
f 3651 3660 3796
f 3652 3796 3653
f 3653 3796 3660
f 3653 3660 3659
f 3655 3794 3797
f 3655 3797 3656
f 3656 3797 3798
f 3656 3798 3799
f 3656 3799 3800
f 3656 3800 3657
f 3657 3800 3658
f 3658 3800 3799
f 3658 3799 3801
f 3658 3801 3795
f 3661 3795 3669
f 3664 3665 3802
f 3664 3802 3672
f 3665 3668 3802
f 3666 3669 3803
f 3666 3803 3668
f 3666 3668 3667
f 3668 3798 3802
f 3668 3803 3799
f 3668 3799 3798
f 3669 3795 3803
f 3671 3677 3678
f 3672 3802 3673
f 3673 3804 3674
f 3673 3802 3805
f 3673 3805 3804
f 3674 3806 3675
f 3674 3804 3806
f 3675 3806 3676
f 3676 3806 3807
f 3676 3807 3679
f 3676 3679 3808
f 3676 3808 3678
f 3676 3678 3677
f 3678 3808 3679
f 3679 3807 3680
f 3680 3807 3681
f 3681 3807 3682
f 3682 3806 3804
f 3682 3804 3683
f 3682 3807 3806
f 3683 3804 3684
f 3684 3809 3685
f 3684 3804 3805
f 3684 3805 3810
f 3684 3810 3809
f 3685 3809 3810
f 3685 3810 3811
f 3685 3811 3686
f 3686 3811 3812
f 3686 3812 3687
f 3687 3812 3813
f 3687 3813 3814
f 3687 3814 3815
f 3687 3815 3688
f 3688 3815 3689
f 3689 3815 3816
f 3689 3816 3690
f 3690 3816 3817
f 3690 3817 3818
f 3690 3818 3819
f 3690 3819 3820
f 3690 3820 3691
f 3691 3821 3692
f 3691 3820 3822
f 3691 3822 3821
f 3692 3821 3823
f 3692 3823 3704
f 3697 3704 3824
f 3697 3824 3698
f 3698 3824 3825
f 3698 3825 3826
f 3698 3826 3827
f 3698 3827 3700
f 3698 3700 3699
f 3700 3827 3701
f 3701 3827 3828
f 3701 3828 3702
f 3702 3828 3705
f 3702 3705 3703
f 3704 3823 3829
f 3704 3829 3825
f 3704 3825 3824
f 3705 3828 3830
f 3705 3830 3831
f 3705 3831 3832
f 3705 3832 3707
f 3705 3707 3706
f 3707 3832 3831
f 3707 3831 3833
f 3707 3833 3834
f 3707 3834 3708
f 3708 3834 3709
f 3709 3834 3945
f 3709 3945 3835
f 3709 3835 3712
f 3709 3712 3718
f 3710 3720 3711
f 3711 3720 3836
f 3711 3836 3721
f 3712 3835 3837
f 3712 3837 3716
f 3712 3716 3714
f 3712 3714 3713
f 3715 3717 3838
f 3715 3838 3719
f 3716 3837 3839
f 3716 3839 3840
f 3716 3840 3841
f 3716 3841 3717
f 3717 3841 3838
f 3719 3842 3836
f 3719 3836 3720
f 3719 3838 3843
f 3719 3843 3844
f 3719 3844 3842
f 3721 3836 3845
f 3721 3845 3722
f 3722 3845 3846
f 3722 3846 3847
f 3722 3847 3724
f 3723 3724 3725
f 3724 3847 3848
f 3724 3848 3849
f 3724 3849 3850
f 3724 3850 3725
f 3725 3850 3851
f 3725 3851 3726
f 3726 3851 3727
f 3727 3852 3853
f 3727 3853 3728
f 3727 3851 3852
f 3728 3853 3854
f 3728 3854 3729
f 3729 3854 3730
f 3730 3855 3856
f 3730 3856 3857
f 3730 3857 3731
f 3730 3854 3858
f 3730 3858 3855
f 3731 3857 3732
f 3732 3859 3733
f 3732 3857 3860
f 3732 3860 3861
f 3732 3861 3859
f 3733 3859 3862
f 3733 3862 3734
f 3735 3862 3863
f 3735 3863 3736
f 3736 3864 3737
f 3736 3863 3865
f 3736 3865 3864
f 3737 3864 3739
f 3738 3739 3740
f 3739 3864 3764
f 3739 3741 3740
f 3743 3866 3776
f 3743 3776 3744
f 3743 3763 3888
f 3743 3888 3866
f 3745 3774 3867
f 3745 3867 3748
f 3746 3748 3868
f 3746 3868 3749
f 3748 3867 3869
f 3748 3869 3870
f 3748 3870 3868
f 3749 3868 3871
f 3749 3871 3750
f 3750 3872 3751
f 3750 3871 3873
f 3750 3873 3872
f 3751 3872 3752
f 3752 3872 3874
f 3753 3874 3878
f 3753 3878 3756
f 3754 3875 3876
f 3754 3876 3755
f 3754 3758 3877
f 3754 3877 3875
f 3755 3876 3759
f 3756 3878 3879
f 3756 3879 3880
f 3756 3880 3758
f 3756 3758 3757
f 3758 3880 3881
f 3758 3881 3877
f 3759 3876 3882
f 3759 3882 3883
f 3760 3883 3886
f 3760 3886 3761
f 3761 3884 3885
f 3761 3885 3762
f 3761 3886 3887
f 3761 3887 3884
f 3762 3885 3763
f 3763 3885 3888
f 3764 3864 3889
f 3764 3889 3765
f 3765 3889 3766
f 3766 3889 3890
f 3766 3890 3863
f 3766 3863 3891
f 3766 3891 3767
f 3767 3892 3770
f 3767 3891 3893
f 3767 3893 3892
f 3768 3769 3894
f 3768 3894 3895
f 3768 3895 3772
f 3769 3770 3896
f 3769 3896 3894
f 3770 3892 3968
f 3770 3968 3896
f 3771 3773 3897
f 3771 3897 3775
f 3772 3898 3773
f 3772 3895 3898
f 3773 3898 3899
f 3773 3899 3900
f 3773 3900 3897
f 3774 3869 3867
f 3774 3775 3901
f 3774 3901 3902
f 3774 3902 3869
f 3775 3897 3900
f 3775 3900 3903
f 3775 3903 3901
f 3776 3866 3777
f 3777 3866 3888
f 3777 3888 3904
f 3777 3904 3905
f 3777 3905 3779
f 3777 3779 3778
f 3779 3905 3906
f 3779 3906 3780
f 3780 3906 3998
f 3780 3998 3907
f 3781 3907 3908
f 3781 3908 3782
f 3782 3908 4001
f 3782 4001 3909
f 3782 3909 3783
f 3783 3909 3910
f 3783 3910 3911
f 3783 3911 3785
f 3783 3785 3784
f 3785 3911 3786
f 3786 3911 3910
f 3786 3910 3912
f 3786 3912 3913
f 3786 3913 3914
f 3786 3914 3788
f 3786 3788 3787
f 3788 3914 3915
f 3788 3915 3790
f 3788 3790 3789
f 3790 3915 3916
f 3790 3916 3917
f 3790 3917 3791
f 3791 3917 3918
f 3791 3918 3792
f 3792 3918 3919
f 3792 3919 3793
f 3793 3919 3794
f 3794 3919 3920
f 3794 3920 3797
f 3795 3801 3803
f 3797 3920 3921
f 3797 3921 3798
f 3798 3921 3802
f 3799 3803 3801
f 3802 3921 3922
f 3802 3922 3805
f 3805 3922 3810
f 3810 3922 3921
f 3810 3921 3923
f 3810 3923 3924
f 3810 3924 3925
f 3810 3925 3811
f 3811 3925 3812
f 3812 3925 3926
f 3812 3926 3813
f 3813 3926 3927
f 3813 3927 3814
f 3814 3927 3919
f 3814 3919 3928
f 3814 3928 3929
f 3814 3929 3930
f 3814 3930 3815
f 3815 3930 3816
f 3816 3930 3929
f 3816 3929 3931
f 3816 3931 3932
f 3816 3932 3817
f 3817 3932 3933
f 3817 3933 3819
f 3817 3819 3818
f 3819 3933 3934
f 3819 3934 3820
f 3820 3934 3822
f 3821 3822 3823
f 3822 3934 3939
f 3822 3939 3935
f 3822 3935 3823
f 3823 3935 3829
f 3825 3936 3826
f 3825 3829 3936
f 3826 3936 3828
f 3826 3828 3827
f 3828 3936 3937
f 3828 3937 3938
f 3828 3938 3830
f 3829 3935 3939
f 3829 3939 3940
f 3829 3940 3936
f 3830 3938 3941
f 3830 3941 3831
f 3831 3941 3942
f 3831 3942 3943
f 3831 3943 3944
f 3831 3944 3833
f 3833 3945 3834
f 3833 3944 3946
f 3833 3946 3945
f 3835 3945 4026
f 3835 4026 3947
f 3835 3947 3837
f 3836 3842 3846
f 3836 3846 3845
f 3837 3947 3839
f 3838 3841 3843
f 3839 3948 3949
f 3839 3949 3840
f 3839 3947 3950
f 3839 3950 3951
f 3839 3951 3952
f 3839 3952 3948
f 3840 3949 3953
f 3840 3953 3841
f 3841 3953 3843
f 3842 3847 3846
f 3842 3844 3954
f 3842 3954 3955
f 3842 3955 3956
f 3842 3956 3847
f 3843 3953 3957
f 3843 3957 3958
f 3843 3958 3959
f 3843 3959 3844
f 3844 3959 3954
f 3847 3956 3955
f 3847 3955 3848
f 3848 3955 3960
f 3848 3960 3961
f 3848 3961 3962
f 3848 3962 3963
f 3848 3963 3964
f 3848 3964 3850
f 3848 3850 3849
f 3850 3964 3852
f 3850 3852 3851
f 3852 3964 3963
f 3852 3963 3853
f 3853 3963 3965
f 3853 3965 3854
f 3854 3965 3858
f 3855 3858 3965
f 3855 3965 3856
f 3856 3965 3966
f 3856 3966 3967
f 3856 3967 3860
f 3856 3860 3857
f 3859 3861 3968
f 3859 3968 3862
f 3860 3967 3969
f 3860 3969 3970
f 3860 3970 3971
f 3860 3971 3972
f 3860 3972 3861
f 3861 3972 3968
f 3862 3893 3863
f 3862 3968 3893
f 3863 3893 3891
f 3863 3890 3865
f 3864 3865 3890
f 3864 3890 3889
f 3868 3870 3973
f 3868 3973 3871
f 3869 3974 3870
f 3869 3902 3974
f 3870 3974 3973
f 3871 3973 3975
f 3871 3975 3976
f 3871 3976 3977
f 3871 3977 3978
f 3871 3978 3873
f 3872 3873 3878
f 3872 3878 3874
f 3873 3978 3878
f 3875 3979 3882
f 3875 3882 3876
f 3875 3877 3980
f 3875 3980 4050
f 3875 4050 3979
f 3877 3881 3981
f 3877 3981 4051
f 3877 4051 3980
f 3878 3978 3977
f 3878 3977 3982
f 3878 3982 3879
f 3879 3982 3983
f 3879 3983 3880
f 3880 3983 3984
f 3880 3984 3881
f 3881 3984 3985
f 3881 3985 3981
f 3882 3986 3886
f 3882 3886 3883
f 3882 3979 3986
f 3884 3987 3885
f 3884 3887 3987
f 3885 3987 4060
f 3885 4060 3988
f 3885 3988 3888
f 3886 3986 3989
f 3886 3989 3887
f 3887 3989 3990
f 3887 3990 3987
f 3888 3988 3991
f 3888 3991 3904
f 3892 3893 3968
f 3894 3896 3968
f 3894 3968 3972
f 3894 3972 3971
f 3894 3971 3895
f 3895 3971 3970
f 3895 3970 3898
f 3898 3992 3900
f 3898 3900 3899
f 3898 3970 3993
f 3898 3993 3992
f 3900 3992 3903
f 3901 3903 3902
f 3902 3903 3994
f 3902 3994 3995
f 3902 3995 3974
f 3903 3992 3993
f 3903 3993 3996
f 3903 3996 3997
f 3903 3997 3994
f 3904 3991 3906
f 3904 3906 3905
f 3906 3991 3998
f 3907 3999 3908
f 3907 3998 3999
f 3908 3999 4000
f 3908 4000 4001
f 3909 4001 4068
f 3909 4068 4002
f 3909 4002 3910
f 3910 4002 4003
f 3910 4003 3912
f 3912 4003 4004
f 3912 4004 3913
f 3913 4004 4005
f 3913 4005 3914
f 3914 4005 4006
f 3914 4006 3915
f 3915 4006 3916
f 3916 4006 4007
f 3916 4007 4008
f 3916 4008 3918
f 3916 3918 3917
f 3918 4008 3929
f 3918 3929 3928
f 3918 3928 3919
f 3919 3927 4009
f 3919 4009 3924
f 3919 3924 3920
f 3920 3924 3923
f 3920 3923 3921
f 3924 4009 3926
f 3924 3926 3925
f 3926 4009 3927
f 3929 4008 4007
f 3929 4007 4010
f 3929 4010 3931
f 3931 4010 4011
f 3931 4011 3932
f 3932 4011 4012
f 3932 4012 3933
f 3933 4012 4013
f 3933 4013 4014
f 3933 4014 4015
f 3933 4015 4016
f 3933 4016 3934
f 3934 4016 4017
f 3934 4017 3939
f 3936 3940 4018
f 3936 4018 3938
f 3936 3938 3937
f 3938 4018 4019
f 3938 4019 4020
f 3938 4020 3942
f 3938 3942 3941
f 3939 4017 3940
f 3940 4017 4021
f 3940 4021 4019
f 3940 4019 4018
f 3942 4020 4022
f 3942 4022 4023
f 3942 4023 4024
f 3942 4024 4025
f 3942 4025 3943
f 3943 4025 3944
f 3944 4025 3946
f 3945 3946 4026
f 3946 4025 4027
f 3946 4027 4028
f 3946 4028 3947
f 3946 3947 4026
f 3947 4028 3950
f 3948 3957 3953
f 3948 3953 3949
f 3948 3952 4029
f 3948 4029 3957
f 3950 4028 4030
f 3950 4030 4031
f 3950 4031 3951
f 3951 4031 4032
f 3951 4032 3952
f 3952 4032 4033
f 3952 4033 4034
f 3952 4034 4029
f 3954 3959 4035
f 3954 4035 3955
f 3955 4035 3960
f 3957 4036 3958
f 3957 4029 4037
f 3957 4037 4036
f 3958 4036 3959
f 3959 4036 4038
f 3959 4038 4039
f 3959 4039 4035
f 3960 4035 4039
f 3960 4039 4040
f 3960 4040 3961
f 3961 4040 4041
f 3961 4041 3962
f 3962 4041 4042
f 3962 4042 3966
f 3962 3966 3965
f 3962 3965 3963
f 3966 4043 4094
f 3966 4094 4044
f 3966 4044 3967
f 3966 4042 4043
f 3967 4044 3969
f 3969 4044 3970
f 3970 4044 4045
f 3970 4045 3993
f 3973 3974 3995
f 3973 3995 3975
f 3975 3995 4046
f 3975 4046 4047
f 3975 4047 3976
f 3976 4047 3977
f 3977 4047 4048
f 3977 4048 3982
f 3979 4049 3986
f 3979 4050 4049
f 3980 4051 4100
f 3980 4100 4050
f 3981 3985 4052
f 3981 4052 4053
f 3981 4053 4054
f 3981 4054 4051
f 3982 4048 4055
f 3982 4055 3983
f 3983 4055 4056
f 3983 4056 4057
f 3983 4057 3984
f 3984 4057 4058
f 3984 4058 4059
f 3984 4059 3985
f 3985 4059 4052
f 3986 4049 3989
f 3987 3990 4060
f 3988 4060 3991
f 3989 4049 4061
f 3989 4061 3990
f 3990 4061 3999
f 3990 3999 4060
f 3991 4060 4062
f 3991 4062 3998
f 3993 4045 3996
f 3994 4063 3995
f 3994 3997 4063
f 3995 4063 4046
f 3996 4064 3997
f 3996 4045 4065
f 3996 4065 4064
f 3997 4064 4066
f 3997 4066 4063
f 3998 4062 3999
f 3999 4062 4060
f 3999 4061 4000
f 4000 4067 4068
f 4000 4068 4001
f 4000 4061 4069
f 4000 4069 4067
f 4002 4068 4003
f 4003 4068 4070
f 4003 4070 4071
f 4003 4071 4072
f 4003 4072 4004
f 4004 4072 4073
f 4004 4073 4005
f 4005 4073 4074
f 4005 4074 4006
f 4006 4074 4007
f 4007 4074 4010
f 4010 4074 4012
f 4010 4012 4011
f 4012 4074 4075
f 4012 4075 4013
f 4013 4075 4076
f 4013 4076 4077
f 4013 4077 4014
f 4014 4077 4078
f 4014 4078 4079
f 4014 4079 4080
f 4014 4080 4015
f 4015 4080 4017
f 4015 4017 4016
f 4017 4080 4081
f 4017 4081 4021
f 4019 4022 4020
f 4019 4021 4081
f 4019 4081 4023
f 4019 4023 4022
f 4023 4081 4082
f 4023 4082 4024
f 4024 4082 4110
f 4024 4110 4083
f 4024 4083 4027
f 4024 4027 4025
f 4027 4083 4084
f 4027 4084 4030
f 4027 4030 4028
f 4029 4034 4037
f 4030 4084 4085
f 4030 4085 4031
f 4031 4085 4086
f 4031 4086 4059
f 4031 4059 4033
f 4031 4033 4032
f 4033 4059 4058
f 4033 4058 4034
f 4034 4058 4057
f 4034 4057 4056
f 4034 4056 4037
f 4036 4037 4038
f 4037 4056 4087
f 4037 4087 4038
f 4038 4088 4039
f 4038 4087 4088
f 4039 4088 4040
f 4040 4089 4041
f 4040 4088 4090
f 4040 4090 4091
f 4040 4091 4092
f 4040 4092 4089
f 4041 4043 4042
f 4041 4089 4043
f 4043 4089 4093
f 4043 4093 4064
f 4043 4064 4094
f 4044 4094 4065
f 4044 4065 4045
f 4046 4063 4095
f 4046 4095 4096
f 4046 4096 4047
f 4047 4096 4048
f 4048 4096 4097
f 4048 4097 4056
f 4048 4056 4055
f 4049 4050 4098
f 4049 4098 4115
f 4049 4115 4099
f 4049 4099 4061
f 4050 4100 4098
f 4051 4054 4100
f 4052 4059 4053
f 4053 4059 4086
f 4053 4086 4085
f 4053 4085 4054
f 4054 4101 4100
f 4054 4085 4112
f 4054 4112 4101
f 4056 4097 4087
f 4061 4099 4115
f 4061 4115 4102
f 4061 4102 4069
f 4063 4066 4095
f 4064 4092 4066
f 4064 4065 4094
f 4064 4093 4092
f 4066 4092 4091
f 4066 4091 4096
f 4066 4096 4095
f 4067 4069 4068
f 4068 4069 4103
f 4068 4103 4070
f 4069 4102 4104
f 4069 4104 4103
f 4070 4103 4071
f 4071 4103 4105
f 4071 4105 4077
f 4071 4077 4076
f 4071 4076 4075
f 4071 4075 4072
f 4072 4075 4073
f 4073 4075 4074
f 4077 4105 4108
f 4077 4108 4078
f 4078 4106 4107
f 4078 4107 4079
f 4078 4108 4106
f 4079 4107 4109
f 4079 4109 4080
f 4080 4109 4081
f 4081 4109 4082
f 4082 4109 4107
f 4082 4107 4110
f 4083 4110 4111
f 4083 4111 4084
f 4084 4111 4112
f 4084 4112 4085
f 4087 4097 4096
f 4087 4096 4113
f 4087 4113 4090
f 4087 4090 4088
f 4089 4092 4093
f 4090 4113 4091
f 4091 4113 4096
f 4098 4100 4114
f 4098 4114 4115
f 4100 4101 4116
f 4100 4116 4114
f 4101 4112 4116
f 4102 4115 4119
f 4102 4119 4117
f 4102 4117 4108
f 4102 4108 4104
f 4103 4104 4108
f 4103 4108 4105
f 4106 4118 4110
f 4106 4110 4107
f 4106 4108 4117
f 4106 4117 4119
f 4106 4119 4118
f 4110 4118 4111
f 4111 4118 4119
f 4111 4119 4116
f 4111 4116 4112
f 4114 4116 4115
f 4115 4116 4119

