# https://github.com/mikedh/trimesh
v -0.01925659 -0.13584713 0.06562590
v -0.01925659 -0.12660985 0.06562590
v -0.02366478 -0.13571460 0.06562590
v -0.02493136 -0.13550256 0.06440613
v -0.01925659 -0.13566159 0.06436333
v -0.14078620 -0.00045526 0.06562590
v -0.01925659 -0.00045526 -0.09236719
v -0.02493136 -0.13567484 0.06562590
v -0.02837100 -0.13539652 0.06562590
v -0.02838342 -0.13522424 0.06442753
v -0.02494378 -0.13490617 0.06053281
v -0.02092053 -0.13503869 0.06049000
v -0.01925659 -0.13531701 0.06203077
v -0.14610085 -0.00045526 0.06562590
v -0.01925659 -0.00045526 -0.15299218
v -0.03223283 -0.13494593 0.06562590
v -0.03223283 -0.13477365 0.06447033
v -0.03225766 -0.13416401 0.06057560
v -0.02840825 -0.13461461 0.06055421
v -0.02498104 -0.13428328 0.05665948
v -0.02095778 -0.13442906 0.05663808
v -0.01925659 -0.13483991 0.05890643
v -0.14611327 -0.00159501 0.06562590
v -0.14593943 -0.00045526 0.06457733
v -0.01925659 -0.01926116 -0.15299218
v -0.02835858 -0.00045526 -0.15299218
v -0.03624366 -0.13438930 0.06562590
v -0.03625608 -0.13421702 0.06451312
v -0.03626850 -0.13360739 0.06059700
v -0.03227008 -0.13354112 0.05670228
v -0.02844550 -0.13397847 0.05668088
v -0.02503070 -0.13362064 0.05278616
v -0.02099503 -0.13376643 0.05276476
v -0.01925659 -0.13381943 0.05274336
v -0.01925659 -0.13446882 0.05661668
v -0.14574075 -0.01009013 0.06562590
v -0.14595184 -0.00159501 0.06457733
v -0.14557933 -0.01009013 0.06455593
v -0.14489636 -0.00045526 0.05820025
v -0.01948010 -0.01910213 -0.15299218
v -0.01925659 -0.09331850 -0.05288496
v -0.02144206 -0.09257633 -0.05374094
v -0.02315567 -0.08911732 -0.05827766
v -0.02536598 -0.09386187 -0.05162238
v -0.02536598 -0.09241730 -0.05356975
v -0.02542806 -0.08899804 -0.05814926
v -0.02881803 -0.09023057 -0.05579530
v -0.02884286 -0.08871973 -0.05780686
v -0.03260535 -0.08833540 -0.05731467
v -0.03506401 -0.09292091 -0.05050961
v -0.03657893 -0.08936913 -0.05470392
v -0.03657893 -0.08785830 -0.05669408
v -0.03870232 -0.08906431 -0.05434013
v -0.04019241 -0.09005827 -0.05247837
v -0.04127273 -0.08869323 -0.05382654
v -0.04435226 -0.08820287 -0.05318455
v -0.04432742 -0.08620168 -0.05577390
v -0.04431501 -0.08465108 -0.05776406
v -0.04816442 -0.08547276 -0.05487512
v -0.04815200 -0.08392217 -0.05684388
v -0.05068516 -0.08136436 -0.05864145
v -0.05588807 -0.08009208 -0.05701508
v -0.05838398 -0.07742824 -0.05859865
v -0.06097923 -0.07664632 -0.05769987
v -0.06418293 -0.07551982 -0.05660849
v -0.06551159 -0.07322707 -0.05814926
v -0.02835858 -0.00143598 -0.15299218
v -0.09752379 -0.00160827 -0.06307116
v -0.09830608 -0.00045526 -0.06202258
v -0.03902517 -0.13387243 0.06562590
v -0.04010549 -0.13350136 0.06451312
v -0.04011791 -0.13287847 0.06059700
v -0.03626850 -0.13295799 0.05672368
v -0.03498950 -0.13203029 0.05026101
v -0.03228249 -0.13286521 0.05282896
v -0.02848276 -0.13331582 0.05280756
v -0.02508037 -0.13293149 0.04884863
v -0.01925659 -0.13314353 0.04880583
v -0.01925659 -0.13354112 0.05111699
v -0.14554208 -0.01317807 0.06562590
v -0.14495846 -0.01010339 0.06072540
v -0.14469768 -0.00154200 0.05691628
v -0.14433758 -0.01006363 0.05691628
v -0.14536823 -0.01317807 0.06453452
v -0.14468527 -0.00045526 0.05691628
v -0.02043625 -0.01814791 -0.15299218
v -0.06748597 -0.07247165 -0.05737887
v -0.06988254 -0.06954275 -0.05853445
v -0.07244053 -0.06848252 -0.05742167
v -0.07389338 -0.06595121 -0.05870565
v -0.07652587 -0.06467893 -0.05750727
v -0.01925659 -0.09406066 -0.05185778
v -0.02146690 -0.09400765 -0.05179358
v -0.02879319 -0.09358355 -0.05127999
v -0.02540323 -0.09590282 -0.04871204
v -0.02766321 -0.09708233 -0.04659348
v -0.03258052 -0.09174140 -0.05277796
v -0.03259293 -0.08984623 -0.05530311
v -0.03258052 -0.09319922 -0.05080920
v -0.03263019 -0.09490885 -0.04839105
v -0.03266744 -0.09660522 -0.04593010
v -0.03667827 -0.09618113 -0.04528811
v -0.03649201 -0.09392814 -0.04860505
v -0.03767167 -0.09257633 -0.05006022
v -0.03645476 -0.09143659 -0.05200758
v -0.04050285 -0.09217875 -0.04952522
v -0.04438951 -0.08963418 -0.05130139
v -0.04679850 -0.08919684 -0.05076640
v -0.04807750 -0.08761974 -0.05215737
v -0.04926957 -0.08871973 -0.05010301
v -0.05018846 -0.08503542 -0.05434013
v -0.05175306 -0.08290170 -0.05609490
v -0.05590049 -0.08170894 -0.05502492
v -0.05801146 -0.08117882 -0.05434013
v -0.06060670 -0.08047641 -0.05344135
v -0.06246932 -0.08151014 -0.05089480
v -0.06394700 -0.07924390 -0.05249977
v -0.06541226 -0.07692463 -0.05410474
v -0.06749839 -0.07428730 -0.05538871
v -0.06975836 -0.07345236 -0.05448993
v -0.02798606 -0.00386126 -0.15299218
v -0.09676632 -0.01851900 -0.06204398
v -0.09715127 -0.01313831 -0.06260037
v -0.09732511 -0.00952026 -0.06283576
v -0.09742445 -0.00546487 -0.06296416
v -0.09939882 -0.00547812 -0.06037481
v -0.09983343 -0.00148899 -0.06001102
v -0.10085167 -0.00045526 -0.05868425
v -0.04010549 -0.13366040 0.06562590
v -0.04424050 -0.13278570 0.06562590
v -0.04578027 -0.13208330 0.06312215
v -0.04494830 -0.13184475 0.06057560
v -0.04379347 -0.13150016 0.05698047
v -0.04130998 -0.13183149 0.05588910
v -0.04008065 -0.13155319 0.05282896
v -0.03871474 -0.13204355 0.05413433
v -0.03757233 -0.13180499 0.05152358
v -0.03628092 -0.13226884 0.05282896
v -0.03629333 -0.13156644 0.04895563
v -0.03629333 -0.13083753 0.04506091
v -0.03317655 -0.13180499 0.04762886
v -0.03199690 -0.13218932 0.04891284
v -0.03044471 -0.13200379 0.04681568
v -0.02853242 -0.13213631 0.04623789
v -0.02850759 -0.13261342 0.04887003
v -0.02513004 -0.13230860 0.04544610
v -0.02196359 -0.13203029 0.04315635
v -0.01925659 -0.13240138 0.04473991
v -0.14454868 -0.02139488 0.06562590
v -0.14490878 -0.01694190 0.06449172
v -0.14473493 -0.01321783 0.06068260
v -0.14372911 -0.00045526 0.05120259
v -0.14397747 -0.00135646 0.05278616
v -0.14381604 -0.00999737 0.05392034
v -0.14371671 -0.01264795 0.05434833
v -0.02165316 -0.01684913 -0.15299218
v -0.07781729 -0.06209461 -0.05870565
v -0.08043737 -0.06068980 -0.05746447
v -0.07109945 -0.07098732 -0.05596650
v -0.07390579 -0.06978130 -0.05481092
v -0.07520962 -0.06727650 -0.05615910
v -0.07790421 -0.06605724 -0.05487512
v -0.07917079 -0.06341990 -0.05618050
v -0.01925659 -0.09514740 -0.05031701
v -0.02149173 -0.09604860 -0.04888324
v -0.02881803 -0.09583655 -0.04809145
v -0.02544048 -0.09722811 -0.04678608
v -0.02539081 -0.09872569 -0.04456052
v -0.02531631 -0.10059435 -0.04171438
v -0.02876836 -0.10034255 -0.04135059
v -0.02881803 -0.09806305 -0.04481732
v -0.02998527 -0.09685703 -0.04629389
v -0.03265502 -0.09790401 -0.04400413
v -0.03667827 -0.09746667 -0.04340495
v -0.04052768 -0.09362331 -0.04751367
v -0.03943495 -0.09710883 -0.04286996
v -0.04324710 -0.09322573 -0.04689308
v -0.04452610 -0.09174140 -0.04836965
v -0.04595411 -0.09278838 -0.04625109
v -0.04837551 -0.09231127 -0.04565190
v -0.04817683 -0.09017755 -0.04869064
v -0.05170339 -0.08591011 -0.05232857
v -0.05089626 -0.09322573 -0.04297696
v -0.05206349 -0.08952816 -0.04732107
v -0.05201383 -0.08811010 -0.04926843
v -0.05279613 -0.08442578 -0.05354835
v -0.05607433 -0.08382941 -0.05230717
v -0.05750234 -0.08479687 -0.05021001
v -0.05951396 -0.08208002 -0.05224297
v -0.05979957 -0.08417398 -0.04941823
v -0.06199746 -0.08507518 -0.04663628
v -0.06351239 -0.08290170 -0.04832685
v -0.06501490 -0.08071497 -0.04999602
v -0.06752322 -0.07779932 -0.05134419
v -0.06749839 -0.07616922 -0.05324875
v -0.06955969 -0.07703065 -0.05053101
v -0.07095044 -0.07475115 -0.05194338
v -0.07374437 -0.07357164 -0.05085200
v -0.07234120 -0.07243189 -0.05335575
v -0.02786188 -0.00459018 -0.15299218
v -0.09651798 -0.02138163 -0.06172298
v -0.09798323 -0.02144789 -0.05981843
v -0.10033013 -0.01732623 -0.05755007
v -0.09885245 -0.01313831 -0.06037481
v -0.09921256 -0.00953351 -0.06035341
v -0.10078957 -0.00953351 -0.05825626
v -0.10087650 -0.00547812 -0.05840605
v -0.10092617 -0.00246971 -0.05849165
v -0.10200648 -0.00152875 -0.05705788
v -0.10105034 -0.00045526 -0.05840605
v -0.04631421 -0.13232186 0.06562590
v -0.04669916 -0.13222908 0.06562590
v -0.04785398 -0.13111584 0.06061840
v -0.04786640 -0.13046644 0.05674508
v -0.04415358 -0.13071825 0.05285036
v -0.04016758 -0.13083753 0.04895563
v -0.04015516 -0.13010862 0.04508231
v -0.03628092 -0.13008211 0.04123039
v -0.03234458 -0.13067849 0.04118759
v -0.03202173 -0.13152668 0.04533910
v -0.02859451 -0.13115560 0.04114479
v -0.02516730 -0.13148692 0.04112338
v -0.01925659 -0.13172547 0.04118759
v -0.02520455 -0.13073149 0.03725006
v -0.02119371 -0.13089053 0.03722866
v -0.01925659 -0.13095681 0.03720726
v -0.14420099 -0.02376715 0.06562590
v -0.14377879 -0.02339607 0.06243737
v -0.14400231 -0.01342987 0.05653108
v -0.14305858 -0.02142139 0.05676648
v -0.14365462 -0.00045526 0.05081739
v -0.14254947 -0.00144923 0.04506091
v -0.14293441 -0.00995761 0.04908403
v -0.14240045 -0.02140813 0.05293595
v -0.14218937 -0.00993110 0.04506091
v -0.14195344 -0.01317807 0.04506091
v -0.14269848 -0.01315156 0.04908403
v -0.02318050 -0.01504673 -0.15299218
v -0.08157977 -0.05813198 -0.05859865
v -0.08052429 -0.06475844 -0.05359114
v -0.08172879 -0.06214762 -0.05481092
v -0.07512270 -0.07111985 -0.05220017
v -0.07652587 -0.06860180 -0.05354835
v -0.07779246 -0.06979455 -0.05104460
v -0.07915838 -0.06731626 -0.05230717
v -0.01925659 -0.09610161 -0.04894744
v -0.01925659 -0.09672450 -0.04804866
v -0.02150415 -0.09737389 -0.04695728
v -0.02144206 -0.09897750 -0.04456052
v -0.02136755 -0.10072688 -0.04190698
v -0.02527905 -0.10181362 -0.03976702
v -0.02873110 -0.10154857 -0.03940323
v -0.03294062 -0.10215820 -0.03717767
v -0.03457972 -0.10096544 -0.03863284
v -0.03297787 -0.10014375 -0.04043040
v -0.03666586 -0.09925581 -0.04062300
v -0.04065186 -0.09582330 -0.04426093
v -0.04199294 -0.09676426 -0.04233497
v -0.04063944 -0.09808955 -0.04085840
v -0.04455094 -0.09432572 -0.04471032
v -0.04446401 -0.09639318 -0.04175718
v -0.04832584 -0.09378235 -0.04364034
v -0.05489468 -0.08541976 -0.05102320
v -0.04845002 -0.09590282 -0.04043040
v -0.04974143 -0.09672450 -0.03841884
v -0.05206349 -0.09417993 -0.04077280
v -0.05341700 -0.09256308 -0.04227077
v -0.05565214 -0.08991250 -0.04453913
v -0.05678213 -0.08846793 -0.04582310
v -0.05979957 -0.08569807 -0.04742807
v -0.05997341 -0.08780528 -0.04449632
v -0.06133933 -0.08866672 -0.04229217
v -0.06341305 -0.08592337 -0.04441073
v -0.06456787 -0.08431977 -0.04567330
v -0.06615730 -0.08530048 -0.04308396
v -0.06662917 -0.08172219 -0.04734247
v -0.06777157 -0.07991979 -0.04858365
v -0.06923683 -0.08078124 -0.04622969
v -0.07174515 -0.08013184 -0.04475312
v -0.07109945 -0.07781258 -0.04817705
v -0.07359535 -0.07716319 -0.04670048
v -0.07215494 -0.07604994 -0.04935403
v -0.07497369 -0.07483067 -0.04813425
v -0.07768070 -0.07359815 -0.04691448
v -0.07635203 -0.07244514 -0.04958943
v -0.02737760 -0.00675040 -0.15299218
v -0.09613303 -0.02480088 -0.06120940
v -0.09761071 -0.02488040 -0.05928343
v -0.10108760 -0.02408522 -0.05481092
v -0.09998244 -0.02151416 -0.05707928
v -0.10307439 -0.02152741 -0.05273516
v -0.10168363 -0.01733949 -0.05564551
v -0.10196923 -0.01312505 -0.05613770
v -0.10062815 -0.01312505 -0.05799946
v -0.10213066 -0.00953351 -0.05639449
v -0.10220517 -0.00550463 -0.05656569
v -0.10440305 -0.00170103 -0.05367674
v -0.10439064 -0.00045526 -0.05367674
v -0.04807750 -0.13183149 0.06562590
v -0.05149229 -0.13059897 0.06457733
v -0.05150471 -0.12996283 0.06063980
v -0.05149229 -0.12931344 0.05678787
v -0.04785398 -0.12979055 0.05289315
v -0.04414116 -0.13001585 0.04897703
v -0.04409149 -0.12928692 0.04512511
v -0.04010549 -0.12933994 0.04127318
v -0.03624366 -0.12928692 0.03742126
v -0.03234458 -0.12989657 0.03735706
v -0.02861935 -0.13038692 0.03729286
v -0.02520455 -0.12993633 0.03337674
v -0.02123096 -0.13010862 0.03333394
v -0.01925659 -0.13053270 0.03508870
v -0.14406440 -0.02464185 0.06562590
v -0.14360495 -0.02534425 0.06361435
v -0.14394023 -0.02456233 0.06472712
v -0.14186651 -0.02482739 0.05287175
v -0.14253706 -0.02484064 0.05672368
v -0.14200310 -0.00045526 0.04230036
v -0.14176717 -0.00148899 0.04103779
v -0.14168025 -0.02140813 0.04897703
v -0.14139465 -0.00987809 0.04103779
v -0.14114629 -0.01315156 0.04101639
v -0.13929609 -0.02144789 0.03697187
v -0.14077377 -0.02175271 0.04456872
v -0.08135627 -0.05375852 -0.06230077
v -0.08098374 -0.04959710 -0.06596010
v -0.08485798 -0.04943806 -0.06189418
v -0.02464576 -0.01280699 -0.15299218
v -0.08431162 -0.06057052 -0.05341995
v -0.08535468 -0.05802596 -0.05457553
v -0.08415019 -0.05640911 -0.05722907
v -0.08175362 -0.06600422 -0.05104460
v -0.08302020 -0.06334038 -0.05222157
v -0.08546644 -0.06192232 -0.05087340
v -0.07904662 -0.07110660 -0.04828405
v -0.08042496 -0.06856204 -0.04965363
v -0.01925659 -0.09744016 -0.04700008
v -0.01925659 -0.09831485 -0.04569470
v -0.01925659 -0.09907027 -0.04456052
v -0.01925659 -0.09990520 -0.04329795
v -0.01925659 -0.10076664 -0.04197117
v -0.01925659 -0.10138953 -0.04098679
v -0.02131788 -0.10194615 -0.03995961
v -0.02522938 -0.10353651 -0.03692088
v -0.02871869 -0.10307265 -0.03687808
v -0.03254326 -0.10426541 -0.03377514
v -0.03659135 -0.10189314 -0.03640729
v -0.04050285 -0.10021001 -0.03754146
v -0.04445160 -0.09766545 -0.03978842
v -0.04736970 -0.09718835 -0.03906083
v -0.04838793 -0.09814256 -0.03694227
v -0.04811475 -0.10018351 -0.03379654
v -0.05192690 -0.09746667 -0.03580810
v -0.05193932 -0.09623414 -0.03773406
v -0.05587566 -0.09331850 -0.03948882
v -0.05572665 -0.09538595 -0.03645008
v -0.05590049 -0.09195345 -0.04147899
v -0.05880617 -0.08936913 -0.04321235
v -0.05973748 -0.09072092 -0.04053740
v -0.06239481 -0.09289440 -0.03523031
v -0.06362414 -0.08938238 -0.03940323
v -0.06362414 -0.08800407 -0.04139339
v -0.06558610 -0.08881250 -0.03859004
v -0.06717553 -0.08663902 -0.04025921
v -0.07021781 -0.08538000 -0.03927483
v -0.06876497 -0.08439928 -0.04194978
v -0.07066484 -0.08181496 -0.04361894
v -0.07321042 -0.08090051 -0.04244197
v -0.07504820 -0.07795836 -0.04426093
v -0.07744477 -0.07717644 -0.04282716
v -0.08146802 -0.07358490 -0.04295555
v -0.08028836 -0.07244514 -0.04550211
v -0.02720376 -0.00730702 -0.15299218
v -0.09369921 -0.02786231 -0.06309256
v -0.09728786 -0.02735869 -0.05879124
v -0.09979618 -0.02505269 -0.05626609
v -0.10081441 -0.02619244 -0.05444713
v -0.10216791 -0.02502618 -0.05297056
v -0.10440305 -0.02482739 -0.04986762
v -0.10475074 -0.02148765 -0.05035981
v -0.10497426 -0.01854550 -0.05070220
v -0.10393119 -0.01710093 -0.05249977
v -0.10404295 -0.01312505 -0.05318455
v -0.10422921 -0.00953351 -0.05344135
v -0.10432855 -0.00553113 -0.05356975
v -0.10558272 -0.00554438 -0.05172938
v -0.10564480 -0.00171428 -0.05183638
v -0.10481283 -0.00045526 -0.05305616
v -0.05057340 -0.13104957 0.06562590
v -0.05551555 -0.12943272 0.06562590
v -0.05551555 -0.12927368 0.06459873
v -0.05771344 -0.12813393 0.06213777
v -0.05710498 -0.12789537 0.05946282
v -0.05645928 -0.12765683 0.05680928
v -0.05527962 -0.12735200 0.05293595
v -0.05167856 -0.12854477 0.05291455
v -0.05049890 -0.12822670 0.04906263
v -0.04782915 -0.12907489 0.04901983
v -0.04672399 -0.12798815 0.04197937
v -0.04587960 -0.12769659 0.03943282
v -0.04436468 -0.12834598 0.04093079
v -0.04304843 -0.12790863 0.03752826
v -0.04004340 -0.12854477 0.03746406
v -0.03619399 -0.12846526 0.03361214
v -0.03231975 -0.12908814 0.03352654
v -0.02860693 -0.12957850 0.03344094
v -0.02517971 -0.12911464 0.02950341
v -0.02125580 -0.12928692 0.02943922
v -0.01925659 -0.12980379 0.03151498
v -0.01925659 -0.13017488 0.03331254
v -0.14387813 -0.02563582 0.06562590
v -0.14215211 -0.03342853 0.06440613
v -0.14000388 -0.03362733 0.05261496
v -0.14021498 -0.03503214 0.05535411
v -0.14144431 -0.03350805 0.06046860
v -0.14113387 -0.02481413 0.04893424
v -0.14150639 -0.00045526 0.03977521
v -0.14077377 -0.00045526 0.03613729
v -0.14096003 -0.00154200 0.03703607
v -0.14025224 -0.02315752 0.04292095
v -0.14067443 -0.00977207 0.03744266
v -0.14052542 -0.01309855 0.03797765
v -0.14011564 -0.01308530 0.03600889
v -0.13946994 -0.01316481 0.03301294
v -0.13843929 -0.02151416 0.03299154
v -0.13874973 -0.02477437 0.03697187
v -0.08212615 -0.05162480 -0.06315676
v -0.08408810 -0.05161155 -0.06105960
v -0.08585138 -0.05163805 -0.05913364
v -0.08561545 -0.04698628 -0.06272877
v -0.08863289 -0.04919951 -0.05782826
v -0.02652080 -0.00918894 -0.15299218
v -0.08838454 -0.04409714 -0.06146619
v -0.08896816 -0.04191041 -0.06212958
v -0.08670818 -0.05916571 -0.05198618
v -0.08903025 -0.05778741 -0.05053101
v -0.08814861 -0.05561393 -0.05333435
v -0.08603764 -0.05525610 -0.05605210
v -0.08515601 -0.05362599 -0.05834185
v -0.08169154 -0.06975480 -0.04700008
v -0.08427436 -0.06838975 -0.04552351
v -0.08549127 -0.06583193 -0.04691448
v -0.08434887 -0.06454640 -0.04956803
v -0.08677028 -0.06311508 -0.04811286
v -0.08914201 -0.06168377 -0.04667908
v -0.08804927 -0.06029221 -0.04933263
v -0.01925659 -0.10198591 -0.04002381
v -0.01925659 -0.10384132 -0.03694227
v -0.02126822 -0.10376180 -0.03694227
v -0.02520455 -0.10491480 -0.03458832
v -0.02869385 -0.10463650 -0.03424593
v -0.03654168 -0.10381481 -0.03315455
v -0.02874352 -0.10576299 -0.03227717
v -0.03256810 -0.10537865 -0.03180638
v -0.04046560 -0.10137627 -0.03563690
v -0.04304843 -0.10101845 -0.03503771
v -0.04438951 -0.09975942 -0.03647148
v -0.04565609 -0.10062086 -0.03443852
v -0.04807750 -0.10137627 -0.03176358
v -0.05043681 -0.10089917 -0.03107879
v -0.05181515 -0.09946785 -0.03253396
v -0.05570181 -0.09770521 -0.03274796
v -0.05429864 -0.09692330 -0.03501631
v -0.05809838 -0.09276188 -0.03876124
v -0.05695597 -0.09631366 -0.03411753
v -0.05955122 -0.09347753 -0.03657848
v -0.06068121 -0.09207272 -0.03779826
v -0.06491556 -0.09216549 -0.03422453
v -0.06364898 -0.09130405 -0.03655708
v -0.05998583 -0.09571728 -0.03274796
v -0.06363656 -0.09376910 -0.03281215
v -0.06711345 -0.08940889 -0.03634309
v -0.06816893 -0.08797757 -0.03743446
v -0.07172032 -0.08315351 -0.04085840
v -0.06959694 -0.08883901 -0.03488792
v -0.07118637 -0.08669204 -0.03645008
v -0.07277580 -0.08449205 -0.03803365
v -0.07446458 -0.08193423 -0.03978842
v -0.07707225 -0.08091376 -0.03846165
v -0.07558215 -0.08018485 -0.04094400
v -0.07891002 -0.07791860 -0.04034481
v -0.08125692 -0.07712343 -0.03880404
v -0.08266009 -0.07471140 -0.04013081
v -0.08513117 -0.07337284 -0.03882544
v -0.08403843 -0.07225960 -0.04145759
v -0.08535468 -0.06956926 -0.04297696
v -0.09287966 -0.03309721 -0.06197978
v -0.09454360 -0.03307071 -0.05996822
v -0.09322735 -0.03097674 -0.06242917
v -0.09685324 -0.03038036 -0.05817066
v -0.09839301 -0.02884302 -0.05671549
v -0.09985827 -0.03295143 -0.05305616
v -0.10186989 -0.02871049 -0.05196478
v -0.10408020 -0.02905507 -0.04862644
v -0.10532195 -0.02780929 -0.04732107
v -0.10571931 -0.02481413 -0.04789886
v -0.10606699 -0.02148765 -0.04841245
v -0.10518536 -0.01533829 -0.05106599
v -0.10615391 -0.01712744 -0.04924703
v -0.10532195 -0.01311180 -0.05130139
v -0.10549579 -0.00953351 -0.05157959
v -0.10730874 -0.00559740 -0.04914003
v -0.10743292 -0.00174079 -0.04918284
v -0.10681204 -0.00045526 -0.05008162
v -0.05755201 -0.12873031 0.06562590
v -0.05823497 -0.12834598 0.06464152
v -0.05922837 -0.12731224 0.06074680
v -0.05950155 -0.12651707 0.05678787
v -0.05953880 -0.12582791 0.05295735
v -0.05550313 -0.12655683 0.04906263
v -0.04979110 -0.12796165 0.04647328
v -0.04786640 -0.12830622 0.04516790
v -0.04779189 -0.12745804 0.04097359
v -0.04766772 -0.12676887 0.03752826
v -0.04766772 -0.12592069 0.03369773
v -0.04765530 -0.12501949 0.02971741
v -0.04393007 -0.12597371 0.02973881
v -0.04502280 -0.12747128 0.03752826
v -0.04360721 -0.12699417 0.03397592
v -0.03967088 -0.12784237 0.03395453
v -0.03816837 -0.12763031 0.03166477
v -0.03616916 -0.12670261 0.02577989
v -0.03377259 -0.12763031 0.02794124
v -0.02853242 -0.12873031 0.02954621
v -0.02657047 -0.12765683 0.02378973
v -0.02540323 -0.12812067 0.02528770
v -0.02453401 -0.12774959 0.02338314
v -0.02128064 -0.12842550 0.02560869
v -0.01925659 -0.12935320 0.02943922
v -0.01925659 -0.12849176 0.02558729
v -0.14235079 -0.03342853 0.06562590
v -0.14161815 -0.03667550 0.06562590
v -0.14045091 -0.03602611 0.05792205
v -0.13927126 -0.03364058 0.04872024
v -0.13850137 -0.03692731 0.04869884
v -0.13927126 -0.03683454 0.05265776
v -0.14051301 -0.02478763 0.04578849
v -0.14035157 -0.02652376 0.04668728
v -0.14051301 -0.00045526 0.03485331
v -0.14051301 -0.00156851 0.03485331
v -0.13953202 -0.02480088 0.04088799
v -0.14046334 -0.00323837 0.03498171
v -0.14026466 -0.00971906 0.03545250
v -0.13973070 -0.00975881 0.03299154
v -0.13882423 -0.00985158 0.02888283
v -0.13853863 -0.01329735 0.02890423
v -0.13789292 -0.02482739 0.03303435
v -0.13802951 -0.01741900 0.02890423
v -0.13752040 -0.02160693 0.02896843
v -0.13655184 -0.02412498 0.02652888
v -0.13687470 -0.03350805 0.03686487
v -0.13768182 -0.03354781 0.04071679
v -0.13847654 -0.03364058 0.04467572
v -0.13961895 -0.02851170 0.04508231
v -0.08799960 -0.05199588 -0.05641589
v -0.08971321 -0.05101516 -0.05521751
v -0.08934069 -0.04672122 -0.05870565
v -0.09235812 -0.04878868 -0.05365535
v -0.08955178 -0.03923331 -0.06289996
v -0.09012299 -0.03650321 -0.06369175
v -0.08895574 -0.03431648 -0.06615269
v -0.09061968 -0.03307071 -0.06471893
v -0.09002365 -0.04411039 -0.05954023
v -0.09268098 -0.04128752 -0.05799946
v -0.09112880 -0.04025379 -0.06043901
v -0.09337636 -0.05061758 -0.05108739
v -0.08973804 -0.05564044 -0.05142979
v -0.08888124 -0.05348021 -0.05421174
v -0.08977530 -0.05925848 -0.04819845
v -0.09269340 -0.05736332 -0.04622969
v -0.09183659 -0.05585248 -0.04862644
v -0.08670818 -0.06699819 -0.04415393
v -0.08905508 -0.06560663 -0.04282716
v -0.08806169 -0.06432110 -0.04535231
v -0.08981255 -0.06320785 -0.04428233
v -0.09271823 -0.06125968 -0.04250617
v -0.01925659 -0.10453047 -0.03578670
v -0.02124338 -0.10504734 -0.03475952
v -0.02128064 -0.10618709 -0.03281215
v -0.02524180 -0.10605456 -0.03261956
v -0.03649201 -0.10622685 -0.02885323
v -0.03845397 -0.10468951 -0.03080060
v -0.04004340 -0.10337747 -0.03238417
v -0.02527905 -0.10784370 -0.02938822
v -0.02773771 -0.10877141 -0.02709847
v -0.02886770 -0.10772443 -0.02868204
v -0.03254326 -0.10696901 -0.02893883
v -0.04433984 -0.10187988 -0.03296195
v -0.04431501 -0.10385457 -0.02953802
v -0.04658740 -0.10455698 -0.02703427
v -0.04789123 -0.10329795 -0.02848944
v -0.04894671 -0.10411964 -0.02628528
v -0.05172823 -0.10165459 -0.02881044
v -0.05489468 -0.10105821 -0.02756926
v -0.05305689 -0.10032929 -0.03018001
v -0.05604950 -0.09986544 -0.02881044
v -0.05880617 -0.09710883 -0.03142118
v -0.06640565 -0.09298718 -0.03154958
v -0.06761015 -0.09143659 -0.03281215
v -0.06138900 -0.09640643 -0.03045820
v -0.06394700 -0.09592932 -0.02898163
v -0.06542468 -0.09643294 -0.02679887
v -0.07145955 -0.09144984 -0.02891743
v -0.07348360 -0.08885226 -0.03092899
v -0.07216735 -0.08797757 -0.03360394
v -0.07400514 -0.08541976 -0.03548710
v -0.07554490 -0.08318001 -0.03698507
v -0.07826432 -0.08185472 -0.03589369
v -0.08087199 -0.08078124 -0.03450272
v -0.07940672 -0.08009208 -0.03700647
v -0.08208890 -0.07793185 -0.03672828
v -0.08652192 -0.07078852 -0.04010941
v -0.08488282 -0.07681861 -0.03465252
v -0.08593830 -0.07418128 -0.03674968
v -0.08871981 -0.07308129 -0.03456692
v -0.08787543 -0.07216683 -0.03677108
v -0.08891849 -0.06934396 -0.03876124
v -0.08791268 -0.06816445 -0.04137199
v -0.09218429 -0.03658273 -0.06118800
v -0.09384822 -0.03651647 -0.05919783
v -0.09643105 -0.03303095 -0.05763567
v -0.09793356 -0.03301769 -0.05564551
v -0.10093859 -0.03501889 -0.05065940
v -0.10127386 -0.03291167 -0.05108739
v -0.10299988 -0.03288516 -0.04862644
v -0.10492459 -0.03081771 -0.04665768
v -0.10640227 -0.02904182 -0.04518111
v -0.10879883 -0.02594063 -0.04282716
v -0.10789236 -0.02486715 -0.04458192
v -0.10908443 -0.02384667 -0.04312675
v -0.10806621 -0.02147440 -0.04537371
v -0.10841389 -0.01739250 -0.04578030
v -0.10683687 -0.01319132 -0.04903304
v -0.10869950 -0.01327084 -0.04620829
v -0.10714731 -0.00958652 -0.04909724
v -0.10898509 -0.00562390 -0.04661488
v -0.10905960 -0.00175404 -0.04672188
v -0.10905960 -0.00045526 -0.04672188
v -0.05843365 -0.12842550 0.06562590
v -0.05891793 -0.12823994 0.06562590
v -0.06020935 -0.12756405 0.06464152
v -0.06347513 -0.12557611 0.06068260
v -0.06372349 -0.12479419 0.05674508
v -0.06264317 -0.12455564 0.05291455
v -0.06200988 -0.12433034 0.05032521
v -0.05977473 -0.12497973 0.04901983
v -0.05860749 -0.12466166 0.04503951
v -0.05794937 -0.12433034 0.04208636
v -0.05554038 -0.12576165 0.04510371
v -0.05146746 -0.12635804 0.04129458
v -0.04904606 -0.12768333 0.04390533
v -0.05144262 -0.12556286 0.03748546
v -0.05017604 -0.12421106 0.02967461
v -0.04946825 -0.12393275 0.02751326
v -0.04735728 -0.12419781 0.02601528
v -0.04599136 -0.12397251 0.02357574
v -0.04390523 -0.12501949 0.02571569
v -0.03967088 -0.12696767 0.03008120
v -0.04000615 -0.12589419 0.02575849
v -0.03621883 -0.12573515 0.02186377
v -0.03225766 -0.12637130 0.02186377
v -0.03234458 -0.12733876 0.02586549
v -0.02838342 -0.12691465 0.02186377
v -0.02840825 -0.12589419 0.01792624
v -0.02500587 -0.12635804 0.01799044
v -0.02534114 -0.12733876 0.02203497
v -0.02126822 -0.12782911 0.02312634
v -0.02118129 -0.12653033 0.01796904
v -0.01925659 -0.12764357 0.02209916
v -0.14022741 -0.04148631 0.06562590
v -0.14140705 -0.03667550 0.06440613
v -0.13976795 -0.03988271 0.06038301
v -0.14068684 -0.03672851 0.06040441
v -0.13766942 -0.03702008 0.04465432
v -0.13750798 -0.04017428 0.04869884
v -0.13826544 -0.04013452 0.05263636
v -0.13899808 -0.04013452 0.05653108
v -0.14025224 -0.00045526 0.03367634
v -0.14005356 -0.00164802 0.03277755
v -0.13917191 -0.00176730 0.02881863
v -0.13826544 -0.00182031 0.02479551
v -0.13790535 -0.00985158 0.02485970
v -0.13761974 -0.01331060 0.02490251
v -0.13688710 -0.02502618 0.02875443
v -0.13603030 -0.03338878 0.03290595
v -0.13629108 -0.03495262 0.03558090
v -0.13678777 -0.02163343 0.02586549
v -0.13567020 -0.02160693 0.02120038
v -0.13514866 -0.02490691 0.02128598
v -0.13605513 -0.02503943 0.02522350
v -0.13631591 -0.02611292 0.02727786
v -0.13655184 -0.03611888 0.03812745
v -0.09299141 -0.04633688 -0.05451133
v -0.09388547 -0.04780796 -0.05243557
v -0.09198560 -0.04415015 -0.05712208
v -0.09572326 -0.03646345 -0.05686528
v -0.09353779 -0.04418991 -0.05517472
v -0.09667940 -0.04585978 -0.05023141
v -0.09730027 -0.04311642 -0.05106599
v -0.09630688 -0.04085017 -0.05365535
v -0.09607095 -0.04817904 -0.04941823
v -0.09479194 -0.05161155 -0.04839105
v -0.09696500 -0.05018023 -0.04672188
v -0.09198560 -0.05982836 -0.04481732
v -0.09362471 -0.05875487 -0.04370454
v -0.09629446 -0.05684645 -0.04188558
v -0.08966354 -0.06710422 -0.04032341
v -0.09264373 -0.06520904 -0.03846165
v -0.09192352 -0.06372472 -0.04098679
v -0.09364954 -0.06258497 -0.03985262
v -0.09631929 -0.06079582 -0.03801225
v -0.09497820 -0.05978860 -0.04087980
v -0.01925659 -0.10622685 -0.03287635
v -0.01925659 -0.10710154 -0.03133558
v -0.02130547 -0.10801599 -0.02955942
v -0.04001857 -0.10535215 -0.02889603
v -0.03642992 -0.10784370 -0.02590009
v -0.04109889 -0.10431842 -0.03024421
v -0.02129305 -0.10915574 -0.02746226
v -0.02524180 -0.10898345 -0.02729106
v -0.02525422 -0.11020272 -0.02497991
v -0.02883044 -0.10954007 -0.02527950
v -0.03246876 -0.10934128 -0.02453052
v -0.03008461 -0.10853285 -0.02682027
v -0.03248117 -0.10829430 -0.02652068
v -0.04427775 -0.10494131 -0.02759066
v -0.04425292 -0.10642564 -0.02480871
v -0.04692267 -0.10837381 -0.01945882
v -0.04802782 -0.10731358 -0.02080699
v -0.04782915 -0.10524613 -0.02489431
v -0.05080933 -0.10480878 -0.02363174
v -0.05195174 -0.10370879 -0.02487291
v -0.05596257 -0.10197266 -0.02510831
v -0.05750234 -0.10047508 -0.02667048
v -0.05989891 -0.09801004 -0.02898163
v -0.06758531 -0.09387512 -0.02889603
v -0.07025507 -0.09294742 -0.02774046
v -0.06290393 -0.09714859 -0.02786885
v -0.06354964 -0.09850039 -0.02483011
v -0.06424501 -0.09987870 -0.02166298
v -0.06553643 -0.10054135 -0.01915923
v -0.06669126 -0.09718835 -0.02414533
v -0.06929892 -0.09641968 -0.02277575
v -0.06775915 -0.09594258 -0.02521531
v -0.07283789 -0.09213899 -0.02641368
v -0.07493644 -0.08940889 -0.02844664
v -0.07607885 -0.08791131 -0.02951662
v -0.07504820 -0.08666553 -0.03253396
v -0.07661279 -0.08441253 -0.03413893
v -0.07933222 -0.08306073 -0.03298335
v -0.08040012 -0.08426675 -0.02996601
v -0.08143077 -0.08515469 -0.02739806
v -0.08192747 -0.08169568 -0.03182777
v -0.08453513 -0.08046316 -0.03018001
v -0.08591347 -0.07782583 -0.03195617
v -0.08731664 -0.07546681 -0.03326155
v -0.08849630 -0.07655355 -0.03024421
v -0.08967596 -0.07411501 -0.03191337
v -0.09230845 -0.07265719 -0.03000881
v -0.09107913 -0.07155720 -0.03311175
v -0.08961387 -0.07019215 -0.03679248
v -0.09172483 -0.06754156 -0.03702787
v -0.09727543 -0.03643695 -0.05487512
v -0.09936157 -0.03619839 -0.05217878
v -0.10052881 -0.03705984 -0.05010301
v -0.10186989 -0.03615864 -0.04871204
v -0.10406778 -0.03634418 -0.04541651
v -0.10463899 -0.03285866 -0.04622969
v -0.10588073 -0.03288516 -0.04434653
v -0.10845114 -0.02864423 -0.04222797
v -0.10964321 -0.02872375 -0.04025921
v -0.11205220 -0.02484064 -0.03796946
v -0.11001574 -0.02485389 -0.04126499
v -0.11241231 -0.02140813 -0.03854724
v -0.11092222 -0.02139488 -0.04094400
v -0.10937003 -0.02140813 -0.04340495
v -0.10973014 -0.01735274 -0.04376874
v -0.10888576 -0.00962628 -0.04646509
v -0.11005300 -0.01323108 -0.04413253
v -0.11025167 -0.00958652 -0.04436793
v -0.11036343 -0.00554438 -0.04449632
v -0.11045036 -0.00167453 -0.04460332
v -0.10999091 -0.00045526 -0.04528811
v -0.06039561 -0.12764357 0.06562590
v -0.06284184 -0.12664961 0.06562590
v -0.06346272 -0.12623876 0.06466292
v -0.06615730 -0.12440986 0.06068260
v -0.06568544 -0.12417130 0.05800766
v -0.06520116 -0.12391950 0.05543970
v -0.06465479 -0.12369420 0.05289315
v -0.06354964 -0.12340264 0.04893424
v -0.06384766 -0.12248818 0.04488971
v -0.06074329 -0.12378697 0.04495391
v -0.05951396 -0.12345565 0.04086659
v -0.05739058 -0.12401227 0.03953982
v -0.05672004 -0.12374721 0.03735706
v -0.05157922 -0.12463515 0.03361214
v -0.05534170 -0.12333637 0.03352654
v -0.05551555 -0.12235566 0.02958902
v -0.05546588 -0.12140144 0.02565149
v -0.05107010 -0.12299179 0.02597249
v -0.05143020 -0.12178578 0.02171397
v -0.04837551 -0.12360143 0.02488110
v -0.04740695 -0.12316408 0.02203497
v -0.04777947 -0.12190506 0.01771225
v -0.04409149 -0.12289903 0.01771225
v -0.04393007 -0.12374721 0.02075099
v -0.04388040 -0.12426408 0.02271975
v -0.04181910 -0.12403877 0.01993781
v -0.04031659 -0.12476769 0.02147858
v -0.03931077 -0.12439660 0.01918882
v -0.03636784 -0.12479419 0.01841843
v -0.03444313 -0.12442312 0.01576489
v -0.03269227 -0.12513876 0.01745545
v -0.02945132 -0.12426408 0.01238375
v -0.02689332 -0.12437010 0.01144217
v -0.02496862 -0.12527130 0.01394592
v -0.02110679 -0.12545684 0.01396732
v -0.01925659 -0.12739176 0.02109338
v -0.01925659 -0.12659659 0.01799044
v -0.01925659 -0.12704719 0.01974521
v -0.01925659 -0.12553636 0.01401012
v -0.01925659 -0.12600021 0.01574349
v -0.13965621 -0.04334172 0.06562590
v -0.14010322 -0.04116824 0.06438473
v -0.13682502 -0.03700682 0.04058840
v -0.13630348 -0.03784176 0.03926163
v -0.13656426 -0.03876946 0.04182957
v -0.13677536 -0.04016102 0.04499671
v -0.13660150 -0.04302365 0.04869884
v -0.13687470 -0.04477304 0.05300016
v -0.13754523 -0.04477304 0.05650968
v -0.13826544 -0.04481280 0.06040441
v -0.13917191 -0.00045526 0.02881863
v -0.13826544 -0.00045526 0.02479551
v -0.13735898 -0.00179380 0.02098638
v -0.13704854 -0.00975881 0.02124318
v -0.13687470 -0.01324433 0.02173537
v -0.13521075 -0.03320323 0.02913962
v -0.13441603 -0.03660924 0.02918243
v -0.13528526 -0.03671526 0.03307715
v -0.13472647 -0.02154066 0.01732706
v -0.13418010 -0.02486715 0.01739126
v -0.13334814 -0.03316347 0.02139297
v -0.13431669 -0.03317673 0.02526630
v -0.13607998 -0.03688755 0.03690767
v -0.09691534 -0.03798754 -0.05448993
v -0.09748653 -0.04819229 -0.04742807
v -0.10111243 -0.04678748 -0.04314815
v -0.10025562 -0.04495858 -0.04565190
v -0.10088892 -0.04214896 -0.04659348
v -0.09990794 -0.04005500 -0.04924703
v -0.09773489 -0.03969717 -0.05241417
v -0.09764796 -0.05159829 -0.04449632
v -0.09985827 -0.05203564 -0.04087980
v -0.10133595 -0.05096215 -0.03961722
v -0.10050397 -0.04931879 -0.04220657
v -0.09711401 -0.05406334 -0.04312675
v -0.09718852 -0.05830427 -0.03927483
v -0.09787148 -0.05558742 -0.04068720
v -0.09357503 -0.06634880 -0.03587230
v -0.09624479 -0.06469218 -0.03396773
v -0.09494096 -0.06364520 -0.03694227
v -0.09717610 -0.06209461 -0.03542290
v -0.01925659 -0.10805575 -0.02960222
v -0.01925659 -0.10866539 -0.02848944
v -0.04058977 -0.10744611 -0.02470172
v -0.03641751 -0.10890394 -0.02388853
v -0.03941011 -0.10847984 -0.02328934
v -0.01925659 -0.10919550 -0.02750506
v -0.01925659 -0.10981839 -0.02632808
v -0.02130547 -0.11041477 -0.02504411
v -0.02530389 -0.11188584 -0.02159878
v -0.02890495 -0.11177982 -0.02080699
v -0.03248117 -0.11113043 -0.02097819
v -0.03641751 -0.11041477 -0.02091399
v -0.04421567 -0.10879791 -0.02020781
v -0.04424050 -0.11037501 -0.01695507
v -0.04801541 -0.10911598 -0.01719046
v -0.04924473 -0.10794972 -0.01870983
v -0.05192690 -0.10564372 -0.02119219
v -0.05560247 -0.10385457 -0.02179137
v -0.05768860 -0.10439794 -0.01907363
v -0.05957606 -0.10107146 -0.02378153
v -0.05960089 -0.09997146 -0.02579309
v -0.07144714 -0.09383536 -0.02497991
v -0.06315228 -0.10100520 -0.02059300
v -0.06163735 -0.10054135 -0.02286135
v -0.06815651 -0.09977267 -0.01776825
v -0.06742389 -0.09850039 -0.02095679
v -0.06318953 -0.10295338 -0.01676247
v -0.06429468 -0.10377505 -0.01395913
v -0.06702653 -0.10284735 -0.01288915
v -0.06703894 -0.10095218 -0.01667687
v -0.07044133 -0.09713534 -0.02025060
v -0.07155889 -0.09586306 -0.02129918
v -0.07303657 -0.09634017 -0.01881683
v -0.07398030 -0.09292091 -0.02376013
v -0.07523446 -0.09131731 -0.02502271
v -0.07719642 -0.08874624 -0.02697007
v -0.07779246 -0.08534024 -0.03144258
v -0.07879827 -0.08653300 -0.02846804
v -0.07997793 -0.08788480 -0.02491571
v -0.08084715 -0.08857395 -0.02271155
v -0.08304504 -0.08761974 -0.02127778
v -0.08499458 -0.08482338 -0.02305395
v -0.08403843 -0.08396193 -0.02568610
v -0.08550370 -0.08139086 -0.02759066
v -0.08298295 -0.08283544 -0.02878904
v -0.08699378 -0.07899209 -0.02891743
v -0.08937794 -0.07753426 -0.02769766
v -0.09084320 -0.07512223 -0.02885323
v -0.09312800 -0.07367767 -0.02748366
v -0.09458085 -0.07106684 -0.02857504
v -0.09711401 -0.06584519 -0.03129279
v -0.09481678 -0.06738253 -0.03281215
v -0.09248230 -0.06890661 -0.03433153
v -0.10133595 -0.04000198 -0.04723547
v -0.10335999 -0.03975018 -0.04443213
v -0.10494942 -0.03817308 -0.04304115
v -0.10530953 -0.03634418 -0.04355474
v -0.10877400 -0.03478033 -0.03897523
v -0.10801654 -0.03324299 -0.04087980
v -0.10915894 -0.03218276 -0.03951023
v -0.11013992 -0.03336227 -0.03739167
v -0.11165484 -0.02892254 -0.03685668
v -0.11288418 -0.02746472 -0.03544431
v -0.11320702 -0.02489365 -0.03600069
v -0.11357955 -0.02142139 -0.03657848
v -0.11261099 -0.01906237 -0.03882544
v -0.11181627 -0.01321783 -0.04141478
v -0.11200254 -0.00958652 -0.04165018
v -0.11210187 -0.00549137 -0.04179998
v -0.11218880 -0.00162152 -0.04190698
v -0.11163001 -0.00045526 -0.04276296
v -0.06345029 -0.12639780 0.06562590
v -0.06681543 -0.12474118 0.06464152
v -0.06818134 -0.12342914 0.06068260
v -0.06752322 -0.12236891 0.05287175
v -0.06715070 -0.12097735 0.04493251
v -0.06620698 -0.12063277 0.04105919
v -0.06379799 -0.12170626 0.04099499
v -0.05966298 -0.12262071 0.03725006
v -0.05960089 -0.12177253 0.03344094
v -0.05817288 -0.12042073 0.02565149
v -0.05752717 -0.12015566 0.02357574
v -0.05655861 -0.11981109 0.02094358
v -0.05383919 -0.12028820 0.01921022
v -0.05141779 -0.12072555 0.01781925
v -0.05011396 -0.12040748 0.01512290
v -0.04766772 -0.12077855 0.01371053
v -0.04641356 -0.12047374 0.01135657
v -0.04050285 -0.12373395 0.01775505
v -0.04420325 -0.12169301 0.01360353
v -0.04040351 -0.12258095 0.01353933
v -0.03667827 -0.12338938 0.01349653
v -0.03260535 -0.12295204 0.00949481
v -0.03285370 -0.12407853 0.01362493
v -0.02830891 -0.12370745 0.00988000
v -0.02849517 -0.12243517 0.00581408
v -0.02494378 -0.12289903 0.00589968
v -0.02490653 -0.12385323 0.00898122
v -0.02491895 -0.12443636 0.01099278
v -0.02101987 -0.12451588 0.01058619
v -0.01925659 -0.12499299 0.01204136
v -0.13924642 -0.04464051 0.06562590
v -0.13898566 -0.04475979 0.06436333
v -0.13509900 -0.04020078 0.03701467
v -0.13588130 -0.04016102 0.04069539
v -0.13451538 -0.04457424 0.04093079
v -0.13612964 -0.04147306 0.04390533
v -0.13639041 -0.04233450 0.04653748
v -0.13549636 -0.04417666 0.04508231
v -0.13583162 -0.04538267 0.04872024
v -0.13614206 -0.04638989 0.05195157
v -0.13698644 -0.04870916 0.06038301
v -0.13766942 -0.04951758 0.06562590
v -0.13735898 -0.00045526 0.02098638
v -0.13680019 -0.00178055 0.01873943
v -0.13668843 -0.00720100 0.01927441
v -0.13605513 -0.00967930 0.01722006
v -0.13575712 -0.01316481 0.01724146
v -0.13333572 -0.04012126 0.02922522
v -0.13425461 -0.04016102 0.03314134
v -0.13349714 -0.03654297 0.02530910
v -0.13476372 -0.01312505 0.01334673
v -0.13369583 -0.02148765 0.01341093
v -0.13314945 -0.02482739 0.01345373
v -0.13329846 -0.02882977 0.01741265
v -0.13223056 -0.03545623 0.01912462
v -0.13192012 -0.03386588 0.01647107
v -0.10193198 -0.04815253 -0.04090120
v -0.10460173 -0.04582002 -0.03854724
v -0.10378218 -0.04430918 -0.04087980
v -0.10155946 -0.04381883 -0.04451772
v -0.10440305 -0.04102246 -0.04212097
v -0.10065298 -0.05332117 -0.03854724
v -0.10223000 -0.05211516 -0.03715627
v -0.10478800 -0.05006095 -0.03490931
v -0.10412987 -0.04858988 -0.03715627
v -0.09792115 -0.05962956 -0.03679248
v -0.10069024 -0.05748259 -0.03465252
v -0.10000728 -0.05598501 -0.03711347
v -0.09788389 -0.06345966 -0.03274796
v -0.10066540 -0.06128618 -0.03058660
v -0.10152220 -0.05876813 -0.03195617
v -0.04056494 -0.10924851 -0.02119219
v -0.01925659 -0.11048103 -0.02504411
v -0.01925659 -0.11122320 -0.02356754
v -0.02134272 -0.11201837 -0.02181277
v -0.02135514 -0.11294608 -0.01988681
v -0.02532872 -0.11280030 -0.01967282
v -0.02787430 -0.11262801 -0.01937322
v -0.03019636 -0.11242921 -0.01900943
v -0.03249359 -0.11223042 -0.01864563
v -0.03644234 -0.11183283 -0.01791805
v -0.04035384 -0.11142199 -0.01676247
v -0.04034142 -0.11302560 -0.01325294
v -0.04424050 -0.11174007 -0.01391633
v -0.04650048 -0.11225693 -0.01136978
v -0.04776706 -0.11123646 -0.01278215
v -0.05092109 -0.10858587 -0.01603489
v -0.05200141 -0.10757865 -0.01723326
v -0.05562730 -0.10625335 -0.01699787
v -0.05560247 -0.10482203 -0.01990821
v -0.05772586 -0.10812202 -0.01130558
v -0.05926562 -0.10673046 -0.01282495
v -0.05922837 -0.10484854 -0.01674107
v -0.06030868 -0.10378830 -0.01789665
v -0.05922837 -0.10292686 -0.02055020
v -0.07119879 -0.09840762 -0.01697647
v -0.07018056 -0.10092568 -0.01316734
v -0.06169944 -0.10441119 -0.01526450
v -0.06318953 -0.10484854 -0.01288915
v -0.06549918 -0.10437143 -0.01143398
v -0.06833036 -0.10380156 -0.00935822
v -0.07150922 -0.10186663 -0.00963641
v -0.07414173 -0.09704257 -0.01616328
v -0.07534622 -0.09561125 -0.01734026
v -0.07524688 -0.09367632 -0.02095679
v -0.07657555 -0.09203296 -0.02221936
v -0.07802839 -0.08938238 -0.02489431
v -0.07923288 -0.09070767 -0.02119219
v -0.08180329 -0.08936913 -0.02014360
v -0.08439854 -0.08826913 -0.01834604
v -0.08567754 -0.08548602 -0.02104239
v -0.08653434 -0.08251736 -0.02442352
v -0.08845905 -0.08451855 -0.01858144
v -0.08762708 -0.08369688 -0.02104239
v -0.08895574 -0.08108605 -0.02318235
v -0.08807410 -0.08017160 -0.02579309
v -0.09047068 -0.07863426 -0.02446632
v -0.09199802 -0.07612946 -0.02577170
v -0.09368679 -0.07502946 -0.02470172
v -0.09559908 -0.07529452 -0.02134198
v -0.09660490 -0.07316080 -0.02277575
v -0.09588469 -0.07224635 -0.02508691
v -0.09685324 -0.06946324 -0.02709847
v -0.09744928 -0.07027166 -0.02510831
v -0.09762312 -0.06728975 -0.02861784
v -0.09953541 -0.06747530 -0.02517251
v -0.10123660 -0.06618976 -0.02393133
v -0.10051639 -0.06510302 -0.02649928
v -0.09989552 -0.06368496 -0.02917423
v -0.10568205 -0.03976343 -0.04090120
v -0.10696105 -0.03638394 -0.04094400
v -0.10847598 -0.03641044 -0.03848304
v -0.10966805 -0.03645020 -0.03649288
v -0.11290901 -0.03570804 -0.03142118
v -0.11217638 -0.03317673 -0.03409613
v -0.11249923 -0.03060566 -0.03471672
v -0.11377823 -0.02896230 -0.03321875
v -0.11493305 -0.02486715 -0.03298335
v -0.11649765 -0.02301174 -0.03092899
v -0.11571535 -0.02165994 -0.03272656
v -0.11585194 -0.01727322 -0.03366814
v -0.11730479 -0.01324433 -0.03217017
v -0.11614996 -0.01331060 -0.03418173
v -0.11305802 -0.01327084 -0.03940323
v -0.11454811 -0.01331060 -0.03692088
v -0.11325670 -0.00965279 -0.03963862
v -0.11336845 -0.00553113 -0.03978842
v -0.11217638 -0.00045526 -0.04190698
v -0.11345538 -0.00164802 -0.03989542
v -0.06597105 -0.12527130 0.06562590
v -0.06702653 -0.12479419 0.06562590
v -0.06896365 -0.12385323 0.06562590
v -0.07059033 -0.12305806 0.06562590
v -0.07144714 -0.12247493 0.06464152
v -0.07147197 -0.12181229 0.06070400
v -0.07060275 -0.12084483 0.05287175
v -0.06996946 -0.12054000 0.04961902
v -0.06797025 -0.12130868 0.04854904
v -0.06943551 -0.12027494 0.04698687
v -0.06897606 -0.12008940 0.04499671
v -0.07148439 -0.11798219 0.04112338
v -0.06722520 -0.11933399 0.03750686
v -0.06569786 -0.12042073 0.03894063
v -0.06376073 -0.12095084 0.03746406
v -0.06236998 -0.12060627 0.03339814
v -0.06172427 -0.12032796 0.03104418
v -0.06099164 -0.11999663 0.02841204
v -0.05963814 -0.12084483 0.02967461
v -0.06017209 -0.11962555 0.02563009
v -0.05910419 -0.11910868 0.02205636
v -0.05947671 -0.11780991 0.01786205
v -0.05531687 -0.11941351 0.01788345
v -0.05146746 -0.11955929 0.01383892
v -0.04871079 -0.12007615 0.01244795
v -0.04766772 -0.11967857 0.01002980
v -0.04782915 -0.11839303 0.00611368
v -0.04412875 -0.11938700 0.00602808
v -0.04412875 -0.12077855 0.01047919
v -0.04061461 -0.12124241 0.00930221
v -0.03662860 -0.12222312 0.00949481
v -0.03506401 -0.12064603 0.00358853
v -0.03246876 -0.12178578 0.00572848
v -0.03238184 -0.12087133 0.00294654
v -0.02837100 -0.12110988 0.00187656
v -0.02707958 -0.12063277 -0.00000660
v -0.02496862 -0.12160023 0.00204776
v -0.02097020 -0.12312432 0.00594248
v -0.02098261 -0.12393275 0.00857463
v -0.01925659 -0.12448938 0.01028659
v -0.13370824 -0.04454774 0.03710027
v -0.13296320 -0.04896096 0.04069539
v -0.13394417 -0.04868265 0.04488971
v -0.13472647 -0.04874892 0.04876304
v -0.13564537 -0.04849711 0.05302155
v -0.13599305 -0.04946457 0.05650968
v -0.13636557 -0.05055131 0.06040441
v -0.13656426 -0.05106818 0.06241597
v -0.13678777 -0.05173082 0.06504811
v -0.13703612 -0.05130673 0.06562590
v -0.13680019 -0.00045526 0.01873943
v -0.13630348 -0.00178055 0.01679207
v -0.13506175 -0.00963954 0.01332534
v -0.13216848 -0.04228149 0.02721366
v -0.13242924 -0.04298389 0.02924662
v -0.13282660 -0.04462726 0.03333394
v -0.13252859 -0.03642370 0.02139297
v -0.13193255 -0.03729839 0.02008760
v -0.13225541 -0.03842489 0.02269835
v -0.13183321 -0.04132728 0.02464571
v -0.13251617 -0.03996223 0.02567289
v -0.13401868 -0.00961303 0.00945201
v -0.13370824 -0.01308530 0.00947341
v -0.13316187 -0.01724671 0.00947341
v -0.13262791 -0.02109006 0.00938781
v -0.13211880 -0.02203102 0.00803964
v -0.13240441 -0.02481413 0.01075738
v -0.13220573 -0.02655027 0.01137797
v -0.13147310 -0.03283215 0.01390312
v -0.13157243 -0.03643695 0.01771225
v -0.13046729 -0.03652972 0.01362493
v -0.13021894 -0.03321649 0.00968741
v -0.10521019 -0.04295739 -0.03959582
v -0.10535920 -0.04754290 -0.03600069
v -0.10604216 -0.04441521 -0.03722047
v -0.10146012 -0.05476574 -0.03593650
v -0.10424163 -0.05206214 -0.03396773
v -0.10540887 -0.05210190 -0.03197757
v -0.10738324 -0.05181034 -0.02883183
v -0.10898509 -0.05040553 -0.02731246
v -0.10630293 -0.04874892 -0.03343274
v -0.10488733 -0.05789343 -0.02724827
v -0.10416712 -0.05654163 -0.02981621
v -0.10282603 -0.05568019 -0.03287635
v -0.10141045 -0.06246569 -0.02804005
v -0.10278879 -0.05960306 -0.02891743
v -0.01925659 -0.11205813 -0.02187697
v -0.01925659 -0.11298584 -0.01995101
v -0.01925659 -0.11360873 -0.01862424
v -0.02133030 -0.11417860 -0.01723326
v -0.02530389 -0.11397980 -0.01719046
v -0.02892978 -0.11335692 -0.01746866
v -0.03251843 -0.11314487 -0.01667687
v -0.03250601 -0.11472197 -0.01321014
v -0.03645476 -0.11273403 -0.01592789
v -0.03905001 -0.11240271 -0.01530730
v -0.03645476 -0.11399306 -0.01312454
v -0.04030417 -0.11473523 -0.00927262
v -0.04422808 -0.11258825 -0.01203317
v -0.04424050 -0.11378101 -0.00922982
v -0.04775464 -0.11276054 -0.00920842
v -0.04879771 -0.11187259 -0.01049240
v -0.05164130 -0.11138223 -0.00920842
v -0.05198899 -0.10938104 -0.01340274
v -0.05560247 -0.10854611 -0.01220436
v -0.05561489 -0.10987140 -0.00922982
v -0.05960089 -0.10985814 -0.00539930
v -0.05925320 -0.10849309 -0.00893023
v -0.06037077 -0.10752563 -0.01000021
v -0.07214251 -0.09978592 -0.01316734
v -0.07299932 -0.10030279 -0.01109159
v -0.06312745 -0.10667745 -0.00899442
v -0.06640565 -0.10484854 -0.00935822
v -0.06917474 -0.10423891 -0.00734666
v -0.07136022 -0.10366903 -0.00582729
v -0.07398030 -0.10089917 -0.00852363
v -0.07530896 -0.09777148 -0.01327434
v -0.07672456 -0.09615462 -0.01460112
v -0.07761861 -0.09277513 -0.01967282
v -0.08020144 -0.09183417 -0.01804645
v -0.08118242 -0.09254983 -0.01539290
v -0.08278427 -0.09042936 -0.01686947
v -0.08529260 -0.08902455 -0.01569249
v -0.08686961 -0.08679806 -0.01714766
v -0.08927860 -0.08531373 -0.01592789
v -0.09085561 -0.08296796 -0.01727606
v -0.09242022 -0.08060894 -0.01862424
v -0.08963870 -0.08178846 -0.02108519
v -0.09161308 -0.07974751 -0.02112799
v -0.09345086 -0.07778607 -0.02114939
v -0.09628204 -0.07655355 -0.01843164
v -0.09733753 -0.07411501 -0.02018640
v -0.09881520 -0.07145117 -0.02121358
v -0.10029288 -0.06873432 -0.02224077
v -0.10218033 -0.06376448 -0.02521531
v -0.10182022 -0.06755482 -0.02110659
v -0.10458932 -0.06539459 -0.01894523
v -0.10409261 -0.06391026 -0.02166298
v -0.10786752 -0.04014777 -0.03709207
v -0.10862499 -0.04171161 -0.03480232
v -0.11172935 -0.03658273 -0.03287635
v -0.11370373 -0.03660924 -0.02930263
v -0.11588920 -0.03662249 -0.02510831
v -0.11689502 -0.03569478 -0.02376013
v -0.11631139 -0.03307071 -0.02647788
v -0.11494547 -0.03311047 -0.02906723
v -0.11330637 -0.03316347 -0.03208457
v -0.11009024 -0.04021403 -0.03328294
v -0.11221363 -0.04055861 -0.02932402
v -0.11277242 -0.04232124 -0.02709847
v -0.11596370 -0.02918760 -0.02913143
v -0.11631139 -0.02482739 -0.03052240
v -0.11736688 -0.02478763 -0.02859644
v -0.11757797 -0.02156717 -0.02940962
v -0.11670875 -0.02059971 -0.03124999
v -0.11698193 -0.01722021 -0.03167798
v -0.11843478 -0.01715394 -0.02904583
v -0.11903081 -0.01315156 -0.02902443
v -0.11747864 -0.00975881 -0.03246976
v -0.11633623 -0.00979857 -0.03445992
v -0.11489580 -0.00974556 -0.03692088
v -0.11508206 -0.00559740 -0.03694227
v -0.11525591 -0.00170103 -0.03692088
v -0.11344296 -0.00045526 -0.03987402
v -0.11465987 -0.00045526 -0.03788386
v -0.07137263 -0.12266047 0.06562590
v -0.07452666 -0.12089783 0.06464152
v -0.07475018 -0.12093759 0.06562590
v -0.07390579 -0.12055325 0.06070400
v -0.07352085 -0.12034121 0.05835004
v -0.07165824 -0.12104361 0.05693767
v -0.07307382 -0.12010266 0.05576070
v -0.07255229 -0.11983760 0.05287175
v -0.07133538 -0.11962555 0.04857044
v -0.07145955 -0.11883038 0.04501811
v -0.07357052 -0.11637859 0.03874803
v -0.07302416 -0.11608702 0.03618009
v -0.07163340 -0.11706774 0.03737846
v -0.06753564 -0.11822074 0.03337674
v -0.06508940 -0.12011591 0.03639408
v -0.06434435 -0.11974483 0.03339814
v -0.06322679 -0.11932074 0.02963181
v -0.06345029 -0.11820749 0.02560869
v -0.06363656 -0.11702798 0.02160697
v -0.06234515 -0.11655087 0.01784064
v -0.06163735 -0.11623280 0.01565789
v -0.06071846 -0.11586172 0.01304714
v -0.05942705 -0.11674967 0.01420272
v -0.05807354 -0.11643159 0.01131377
v -0.05550313 -0.11818098 0.01392452
v -0.05154197 -0.11834002 0.00994420
v -0.05166614 -0.11704123 0.00609228
v -0.05041197 -0.11657737 0.00341733
v -0.04790365 -0.11702798 0.00224035
v -0.04681091 -0.11656413 -0.00002800
v -0.04416600 -0.11812797 0.00230455
v -0.04020483 -0.11902916 0.00224035
v -0.04047801 -0.12015566 0.00579268
v -0.03942253 -0.12076531 0.00688406
v -0.03639267 -0.12104361 0.00566429
v -0.03757233 -0.12036772 0.00442311
v -0.03631817 -0.11993037 0.00230455
v -0.03634300 -0.11857857 -0.00161157
v -0.03239425 -0.11926772 -0.00169717
v -0.02838342 -0.11993037 -0.00148317
v -0.02501829 -0.11884363 -0.00561329
v -0.02498104 -0.12007615 -0.00223216
v -0.02100745 -0.12087133 -0.00060579
v -0.02099503 -0.12179903 0.00202636
v -0.01925659 -0.12323034 0.00611368
v -0.01925659 -0.12186530 0.00202636
v -0.01925659 -0.12240867 0.00365273
v -0.01925659 -0.12394601 0.00844623
v -0.13201946 -0.04620435 0.03211417
v -0.13231748 -0.04709230 0.03476771
v -0.13256584 -0.04788747 0.03716447
v -0.13194497 -0.04967662 0.03720726
v -0.13215605 -0.05032602 0.03921882
v -0.13242924 -0.05100191 0.04178678
v -0.13421735 -0.05214166 0.05267916
v -0.13494999 -0.05220793 0.05653108
v -0.13565778 -0.05232721 0.06042580
v -0.13245408 -0.05845006 0.05732287
v -0.13491273 -0.05582598 0.06440613
v -0.13682502 -0.05187661 0.06562590
v -0.13630348 -0.00045526 0.01679207
v -0.13540944 -0.00176730 0.01330394
v -0.13437878 -0.00172754 0.00945201
v -0.13119991 -0.04408389 0.02573709
v -0.13167179 -0.04525015 0.02928942
v -0.13146069 -0.03994897 0.02143578
v -0.13041761 -0.04008150 0.01760525
v -0.12999543 -0.04450798 0.02156417
v -0.13327363 -0.00167453 0.00555729
v -0.13281418 -0.00944074 0.00521490
v -0.13231748 -0.01044797 0.00369552
v -0.13275210 -0.01305879 0.00611368
v -0.13230507 -0.01965875 0.00756885
v -0.13168419 -0.02106356 0.00604948
v -0.13040519 -0.02132862 0.00179096
v -0.13096398 -0.02481413 0.00574988
v -0.13185804 -0.02481413 0.00885282
v -0.13136135 -0.02844544 0.00992280
v -0.12936213 -0.03652972 0.00973021
v -0.12912620 -0.04046584 0.01332534
v -0.13006992 -0.02886953 0.00579268
v -0.12892751 -0.03348155 0.00555729
v -0.12813281 -0.03492611 0.00410211
v -0.10887334 -0.04637664 -0.03088619
v -0.10819038 -0.04470677 -0.03336854
v -0.10492459 -0.05387780 -0.03110019
v -0.10539645 -0.05544164 -0.02878904
v -0.10738324 -0.05554766 -0.02506551
v -0.10832697 -0.05271154 -0.02619969
v -0.10949421 -0.05171757 -0.02504411
v -0.11230056 -0.04914650 -0.02224077
v -0.11139408 -0.04813928 -0.02487291
v -0.10950662 -0.04848385 -0.02804005
v -0.10833939 -0.04856337 -0.03003021
v -0.10420438 -0.06071631 -0.02521531
v -0.10476316 -0.06163076 -0.02318235
v -0.10542129 -0.05880788 -0.02525810
v -0.10824004 -0.05681995 -0.02211237
v -0.01925659 -0.11424486 -0.01723326
v -0.01925659 -0.11502678 -0.01549990
v -0.01925659 -0.11603400 -0.01323154
v -0.02284523 -0.11669665 -0.01141258
v -0.02521697 -0.11571594 -0.01329574
v -0.02869385 -0.11530510 -0.01325294
v -0.03244392 -0.11602076 -0.01010721
v -0.03506401 -0.11655087 -0.00766765
v -0.03638025 -0.11570269 -0.00910142
v -0.04025450 -0.11595449 -0.00619108
v -0.04390523 -0.11550389 -0.00505690
v -0.03633059 -0.11708099 -0.00563469
v -0.04791607 -0.11427138 -0.00531370
v -0.05031264 -0.11240271 -0.00790305
v -0.05565214 -0.11144849 -0.00537790
v -0.05701806 -0.11193886 -0.00280995
v -0.05960089 -0.11139548 -0.00146177
v -0.06381041 -0.10935453 -0.00180417
v -0.06245690 -0.10851960 -0.00544209
v -0.06158768 -0.10808226 -0.00743226
v -0.07523446 -0.09958713 -0.00963641
v -0.06439403 -0.10757865 -0.00546350
v -0.06769707 -0.10570998 -0.00582729
v -0.07018056 -0.10479553 -0.00475731
v -0.07278823 -0.10406662 -0.00293834
v -0.07524688 -0.10148230 -0.00544209
v -0.07661279 -0.10006424 -0.00668327
v -0.07771795 -0.09681727 -0.01205457
v -0.07898453 -0.09335826 -0.01686947
v -0.07903420 -0.09524017 -0.01327434
v -0.08027595 -0.09590282 -0.01025700
v -0.08189021 -0.09315946 -0.01321014
v -0.08608731 -0.08970045 -0.01325294
v -0.08801202 -0.08801733 -0.01325294
v -0.08865772 -0.08861371 -0.01117718
v -0.09006090 -0.08608240 -0.01327434
v -0.09203527 -0.08412097 -0.01331714
v -0.09322735 -0.08141737 -0.01594929
v -0.09597160 -0.08014509 -0.01331714
v -0.09475470 -0.07901859 -0.01719046
v -0.09700225 -0.07742824 -0.01575669
v -0.10070265 -0.07333308 -0.01522170
v -0.10015628 -0.07259093 -0.01727606
v -0.10098826 -0.06974154 -0.01965142
v -0.10160913 -0.07064275 -0.01729746
v -0.10370768 -0.06768734 -0.01746866
v -0.10522260 -0.06649458 -0.01622748
v -0.10614150 -0.06406930 -0.01759706
v -0.10539645 -0.06277051 -0.02065720
v -0.10949421 -0.04342124 -0.03208457
v -0.11418801 -0.04061162 -0.02557910
v -0.11654732 -0.03766947 -0.02305395
v -0.11727995 -0.03304420 -0.02455192
v -0.11761523 -0.03660924 -0.02162018
v -0.11883213 -0.03300444 -0.02138478
v -0.11782632 -0.02912133 -0.02555770
v -0.11698193 -0.02786231 -0.02789025
v -0.11231297 -0.04449473 -0.02619969
v -0.11283450 -0.04674773 -0.02335354
v -0.11329395 -0.04452123 -0.02427372
v -0.11473438 -0.04452123 -0.02134198
v -0.11047519 -0.04473328 -0.02934543
v -0.11939092 -0.02439004 -0.02478731
v -0.12045882 -0.02299848 -0.02324654
v -0.11967652 -0.02122259 -0.02547210
v -0.11994970 -0.01710093 -0.02615689
v -0.11935367 -0.00969255 -0.02902443
v -0.12021047 -0.01309855 -0.02675608
v -0.11958960 -0.00171428 -0.02925983
v -0.11765247 -0.00172754 -0.03281215
v -0.11643556 -0.00563715 -0.03463112
v -0.11652249 -0.00174079 -0.03478092
v -0.11606304 -0.00045526 -0.03552990
v -0.07645137 -0.11986411 0.06464152
v -0.07586775 -0.11950627 0.06068260
v -0.07658796 -0.11994362 0.06562590
v -0.07504820 -0.11926772 0.05693767
v -0.07535864 -0.11834002 0.05287175
v -0.07568149 -0.11734605 0.04876304
v -0.07479985 -0.11705448 0.04503951
v -0.07404238 -0.11664365 0.04114479
v -0.07509787 -0.11523884 0.03742126
v -0.07602917 -0.11557015 0.04116619
v -0.07539588 -0.11413884 0.03344094
v -0.07241570 -0.11574245 0.03341954
v -0.06980804 -0.11640509 0.03070179
v -0.06770948 -0.11714726 0.02943922
v -0.06654224 -0.11673641 0.02558729
v -0.06580962 -0.11635208 0.02282675
v -0.06507699 -0.11598100 0.02023739
v -0.06433194 -0.11564967 0.01784064
v -0.06318953 -0.11510630 0.01420272
v -0.06348755 -0.11372801 0.01011540
v -0.05948913 -0.11545088 0.01005120
v -0.05960089 -0.11417860 0.00626348
v -0.05700564 -0.11602076 0.00872442
v -0.05560247 -0.11692195 0.00998700
v -0.05563972 -0.11564967 0.00613507
v -0.05563972 -0.11439064 0.00243295
v -0.05170339 -0.11571594 0.00226175
v -0.04908331 -0.11615328 0.00091358
v -0.04794090 -0.11571594 -0.00135478
v -0.04499797 -0.11611352 -0.00266015
v -0.04021725 -0.11770388 -0.00154737
v -0.04021725 -0.11669665 -0.00426512
v -0.03241909 -0.11784966 -0.00552769
v -0.02854484 -0.11840628 -0.00559189
v -0.02105712 -0.11902916 -0.00567749
v -0.02859451 -0.11714726 -0.00882323
v -0.02509279 -0.11739906 -0.00929402
v -0.02101987 -0.12018218 -0.00251035
v -0.01925659 -0.12020868 -0.00261735
v -0.01925659 -0.12089783 -0.00069139
v -0.13054180 -0.04857663 0.02935362
v -0.13154760 -0.04839108 0.03339814
v -0.13009475 -0.05206214 0.03333394
v -0.13021894 -0.05582598 0.04114479
v -0.13097640 -0.05206214 0.03725006
v -0.12818247 -0.05777415 0.03568789
v -0.13267759 -0.05207540 0.04512511
v -0.13344748 -0.05208865 0.04882723
v -0.13219331 -0.05786693 0.05475492
v -0.13157243 -0.05993438 0.05627429
v -0.13180836 -0.06125968 0.06051141
v -0.13275210 -0.05912595 0.06049000
v -0.13319913 -0.06025245 0.06562590
v -0.13516109 -0.05573320 0.06562590
v -0.13540944 -0.00045526 0.01330394
v -0.13436637 -0.00045526 0.00945201
v -0.13327363 -0.00045526 0.00555729
v -0.13473889 -0.00045526 0.01082158
v -0.12957323 -0.04857663 0.02548029
v -0.12891511 -0.04464051 0.01769085
v -0.12851775 -0.04322245 0.01443811
v -0.12838115 -0.04723808 0.01906042
v -0.12866675 -0.04848385 0.02184237
v -0.13254100 -0.00163477 0.00305354
v -0.13189529 -0.00557089 0.00142717
v -0.13189529 -0.00942749 0.00202636
v -0.13218090 -0.01303229 0.00414492
v -0.13062871 -0.00961303 -0.00221076
v -0.13029345 -0.01301903 -0.00221076
v -0.13146069 -0.01301903 0.00168396
v -0.12974708 -0.01711419 -0.00218936
v -0.12920070 -0.02120934 -0.00212516
v -0.12820732 -0.02310451 -0.00422232
v -0.12980916 -0.02474787 0.00185516
v -0.12846808 -0.03650321 0.00675567
v -0.12819489 -0.03812007 0.00754745
v -0.12853016 -0.03911404 0.00977300
v -0.12813281 -0.04213571 0.01178457
v -0.12885302 -0.02890929 0.00183376
v -0.12780995 -0.03344179 0.00189796
v -0.12787203 -0.03650321 0.00482970
v -0.12664271 -0.03309721 -0.00201816
v -0.12699040 -0.03648996 0.00200496
v -0.11148100 -0.05179709 -0.02112799
v -0.11292142 -0.05051155 -0.01965142
v -0.11329395 -0.04816579 -0.02110659
v -0.10682446 -0.05985486 -0.02138478
v -0.10888576 -0.05801271 -0.01956582
v -0.01925659 -0.11676292 -0.01149818
v -0.01925659 -0.11750508 -0.00972201
v -0.02515488 -0.11659063 -0.01121998
v -0.02861935 -0.11635208 -0.01074919
v -0.03243151 -0.11680268 -0.00815984
v -0.04234063 -0.11644485 -0.00355893
v -0.05162888 -0.11443040 -0.00141898
v -0.05164130 -0.11294608 -0.00533510
v -0.05566456 -0.11294608 -0.00146177
v -0.05827222 -0.11244247 -0.00013500
v -0.05958847 -0.11287981 0.00253995
v -0.06087989 -0.11188584 0.00134157
v -0.06624423 -0.10855936 -0.00069139
v -0.06527566 -0.10801599 -0.00336634
v -0.06333854 -0.11120994 0.00251855
v -0.06749839 -0.10744611 -0.00184697
v -0.07143472 -0.10537865 -0.00159017
v -0.07366986 -0.10459674 -0.00030620
v -0.07504820 -0.10321843 -0.00161157
v -0.07746960 -0.10063411 -0.00413672
v -0.07902179 -0.09732088 -0.00912282
v -0.07889761 -0.09908352 -0.00546350
v -0.08114517 -0.09651245 -0.00768905
v -0.08287119 -0.09436548 -0.00927262
v -0.08460964 -0.09217875 -0.01085619
v -0.08540435 -0.09282814 -0.00830964
v -0.08939036 -0.08927636 -0.00865203
v -0.09099221 -0.08702335 -0.00995741
v -0.09260648 -0.08470410 -0.01128418
v -0.09399723 -0.08217279 -0.01331714
v -0.09655522 -0.08078124 -0.01124138
v -0.09763554 -0.07821017 -0.01333854
v -0.10136078 -0.07418128 -0.01265375
v -0.10411745 -0.07272345 -0.00950801
v -0.10283846 -0.07163672 -0.01359534
v -0.10432855 -0.06891986 -0.01457971
v -0.10583106 -0.06768734 -0.01335994
v -0.10852565 -0.06539459 -0.01107019
v -0.10820280 -0.06082233 -0.01755426
v -0.10806621 -0.06409580 -0.01370233
v -0.11618721 -0.04049234 -0.02159878
v -0.11667149 -0.04214896 -0.01928762
v -0.11718061 -0.03924657 -0.02048600
v -0.11800017 -0.04046584 -0.01776825
v -0.11976344 -0.03629117 -0.01719046
v -0.11990003 -0.02885627 -0.02138478
v -0.12078167 -0.03516467 -0.01571389
v -0.12021047 -0.03297794 -0.01836744
v -0.12050849 -0.03047313 -0.01915923
v -0.12021047 -0.02529124 -0.02262596
v -0.11493305 -0.04844410 -0.01740446
v -0.11628656 -0.04485255 -0.01772545
v -0.12104244 -0.02433703 -0.02134198
v -0.12275605 -0.02458883 -0.01744726
v -0.12170057 -0.02116958 -0.02132058
v -0.12091826 -0.01711419 -0.02420952
v -0.12119144 -0.01308530 -0.02480871
v -0.12038432 -0.00965279 -0.02703427
v -0.12132804 -0.00592872 -0.02553630
v -0.12137771 -0.00961303 -0.02508691
v -0.11993729 -0.00045526 -0.02855364
v -0.11957718 -0.00045526 -0.02923843
v -0.11832302 -0.00045526 -0.03154958
v -0.12059542 -0.00170103 -0.02731246
v -0.12059542 -0.00045526 -0.02729106
v -0.11765247 -0.00045526 -0.03276936
v -0.11690742 -0.00045526 -0.03407473
v -0.07925771 -0.11823400 0.06464152
v -0.07956815 -0.11734605 0.06055421
v -0.07877343 -0.11714726 0.05674508
v -0.07853750 -0.11881713 0.06562590
v -0.07814014 -0.11677617 0.05285036
v -0.07719642 -0.11620630 0.04732926
v -0.07677422 -0.11598100 0.04506091
v -0.07763103 -0.11648461 0.04994001
v -0.07876102 -0.11311836 0.03733566
v -0.07929497 -0.11450992 0.04506091
v -0.07960541 -0.11343643 0.04099499
v -0.07797872 -0.11265451 0.03348374
v -0.07748202 -0.11234970 0.03115119
v -0.07550765 -0.11311836 0.02969601
v -0.07126088 -0.11534486 0.02943922
v -0.06916233 -0.11606052 0.02806965
v -0.06855387 -0.11571594 0.02558729
v -0.06727487 -0.11527860 0.02160697
v -0.06742389 -0.11413884 0.01781925
v -0.06748597 -0.11299908 0.01407432
v -0.06602071 -0.11250873 0.01009400
v -0.06542468 -0.11217741 0.00814664
v -0.06332613 -0.11265451 0.00662727
v -0.06193537 -0.11234970 0.00386672
v -0.01925659 -0.11908218 -0.00567749
v -0.01925659 -0.11953278 -0.00445771
v -0.12829423 -0.05051155 0.02329754
v -0.12857984 -0.05112119 0.02550170
v -0.12903927 -0.05222118 0.02928942
v -0.12790929 -0.05715127 0.03339814
v -0.13157243 -0.05648862 0.04889143
v -0.12845565 -0.05841030 0.03823444
v -0.12507811 -0.05883439 0.02539470
v -0.12646886 -0.06009342 0.03337674
v -0.12746226 -0.05990788 0.03712167
v -0.13198222 -0.05738982 0.05274336
v -0.13080256 -0.06005366 0.05278616
v -0.12974708 -0.06400303 0.05663808
v -0.13051695 -0.06400303 0.06053281
v -0.13208155 -0.06185606 0.06340035
v -0.13251617 -0.06176329 0.06562590
v -0.13196980 -0.00045526 0.00112758
v -0.13196980 -0.00160827 0.00110617
v -0.12795896 -0.04963686 0.02072959
v -0.12800862 -0.04624411 0.01640688
v -0.12772303 -0.04461400 0.01336813
v -0.12757402 -0.04848385 0.01775505
v -0.13097640 -0.00159501 -0.00225356
v -0.13080256 -0.00558414 -0.00225356
v -0.12938697 -0.00959978 -0.00606268
v -0.12903927 -0.01300578 -0.00606268
v -0.12853016 -0.01667684 -0.00608408
v -0.12835632 -0.02114308 -0.00473591
v -0.12771061 -0.02110332 -0.00666187
v -0.12659305 -0.02105030 -0.00980761
v -0.12587283 -0.02454907 -0.00985041
v -0.12740017 -0.02440329 -0.00572029
v -0.12795896 -0.02545028 -0.00338774
v -0.12861708 -0.02444305 -0.00208236
v -0.12841840 -0.02729243 -0.00073419
v -0.12722633 -0.03976343 0.00613507
v -0.12783478 -0.04126101 0.00979440
v -0.12672964 -0.04444171 0.00979440
v -0.12761127 -0.02886953 -0.00206096
v -0.12627019 -0.02877676 -0.00601988
v -0.12520228 -0.03293818 -0.00614828
v -0.12439515 -0.03411769 -0.00753925
v -0.12487944 -0.03582731 -0.00488571
v -0.12558723 -0.04039957 0.00170536
v -0.12546306 -0.03667550 -0.00238196
v -0.11340571 -0.05181034 -0.01719046
v -0.11533041 -0.05167781 -0.01316734
v -0.11669633 -0.05027300 -0.01166937
v -0.11217638 -0.05685970 -0.01421592
v -0.10944454 -0.05880788 -0.01751146
v -0.06749839 -0.10908948 0.00243295
v -0.06450578 -0.11174007 0.00557869
v -0.06887673 -0.10785695 0.00117037
v -0.07116153 -0.10706178 0.00236875
v -0.07447700 -0.10510035 0.00226175
v -0.07641412 -0.10390758 0.00226175
v -0.07825190 -0.10116423 -0.00161157
v -0.08021386 -0.09982568 -0.00163297
v -0.08177846 -0.09702932 -0.00552769
v -0.08375284 -0.09546547 -0.00557049
v -0.08618666 -0.09349079 -0.00561329
v -0.08812378 -0.09184742 -0.00565609
v -0.09019749 -0.09001852 -0.00567749
v -0.09214703 -0.08820287 -0.00569889
v -0.09331427 -0.08541976 -0.00871623
v -0.09720093 -0.08151014 -0.00867343
v -0.09874070 -0.07911136 -0.00970061
v -0.10200648 -0.07536078 -0.00946522
v -0.10457690 -0.07339935 -0.00751786
v -0.10550821 -0.07076202 -0.00952942
v -0.10493700 -0.06991383 -0.01199037
v -0.10765642 -0.06760783 -0.00967921
v -0.10941971 -0.06287653 -0.01250396
v -0.10910927 -0.06632229 -0.00848084
v -0.11006541 -0.06397653 -0.00967921
v -0.11082288 -0.05986812 -0.01338134
v -0.11729237 -0.04363329 -0.01661267
v -0.11994970 -0.04017428 -0.01363813
v -0.12044640 -0.03713936 -0.01498631
v -0.12129079 -0.03626466 -0.01372373
v -0.12085618 -0.02742496 -0.02010081
v -0.12225935 -0.03299119 -0.01370233
v -0.12106728 -0.03299119 -0.01642008
v -0.12158881 -0.02882977 -0.01770405
v -0.11627414 -0.04839108 -0.01447272
v -0.11668392 -0.04646941 -0.01537150
v -0.11806225 -0.04474653 -0.01389493
v -0.12363769 -0.02089127 -0.01708347
v -0.12356318 -0.02835266 -0.01340274
v -0.12404746 -0.02450932 -0.01440852
v -0.12430822 -0.02185873 -0.01509331
v -0.12383636 -0.01707443 -0.01796085
v -0.12232143 -0.01711419 -0.02129918
v -0.12291748 -0.01301903 -0.02123498
v -0.12326517 -0.00952026 -0.02119219
v -0.12358801 -0.00575643 -0.02087119
v -0.12171298 -0.00168778 -0.02512971
v -0.12170057 -0.00045526 -0.02512971
v -0.07917079 -0.11844604 0.06562590
v -0.08113275 -0.11726654 0.06562590
v -0.08180329 -0.11669665 0.06464152
v -0.08141835 -0.11644485 0.06177398
v -0.08104583 -0.11621955 0.05914183
v -0.08069814 -0.11599424 0.05672368
v -0.08008968 -0.11560991 0.05285036
v -0.08066089 -0.11195210 0.03735706
v -0.08107066 -0.11221717 0.03958261
v -0.08198956 -0.11285331 0.04506091
v -0.08149286 -0.11252199 0.04212917
v -0.07990342 -0.11146175 0.03348374
v -0.07897212 -0.11106416 0.02971741
v -0.07687356 -0.11201837 0.02849763
v -0.07621544 -0.11162079 0.02560869
v -0.07425348 -0.11273403 0.02558729
v -0.07143472 -0.11424486 0.02558729
v -0.07158373 -0.11310512 0.02173537
v -0.07031715 -0.11265451 0.01781925
v -0.06963419 -0.11230994 0.01548669
v -0.06885189 -0.11191234 0.01285454
v -0.06801992 -0.11144849 0.01005120
v -0.06701410 -0.11082561 0.00658447
v -0.12733809 -0.05178384 0.02186377
v -0.12470559 -0.05823801 0.02291234
v -0.12644403 -0.05587899 0.02548029
v -0.12749951 -0.05573320 0.02928942
v -0.12612117 -0.05199588 0.01775505
v -0.12876609 -0.05911270 0.04116619
v -0.12999543 -0.06004041 0.04893424
v -0.12774786 -0.06121992 0.04118759
v -0.12805830 -0.06182955 0.04388394
v -0.12353835 -0.05984161 0.02158557
v -0.12394813 -0.06100787 0.02533050
v -0.12352593 -0.06395002 0.02956762
v -0.12398538 -0.06494399 0.03335534
v -0.12427098 -0.06559338 0.03581629
v -0.12531404 -0.06421507 0.03718586
v -0.12638195 -0.06398978 0.04118759
v -0.12860467 -0.06300906 0.04897703
v -0.12890268 -0.06412231 0.05291455
v -0.12800862 -0.06542109 0.05169478
v -0.12829423 -0.06592471 0.05424133
v -0.12854258 -0.06636205 0.05663808
v -0.12893994 -0.06702470 0.06053281
v -0.13149793 -0.06395002 0.06562590
v -0.13142343 -0.06372472 0.06464152
v -0.13203189 -0.06282352 0.06562590
v -0.13164694 -0.00045526 0.00003620
v -0.12643161 -0.04853687 0.01375333
v -0.13096398 -0.00045526 -0.00225356
v -0.13011960 -0.00045526 -0.00490711
v -0.12974708 -0.00156851 -0.00608408
v -0.12839357 -0.00954676 -0.00888743
v -0.12821972 -0.01296602 -0.00841664
v -0.12792171 -0.01793587 -0.00736806
v -0.12736292 -0.01663708 -0.00944382
v -0.12573624 -0.01703467 -0.01348834
v -0.12507811 -0.02085151 -0.01370233
v -0.12482976 -0.02450932 -0.01252536
v -0.12459383 -0.02655027 -0.01194757
v -0.12500361 -0.02839242 -0.00970061
v -0.12496635 -0.04322245 0.00277534
v -0.12543821 -0.04460075 0.00583548
v -0.12518987 -0.04856337 0.00975161
v -0.12388604 -0.03289842 -0.00972201
v -0.12281814 -0.03642370 -0.00989321
v -0.12420889 -0.04038632 -0.00233916
v -0.12304164 -0.04005500 -0.00599848
v -0.12451932 -0.04202968 0.00016460
v -0.11278483 -0.05802596 -0.01162657
v -0.11713095 -0.04836458 -0.01256816
v -0.11610030 -0.05260552 -0.01032120
v -0.11701918 -0.05163805 -0.00929402
v -0.11829819 -0.05196937 -0.00580589
v -0.11837269 -0.04835133 -0.00972201
v -0.06970869 -0.10836057 0.00369552
v -0.07246537 -0.10769792 0.00609228
v -0.07704741 -0.10431842 0.00433751
v -0.07560698 -0.10573649 0.00579268
v -0.07940672 -0.10185338 0.00204776
v -0.08316921 -0.09769196 -0.00154737
v -0.08088440 -0.10028953 0.00065679
v -0.08455997 -0.09610161 -0.00278855
v -0.08873223 -0.09237754 -0.00345194
v -0.08940277 -0.09300043 -0.00081979
v -0.09340119 -0.08931611 -0.00094818
v -0.09269340 -0.08871973 -0.00360173
v -0.09608336 -0.08425350 -0.00567749
v -0.09794598 -0.08229207 -0.00565609
v -0.10047914 -0.08070172 -0.00332354
v -0.09993277 -0.08006557 -0.00563469
v -0.10370768 -0.07533428 -0.00599848
v -0.10153462 -0.07815715 -0.00563469
v -0.10514810 -0.07416803 -0.00494990
v -0.10784269 -0.07236562 -0.00173997
v -0.10665061 -0.07154395 -0.00576309
v -0.10817796 -0.06884035 -0.00659767
v -0.11206462 -0.06082233 -0.00957221
v -0.10956871 -0.06759458 -0.00542070
v -0.11231297 -0.06520904 -0.00289555
v -0.11185353 -0.06388375 -0.00587009
v -0.11253649 -0.06169702 -0.00736806
v -0.12045882 -0.04161884 -0.01121998
v -0.12095551 -0.03880922 -0.01243976
v -0.12424614 -0.02974422 -0.01083479
v -0.11993729 -0.04437545 -0.00987181
v -0.12451932 -0.01960574 -0.01554270
v -0.12407229 -0.01296602 -0.01868843
v -0.12469317 -0.01704792 -0.01597069
v -0.12495394 -0.01293951 -0.01669827
v -0.12423372 -0.00946725 -0.01909503
v -0.12437032 -0.00436487 -0.01935182
v -0.12350110 -0.00163477 -0.02142758
v -0.12350110 -0.00045526 -0.02142758
v -0.08193988 -0.11677617 0.06562590
v -0.08382733 -0.11541112 0.06462013
v -0.08294570 -0.11525209 0.06051141
v -0.08321888 -0.11440390 0.05670228
v -0.08349207 -0.11347619 0.05282896
v -0.08261042 -0.11325090 0.04893424
v -0.08314438 -0.11029549 0.03733566
v -0.08333064 -0.10923526 0.03363354
v -0.08225032 -0.10890394 0.02954621
v -0.08294570 -0.11128946 0.04097359
v -0.08457239 -0.11196536 0.04891284
v -0.08395151 -0.11154127 0.04503951
v -0.08164187 -0.10847984 0.02646468
v -0.07959298 -0.10947381 0.02535190
v -0.07864926 -0.10902321 0.02171397
v -0.07794147 -0.10861237 0.01882503
v -0.07512270 -0.11115694 0.02175677
v -0.07364503 -0.11237620 0.02306214
v -0.07299932 -0.11200512 0.02047280
v -0.07229153 -0.11160753 0.01781925
v -0.07113670 -0.11106416 0.01403152
v -0.07165824 -0.10940755 0.00977300
v -0.07049100 -0.10881116 0.00613507
v -0.12433307 -0.05754885 0.02036580
v -0.12394813 -0.05672718 0.01771225
v -0.12470559 -0.05080312 0.01103558
v -0.12504086 -0.05192962 0.01394592
v -0.12737534 -0.06379098 0.04514651
v -0.12772303 -0.06481146 0.04897703
v -0.12232143 -0.06004041 0.01771225
v -0.12130321 -0.06417531 0.02175677
v -0.12227177 -0.06424158 0.02533050
v -0.12238352 -0.06772710 0.03335534
v -0.12456900 -0.06616325 0.03836284
v -0.12093068 -0.06666687 0.02539470
v -0.12489185 -0.06671988 0.04114479
v -0.12389845 -0.07278972 0.05270056
v -0.12423372 -0.07331983 0.05569650
v -0.12520228 -0.06775360 0.04518930
v -0.12613359 -0.06759458 0.04893424
v -0.12538855 -0.07176924 0.05683068
v -0.12451932 -0.07374393 0.05826445
v -0.12629502 -0.07151744 0.06051141
v -0.12731326 -0.07157045 0.06562590
v -0.12920070 -0.06780662 0.06429913
v -0.12999543 -0.06679940 0.06562590
v -0.12430822 -0.04979590 0.00842483
v -0.12973466 -0.00045526 -0.00608408
v -0.12857984 -0.00045526 -0.00935822
v -0.12857984 -0.00151550 -0.00937962
v -0.12849291 -0.00553113 -0.00912282
v -0.12773544 -0.00950701 -0.01068499
v -0.12757402 -0.01293951 -0.01021420
v -0.12634469 -0.01292626 -0.01342414
v -0.12294231 -0.04437545 -0.00197536
v -0.12410955 -0.04456099 0.00168396
v -0.12441999 -0.04617785 0.00446591
v -0.12479251 -0.04734410 0.00703386
v -0.12150188 -0.04016102 -0.00993601
v -0.12095551 -0.04298389 -0.00869483
v -0.12146463 -0.04441521 -0.00593429
v -0.11319461 -0.05884764 -0.00959361
v -0.11600096 -0.05659464 -0.00574169
v -0.11513173 -0.05541514 -0.00925122
v -0.11663424 -0.05367900 -0.00775325
v -0.11648524 -0.05753560 -0.00330214
v -0.11780148 -0.05597176 -0.00188977
v -0.11985037 -0.05191636 -0.00178277
v -0.12042157 -0.04958385 -0.00317374
v -0.11992487 -0.04833808 -0.00587009
v -0.12042157 -0.04585978 -0.00719686
v -0.07314833 -0.10810876 0.00831783
v -0.07780487 -0.10476902 0.00688406
v -0.07912112 -0.10349675 0.00579268
v -0.07525929 -0.10731358 0.00964461
v -0.08160461 -0.10080640 0.00320333
v -0.08298295 -0.09930882 0.00204776
v -0.08592589 -0.09716184 0.00221895
v -0.08528018 -0.09665823 -0.00017780
v -0.08785059 -0.09561125 0.00219756
v -0.08700621 -0.09453777 -0.00180417
v -0.09012299 -0.09366307 0.00215475
v -0.09209736 -0.09188718 0.00213336
v -0.09415865 -0.09001852 0.00213336
v -0.09608336 -0.08817636 0.00215475
v -0.09499063 -0.08707637 -0.00227496
v -0.09660490 -0.08477036 -0.00360173
v -0.09723819 -0.08543301 -0.00094818
v -0.10110001 -0.08137761 -0.00066999
v -0.10370768 -0.07984027 0.00224035
v -0.10262736 -0.07901859 -0.00169717
v -0.10417954 -0.07659331 -0.00274575
v -0.10568205 -0.07536078 -0.00154737
v -0.10837664 -0.07312104 0.00080658
v -0.11283450 -0.06601748 -0.00024200
v -0.11360439 -0.06387050 -0.00161157
v -0.11307043 -0.06266448 -0.00473591
v -0.11398933 -0.06019944 -0.00591288
v -0.12512778 -0.00944074 -0.01710487
v -0.12670479 -0.00945400 -0.01340274
v -0.12441999 -0.00158176 -0.01945882
v -0.12542580 -0.00154200 -0.01725466
v -0.12441999 -0.00045526 -0.01943742
v -0.08395151 -0.11549063 0.06562590
v -0.08626116 -0.11400631 0.06562590
v -0.08708071 -0.11347619 0.06562590
v -0.08632325 -0.11310512 0.06059700
v -0.08575204 -0.11274729 0.05665948
v -0.08537952 -0.11249547 0.05411293
v -0.08498216 -0.11223042 0.05152358
v -0.08564029 -0.10858587 0.03729286
v -0.08523051 -0.10829430 0.03500311
v -0.08628599 -0.10907622 0.04114479
v -0.08477106 -0.10793647 0.03243516
v -0.08421228 -0.10755214 0.02952481
v -0.08716763 -0.11018947 0.04887003
v -0.08732906 -0.10930152 0.04529631
v -0.08689445 -0.11119670 0.05278616
v -0.08613699 -0.10510035 0.02560869
v -0.08109550 -0.10809551 0.02385393
v -0.08061122 -0.10777744 0.02169257
v -0.07933222 -0.10734009 0.01760525
v -0.07971716 -0.10580275 0.01351793
v -0.07724608 -0.10820154 0.01615008
v -0.07566908 -0.10960634 0.01762665
v -0.07456392 -0.10907622 0.01379613
v -0.07380645 -0.10857261 0.01084298
v -0.12340176 -0.05549465 0.01394592
v -0.12090585 -0.05859584 0.01069319
v -0.12125354 -0.05998740 0.01409572
v -0.12258221 -0.05194287 0.00596388
v -0.12378670 -0.05192962 0.00977300
v -0.12175023 -0.05613079 0.00955901
v -0.12089343 -0.06273075 0.01771225
v -0.12032223 -0.06542109 0.02066539
v -0.12065750 -0.06609699 0.02319054
v -0.12127837 -0.06788614 0.02950341
v -0.12008630 -0.07308129 0.03727146
v -0.12136529 -0.07100057 0.03727146
v -0.12167573 -0.07190177 0.04084519
v -0.11629897 -0.07331983 0.02408932
v -0.11764006 -0.07182225 0.02541610
v -0.11919224 -0.07121262 0.02958902
v -0.11960202 -0.07221984 0.03337674
v -0.12310374 -0.07121262 0.04512511
v -0.12342659 -0.07210057 0.04882723
v -0.12103002 -0.07451260 0.04491111
v -0.12151430 -0.07514874 0.04880583
v -0.12312857 -0.07537404 0.05678787
v -0.12478009 -0.07407525 0.06049000
v -0.12582316 -0.07403549 0.06562590
v -0.12949873 -0.06770059 0.06562590
v -0.12397296 -0.04851036 0.00583548
v -0.12275605 -0.04845735 0.00204776
v -0.12838115 -0.00045526 -0.00989321
v -0.12790929 -0.00148899 -0.01117718
v -0.12090585 -0.04710555 -0.00460751
v -0.12137771 -0.04840434 -0.00188977
v -0.11577744 -0.05988137 -0.00182557
v -0.11699435 -0.05851632 -0.00058439
v -0.11955234 -0.05553441 0.00226175
v -0.12033464 -0.05296334 0.00095638
v -0.12088101 -0.05077661 -0.00047739
v -0.07866168 -0.10527263 0.00983721
v -0.08057396 -0.10402686 0.00988000
v -0.07662522 -0.10781719 0.01373193
v -0.08238691 -0.10134977 0.00609228
v -0.08433646 -0.09989195 0.00609228
v -0.08718005 -0.09775822 0.00622067
v -0.08855838 -0.09620763 0.00500090
v -0.09265615 -0.09241730 0.00450871
v -0.09492854 -0.09084020 0.00577128
v -0.09660490 -0.08870648 0.00442311
v -0.09795840 -0.08618843 0.00217615
v -0.10175814 -0.08208002 0.00221895
v -0.10426646 -0.08054268 0.00495810
v -0.10521019 -0.07795836 0.00221895
v -0.10475074 -0.07730897 -0.00009220
v -0.10735841 -0.07518850 0.00215475
v -0.10889817 -0.07384995 0.00341733
v -0.10991641 -0.07164997 0.00215475
v -0.11330637 -0.06677289 0.00228315
v -0.11600096 -0.06466567 0.00615648
v -0.11534283 -0.06349942 0.00249715
v -0.11623689 -0.06116690 0.00134157
v -0.12704007 -0.00148899 -0.01342414
v -0.12511537 -0.00045526 -0.01791805
v -0.12541338 -0.00045526 -0.01725466
v -0.08793751 -0.11290632 0.06562590
v -0.08884399 -0.11213765 0.06464152
v -0.08828520 -0.11177982 0.06059700
v -0.08773883 -0.11140873 0.05663808
v -0.08761466 -0.10719431 0.03727146
v -0.08826037 -0.10769792 0.04110198
v -0.08675785 -0.10683648 0.03359073
v -0.08722972 -0.10544492 0.02969601
v -0.08942760 -0.10859912 0.04882723
v -0.08915442 -0.10834731 0.04677288
v -0.08992431 -0.10907622 0.05267916
v -0.08875707 -0.10805575 0.04418352
v -0.08803686 -0.10370879 0.02563009
v -0.08549127 -0.10467625 0.02263415
v -0.08860805 -0.10411964 0.02849763
v -0.08345481 -0.10574974 0.02147858
v -0.08256076 -0.10525938 0.01777645
v -0.08184054 -0.10479553 0.01473771
v -0.08114517 -0.10439794 0.01206276
v -0.12019805 -0.06132594 0.01302574
v -0.12049607 -0.05773440 0.00812524
v -0.11985037 -0.05992113 0.00962321
v -0.12059542 -0.06209461 0.01563649
v -0.12016080 -0.05701874 0.00607088
v -0.12129079 -0.05188986 0.00217615
v -0.12076925 -0.05399707 0.00354573
v -0.11990003 -0.06458616 0.01775505
v -0.11725511 -0.06691867 0.01390312
v -0.11776423 -0.06792590 0.01751965
v -0.11939092 -0.06744879 0.02184237
v -0.11705644 -0.07444633 0.02948201
v -0.11739171 -0.07558609 0.03365494
v -0.11840994 -0.07549331 0.03727146
v -0.12034706 -0.07351863 0.03943282
v -0.12065750 -0.07399573 0.04195797
v -0.11593887 -0.07274996 0.02171397
v -0.11283450 -0.07406200 0.01465211
v -0.11330637 -0.07484392 0.01790484
v -0.11376581 -0.07574512 0.02145718
v -0.11264824 -0.07777282 0.02256995
v -0.11533041 -0.07525476 0.02548029
v -0.11665908 -0.07387646 0.02667867
v -0.11970136 -0.07643427 0.04491111
v -0.12017322 -0.07708367 0.04878444
v -0.11978827 -0.08021136 0.05655248
v -0.12178749 -0.07601018 0.05261496
v -0.12100519 -0.07843546 0.05653108
v -0.12139013 -0.07909811 0.06044720
v -0.12520228 -0.07468489 0.06451312
v -0.12523954 -0.07493669 0.06562590
v -0.12790929 -0.00045526 -0.01115578
v -0.11740413 -0.05982836 0.00245435
v -0.08345481 -0.10189314 0.00975161
v -0.08492008 -0.10031604 0.00838203
v -0.08690687 -0.09930882 0.00979440
v -0.08971321 -0.09716184 0.00998700
v -0.09163792 -0.09550523 0.00998700
v -0.09325218 -0.09297392 0.00714086
v -0.09582259 -0.09174140 0.00998700
v -0.09717610 -0.08924985 0.00703386
v -0.10045431 -0.08461132 0.00461571
v -0.09973409 -0.08783179 0.01002980
v -0.09881520 -0.08695709 0.00583548
v -0.10101309 -0.08520771 0.00726925
v -0.10157188 -0.08584385 0.01005120
v -0.10477558 -0.08115231 0.00756885
v -0.10583106 -0.07919088 0.00622067
v -0.10796686 -0.07643427 0.00613507
v -0.10940728 -0.07455236 0.00613507
v -0.11208946 -0.07286923 0.01002980
v -0.11155551 -0.07138491 0.00587828
v -0.11392724 -0.06781987 0.00589968
v -0.11638589 -0.06538133 0.00842483
v -0.11705644 -0.06279702 0.00613507
v -0.11668392 -0.06204160 0.00390952
v -0.12728841 -0.00045526 -0.01276075
v -0.12702765 -0.00045526 -0.01342414
v -0.08896816 -0.11221717 0.06562590
v -0.09135231 -0.11049429 0.06562590
v -0.09300384 -0.10836057 0.06046860
v -0.09091771 -0.10988465 0.06053281
v -0.09039617 -0.10951357 0.05655248
v -0.09019749 -0.10532565 0.03725006
v -0.09122814 -0.10559071 0.04138018
v -0.08910475 -0.10447746 0.03108698
v -0.09145165 -0.10712804 0.04878444
v -0.09249472 -0.10797623 0.05646689
v -0.09198560 -0.10756539 0.05261496
v -0.09071902 -0.10686298 0.04525351
v -0.09097979 -0.10146905 0.02592969
v -0.08980013 -0.10112447 0.02175677
v -0.08922893 -0.10067387 0.01893203
v -0.08684478 -0.10332445 0.02149997
v -0.08490765 -0.10429191 0.02002340
v -0.09145165 -0.10329795 0.03337674
v -0.09058243 -0.10290036 0.02967461
v -0.08441096 -0.10394734 0.01779785
v -0.08311955 -0.10348349 0.01360353
v -0.11934124 -0.06353918 0.01415992
v -0.11764006 -0.06402954 0.00981580
v -0.11868312 -0.05985486 0.00609228
v -0.11680809 -0.06612350 0.01099278
v -0.11242473 -0.07339935 0.01199856
v -0.11554151 -0.07134515 0.01756245
v -0.11570294 -0.07634150 0.02950341
v -0.11542975 -0.07970775 0.03727146
v -0.11720545 -0.07862101 0.04110198
v -0.11941575 -0.07537404 0.04084519
v -0.11153067 -0.07532102 0.01358213
v -0.11195287 -0.07672584 0.01792624
v -0.11227572 -0.07720295 0.02000200
v -0.11180385 -0.08021136 0.02567289
v -0.11309527 -0.07843546 0.02565149
v -0.11751588 -0.07957522 0.04499671
v -0.11854653 -0.07942943 0.04882723
v -0.11953993 -0.07927040 0.05263636
v -0.11659699 -0.08131135 0.04634488
v -0.11689502 -0.08169568 0.04884863
v -0.11734204 -0.08227881 0.05272195
v -0.12018564 -0.08086075 0.06046860
v -0.12040915 -0.08121858 0.06265137
v -0.12214759 -0.07954871 0.06562590
v -0.12481735 -0.07557283 0.06562590
v -0.08623632 -0.10128350 0.01388172
v -0.08552853 -0.10077989 0.01094998
v -0.08814861 -0.09982568 0.01388172
v -0.08869498 -0.10023652 0.01629988
v -0.09095495 -0.09762570 0.01415992
v -0.09230845 -0.09607511 0.01298294
v -0.09387306 -0.09353055 0.00998700
v -0.09638138 -0.09225826 0.01264055
v -0.09778455 -0.08984623 0.01000840
v -0.10029288 -0.08840167 0.01279034
v -0.10245351 -0.08663902 0.01426692
v -0.10410504 -0.08431977 0.01308994
v -0.10352142 -0.08367037 0.01007260
v -0.10524744 -0.08172219 0.01007260
v -0.10738324 -0.07896558 0.00985860
v -0.10881125 -0.07766680 0.01099278
v -0.10999091 -0.07558609 0.00983721
v -0.11339329 -0.07085479 0.01000840
v -0.09338877 -0.10900996 0.06562590
v -0.09507755 -0.10748587 0.06419214
v -0.09527623 -0.10665094 0.06049000
v -0.09212219 -0.10385457 0.03722866
v -0.09261889 -0.10426541 0.04031020
v -0.09301625 -0.10459674 0.04283535
v -0.09392272 -0.10528589 0.04878444
v -0.09333910 -0.10483528 0.04491111
v -0.09546249 -0.10580275 0.05685208
v -0.09449393 -0.10568348 0.05263636
v -0.09320251 -0.10074013 0.02950341
v -0.09282999 -0.10040881 0.02740625
v -0.09234571 -0.10001122 0.02485970
v -0.09174967 -0.09953412 0.02177816
v -0.08724214 -0.10180036 0.01769085
v -0.09388547 -0.10132326 0.03337674
v -0.11351746 -0.07936317 0.02946062
v -0.11256132 -0.08115231 0.03072319
v -0.11293384 -0.08164267 0.03344094
v -0.11592645 -0.08042340 0.04110198
v -0.11626172 -0.08090051 0.04375554
v -0.10932037 -0.07839570 0.01398872
v -0.10986674 -0.07933666 0.01771225
v -0.11139408 -0.07900534 0.02149997
v -0.10958113 -0.08299447 0.02595109
v -0.11217638 -0.08068846 0.02811244
v -0.10872433 -0.08125834 0.01884643
v -0.10922102 -0.08184147 0.02179957
v -0.11172935 -0.08813660 0.04880583
v -0.11371614 -0.08328604 0.04125178
v -0.11259857 -0.08512819 0.04266415
v -0.11221363 -0.08865347 0.05265776
v -0.11776423 -0.08283544 0.05655248
v -0.11546700 -0.08787155 0.06449172
v -0.11678325 -0.08653300 0.06562590
v -0.12068233 -0.08160291 0.06536911
v -0.11287176 -0.08935587 0.05807185
v -0.12085618 -0.08141737 0.06562590
v -0.09336394 -0.09688354 0.01788345
v -0.09289207 -0.09651245 0.01565789
v -0.09528864 -0.09520041 0.01790484
v -0.09690291 -0.09274862 0.01531549
v -0.09860411 -0.09058839 0.01405292
v -0.10081441 -0.08890528 0.01546529
v -0.10321098 -0.08731493 0.01792624
v -0.10458932 -0.08487639 0.01574349
v -0.10571931 -0.08294145 0.01424552
v -0.10790478 -0.08022461 0.01398872
v -0.09540040 -0.10749913 0.06562590
v -0.09798323 -0.10532565 0.06457733
v -0.09747412 -0.10496782 0.06049000
v -0.09451876 -0.10187988 0.03720726
v -0.09490371 -0.10256904 0.04103779
v -0.09583501 -0.10376180 0.04880583
v -0.09527623 -0.10327144 0.04491111
v -0.09638138 -0.10419915 0.05265776
v -0.09718852 -0.10478228 0.05841425
v -0.09682841 -0.10453047 0.05582489
v -0.09517689 -0.09908352 0.02950341
v -0.09468019 -0.09834135 0.02575849
v -0.09414624 -0.09753293 0.02179957
v -0.09646831 -0.10024977 0.03720726
v -0.09583501 -0.09967990 0.03335534
v -0.10765642 -0.08797757 0.03331254
v -0.11130716 -0.08360410 0.03339814
v -0.11185353 -0.08425350 0.03722866
v -0.11345538 -0.08230532 0.03725006
v -0.10828972 -0.08072822 0.01625708
v -0.10559513 -0.08610891 0.02177816
v -0.10637743 -0.08673180 0.02588689
v -0.10704797 -0.08727517 0.02946062
v -0.10494942 -0.08534024 0.01792624
v -0.11120782 -0.08755347 0.04491111
v -0.10892301 -0.08938238 0.04197937
v -0.10933278 -0.08976672 0.04486832
v -0.10987915 -0.09024382 0.04876304
v -0.11225088 -0.08471735 0.04007481
v -0.11256132 -0.08902455 0.05550391
v -0.11559118 -0.08801733 0.06562590
v -0.11315736 -0.08963418 0.06044720
v -0.12059542 -0.08177520 0.06562590
v -0.12070717 -0.08162942 0.06562590
v -0.11037585 -0.09069442 0.05259356
v -0.09607095 -0.09588956 0.02179957
v -0.09737478 -0.09325223 0.01790484
v -0.10126144 -0.08939563 0.01792624
v -0.10388152 -0.08809684 0.02177816
v -0.09748653 -0.10589552 0.06562590
v -0.09809499 -0.10541841 0.06562590
v -0.09859169 -0.10500758 0.06562590
v -0.09985827 -0.10373529 0.06455593
v -0.09934916 -0.10333771 0.06049000
v -0.09679116 -0.10052809 0.03921882
v -0.09715127 -0.10089917 0.04176538
v -0.09813224 -0.10178712 0.04880583
v -0.09759829 -0.10131001 0.04491111
v -0.09866619 -0.10222446 0.05267916
v -0.09903872 -0.10278108 0.05663808
v -0.09743686 -0.09713534 0.02948201
v -0.09695258 -0.09668474 0.02665727
v -0.09650555 -0.09627390 0.02411072
v -0.09807015 -0.09774497 0.03333394
v -0.10471349 -0.08905105 0.02691407
v -0.10512326 -0.08948840 0.02943922
v -0.10573172 -0.09012454 0.03329114
v -0.10822763 -0.08862696 0.03716447
v -0.10855048 -0.08899804 0.03943282
v -0.10430371 -0.08858720 0.02438892
v -0.10599249 -0.09114501 0.03748546
v -0.10725907 -0.09080044 0.04080240
v -0.10501151 -0.09323898 0.04097359
v -0.10749500 -0.09172814 0.04482551
v -0.10799170 -0.09224501 0.04869884
v -0.11422526 -0.08966069 0.06562590
v -0.11179144 -0.09209923 0.06453452
v -0.11314494 -0.09089322 0.06562590
v -0.11359197 -0.09013779 0.06451312
v -0.10846357 -0.09272212 0.05252936
v -0.09805774 -0.09395464 0.02179957
v -0.10191957 -0.09012454 0.02177816
v -0.09997002 -0.10384132 0.06562590
v -0.10208099 -0.10176060 0.06455593
v -0.10158429 -0.10134977 0.06046860
v -0.09900147 -0.09803654 0.03733566
v -0.10118693 -0.09712209 0.04101639
v -0.10223000 -0.09814256 0.04878444
v -0.10060331 -0.10050159 0.05265776
v -0.10172089 -0.09763895 0.04488971
v -0.10088892 -0.10075338 0.05486191
v -0.10001969 -0.09592932 0.03333394
v -0.09938640 -0.09527993 0.02946062
v -0.09869103 -0.09456427 0.02537330
v -0.10085167 -0.09677751 0.03872663
v -0.10045431 -0.09637992 0.03615869
v -0.10259010 -0.09073418 0.02552310
v -0.10329790 -0.09134381 0.02943922
v -0.10391878 -0.09200646 0.03329114
v -0.10475074 -0.09290766 0.03898343
v -0.10316131 -0.09513415 0.04101639
v -0.10369526 -0.09571728 0.04486832
v -0.10549579 -0.09384862 0.04482551
v -0.10596765 -0.09440524 0.04872024
v -0.11361681 -0.09036310 0.06562590
v -0.10984190 -0.09417993 0.06455593
v -0.11058695 -0.09363656 0.06562590
v -0.11192803 -0.09220525 0.06562590
v -0.10759434 -0.09558475 0.06044720
v -0.10640227 -0.09492210 0.05259356
v -0.10493700 -0.09700281 0.05469072
v -0.10044189 -0.09240405 0.02411072
v -0.10086408 -0.09285465 0.02665727
v -0.10285087 -0.10127025 0.06562590
v -0.10404295 -0.09997146 0.06455593
v -0.10357109 -0.09953412 0.06046860
v -0.10421679 -0.09626065 0.04876304
v -0.10270187 -0.09860642 0.05265776
v -0.10468866 -0.09675100 0.05265776
v -0.10307439 -0.09901726 0.05606029
v -0.10193198 -0.09400765 0.03331254
v -0.10132353 -0.09334501 0.02943922
v -0.10261494 -0.09464379 0.03757106
v -0.10804137 -0.09610161 0.06457733
v -0.10815313 -0.09622089 0.06562590
v -0.10519777 -0.09733413 0.05728007
v -0.10415471 -0.10007749 0.06562590
v -0.10549579 -0.09881846 0.06562590
v -0.10604216 -0.09808955 0.06457733
v -0.10553304 -0.09771846 0.06046860
v -0.10686171 -0.09750643 0.06562590
v -0.10615391 -0.09819557 0.06562590
f 1 2 6
f 1 6 14
f 1 14 23
f 1 23 36
f 1 36 80
f 1 80 149
f 1 149 227
f 1 227 313
f 1 313 411
f 1 411 531
f 1 531 532
f 1 532 670
f 1 670 824
f 1 824 966
f 1 966 977
f 1 977 1134
f 1 1134 1309
f 1 1309 1474
f 1 1474 1473
f 1 1473 1616
f 1 1616 1746
f 1 1746 1744
f 1 1744 1859
f 1 1859 1965
f 1 1965 1857
f 1 1857 1964
f 1 1964 2051
f 1 2051 2124
f 1 2124 2123
f 1 2123 2180
f 1 2180 2224
f 1 2224 2223
f 1 2223 2177
f 1 2177 2221
f 1 2221 2256
f 1 2256 2285
f 1 2285 2258
f 1 2258 2288
f 1 2288 2287
f 1 2287 2305
f 1 2305 2311
f 1 2311 2312
f 1 2312 2308
f 1 2308 2307
f 1 2307 2294
f 1 2294 2263
f 1 2263 2232
f 1 2232 2231
f 1 2231 2230
f 1 2230 2191
f 1 2191 2143
f 1 2143 2080
f 1 2080 2079
f 1 2079 2002
f 1 2002 1919
f 1 1919 1918
f 1 1918 1917
f 1 1917 1814
f 1 1814 1700
f 1 1700 1699
f 1 1699 1579
f 1 1579 1423
f 1 1423 1252
f 1 1252 1250
f 1 1250 1088
f 1 1088 1087
f 1 1087 1086
f 1 1086 1085
f 1 1085 936
f 1 936 785
f 1 785 784
f 1 784 640
f 1 640 639
f 1 639 505
f 1 505 390
f 1 390 389
f 1 389 299
f 1 299 212
f 1 212 211
f 1 211 130
f 1 130 129
f 1 129 70
f 1 70 27
f 1 27 16
f 1 16 9
f 1 9 8
f 1 8 3
f 1 3 4
f 1 4 5
f 1 5 13
f 1 13 22
f 1 22 35
f 1 35 34
f 1 34 79
f 1 79 78
f 1 78 148
f 1 148 223
f 1 223 226
f 1 226 312
f 1 312 410
f 1 410 409
f 1 409 529
f 1 529 530
f 1 530 669
f 1 669 819
f 1 819 821
f 1 821 820
f 1 820 823
f 1 823 822
f 1 822 965
f 1 965 1124
f 1 1124 1297
f 1 1297 1294
f 1 1294 1296
f 1 1296 1295
f 1 1295 1460
f 1 1460 1459
f 1 1459 1601
f 1 1601 1600
f 1 1600 1510
f 1 1510 1509
f 1 1509 1350
f 1 1350 1349
f 1 1349 1348
f 1 1348 1173
f 1 1173 1172
f 1 1172 1171
f 1 1171 1009
f 1 1009 1008
f 1 1008 871
f 1 871 870
f 1 870 866
f 1 866 865
f 1 865 714
f 1 714 713
f 1 713 577
f 1 577 448
f 1 448 447
f 1 447 342
f 1 342 341
f 1 341 340
f 1 340 339
f 1 339 338
f 1 338 337
f 1 337 247
f 1 247 246
f 1 246 164
f 1 164 92
f 1 92 41
f 1 41 25
f 1 25 15
f 1 15 7
f 1 7 2
f 2 7 6
f 3 8 4
f 4 8 9
f 4 9 10
f 4 10 11
f 4 11 12
f 4 12 13
f 4 13 5
f 6 7 15
f 6 15 26
f 6 26 69
f 6 69 128
f 6 128 210
f 6 210 298
f 6 298 388
f 6 388 504
f 6 504 638
f 6 638 783
f 6 783 935
f 6 935 1083
f 6 1083 1248
f 6 1248 1249
f 6 1249 1420
f 6 1420 1575
f 6 1575 1574
f 6 1574 1571
f 6 1571 1570
f 6 1570 1569
f 6 1569 1573
f 6 1573 1698
f 6 1698 1813
f 6 1813 1916
f 6 1916 2000
f 6 2000 2001
f 6 2001 2078
f 6 2078 2077
f 6 2077 2052
f 6 2052 1968
f 6 1968 1862
f 6 1862 1861
f 6 1861 1750
f 6 1750 1749
f 6 1749 1747
f 6 1747 1617
f 6 1617 1477
f 6 1477 1476
f 6 1476 1478
f 6 1478 1475
f 6 1475 1310
f 6 1310 1135
f 6 1135 978
f 6 978 835
f 6 835 834
f 6 834 678
f 6 678 539
f 6 539 418
f 6 418 417
f 6 417 318
f 6 318 231
f 6 231 152
f 6 152 85
f 6 85 39
f 6 39 24
f 6 24 14
f 9 16 10
f 10 16 17
f 10 17 18
f 10 18 19
f 10 19 11
f 11 19 20
f 11 20 21
f 11 21 12
f 12 21 22
f 12 22 13
f 14 24 37
f 14 37 23
f 15 25 40
f 15 40 86
f 15 86 156
f 15 156 238
f 15 238 328
f 15 328 432
f 15 432 373
f 15 373 286
f 15 286 200
f 15 200 121
f 15 121 67
f 15 67 26
f 16 27 17
f 17 27 28
f 17 28 29
f 17 29 18
f 18 29 30
f 18 30 19
f 19 30 31
f 19 31 20
f 20 31 32
f 20 32 21
f 21 32 33
f 21 33 34
f 21 34 35
f 21 35 22
f 23 37 38
f 23 38 36
f 24 39 37
f 25 41 42
f 25 42 43
f 25 43 44
f 25 44 45
f 25 45 46
f 25 46 47
f 25 47 48
f 25 48 49
f 25 49 50
f 25 50 51
f 25 51 52
f 25 52 53
f 25 53 54
f 25 54 55
f 25 55 56
f 25 56 57
f 25 57 58
f 25 58 59
f 25 59 60
f 25 60 61
f 25 61 62
f 25 62 63
f 25 63 64
f 25 64 65
f 25 65 66
f 25 66 40
f 26 67 68
f 26 68 69
f 27 70 28
f 28 70 71
f 28 71 29
f 29 72 73
f 29 73 30
f 29 71 72
f 30 73 74
f 30 74 75
f 30 75 76
f 30 76 31
f 31 76 32
f 32 76 77
f 32 77 78
f 32 78 33
f 33 78 79
f 33 79 34
f 36 38 80
f 37 81 38
f 37 39 82
f 37 82 83
f 37 83 81
f 38 81 84
f 38 84 80
f 39 85 82
f 40 66 87
f 40 87 88
f 40 88 89
f 40 89 90
f 40 90 91
f 40 91 86
f 41 92 93
f 41 93 42
f 42 93 44
f 42 44 43
f 44 94 47
f 44 47 45
f 44 93 95
f 44 95 96
f 44 96 94
f 45 47 46
f 47 94 97
f 47 97 48
f 48 97 98
f 48 98 49
f 49 98 50
f 50 98 97
f 50 97 99
f 50 99 100
f 50 100 101
f 50 101 102
f 50 102 103
f 50 103 104
f 50 104 105
f 50 105 51
f 51 105 104
f 51 104 53
f 51 53 52
f 53 104 54
f 54 104 106
f 54 106 107
f 54 107 55
f 55 107 56
f 56 107 108
f 56 108 57
f 57 108 58
f 58 108 59
f 59 108 109
f 59 109 110
f 59 110 111
f 59 111 60
f 60 111 61
f 61 111 112
f 61 112 113
f 61 113 62
f 62 113 114
f 62 114 63
f 63 114 115
f 63 115 64
f 64 115 116
f 64 116 117
f 64 117 118
f 64 118 65
f 65 118 66
f 66 118 119
f 66 119 120
f 66 120 87
f 67 121 122
f 67 122 123
f 67 123 124
f 67 124 125
f 67 125 68
f 68 125 126
f 68 126 127
f 68 127 128
f 68 128 69
f 70 129 71
f 71 129 130
f 71 130 131
f 71 131 72
f 72 132 133
f 72 133 134
f 72 134 135
f 72 135 136
f 72 136 73
f 72 131 132
f 73 136 137
f 73 137 138
f 73 138 74
f 74 138 139
f 74 139 140
f 74 140 141
f 74 141 75
f 75 141 142
f 75 142 143
f 75 143 144
f 75 144 145
f 75 145 76
f 76 145 77
f 77 145 144
f 77 144 146
f 77 146 147
f 77 147 78
f 78 147 148
f 80 84 150
f 80 150 149
f 81 151 84
f 81 83 151
f 82 85 152
f 82 152 153
f 82 153 154
f 82 154 83
f 83 154 155
f 83 155 151
f 84 151 150
f 86 91 157
f 86 157 158
f 86 158 156
f 87 120 88
f 88 120 159
f 88 159 160
f 88 160 89
f 89 160 90
f 90 160 161
f 90 161 162
f 90 162 91
f 91 162 163
f 91 163 157
f 92 164 93
f 93 164 165
f 93 165 95
f 94 99 97
f 94 96 166
f 94 166 100
f 94 100 99
f 95 165 167
f 95 167 96
f 96 168 169
f 96 169 170
f 96 170 171
f 96 171 172
f 96 172 166
f 96 167 168
f 100 166 101
f 101 166 172
f 101 172 173
f 101 173 174
f 101 174 102
f 102 175 103
f 102 174 176
f 102 176 175
f 103 175 104
f 104 175 106
f 106 175 177
f 106 177 178
f 106 178 107
f 107 178 108
f 108 110 109
f 108 178 179
f 108 179 180
f 108 180 181
f 108 181 110
f 110 182 111
f 110 181 180
f 110 180 183
f 110 183 184
f 110 184 185
f 110 185 182
f 111 182 186
f 111 186 112
f 112 186 187
f 112 187 113
f 113 187 114
f 114 187 188
f 114 188 189
f 114 189 115
f 115 189 116
f 116 189 190
f 116 190 191
f 116 191 192
f 116 192 193
f 116 193 117
f 117 193 118
f 118 193 194
f 118 194 195
f 118 195 120
f 118 120 119
f 120 195 196
f 120 196 197
f 120 197 198
f 120 198 199
f 120 199 159
f 121 200 122
f 122 200 201
f 122 201 202
f 122 202 203
f 122 203 204
f 122 204 123
f 123 204 124
f 124 204 205
f 124 205 126
f 124 126 125
f 126 205 206
f 126 206 207
f 126 207 127
f 127 207 208
f 127 208 128
f 128 208 209
f 128 209 210
f 130 211 131
f 131 211 212
f 131 212 213
f 131 213 214
f 131 214 215
f 131 215 132
f 132 215 133
f 133 215 134
f 134 215 135
f 135 215 216
f 135 216 137
f 135 137 136
f 137 216 139
f 137 139 138
f 139 216 140
f 140 216 217
f 140 217 218
f 140 218 219
f 140 219 141
f 141 219 220
f 141 220 143
f 141 143 142
f 143 220 144
f 144 220 221
f 144 221 222
f 144 222 146
f 146 222 147
f 147 223 148
f 147 222 224
f 147 224 225
f 147 225 226
f 147 226 223
f 149 150 228
f 149 228 227
f 150 151 228
f 151 155 229
f 151 229 230
f 151 230 228
f 152 154 153
f 152 231 232
f 152 232 233
f 152 233 154
f 154 233 155
f 155 234 229
f 155 233 235
f 155 235 236
f 155 236 237
f 155 237 234
f 156 158 239
f 156 239 238
f 157 163 158
f 158 163 240
f 158 240 241
f 158 241 239
f 159 199 160
f 160 199 198
f 160 198 242
f 160 242 243
f 160 243 162
f 160 162 161
f 162 243 244
f 162 244 245
f 162 245 240
f 162 240 163
f 164 246 165
f 165 246 247
f 165 247 248
f 165 248 167
f 167 248 168
f 168 248 249
f 168 249 250
f 168 250 169
f 169 250 251
f 169 251 170
f 170 173 171
f 170 251 252
f 170 252 253
f 170 253 254
f 170 254 255
f 170 255 173
f 171 173 172
f 173 255 174
f 174 255 256
f 174 256 176
f 175 176 257
f 175 257 258
f 175 258 177
f 176 256 259
f 176 259 258
f 176 258 257
f 177 260 179
f 177 179 178
f 177 258 261
f 177 261 260
f 179 260 261
f 179 261 262
f 179 262 180
f 180 262 183
f 182 185 263
f 182 263 186
f 183 262 264
f 183 264 265
f 183 265 266
f 183 266 267
f 183 267 268
f 183 268 269
f 183 269 184
f 184 269 185
f 185 269 263
f 186 263 187
f 187 263 188
f 188 190 189
f 188 263 269
f 188 269 270
f 188 270 190
f 190 270 191
f 191 271 272
f 191 272 273
f 191 273 274
f 191 274 192
f 191 270 271
f 192 274 193
f 193 196 194
f 193 274 275
f 193 275 276
f 193 276 277
f 193 277 196
f 194 196 195
f 196 277 278
f 196 278 279
f 196 279 280
f 196 280 281
f 196 281 282
f 196 282 198
f 196 198 197
f 198 282 281
f 198 281 283
f 198 283 284
f 198 284 285
f 198 285 242
f 200 286 201
f 201 286 287
f 201 287 202
f 202 288 289
f 202 289 290
f 202 290 203
f 202 287 288
f 203 290 291
f 203 291 292
f 203 292 293
f 203 293 294
f 203 294 204
f 204 294 206
f 204 206 205
f 206 294 293
f 206 293 295
f 206 295 296
f 206 296 207
f 207 296 209
f 207 209 208
f 209 296 297
f 209 297 210
f 210 297 298
f 212 299 213
f 213 299 300
f 213 300 301
f 213 301 214
f 214 301 302
f 214 302 303
f 214 303 215
f 215 303 304
f 215 304 216
f 216 304 217
f 217 304 305
f 217 305 306
f 217 306 218
f 218 306 307
f 218 307 308
f 218 308 219
f 219 221 220
f 219 308 309
f 219 309 221
f 221 309 224
f 221 224 222
f 224 309 310
f 224 310 311
f 224 311 225
f 225 311 312
f 225 312 226
f 227 228 313
f 228 314 315
f 228 315 313
f 228 230 234
f 228 234 316
f 228 316 317
f 228 317 314
f 229 234 230
f 231 318 232
f 232 318 319
f 232 319 235
f 232 235 233
f 234 237 320
f 234 320 316
f 235 319 321
f 235 321 236
f 236 321 322
f 236 322 323
f 236 323 324
f 236 324 320
f 236 320 237
f 238 325 326
f 238 326 327
f 238 327 328
f 238 239 325
f 239 241 329
f 239 329 330
f 239 330 331
f 239 331 325
f 240 245 332
f 240 332 241
f 241 332 333
f 241 333 334
f 241 334 329
f 242 285 244
f 242 244 243
f 244 332 245
f 244 285 335
f 244 335 336
f 244 336 332
f 247 337 248
f 248 337 338
f 248 338 249
f 249 338 339
f 249 339 340
f 249 340 250
f 250 341 342
f 250 342 343
f 250 343 251
f 250 340 341
f 251 343 344
f 251 344 252
f 252 344 345
f 252 345 253
f 253 345 346
f 253 346 347
f 253 347 254
f 254 256 255
f 254 347 256
f 256 347 348
f 256 348 259
f 258 259 349
f 258 349 261
f 259 348 349
f 261 349 350
f 261 350 264
f 261 264 262
f 264 350 265
f 265 351 352
f 265 352 353
f 265 353 354
f 265 354 266
f 265 350 351
f 266 355 267
f 266 354 356
f 266 356 355
f 267 357 358
f 267 358 268
f 267 355 357
f 268 358 269
f 269 358 271
f 269 271 270
f 271 358 272
f 272 358 359
f 272 359 360
f 272 360 361
f 272 361 362
f 272 362 273
f 273 362 275
f 273 275 274
f 275 362 363
f 275 363 364
f 275 364 365
f 275 365 366
f 275 366 276
f 276 366 367
f 276 367 278
f 276 278 277
f 278 367 279
f 279 281 280
f 279 367 368
f 279 368 281
f 281 284 283
f 281 368 369
f 281 369 370
f 281 370 284
f 284 370 371
f 284 371 372
f 284 372 285
f 285 372 335
f 286 373 374
f 286 374 287
f 287 374 375
f 287 375 288
f 288 375 376
f 288 376 289
f 289 377 378
f 289 378 379
f 289 379 380
f 289 380 291
f 289 291 290
f 289 376 377
f 291 380 381
f 291 381 292
f 292 381 382
f 292 382 293
f 293 382 383
f 293 383 384
f 293 384 295
f 295 384 296
f 296 384 385
f 296 385 297
f 297 385 386
f 297 386 387
f 297 387 388
f 297 388 298
f 299 389 300
f 300 389 390
f 300 390 391
f 300 391 301
f 301 391 392
f 301 392 393
f 301 393 302
f 302 393 394
f 302 394 395
f 302 395 396
f 302 396 397
f 302 397 303
f 303 397 398
f 303 398 304
f 304 398 305
f 305 398 399
f 305 399 400
f 305 400 401
f 305 401 306
f 306 401 402
f 306 402 403
f 306 403 307
f 307 403 404
f 307 404 405
f 307 405 308
f 308 405 406
f 308 406 309
f 309 406 310
f 310 406 407
f 310 407 408
f 310 408 311
f 311 408 409
f 311 409 410
f 311 410 312
f 313 315 411
f 314 412 411
f 314 411 315
f 314 317 412
f 316 413 414
f 316 414 415
f 316 415 412
f 316 412 317
f 316 320 416
f 316 416 413
f 318 417 319
f 319 417 418
f 319 418 419
f 319 419 321
f 320 324 420
f 320 420 416
f 321 419 421
f 321 421 322
f 322 421 422
f 322 422 323
f 323 422 423
f 323 423 424
f 323 424 425
f 323 425 426
f 323 426 420
f 323 420 324
f 325 427 326
f 325 331 427
f 326 427 428
f 326 428 429
f 326 429 327
f 327 430 328
f 327 429 431
f 327 431 430
f 328 430 433
f 328 433 434
f 328 434 432
f 329 334 330
f 330 334 435
f 330 435 436
f 330 436 437
f 330 437 438
f 330 438 331
f 331 438 439
f 331 439 427
f 332 336 440
f 332 440 441
f 332 441 442
f 332 442 443
f 332 443 334
f 332 334 333
f 334 443 442
f 334 442 444
f 334 444 445
f 334 445 446
f 334 446 436
f 334 436 435
f 335 372 336
f 336 372 440
f 342 447 343
f 343 447 448
f 343 448 449
f 343 449 344
f 344 449 450
f 344 450 451
f 344 451 345
f 345 451 346
f 346 452 347
f 346 451 453
f 346 453 454
f 346 454 452
f 347 452 455
f 347 455 348
f 348 455 456
f 348 456 457
f 348 457 349
f 349 457 350
f 350 457 458
f 350 458 352
f 350 352 351
f 352 458 459
f 352 459 460
f 352 460 353
f 353 460 461
f 353 461 462
f 353 462 463
f 353 463 356
f 353 356 354
f 355 464 357
f 355 356 464
f 356 463 465
f 356 465 464
f 357 464 358
f 358 464 359
f 359 464 466
f 359 466 467
f 359 467 360
f 360 468 469
f 360 469 361
f 360 467 466
f 360 466 470
f 360 470 471
f 360 471 468
f 361 363 362
f 361 469 363
f 363 469 468
f 363 468 472
f 363 472 473
f 363 473 364
f 364 473 365
f 365 474 366
f 365 473 475
f 365 475 476
f 365 476 477
f 365 477 474
f 366 474 367
f 367 474 368
f 368 370 369
f 368 474 477
f 368 477 478
f 368 478 479
f 368 479 480
f 368 480 370
f 370 480 479
f 370 479 481
f 370 481 371
f 371 481 482
f 371 482 483
f 371 483 484
f 371 484 485
f 371 485 486
f 371 486 440
f 371 440 372
f 373 432 487
f 373 487 488
f 373 488 489
f 373 489 374
f 374 489 488
f 374 488 490
f 374 490 375
f 375 490 491
f 375 491 377
f 375 377 376
f 377 492 493
f 377 493 379
f 377 379 378
f 377 491 492
f 379 493 494
f 379 494 495
f 379 495 496
f 379 496 497
f 379 497 380
f 380 497 381
f 381 498 383
f 381 383 382
f 381 497 499
f 381 499 498
f 383 498 500
f 383 500 501
f 383 501 384
f 384 501 386
f 384 386 385
f 386 501 502
f 386 502 503
f 386 503 387
f 387 503 388
f 388 503 504
f 390 505 506
f 390 506 391
f 391 506 392
f 392 506 507
f 392 507 508
f 392 508 393
f 393 508 509
f 393 509 394
f 394 509 510
f 394 510 395
f 395 510 397
f 395 397 396
f 397 510 511
f 397 511 398
f 398 511 512
f 398 512 399
f 399 513 514
f 399 514 400
f 399 512 513
f 400 514 515
f 400 515 516
f 400 516 517
f 400 517 518
f 400 518 402
f 400 402 401
f 402 518 519
f 402 519 520
f 402 520 403
f 403 520 404
f 404 520 521
f 404 521 522
f 404 522 523
f 404 523 405
f 405 524 406
f 405 523 524
f 406 524 407
f 407 524 525
f 407 525 526
f 407 526 527
f 407 527 528
f 407 528 408
f 408 529 409
f 408 528 530
f 408 530 529
f 411 412 531
f 412 532 531
f 412 415 533
f 412 533 532
f 413 416 534
f 413 534 414
f 414 534 535
f 414 535 536
f 414 536 533
f 414 533 415
f 416 420 537
f 416 537 538
f 416 538 534
f 418 539 419
f 419 539 540
f 419 540 421
f 420 541 537
f 420 426 541
f 421 540 542
f 421 542 543
f 421 543 422
f 422 543 423
f 423 543 424
f 424 544 545
f 424 545 546
f 424 546 425
f 424 543 544
f 425 547 426
f 425 546 548
f 425 548 549
f 425 549 550
f 425 550 547
f 426 547 551
f 426 551 552
f 426 552 553
f 426 553 554
f 426 554 538
f 426 538 541
f 427 439 428
f 428 439 429
f 429 439 438
f 429 438 555
f 429 555 556
f 429 556 431
f 430 431 557
f 430 557 433
f 431 556 558
f 431 558 557
f 432 434 559
f 432 559 560
f 432 560 561
f 432 561 562
f 432 562 487
f 433 557 563
f 433 563 434
f 434 563 564
f 434 564 565
f 434 565 559
f 436 566 567
f 436 567 568
f 436 568 437
f 436 446 445
f 436 445 569
f 436 569 570
f 436 570 571
f 436 571 566
f 437 568 438
f 438 568 555
f 440 486 441
f 441 486 442
f 442 486 572
f 442 572 573
f 442 573 574
f 442 574 444
f 444 574 445
f 445 574 573
f 445 573 575
f 445 575 576
f 445 576 569
f 448 577 449
f 449 577 578
f 449 578 450
f 450 578 579
f 450 579 580
f 450 580 451
f 451 580 453
f 452 454 581
f 452 581 582
f 452 582 583
f 452 583 455
f 453 580 584
f 453 584 585
f 453 585 586
f 453 586 587
f 453 587 454
f 454 587 581
f 455 583 588
f 455 588 456
f 456 458 457
f 456 588 458
f 458 588 589
f 458 589 459
f 459 589 590
f 459 590 591
f 459 591 460
f 460 591 592
f 460 592 593
f 460 593 594
f 460 594 595
f 460 595 461
f 461 595 462
f 462 595 596
f 462 596 597
f 462 597 465
f 462 465 463
f 464 465 466
f 465 597 470
f 465 470 466
f 468 475 472
f 468 471 598
f 468 598 599
f 468 599 475
f 470 597 600
f 470 600 471
f 471 600 601
f 471 601 602
f 471 602 598
f 472 475 473
f 475 599 603
f 475 603 604
f 475 604 605
f 475 605 476
f 476 605 606
f 476 606 477
f 477 606 607
f 477 607 478
f 478 607 479
f 479 607 608
f 479 608 609
f 479 609 610
f 479 610 481
f 481 610 482
f 482 484 483
f 482 610 609
f 482 609 611
f 482 611 484
f 484 612 486
f 484 486 485
f 484 611 613
f 484 613 614
f 484 614 615
f 484 615 616
f 484 616 612
f 486 612 617
f 486 617 618
f 486 618 573
f 486 573 572
f 487 562 561
f 487 561 619
f 487 619 620
f 487 620 488
f 488 620 621
f 488 621 490
f 490 621 622
f 490 622 491
f 491 622 492
f 492 623 624
f 492 624 493
f 492 622 623
f 493 624 625
f 493 625 494
f 494 625 495
f 495 625 626
f 495 626 627
f 495 627 628
f 495 628 496
f 496 628 629
f 496 629 630
f 496 630 497
f 497 630 631
f 497 631 632
f 497 632 499
f 498 499 633
f 498 633 500
f 499 632 634
f 499 634 633
f 500 633 501
f 501 633 635
f 501 635 502
f 502 635 636
f 502 636 503
f 503 636 637
f 503 637 638
f 503 638 504
f 505 639 506
f 506 639 640
f 506 640 507
f 507 640 641
f 507 641 642
f 507 642 508
f 508 642 643
f 508 643 509
f 509 643 644
f 509 644 645
f 509 645 646
f 509 646 647
f 509 647 510
f 510 647 648
f 510 648 649
f 510 649 511
f 511 649 650
f 511 650 651
f 511 651 512
f 512 651 513
f 513 651 514
f 514 652 515
f 514 651 652
f 515 652 653
f 515 653 516
f 516 653 654
f 516 654 655
f 516 655 656
f 516 656 657
f 516 657 517
f 517 658 520
f 517 520 519
f 517 519 518
f 517 657 659
f 517 659 658
f 520 658 521
f 521 658 522
f 522 658 659
f 522 659 660
f 522 660 523
f 523 660 661
f 523 661 662
f 523 662 525
f 523 525 524
f 525 662 661
f 525 661 663
f 525 663 664
f 525 664 665
f 525 665 666
f 525 666 527
f 525 527 526
f 527 667 528
f 527 666 665
f 527 665 668
f 527 668 667
f 528 667 530
f 530 667 669
f 532 533 671
f 532 671 670
f 533 672 673
f 533 673 671
f 533 536 672
f 534 538 553
f 534 553 535
f 535 553 674
f 535 674 675
f 535 675 676
f 535 676 677
f 535 677 536
f 536 677 672
f 537 541 538
f 538 554 553
f 539 678 679
f 539 679 540
f 540 543 542
f 540 679 544
f 540 544 543
f 544 679 545
f 545 679 680
f 545 680 681
f 545 681 682
f 545 682 546
f 546 682 683
f 546 683 548
f 547 684 685
f 547 685 686
f 547 686 551
f 547 550 684
f 548 683 549
f 549 683 687
f 549 687 550
f 550 687 688
f 550 688 689
f 550 689 690
f 550 690 691
f 550 691 684
f 551 686 552
f 552 686 692
f 552 692 553
f 553 692 674
f 555 568 556
f 556 568 567
f 556 567 566
f 556 566 558
f 557 558 693
f 557 693 563
f 558 566 694
f 558 694 693
f 559 565 619
f 559 619 560
f 560 619 561
f 563 693 695
f 563 695 564
f 564 696 620
f 564 620 619
f 564 619 565
f 564 695 697
f 564 697 698
f 564 698 699
f 564 699 700
f 564 700 696
f 566 701 694
f 566 571 570
f 566 570 702
f 566 702 703
f 566 703 701
f 569 576 704
f 569 704 570
f 570 704 705
f 570 705 706
f 570 706 702
f 573 618 617
f 573 617 707
f 573 707 708
f 573 708 709
f 573 709 576
f 573 576 575
f 576 705 704
f 576 709 708
f 576 708 710
f 576 710 711
f 576 711 712
f 576 712 705
f 577 713 579
f 577 579 578
f 579 713 714
f 579 714 715
f 579 715 580
f 580 715 584
f 581 716 582
f 581 587 717
f 581 717 716
f 582 716 718
f 582 718 583
f 583 718 589
f 583 589 588
f 584 715 719
f 584 719 720
f 584 720 585
f 585 720 721
f 585 721 722
f 585 722 723
f 585 723 724
f 585 724 586
f 586 724 725
f 586 725 587
f 587 725 717
f 589 718 716
f 589 716 726
f 589 726 590
f 590 727 728
f 590 728 729
f 590 729 730
f 590 730 592
f 590 592 591
f 590 726 727
f 592 730 729
f 592 729 731
f 592 731 732
f 592 732 593
f 593 732 733
f 593 733 594
f 594 596 595
f 594 733 734
f 594 734 596
f 596 734 597
f 597 734 735
f 597 735 600
f 598 736 737
f 598 737 599
f 598 602 736
f 599 737 603
f 600 735 738
f 600 738 601
f 601 738 602
f 602 739 740
f 602 740 741
f 602 741 742
f 602 742 743
f 602 743 744
f 602 744 737
f 602 737 736
f 602 738 739
f 603 737 745
f 603 745 604
f 604 745 746
f 604 746 747
f 604 747 748
f 604 748 606
f 604 606 605
f 606 748 749
f 606 749 607
f 607 749 608
f 608 749 609
f 609 613 611
f 609 749 750
f 609 750 751
f 609 751 752
f 609 752 753
f 609 753 754
f 609 754 755
f 609 755 613
f 612 616 617
f 613 756 614
f 613 755 756
f 614 756 615
f 615 756 757
f 615 757 758
f 615 758 759
f 615 759 760
f 615 760 761
f 615 761 617
f 615 617 616
f 617 761 762
f 617 762 708
f 617 708 707
f 620 696 621
f 621 696 763
f 621 763 622
f 622 763 623
f 623 763 764
f 623 764 765
f 623 765 766
f 623 766 767
f 623 767 768
f 623 768 625
f 623 625 624
f 625 768 626
f 626 768 627
f 627 768 769
f 627 769 770
f 627 770 628
f 628 770 771
f 628 771 772
f 628 772 773
f 628 773 630
f 628 630 629
f 630 773 772
f 630 772 774
f 630 774 775
f 630 775 776
f 630 776 631
f 631 776 632
f 632 776 777
f 632 777 634
f 633 634 635
f 634 778 635
f 634 777 779
f 634 779 778
f 635 778 636
f 636 778 780
f 636 780 781
f 636 781 782
f 636 782 637
f 637 782 638
f 638 782 783
f 640 784 641
f 641 784 785
f 641 785 786
f 641 786 642
f 642 786 787
f 642 787 788
f 642 788 643
f 643 788 789
f 643 789 790
f 643 790 644
f 644 790 645
f 645 790 791
f 645 791 792
f 645 792 793
f 645 793 646
f 646 793 647
f 647 793 648
f 648 794 795
f 648 795 649
f 648 793 794
f 649 795 650
f 650 795 652
f 650 652 651
f 652 796 797
f 652 797 653
f 652 795 796
f 653 797 796
f 653 796 798
f 653 798 799
f 653 799 654
f 654 800 801
f 654 801 802
f 654 802 803
f 654 803 655
f 654 799 800
f 655 803 804
f 655 804 656
f 656 804 805
f 656 805 806
f 656 806 807
f 656 807 808
f 656 808 657
f 657 808 809
f 657 809 810
f 657 810 659
f 659 810 660
f 660 810 811
f 660 811 812
f 660 812 813
f 660 813 661
f 661 813 814
f 661 814 664
f 661 664 663
f 664 814 815
f 664 815 816
f 664 816 665
f 665 816 817
f 665 817 818
f 665 818 668
f 667 668 819
f 667 819 669
f 668 820 821
f 668 821 819
f 668 818 822
f 668 822 823
f 668 823 820
f 670 671 825
f 670 825 824
f 671 673 825
f 672 677 825
f 672 825 673
f 674 826 827
f 674 827 828
f 674 828 829
f 674 829 675
f 674 692 826
f 675 829 830
f 675 830 831
f 675 831 832
f 675 832 676
f 676 832 833
f 676 833 677
f 677 833 825
f 678 834 679
f 679 834 680
f 680 834 835
f 680 835 681
f 681 835 978
f 681 978 836
f 681 836 837
f 681 837 682
f 682 837 838
f 682 838 683
f 683 838 687
f 684 691 685
f 685 691 839
f 685 839 686
f 686 839 840
f 686 840 841
f 686 841 692
f 687 838 688
f 688 838 842
f 688 842 689
f 689 842 843
f 689 843 844
f 689 844 845
f 689 845 691
f 689 691 690
f 691 845 839
f 692 841 846
f 692 846 826
f 693 694 698
f 693 698 697
f 693 697 695
f 694 701 698
f 696 700 847
f 696 847 763
f 698 701 848
f 698 848 849
f 698 849 850
f 698 850 851
f 698 851 699
f 699 851 852
f 699 852 765
f 699 765 853
f 699 853 847
f 699 847 700
f 701 703 848
f 702 706 703
f 703 854 855
f 703 855 856
f 703 856 857
f 703 857 848
f 703 706 858
f 703 858 854
f 705 712 706
f 706 712 859
f 706 859 860
f 706 860 858
f 708 762 861
f 708 861 862
f 708 862 863
f 708 863 710
f 710 863 711
f 711 863 864
f 711 864 859
f 711 859 712
f 714 865 715
f 715 865 866
f 715 866 719
f 716 717 867
f 716 867 726
f 717 725 868
f 717 868 869
f 717 869 867
f 719 866 870
f 719 870 871
f 719 871 872
f 719 872 721
f 719 721 720
f 721 872 873
f 721 873 874
f 721 874 722
f 722 874 875
f 722 875 723
f 723 868 725
f 723 725 724
f 723 875 876
f 723 876 868
f 726 867 727
f 727 867 877
f 727 877 728
f 728 877 878
f 728 878 879
f 728 879 880
f 728 880 729
f 729 880 731
f 731 880 881
f 731 881 732
f 732 881 882
f 732 882 733
f 733 882 883
f 733 883 734
f 734 883 884
f 734 884 885
f 734 885 735
f 735 885 738
f 737 744 886
f 737 886 745
f 738 885 739
f 739 885 740
f 740 887 741
f 740 885 888
f 740 888 887
f 741 889 890
f 741 890 742
f 741 887 891
f 741 891 892
f 741 892 893
f 741 893 894
f 741 894 889
f 742 890 895
f 742 895 743
f 743 886 744
f 743 895 896
f 743 896 886
f 745 886 896
f 745 896 897
f 745 897 898
f 745 898 899
f 745 899 900
f 745 900 746
f 746 900 747
f 747 901 748
f 747 900 901
f 748 901 749
f 749 901 750
f 750 901 751
f 751 901 902
f 751 902 752
f 752 903 904
f 752 904 905
f 752 905 906
f 752 906 907
f 752 907 908
f 752 908 909
f 752 909 753
f 752 902 903
f 753 909 908
f 753 908 754
f 754 908 910
f 754 910 755
f 755 910 757
f 755 757 756
f 757 910 911
f 757 911 758
f 758 911 912
f 758 912 913
f 758 913 759
f 759 913 914
f 759 914 915
f 759 915 916
f 759 916 861
f 759 861 917
f 759 917 760
f 760 917 762
f 760 762 761
f 762 917 861
f 763 847 764
f 764 847 853
f 764 853 765
f 765 852 766
f 766 852 918
f 766 918 767
f 767 918 919
f 767 919 920
f 767 920 921
f 767 921 768
f 768 921 769
f 769 921 922
f 769 922 923
f 769 923 770
f 770 923 922
f 770 922 924
f 770 924 771
f 771 924 925
f 771 925 926
f 771 926 772
f 772 926 927
f 772 927 928
f 772 928 929
f 772 929 774
f 774 930 775
f 774 929 930
f 775 930 776
f 776 930 777
f 777 930 931
f 777 931 779
f 778 779 780
f 779 931 780
f 780 931 932
f 780 932 781
f 781 932 933
f 781 933 934
f 781 934 782
f 782 934 935
f 782 935 783
f 785 936 786
f 786 936 787
f 787 936 937
f 787 937 938
f 787 938 788
f 788 939 789
f 788 938 939
f 789 939 790
f 790 939 940
f 790 940 792
f 790 792 791
f 792 940 941
f 792 941 942
f 792 942 794
f 792 794 793
f 794 942 943
f 794 943 795
f 795 943 944
f 795 944 796
f 796 944 799
f 796 799 798
f 799 944 945
f 799 945 946
f 799 946 800
f 800 946 802
f 800 802 801
f 802 947 948
f 802 948 949
f 802 949 805
f 802 805 804
f 802 804 803
f 802 946 947
f 805 949 950
f 805 950 951
f 805 951 952
f 805 952 806
f 806 953 809
f 806 809 807
f 806 952 954
f 806 954 955
f 806 955 953
f 807 809 808
f 809 953 811
f 809 811 810
f 811 953 955
f 811 955 956
f 811 956 812
f 812 956 813
f 813 956 957
f 813 957 958
f 813 958 815
f 813 815 814
f 815 958 957
f 815 957 959
f 815 959 816
f 816 959 960
f 816 960 961
f 816 961 962
f 816 962 963
f 816 963 817
f 817 963 964
f 817 964 818
f 818 964 965
f 818 965 822
f 824 825 833
f 824 833 967
f 824 967 966
f 826 846 827
f 827 846 968
f 827 968 828
f 828 968 969
f 828 969 970
f 828 970 971
f 828 971 829
f 829 972 830
f 829 971 972
f 830 972 973
f 830 973 974
f 830 974 975
f 830 975 831
f 831 975 832
f 832 976 833
f 832 975 976
f 833 976 977
f 833 977 967
f 836 978 1135
f 836 1135 979
f 836 979 980
f 836 980 837
f 837 980 981
f 837 981 838
f 838 981 982
f 838 982 842
f 839 845 840
f 840 983 984
f 840 984 841
f 840 845 985
f 840 985 983
f 841 984 968
f 841 968 846
f 842 982 986
f 842 986 987
f 842 987 988
f 842 988 843
f 843 988 989
f 843 989 844
f 844 990 845
f 844 989 991
f 844 991 990
f 845 990 985
f 848 857 849
f 849 857 992
f 849 992 993
f 849 993 994
f 849 994 995
f 849 995 850
f 850 995 851
f 851 995 996
f 851 996 919
f 851 919 918
f 851 918 852
f 854 858 855
f 855 858 860
f 855 860 997
f 855 997 856
f 856 997 998
f 856 998 999
f 856 999 1000
f 856 1000 857
f 857 1000 992
f 859 997 860
f 859 864 1001
f 859 1001 1002
f 859 1002 1003
f 859 1003 997
f 861 916 862
f 862 864 863
f 862 916 915
f 862 915 864
f 864 1002 1001
f 864 915 1004
f 864 1004 1005
f 864 1005 1006
f 864 1006 1002
f 867 869 877
f 868 876 869
f 869 876 1007
f 869 1007 877
f 871 1008 872
f 872 1008 1009
f 872 1009 1010
f 872 1010 873
f 873 1010 1011
f 873 1011 1012
f 873 1012 1013
f 873 1013 874
f 874 1013 875
f 875 1013 1014
f 875 1014 1015
f 875 1015 1016
f 875 1016 876
f 876 1016 1017
f 876 1017 878
f 876 878 1007
f 877 1007 878
f 878 1017 1018
f 878 1018 1019
f 878 1019 1020
f 878 1020 1021
f 878 1021 879
f 879 1021 1022
f 879 1022 880
f 880 1022 1023
f 880 1023 1024
f 880 1024 1025
f 880 1025 881
f 881 1025 882
f 882 1025 883
f 883 1024 1026
f 883 1026 1027
f 883 1027 1028
f 883 1028 1029
f 883 1029 1030
f 883 1030 884
f 883 1025 1024
f 884 888 885
f 884 1030 887
f 884 887 888
f 887 1030 1029
f 887 1029 891
f 889 1031 895
f 889 895 890
f 889 894 1032
f 889 1032 1031
f 891 1033 1034
f 891 1034 892
f 891 1029 1033
f 892 1034 1035
f 892 1035 893
f 893 1032 894
f 893 1035 1036
f 893 1036 1037
f 893 1037 1032
f 895 1031 897
f 895 897 896
f 897 1031 1038
f 897 1038 1039
f 897 1039 1040
f 897 1040 898
f 898 1041 899
f 898 1040 1041
f 899 1041 900
f 900 1041 1042
f 900 1042 904
f 900 904 903
f 900 903 902
f 900 902 901
f 904 1042 1043
f 904 1043 1044
f 904 1044 905
f 905 1044 1045
f 905 1045 1046
f 905 1046 906
f 906 1047 908
f 906 908 907
f 906 1046 1048
f 906 1048 1049
f 906 1049 1047
f 908 1047 1050
f 908 1050 1051
f 908 1051 910
f 910 1051 911
f 911 913 912
f 911 1051 1050
f 911 1050 1052
f 911 1052 1053
f 911 1053 913
f 913 1053 1054
f 913 1054 1055
f 913 1055 1056
f 913 1056 1057
f 913 1057 914
f 914 1057 915
f 915 1057 1058
f 915 1058 1059
f 915 1059 1060
f 915 1060 1061
f 915 1061 1062
f 915 1062 1063
f 915 1063 1064
f 915 1064 1004
f 919 996 920
f 920 996 1065
f 920 1065 1066
f 920 1066 921
f 921 1066 922
f 922 1066 1067
f 922 1067 1068
f 922 1068 1069
f 922 1069 1070
f 922 1070 925
f 922 925 924
f 925 1070 1071
f 925 1071 926
f 926 1071 927
f 927 1071 1072
f 927 1072 1073
f 927 1073 928
f 928 1073 1074
f 928 1074 929
f 929 1074 1075
f 929 1075 1076
f 929 1076 1077
f 929 1077 1078
f 929 1078 930
f 930 1079 931
f 930 1078 1080
f 930 1080 1079
f 931 1079 1081
f 931 1081 932
f 932 1081 1082
f 932 1082 933
f 933 1082 934
f 934 1083 935
f 934 1082 1084
f 934 1084 1083
f 936 1085 937
f 937 1085 1086
f 937 1086 1087
f 937 1087 938
f 938 1087 1088
f 938 1088 1089
f 938 1089 1090
f 938 1090 939
f 939 1090 1091
f 939 1091 1092
f 939 1092 1093
f 939 1093 940
f 940 1093 1094
f 940 1094 1095
f 940 1095 941
f 941 1095 1096
f 941 1096 1097
f 941 1097 1098
f 941 1098 942
f 942 1098 1099
f 942 1099 943
f 943 1099 1100
f 943 1100 944
f 944 1100 1101
f 944 1101 1102
f 944 1102 1103
f 944 1103 945
f 945 1104 946
f 945 1103 1102
f 945 1102 1104
f 946 1104 1105
f 946 1105 1106
f 946 1106 947
f 947 1106 1107
f 947 1107 948
f 948 1107 949
f 949 1107 950
f 950 1108 1109
f 950 1109 951
f 950 1107 1108
f 951 1109 952
f 952 1109 1110
f 952 1110 1111
f 952 1111 1112
f 952 1112 1113
f 952 1113 954
f 954 1113 955
f 955 1113 1114
f 955 1114 1115
f 955 1115 956
f 956 1115 957
f 957 1115 1116
f 957 1116 1117
f 957 1117 960
f 957 960 959
f 960 1117 1118
f 960 1118 1119
f 960 1119 1120
f 960 1120 1121
f 960 1121 961
f 961 1121 1122
f 961 1122 962
f 962 1122 1123
f 962 1123 964
f 962 964 963
f 964 1123 1124
f 964 1124 965
f 966 967 977
f 968 984 1125
f 968 1125 970
f 968 970 969
f 970 1126 1127
f 970 1127 1128
f 970 1128 973
f 970 973 971
f 970 1125 1126
f 971 973 972
f 973 1128 974
f 974 1128 975
f 975 1129 1130
f 975 1130 976
f 975 1128 1129
f 976 1130 1131
f 976 1131 1132
f 976 1132 977
f 977 1132 1133
f 977 1133 1134
f 979 1135 1310
f 979 1310 1136
f 979 1136 981
f 979 981 980
f 981 1136 1137
f 981 1137 986
f 981 986 982
f 983 985 1138
f 983 1138 1139
f 983 1139 984
f 984 1140 1125
f 984 1139 1140
f 985 990 1141
f 985 1141 1142
f 985 1142 1143
f 985 1143 1144
f 985 1144 1145
f 985 1145 1138
f 986 1137 1146
f 986 1146 1147
f 986 1147 987
f 987 1147 1148
f 987 1148 1149
f 987 1149 1150
f 987 1150 988
f 988 1150 1151
f 988 1151 1152
f 988 1152 1153
f 988 1153 989
f 989 1153 991
f 990 1154 1142
f 990 1142 1141
f 990 991 1155
f 990 1155 1154
f 991 1153 1156
f 991 1156 1155
f 992 1000 993
f 993 1157 994
f 993 1000 1158
f 993 1158 1159
f 993 1159 1157
f 994 1157 996
f 994 996 995
f 996 1157 1065
f 997 1003 1002
f 997 1002 1160
f 997 1160 998
f 998 1160 1161
f 998 1161 999
f 999 1161 1162
f 999 1162 1163
f 999 1163 1164
f 999 1164 1165
f 999 1165 1158
f 999 1158 1000
f 1002 1161 1160
f 1002 1006 1166
f 1002 1166 1167
f 1002 1167 1168
f 1002 1168 1161
f 1004 1064 1169
f 1004 1169 1005
f 1005 1169 1006
f 1006 1169 1170
f 1006 1170 1166
f 1009 1171 1010
f 1010 1171 1011
f 1011 1171 1172
f 1011 1172 1173
f 1011 1173 1174
f 1011 1174 1175
f 1011 1175 1012
f 1012 1175 1013
f 1013 1175 1176
f 1013 1176 1014
f 1014 1176 1015
f 1015 1176 1177
f 1015 1177 1016
f 1016 1177 1178
f 1016 1178 1179
f 1016 1179 1180
f 1016 1180 1017
f 1017 1180 1018
f 1018 1181 1182
f 1018 1182 1183
f 1018 1183 1019
f 1018 1180 1179
f 1018 1179 1181
f 1019 1183 1020
f 1020 1183 1184
f 1020 1184 1185
f 1020 1185 1186
f 1020 1186 1021
f 1021 1186 1187
f 1021 1187 1188
f 1021 1188 1022
f 1022 1188 1189
f 1022 1189 1024
f 1022 1024 1023
f 1024 1189 1026
f 1026 1189 1190
f 1026 1190 1191
f 1026 1191 1192
f 1026 1192 1193
f 1026 1193 1027
f 1027 1193 1034
f 1027 1034 1033
f 1027 1033 1029
f 1027 1029 1028
f 1031 1032 1194
f 1031 1194 1038
f 1032 1037 1195
f 1032 1195 1194
f 1034 1193 1196
f 1034 1196 1035
f 1035 1196 1197
f 1035 1197 1036
f 1036 1197 1198
f 1036 1198 1037
f 1037 1198 1199
f 1037 1199 1200
f 1037 1200 1195
f 1038 1194 1195
f 1038 1195 1201
f 1038 1201 1202
f 1038 1202 1039
f 1039 1203 1040
f 1039 1202 1203
f 1040 1203 1041
f 1041 1203 1043
f 1041 1043 1042
f 1043 1203 1204
f 1043 1204 1044
f 1044 1204 1205
f 1044 1205 1206
f 1044 1206 1045
f 1045 1206 1207
f 1045 1207 1208
f 1045 1208 1048
f 1045 1048 1046
f 1047 1049 1050
f 1048 1208 1209
f 1048 1209 1210
f 1048 1210 1211
f 1048 1211 1212
f 1048 1212 1050
f 1048 1050 1049
f 1050 1212 1211
f 1050 1211 1213
f 1050 1213 1052
f 1052 1213 1053
f 1053 1213 1214
f 1053 1214 1055
f 1053 1055 1054
f 1055 1214 1215
f 1055 1215 1056
f 1056 1215 1216
f 1056 1216 1217
f 1056 1217 1218
f 1056 1218 1059
f 1056 1059 1058
f 1056 1058 1057
f 1059 1061 1060
f 1059 1218 1061
f 1061 1218 1062
f 1062 1219 1063
f 1062 1218 1220
f 1062 1220 1221
f 1062 1221 1222
f 1062 1222 1219
f 1063 1219 1169
f 1063 1169 1064
f 1065 1157 1223
f 1065 1223 1067
f 1065 1067 1066
f 1067 1223 1068
f 1068 1223 1224
f 1068 1224 1225
f 1068 1225 1069
f 1069 1226 1227
f 1069 1227 1228
f 1069 1228 1229
f 1069 1229 1230
f 1069 1230 1231
f 1069 1231 1070
f 1069 1225 1232
f 1069 1232 1233
f 1069 1233 1234
f 1069 1234 1226
f 1070 1231 1072
f 1070 1072 1071
f 1072 1231 1235
f 1072 1235 1236
f 1072 1236 1073
f 1073 1236 1074
f 1074 1236 1237
f 1074 1237 1238
f 1074 1238 1075
f 1075 1238 1239
f 1075 1239 1240
f 1075 1240 1076
f 1076 1240 1077
f 1077 1240 1238
f 1077 1238 1241
f 1077 1241 1242
f 1077 1242 1243
f 1077 1243 1078
f 1078 1243 1244
f 1078 1244 1080
f 1079 1080 1245
f 1079 1245 1081
f 1080 1244 1245
f 1081 1245 1082
f 1082 1245 1246
f 1082 1246 1247
f 1082 1247 1084
f 1083 1084 1248
f 1084 1247 1249
f 1084 1249 1248
f 1088 1250 1089
f 1089 1251 1090
f 1089 1250 1252
f 1089 1252 1251
f 1090 1251 1253
f 1090 1253 1254
f 1090 1254 1255
f 1090 1255 1091
f 1091 1255 1256
f 1091 1256 1257
f 1091 1257 1092
f 1092 1258 1094
f 1092 1094 1093
f 1092 1257 1258
f 1094 1259 1095
f 1094 1258 1259
f 1095 1259 1096
f 1096 1259 1260
f 1096 1260 1261
f 1096 1261 1262
f 1096 1262 1097
f 1097 1262 1261
f 1097 1261 1263
f 1097 1263 1098
f 1098 1263 1264
f 1098 1264 1099
f 1099 1264 1265
f 1099 1265 1100
f 1100 1265 1101
f 1101 1266 1102
f 1101 1265 1266
f 1102 1266 1267
f 1102 1267 1104
f 1104 1267 1106
f 1104 1106 1105
f 1106 1267 1268
f 1106 1268 1269
f 1106 1269 1270
f 1106 1270 1271
f 1106 1271 1272
f 1106 1272 1273
f 1106 1273 1107
f 1107 1273 1274
f 1107 1274 1108
f 1108 1274 1275
f 1108 1275 1109
f 1109 1275 1110
f 1110 1275 1111
f 1111 1275 1276
f 1111 1276 1277
f 1111 1277 1278
f 1111 1278 1279
f 1111 1279 1280
f 1111 1280 1112
f 1112 1280 1281
f 1112 1281 1282
f 1112 1282 1283
f 1112 1283 1114
f 1112 1114 1113
f 1114 1283 1115
f 1115 1283 1284
f 1115 1284 1116
f 1116 1285 1286
f 1116 1286 1287
f 1116 1287 1288
f 1116 1288 1118
f 1116 1118 1117
f 1116 1284 1285
f 1118 1288 1119
f 1119 1288 1289
f 1119 1289 1120
f 1120 1289 1290
f 1120 1290 1291
f 1120 1291 1121
f 1121 1291 1292
f 1121 1292 1293
f 1121 1293 1122
f 1122 1294 1123
f 1122 1293 1295
f 1122 1295 1296
f 1122 1296 1294
f 1123 1297 1124
f 1123 1294 1297
f 1125 1140 1298
f 1125 1298 1299
f 1125 1299 1300
f 1125 1300 1126
f 1126 1300 1301
f 1126 1301 1302
f 1126 1302 1127
f 1127 1302 1128
f 1128 1302 1303
f 1128 1303 1304
f 1128 1304 1131
f 1128 1131 1130
f 1128 1130 1129
f 1131 1304 1132
f 1132 1304 1305
f 1132 1305 1306
f 1132 1306 1133
f 1133 1306 1307
f 1133 1307 1308
f 1133 1308 1309
f 1133 1309 1134
f 1136 1310 1475
f 1136 1475 1311
f 1136 1311 1137
f 1137 1311 1312
f 1137 1312 1146
f 1138 1145 1144
f 1138 1144 1313
f 1138 1313 1139
f 1139 1314 1298
f 1139 1298 1140
f 1139 1313 1314
f 1142 1315 1143
f 1142 1154 1155
f 1142 1155 1316
f 1142 1316 1315
f 1143 1315 1144
f 1144 1315 1317
f 1144 1317 1313
f 1146 1312 1318
f 1146 1318 1319
f 1146 1319 1320
f 1146 1320 1147
f 1147 1320 1321
f 1147 1321 1322
f 1147 1322 1148
f 1148 1322 1149
f 1149 1322 1150
f 1150 1322 1323
f 1150 1323 1324
f 1150 1324 1325
f 1150 1325 1326
f 1150 1326 1151
f 1151 1326 1152
f 1152 1326 1325
f 1152 1325 1327
f 1152 1327 1156
f 1152 1156 1153
f 1155 1156 1328
f 1155 1328 1329
f 1155 1329 1316
f 1156 1327 1330
f 1156 1330 1331
f 1156 1331 1332
f 1156 1332 1328
f 1157 1159 1224
f 1157 1224 1223
f 1158 1165 1333
f 1158 1333 1334
f 1158 1334 1159
f 1159 1334 1224
f 1161 1168 1335
f 1161 1335 1162
f 1162 1335 1336
f 1162 1336 1163
f 1163 1336 1166
f 1163 1166 1337
f 1163 1337 1338
f 1163 1338 1164
f 1164 1338 1339
f 1164 1339 1340
f 1164 1340 1341
f 1164 1341 1342
f 1164 1342 1343
f 1164 1343 1165
f 1165 1343 1333
f 1166 1344 1345
f 1166 1345 1346
f 1166 1346 1347
f 1166 1347 1337
f 1166 1336 1167
f 1166 1170 1169
f 1166 1169 1344
f 1167 1336 1335
f 1167 1335 1168
f 1169 1219 1344
f 1173 1348 1174
f 1174 1348 1349
f 1174 1349 1350
f 1174 1350 1351
f 1174 1351 1175
f 1175 1351 1352
f 1175 1352 1353
f 1175 1353 1176
f 1176 1353 1178
f 1176 1178 1177
f 1178 1181 1179
f 1178 1353 1354
f 1178 1354 1355
f 1178 1355 1356
f 1178 1356 1181
f 1181 1356 1182
f 1182 1357 1358
f 1182 1358 1184
f 1182 1184 1183
f 1182 1356 1359
f 1182 1359 1357
f 1184 1358 1360
f 1184 1360 1185
f 1185 1361 1186
f 1185 1360 1361
f 1186 1361 1187
f 1187 1190 1188
f 1187 1361 1362
f 1187 1362 1190
f 1188 1190 1189
f 1190 1362 1191
f 1191 1362 1363
f 1191 1363 1364
f 1191 1364 1365
f 1191 1365 1366
f 1191 1366 1367
f 1191 1367 1192
f 1192 1367 1193
f 1193 1367 1196
f 1195 1200 1368
f 1195 1368 1201
f 1196 1367 1366
f 1196 1366 1369
f 1196 1369 1197
f 1197 1369 1370
f 1197 1370 1198
f 1198 1370 1371
f 1198 1371 1199
f 1199 1371 1372
f 1199 1372 1373
f 1199 1373 1200
f 1200 1373 1374
f 1200 1374 1368
f 1201 1368 1375
f 1201 1375 1202
f 1202 1375 1376
f 1202 1376 1203
f 1203 1376 1204
f 1204 1376 1205
f 1205 1377 1378
f 1205 1378 1379
f 1205 1379 1207
f 1205 1207 1206
f 1205 1376 1377
f 1207 1379 1380
f 1207 1380 1381
f 1207 1381 1208
f 1208 1381 1209
f 1209 1381 1382
f 1209 1382 1383
f 1209 1383 1384
f 1209 1384 1385
f 1209 1385 1210
f 1210 1385 1211
f 1211 1385 1386
f 1211 1386 1387
f 1211 1387 1215
f 1211 1215 1214
f 1211 1214 1213
f 1215 1387 1386
f 1215 1386 1388
f 1215 1388 1389
f 1215 1389 1216
f 1216 1390 1217
f 1216 1389 1390
f 1217 1390 1391
f 1217 1391 1218
f 1218 1391 1220
f 1219 1222 1345
f 1219 1345 1344
f 1220 1391 1392
f 1220 1392 1393
f 1220 1393 1221
f 1221 1393 1394
f 1221 1394 1395
f 1221 1395 1396
f 1221 1396 1222
f 1222 1396 1345
f 1224 1334 1397
f 1224 1397 1233
f 1224 1233 1232
f 1224 1232 1225
f 1226 1234 1227
f 1227 1234 1398
f 1227 1398 1399
f 1227 1399 1228
f 1228 1400 1229
f 1228 1399 1401
f 1228 1401 1402
f 1228 1402 1400
f 1229 1400 1403
f 1229 1403 1404
f 1229 1404 1230
f 1230 1404 1235
f 1230 1235 1231
f 1233 1397 1234
f 1234 1405 1406
f 1234 1406 1407
f 1234 1407 1408
f 1234 1408 1398
f 1234 1397 1409
f 1234 1409 1405
f 1235 1404 1236
f 1236 1404 1237
f 1237 1404 1410
f 1237 1410 1411
f 1237 1411 1412
f 1237 1412 1238
f 1238 1412 1413
f 1238 1413 1241
f 1238 1240 1239
f 1241 1413 1242
f 1242 1414 1243
f 1242 1413 1415
f 1242 1415 1414
f 1243 1414 1416
f 1243 1416 1417
f 1243 1417 1418
f 1243 1418 1244
f 1244 1418 1245
f 1245 1418 1246
f 1246 1418 1419
f 1246 1419 1247
f 1247 1419 1420
f 1247 1420 1249
f 1251 1421 1422
f 1251 1422 1253
f 1251 1252 1421
f 1252 1423 1421
f 1253 1422 1254
f 1254 1424 1256
f 1254 1256 1255
f 1254 1422 1424
f 1256 1425 1257
f 1256 1424 1425
f 1257 1425 1426
f 1257 1426 1258
f 1258 1426 1427
f 1258 1427 1259
f 1259 1427 1428
f 1259 1428 1260
f 1260 1429 1261
f 1260 1428 1430
f 1260 1430 1429
f 1261 1431 1432
f 1261 1432 1263
f 1261 1429 1431
f 1263 1265 1264
f 1263 1432 1433
f 1263 1433 1434
f 1263 1434 1435
f 1263 1435 1265
f 1265 1435 1267
f 1265 1267 1266
f 1267 1435 1436
f 1267 1436 1268
f 1268 1437 1438
f 1268 1438 1269
f 1268 1436 1437
f 1269 1438 1439
f 1269 1439 1270
f 1270 1439 1271
f 1271 1273 1272
f 1271 1439 1440
f 1271 1440 1441
f 1271 1441 1273
f 1273 1441 1442
f 1273 1442 1443
f 1273 1443 1274
f 1274 1443 1444
f 1274 1444 1275
f 1275 1444 1443
f 1275 1443 1276
f 1276 1443 1445
f 1276 1445 1277
f 1277 1446 1447
f 1277 1447 1448
f 1277 1448 1278
f 1277 1445 1446
f 1278 1448 1449
f 1278 1449 1279
f 1279 1449 1360
f 1279 1360 1450
f 1279 1450 1280
f 1280 1450 1451
f 1280 1451 1281
f 1281 1286 1285
f 1281 1285 1283
f 1281 1283 1282
f 1281 1451 1287
f 1281 1287 1286
f 1283 1285 1284
f 1287 1451 1452
f 1287 1452 1359
f 1287 1359 1453
f 1287 1453 1288
f 1288 1453 1454
f 1288 1454 1289
f 1289 1454 1290
f 1290 1455 1291
f 1290 1454 1456
f 1290 1456 1457
f 1290 1457 1351
f 1290 1351 1455
f 1291 1455 1458
f 1291 1458 1292
f 1292 1458 1459
f 1292 1459 1460
f 1292 1460 1295
f 1292 1295 1293
f 1298 1314 1461
f 1298 1461 1462
f 1298 1462 1299
f 1299 1462 1301
f 1299 1301 1300
f 1301 1462 1461
f 1301 1461 1463
f 1301 1463 1302
f 1302 1464 1303
f 1302 1463 1465
f 1302 1465 1466
f 1302 1466 1464
f 1303 1464 1467
f 1303 1467 1468
f 1303 1468 1304
f 1304 1469 1307
f 1304 1307 1305
f 1304 1468 1469
f 1305 1307 1306
f 1307 1469 1470
f 1307 1470 1471
f 1307 1471 1472
f 1307 1472 1308
f 1308 1473 1474
f 1308 1474 1309
f 1308 1472 1473
f 1311 1475 1312
f 1312 1476 1477
f 1312 1477 1318
f 1312 1475 1478
f 1312 1478 1476
f 1313 1479 1461
f 1313 1461 1314
f 1313 1317 1479
f 1315 1316 1317
f 1316 1480 1317
f 1316 1329 1481
f 1316 1481 1480
f 1317 1480 1482
f 1317 1482 1483
f 1317 1483 1479
f 1318 1484 1485
f 1318 1485 1486
f 1318 1486 1319
f 1318 1477 1484
f 1319 1486 1320
f 1320 1487 1321
f 1320 1486 1488
f 1320 1488 1489
f 1320 1489 1490
f 1320 1490 1487
f 1321 1323 1322
f 1321 1487 1323
f 1323 1487 1324
f 1324 1487 1490
f 1324 1490 1489
f 1324 1489 1491
f 1324 1491 1492
f 1324 1492 1493
f 1324 1493 1494
f 1324 1494 1325
f 1325 1330 1327
f 1325 1494 1330
f 1328 1332 1495
f 1328 1495 1496
f 1328 1496 1497
f 1328 1497 1498
f 1328 1498 1329
f 1329 1498 1481
f 1330 1494 1499
f 1330 1499 1331
f 1331 1499 1500
f 1331 1500 1332
f 1332 1501 1495
f 1332 1500 1502
f 1332 1502 1503
f 1332 1503 1501
f 1333 1343 1342
f 1333 1342 1409
f 1333 1409 1397
f 1333 1397 1334
f 1337 1339 1338
f 1337 1347 1339
f 1339 1347 1504
f 1339 1504 1340
f 1340 1406 1341
f 1340 1504 1505
f 1340 1505 1506
f 1340 1506 1406
f 1341 1406 1405
f 1341 1405 1342
f 1342 1405 1409
f 1345 1396 1346
f 1346 1396 1507
f 1346 1507 1508
f 1346 1508 1347
f 1347 1508 1504
f 1350 1509 1351
f 1351 1509 1510
f 1351 1510 1455
f 1351 1457 1511
f 1351 1511 1352
f 1352 1511 1353
f 1353 1511 1457
f 1353 1457 1512
f 1353 1512 1354
f 1354 1512 1456
f 1354 1456 1513
f 1354 1513 1355
f 1355 1513 1453
f 1355 1453 1359
f 1355 1359 1356
f 1357 1359 1452
f 1357 1452 1358
f 1358 1452 1514
f 1358 1514 1450
f 1358 1450 1360
f 1360 1449 1515
f 1360 1515 1516
f 1360 1516 1361
f 1361 1516 1362
f 1362 1516 1363
f 1363 1517 1446
f 1363 1446 1518
f 1363 1518 1364
f 1363 1516 1517
f 1364 1518 1519
f 1364 1519 1520
f 1364 1520 1365
f 1365 1521 1522
f 1365 1522 1366
f 1365 1520 1523
f 1365 1523 1521
f 1366 1522 1369
f 1368 1374 1375
f 1369 1522 1370
f 1370 1522 1524
f 1370 1524 1371
f 1371 1524 1525
f 1371 1525 1372
f 1372 1525 1526
f 1372 1526 1527
f 1372 1527 1373
f 1373 1527 1528
f 1373 1528 1374
f 1374 1529 1375
f 1374 1528 1530
f 1374 1530 1529
f 1375 1377 1376
f 1375 1529 1378
f 1375 1378 1377
f 1378 1529 1531
f 1378 1531 1379
f 1379 1531 1532
f 1379 1532 1533
f 1379 1533 1380
f 1380 1533 1534
f 1380 1534 1382
f 1380 1382 1381
f 1382 1534 1535
f 1382 1535 1536
f 1382 1536 1383
f 1383 1536 1537
f 1383 1537 1384
f 1384 1537 1538
f 1384 1538 1385
f 1385 1538 1539
f 1385 1539 1386
f 1386 1539 1388
f 1388 1539 1540
f 1388 1540 1541
f 1388 1541 1389
f 1389 1541 1542
f 1389 1542 1543
f 1389 1543 1392
f 1389 1392 1390
f 1390 1392 1391
f 1392 1543 1544
f 1392 1544 1393
f 1393 1544 1394
f 1394 1544 1545
f 1394 1545 1546
f 1394 1546 1395
f 1395 1547 1396
f 1395 1546 1548
f 1395 1548 1547
f 1396 1547 1507
f 1398 1408 1549
f 1398 1549 1399
f 1399 1549 1550
f 1399 1550 1551
f 1399 1551 1401
f 1400 1402 1403
f 1401 1551 1552
f 1401 1552 1553
f 1401 1553 1402
f 1402 1554 1403
f 1402 1553 1555
f 1402 1555 1556
f 1402 1556 1557
f 1402 1557 1554
f 1403 1554 1558
f 1403 1558 1410
f 1403 1410 1404
f 1406 1506 1559
f 1406 1559 1408
f 1406 1408 1407
f 1408 1559 1560
f 1408 1560 1550
f 1408 1550 1549
f 1410 1558 1411
f 1411 1558 1561
f 1411 1561 1562
f 1411 1562 1563
f 1411 1563 1412
f 1412 1563 1564
f 1412 1564 1413
f 1413 1564 1565
f 1413 1565 1415
f 1414 1415 1566
f 1414 1566 1567
f 1414 1567 1416
f 1415 1565 1568
f 1415 1568 1566
f 1416 1569 1570
f 1416 1570 1571
f 1416 1571 1417
f 1416 1567 1572
f 1416 1572 1573
f 1416 1573 1569
f 1417 1571 1574
f 1417 1574 1575
f 1417 1575 1419
f 1417 1419 1418
f 1419 1575 1420
f 1421 1576 1577
f 1421 1577 1578
f 1421 1578 1422
f 1421 1423 1579
f 1421 1579 1576
f 1422 1578 1425
f 1422 1425 1424
f 1425 1578 1580
f 1425 1580 1426
f 1426 1581 1582
f 1426 1582 1427
f 1426 1580 1583
f 1426 1583 1581
f 1427 1582 1430
f 1427 1430 1428
f 1429 1430 1584
f 1429 1584 1431
f 1430 1582 1585
f 1430 1585 1586
f 1430 1586 1584
f 1431 1584 1587
f 1431 1587 1588
f 1431 1588 1589
f 1431 1589 1432
f 1432 1589 1590
f 1432 1590 1433
f 1433 1590 1591
f 1433 1591 1434
f 1434 1591 1435
f 1435 1591 1592
f 1435 1592 1593
f 1435 1593 1436
f 1436 1593 1594
f 1436 1594 1437
f 1437 1594 1438
f 1438 1594 1595
f 1438 1595 1596
f 1438 1596 1439
f 1439 1596 1440
f 1440 1596 1597
f 1440 1597 1598
f 1440 1598 1442
f 1440 1442 1441
f 1442 1598 1599
f 1442 1599 1519
f 1442 1519 1446
f 1442 1446 1443
f 1443 1446 1445
f 1446 1519 1518
f 1446 1517 1515
f 1446 1515 1447
f 1447 1515 1448
f 1448 1515 1449
f 1450 1514 1451
f 1451 1514 1452
f 1453 1513 1456
f 1453 1456 1454
f 1455 1600 1601
f 1455 1601 1459
f 1455 1459 1458
f 1455 1510 1600
f 1456 1512 1457
f 1461 1479 1602
f 1461 1602 1463
f 1463 1602 1603
f 1463 1603 1604
f 1463 1604 1605
f 1463 1605 1466
f 1463 1466 1465
f 1464 1606 1467
f 1464 1466 1607
f 1464 1607 1606
f 1466 1605 1608
f 1466 1608 1609
f 1466 1609 1610
f 1466 1610 1607
f 1467 1606 1468
f 1468 1606 1611
f 1468 1611 1469
f 1469 1611 1612
f 1469 1612 1470
f 1470 1613 1471
f 1470 1612 1613
f 1471 1613 1614
f 1471 1614 1615
f 1471 1615 1472
f 1472 1615 1473
f 1473 1615 1616
f 1477 1617 1618
f 1477 1618 1484
f 1479 1483 1619
f 1479 1619 1602
f 1480 1481 1620
f 1480 1620 1482
f 1481 1498 1621
f 1481 1621 1620
f 1482 1620 1622
f 1482 1622 1619
f 1482 1619 1483
f 1484 1618 1485
f 1485 1618 1623
f 1485 1623 1624
f 1485 1624 1486
f 1486 1624 1488
f 1488 1624 1625
f 1488 1625 1489
f 1489 1625 1626
f 1489 1626 1491
f 1491 1626 1627
f 1491 1627 1628
f 1491 1628 1492
f 1492 1628 1493
f 1493 1628 1629
f 1493 1629 1630
f 1493 1630 1631
f 1493 1631 1632
f 1493 1632 1633
f 1493 1633 1634
f 1493 1634 1494
f 1494 1634 1635
f 1494 1635 1499
f 1495 1501 1496
f 1496 1501 1636
f 1496 1636 1637
f 1496 1637 1497
f 1497 1637 1498
f 1498 1637 1638
f 1498 1638 1621
f 1499 1635 1500
f 1500 1635 1502
f 1501 1503 1636
f 1502 1635 1639
f 1502 1639 1633
f 1502 1633 1632
f 1502 1632 1640
f 1502 1640 1641
f 1502 1641 1642
f 1502 1642 1643
f 1502 1643 1503
f 1503 1644 1636
f 1503 1643 1645
f 1503 1645 1644
f 1504 1508 1505
f 1505 1646 1647
f 1505 1647 1648
f 1505 1648 1559
f 1505 1559 1506
f 1505 1508 1649
f 1505 1649 1646
f 1507 1547 1508
f 1508 1547 1650
f 1508 1650 1649
f 1515 1517 1516
f 1519 1599 1520
f 1520 1599 1523
f 1521 1524 1522
f 1521 1523 1651
f 1521 1651 1524
f 1523 1599 1652
f 1523 1652 1651
f 1524 1651 1653
f 1524 1653 1525
f 1525 1653 1654
f 1525 1654 1526
f 1526 1654 1655
f 1526 1655 1656
f 1526 1656 1527
f 1527 1656 1657
f 1527 1657 1528
f 1528 1657 1658
f 1528 1658 1530
f 1529 1530 1531
f 1530 1658 1659
f 1530 1659 1531
f 1531 1534 1532
f 1531 1659 1660
f 1531 1660 1534
f 1532 1534 1533
f 1534 1660 1661
f 1534 1661 1662
f 1534 1662 1535
f 1535 1662 1663
f 1535 1663 1664
f 1535 1664 1536
f 1536 1664 1665
f 1536 1665 1537
f 1537 1539 1538
f 1537 1665 1539
f 1539 1665 1666
f 1539 1666 1667
f 1539 1667 1668
f 1539 1668 1540
f 1540 1668 1541
f 1541 1668 1669
f 1541 1669 1542
f 1542 1669 1670
f 1542 1670 1671
f 1542 1671 1543
f 1543 1671 1544
f 1544 1671 1545
f 1545 1671 1672
f 1545 1672 1546
f 1546 1673 1548
f 1546 1672 1674
f 1546 1674 1675
f 1546 1675 1673
f 1547 1548 1673
f 1547 1673 1676
f 1547 1676 1650
f 1550 1560 1677
f 1550 1677 1552
f 1550 1552 1551
f 1552 1677 1678
f 1552 1678 1679
f 1552 1679 1553
f 1553 1679 1680
f 1553 1680 1555
f 1554 1557 1681
f 1554 1681 1558
f 1555 1680 1682
f 1555 1682 1683
f 1555 1683 1556
f 1556 1684 1557
f 1556 1683 1684
f 1557 1684 1681
f 1558 1681 1561
f 1559 1648 1685
f 1559 1685 1686
f 1559 1686 1560
f 1560 1686 1687
f 1560 1687 1677
f 1561 1681 1562
f 1562 1688 1563
f 1562 1681 1684
f 1562 1684 1689
f 1562 1689 1690
f 1562 1690 1691
f 1562 1691 1688
f 1563 1688 1692
f 1563 1692 1693
f 1563 1693 1564
f 1564 1693 1565
f 1565 1693 1694
f 1565 1694 1695
f 1565 1695 1568
f 1566 1568 1567
f 1567 1568 1695
f 1567 1695 1696
f 1567 1696 1697
f 1567 1697 1572
f 1572 1697 1573
f 1573 1697 1698
f 1576 1579 1699
f 1576 1699 1700
f 1576 1700 1701
f 1576 1701 1702
f 1576 1702 1703
f 1576 1703 1577
f 1577 1703 1578
f 1578 1703 1704
f 1578 1704 1580
f 1580 1705 1585
f 1580 1585 1583
f 1580 1704 1705
f 1581 1585 1582
f 1581 1583 1585
f 1584 1706 1587
f 1584 1586 1707
f 1584 1707 1706
f 1585 1708 1586
f 1585 1705 1708
f 1586 1708 1709
f 1586 1709 1707
f 1587 1710 1711
f 1587 1711 1588
f 1587 1706 1710
f 1588 1711 1712
f 1588 1712 1589
f 1589 1712 1713
f 1589 1713 1714
f 1589 1714 1590
f 1590 1714 1715
f 1590 1715 1591
f 1591 1715 1592
f 1592 1715 1593
f 1593 1716 1594
f 1593 1715 1716
f 1594 1716 1717
f 1594 1717 1595
f 1595 1718 1719
f 1595 1719 1596
f 1595 1717 1718
f 1596 1720 1597
f 1596 1719 1720
f 1597 1721 1652
f 1597 1652 1598
f 1597 1720 1721
f 1598 1652 1599
f 1602 1722 1723
f 1602 1723 1724
f 1602 1724 1725
f 1602 1725 1605
f 1602 1605 1603
f 1602 1619 1726
f 1602 1726 1722
f 1603 1605 1604
f 1605 1725 1608
f 1606 1607 1727
f 1606 1727 1728
f 1606 1728 1612
f 1606 1612 1611
f 1607 1610 1729
f 1607 1729 1730
f 1607 1730 1727
f 1608 1723 1731
f 1608 1731 1732
f 1608 1732 1733
f 1608 1733 1734
f 1608 1734 1609
f 1608 1725 1723
f 1609 1734 1735
f 1609 1735 1736
f 1609 1736 1610
f 1610 1736 1737
f 1610 1737 1729
f 1612 1728 1738
f 1612 1738 1613
f 1613 1738 1739
f 1613 1739 1740
f 1613 1740 1741
f 1613 1741 1614
f 1614 1741 1742
f 1614 1742 1743
f 1614 1743 1744
f 1614 1744 1745
f 1614 1745 1615
f 1615 1745 1744
f 1615 1744 1746
f 1615 1746 1616
f 1617 1747 1623
f 1617 1623 1618
f 1619 1622 1748
f 1619 1748 1726
f 1620 1621 1748
f 1620 1748 1622
f 1621 1638 1748
f 1623 1749 1750
f 1623 1750 1751
f 1623 1751 1624
f 1623 1747 1749
f 1624 1751 1625
f 1625 1751 1752
f 1625 1752 1753
f 1625 1753 1626
f 1626 1753 1754
f 1626 1754 1627
f 1627 1754 1628
f 1628 1754 1629
f 1629 1754 1630
f 1630 1754 1755
f 1630 1755 1756
f 1630 1756 1757
f 1630 1757 1758
f 1630 1758 1631
f 1631 1758 1759
f 1631 1759 1760
f 1631 1760 1640
f 1631 1640 1632
f 1633 1639 1635
f 1633 1635 1634
f 1636 1638 1637
f 1636 1644 1761
f 1636 1761 1638
f 1638 1761 1762
f 1638 1762 1763
f 1638 1763 1748
f 1640 1760 1641
f 1641 1760 1764
f 1641 1764 1642
f 1642 1764 1765
f 1642 1765 1643
f 1643 1766 1645
f 1643 1765 1767
f 1643 1767 1766
f 1644 1645 1768
f 1644 1768 1761
f 1645 1766 1768
f 1646 1649 1769
f 1646 1769 1647
f 1647 1769 1648
f 1648 1770 1685
f 1648 1769 1771
f 1648 1771 1772
f 1648 1772 1773
f 1648 1773 1774
f 1648 1774 1770
f 1649 1650 1769
f 1650 1676 1769
f 1651 1775 1653
f 1651 1652 1721
f 1651 1721 1775
f 1653 1775 1654
f 1654 1775 1776
f 1654 1776 1655
f 1655 1777 1656
f 1655 1776 1778
f 1655 1778 1777
f 1656 1777 1657
f 1657 1777 1779
f 1657 1779 1658
f 1658 1780 1659
f 1658 1779 1781
f 1658 1781 1780
f 1659 1780 1782
f 1659 1782 1660
f 1660 1782 1661
f 1661 1782 1783
f 1661 1783 1662
f 1662 1783 1663
f 1663 1783 1784
f 1663 1784 1785
f 1663 1785 1786
f 1663 1786 1664
f 1664 1786 1787
f 1664 1787 1665
f 1665 1787 1666
f 1666 1787 1788
f 1666 1788 1789
f 1666 1789 1790
f 1666 1790 1667
f 1667 1790 1668
f 1668 1791 1669
f 1668 1790 1792
f 1668 1792 1791
f 1669 1791 1793
f 1669 1793 1794
f 1669 1794 1795
f 1669 1795 1796
f 1669 1796 1674
f 1669 1674 1672
f 1669 1672 1670
f 1670 1672 1671
f 1673 1675 1797
f 1673 1797 1769
f 1673 1769 1676
f 1674 1796 1798
f 1674 1798 1799
f 1674 1799 1800
f 1674 1800 1675
f 1675 1800 1801
f 1675 1801 1797
f 1677 1687 1802
f 1677 1802 1678
f 1678 1802 1803
f 1678 1803 1679
f 1679 1803 1680
f 1680 1803 1765
f 1680 1765 1682
f 1682 1689 1684
f 1682 1684 1683
f 1682 1765 1764
f 1682 1764 1804
f 1682 1804 1689
f 1685 1770 1686
f 1686 1770 1687
f 1687 1770 1774
f 1687 1774 1805
f 1687 1805 1802
f 1688 1691 1757
f 1688 1757 1806
f 1688 1806 1692
f 1689 1804 1759
f 1689 1759 1690
f 1690 1759 1758
f 1690 1758 1691
f 1691 1758 1757
f 1692 1807 1694
f 1692 1694 1693
f 1692 1806 1808
f 1692 1808 1809
f 1692 1809 1807
f 1694 1807 1810
f 1694 1810 1695
f 1695 1810 1811
f 1695 1811 1696
f 1696 1811 1812
f 1696 1812 1697
f 1697 1812 1813
f 1697 1813 1698
f 1700 1814 1701
f 1701 1815 1702
f 1701 1814 1815
f 1702 1815 1816
f 1702 1816 1703
f 1703 1816 1817
f 1703 1817 1704
f 1704 1817 1818
f 1704 1818 1705
f 1705 1818 1819
f 1705 1819 1708
f 1706 1820 1821
f 1706 1821 1822
f 1706 1822 1710
f 1706 1707 1820
f 1707 1709 1823
f 1707 1823 1820
f 1708 1819 1824
f 1708 1824 1825
f 1708 1825 1709
f 1709 1825 1823
f 1710 1822 1826
f 1710 1826 1711
f 1711 1826 1827
f 1711 1827 1712
f 1712 1827 1713
f 1713 1827 1828
f 1713 1828 1829
f 1713 1829 1830
f 1713 1830 1831
f 1713 1831 1714
f 1714 1831 1715
f 1715 1831 1716
f 1716 1832 1717
f 1716 1831 1832
f 1717 1832 1833
f 1717 1833 1718
f 1718 1834 1719
f 1718 1833 1834
f 1719 1834 1835
f 1719 1835 1720
f 1720 1835 1721
f 1721 1836 1775
f 1721 1835 1836
f 1722 1726 1837
f 1722 1837 1723
f 1723 1725 1724
f 1723 1837 1731
f 1726 1838 1837
f 1726 1748 1839
f 1726 1839 1840
f 1726 1840 1838
f 1727 1730 1738
f 1727 1738 1728
f 1729 1737 1730
f 1730 1737 1841
f 1730 1841 1842
f 1730 1842 1738
f 1731 1837 1843
f 1731 1843 1844
f 1731 1844 1845
f 1731 1845 1732
f 1732 1845 1733
f 1733 1845 1734
f 1734 1845 1735
f 1735 1846 1847
f 1735 1847 1737
f 1735 1737 1736
f 1735 1845 1848
f 1735 1848 1846
f 1737 1842 1841
f 1737 1847 1842
f 1738 1842 1740
f 1738 1740 1739
f 1740 1842 1847
f 1740 1847 1849
f 1740 1849 1741
f 1741 1850 1851
f 1741 1851 1742
f 1741 1849 1852
f 1741 1852 1853
f 1741 1853 1850
f 1742 1854 1855
f 1742 1855 1856
f 1742 1856 1857
f 1742 1857 1743
f 1742 1851 1854
f 1743 1857 1858
f 1743 1858 1859
f 1743 1859 1744
f 1748 1763 1860
f 1748 1860 1839
f 1750 1861 1751
f 1751 1861 1862
f 1751 1862 1863
f 1751 1863 1864
f 1751 1864 1752
f 1752 1864 1865
f 1752 1865 1866
f 1752 1866 1753
f 1753 1866 1755
f 1753 1755 1754
f 1755 1866 1867
f 1755 1867 1756
f 1756 1867 1806
f 1756 1806 1757
f 1759 1804 1760
f 1760 1804 1764
f 1761 1768 1868
f 1761 1868 1869
f 1761 1869 1870
f 1761 1870 1762
f 1762 1871 1763
f 1762 1870 1871
f 1763 1871 1860
f 1765 1803 1872
f 1765 1872 1767
f 1766 1767 1768
f 1767 1872 1873
f 1767 1873 1874
f 1767 1874 1868
f 1767 1868 1768
f 1769 1797 1801
f 1769 1801 1875
f 1769 1875 1876
f 1769 1876 1877
f 1769 1877 1771
f 1771 1877 1772
f 1772 1877 1878
f 1772 1878 1773
f 1773 1876 1879
f 1773 1879 1880
f 1773 1880 1881
f 1773 1881 1882
f 1773 1882 1883
f 1773 1883 1774
f 1773 1878 1876
f 1774 1883 1884
f 1774 1884 1805
f 1775 1836 1776
f 1776 1836 1885
f 1776 1885 1778
f 1777 1778 1886
f 1777 1886 1887
f 1777 1887 1779
f 1778 1885 1888
f 1778 1888 1886
f 1779 1887 1889
f 1779 1889 1781
f 1780 1781 1889
f 1780 1889 1890
f 1780 1890 1891
f 1780 1891 1892
f 1780 1892 1782
f 1782 1892 1893
f 1782 1893 1894
f 1782 1894 1783
f 1783 1894 1784
f 1784 1894 1893
f 1784 1893 1895
f 1784 1895 1896
f 1784 1896 1897
f 1784 1897 1785
f 1785 1897 1898
f 1785 1898 1786
f 1786 1898 1899
f 1786 1899 1787
f 1787 1899 1900
f 1787 1900 1788
f 1788 1900 1901
f 1788 1901 1902
f 1788 1902 1789
f 1789 1792 1790
f 1789 1902 1903
f 1789 1903 1904
f 1789 1904 1905
f 1789 1905 1792
f 1791 1792 1905
f 1791 1905 1793
f 1793 1905 1906
f 1793 1906 1907
f 1793 1907 1794
f 1794 1799 1798
f 1794 1798 1795
f 1794 1907 1799
f 1795 1798 1796
f 1799 1908 1909
f 1799 1909 1910
f 1799 1910 1800
f 1799 1907 1908
f 1800 1910 1801
f 1801 1910 1911
f 1801 1911 1875
f 1802 1805 1873
f 1802 1873 1872
f 1802 1872 1803
f 1805 1884 1873
f 1806 1867 1808
f 1807 1809 1912
f 1807 1912 1810
f 1808 1867 1809
f 1809 1867 1913
f 1809 1913 1912
f 1810 1912 1811
f 1811 1914 1812
f 1811 1912 1915
f 1811 1915 1914
f 1812 1914 1813
f 1813 1914 1916
f 1814 1917 1815
f 1815 1917 1918
f 1815 1918 1919
f 1815 1919 1920
f 1815 1920 1816
f 1816 1920 1817
f 1817 1921 1818
f 1817 1920 1921
f 1818 1921 1922
f 1818 1922 1923
f 1818 1923 1824
f 1818 1824 1819
f 1820 1924 1925
f 1820 1925 1821
f 1820 1823 1926
f 1820 1926 1924
f 1821 1925 1927
f 1821 1927 1822
f 1822 1927 1928
f 1822 1928 1826
f 1823 1825 1926
f 1824 1929 1930
f 1824 1930 1825
f 1824 1923 1931
f 1824 1931 1929
f 1825 1930 1926
f 1826 1932 1933
f 1826 1933 1827
f 1826 1928 1932
f 1827 1933 1828
f 1828 1934 1829
f 1828 1933 1934
f 1829 1935 1936
f 1829 1936 1937
f 1829 1937 1938
f 1829 1938 1830
f 1829 1934 1935
f 1830 1938 1832
f 1830 1832 1831
f 1832 1938 1833
f 1833 1938 1939
f 1833 1939 1834
f 1834 1939 1940
f 1834 1940 1835
f 1835 1885 1836
f 1835 1940 1885
f 1837 1838 1843
f 1838 1840 1839
f 1838 1839 1941
f 1838 1941 1942
f 1838 1942 1943
f 1838 1943 1843
f 1839 1860 1944
f 1839 1944 1945
f 1839 1945 1946
f 1839 1946 1941
f 1843 1947 1844
f 1843 1943 1947
f 1844 1947 1948
f 1844 1948 1845
f 1845 1948 1949
f 1845 1949 1848
f 1846 1950 1951
f 1846 1951 1952
f 1846 1952 1847
f 1846 1848 1950
f 1847 1952 1953
f 1847 1953 1849
f 1848 1949 1954
f 1848 1954 1955
f 1848 1955 1956
f 1848 1956 1957
f 1848 1957 1950
f 1849 1953 1958
f 1849 1958 1959
f 1849 1959 1852
f 1850 1853 1852
f 1850 1852 1959
f 1850 1959 1960
f 1850 1960 1961
f 1850 1961 1851
f 1851 1962 1855
f 1851 1855 1854
f 1851 1961 1962
f 1855 1962 1963
f 1855 1963 1857
f 1855 1857 1856
f 1857 1965 1858
f 1857 1963 1964
f 1858 1965 1859
f 1860 1871 1870
f 1860 1870 1966
f 1860 1966 1967
f 1860 1967 1944
f 1862 1968 1863
f 1863 1865 1864
f 1863 1968 1969
f 1863 1969 1865
f 1865 1969 1913
f 1865 1913 1866
f 1866 1913 1867
f 1868 1970 1971
f 1868 1971 1967
f 1868 1967 1869
f 1868 1874 1970
f 1869 1967 1870
f 1870 1967 1966
f 1873 1884 1874
f 1874 1884 1970
f 1875 1911 1876
f 1876 1878 1877
f 1876 1911 1879
f 1879 1972 1973
f 1879 1973 1880
f 1879 1911 1972
f 1880 1973 1974
f 1880 1974 1881
f 1881 1974 1975
f 1881 1975 1976
f 1881 1976 1882
f 1882 1970 1883
f 1882 1976 1971
f 1882 1971 1970
f 1883 1970 1884
f 1885 1940 1888
f 1886 1888 1977
f 1886 1977 1978
f 1886 1978 1887
f 1887 1978 1889
f 1888 1940 1939
f 1888 1939 1979
f 1888 1979 1977
f 1889 1891 1890
f 1889 1978 1980
f 1889 1980 1981
f 1889 1981 1891
f 1891 1981 1982
f 1891 1982 1983
f 1891 1983 1893
f 1891 1893 1892
f 1893 1983 1895
f 1895 1983 1984
f 1895 1984 1896
f 1896 1984 1897
f 1897 1984 1985
f 1897 1985 1986
f 1897 1986 1898
f 1898 1986 1987
f 1898 1987 1901
f 1898 1901 1900
f 1898 1900 1899
f 1901 1987 1902
f 1902 1987 1988
f 1902 1988 1903
f 1903 1988 1989
f 1903 1989 1990
f 1903 1990 1991
f 1903 1991 1905
f 1903 1905 1904
f 1905 1991 1906
f 1906 1991 1990
f 1906 1990 1992
f 1906 1992 1907
f 1907 1992 1993
f 1907 1993 1994
f 1907 1994 1908
f 1908 1994 1995
f 1908 1995 1996
f 1908 1996 1997
f 1908 1997 1909
f 1909 1972 1910
f 1909 1997 1998
f 1909 1998 1972
f 1910 1972 1911
f 1912 1913 1915
f 1913 1969 1999
f 1913 1999 1915
f 1914 1915 2000
f 1914 2000 1916
f 1915 1999 2001
f 1915 2001 2000
f 1919 2002 2003
f 1919 2003 1920
f 1920 2004 2005
f 1920 2005 1921
f 1920 2003 2004
f 1921 2005 1922
f 1922 1931 1923
f 1922 2005 1931
f 1924 2006 1925
f 1924 1926 2007
f 1924 2007 2006
f 1925 2008 1927
f 1925 2006 2008
f 1926 1930 2007
f 1927 2008 1928
f 1928 2008 2009
f 1928 2009 1932
f 1929 2010 2011
f 1929 2011 1930
f 1929 1931 2012
f 1929 2012 2010
f 1930 2011 2013
f 1930 2013 2007
f 1931 2005 2012
f 1932 2014 2015
f 1932 2015 1933
f 1932 2009 2016
f 1932 2016 2014
f 1933 2015 2017
f 1933 2017 2018
f 1933 2018 1934
f 1934 2018 2019
f 1934 2019 1935
f 1935 2019 1936
f 1936 2020 1977
f 1936 1977 1979
f 1936 1979 1937
f 1936 2019 2020
f 1937 1979 1939
f 1937 1939 1938
f 1941 1946 1942
f 1942 2021 1943
f 1942 1946 2022
f 1942 2022 2023
f 1942 2023 2021
f 1943 2021 2024
f 1943 2024 1947
f 1944 2025 1946
f 1944 1946 1945
f 1944 1967 1976
f 1944 1976 2026
f 1944 2026 2027
f 1944 2027 2025
f 1946 2025 2022
f 1947 2028 1948
f 1947 2024 2028
f 1948 2028 2029
f 1948 2029 2030
f 1948 2030 2031
f 1948 2031 1949
f 1949 2031 1954
f 1950 1957 1951
f 1951 1957 2032
f 1951 2032 2033
f 1951 2033 2034
f 1951 2034 2035
f 1951 2035 1952
f 1952 2035 1953
f 1953 2035 2036
f 1953 2036 1958
f 1954 2031 2030
f 1954 2030 2037
f 1954 2037 2038
f 1954 2038 2039
f 1954 2039 2040
f 1954 2040 2041
f 1954 2041 2042
f 1954 2042 2043
f 1954 2043 1957
f 1954 1957 1955
f 1955 1957 1956
f 1957 2043 2032
f 1958 2036 1959
f 1959 2036 1960
f 1960 2044 2045
f 1960 2045 1961
f 1960 2036 2044
f 1961 2045 2046
f 1961 2046 2047
f 1961 2047 1962
f 1962 2048 2049
f 1962 2049 1963
f 1962 2047 2048
f 1963 2049 2050
f 1963 2050 1964
f 1964 2050 2051
f 1967 1971 1976
f 1968 2052 1969
f 1969 2052 2077
f 1969 2077 1999
f 1972 1998 2053
f 1972 2053 1973
f 1973 2053 2025
f 1973 2025 1974
f 1974 2027 1975
f 1974 2025 2027
f 1975 2027 1976
f 1976 2027 2026
f 1977 2020 1978
f 1978 2054 1980
f 1978 2020 2054
f 1980 2054 2055
f 1980 2055 1981
f 1981 2055 1982
f 1982 2055 2056
f 1982 2056 2057
f 1982 2057 1983
f 1983 2057 2058
f 1983 2058 2059
f 1983 2059 1984
f 1984 2059 1985
f 1985 2059 2060
f 1985 2060 2061
f 1985 2061 1986
f 1986 2062 1988
f 1986 1988 1987
f 1986 2061 2063
f 1986 2063 2064
f 1986 2064 2062
f 1988 2062 2065
f 1988 2065 1989
f 1989 2065 2066
f 1989 2066 2067
f 1989 2067 2068
f 1989 2068 2069
f 1989 2069 1990
f 1990 2069 1992
f 1992 2069 1993
f 1993 2069 2070
f 1993 2070 2071
f 1993 2071 2072
f 1993 2072 1994
f 1994 2072 1995
f 1995 2072 2071
f 1995 2071 2073
f 1995 2073 2074
f 1995 2074 1996
f 1996 2074 2075
f 1996 2075 2076
f 1996 2076 1997
f 1997 2076 2053
f 1997 2053 1998
f 1999 2077 2078
f 1999 2078 2001
f 2002 2079 2003
f 2003 2079 2080
f 2003 2080 2081
f 2003 2081 2082
f 2003 2082 2083
f 2003 2083 2004
f 2004 2083 2005
f 2005 2083 2012
f 2006 2084 2008
f 2006 2007 2084
f 2007 2013 2085
f 2007 2085 2084
f 2008 2084 2086
f 2008 2086 2009
f 2009 2086 2016
f 2010 2087 2011
f 2010 2012 2087
f 2011 2087 2013
f 2012 2083 2088
f 2012 2088 2089
f 2012 2089 2087
f 2013 2087 2090
f 2013 2090 2085
f 2014 2091 2092
f 2014 2092 2093
f 2014 2093 2094
f 2014 2094 2015
f 2014 2016 2091
f 2015 2094 2095
f 2015 2095 2018
f 2015 2018 2017
f 2016 2086 2096
f 2016 2096 2097
f 2016 2097 2091
f 2018 2095 2098
f 2018 2098 2019
f 2019 2099 2020
f 2019 2098 2099
f 2020 2099 2054
f 2021 2100 2028
f 2021 2028 2024
f 2021 2023 2101
f 2021 2101 2100
f 2022 2025 2102
f 2022 2102 2023
f 2023 2102 2101
f 2025 2053 2102
f 2028 2100 2103
f 2028 2103 2029
f 2029 2103 2104
f 2029 2104 2030
f 2030 2105 2037
f 2030 2104 2105
f 2032 2106 2033
f 2032 2043 2042
f 2032 2042 2106
f 2033 2107 2034
f 2033 2106 2107
f 2034 2107 2108
f 2034 2108 2109
f 2034 2109 2035
f 2035 2109 2036
f 2036 2109 2044
f 2037 2105 2038
f 2038 2104 2110
f 2038 2110 2111
f 2038 2111 2112
f 2038 2112 2039
f 2038 2105 2104
f 2039 2112 2040
f 2040 2112 2041
f 2041 2113 2114
f 2041 2114 2042
f 2041 2112 2113
f 2042 2114 2106
f 2044 2115 2116
f 2044 2116 2045
f 2044 2109 2108
f 2044 2108 2115
f 2045 2116 2117
f 2045 2117 2046
f 2046 2117 2116
f 2046 2116 2118
f 2046 2118 2119
f 2046 2119 2120
f 2046 2120 2121
f 2046 2121 2048
f 2046 2048 2047
f 2048 2121 2122
f 2048 2122 2049
f 2049 2122 2123
f 2049 2123 2050
f 2050 2123 2124
f 2050 2124 2051
f 2053 2076 2075
f 2053 2075 2102
f 2054 2099 2125
f 2054 2125 2126
f 2054 2126 2055
f 2055 2126 2056
f 2056 2126 2127
f 2056 2127 2057
f 2057 2127 2128
f 2057 2128 2129
f 2057 2129 2130
f 2057 2130 2058
f 2058 2130 2131
f 2058 2131 2059
f 2059 2131 2060
f 2060 2131 2132
f 2060 2132 2061
f 2061 2132 2133
f 2061 2133 2134
f 2061 2134 2063
f 2062 2064 2065
f 2063 2066 2064
f 2063 2134 2066
f 2064 2066 2065
f 2066 2134 2135
f 2066 2135 2136
f 2066 2136 2137
f 2066 2137 2067
f 2067 2137 2138
f 2067 2138 2139
f 2067 2139 2068
f 2068 2139 2069
f 2069 2139 2140
f 2069 2140 2141
f 2069 2141 2070
f 2070 2141 2104
f 2070 2104 2071
f 2071 2142 2073
f 2071 2104 2142
f 2073 2142 2103
f 2073 2103 2074
f 2074 2101 2075
f 2074 2103 2101
f 2075 2101 2102
f 2080 2143 2081
f 2081 2143 2144
f 2081 2144 2145
f 2081 2145 2088
f 2081 2088 2083
f 2081 2083 2082
f 2084 2146 2086
f 2084 2085 2147
f 2084 2147 2146
f 2085 2090 2148
f 2085 2148 2147
f 2086 2146 2096
f 2087 2089 2149
f 2087 2149 2150
f 2087 2150 2090
f 2088 2145 2151
f 2088 2151 2152
f 2088 2152 2089
f 2089 2152 2149
f 2090 2150 2148
f 2091 2097 2153
f 2091 2153 2154
f 2091 2154 2155
f 2091 2155 2156
f 2091 2156 2092
f 2092 2156 2093
f 2093 2157 2094
f 2093 2156 2128
f 2093 2128 2157
f 2094 2157 2098
f 2094 2098 2095
f 2096 2146 2158
f 2096 2158 2153
f 2096 2153 2097
f 2098 2157 2125
f 2098 2125 2099
f 2100 2101 2103
f 2103 2142 2104
f 2104 2141 2110
f 2106 2114 2159
f 2106 2159 2107
f 2107 2159 2160
f 2107 2160 2161
f 2107 2161 2162
f 2107 2162 2108
f 2108 2162 2163
f 2108 2163 2115
f 2110 2141 2140
f 2110 2140 2164
f 2110 2164 2111
f 2111 2165 2166
f 2111 2166 2112
f 2111 2164 2165
f 2112 2166 2113
f 2113 2167 2168
f 2113 2168 2114
f 2113 2166 2169
f 2113 2169 2170
f 2113 2170 2167
f 2114 2168 2159
f 2115 2118 2116
f 2115 2163 2118
f 2118 2171 2119
f 2118 2163 2172
f 2118 2172 2173
f 2118 2173 2171
f 2119 2171 2120
f 2120 2174 2175
f 2120 2175 2122
f 2120 2122 2121
f 2120 2171 2174
f 2122 2176 2177
f 2122 2177 2178
f 2122 2178 2123
f 2122 2175 2179
f 2122 2179 2176
f 2123 2178 2180
f 2125 2128 2127
f 2125 2127 2126
f 2125 2157 2128
f 2128 2156 2181
f 2128 2181 2129
f 2129 2181 2182
f 2129 2182 2130
f 2130 2132 2131
f 2130 2182 2183
f 2130 2183 2132
f 2132 2184 2185
f 2132 2185 2133
f 2132 2183 2184
f 2133 2185 2134
f 2134 2185 2186
f 2134 2186 2187
f 2134 2187 2135
f 2135 2187 2136
f 2136 2187 2188
f 2136 2188 2189
f 2136 2189 2138
f 2136 2138 2137
f 2138 2189 2190
f 2138 2190 2139
f 2139 2190 2140
f 2140 2190 2164
f 2143 2191 2144
f 2144 2191 2192
f 2144 2192 2193
f 2144 2193 2145
f 2145 2193 2151
f 2146 2194 2158
f 2146 2147 2194
f 2147 2148 2195
f 2147 2195 2194
f 2148 2150 2196
f 2148 2196 2197
f 2148 2197 2195
f 2149 2196 2150
f 2149 2152 2198
f 2149 2198 2196
f 2151 2193 2199
f 2151 2199 2200
f 2151 2200 2152
f 2152 2200 2198
f 2153 2158 2201
f 2153 2201 2154
f 2154 2202 2155
f 2154 2201 2202
f 2155 2202 2156
f 2156 2202 2203
f 2156 2203 2181
f 2158 2194 2204
f 2158 2204 2205
f 2158 2205 2201
f 2159 2168 2160
f 2160 2206 2207
f 2160 2207 2161
f 2160 2168 2206
f 2161 2207 2208
f 2161 2208 2209
f 2161 2209 2162
f 2162 2209 2163
f 2163 2209 2172
f 2164 2190 2165
f 2165 2190 2210
f 2165 2210 2166
f 2166 2210 2169
f 2167 2170 2211
f 2167 2211 2212
f 2167 2212 2213
f 2167 2213 2206
f 2167 2206 2168
f 2169 2214 2211
f 2169 2211 2170
f 2169 2210 2214
f 2171 2173 2215
f 2171 2215 2216
f 2171 2216 2217
f 2171 2217 2218
f 2171 2218 2174
f 2172 2219 2173
f 2172 2209 2219
f 2173 2219 2215
f 2174 2220 2175
f 2174 2218 2220
f 2175 2220 2179
f 2176 2221 2177
f 2176 2179 2222
f 2176 2222 2221
f 2177 2223 2178
f 2178 2223 2224
f 2178 2224 2180
f 2179 2220 2218
f 2179 2218 2225
f 2179 2225 2222
f 2181 2203 2226
f 2181 2226 2182
f 2182 2226 2183
f 2183 2226 2227
f 2183 2227 2184
f 2184 2227 2185
f 2185 2227 2228
f 2185 2228 2186
f 2186 2228 2187
f 2187 2228 2229
f 2187 2229 2188
f 2188 2229 2214
f 2188 2214 2189
f 2189 2214 2210
f 2189 2210 2190
f 2191 2230 2192
f 2192 2230 2231
f 2192 2231 2232
f 2192 2232 2233
f 2192 2233 2193
f 2193 2234 2199
f 2193 2233 2234
f 2194 2195 2235
f 2194 2235 2204
f 2195 2197 2236
f 2195 2236 2235
f 2196 2237 2238
f 2196 2238 2197
f 2196 2198 2237
f 2197 2238 2236
f 2198 2200 2239
f 2198 2239 2237
f 2199 2240 2200
f 2199 2234 2240
f 2200 2240 2239
f 2201 2205 2241
f 2201 2241 2242
f 2201 2242 2243
f 2201 2243 2202
f 2202 2243 2203
f 2203 2243 2226
f 2204 2235 2244
f 2204 2244 2205
f 2205 2244 2241
f 2206 2213 2245
f 2206 2245 2246
f 2206 2246 2247
f 2206 2247 2248
f 2206 2248 2207
f 2207 2248 2208
f 2208 2248 2249
f 2208 2249 2219
f 2208 2219 2209
f 2211 2214 2229
f 2211 2229 2250
f 2211 2250 2212
f 2212 2250 2245
f 2212 2245 2213
f 2215 2219 2216
f 2216 2219 2249
f 2216 2249 2251
f 2216 2251 2252
f 2216 2252 2253
f 2216 2253 2254
f 2216 2254 2217
f 2217 2254 2218
f 2218 2254 2255
f 2218 2255 2225
f 2221 2222 2256
f 2222 2225 2257
f 2222 2257 2258
f 2222 2258 2259
f 2222 2259 2256
f 2225 2260 2257
f 2225 2255 2260
f 2226 2261 2227
f 2226 2243 2261
f 2227 2261 2262
f 2227 2262 2228
f 2228 2262 2229
f 2229 2262 2250
f 2232 2263 2233
f 2233 2263 2264
f 2233 2264 2265
f 2233 2265 2234
f 2234 2265 2240
f 2235 2266 2244
f 2235 2236 2267
f 2235 2267 2266
f 2236 2238 2267
f 2237 2268 2238
f 2237 2239 2269
f 2237 2269 2268
f 2238 2270 2267
f 2238 2268 2270
f 2239 2240 2271
f 2239 2271 2269
f 2240 2265 2271
f 2241 2244 2272
f 2241 2272 2242
f 2242 2272 2273
f 2242 2273 2243
f 2243 2273 2274
f 2243 2274 2261
f 2244 2266 2267
f 2244 2267 2275
f 2244 2275 2276
f 2244 2276 2272
f 2245 2250 2262
f 2245 2262 2277
f 2245 2277 2278
f 2245 2278 2246
f 2246 2278 2279
f 2246 2279 2247
f 2247 2279 2280
f 2247 2280 2251
f 2247 2251 2249
f 2247 2249 2248
f 2251 2280 2253
f 2251 2253 2252
f 2253 2281 2282
f 2253 2282 2283
f 2253 2283 2254
f 2253 2280 2281
f 2254 2283 2284
f 2254 2284 2255
f 2255 2284 2260
f 2256 2259 2285
f 2257 2286 2287
f 2257 2287 2288
f 2257 2288 2258
f 2257 2260 2289
f 2257 2289 2286
f 2258 2285 2259
f 2260 2290 2291
f 2260 2291 2289
f 2260 2284 2290
f 2261 2274 2292
f 2261 2292 2262
f 2262 2292 2293
f 2262 2293 2277
f 2263 2294 2264
f 2264 2294 2295
f 2264 2295 2265
f 2265 2295 2296
f 2265 2296 2271
f 2267 2270 2297
f 2267 2297 2282
f 2267 2282 2281
f 2267 2281 2275
f 2268 2297 2270
f 2268 2269 2271
f 2268 2271 2298
f 2268 2298 2291
f 2268 2291 2299
f 2268 2299 2297
f 2271 2296 2300
f 2271 2300 2298
f 2272 2301 2302
f 2272 2302 2273
f 2272 2276 2301
f 2273 2302 2293
f 2273 2293 2292
f 2273 2292 2274
f 2275 2303 2279
f 2275 2279 2276
f 2275 2281 2303
f 2276 2279 2301
f 2277 2293 2302
f 2277 2302 2278
f 2278 2302 2279
f 2279 2303 2280
f 2279 2302 2301
f 2280 2303 2281
f 2282 2297 2283
f 2283 2297 2284
f 2284 2297 2299
f 2284 2299 2291
f 2284 2291 2290
f 2286 2304 2287
f 2286 2289 2304
f 2287 2304 2305
f 2289 2291 2304
f 2291 2298 2300
f 2291 2300 2296
f 2291 2296 2306
f 2291 2306 2304
f 2294 2307 2295
f 2295 2307 2308
f 2295 2308 2309
f 2295 2309 2310
f 2295 2310 2296
f 2296 2310 2306
f 2304 2306 2310
f 2304 2310 2305
f 2305 2310 2311
f 2308 2312 2309
f 2309 2312 2311
f 2309 2311 2310

